k,n,x,y,K,Kprime,Kprime_over_K,S,sqrt_sumR2_all,sqrt_sumR2_sf,c_all,c_sf,SM,sqrt_Diag,sqrt_sumDelta2,c_M,c_M_all,tri_absR,tri_absMDelta
6,173,30275,715,42,1,0.023810,-28.517068589,28.517068589,28.517068589,1.000000000,1.000000000,-6.697732564,6.697732564,6.697732564,1.000000000,1.000000000,28.517069,6.697733
6,173,30275,715,42,2,0.047619,-6.697732564,35.906916123,35.906916123,0.186530432,0.186530432,-6.697732564,6.697732564,8.271030306,1.000000000,0.809782133,50.336405,6.697733
6,173,30275,715,42,3,0.071429,10.268736183,39.713570567,39.713570567,0.258569956,0.258569956,-6.885494854,6.700363884,8.273161246,1.027629987,0.832268905,67.302873,6.885495
6,173,30275,715,42,4,0.095238,10.268736183,43.260089339,39.713570567,0.237372052,0.258569956,-5.418105046,6.859162414,8.402287179,0.789907677,0.644836927,84.457104,8.352885
6,173,30275,715,42,5,0.119048,25.955577412,46.016435297,42.699469258,0.564050154,0.607866511,-1.075234953,8.118413002,8.678338551,0.132443983,0.123898710,100.143946,12.695755
6,173,30275,715,42,6,0.142857,12.440171229,47.960176414,44.787396433,0.259385435,0.277760536,-0.877226383,8.120827363,8.680597180,0.108021799,0.101055995,113.659352,12.893763
6,173,30275,715,42,7,0.166667,25.757568842,49.774808898,46.725410200,0.517482024,0.551253991,1.379687410,8.428611803,8.753638236,0.163690942,0.157613026,126.976749,15.150677
6,173,30275,715,42,8,0.190476,25.757568842,51.245505916,46.725410200,0.502630785,0.551253991,0.306371906,8.496676003,8.770073199,0.036057854,0.034933791,139.165690,16.223993
6,173,30275,715,42,9,0.214286,25.757568842,52.801919785,46.725410200,0.487815006,0.551253991,3.590474404,9.109271778,8.922472539,0.394156030,0.402408008,151.891289,19.508095
6,173,30275,715,42,10,0.238095,14.674021623,53.952643605,48.021963489,0.271979659,0.305568964,5.101940262,9.233816186,9.049588126,0.552527813,0.563775963,162.974836,21.019561
6,173,30275,715,42,11,0.261905,24.246102983,54.795186773,48.966659258,0.442485999,0.495155343,-0.500188606,10.800333755,9.473173028,0.046312329,0.052800535,172.546917,26.621690
6,173,30275,715,42,12,0.285714,24.246102983,56.174791770,48.966659258,0.431618921,0.495155343,-0.713523930,10.802440520,9.473773546,0.066052104,0.075315705,184.920063,26.835025
6,173,30275,715,42,13,0.309524,36.725916440,57.544356581,50.531964763,0.638219256,0.726785840,9.826235334,15.092357222,10.104223497,0.651073599,0.972487924,197.399876,37.374784
6,173,30275,715,42,14,0.333333,27.759356071,58.238751525,51.321327610,0.476647513,0.540893180,7.499543850,15.270649619,10.170973689,0.491108370,0.737347680,206.366437,39.701476
6,173,30275,715,42,15,0.357143,17.629449961,59.113172618,52.311506053,0.298232174,0.337009031,8.126783199,15.283526065,10.190296119,0.531734834,0.797502163,216.496343,40.328715
6,173,30275,715,42,16,0.380952,17.629449961,59.872095775,52.311506053,0.294451860,0.337009031,8.030015598,15.283832404,10.190755564,0.525392806,0.787970583,225.999010,40.425483
6,173,30275,715,42,17,0.404762,27.228884324,60.636762716,53.184986656,0.449049110,0.511965614,10.585835713,15.496055931,10.270567320,0.683130970,1.030696298,235.598444,42.981303
6,173,30275,715,42,18,0.428571,27.228884324,61.205104031,53.184986656,0.444879308,0.511965614,8.368116746,15.653946047,10.330252776,0.534569157,0.810059243,243.919968,45.199022
6,173,30275,715,42,19,0.452381,36.659268113,61.927351774,54.014580846,0.591972159,0.678692078,11.030940696,15.878811613,10.368315695,0.694695609,1.063908644,253.350352,47.861846
6,173,30275,715,42,20,0.476190,36.659268113,62.513805805,54.014580846,0.586418754,0.678692078,4.629542109,17.120588836,10.585606775,0.270407879,0.437343103,261.893128,54.263244
6,173,30275,715,42,21,0.500000,25.982692778,63.418965437,55.059642252,0.409699096,0.471900865,6.560162700,17.229099163,10.629529376,0.380760633,0.617163984,272.569703,56.193865
6,173,30275,715,42,22,0.523810,16.271427739,64.158193910,55.909506111,0.253614180,0.291031506,8.887959535,17.385640514,10.881430644,0.511224164,0.816800642,282.280968,58.521662
6,173,30275,715,42,23,0.547619,23.654895943,64.581649472,56.394933072,0.366278906,0.419450732,6.248648994,17.584835973,10.961159742,0.355343036,0.570071885,289.664437,61.160972
6,173,30275,715,42,24,0.571429,23.654895943,65.165434141,56.394933072,0.362997596,0.419450732,4.294483925,17.693083884,11.004622355,0.242721052,0.390243644,298.367560,63.115138
6,173,30275,715,42,25,0.595238,23.654895943,65.880499354,56.394933072,0.359057630,0.419450732,7.572216865,17.994131003,11.125987438,0.420815924,0.680588299,308.047766,66.392870
6,173,30275,715,42,26,0.619048,15.613556404,66.369445807,56.965354540,0.235252174,0.274088637,8.679392116,18.028160960,11.180940636,0.481435247,0.776266720,316.089106,67.500046
6,173,30275,715,42,27,0.642857,15.613556404,66.730697367,56.965354540,0.233978619,0.274088637,7.390493134,18.074176279,11.254985300,0.408897923,0.656641740,323.023270,68.788945
6,173,30275,715,42,28,0.666667,15.613556404,67.235442592,56.965354540,0.232222111,0.274088637,7.844119664,18.079867953,11.264123185,0.433859345,0.696380849,331.246333,69.242571
6,173,30275,715,42,29,0.690476,23.382993143,67.682855199,57.492745326,0.345478823,0.406712064,5.651768500,18.212304325,11.317335024,0.310326931,0.499390403,339.015770,71.434922
6,173,30275,715,42,30,0.714286,32.248605465,68.261028191,58.172285901,0.472430702,0.554363731,4.999246106,18.223990076,11.319424965,0.274322258,0.441651950,347.881382,72.087445
6,173,30275,715,42,31,0.738095,41.331725251,68.862696975,58.877142525,0.600204858,0.701999511,6.471780076,18.283385097,11.325409653,0.353970561,0.571438939,356.964502,73.559979
6,173,30275,715,42,32,0.761905,41.331725251,69.411973181,58.877142525,0.595455270,0.701999511,7.438921192,18.308946789,11.327990286,0.406299788,0.656684990,365.679488,74.527120
6,173,30275,715,42,33,0.785714,32.858524236,69.927227575,59.483720860,0.469895996,0.552395240,13.339786172,19.236365042,11.497489981,0.693467094,1.160234642,374.152689,80.427985
6,173,30275,715,42,34,0.809524,26.352278215,70.229255966,59.838484980,0.375232200,0.440390131,12.717645906,19.246423007,11.501697288,0.660779715,1.105719059,380.658935,81.050125
6,173,30275,715,42,35,0.833333,19.534962060,70.559366445,60.225576662,0.276858524,0.324363221,12.422377740,19.248687795,11.505486682,0.645362316,1.079691636,387.476251,81.345393
6,173,30275,715,42,36,0.857143,19.534962060,70.916944723,60.225576662,0.275462545,0.324363221,10.696098564,19.325941675,11.634271081,0.553458079,0.919361298,394.588836,83.071672
6,173,30275,715,42,37,0.880952,28.373825557,71.465645990,60.870728533,0.397027483,0.466132511,11.269852738,19.334456690,11.637807441,0.582889549,0.968382816,403.427699,83.645427
6,173,30275,715,42,38,0.904762,19.821839148,71.975516867,61.468545320,0.275396968,0.322471258,13.269737969,19.437611901,11.808391210,0.682683554,1.123754941,411.979686,85.645312
6,173,30275,715,42,39,0.928571,13.269737969,72.273128188,61.816762238,0.183605419,0.214662455,13.269737969,19.437611901,11.849691064,0.682683554,1.119838306,418.531787,85.645312
6,173,30275,715,42,40,0.952381,13.269737969,72.665433943,61.816762238,0.182614171,0.214662455,13.269737969,19.437611901,11.852983055,0.682683554,1.119527288,426.072359,85.645312
6,173,30275,715,42,41,0.976190,21.089647059,73.084993455,62.309413990,0.288563302,0.338466465,14.000469366,19.451342494,11.875486334,0.719768796,1.178938611,433.892268,86.376043
6,173,30275,715,42,42,1.000000,28.178824753,73.428010382,62.711398582,0.383761246,0.449341354,13.521203748,19.457245960,11.877903837,0.694918684,1.138349319,440.981446,86.855309
6,250,63000,715,87,1,0.011494,-33.868362017,33.868362017,33.868362017,1.000000000,1.000000000,-1.856748218,1.856748218,1.856748218,1.000000000,1.000000000,33.868362,1.856748
6,250,63000,715,87,2,0.022989,-1.856748218,46.602675499,46.602675499,0.039842095,0.039842095,-1.856748218,1.856748218,4.156784870,1.000000000,0.446678930,65.879976,1.856748
6,250,63000,715,87,3,0.034483,26.435813750,54.518606240,54.518606240,0.484895260,0.484895260,10.059336163,12.059874831,12.620298231,0.834116133,0.797075947,94.172538,13.772833
6,250,63000,715,87,4,0.045977,26.435813750,56.925103817,54.518606240,0.464396408,0.484895260,6.669762673,12.527162064,13.067560441,0.532424075,0.510406109,110.549015,17.162406
6,250,63000,715,87,5,0.057471,46.201864828,60.259142209,57.991164858,0.766719590,0.796705238,15.734869136,15.463050946,13.831311387,1.017578561,1.137626700,130.315066,26.227513
6,250,63000,715,87,6,0.068966,30.968366982,62.154836307,59.958607874,0.498245492,0.516495764,12.065610706,15.892432224,14.309739065,0.759204792,0.843174753,145.548564,29.896771
6,250,63000,715,87,7,0.080460,49.871123258,64.965666865,62.867709144,0.767653526,0.793270885,14.972209843,16.156042849,14.383348419,0.926725064,1.040940496,164.451321,32.803370
6,250,63000,715,87,8,0.091954,49.871123258,67.268279379,62.867709144,0.741376526,0.793270885,23.301786418,18.176896502,14.974183558,1.281945266,1.556130678,181.900777,41.132947
6,250,63000,715,87,9,0.103448,49.871123258,68.567512902,62.867709144,0.727328747,0.793270885,20.360070228,18.413398942,15.046248594,1.105720367,1.353165881,195.185446,44.074663
6,250,63000,715,87,10,0.114943,35.115596743,70.137218282,64.576113353,0.500669938,0.543786161,20.212324924,18.413991671,15.046973963,1.097661240,1.343281711,209.940972,44.222408
6,250,63000,715,87,11,0.126437,50.018868562,71.703116385,66.273538661,0.697582910,0.754733632,19.013432913,18.452978928,15.058909687,1.030372006,1.262603556,224.844244,45.421300
6,250,63000,715,87,12,0.137931,50.018868562,73.359874313,66.273538661,0.681828711,0.754733632,19.777731831,18.468800290,15.063757804,1.070872581,1.312934799,240.346962,46.185599
6,250,63000,715,87,13,0.149425,65.139436927,74.901954226,67.976565921,0.869662716,0.958263131,22.628524786,18.687525375,15.093700720,1.210889314,1.499203224,255.467530,49.036392
6,250,63000,715,87,14,0.160920,50.969132880,76.230573025,69.437821331,0.668617995,0.734025520,22.247350456,18.691412427,15.094903938,1.190244480,1.473831867,269.637834,49.417566
6,250,63000,715,87,15,0.172414,36.608241668,77.571486128,70.907307293,0.471929100,0.516283061,25.892868407,19.043599965,15.528873946,1.359662483,1.667401545,283.998725,53.063084
6,250,63000,715,87,16,0.183908,36.608241668,78.308075473,70.907307293,0.467489993,0.516283061,25.020638446,19.063564324,15.553350480,1.312484802,1.608697655,294.714099,53.935314
6,250,63000,715,87,17,0.195402,48.195844890,79.160768267,71.847886371,0.608834982,0.670803935,19.086484766,19.965812396,15.833832641,0.955958335,1.205424182,306.301702,59.869468
6,250,63000,715,87,18,0.206897,48.195844890,80.487675730,71.847886371,0.598797822,0.670803935,18.576902224,19.972314313,15.835882505,0.930132679,1.173089167,320.856382,60.379051
6,250,63000,715,87,19,0.218391,63.005316224,81.838782894,73.358293445,0.769871130,0.858871073,19.832640030,20.011751958,15.841413552,0.991049663,1.251948885,335.665853,61.634788
6,250,63000,715,87,20,0.229885,63.005316224,83.094429175,73.358293445,0.758237548,0.858871073,27.865956978,21.563960620,16.066139794,1.292246701,1.734452540,350.056745,69.668105
6,250,63000,715,87,21,0.241379,51.292196475,83.915918241,74.287525140,0.611233215,0.690455044,34.188223821,22.471658943,16.374175167,1.521392965,2.087935635,361.769865,75.990372
6,250,63000,715,87,22,0.252874,42.740210148,84.350564932,74.778157650,0.506697379,0.571560085,32.810016150,22.513882651,16.432074391,1.457323761,1.996705673,370.321851,77.368580
6,250,63000,715,87,23,0.264368,52.670404146,84.933071045,75.434618143,0.620140111,0.698225900,25.691893426,23.612339637,16.813089739,1.088070637,1.528088759,380.252045,84.486703
6,250,63000,715,87,24,0.275862,52.670404146,85.997596288,75.434618143,0.612463678,0.698225900,26.434810993,23.624023994,16.817192637,1.118980026,1.571892025,393.741301,85.229620
6,250,63000,715,87,25,0.287356,52.670404146,86.992316640,75.434618143,0.605460415,0.698225900,35.266811280,25.220997972,17.387323700,1.398311491,2.028305902,406.859097,94.061620
6,250,63000,715,87,26,0.298851,43.968607713,87.426451464,75.934859423,0.502921107,0.579030607,31.843952298,25.452204272,17.721032393,1.251127484,1.796958077,415.560894,97.484479
6,250,63000,715,87,27,0.310345,43.968607713,88.263195526,75.934859423,0.498153363,0.579030607,31.571772745,25.453659541,17.723122489,1.240362813,1.781388847,427.685549,97.756659
6,250,63000,715,87,28,0.321839,43.968607713,89.129530469,75.934859423,0.493311336,0.579030607,33.700150122,25.542489587,17.850463888,1.319376093,1.887914529,440.082384,99.885036
6,250,63000,715,87,29,0.333333,54.237065304,89.719086169,76.626001441,0.604520929,0.707815419,34.482847419,25.554478851,17.854753283,1.349385664,1.931297894,450.350842,100.667734
6,250,63000,715,87,30,0.344828,64.114174246,90.261130638,77.259959733,0.710318758,0.829849957,34.207810561,25.555958887,17.854988654,1.338545375,1.915868513,460.227951,100.942770
6,250,63000,715,87,31,0.356322,74.082962141,90.809957803,77.900437162,0.815802187,0.950995461,23.888260570,27.560844447,18.040411285,0.866746323,1.324152770,470.196739,111.262320
6,250,63000,715,87,32,0.367816,74.082962141,91.672884160,77.900437162,0.808122956,0.950995461,35.065515195,29.741068703,18.255536917,1.179026737,1.920815331,482.745414,122.439575
6,250,63000,715,87,33,0.379310,64.328600405,92.190375111,78.508761822,0.697780005,0.819381161,30.746832820,30.052989619,18.312208043,1.023087327,1.679034705,492.499776,126.758257
6,250,63000,715,87,34,0.390805,53.134677877,92.867481740,79.302771606,0.572155903,0.670022961,34.595329763,30.298401175,18.413030592,1.141820308,1.878850393,503.693698,130.606754
6,250,63000,715,87,35,0.402299,43.865003820,93.328966682,79.842698111,0.470004173,0.549392804,35.278469211,30.306101584,18.425698768,1.164071503,1.914633993,512.963372,131.289894
6,250,63000,715,87,36,0.413793,43.865003820,93.723127340,79.842698111,0.468027530,0.549392804,35.718378620,30.309294177,18.430949389,1.178462897,1.937956524,521.549907,131.729803
6,250,63000,715,87,37,0.425287,52.011629019,94.076522579,80.257236083,0.552865131,0.648061553,35.837610143,30.309528695,18.431045804,1.182387575,1.944415446,529.696532,131.849035
6,250,63000,715,87,38,0.436782,43.924619581,94.423470717,80.663645252,0.465187514,0.544540474,36.513305276,30.317059448,18.443427375,1.204381491,1.979746201,537.783542,132.524730
6,250,63000,715,87,39,0.448276,36.513305276,94.713881781,81.003402676,0.385511655,0.450762611,36.513305276,30.317059448,18.510637668,1.204381491,1.972557938,545.194856,132.524730
6,250,63000,715,87,40,0.459770,36.513305276,95.139322838,81.003402676,0.383787736,0.450762611,36.513305276,30.317059448,18.523625216,1.204381491,1.971174910,554.182144,132.524730
6,250,63000,715,87,41,0.471264,46.194123702,95.630586088,81.579835073,0.483047585,0.566244387,38.427901120,30.377454976,18.622308352,1.265013845,2.063541232,563.862963,134.439326
6,250,63000,715,87,42,0.482759,53.960346284,95.945417862,81.948665051,0.562406705,0.658465226,34.015030642,30.696305913,18.752565820,1.108114792,1.813886749,571.629185,138.852196
6,250,63000,715,87,43,0.494253,63.933004105,96.462309286,82.553241049,0.662777043,0.774445719,30.030044568,30.953890074,18.799552706,0.970154139,1.597380801,581.601843,142.837182
6,250,63000,715,87,44,0.505747,63.933004105,97.122033591,82.553241049,0.658274974,0.774445719,30.848414615,30.964706364,18.801531755,0.996244377,1.640739436,592.902829,143.655552
6,250,63000,715,87,45,0.517241,63.933004105,97.746153515,82.553241049,0.654071816,0.774445719,34.706029691,31.204074002,18.845452033,1.112227515,1.841613012,603.931026,147.513167
6,250,63000,715,87,46,0.528736,54.190679300,98.230460752,83.126112025,0.551668789,0.651909225,38.749114819,31.464913343,18.953566859,1.231502353,2.044423359,613.673351,151.556253
6,250,63000,715,87,47,0.540230,61.911461541,98.533415134,83.483896523,0.628329602,0.741597651,41.432172779,31.579100235,18.974655816,1.312012453,2.183553324,621.394133,154.239311
6,250,63000,715,87,49,0.563218,61.911461541,99.184277802,83.483896523,0.624206406,0.741597651,36.222302519,32.316725193,19.112152113,1.120853128,1.895249803,637.280746,162.431963
6,250,63000,715,87,50,0.574713,61.911461541,99.553236210,83.483896523,0.621893008,0.741597651,37.742895993,32.352479529,19.118872091,1.166615250,1.974117292,645.843799,163.952557
6,250,63000,715,87,51,0.586207,53.855273025,99.878671464,83.871706505,0.539206942,0.642114907,34.494861007,32.515114377,19.187722711,1.060886965,1.797756906,653.899988,167.200592
6,250,63000,715,87,52,0.597701,53.855273025,100.346676087,83.871706505,0.536692147,0.642114907,36.983201338,32.610190134,19.228017637,1.134099531,1.923401675,663.580194,169.688932
6,250,63000,715,87,53,0.609195,62.291308869,100.700655919,84.294898143,0.618578978,0.738968908,37.317489216,32.611903485,19.228340509,1.144290435,1.940754544,672.016229,170.023220
6,250,63000,715,87,54,0.620690,62.291308869,101.044154590,84.294898143,0.616476125,0.738968908,37.250782067,32.611971710,19.228353366,1.142242560,1.937284039,680.340836,170.089927
6,250,63000,715,87,56,0.643678,53.944466601,101.596695544,84.707140364,0.530966744,0.636834939,40.637919546,32.821022525,19.317072199,1.238167382,2.103730789,695.191338,174.075519
6,250,63000,715,87,57,0.655172,47.291193074,101.814314289,84.968027383,0.464484718,0.556576333,38.352612447,32.900488570,19.451784157,1.165715590,1.971675818,701.844612,176.360826
6,250,63000,715,87,58,0.666667,38.352612447,102.205933379,85.436900113,0.375248395,0.448899859,38.352612447,32.900488570,19.527812379,1.165715590,1.963999433,710.783192,176.360826
6,250,63000,715,87,59,0.678161,45.569696801,102.460427114,85.741181515,0.444754117,0.531479693,37.793529947,32.905238510,19.535814023,1.148556633,1.934576665,718.000277,176.919909
6,250,63000,715,87,61,0.701149,53.755160632,103.080598143,86.131016630,0.521486697,0.624109209,36.000865831,32.936847907,19.552339495,1.093027054,1.841256175,733.961907,178.712573
6,250,63000,715,87,62,0.712644,44.878013232,103.462135390,86.587272573,0.433762681,0.518298035,36.314438870,32.938340548,19.554853816,1.102497523,1.857054991,742.839055,179.026146
6,250,63000,715,87,64,0.735632,44.878013232,104.142797583,86.587272573,0.430927671,0.518298035,35.812354932,32.950114982,19.574680253,1.086865856,1.829524389,759.647265,180.166106
6,250,63000,715,87,65,0.747126,35.812354932,104.536636874,87.060564735,0.342581855,0.411349904,35.812354932,32.950114982,19.610448740,1.086865856,1.826187427,768.712923,180.166106
6,250,63000,715,87,66,0.758621,43.694124396,104.833347456,87.416612963,0.416796043,0.499837764,34.855170201,32.964014924,19.633794906,1.057370295,1.775264047,776.594693,181.123291
6,250,63000,715,87,68,0.781609,52.533078592,105.572021180,87.862343090,0.497604176,0.597902090,36.759882354,33.013814958,19.654702413,1.113469691,1.870284351,794.225337,183.028003
6,250,63000,715,87,70,0.804598,52.624003420,106.166336277,88.575564551,0.495675044,0.594114231,40.495224453,33.234929878,19.747801749,1.218453735,2.050619353,810.089458,186.945195
6,250,63000,715,87,71,0.816092,58.688392904,106.339398993,88.782923219,0.551896978,0.661032446,33.804138656,33.901787462,19.873353724,0.997119656,1.700978060,816.153847,193.636281
6,250,63000,715,87,73,0.839080,65.209919875,106.861597374,89.022119551,0.610227823,0.732513674,30.231314248,35.450058302,20.075776335,0.852786023,1.505860284,830.970126,207.848452
6,250,63000,715,87,74,0.850575,56.465268468,107.218794628,89.450582433,0.526635919,0.631245398,35.127515506,35.786581568,20.142006812,0.981583431,1.743992832,839.714777,212.744653
6,250,63000,715,87,76,0.873563,56.465268468,107.704066827,89.450582433,0.524263105,0.631245398,29.948677978,36.078099539,20.199707896,0.830106862,1.482629260,854.155883,217.923491
6,250,63000,715,87,78,0.896552,56.823503397,108.456803099,90.355513528,0.523927516,0.628888058,33.718457636,36.363017341,20.258153960,0.927273370,1.664438808,872.191845,223.126210
6,250,63000,715,87,80,0.919540,64.525185317,108.968269671,90.683155709,0.592146553,0.711545433,37.715710386,36.472703632,20.270474079,1.034080466,1.860623005,887.096981,227.123463
6,250,63000,715,87,81,0.931034,64.525185317,109.174198151,90.683155709,0.591029624,0.711545433,35.129549795,36.564276786,20.280782370,0.960761511,1.732159497,893.799350,229.709623
6,250,63000,715,87,83,0.954023,64.169335965,109.644493182,91.248803130,0.585249054,0.703234824,33.630201024,36.669809858,20.294052633,0.917108683,1.657145649,908.141319,233.344068
6,250,63000,715,87,85,0.977011,56.895292438,110.150426767,91.538274955,0.516523577,0.621546478,33.162892902,36.747873660,20.307244135,0.902443859,1.633057281,923.050146,236.697298
6,250,63000,715,87,87,1.000000,41.287599047,110.702029979,92.201294493,0.372961535,0.447798475,33.958788545,36.752207107,20.311706117,0.923993175,1.671882625,938.657839,237.493194
6,327,107583,715,150,1,0.006667,-47.306630433,47.306630433,47.306630433,1.000000000,1.000000000,-13.621424165,13.621424165,13.621424165,1.000000000,1.000000000,47.306630,13.621424
6,327,107583,715,150,2,0.013333,-13.621424165,58.074180186,58.074180186,0.234552156,0.234552156,-13.621424165,13.621424165,14.016810595,1.000000000,0.971791983,80.991837,13.621424
6,327,107583,715,150,3,0.020000,16.758062367,65.540244172,65.540244172,0.255691180,0.255691180,-5.322396048,15.950456545,16.289409043,0.333682991,0.326739665,111.371323,21.920452
6,327,107583,715,150,4,0.026667,16.758062367,69.159744432,65.540244172,0.242309489,0.255691180,-10.318544781,16.714621329,17.038378712,0.617336437,0.605606024,133.451782,26.916601
6,327,107583,715,150,5,0.033333,43.834669515,74.271211816,70.913089489,0.590197311,0.618146379,1.013872903,20.194114408,17.955842274,0.050206356,0.056464792,160.528389,38.249019
6,327,107583,715,150,6,0.040000,22.424271209,77.295653566,74.074769095,0.290110377,0.302724821,3.519856328,20.349010041,18.129871061,0.172974328,0.194146793,181.938787,40.755002
6,327,107583,715,150,7,0.046667,41.328686090,79.573833402,76.448991612,0.519375331,0.540604725,0.997041557,20.504799536,18.173700044,0.048624789,0.054861781,200.843202,43.277817
6,327,107583,715,150,8,0.053333,41.328686090,82.089313250,76.448991612,0.503460005,0.540604725,-2.767566659,20.847519734,18.270917931,0.132752802,0.151473871,221.009024,47.042425
6,327,107583,715,150,9,0.060000,41.328686090,84.998677793,76.448991612,0.486227400,0.540604725,9.206134289,24.041393334,19.226773537,0.382928483,0.478818470,243.057151,59.016126
6,327,107583,715,150,10,0.066667,25.267410190,86.502831226,78.117942254,0.292099228,0.323452071,9.091259749,24.041667779,19.227116705,0.378145969,0.472835313,259.118427,59.131001
6,327,107583,715,150,11,0.073333,41.443560630,88.002316181,79.775188781,0.470937157,0.519504388,5.327793017,24.334450301,19.318978681,0.218940348,0.275780263,275.294577,62.894467
6,327,107583,715,150,12,0.080000,41.443560630,89.835932793,79.775188781,0.461324988,0.519504388,5.620219701,24.336207281,19.319531972,0.230940657,0.290908688,293.352461,63.186894
6,327,107583,715,150,13,0.086667,59.355231095,91.604163440,81.761290865,0.647953421,0.725957607,10.963345572,24.915857980,19.401454225,0.440014772,0.565078547,311.264131,68.530020
6,327,107583,715,150,14,0.093333,43.224602587,93.013547054,83.337301732,0.464712980,0.518670532,9.854682883,24.940511459,19.409371687,0.395127538,0.507728073,327.394760,69.638683
6,327,107583,715,150,15,0.100000,26.539642735,94.498189511,84.991139216,0.280848161,0.312263643,11.612525113,25.002382310,19.488810087,0.464456745,0.595856035,344.079720,71.396525
6,327,107583,715,150,16,0.106667,26.539642735,95.669883774,84.991139216,0.277408540,0.312263643,12.584307719,25.021260612,19.513023344,0.502944592,0.644918396,359.006837,72.368307
6,327,107583,715,150,17,0.113333,40.494977751,96.682356388,86.129234994,0.418845581,0.470165302,9.277861613,25.238781041,19.582932020,0.367603396,0.473772855,372.962172,75.674754
6,327,107583,715,150,18,0.120000,40.494977751,97.934187707,86.129234994,0.413491741,0.470165302,11.722116400,25.356861989,19.621030092,0.462285767,0.597426147,388.570730,78.119008
6,327,107583,715,150,19,0.126667,54.881408426,98.985223692,87.322474245,0.554440414,0.628491221,-3.741294359,29.699958286,20.286778588,0.125969684,0.184420328,402.957161,93.582419
6,327,107583,715,150,20,0.133333,54.881408426,100.895596130,87.322474245,0.543942556,0.628491221,16.914947858,36.176896837,21.423405715,0.467562155,0.789554569,422.498062,114.238661
6,327,107583,715,150,21,0.140000,42.225921570,101.686197028,88.234776907,0.415257162,0.478563250,9.620179517,36.905033666,21.731675584,0.260673913,0.442680063,435.153549,121.533430
6,327,107583,715,150,22,0.146667,25.923050544,102.984786594,89.728253407,0.251717282,0.288906220,12.759372626,37.038305081,21.957237009,0.344491266,0.581101011,451.456420,124.672623
6,327,107583,715,150,23,0.153333,39.086728461,103.822679055,90.688708646,0.376475822,0.430998843,11.026825288,37.078804775,21.974318809,0.297388909,0.501805102,464.620098,126.405170
6,327,107583,715,150,24,0.160000,39.086728461,104.766350646,90.688708646,0.373084757,0.430998843,17.709042007,37.676116889,22.226868700,0.470033631,0.796740299,478.650049,133.087387
6,327,107583,715,150,25,0.166667,39.086728461,105.310206519,90.688708646,0.371158027,0.430998843,15.481379037,37.741916567,22.254759329,0.410190590,0.695643516,489.338893,135.315050
6,327,107583,715,150,26,0.173333,27.284053749,105.969536790,91.453512815,0.257470728,0.298337952,13.895173852,37.775234123,22.311216006,0.367838193,0.622788729,501.141567,136.901255
6,327,107583,715,150,27,0.180000,27.284053749,106.812006967,91.453512815,0.255439950,0.298337952,14.061535835,37.775600450,22.311836231,0.372238579,0.630227637,514.530447,137.067617
6,327,107583,715,150,28,0.186667,27.284053749,107.627319080,91.453512815,0.253504909,0.298337952,16.209712800,37.836631108,22.415010601,0.428413216,0.723163289,527.752965,139.215794
6,327,107583,715,150,29,0.193333,38.358394698,108.195567561,92.121582887,0.354528338,0.416388793,14.203354370,37.889789228,22.437447912,0.374859683,0.633020049,538.827306,141.222152
6,327,107583,715,150,30,0.200000,50.435914862,108.867567866,92.909916193,0.463277685,0.542847491,11.806398726,37.965530737,22.451669118,0.310976786,0.525858397,550.904826,143.619108
6,327,107583,715,150,31,0.206667,63.312420241,109.626418914,93.797957961,0.577528855,0.674987192,13.395212701,37.998761216,22.455182404,0.352517089,0.596531013,563.781332,145.207922
6,327,107583,715,150,32,0.213333,63.312420241,110.334422097,93.797957961,0.573822920,0.674987192,11.242179080,38.059708456,22.461632596,0.295382690,0.500505875,576.260633,147.360956
6,327,107583,715,150,33,0.220000,50.294859951,111.099692058,94.696957679,0.452700264,0.531113788,4.909568934,38.582941295,22.560600862,0.127247140,0.217616940,589.278194,153.693566
6,327,107583,715,150,34,0.226667,35.166429612,112.124979286,95.897774730,0.313635997,0.366707462,11.532138565,39.147181093,22.802309497,0.294584137,0.505744322,604.406624,160.316135
6,327,107583,715,150,35,0.233333,23.349284088,112.745979566,96.623124181,0.207096379,0.241653168,12.135346400,39.151828146,22.810286672,0.309956060,0.532012007,616.223770,160.919343
6,327,107583,715,150,36,0.240000,23.349284088,113.302287297,96.623124181,0.206079547,0.241653168,13.274702098,39.168402809,22.838723902,0.338913541,0.581236594,627.437707,162.058699
6,327,107583,715,150,37,0.246667,33.423866079,113.749309927,97.146926502,0.293837968,0.344054797,12.366144786,39.178938921,22.843241420,0.315632458,0.541348076,637.512289,162.967256
6,327,107583,715,150,38,0.253333,22.895005432,114.235556704,97.715823873,0.200419257,0.234301923,13.565460449,39.197290889,22.874702985,0.346081582,0.593033293,648.041150,164.166572
6,327,107583,715,150,39,0.260000,13.565460449,114.615892550,98.160188696,0.118355842,0.138197172,13.565460449,39.197290889,22.987699750,0.346081582,0.590118220,657.370695,164.166572
6,327,107583,715,150,41,0.273333,26.800665456,115.959790430,99.048439142,0.231120334,0.270581401,15.453345460,39.242728280,23.122558654,0.393788764,0.668323333,682.211912,166.054457
6,327,107583,715,150,42,0.280000,38.147985452,116.513667300,99.696313711,0.327412108,0.382641885,14.766615989,39.248736543,23.125107957,0.376231627,0.638553386,693.559232,166.741186
6,327,107583,715,150,43,0.286667,49.838670183,117.098705275,100.379415604,0.425612479,0.496502892,21.268798297,39.783686292,23.226455072,0.534611050,0.915714354,705.249917,173.243369
6,327,107583,715,150,44,0.293333,49.838670183,117.485317557,100.379415604,0.424211903,0.496502892,21.448543144,39.784092339,23.226532351,0.539123601,0.923450079,714.773207,173.423113
6,327,107583,715,150,45,0.300000,49.838670183,117.865836105,100.379415604,0.422842376,0.496502892,11.530712619,41.001675155,23.460628029,0.281225403,0.491492069,724.236583,183.340944
6,327,107583,715,150,46,0.306667,37.069350995,118.555517937,101.188352045,0.312675037,0.366340100,14.181598166,41.087279780,23.498039622,0.345157875,0.603522608,737.005902,185.991830
6,327,107583,715,150,47,0.313333,48.513227410,119.106562123,101.833417388,0.407309442,0.476397912,11.821635344,41.154999505,23.511203521,0.287246640,0.502808601,748.449779,188.351792
6,327,107583,715,150,48,0.320000,48.513227410,119.732865253,101.833417388,0.405178873,0.476397912,11.733620693,41.155093619,23.511221826,0.285107375,0.499064693,760.680309,188.439807
6,327,107583,715,150,50,0.333333,48.513227410,120.735878309,101.833417388,0.401812850,0.476397912,15.353333934,42.206900491,23.717501002,0.363763597,0.647341975,782.473746,201.177904
6,327,107583,715,150,51,0.340000,37.459929585,121.240783996,102.431539526,0.308971357,0.365706986,14.080447626,42.226090141,23.726038726,0.333453739,0.593459692,793.527043,202.450790
6,327,107583,715,150,52,0.346667,37.459929585,121.803028485,102.431539526,0.307545141,0.365706986,18.310165069,42.437403293,23.820107915,0.431462899,0.768685227,805.216784,206.680508
6,327,107583,715,150,53,0.353333,47.034811842,122.178787514,102.878076673,0.384967086,0.457189844,8.903674876,43.467404523,24.025588043,0.204835669,0.370591340,814.791667,216.086998
6,327,107583,715,150,55,0.366667,36.068891245,123.326644594,103.460862526,0.292466331,0.348623531,15.384502191,43.799082280,24.096909555,0.351251702,0.638442957,838.467966,222.567825
6,327,107583,715,150,56,0.373333,36.068891245,123.759533994,103.460862526,0.291443334,0.348623531,16.389102657,43.810601806,24.102144212,0.374089877,0.679985254,848.810161,223.572426
6,327,107583,715,150,58,0.386667,14.769278191,124.677868639,104.557633620,0.118459502,0.141254901,14.769278191,43.840536743,24.249726260,0.336886345,0.609049275,870.109774,225.192250
6,327,107583,715,150,59,0.393333,24.104841404,125.026891783,104.973575193,0.192797254,0.229627707,15.769298453,43.851940692,24.270337126,0.359603206,0.649735452,879.445337,226.192270
6,327,107583,715,150,61,0.406667,32.431419982,125.580798118,105.303292444,0.258251424,0.307981063,15.278143028,43.854793383,24.271626945,0.348380231,0.629465139,896.107459,226.701355
6,327,107583,715,150,62,0.413333,23.854781505,125.873331502,105.651985912,0.189514182,0.225786400,15.036206016,43.855460734,24.272832716,0.342858239,0.619466471,904.684097,226.943292
6,327,107583,715,150,64,0.426667,23.854781505,126.447174041,105.651985912,0.188654129,0.225786400,15.037598936,43.864538782,24.289230834,0.342819037,0.619105604,921.689550,228.205294
6,327,107583,715,150,65,0.433333,15.037598936,126.754213071,106.019266342,0.118635890,0.141838361,15.037598936,43.864538782,24.405221183,0.342819037,0.616163190,930.506733,228.205294
6,327,107583,715,150,67,0.446667,30.535243658,127.240488268,106.600169601,0.239980560,0.286446483,12.659585869,43.943147991,24.545359750,0.288090099,0.515762898,946.004377,231.060122
6,327,107583,715,150,69,0.460000,21.722780824,127.858070302,106.963805374,0.169897612,0.203085340,12.041962399,43.952442064,24.561035063,0.273977095,0.490287252,963.754669,232.179209
6,327,107583,715,150,70,0.466667,31.403599250,128.224039816,107.400995831,0.244911947,0.292395792,13.771786887,43.986469012,24.576259206,0.313091439,0.560369533,973.435488,233.909034
6,327,107583,715,150,72,0.480000,40.219505431,128.772111130,107.762210943,0.312330869,0.373224575,10.010405323,44.522291068,24.683232264,0.224840301,0.405554881,990.196960,242.892458
6,327,107583,715,150,74,0.493333,40.963654246,129.501433850,108.632678655,0.316318152,0.377084085,8.822249440,44.815618632,24.733437924,0.196856581,0.356693213,1009.592211,250.033804
6,327,107583,715,150,76,0.506667,40.963654246,130.505751793,108.632678655,0.313883899,0.377084085,6.121617160,45.030744249,24.776814472,0.135943060,0.247070388,1032.403299,255.634080
6,327,107583,715,150,78,0.520000,39.475958045,131.412247577,109.720036611,0.300397861,0.359788050,10.573586243,45.153085900,24.826317257,0.234171952,0.425902325,1054.143627,260.086049
6,327,107583,715,150,80,0.533333,49.110081978,132.024582856,110.142193449,0.371976801,0.445878917,24.897387627,46.339764254,24.962608339,0.537279117,0.997387264,1072.053941,274.409851
6,327,107583,715,150,82,0.546667,42.422948978,132.332343501,110.345006800,0.320578839,0.384457351,16.635249595,46.761038694,25.043504353,0.355750216,0.664254066,1084.794248,282.671989
6,327,107583,715,150,84,0.560000,51.018848773,132.941253069,110.679311612,0.383769880,0.460961024,13.965849064,46.862865474,25.055397604,0.298015261,0.557398820,1102.751672,286.127584
6,327,107583,715,150,86,0.573333,33.594109640,133.513274519,111.365738556,0.251616251,0.301655698,17.200803389,46.979335847,25.079634413,0.366135516,0.685847453,1120.176411,289.503194
6,327,107583,715,150,88,0.586667,25.397456514,134.082617396,111.666972945,0.189416473,0.227439285,16.139907037,46.990679147,25.100876326,0.343470393,0.643001735,1137.601753,290.564091
6,327,107583,715,150,91,0.606667,26.066727522,134.939164973,112.378706150,0.193173920,0.231954330,17.317349405,47.021638383,25.115753912,0.368284688,0.689501476,1163.871903,292.719557
6,327,107583,715,150,93,0.620000,18.159147075,135.453533323,112.656572931,0.134061819,0.161190303,18.159147075,47.029172856,25.131615310,0.386125164,0.722561875,1180.528862,293.561355
6,327,107583,715,150,95,0.633333,3.454710487,135.857365957,113.141803149,0.025428952,0.030534342,17.038200869,47.063706455,25.191097254,0.362024204,0.676358028,1195.233298,295.850942
6,327,107583,715,150,98,0.653333,9.678645598,136.324917075,113.312863295,0.070996893,0.085415242,18.617226224,47.140824948,25.315786922,0.394927884,0.735399863,1214.760043,299.701208
6,327,107583,715,150,100,0.666667,9.678645598,136.815960452,113.312863295,0.070742080,0.085415242,16.608854575,47.169113560,25.368424561,0.352112926,0.654705795,1231.062440,301.709580
6,327,107583,715,150,103,0.686667,31.873176970,137.416493531,114.037233604,0.231945789,0.279497985,16.925898890,47.180660464,25.381953039,0.358746544,0.666847774,1253.256972,303.151238
6,327,107583,715,150,105,0.700000,39.905133023,137.853764159,114.319740055,0.289474381,0.349065988,14.140411727,47.223369894,25.394186545,0.299436736,0.556836570,1268.762567,305.936725
6,327,107583,715,150,108,0.720000,40.604029690,138.724142005,115.017441092,0.292696203,0.353024979,14.564477345,47.261613266,25.407431327,0.308167164,0.573236907,1295.622291,309.156377
6,327,107583,715,150,111,0.740000,48.591850194,139.542220103,116.002824843,0.348223284,0.418885060,13.568167608,47.420123290,25.420585798,0.286126789,0.533747244,1321.741428,315.080370
6,327,107583,715,150,114,0.760000,65.459130064,140.324619828,116.614565830,0.466483573,0.561328935,10.809309096,47.711978238,25.436639774,0.226553362,0.424950355,1347.364629,322.296290
6,327,107583,715,150,117,0.780000,56.350826569,141.117559612,116.969731796,0.399318318,0.481755628,18.385049678,48.085652558,25.464770323,0.382339611,0.721979796,1373.177366,329.872031
6,327,107583,715,150,120,0.800000,40.192311767,141.773723975,117.528462710,0.283496198,0.341979388,21.115357013,48.470143921,25.531243067,0.435636359,0.827039912,1396.725183,340.379970
6,327,107583,715,150,123,0.820000,24.865176415,142.331140952,118.029096976,0.174699481,0.210669886,17.752172189,48.582221368,25.583650107,0.365404703,0.693887390,1418.411304,345.811388
6,327,107583,715,150,126,0.840000,24.865176415,142.910812151,118.029096976,0.173990869,0.210669886,16.713639719,48.591911161,25.602045817,0.343959299,0.652824381,1440.643015,346.920623
6,327,107583,715,150,129,0.860000,25.944367801,143.494092924,118.521446800,0.180804431,0.218900195,18.764690623,48.636503937,25.623374317,0.385814956,0.732327069,1462.979481,349.186338
6,327,107583,715,150,132,0.880000,41.410089425,144.156780041,119.027474343,0.287257314,0.347903622,13.370627797,48.772069376,25.665240828,0.274145181,0.520962491,1486.836640,354.580400
6,327,107583,715,150,136,0.906667,23.613863494,145.168718240,119.692499999,0.162664958,0.197287746,15.710396261,48.810990219,25.692219214,0.321861863,0.611484595,1520.987938,357.325428
6,327,107583,715,150,139,0.926667,44.621271149,145.680076545,120.312187674,0.306296319,0.370879061,15.225635627,49.173025026,25.754054393,0.309633902,0.591193736,1541.995346,366.822948
6,327,107583,715,150,143,0.953333,24.397048672,146.332131585,120.877723643,0.166723797,0.201832463,17.215569276,49.269058906,25.767565738,0.349419487,0.668110036,1569.568477,370.856633
6,327,107583,715,150,146,0.973333,9.606007603,146.881187842,121.329473065,0.065399850,0.079172911,17.365179658,49.269741040,25.770015276,0.352451206,0.673852129,1591.540998,371.191372
6,327,107583,715,150,150,1.000000,16.999107163,147.686216320,121.554510223,0.115102869,0.139847605,16.999107163,49.274076944,25.781216150,0.344990880,0.659360174,1622.326884,372.040220
6,404,164024,715,229,1,0.004367,-46.219701452,46.219701452,46.219701452,1.000000000,1.000000000,-13.034936986,13.034936986,13.034936986,1.000000000,1.000000000,46.219701,13.034937
6,404,164024,715,229,2,0.008734,-13.034936986,56.898940192,56.898940192,0.229089276,0.229089276,-13.034936986,13.034936986,13.120729212,1.000000000,0.993461322,79.404466,13.034937
6,404,164024,715,229,3,0.013100,18.651844559,65.127118158,65.127118158,0.286391369,0.286391369,-17.137625877,13.665344429,13.747203032,1.254093958,1.246626375,111.091247,17.137626
6,404,164024,715,229,4,0.017467,18.651844559,74.313038652,65.127118158,0.250990202,0.286391369,-9.008389538,15.900506968,15.970913395,0.566547315,0.564049739,146.880718,25.266862
6,404,164024,715,229,5,0.021834,46.312078656,79.293860191,70.757544261,0.584056301,0.654517891,-4.448721062,16.541363258,16.132814969,0.268945249,0.275756033,174.540952,29.826531
6,404,164024,715,229,6,0.026201,20.931678797,83.256717213,75.171768417,0.251411291,0.278451329,-1.367248013,16.825937555,16.424469397,0.081258355,0.083244577,199.921352,32.908004
6,404,164024,715,229,7,0.030568,43.230605607,86.191200815,78.409418463,0.501566345,0.551344551,-7.357990059,17.860603710,16.695371890,0.411967601,0.440720345,222.220279,38.898746
6,404,164024,715,229,8,0.034934,43.230605607,89.826079736,78.409418463,0.481270091,0.551344551,4.424391699,21.396861564,17.704281192,0.206777601,0.249905187,247.514576,50.681128
6,404,164024,715,229,9,0.039301,43.230605607,91.897797363,78.409418463,0.470420476,0.551344551,1.836453446,21.552798175,17.751504968,0.085207194,0.103453394,266.917683,53.269066
6,404,164024,715,229,10,0.043668,22.533529526,94.199650310,81.095042154,0.239210331,0.277865686,2.213285658,21.556092218,17.755504249,0.102675644,0.124653495,287.614760,53.645898
6,404,164024,715,229,11,0.048035,42.853773395,96.366417539,83.602142155,0.444696135,0.512591810,-3.932393764,22.415050463,18.019441585,0.175435419,0.218230612,307.935003,59.791577
6,404,164024,715,229,12,0.052402,42.853773395,99.165128895,83.602142155,0.432145593,0.512591810,5.720787430,24.405294393,18.654657644,0.234407639,0.306668047,331.328087,69.444759
6,404,164024,715,229,13,0.056769,61.420266377,100.888242379,85.638967968,0.608795088,0.717199983,-12.914468942,30.706533091,19.661691592,0.420577240,0.656834072,349.894580,88.080015
6,404,164024,715,229,14,0.061135,36.642021271,103.886471116,89.151524188,0.352712157,0.411008355,-1.364462004,32.806917483,20.492261499,0.041590680,0.066584257,374.672825,99.630022
6,404,164024,715,229,15,0.065502,17.638779634,105.610236595,91.154360608,0.167017708,0.193504507,1.332429214,32.917579756,20.668962325,0.040477739,0.064465221,393.676067,102.326913
6,404,164024,715,229,16,0.069869,17.638779634,106.861682270,91.154360608,0.165061781,0.193504507,1.839656189,32.921487454,20.675185193,0.055880105,0.088978946,409.982417,102.834140
6,404,164024,715,229,17,0.074236,33.437903078,108.023291189,92.513403134,0.309543458,0.361438472,-2.952802856,33.268483583,20.813582073,0.088756761,0.141869038,425.781541,107.626599
6,404,164024,715,229,18,0.078603,33.437903078,109.544978474,92.513403134,0.305243595,0.361438472,-7.348128432,33.557575699,20.929283801,0.218970777,0.351093162,443.976894,112.021925
6,404,164024,715,229,19,0.082969,53.830918832,111.427004808,94.734391068,0.483104782,0.568229956,-5.282589302,33.621084734,20.940605785,0.157121323,0.252265353,464.369909,114.087464
6,404,164024,715,229,20,0.087336,53.830918832,113.155843099,94.734391068,0.475723722,0.568229956,2.228201775,34.449808727,21.089736099,0.064679656,0.105653374,484.074412,121.598255
6,404,164024,715,229,21,0.091703,36.630013147,114.455738099,96.283311157,0.320036494,0.380439899,-6.353990269,35.502723017,21.521860370,0.178971913,0.295234248,501.275318,130.180447
6,404,164024,715,229,22,0.096070,15.138011439,116.456095252,98.652836476,0.129989001,0.153447300,1.072730479,36.271194117,22.767227650,0.029575273,0.047117308,522.767319,137.607168
6,404,164024,715,229,23,0.100437,29.203292399,117.302405132,99.650460477,0.248957320,0.293057275,0.183261637,36.282098582,22.771570951,0.005051021,0.008047826,536.832600,138.496637
6,404,164024,715,229,24,0.104803,29.203292399,118.196424633,99.650460477,0.247074245,0.293057275,-3.609959813,36.479846579,22.850417410,0.098957648,0.157982226,551.342616,142.289858
6,404,164024,715,229,25,0.109170,29.203292399,119.329678523,99.650460477,0.244727823,0.293057275,-0.136553700,36.644832603,22.916319803,0.003726411,0.005958797,567.749242,145.763264
6,404,164024,715,229,26,0.113537,14.533369349,120.228028423,100.724480220,0.120881707,0.144288353,-1.334820758,36.664418725,22.947626397,0.036406434,0.058168141,582.419165,146.961531
6,404,164024,715,229,27,0.117904,14.533369349,121.270681848,100.724480220,0.119842398,0.144288353,1.510571954,36.774663290,23.123360849,0.041076432,0.065326661,598.287355,149.806924
6,404,164024,715,229,28,0.122271,14.533369349,121.967911878,100.724480220,0.119157319,0.144288353,-1.158697442,36.871409781,23.276915948,0.031425363,0.049778821,611.310152,152.476193
6,404,164024,715,229,29,0.126638,30.225436141,122.973218581,101.939501057,0.245788770,0.296503670,-3.325311776,36.935011532,23.302110859,0.090031426,0.142704315,627.002219,154.642808
6,404,164024,715,229,30,0.131004,47.000810099,124.112149524,103.310575679,0.378696286,0.454946745,-1.859940757,36.964068893,23.307229795,0.050317533,0.079801022,643.777593,156.108179
6,404,164024,715,229,31,0.135371,63.287727051,125.176233061,104.586513045,0.505589004,0.605123215,11.729196892,39.382826856,23.553524197,0.297825165,0.497980548,660.064510,169.697316
6,404,164024,715,229,32,0.139738,63.287727051,125.838118034,104.586513045,0.502929701,0.605123215,4.442823865,40.051195775,23.623858789,0.110928620,0.188065121,672.954143,176.983689
6,404,164024,715,229,33,0.144105,48.576501255,126.695114802,105.616091934,0.383412583,0.459934659,7.994479908,40.208364101,23.653504785,0.198826291,0.337982890,687.665368,180.535345
6,404,164024,715,229,34,0.148472,35.049160806,127.415230857,106.478860884,0.275078266,0.329165437,8.591973688,40.212803216,23.655391316,0.213662640,0.363214185,701.192709,181.132839
6,404,164024,715,229,35,0.152838,21.820567247,128.100104379,107.297453384,0.170339965,0.203365192,7.997873616,40.217191565,23.662850488,0.198867034,0.337992822,714.421302,181.726939
6,404,164024,715,229,36,0.157205,21.820567247,128.843717740,107.297453384,0.169356858,0.203365192,7.622326448,40.218944952,23.665830407,0.189520796,0.322081512,728.243996,182.102486
6,404,164024,715,229,37,0.161572,36.018808046,129.623661586,108.232774816,0.277872169,0.332790212,11.534261138,40.408746158,23.746522632,0.285439719,0.485724218,742.442237,186.014421
6,404,164024,715,229,38,0.165939,23.776534592,130.200487335,108.922939750,0.182614790,0.218287669,9.816369805,40.445245910,23.808580129,0.242707631,0.412303873,754.684510,187.732312
6,404,164024,715,229,39,0.170306,9.816369805,130.946756749,109.813901691,0.074964589,0.089390957,9.816369805,40.445245910,23.950437202,0.242707631,0.409861821,768.644675,187.732312
6,404,164024,715,229,40,0.174672,9.816369805,131.438354948,109.813901691,0.074684211,0.089390957,9.816369805,40.445245910,24.132796075,0.242707631,0.406764710,780.001966,187.732312
6,404,164024,715,229,41,0.179039,24.134809480,132.215955414,110.743445492,0.182540824,0.217934428,10.286927014,40.447983149,24.137383257,0.254324844,0.426182362,794.320405,188.202870
6,404,164024,715,229,42,0.183406,37.982691946,132.939169227,111.605889487,0.285714829,0.340328742,12.325456757,40.499320295,24.158894250,0.304337373,0.510182984,808.168288,190.241399
6,404,164024,715,229,43,0.187773,50.811309541,133.556715085,112.340767300,0.380447434,0.452296266,17.019694744,40.770464979,24.209514688,0.417451573,0.703016767,820.996905,194.935637
6,404,164024,715,229,44,0.192140,50.811309541,134.030858192,112.340767300,0.379101576,0.452296266,17.340676307,40.771728486,24.209751116,0.425311287,0.716268260,832.260777,195.256619
6,404,164024,715,229,46,0.200873,38.300443390,135.075048179,113.035258965,0.283549359,0.338836251,7.887510293,41.326728049,24.396958729,0.190857362,0.323298915,855.928521,204.709785
6,404,164024,715,229,47,0.205240,53.506909939,135.928309286,114.053524252,0.393640664,0.469138593,13.400414770,41.692811934,24.466068277,0.321408275,0.547714272,871.134987,210.222689
6,404,164024,715,229,48,0.209607,53.506909939,136.584153279,114.053524252,0.391750497,0.469138593,15.242750994,41.733496975,24.473774343,0.365240205,0.622819790,884.503819,212.065026
6,404,164024,715,229,50,0.218341,53.506909939,137.941451665,114.053524252,0.387895801,0.469138593,9.785402426,42.057320937,24.535290117,0.232668230,0.398829701,911.747510,217.522374
6,404,164024,715,229,51,0.222707,38.933074101,138.709195003,114.980881390,0.280681278,0.338604763,9.158215718,42.061997189,24.537294103,0.217731357,0.373236579,926.321346,218.149561
6,404,164024,715,229,52,0.227074,38.933074101,139.505829005,114.980881390,0.279078476,0.338604763,16.070882814,42.626242785,24.779528718,0.377018516,0.648554821,941.208775,225.062228
6,404,164024,715,229,54,0.235808,50.364169745,140.431248560,115.547708904,0.358639336,0.435873374,18.971975702,42.706551719,24.794888311,0.444240402,0.765156732,963.970771,227.963321
6,404,164024,715,229,55,0.240175,39.900105064,140.820567467,116.020557155,0.283340039,0.343905477,20.236224212,42.725260491,24.802944733,0.473636064,0.815879906,974.434836,229.227569
6,404,164024,715,229,57,0.248908,29.589781154,141.539401064,116.477776686,0.209056849,0.254037998,19.438380830,42.736267312,24.808066730,0.454845078,0.783550812,994.577100,230.343260
6,404,164024,715,229,58,0.253275,19.438380830,141.902970307,116.919302898,0.136983608,0.166254676,19.438380830,42.736267312,24.808109868,0.454845078,0.783549449,1004.728500,230.343260
6,404,164024,715,229,60,0.262009,29.543517382,142.557685162,117.355175322,0.207239037,0.251744478,17.064139707,42.874205039,25.044984113,0.398004807,0.681339610,1024.005705,234.583638
6,404,164024,715,229,62,0.270742,26.994484481,143.889824485,118.969849822,0.187605236,0.226901896,13.301140362,43.196876451,25.209744156,0.307919032,0.527619014,1051.513493,241.016770
6,404,164024,715,229,63,0.275109,26.994484481,144.539922732,118.969849822,0.186761443,0.226901896,15.519749141,43.253813243,25.307181299,0.358806495,0.613254750,1065.206837,243.235379
6,404,164024,715,229,65,0.283843,14.493673772,145.532570523,119.624811118,0.099590585,0.121159429,14.493673772,43.265981911,25.488469223,0.334990058,0.568636494,1089.182383,244.261455
6,404,164024,715,229,67,0.292576,33.046434098,146.123589001,120.343132810,0.226154000,0.274601744,14.466797779,43.279006752,25.501989230,0.334268248,0.567281150,1107.735144,245.762703
6,404,164024,715,229,69,0.301310,22.254799523,146.815746297,120.826027790,0.151583192,0.184188787,10.840994268,43.387571169,25.553747349,0.249864050,0.424242837,1127.816596,249.388507
6,404,164024,715,229,71,0.310044,44.825504342,147.680786560,121.875675792,0.303529697,0.367796971,8.761044699,43.468067935,25.569660044,0.201551279,0.342634383,1150.387301,252.496079
6,404,164024,715,229,73,0.318777,56.704056632,148.644646262,122.453176170,0.381473925,0.463067259,8.753654742,43.472371293,25.570292069,0.201361336,0.342336909,1174.287340,253.361074
6,404,164024,715,229,75,0.327511,44.716456160,149.539015615,123.038542414,0.299028691,0.363434541,16.379709884,43.834148904,25.638824883,0.373674642,0.638863519,1197.364745,260.987130
6,404,164024,715,229,77,0.336245,33.921261087,150.225405471,123.511210649,0.225802427,0.274641151,13.644178912,44.040327937,25.682717751,0.309811020,0.531259154,1217.605522,266.349276
6,404,164024,715,229,79,0.344978,55.797175209,151.023933170,124.481223874,0.369459158,0.448237682,10.474681431,44.330621255,25.735650368,0.236285464,0.407010559,1239.481436,272.772771
6,404,164024,715,229,81,0.353712,55.797175209,151.841425739,124.481223874,0.367470043,0.448237682,12.744523216,44.365640204,25.739421672,0.287261114,0.495136347,1261.730262,275.042612
6,404,164024,715,229,83,0.362445,57.637150247,152.743259546,125.579695266,0.377346604,0.458968706,15.884944978,45.538787995,25.895770632,0.348822305,0.613418508,1285.096563,289.222884
6,404,164024,715,229,86,0.375546,36.747534992,153.816348702,126.452650187,0.238905261,0.290603122,17.598094696,46.059351880,25.984096956,0.382074301,0.677264048,1316.424230,298.972290
6,404,164024,715,229,88,0.384279,27.172814844,154.554168938,126.814620629,0.175814182,0.214271940,16.308446801,46.113105078,26.079261088,0.353661866,0.625341598,1337.654281,301.843864
6,404,164024,715,229,90,0.393013,38.037182887,155.271098436,127.279151860,0.244972717,0.298848494,20.964223769,46.252266971,26.140797499,0.453258297,0.801973382,1358.721021,306.499641
6,404,164024,715,229,93,0.406114,21.174124751,156.040597114,127.836559295,0.135696256,0.165634345,21.174124751,46.297011826,26.223855275,0.457354026,0.807437523,1385.450717,309.369858
6,404,164024,715,229,96,0.419214,4.021686976,156.767379988,128.410958837,0.025653851,0.031318877,23.087406611,46.328075113,26.240007429,0.498345907,0.879855186,1411.556088,312.109682
6,404,164024,715,229,98,0.427948,13.554546794,157.223926560,128.764318682,0.086211731,0.105266326,22.506648292,46.416017129,26.394963390,0.484889693,0.852687233,1428.332997,316.106546
6,404,164024,715,229,101,0.441048,20.183744317,157.764323380,128.934851865,0.127936050,0.156542192,20.183744317,46.466535207,26.547142477,0.434371623,0.760298188,1450.706369,318.429450
6,404,164024,715,229,104,0.454148,37.941935915,158.534954314,129.546201237,0.239328520,0.292883431,19.500990294,46.474089916,26.560207567,0.419609945,0.734218294,1477.723491,319.409332
6,404,164024,715,229,107,0.467249,46.118591445,159.390796684,130.592161263,0.289342876,0.353149768,18.442063065,46.610590616,26.598152673,0.395662505,0.693358794,1506.258851,324.643529
6,404,164024,715,229,110,0.480349,62.966737551,160.101501386,131.134538688,0.393292611,0.480168979,9.877164417,47.846469317,26.696100568,0.206434551,0.369985286,1532.332506,338.683018
6,404,164024,715,229,113,0.493450,62.399675175,161.068267996,131.947061274,0.387411350,0.472914475,6.079490340,48.338574713,26.735972248,0.125768920,0.227389911,1562.836743,348.740251
6,404,164024,715,229,116,0.506550,61.051015655,162.394500637,133.026259139,0.375942630,0.458939581,5.219862471,49.279769824,26.789681224,0.105923029,0.194846009,1598.672918,364.064537
6,404,164024,715,229,119,0.519651,40.415931534,163.431267250,133.824908711,0.247296201,0.302006046,9.435366892,49.428915312,26.804958384,0.190887598,0.352000804,1630.474233,370.313292
6,404,164024,715,229,122,0.532751,32.139741526,164.258957262,134.080578431,0.195665077,0.239704675,18.643213624,49.759369842,26.896927032,0.374667398,0.693135450,1658.879658,379.521139
6,404,164024,715,229,126,0.550218,25.391477575,164.818105815,134.250290796,0.154057574,0.189135364,17.493404143,49.771765369,26.919851870,0.351472447,0.649832853,1685.966287,381.730308
6,404,164024,715,229,129,0.563319,23.186575915,165.589045899,134.861374190,0.140024817,0.171928961,14.483452441,49.909092345,27.010559616,0.290196671,0.536214453,1713.468622,387.539963
6,404,164024,715,229,133,0.580786,32.556415356,166.408604814,135.628369654,0.195641418,0.240041338,15.536376125,49.954352297,27.026105949,0.311011462,0.574865508,1746.427991,391.532119
6,404,164024,715,229,136,0.593886,24.046395741,167.115728571,135.895088538,0.143890680,0.176948233,15.339856115,49.958754792,27.034242541,0.307050409,0.567423189,1773.016422,392.520990
6,404,164024,715,229,140,0.611354,50.494528869,168.005212126,136.751742311,0.300553347,0.369242307,18.895808127,50.291038207,27.079842831,0.375729132,0.697781307,1807.497028,401.294073
6,404,164024,715,229,144,0.628821,26.198295648,168.757587591,137.470875279,0.155242179,0.190573426,19.840932018,50.348057445,27.141632427,0.394075423,0.731014690,1839.287896,405.699149
6,404,164024,715,229,148,0.646288,13.621983790,169.288148189,137.758240913,0.080466258,0.098883259,20.561515526,50.355608708,27.155990305,0.408326223,0.757163163,1866.024882,406.703264
6,404,164024,715,229,152,0.663755,29.500096152,169.993178927,138.222242291,0.173536940,0.213425102,22.566160304,50.375555869,27.266341473,0.447958537,0.827619662,1896.779233,408.707909
6,404,164024,715,229,156,0.681223,28.504769902,170.600373269,138.622617812,0.167085038,0.205628564,20.591455219,50.434685379,27.321094678,0.408279641,0.753683389,1925.488819,412.701325
6,404,164024,715,229,161,0.703057,11.161017509,171.602549969,139.614925660,0.065039928,0.079941435,20.460268635,50.435600325,27.340015927,0.405671163,0.748363450,1966.835416,413.115875
6,404,164024,715,229,165,0.720524,29.287411780,172.545068996,140.203003780,0.169737750,0.208892898,20.462532077,50.435942708,27.354743108,0.405713287,0.748043292,2002.824636,413.378683
6,404,164024,715,229,170,0.742358,38.755163885,173.736611488,141.074961046,0.223068492,0.274713270,21.534595520,50.457438969,27.365631511,0.426787327,0.786921198,2048.236343,415.218466
6,404,164024,715,229,174,0.759825,54.893035802,174.495318078,141.535747452,0.314581711,0.387838668,21.290507308,50.503521364,27.382542061,0.421564808,0.777521213,2080.720499,418.959692
6,404,164024,715,229,179,0.781659,46.368502827,175.509016131,142.281228676,0.264194421,0.325893326,23.589036692,50.615721299,27.405039088,0.466041698,0.860755448,2122.822206,425.455308
6,404,164024,715,229,184,0.803493,55.962852829,176.364490263,142.979165876,0.317313609,0.391405646,28.294632505,51.071499963,27.465068249,0.554020002,1.030204340,2161.441799,439.865356
6,404,164024,715,229,189,0.825328,48.635874099,177.126181565,143.527165732,0.274583202,0.338861803,29.071293185,51.188737760,27.486930770,0.567923619,1.057640572,2198.093596,447.070237
6,404,164024,715,229,194,0.847162,63.532332929,177.980056870,144.347499073,0.356963213,0.440134629,27.226910238,51.701139025,27.532833428,0.526621091,0.988888787,2236.888918,461.971878
6,404,164024,715,229,200,0.873362,85.450033313,178.972280142,144.902241368,0.477448425,0.589708154,17.125176921,53.414396273,27.588607385,0.320609763,0.620733649,2282.790472,488.752317
6,404,164024,715,229,205,0.895197,51.468572448,179.992923374,145.898917246,0.285947756,0.352768707,17.260626810,54.422803520,27.646542012,0.317157987,0.624332215,2325.520699,508.931505
6,404,164024,715,229,211,0.921397,34.562375120,180.959343198,146.690163079,0.190995251,0.235614811,22.360127725,54.519394309,27.679140001,0.410131624,0.807833181,2371.137961,516.431162
6,404,164024,715,229,217,0.947598,7.029715092,181.720808280,147.336504721,0.038684150,0.047711971,20.903383934,54.543605657,27.705952093,0.383241696,0.754472680,2411.764804,519.776718
6,404,164024,715,229,223,0.973799,0.520313647,182.598463380,148.258119331,0.002849496,0.003509512,24.252713182,54.720662378,27.729766757,0.443209423,0.874609347,2455.524137,530.389261
6,404,164024,715,229,229,1.000000,7.545618942,183.516972071,148.837815158,0.041116736,0.050696921,22.203239947,54.847788112,27.754981743,0.404815594,0.799973142,2500.398996,538.969271
6,482,233288,715,325,1,0.003077,-50.681803410,50.681803410,50.681803410,1.000000000,1.000000000,0.935106195,0.935106195,0.935106195,1.000000000,1.000000000,50.681803,0.935106
6,482,233288,715,325,2,0.006154,0.935106195,72.339135701,72.339135701,0.012926698,0.012926698,0.935106195,0.935106195,18.953594015,1.000000000,0.049336616,102.298713,0.935106
6,482,233288,715,325,3,0.009231,33.621503327,79.381050078,79.381050078,0.423545711,0.423545711,9.532995459,8.648590833,20.812554525,1.102259969,0.458040624,134.985110,9.532995
6,482,233288,715,325,4,0.012308,33.621503327,82.955453846,79.381050078,0.405295876,0.423545711,-0.927157145,13.572505881,23.293286981,0.068311420,0.039803620,159.073618,19.993148
6,482,233288,715,325,5,0.015385,68.170163798,89.862212654,86.573443109,0.758607670,0.787425813,7.720765454,16.093460819,23.691219042,0.479745503,0.325891439,193.622278,28.641071
6,482,233288,715,325,6,0.018462,37.945464626,94.809016993,91.697837989,0.400230546,0.413809807,8.122915172,16.098484573,23.694631967,0.504576386,0.342816685,223.846978,29.043220
6,482,233288,715,325,7,0.021538,67.768014080,99.388802987,96.425504654,0.681847573,0.702801757,17.056353961,18.411070967,24.111971430,0.926418349,0.707381145,253.669527,37.976659
6,482,233288,715,325,8,0.024615,67.768014080,102.572180815,96.425504654,0.660686100,0.702801757,15.134036319,18.511154455,24.131120830,0.817563073,0.627158449,279.025357,39.898977
6,482,233288,715,325,9,0.027692,67.768014080,105.894457744,96.425504654,0.639958082,0.702801757,27.846854486,22.456148045,24.954256730,1.240054814,1.115916005,305.342346,52.611795
6,482,233288,715,325,10,0.030769,47.807434283,107.759273043,98.469806000,0.443650304,0.485503488,22.625492957,23.055177319,25.494657188,0.981362782,0.887460176,325.302926,57.833157
6,482,233288,715,325,11,0.033846,72.989375609,110.662509892,101.638737018,0.659567325,0.718125567,17.106623027,23.706520760,25.643557212,0.721599901,0.667092435,350.484867,63.352026
6,482,233288,715,325,12,0.036923,72.989375609,114.135496690,101.638737018,0.639497595,0.718125567,29.105682021,26.570219105,26.336028187,1.095424991,1.105165966,378.426243,75.351085
6,482,233288,715,325,13,0.040000,94.931222403,116.225454378,103.980178416,0.816785126,0.912974221,36.226971941,27.507986357,26.442789809,1.316961971,1.370013232,400.368090,82.472375
6,482,233288,715,325,14,0.043077,75.363138916,117.861215575,105.805422331,0.639422719,0.712280498,37.611264293,27.542795405,26.451846802,1.365557262,1.421876687,419.936174,83.856668
6,482,233288,715,325,15,0.046154,56.487201604,119.363173325,107.475989896,0.473238102,0.525579729,32.650909557,27.985901769,26.912921030,1.166691351,1.213205713,438.812111,88.817022
6,482,233288,715,325,16,0.049231,56.487201604,121.719907841,107.475989896,0.464075291,0.525579729,37.424698893,28.390134950,27.333027329,1.318228989,1.369211630,462.648403,93.590812
6,482,233288,715,325,17,0.052308,75.549704316,123.203550981,109.153412286,0.613210445,0.692142396,37.872222326,28.393661963,27.333943226,1.333826626,1.385538194,481.710906,94.038335
6,482,233288,715,325,18,0.055385,75.549704316,124.635521167,109.153412286,0.606165109,0.692142396,32.320728790,28.931282726,27.474519512,1.117155057,1.176389228,500.549647,99.589829
6,482,233288,715,325,19,0.058462,97.164192079,126.495846643,111.272878524,0.768121600,0.873206422,24.484578627,29.973727989,27.598406256,0.816867980,0.887173643,522.164135,107.425979
6,482,233288,715,325,20,0.061538,97.164192079,128.794892572,111.272878524,0.754410289,0.873206422,38.070936171,32.909170163,27.967515605,1.156848866,1.361255562,546.390672,121.012336
6,482,233288,715,325,21,0.064615,77.466440110,130.292462503,113.002897873,0.594558109,0.685526138,42.547099509,33.212189315,28.056923187,1.281068800,1.516456356,566.088424,125.488500
6,482,233288,715,325,22,0.067692,60.006769809,131.457087569,114.343758092,0.456474207,0.524792702,44.510000393,33.270144258,28.125502992,1.337836111,1.582549489,583.548095,127.451401
6,482,233288,715,325,23,0.070769,75.503539226,132.367351468,115.389102072,0.570409080,0.654338563,42.215988515,33.349137762,28.148881704,1.265879460,1.499739455,599.044864,129.745413
6,482,233288,715,325,24,0.073846,75.503539226,133.409636056,115.389102072,0.565952666,0.654338563,39.135254427,33.491131841,28.190996290,1.168525884,1.388218211,615.688639,132.826147
6,482,233288,715,325,25,0.076923,75.503539226,134.643210105,115.389102072,0.560767522,0.654338563,41.849559177,33.600942878,28.223644952,1.245487644,1.482783646,633.872782,135.540451
6,482,233288,715,325,26,0.080000,58.676549202,135.690609921,116.609572807,0.432428959,0.503188098,37.400891189,33.894158924,28.572097950,1.103461256,1.309000524,650.699772,139.989119
6,482,233288,715,325,27,0.083077,58.676549202,137.348444638,116.609572807,0.427209419,0.503188098,41.559459314,34.148319109,28.873144445,1.217027965,1.439381131,671.975430,144.147688
6,482,233288,715,325,28,0.086154,58.676549202,138.410946138,116.609572807,0.423929977,0.503188098,39.411890224,34.215782192,28.952901808,1.151862904,1.361241456,689.092520,146.295257
6,482,233288,715,325,29,0.089231,77.941208180,139.745186308,118.190183838,0.557738053,0.659455850,47.127852362,35.075002818,29.208809306,1.343630751,1.613480778,708.357179,154.011219
6,482,233288,715,325,30,0.092308,93.347886088,140.591901689,119.190122409,0.663963464,0.783184749,35.332762436,37.005134361,29.472237437,0.954807030,1.198849002,723.763857,165.806309
6,482,233288,715,325,31,0.095385,112.686260639,141.915663514,120.748739166,0.794036809,0.933229294,44.829869597,38.204384742,29.567718374,1.173422106,1.516176156,743.102231,175.303416
6,482,233288,715,325,32,0.098462,112.686260639,142.925981415,120.748739166,0.788423907,0.933229294,60.391341363,41.252083790,29.822557445,1.463958564,2.025022216,760.066329,190.864888
6,482,233288,715,325,33,0.101538,99.612530820,143.522676170,121.454437636,0.694054302,0.820163781,52.910913218,41.924828232,29.926616169,1.262042457,1.768021915,773.140059,198.345316
6,482,233288,715,325,34,0.104615,84.045324953,144.364457099,122.448022933,0.582174634,0.686375516,51.359495504,41.953523323,29.936667810,1.224199815,1.715604951,788.707265,199.896733
6,482,233288,715,325,35,0.107692,67.702410228,145.286569700,123.533838205,0.465992214,0.548047492,53.404681263,42.003343962,30.006447047,1.271438800,1.779773566,805.050179,201.941919
6,482,233288,715,325,36,0.110769,67.702410228,145.988398131,123.533838205,0.463751991,0.548047492,53.375370337,42.003354189,30.006461363,1.270740667,1.778795896,819.347908,201.971230
6,482,233288,715,325,37,0.113846,82.029450119,146.689728545,124.361864146,0.559203776,0.659602931,51.379858916,42.050729232,30.023045148,1.221854171,1.711347355,833.674948,203.966742
6,482,233288,715,325,38,0.116923,66.704654518,147.488053147,125.302524372,0.452271578,0.532348848,51.521114485,42.050966482,30.023377443,1.225206429,1.716033267,848.999744,204.107997
6,482,233288,715,325,39,0.120000,51.521114485,148.267547727,126.219105138,0.347487466,0.408187924,51.521114485,42.050966482,30.023795471,1.225206429,1.716009374,864.183284,204.107997
6,482,233288,715,325,40,0.123077,51.521114485,149.026908700,126.219105138,0.345716857,0.408187924,51.521114485,42.050966482,30.028213600,1.225206429,1.715756894,879.208390,204.107997
6,482,233288,715,325,41,0.126154,66.031130587,149.731626866,127.050395785,0.440996548,0.519723927,50.156385603,42.073106220,30.059209852,1.192124616,1.668586295,893.718406,205.472726
6,482,233288,715,325,42,0.129231,81.905875572,150.570805976,128.038316912,0.543969165,0.639698159,48.119579301,42.122379407,30.076456604,1.142375620,1.599908524,909.593151,207.509532
6,482,233288,715,325,44,0.135385,98.799023707,152.418839166,129.147934755,0.648207428,0.765006610,54.422604262,42.469696119,30.130677277,1.281445577,1.806219082,943.056045,213.812557
6,482,233288,715,325,45,0.138462,98.799023707,153.134940275,129.147934755,0.645176232,0.765006610,55.107241271,42.475214140,30.131541514,1.297397609,1.828888882,957.848184,214.497194
6,482,233288,715,325,46,0.141538,84.235096228,153.825933823,129.966522748,0.547600097,0.648129183,52.457677060,42.557772577,30.160650551,1.232622712,1.739275384,972.412112,217.146758
6,482,233288,715,325,48,0.147692,100.123805812,155.550971223,130.934136601,0.643672007,0.764688327,58.197469857,43.456245687,30.302667388,1.339219920,1.920539506,1005.070903,228.174784
6,482,233288,715,325,49,0.150769,100.123805812,156.177519894,130.934136601,0.641089741,0.764688327,61.893566722,43.613145051,30.327702755,1.419149356,2.040826080,1019.046348,231.870881
6,482,233288,715,325,51,0.156923,86.164911084,157.317078024,131.676113511,0.547714922,0.654370096,59.153563761,43.774702974,30.355433772,1.351318450,1.948697693,1045.748656,236.423768
6,482,233288,715,325,52,0.160000,86.164911084,157.895744904,131.676113511,0.545707620,0.654370096,59.393637815,43.775361289,30.355671107,1.356782356,1.956591162,1059.254330,236.663842
6,482,233288,715,325,54,0.166154,99.550547718,158.971832330,132.354728429,0.626215011,0.752149537,62.733283605,43.841444979,30.366265927,1.430912773,2.065887316,1085.360106,240.003488
6,482,233288,715,325,55,0.169231,87.278126347,159.444836231,132.922482913,0.547387601,0.656609209,64.950977252,43.897499507,30.386504367,1.479605399,2.137494213,1097.632527,242.221181
6,482,233288,715,325,57,0.175385,74.882632532,160.315094312,133.499193746,0.467096582,0.560921983,63.912566316,43.989689782,30.444853695,1.452898773,2.099289652,1121.191596,246.110448
6,482,233288,715,325,58,0.178462,63.912566316,160.689986674,133.949158577,0.397738326,0.477140484,63.912566316,43.989689782,30.445521396,1.452898773,2.099243612,1132.161662,246.110448
6,482,233288,715,325,60,0.184615,74.680997847,161.557602916,134.381308972,0.462256164,0.555739473,62.639927421,44.042592833,30.521909334,1.422257942,2.052293870,1155.721814,248.884388
6,482,233288,715,325,62,0.190769,74.204449136,162.488575677,135.499130503,0.456674870,0.547637825,62.981941173,44.071937682,30.553090859,1.429071298,2.061393443,1180.280504,251.132596
6,482,233288,715,325,64,0.196923,74.204449136,163.265714608,135.499130503,0.454501114,0.547637825,61.760414283,44.087374610,30.575353963,1.400863962,2.019941105,1202.781826,252.354123
6,482,233288,715,325,66,0.203077,75.479026500,164.312957162,136.759163099,0.459361378,0.551912024,61.253406105,44.090289830,30.606108455,1.389272022,2.001345783,1228.944473,252.861131
6,482,233288,715,325,68,0.209231,89.704646896,165.605262969,137.497043485,0.541677512,0.652411460,64.067861823,44.323804594,30.690314007,1.445450417,2.087559671,1258.136288,258.637880
6,482,233288,715,325,70,0.215385,89.792220604,166.601255322,138.695032785,0.538964850,0.647407617,59.579155297,44.541860008,30.769230337,1.337599177,1.936322574,1283.860646,263.126587
6,482,233288,715,325,72,0.221538,104.898753258,167.915816765,139.515301842,0.624710377,0.751879915,62.981402409,44.606785890,30.779679216,1.411924243,2.046200741,1313.511453,266.528834
6,482,233288,715,325,74,0.227692,104.232033136,169.130884811,140.975367086,0.616280304,0.739363445,66.968449148,45.179114052,30.866690538,1.482287791,2.169602506,1342.123074,275.849642
6,482,233288,715,325,76,0.233846,104.232033136,169.963707896,140.975367086,0.613260527,0.739363445,70.232856511,45.299974090,30.886366228,1.550395070,2.273911278,1365.863267,279.198411
6,482,233288,715,325,78,0.240000,104.362827786,170.726448340,141.894017796,0.611286821,0.735498433,71.851794993,45.339744885,30.893003377,1.584741934,2.325827441,1388.660180,281.340528
6,482,233288,715,325,81,0.249231,115.199838717,171.647597375,142.307248909,0.671141574,0.809514902,78.544073051,45.505624578,30.908243161,1.726029997,2.541201473,1419.387068,288.032806
6,482,233288,715,325,83,0.255385,114.921475206,172.121552984,142.878565254,0.667676263,0.804329712,76.014233511,45.637506492,30.920941992,1.665608824,2.458341454,1437.436588,292.232827
6,482,233288,715,325,85,0.261538,105.359669841,172.661136231,143.198158267,0.610210683,0.735761347,73.808769654,45.732139952,30.936131199,1.613936495,2.385843568,1456.725204,295.758331
6,482,233288,715,325,88,0.270769,81.249934540,174.143540167,144.225803786,0.466568754,0.563352274,68.268804493,46.194959788,31.164213897,1.477840977,2.190615323,1495.624620,304.915399
6,482,233288,715,325,90,0.276923,94.231064586,175.132006642,144.808812628,0.538057357,0.650727417,71.026775890,46.322991942,31.211689252,1.533294222,2.275646644,1521.900013,308.925902
6,482,233288,715,325,93,0.286154,71.043763292,176.379947452,145.734065440,0.402788210,0.487489065,71.043763292,46.367651163,31.373886047,1.532183786,2.264423450,1558.119601,311.803175
6,482,233288,715,325,96,0.295385,52.105770027,177.148505886,146.348785550,0.294136097,0.356038281,70.887482456,46.376205934,31.382434386,1.528531302,2.258826756,1586.657494,313.302312
6,482,233288,715,325,99,0.304615,61.496626241,178.094571339,146.649770585,0.345303205,0.419343488,74.492327535,46.449859449,31.491175812,1.603714810,2.365498449,1618.314516,317.084925
6,482,233288,715,325,102,0.313846,83.709732619,179.257602489,147.488571321,0.466980097,0.567567588,70.499846475,46.535588525,31.617883090,1.514966259,2.229745941,1653.523324,321.077406
6,482,233288,715,325,105,0.323077,108.556183346,180.486047670,148.535481948,0.601465791,0.730843445,69.827277981,46.819535368,31.690560401,1.491413305,2.203409378,1689.859536,328.630472
6,482,233288,715,325,108,0.332308,105.955961854,181.500314643,149.451437216,0.583778392,0.708965827,75.657105560,47.157007252,31.805214050,1.604366137,2.378764232,1722.784672,336.821491
6,482,233288,715,325,111,0.341538,116.537723590,182.358335897,150.492293961,0.639058933,0.774376684,70.446722926,47.631425177,31.847314866,1.478996748,2.212014521,1753.382092,346.853303
6,482,233288,715,325,114,0.350769,138.509456634,183.381513976,151.292345368,0.755307630,0.915508688,75.848076301,47.736319739,31.853409450,1.588896604,2.381160372,1786.876575,352.254657
6,482,233288,715,325,118,0.363077,115.330986981,184.782302821,152.186134785,0.624145198,0.757828479,69.356397145,48.900968234,31.932683772,1.418303147,2.171956408,1832.106889,371.013668
6,482,233288,715,325,121,0.372308,103.837339522,185.830876096,152.619538568,0.558773341,0.680367275,73.383009191,49.017863601,31.952591433,1.497066657,2.296621523,1866.250245,375.040280
6,482,233288,715,325,125,0.384615,83.653178485,186.986395243,153.285455210,0.447375748,0.545734612,72.592168376,49.130708624,32.124778438,1.477531475,2.259693978,1907.532364,380.268315
6,482,233288,715,325,128,0.393846,93.719353282,187.860784109,153.615619824,0.498876621,0.610089999,75.046034678,49.172027153,32.152124250,1.526193631,2.334092581,1938.861920,383.266968
6,482,233288,715,325,132,0.406154,102.451148351,188.735924915,154.430584085,0.542828020,0.663412296,78.084798978,49.331263097,32.200636079,1.582866403,2.424945855,1975.128664,390.827389
6,482,233288,715,325,136,0.418462,85.082170290,189.542670099,154.920232785,0.448881353,0.549199861,76.935545091,49.392580619,32.235683805,1.557633639,2.386657766,2010.028680,394.687627
6,482,233288,715,325,140,0.430769,110.679207285,190.303062907,155.628432730,0.581594461,0.711176006,75.950196733,49.754142914,32.310409484,1.526510001,2.350641727,2043.926404,405.364823
6,482,233288,715,325,144,0.443077,88.358913507,190.876907474,156.168841233,0.462910441,0.565790927,79.895476807,50.021949929,32.387925994,1.597208364,2.466829053,2073.334727,413.085359
6,482,233288,715,325,148,0.455385,70.922692827,191.680172604,156.655186907,0.370005368,0.452731213,80.551069067,50.031045559,32.405975219,1.610021701,2.485685696,2108.374801,414.725042
6,482,233288,715,325,153,0.470769,90.321874614,192.835886329,157.254640170,0.468387271,0.574366992,81.642527461,50.035013905,32.417996887,1.631707900,2.518432207,2155.494852,415.816500
6,482,233288,715,325,157,0.483077,100.265195741,193.628742607,158.019327949,0.517821860,0.634512227,79.303435590,50.088559770,32.470972532,1.583264441,2.442287046,2190.420067,419.808714
6,482,233288,715,325,162,0.498462,68.898614203,195.016500553,159.053889717,0.353296331,0.433177801,80.199600715,50.094999314,32.487798534,1.600950231,2.468606810,2242.337796,420.904140
6,482,233288,715,325,167,0.513846,91.778876239,196.821042221,160.731501981,0.466306220,0.571007395,81.408154640,50.107295971,32.578929897,1.624676668,2.498797686,2301.716346,422.112694
6,482,233288,715,325,171,0.526154,101.936544917,197.877775772,161.052146717,0.515149033,0.632941237,82.054464486,50.108458998,32.579638330,1.637537177,2.518581196,2342.559180,422.759004
6,482,233288,715,325,177,0.544615,110.826796433,198.847483004,161.660453435,0.557345734,0.685552923,91.183331601,50.697436972,32.667258305,1.798578726,2.791275924,2390.098478,440.095505
6,482,233288,715,325,182,0.560000,129.831684232,199.700798022,162.481691108,0.650131024,0.799054240,77.218536454,51.382857570,32.757738904,1.502807358,2.357260881,2430.794909,454.060301
6,482,233288,715,325,187,0.575385,110.587519814,200.774576369,163.521401292,0.550804399,0.676287745,87.312463467,51.725546723,32.797868910,1.687994985,2.662138315,2477.026899,464.416593
6,482,233288,715,325,193,0.593846,137.864963064,201.907890651,164.278182888,0.682811170,0.839216508,87.394210178,52.074938612,32.825625041,1.678239332,2.662377642,2529.221921,474.483935
6,482,233288,715,325,198,0.609231,146.889541890,202.847324638,164.954962942,0.724138424,0.890482707,89.671574148,52.445203626,32.838017619,1.709814586,2.730724345,2572.811340,484.089403
6,482,233288,715,325,204,0.627692,130.050343095,203.856749045,165.790133291,0.637949657,0.784427520,93.998226200,53.713304585,32.897144569,1.749998942,2.857336934,2622.385980,508.713641
6,482,233288,715,325,210,0.646154,102.751892799,204.540336895,166.352913354,0.502355156,0.617674141,96.098619271,53.832125277,32.920031563,1.785153731,2.919153315,2663.264583,515.721288
6,482,233288,715,325,216,0.664615,84.873669691,205.417757454,167.091458512,0.413175914,0.507947387,92.237486310,53.863059246,32.964377675,1.712444254,2.798095788,2709.468788,519.582421
6,482,233288,715,325,223,0.686154,72.414900260,206.383715931,168.077037357,0.350875068,0.430843507,94.859764095,54.296359577,33.017893003,1.747074110,2.872980541,2762.094596,535.131397
6,482,233288,715,325,229,0.704615,81.860081882,207.353177860,168.738134530,0.394785760,0.485130893,99.036562746,54.504145415,33.057797356,1.817046428,2.995860906,2811.041736,545.081104
6,482,233288,715,325,236,0.726154,99.617480544,208.660059901,169.621314590,0.477415182,0.587293412,99.617480544,54.508631276,33.080702057,1.827554246,3.011347231,2872.705065,546.214058
6,482,233288,715,325,243,0.747692,118.040233879,209.953052116,170.518337815,0.562222043,0.692243634,101.693749977,54.546247943,33.106655823,1.864358298,3.071701066,2934.213100,550.799185
6,482,233288,715,325,250,0.769231,108.369505236,211.181029210,171.164266331,0.513159282,0.633131597,100.138737196,54.596946652,33.130325681,1.834145375,3.022570263,2994.315749,556.735185
6,482,233288,715,325,258,0.793846,124.379182205,212.464591188,172.361783865,0.585411346,0.721616935,100.446613364,54.655127851,33.159029047,1.837825970,3.029238679,3060.215307,562.592011
6,482,233288,715,325,265,0.815385,107.927269909,213.296665992,172.962004643,0.505996047,0.623994097,100.337331479,54.780443331,33.215102670,1.831626861,3.020834603,3109.755180,570.355302
6,482,233288,715,325,273,0.840000,129.897616938,214.347074643,173.796446784,0.606015348,0.747412386,94.919011311,54.899094008,33.242944439,1.728972272,2.855312997,3169.583788,579.320824
6,482,233288,715,325,281,0.864615,128.224597477,215.419524781,174.439041266,0.595232013,0.735068231,99.505888762,55.078879411,33.270070703,1.806606994,2.990852940,3230.073530,591.661644
6,482,233288,715,325,289,0.889231,152.423791421,216.694595968,175.362399218,0.703403750,0.869193123,91.182429848,55.989891196,33.304856016,1.628551653,2.737811862,3296.288582,619.688457
6,482,233288,715,325,298,0.916923,146.317868387,218.020817059,176.308435761,0.671118797,0.829897150,103.399884845,56.920363225,33.334609552,1.816571065,3.101877785,3368.206962,649.415705
6,482,233288,715,325,307,0.944615,119.559369719,218.971413251,177.092596365,0.546004467,0.675123479,106.176506768,57.074011736,33.364189226,1.860330184,3.182349376,3429.297603,660.475239
6,482,233288,715,325,316,0.972308,126.345987932,220.040860095,177.828724604,0.574193302,0.710492572,104.249502853,57.229229797,33.398000997,1.821612893,3.121429419,3494.227985,672.082527
6,482,233288,715,325,325,1.000000,125.317941010,221.188451577,178.788414211,0.566566383,0.700928757,103.331509504,57.459946158,33.422415161,1.798322421,3.091682902,3561.683655,685.753455
6,559,313599,715,437,1,0.002288,-80.039666038,80.039666038,80.039666038,1.000000000,1.000000000,-38.636774287,38.636774287,38.636774287,1.000000000,1.000000000,80.039666,38.636774
6,559,313599,715,437,2,0.004577,-38.636774287,90.114080946,90.114080946,0.428754018,0.428754018,-38.636774287,38.636774287,38.706947871,1.000000000,0.998187055,121.442558,38.636774
6,559,313599,715,437,3,0.006865,5.095814062,100.165297726,100.165297726,0.050874047,0.050874047,-34.134938140,38.898160059,38.967862941,0.877546344,0.875976653,165.175146,43.138610
6,559,313599,715,437,4,0.009153,5.095814062,107.573875950,100.165297726,0.047370368,0.050874047,-29.339591175,39.192629517,39.261809621,0.748599712,0.747280664,204.405898,47.933957
6,559,313599,715,437,5,0.011442,39.531219299,112.951033287,105.919233392,0.349985460,0.373220406,-23.470790638,39.629597881,39.371314426,0.592254070,0.596139372,238.841304,53.802758
6,559,313599,715,437,6,0.013730,8.030214331,117.261456731,110.504286416,0.068481277,0.072668804,-18.365284019,39.957117339,39.700964692,0.459624849,0.462590372,270.342309,58.908265
6,559,313599,715,437,7,0.016018,34.425712680,120.195555524,113.613025879,0.286414190,0.303008501,-24.180668415,40.378087148,39.807301735,0.598856214,0.607443041,296.737807,64.723649
6,559,313599,715,437,8,0.018307,34.425712680,123.715999548,113.613025879,0.278264031,0.303008501,-12.121113137,42.140512518,40.261389566,0.287635636,0.301060477,326.040997,76.783204
6,559,313599,715,437,9,0.020595,34.425712680,125.886060755,113.613025879,0.273467233,0.303008501,-20.365612376,42.939429001,40.471872106,0.474286986,0.503204110,349.314410,85.027703
6,559,313599,715,437,10,0.022883,7.030050152,128.832537109,116.869337188,0.054567350,0.060153076,-23.835693350,43.079415327,40.620363042,0.553296584,0.586791736,376.710073,88.497784
6,559,313599,715,437,11,0.025172,37.895793654,132.478363289,120.876532448,0.286052701,0.313508279,-14.638997020,44.050144702,40.879807968,0.332325742,0.358098478,407.575816,97.694481
6,559,313599,715,437,12,0.027460,37.895793654,135.057368542,120.876532448,0.280590345,0.313508279,10.146501969,50.544398389,42.716963136,0.200744341,0.237528636,433.843212,122.479980
6,559,313599,715,437,13,0.029748,51.770439497,135.768179611,121.670217777,0.381314971,0.425498043,-12.444623141,55.363301403,43.375632419,0.224781088,0.286903555,447.717858,145.071105
6,559,313599,715,437,14,0.032037,30.365418618,137.445165480,123.538725964,0.220927513,0.245796760,-23.325301521,56.422374145,43.715475272,0.413405176,0.533570809,469.122878,155.951783
6,559,313599,715,437,15,0.034325,3.520058548,140.042303862,126.421873780,0.025135680,0.027843746,-20.515793863,56.492279450,43.805663008,0.363161021,0.468336568,495.968239,158.761291
6,559,313599,715,437,16,0.036613,3.520058548,142.090003421,126.421873780,0.024773443,0.027843746,-13.599701511,56.914057762,44.348263156,0.238951536,0.306656914,520.004091,165.677383
6,559,313599,715,437,17,0.038902,20.639818608,143.117627344,127.575767113,0.144215768,0.161784789,-22.294664752,57.574407133,44.560846507,0.387232207,0.500319597,537.123851,174.372347
6,559,313599,715,437,18,0.041190,20.639818608,144.718684771,127.575767113,0.142620275,0.161784789,-17.973309040,57.736353122,44.613199507,0.311299694,0.402869761,558.591093,178.693702
6,559,313599,715,437,19,0.043478,39.946382431,146.000825781,129.028368049,0.273603812,0.309593797,-8.138696502,58.567961170,44.733479552,0.138961581,0.181937479,577.897656,188.528315
6,559,313599,715,437,20,0.045767,39.946382431,146.878008706,129.028368049,0.271969798,0.309593797,-21.881772258,60.158774978,44.967432495,0.363733674,0.486613779,593.926016,202.271391
6,559,313599,715,437,21,0.048055,19.336997535,148.316877621,130.663944939,0.130376245,0.147990309,-26.249680954,60.317135486,45.020435824,0.435194423,0.583061458,614.535401,206.639299
6,559,313599,715,437,22,0.050343,-3.456341709,150.058097087,132.637109517,0.023033357,0.026058633,-24.278584760,60.349333496,45.063564684,0.402300794,0.538763077,637.328740,208.610395
6,559,313599,715,437,23,0.052632,17.365901341,151.495868943,134.261567944,0.114629537,0.129343800,-16.689319268,60.824657863,45.223048324,0.274384104,0.369044544,658.150983,216.199661
6,559,313599,715,437,24,0.054920,17.365901341,152.449787863,134.261567944,0.113912270,0.129343800,-22.088888967,61.063854751,45.303564296,0.361734271,0.487575080,675.178594,221.599231
6,559,313599,715,437,25,0.057208,17.365901341,153.720876719,134.261567944,0.112970351,0.129343800,-27.725609373,61.323461856,45.391145526,0.452120747,0.610815371,694.905989,227.235951
6,559,313599,715,437,26,0.059497,-5.179854016,155.365437031,136.141396024,0.033339809,0.038047605,-28.065718777,61.324404999,45.392419704,0.457659863,0.618290872,717.451744,227.576060
6,559,313599,715,437,27,0.061785,-5.179854016,157.041974738,136.141396024,0.032983882,0.038047605,-23.642072817,61.483748194,45.607460027,0.384525562,0.518381703,740.337609,231.999706
6,559,313599,715,437,28,0.064073,-5.179854016,158.123481345,136.141396024,0.032758285,0.038047605,-23.164052278,61.485606410,45.609965071,0.376739429,0.507872616,758.799828,232.477727
6,559,313599,715,437,29,0.066362,12.804344246,159.142912942,137.324109676,0.080458149,0.093241779,-19.508051894,61.594205364,45.646582550,0.316718947,0.427371575,776.784026,236.133727
6,559,313599,715,437,30,0.068650,28.960542316,159.960899835,138.271232852,0.181047633,0.209447343,-18.072792316,61.610925204,45.649089630,0.293337460,0.395906960,792.940224,237.568987
6,559,313599,715,437,31,0.070938,44.638320526,160.727353632,139.157200906,0.277726968,0.320776217,-16.336980823,61.635372523,45.651152221,0.265058523,0.357865684,808.618002,239.304798
6,559,313599,715,437,32,0.073227,44.638320526,161.448618503,139.157200906,0.276486234,0.320776217,-11.287411234,61.841873347,45.668603369,0.182520526,0.247159107,823.861828,244.354368
6,559,313599,715,437,33,0.075515,30.656887586,162.052882984,139.857810047,0.189178292,0.219200398,-21.428672103,62.667874315,45.793542940,0.341940306,0.467940909,837.843261,254.495629
6,559,313599,715,437,34,0.077803,13.295034356,162.980277430,140.931334269,0.081574498,0.094336965,-23.502160420,62.702167625,45.805277136,0.374822136,0.513088489,855.205114,256.569117
6,559,313599,715,437,35,0.080092,-5.103563032,164.015484686,142.127229497,0.031116349,0.035908411,-24.208731937,62.706148568,45.810726438,0.386066319,0.528451169,873.603711,257.275689
6,559,313599,715,437,36,0.082380,-5.103563032,165.124458200,142.127229497,0.030907372,0.035908411,-24.156327472,62.706170465,45.810756412,0.385230469,0.527306890,892.708880,257.328093
6,559,313599,715,437,37,0.084668,13.949201409,166.220018435,143.398595521,0.083920105,0.097275718,-22.774136845,62.721401972,45.815969004,0.363099933,0.497078581,911.761644,258.710284
6,559,313599,715,437,38,0.086957,-4.412467718,167.231113797,144.569388497,0.026385447,0.030521452,-23.343515177,62.723986298,45.819506844,0.372162494,0.509466749,930.123314,259.279662
6,559,313599,715,437,39,0.089245,-23.343515177,168.299227508,145.803609861,0.138702450,0.160102450,-23.343515177,62.723986298,45.843901056,0.372162494,0.509195654,949.054361,259.279662
6,559,313599,715,437,40,0.091533,-23.343515177,169.199981386,145.803609861,0.137964053,0.160102450,-23.343515177,62.723986298,45.863185917,0.372162494,0.508981544,966.490064,259.279662
6,559,313599,715,437,42,0.096110,13.487863928,171.223771243,148.147354974,0.078773314,0.091043569,-21.114908456,63.265628800,46.222272729,0.333750077,0.456812424,1003.321443,270.747703
6,559,313599,715,437,43,0.098398,30.789250120,172.095664683,149.154204601,0.178907761,0.206425626,-13.054011631,63.777094988,46.300305403,0.204681816,0.281942236,1020.622829,278.808600
6,559,313599,715,437,44,0.100686,30.789250120,172.715080672,149.154204601,0.178266136,0.206425626,-13.218983848,63.777308354,46.300338059,0.207267823,0.285505126,1035.237249,278.973572
6,559,313599,715,437,46,0.105263,14.204833988,174.128497319,150.073380746,0.081576733,0.094652589,-20.070974022,64.045106347,46.343229243,0.313388097,0.433093989,1066.491077,285.825563
6,559,313599,715,437,47,0.107551,31.342737993,174.969829777,151.048758228,0.179132243,0.207500799,-17.658646623,64.090521690,46.350204834,0.275526648,0.380983141,1083.628981,288.237890
6,559,313599,715,437,48,0.109840,31.342737993,175.730572716,151.048758228,0.178356774,0.207500799,-1.842978925,66.013107147,46.649054698,0.027918379,0.039507316,1099.962776,304.053558
6,559,313599,715,437,50,0.114416,31.342737993,176.669481228,151.048758228,0.177408898,0.207500799,-15.070741451,66.857998785,46.782558982,0.225414187,0.322144444,1125.464406,317.281320
6,559,313599,715,437,51,0.116705,15.871578179,177.345601534,151.839007334,0.089495189,0.104528991,-17.759316114,66.912035055,46.801868909,0.265412883,0.379457413,1140.935566,319.969895
6,559,313599,715,437,53,0.121281,28.576020775,178.593461548,152.369573767,0.160005974,0.187544141,-16.847748815,67.810503819,47.045226686,0.248453379,0.358118134,1170.455456,335.502346
6,559,313599,715,437,55,0.125858,14.678295280,179.772158387,153.002071175,0.081649436,0.095935272,-15.504388699,67.954989769,47.076793048,0.228156737,0.329342500,1199.494438,341.620172
6,559,313599,715,437,56,0.128146,14.678295280,180.404483132,153.002071175,0.081363251,0.095935272,-16.770623777,67.966785901,47.081050132,0.246747342,0.356207513,1214.585780,342.886407
6,559,313599,715,437,58,0.132723,-19.729244208,182.049701011,154.938535839,0.108372846,0.127335941,-19.729244208,68.031150369,47.245386826,0.290003096,0.417590913,1248.993319,345.845027
6,559,313599,715,437,60,0.137300,-3.643828579,183.520381820,155.771276184,0.019855171,0.023392173,-18.289213139,68.064951242,47.294045538,0.268702362,0.386712808,1281.778924,348.514605
6,559,313599,715,437,62,0.141876,-3.038340523,184.638393965,157.086907369,0.016455627,0.019341781,-17.571946432,68.077513172,47.300497969,0.258116750,0.371496013,1310.464205,350.219291
6,559,313599,715,437,64,0.146453,-3.038340523,186.021527113,157.086907369,0.016333274,0.019341781,-16.565680972,68.244084141,47.539923523,0.242741641,0.348458301,1342.360020,356.882763
6,559,313599,715,437,66,0.151030,-2.653178783,187.030893722,158.280899427,0.014185778,0.016762470,-15.171855500,68.258316487,47.561911521,0.222271165,0.318991710,1369.799863,358.276589
6,559,313599,715,437,68,0.155606,9.865497934,187.997618424,158.775188207,0.052476718,0.062135010,-18.930508371,68.356251244,47.597061424,0.276938949,0.397724309,1396.665388,362.035242
6,559,313599,715,437,70,0.160183,10.140621676,189.118237303,160.100479505,0.053620538,0.063339109,-18.205787590,68.364116804,47.600481842,0.266306192,0.382470658,1425.736518,363.310210
6,559,313599,715,437,72,0.164760,24.313826308,190.086762452,160.726610328,0.127909098,0.151274430,-7.883996052,68.778686163,47.666792596,0.114628477,0.165398082,1452.808942,373.632002
6,559,313599,715,437,74,0.169336,22.252934856,190.818866302,161.591787367,0.116618106,0.137710803,-13.995676986,69.303744348,47.716615372,0.201946909,0.293308251,1476.335048,384.007452
6,559,313599,715,437,77,0.176201,9.262923299,192.115404794,162.113065928,0.048215412,0.057138660,-14.195239956,69.492091848,47.756291050,0.204271300,0.297243350,1514.889505,392.200115
6,559,313599,715,437,79,0.180778,32.571073454,192.821095690,162.948741414,0.168918620,0.199885394,-13.590443257,69.493721404,47.756542333,0.195563613,0.284577622,1538.197655,392.804911
6,559,313599,715,437,81,0.185355,32.571073454,193.585438652,162.948741414,0.168251671,0.199885394,-15.593208250,69.712867515,47.776500469,0.223677619,0.326378201,1562.472506,400.354885
6,559,313599,715,437,84,0.192220,32.990588962,194.670057071,163.867464456,0.169469252,0.201324827,-17.569458749,70.280071034,47.829214655,0.249992046,0.367337387,1597.967591,414.068390
6,559,313599,715,437,87,0.199085,-4.326217786,195.863297989,165.283230505,0.022087945,0.026174572,-16.592544465,70.485437682,47.892649129,0.235403865,0.346452843,1635.284398,422.546507
6,559,313599,715,437,89,0.203661,11.045779002,196.848145926,165.996519757,0.056113198,0.066542232,-18.141161113,70.571003447,47.999553449,0.257062536,0.377944373,1662.922722,427.209230
6,559,313599,715,437,92,0.210526,-4.885378473,198.473822851,166.759246670,0.024614725,0.029295997,-17.719088553,70.673401114,48.094199295,0.250717926,0.368424650,1706.709877,432.982052
6,559,313599,715,437,95,0.217391,-46.200106118,199.908885996,168.464686783,0.231105815,0.274242080,-18.681746531,70.742919133,48.145129054,0.264079384,0.388029836,1748.024605,437.310476
6,559,313599,715,437,98,0.224256,-32.645674382,201.360191462,169.009092396,0.162125762,0.193159279,-18.145038666,70.750011799,48.154244345,0.256466935,0.376810786,1789.806332,438.666176
6,559,313599,715,437,101,0.231121,-19.970617272,202.731013558,169.483717168,0.098507954,0.117832070,-19.970617272,70.761837585,48.177199944,0.282222988,0.414524242,1830.510204,440.491755
6,559,313599,715,437,104,0.237986,3.174794758,203.720955252,170.272891861,0.015584036,0.018645333,-18.753207137,70.780749992,48.188382674,0.264947844,0.389164485,1865.241661,443.238375
6,559,313599,715,437,107,0.244851,13.633327072,204.526405941,171.235746329,0.066658029,0.079617296,-15.085563590,70.813327006,48.195172911,0.213032832,0.313009845,1896.625557,446.906018
6,559,313599,715,437,111,0.254005,24.088038246,205.482106938,172.110094807,0.117226938,0.139957149,-13.911999509,70.877367022,48.203401863,0.196282679,0.288610326,1936.201011,452.503744
6,559,313599,715,437,114,0.260870,43.882149789,206.178846901,172.680210774,0.212835363,0.254123791,-17.841781106,71.455343052,48.236794679,0.249691350,0.369879077,1965.495132,467.983698
6,559,313599,715,437,117,0.267735,33.594827973,207.186742894,172.986369934,0.162147575,0.194205058,-39.158838634,72.622352552,48.306458808,0.539211927,0.810633601,2000.626811,489.300756
6,559,313599,715,437,121,0.276888,5.284955832,209.035319071,174.141671992,0.025282597,0.030348599,-32.196534899,72.761359945,48.324652922,0.442494958,0.666254861,2056.068303,497.495728
6,559,313599,715,437,125,0.286041,-19.026714903,210.479790050,174.988796991,0.090396873,0.108731046,-29.055387065,72.824395323,48.405353492,0.398978762,0.600251521,2105.231796,503.534524
6,559,313599,715,437,129,0.295195,-19.157311477,211.354477835,175.521593809,0.090640670,0.109145041,-28.447129637,72.848809526,48.417464508,0.390495463,0.587538607,2143.622156,506.911717
6,559,313599,715,437,133,0.304348,-11.235922359,212.303456183,176.286219296,0.052923879,0.063736816,-35.290192184,73.493772203,48.545500079,0.480179356,0.726950843,2183.512734,523.419556
6,559,313599,715,437,137,0.313501,-11.819180857,213.583485388,177.066217544,0.055337522,0.066750061,-36.309707452,73.512237718,48.553614251,0.493927386,0.747827078,2230.200745,525.605588
6,559,313599,715,437,141,0.322654,0.574265690,214.951136892,178.312142380,0.002671610,0.003220564,-35.272321049,73.517709381,48.554181600,0.479779924,0.726452797,2278.617165,527.079634
6,559,313599,715,437,145,0.331808,-32.341065502,216.079593228,179.338764465,0.149672003,0.180335052,-32.341065502,73.551645782,48.605491717,0.439705532,0.665378836,2322.451610,530.215075
6,559,313599,715,437,150,0.343249,-30.953367052,217.208978548,179.865982659,0.142505007,0.172091279,-30.953367052,73.561231560,48.675389742,0.420783698,0.635914108,2371.848689,531.602774
6,559,313599,715,437,155,0.354691,-19.508958718,218.611931776,180.875689461,0.089240137,0.107858379,-30.587323151,73.571066774,48.687607861,0.415752068,0.628236311,2427.100963,534.053283
6,559,313599,715,437,159,0.363844,-33.873540140,219.941651271,182.144003823,0.154011484,0.185971206,-33.873540140,73.617956505,48.737480002,0.460126058,0.695020344,2475.280777,537.339500
6,559,313599,715,437,164,0.375286,-35.044848467,221.272664171,182.832332869,0.158378572,0.191677522,-35.044848467,73.636179312,48.770636284,0.475918887,0.718564512,2529.371679,539.338201
6,559,313599,715,437,169,0.386728,-24.073609392,222.544943893,183.610027009,0.108174147,0.131112716,-35.203964951,73.697283492,48.864553854,0.477683346,0.720439709,2582.199280,544.259180
6,559,313599,715,437,175,0.400458,4.463141439,223.712735501,184.358546645,0.019950323,0.024209029,-34.469023178,74.094495325,48.921503027,0.465203562,0.704578172,2637.807102,558.309979
6,559,313599,715,437,180,0.411899,-4.271925784,224.597220361,184.979355180,0.019020386,0.023094068,-31.795066803,74.255989145,48.950285094,0.428181850,0.649537929,2682.230979,567.586762
6,559,313599,715,437,186,0.425629,4.034079301,225.615602793,186.024275542,0.017880321,0.021685768,-27.097412414,74.717207053,48.991846177,0.362666292,0.553100455,2734.612453,585.179734
6,559,313599,715,437,192,0.439359,11.320787830,226.387439916,186.493669538,0.050006254,0.060703336,-21.825199786,74.926762031,49.014704513,0.291287107,0.445278616,2780.238141,595.171058
6,559,313599,715,437,197,0.450801,28.025856573,227.141235120,187.179877535,0.123385155,0.149726867,-28.489159747,75.797521634,49.050160158,0.375858724,0.580816855,2821.280485,618.050194
6,559,313599,715,437,204,0.466819,8.433837429,228.445723818,188.121880359,0.036918342,0.044831773,-40.198387162,76.341779408,49.067425303,0.526558163,0.819247941,2885.638016,633.129247
6,559,313599,715,437,210,0.480549,-26.639051327,229.456419080,188.947659570,0.116096344,0.140986405,-36.489706151,76.493585339,49.131412592,0.477029623,0.742696052,2938.113340,641.714530
6,559,313599,715,437,216,0.494279,-46.705740529,230.792742698,189.991067611,0.202370924,0.245831244,-35.479297648,76.555026805,49.165912786,0.463448308,0.721623898,2998.824137,646.970188
6,559,313599,715,437,223,0.510297,-69.605829618,232.891827693,192.130928028,0.298876222,0.362283316,-36.935383380,76.911455556,49.199512773,0.480232536,0.750726609,3081.279043,660.958599
6,559,313599,715,437,230,0.526316,-50.781808297,234.430081214,193.133526652,0.216618141,0.262936266,-40.702123037,77.029177765,49.214951620,0.528398773,0.827027594,3152.092694,668.802752
6,559,313599,715,437,237,0.542334,-45.532074680,235.370982792,193.806156111,0.193448122,0.234936163,-38.009383683,77.045623681,49.262758296,0.493336050,0.771564261,3206.853901,671.495492
6,559,313599,715,437,245,0.560641,-23.889603480,236.474307099,194.209191674,0.101024098,0.123009644,-44.934862591,77.130797881,49.301887302,0.582580031,0.911422768,3270.983558,678.420971
6,559,313599,715,437,252,0.576659,-23.591822804,237.678638904,195.088996320,0.099259331,0.120928516,-38.827725308,77.203578683,49.328576102,0.502926496,0.787124389,3333.938871,686.320980
6,559,313599,715,437,260,0.594966,-22.260942703,238.932544098,196.225274022,0.093168316,0.113445848,-38.802492300,77.234432772,49.343234122,0.502398877,0.786379186,3402.901459,691.369996
6,559,313599,715,437,268,0.613272,-29.989343198,240.184383577,197.200095746,0.124859671,0.152075703,-38.172324852,77.269016617,49.364100014,0.494018515,0.773281086,3472.133634,697.243203
6,559,313599,715,437,276,0.631579,-13.189143971,241.281273164,197.898739679,0.054662941,0.066645922,-32.687898528,77.387761123,49.385088580,0.422391061,0.661898145,3537.005135,708.801025
6,559,313599,715,437,285,0.652174,14.274303425,242.133642177,198.617451500,0.058952169,0.071868324,-37.303129980,77.689260448,49.406585731,0.480158130,0.755023433,3597.850951,728.241946
6,559,313599,715,437,294,0.672769,21.065936236,243.226725160,199.334646002,0.086610286,0.105681258,-32.080114209,78.472981210,49.429135690,0.408804581,0.649012243,3666.707435,761.126509
6,559,313599,715,437,303,0.693364,-24.134584156,244.311586868,200.192442356,0.098786081,0.120556919,-40.217276266,79.864774066,49.490537819,0.503567145,0.812625565,3735.528916,796.867286
6,559,313599,715,437,312,0.713959,-14.856890178,245.706158903,201.149042986,0.060466088,0.073860109,-40.981876324,79.985373021,49.538969827,0.512367134,0.827265413,3813.727246,808.038620
6,559,313599,715,437,322,0.736842,-5.453322622,247.211123035,202.438663810,0.022059374,0.026938148,-42.297623368,80.191033256,49.563164256,0.527460760,0.853408454,3899.807222,825.886235
6,559,313599,715,437,332,0.759725,-40.349861185,248.684564105,203.494807109,0.162253179,0.198284476,-40.349861185,80.235916477,49.585166910,0.502890264,0.813748621,3985.134899,832.090207
6,559,313599,715,437,342,0.782609,-66.185666840,250.131918085,204.387039341,0.264603044,0.323825165,-42.085814493,80.283168488,49.609239838,0.524217159,0.848346289,4069.996352,839.724919
6,559,313599,715,437,353,0.807780,-44.578390823,251.417324326,205.152395386,0.177308350,0.217294030,-44.578390823,80.345378362,49.632974219,0.554834537,0.898160780,4153.769170,848.400728
6,559,313599,715,437,364,0.832952,-43.806564121,252.608263623,205.952507398,0.173416988,0.212702262,-43.806564121,80.350161185,49.674755744,0.545195722,0.881867731,4234.755239,850.287068
6,559,313599,715,437,375,0.858124,-18.836725338,253.972322879,206.986324222,0.074168418,0.091004685,-40.499815896,80.396238727,49.718365920,0.503752620,0.814584614,4321.711352,857.812798
6,559,313599,715,437,387,0.885584,-26.015646639,255.447565153,208.064776830,0.101843392,0.125036285,-44.708621058,80.548714225,49.769771377,0.555050710,0.898308749,4416.177904,872.449530
6,559,313599,715,437,399,0.913043,-50.169804840,257.024787713,209.492180108,0.195194422,0.239482948,-42.566439250,80.578245428,49.789751305,0.528262176,0.854923717,4514.391576,878.788340
6,559,313599,715,437,411,0.940503,-34.916820126,258.148162462,210.408833380,0.135258837,0.165947501,-41.211387886,80.581196675,49.807288342,0.511426854,0.827416815,4597.597308,880.443579
6,559,313599,715,437,424,0.970252,-41.117747564,259.380508240,211.244126889,0.158522889,0.194645637,-41.117747564,80.597728176,49.837681536,0.510160131,0.825033314,4688.538318,883.444245
6,559,313599,715,437,437,1.000000,-3.901254748,260.782050599,212.419391215,0.014959828,0.018365813,-40.545307259,80.780463734,49.858746305,0.501919714,0.813203505,4785.814021,896.545693
6,636,405768,715,566,1,0.001767,-82.486106539,82.486106539,82.486106539,1.000000000,1.000000000,-26.343024770,26.343024770,26.343024770,1.000000000,1.000000000,82.486107,26.343025
6,636,405768,715,566,2,0.003534,-26.343024770,99.779774516,99.779774516,0.264011669,0.264011669,-26.343024770,26.343024770,26.577739900,1.000000000,0.991168733,138.629188,26.343025
6,636,405768,715,566,3,0.005300,26.275669941,112.803946897,112.803946897,0.232932186,0.232932186,-13.659776656,29.237300435,29.448956533,0.467203759,0.463845863,191.247883,39.026273
6,636,405768,715,566,4,0.007067,26.275669941,119.664407116,112.803946897,0.219577990,0.232932186,-8.954341204,29.613524943,29.822511022,0.302373366,0.300254435,231.183330,43.731708
6,636,405768,715,566,5,0.008834,61.505681085,124.742631107,118.177341824,0.493060636,0.520452399,-5.104158764,29.862765518,29.884580303,0.170920498,0.170795732,266.413341,47.581891
6,636,405768,715,566,6,0.010601,28.200761160,129.112128426,122.780706187,0.218420698,0.229683979,1.562395468,30.597838317,30.619129400,0.051062283,0.051026776,299.718261,54.248445
6,636,405768,715,566,7,0.012367,54.839126853,131.831499398,125.637193293,0.415978936,0.436487997,-15.348375189,34.960003917,31.765147981,0.439026701,0.483182864,326.356626,71.159216
6,636,405768,715,566,8,0.014134,54.839126853,136.422562629,125.637193293,0.401979891,0.436487997,-1.344315482,37.660530562,32.527727377,0.035695607,0.041328294,361.450377,85.163275
6,636,405768,715,566,9,0.015901,54.839126853,139.284817523,125.637193293,0.393719343,0.436487997,-13.731629450,39.645442481,33.112149359,0.346360857,0.414700638,389.542099,97.550589
6,636,405768,715,566,10,0.017668,20.553748701,143.442488640,130.231299977,0.143289125,0.157824952,-5.620511252,40.466669593,34.091123091,0.138892360,0.164867295,423.827477,105.661708
6,636,405768,715,566,11,0.019435,46.728008655,145.810971574,132.835550128,0.320469771,0.351773366,3.429264526,41.466248800,34.390104449,0.082700139,0.099716607,450.001737,114.711483
6,636,405768,715,566,12,0.021201,46.728008655,147.409411987,132.835550128,0.316994743,0.351773366,-15.660013611,45.649209515,35.690046497,0.343051145,0.438778179,471.651109,133.800761
6,636,405768,715,566,13,0.022968,77.922019788,150.673823449,136.449073681,0.517156982,0.571070347,5.812544412,50.447210799,36.400679967,0.115220333,0.159682303,502.845120,155.273319
6,636,405768,715,566,14,0.024735,53.885527996,152.579009075,138.550000527,0.353164753,0.388924777,7.144140848,50.464782041,36.406768455,0.141566862,0.196231117,526.881612,156.604916
6,636,405768,715,566,15,0.026502,30.514834422,154.358489655,140.507266588,0.197688086,0.217176201,5.360014288,50.496310103,36.450458117,0.106146653,0.147049298,550.252305,158.389042
6,636,405768,715,566,16,0.028269,30.514834422,156.394719555,140.507266588,0.195114225,0.217176201,8.923721205,50.621905743,36.624252947,0.176281811,0.243656061,575.407125,161.952749
6,636,405768,715,566,17,0.030035,52.105947639,157.878068377,142.156491706,0.330039176,0.366539347,4.752868058,50.793438129,36.683578177,0.093572482,0.129563916,596.998239,166.123603
6,636,405768,715,566,18,0.031802,52.105947639,159.643549857,142.156491706,0.326389307,0.366539347,-1.960067266,51.235113523,36.836812879,0.038256327,0.053209469,620.674778,172.836538
6,636,405768,715,566,19,0.033569,79.138955091,161.916171221,144.704013856,0.488764986,0.546902280,5.256146218,51.740802030,36.915264510,0.101586099,0.142384087,647.707786,180.052751
6,636,405768,715,566,20,0.035336,79.138955091,163.778403125,144.704013856,0.483207514,0.546902280,-7.826348008,53.369113258,37.171946471,0.146645644,0.210544476,672.335389,193.135246
6,636,405768,715,566,21,0.037102,50.150520725,166.324065178,147.579066784,0.301522938,0.339821370,16.521838351,58.660859428,39.114730590,0.281650124,0.422394277,701.323823,217.483432
6,636,405768,715,566,22,0.038869,33.336179538,167.171817980,148.533844704,0.199412676,0.224434906,12.355116526,58.808655823,39.336035895,0.210090102,0.314091551,718.138164,221.650154
6,636,405768,715,566,23,0.040636,54.317242551,168.483298080,150.008359859,0.322389478,0.362094770,9.017789424,58.903274543,39.371412954,0.153094875,0.229044089,739.119227,224.987481
6,636,405768,715,566,24,0.042403,54.317242551,169.998917189,150.008359859,0.319515227,0.362094770,20.387388462,59.990528703,39.779707183,0.339843454,0.512507253,761.768954,236.357080
6,636,405768,715,566,25,0.044170,54.317242551,170.843321775,150.008359859,0.317936001,0.362094770,15.377922678,60.199321272,39.858484547,0.255450101,0.385813030,778.733881,241.366546
6,636,405768,715,566,26,0.045936,34.847582614,171.949144380,151.266571607,0.202662146,0.230372000,12.357291357,60.275056990,39.972778287,0.205015009,0.309142669,798.203541,244.387177
6,636,405768,715,566,27,0.047703,34.847582614,173.413729139,151.266571607,0.200950541,0.230372000,10.297264560,60.310249589,40.025825593,0.170738218,0.257265513,820.693832,246.447204
6,636,405768,715,566,28,0.049470,34.847582614,175.142911848,151.266571607,0.198966560,0.230372000,14.472885162,60.454627722,40.243043148,0.239400782,0.359636947,845.244150,250.622824
6,636,405768,715,566,29,0.051237,55.222280066,176.324042225,152.632578377,0.313186332,0.361798776,16.485824877,60.488130565,40.255626978,0.272546444,0.409528459,865.618848,252.635764
6,636,405768,715,566,30,0.053004,74.590507661,177.384599407,153.856531295,0.420501599,0.484805598,16.228157803,60.488679367,40.255718604,0.268284214,0.403126770,884.987075,252.893431
6,636,405768,715,566,31,0.054770,94.044624280,178.448196293,155.081574907,0.527013588,0.606420359,21.098695558,60.684449982,40.274129586,0.347678780,0.523877133,904.441192,257.763969
6,636,405768,715,566,32,0.056537,94.044624280,179.377612992,155.081574907,0.524282951,0.606420359,7.940355331,62.094640567,40.408252669,0.127875051,0.196503308,922.677674,270.922309
6,636,405768,715,566,33,0.058304,72.518557043,180.664605314,156.568408200,0.401398807,0.463174901,3.445795946,62.257091574,40.436016699,0.055347846,0.085216009,944.203741,275.416869
6,636,405768,715,566,34,0.060071,49.494303344,182.125824286,158.252275512,0.271758843,0.312755714,6.210203084,62.318435459,40.459633379,0.099652744,0.153491334,967.227995,278.181276
6,636,405768,715,566,35,0.061837,27.852253214,183.407181445,159.725267376,0.151860211,0.174376000,7.670334244,62.335538668,40.485971844,0.123049137,0.189456592,988.870045,279.641407
6,636,405768,715,566,37,0.065371,46.295950238,185.433745631,160.786600805,0.249663027,0.287934131,13.415377820,62.488362246,40.572761634,0.214686021,0.330649857,1027.495661,285.386450
6,636,405768,715,566,38,0.067138,29.855664029,186.161105039,161.624917661,0.160375413,0.184721913,14.995448362,62.508335757,40.603517206,0.239895178,0.369314025,1043.935947,286.966521
6,636,405768,715,566,39,0.068905,14.995448362,186.753267814,162.306623459,0.080295507,0.092389627,14.995448362,62.508335757,40.612483848,0.239895178,0.369232486,1058.796163,286.966521
6,636,405768,715,566,40,0.070671,14.995448362,187.413179130,162.306623459,0.080012774,0.092389627,14.995448362,62.508335757,40.657867608,0.239895178,0.368820335,1074.509745,286.966521
6,636,405768,715,566,42,0.074205,44.004511458,188.535076119,163.600780054,0.233402253,0.268974949,12.677131045,62.530940121,40.685222427,0.202733735,0.311590555,1103.518809,289.284838
6,636,405768,715,566,43,0.075972,59.668201664,189.184634995,164.348916714,0.315396658,0.363058077,7.911250594,62.712296154,40.716225993,0.126151506,0.194302158,1119.182499,294.050719
6,636,405768,715,566,44,0.077739,59.668201664,189.969651683,164.348916714,0.314093336,0.363058077,9.359183057,62.729009216,40.719086489,0.149200237,0.229847569,1136.434816,295.498651
6,636,405768,715,566,46,0.081272,42.446664347,191.484390582,165.248745147,0.221671668,0.256865275,1.439962405,63.086032004,40.853622689,0.022825376,0.035246872,1170.426026,303.417872
6,636,405768,715,566,47,0.083039,62.950015318,192.578968835,166.515870636,0.326878972,0.378042135,7.089719391,63.338512676,40.897006322,0.111933784,0.173355461,1190.929377,309.067629
6,636,405768,715,566,49,0.086572,62.950015318,194.356263883,166.515870636,0.323889820,0.378042135,8.481694221,63.347020205,40.898470382,0.133892552,0.207384143,1228.015390,310.459604
6,636,405768,715,566,50,0.088339,62.950015318,195.202462928,166.515870636,0.322485764,0.378042135,16.531180192,63.856395085,40.986390886,0.258880574,0.403333395,1246.171497,318.509090
6,636,405768,715,566,52,0.091873,47.477070276,196.501975607,167.233212019,0.241611160,0.283897377,15.476244135,63.889982615,40.999474498,0.242232718,0.377474207,1278.064334,321.241942
6,636,405768,715,566,54,0.095406,63.477483347,198.174891255,167.996905985,0.320310424,0.377849122,10.260009619,65.452580151,41.272431682,0.156754854,0.248592322,1314.170664,340.658729
6,636,405768,715,566,55,0.097173,45.738325437,198.967246669,168.930867943,0.229878667,0.270751734,15.932537178,65.697928562,41.369771683,0.242512017,0.385125093,1331.909822,346.331257
6,636,405768,715,566,57,0.100707,30.138445020,200.133499869,169.649622496,0.150591705,0.177651118,16.305581465,65.736468763,41.413357116,0.248044682,0.393727594,1362.412596,349.492246
6,636,405768,715,566,59,0.104240,30.683812813,201.125581219,170.818839897,0.152560468,0.179627802,14.333012737,65.766057756,41.463895150,0.217939363,0.345674536,1390.623691,351.464815
6,636,405768,715,566,61,0.107774,48.436464345,202.568518581,171.738850294,0.239111510,0.282035569,13.264737914,65.781842584,41.487921217,0.201647406,0.319725297,1424.727143,353.200243
6,636,405768,715,566,63,0.111307,30.850601130,203.794046158,172.636888541,0.151381268,0.178702254,17.524415187,65.895547116,41.667972388,0.265942328,0.420572785,1456.051490,357.459920
6,636,405768,715,566,65,0.114841,14.728432120,204.864649989,173.388060774,0.071893478,0.084944904,14.728432120,65.954837965,41.768692135,0.223310868,0.352618944,1485.499845,360.255903
6,636,405768,715,566,67,0.118375,45.886633773,206.046209994,174.782537620,0.222700693,0.262535574,16.739731630,66.002067167,41.789117086,0.253624354,0.400576341,1516.658047,363.157474
6,636,405768,715,566,69,0.121908,34.328526079,206.884064110,175.164280920,0.165931224,0.195979031,18.456616766,66.417248795,42.119253162,0.277888908,0.438199051,1542.789606,373.501963
6,636,405768,715,566,71,0.125442,64.716728414,207.999173678,176.479929676,0.311139353,0.366708716,9.933365159,67.415245713,42.307126110,0.147345976,0.234791773,1573.177808,387.447679
6,636,405768,715,566,74,0.130742,65.421247350,209.872714265,177.748690508,0.311718689,0.368054736,10.975949988,68.853310627,42.559141697,0.159410635,0.257898763,1621.411691,409.576130
6,636,405768,715,566,76,0.134276,65.421247350,211.331347952,177.748690508,0.309567170,0.368054736,15.260270199,68.959694853,42.578275640,0.221292600,0.358405078,1656.442565,413.860450
6,636,405768,715,566,79,0.139576,77.774320622,212.986848425,179.713816809,0.365160202,0.432767619,19.049754036,69.119201724,42.626375655,0.275607263,0.446900628,1702.236290,421.681126
6,636,405768,715,566,81,0.143110,77.774320622,213.905570306,179.713816809,0.363591843,0.432767619,13.271458862,70.263140818,42.743107144,0.188882232,0.310493545,1730.208763,438.577904
6,636,405768,715,566,84,0.148410,78.716036480,215.660743391,181.241253200,0.364999375,0.434316333,16.674481253,71.409491283,42.866205820,0.233505112,0.388988970,1777.636632,457.836553
6,636,405768,715,566,86,0.151943,48.192642955,216.738364651,182.522202302,0.222354003,0.264037155,22.942566720,71.584575864,42.935549104,0.320495951,0.534348977,1808.160025,464.104638
6,636,405768,715,566,89,0.157244,49.746401442,218.040777452,183.506905030,0.228151826,0.271087355,21.503911663,71.605569773,42.970426589,0.300310601,0.500435145,1849.310708,466.109604
6,636,405768,715,566,92,0.162544,36.571844734,219.307738154,183.979219311,0.166760394,0.198782476,24.717971603,71.649124614,43.011723299,0.344986373,0.574679871,1890.064774,469.891079
6,636,405768,715,566,95,0.167845,1.613077648,220.236845478,185.085756421,0.007324286,0.008715299,28.565443197,71.852789308,43.114885434,0.397555105,0.662542482,1925.023541,476.497857
6,636,405768,715,566,98,0.173145,13.935798263,221.274344242,185.495516586,0.062979729,0.075127413,26.052660783,71.905496685,43.156448455,0.362318070,0.603679443,1961.985346,480.918561
6,636,405768,715,566,101,0.178445,26.303375916,222.232342935,185.907352330,0.118359801,0.141486475,26.303375916,71.921258677,43.183729942,0.365724633,0.609103844,1997.654754,483.033067
6,636,405768,715,566,105,0.185512,61.812446235,223.579015442,187.038242920,0.276468013,0.330480255,24.234614584,72.188399106,43.314395496,0.335713423,0.559504855,2046.528001,494.426511
6,636,405768,715,566,108,0.190813,62.446364784,224.687186102,187.918560988,0.277925795,0.332305465,27.478971016,72.301422788,43.337912258,0.380061276,0.634063101,2085.124044,500.206542
6,636,405768,715,566,112,0.197880,74.122458432,226.028043448,189.108827932,0.327934788,0.391956628,23.857666042,72.384772981,43.346604637,0.329595094,0.550392960,2134.269288,504.228586
6,636,405768,715,566,115,0.203180,83.481695477,227.177932778,190.481719643,0.367472731,0.438266179,6.933750449,75.020074716,43.473453509,0.092425267,0.159493895,2173.596842,529.042509
6,636,405768,715,566,119,0.210247,55.147410882,228.981752383,191.535697424,0.240837579,0.287922364,16.323037896,76.044230694,43.556121608,0.214651891,0.374758755,2230.871871,551.608402
6,636,405768,715,566,123,0.217314,24.392897418,230.778447409,192.775529168,0.105698334,0.126535238,10.892266485,76.334686236,43.762716362,0.142690918,0.248893748,2288.061777,563.461211
6,636,405768,715,566,127,0.224382,38.365347701,232.524844974,193.281230369,0.164994617,0.198494948,10.619752992,76.365597798,43.816272726,0.139064622,0.242370068,2344.890415,566.760352
6,636,405768,715,566,131,0.231449,48.188222673,233.940566357,194.487954804,0.205984894,0.247769702,12.363213721,76.392693519,43.861390728,0.161837646,0.281870080,2396.126308,569.390561
6,636,405768,715,566,135,0.238516,26.028223369,235.042332328,195.118246899,0.110738449,0.133397177,15.439166768,76.455898750,43.879886721,0.201935587,0.351850652,2441.565535,573.751466
6,636,405768,715,566,139,0.245583,56.654808306,235.945928856,195.919844608,0.240117762,0.289173404,16.871533979,76.504117898,43.891157755,0.220531057,0.384394827,2482.781176,578.616961
6,636,405768,715,566,144,0.254417,28.262771323,236.927602332,196.607426977,0.119288639,0.143752308,18.888756631,76.661064181,43.925814905,0.246393092,0.430014939,2530.885980,586.459052
6,636,405768,715,566,149,0.263251,18.817780055,237.900085990,197.332468687,0.079099509,0.095360790,18.817780055,76.666561351,43.973354322,0.245449642,0.427935970,2578.911927,587.980430
6,636,405768,715,566,153,0.270318,31.170517208,239.384333159,197.718722718,0.130211183,0.157650812,17.538339160,76.701242776,44.039701351,0.228657823,0.398239285,2631.884743,591.828592
6,636,405768,715,566,158,0.279152,32.366969875,241.202978145,199.464542492,0.134189761,0.162269291,21.166673629,76.737160658,44.064760784,0.275833422,0.480353762,2697.944219,595.456926
6,636,405768,715,566,163,0.287986,18.205435686,242.642479179,200.466412692,0.075029878,0.090815391,18.205435686,76.769853936,44.174744165,0.237143029,0.412123172,2756.652808,598.418164
6,636,405768,715,566,169,0.298587,27.599034752,243.712198061,201.125757943,0.113244372,0.137222776,17.649916121,76.785139380,44.201440647,0.229861094,0.399306354,2812.497720,600.826584
6,636,405768,715,566,174,0.307420,62.215404707,245.017845062,202.127852613,0.253921932,0.307802235,17.457032487,77.312508282,44.295667175,0.225798294,0.394102485,2868.737406,618.161823
6,636,405768,715,566,180,0.318021,51.701700715,246.784248905,203.284793524,0.209501623,0.254331373,15.010108649,77.530707865,44.347095546,0.193602110,0.338468810,2940.804483,629.931406
6,636,405768,715,566,186,0.328622,62.928925575,248.536196417,205.023776565,0.253198232,0.306934769,23.417043499,77.826799723,44.389532199,0.300886630,0.527535262,3012.825551,645.424608
6,636,405768,715,566,192,0.339223,74.510619079,249.715912427,205.822110726,0.298381542,0.362014649,23.817913643,78.410496760,44.453176570,0.303759249,0.535797787,3072.066497,665.363410
6,636,405768,715,566,198,0.349823,98.720410084,251.163520565,206.984178883,0.393052342,0.476946647,29.507179284,80.505156577,44.572173252,0.366525333,0.662008987,3137.827990,703.365831
6,636,405768,715,566,204,0.360424,76.162696221,252.573662653,208.067424631,0.301546469,0.366048152,16.170614321,81.032044630,44.595853213,0.199558266,0.362603542,3202.919918,724.891165
6,636,405768,715,566,211,0.372792,40.308242221,254.371635517,209.634356590,0.158462016,0.192278799,21.476004688,81.199765767,44.635086689,0.264483579,0.481146252,3282.655494,735.653337
6,636,405768,715,566,218,0.385159,-12.630846093,255.831081378,210.972656977,0.049371820,0.059869588,20.950921491,81.238617906,44.680634376,0.257893623,0.468903850,3354.657017,740.173893
6,636,405768,715,566,225,0.397527,-14.219972682,257.186760055,211.965962971,0.055290454,0.067086114,11.587488720,81.420243306,44.706651511,0.142317049,0.259189367,3424.124925,749.537326
6,636,405768,715,566,232,0.409894,11.958735824,258.230865079,212.853638007,0.046310250,0.056182905,11.958735824,81.490431876,44.726412599,0.146750183,0.267375252,3485.427038,754.754154
6,636,405768,715,566,240,0.424028,20.369612789,259.401752072,213.685937645,0.078525348,0.095325004,11.778827533,81.502840679,44.771490060,0.144520454,0.263087682,3554.963207,756.964170
6,636,405768,715,566,247,0.436396,29.905603331,260.264133412,214.124906827,0.114904820,0.139664291,15.402356834,81.722936282,44.859233998,0.188470429,0.343348637,3610.690382,770.333467
6,636,405768,715,566,255,0.450530,22.547170035,261.209305093,214.913426621,0.086318403,0.104912803,14.202141453,81.784022876,44.902825077,0.173654229,0.316286145,3672.940265,776.946728
6,636,405768,715,566,264,0.466431,30.940191092,262.742515245,216.013012490,0.117758601,0.143232997,12.941823621,81.963275146,44.974427898,0.157897834,0.287759605,3757.735773,790.727185
6,636,405768,715,566,272,0.480565,38.975493638,263.908471135,216.939757883,0.147685648,0.179660446,9.423529165,82.082867520,45.008876324,0.114805068,0.209370461,3827.747572,798.891059
6,636,405768,715,566,281,0.496466,49.572334948,265.699141354,218.139735425,0.186573185,0.227250367,4.516187080,82.439859370,45.065009035,0.054781596,0.100214938,3919.942192,818.335732
6,636,405768,715,566,290,0.512367,95.191450795,267.994546961,219.971298235,0.355199208,0.432744870,5.593807656,83.413790464,45.107548050,0.067060946,0.124010457,4024.804867,852.550071
6,636,405768,715,566,299,0.528269,64.522840034,269.720281518,221.122705807,0.239221314,0.291796538,17.591249389,84.291916403,45.141741962,0.208694382,0.389689202,4116.090260,887.599371
6,636,405768,715,566,309,0.545936,32.754688175,270.766171294,221.861468644,0.120970386,0.147635767,26.485533808,84.482040468,45.202056378,0.313504902,0.585936480,4190.588565,903.154243
6,636,405768,715,566,319,0.563604,56.214686558,272.180679805,223.057387489,0.206534448,0.252018941,17.481958468,85.045732014,45.291230835,0.205559504,0.385989918,4277.163221,930.047971
6,636,405768,715,566,329,0.581272,22.798522474,273.509650791,224.013547730,0.083355459,0.101772963,22.798522474,85.163007285,45.319030868,0.267704526,0.503067299,4362.048690,942.391617
6,636,405768,715,566,340,0.600707,4.581535478,275.078816017,225.055264893,0.016655356,0.020357380,21.736075197,85.189387626,45.349255262,0.255150035,0.479303906,4459.237484,948.097091
6,636,405768,715,566,351,0.620141,14.077564544,276.552295554,225.875842737,0.050903807,0.062324348,22.417848671,85.287649441,45.379363062,0.262849883,0.494009769,4553.707068,960.379455
6,636,405768,715,566,362,0.639576,23.268047099,277.648733250,226.749346265,0.083803902,0.102615719,23.268047099,85.295794119,45.406239329,0.272792432,0.512441626,4634.874836,963.236868
6,636,405768,715,566,374,0.660777,47.656210698,278.796838857,227.584425019,0.170935262,0.209400141,22.557597005,85.334431063,45.462389647,0.264343439,0.496181507,4721.994035,970.238487
6,636,405768,715,566,386,0.681979,40.722970429,279.983816250,228.395332726,0.145447587,0.178300362,23.745713546,85.464158272,45.514151371,0.277844116,0.521721549,4811.010243,984.537382
6,636,405768,715,566,399,0.704947,16.155954846,281.514217193,229.704655300,0.057389481,0.070333598,24.744195278,85.506883751,45.542544848,0.289382494,0.543320435,4916.552634,992.983424
6,636,405768,715,566,412,0.727915,32.873776932,283.295610051,231.070614939,0.116040545,0.142267233,23.919391017,85.520392056,45.571798948,0.279692252,0.524872653,5030.840705,996.971774
6,636,405768,715,566,425,0.750883,25.466268502,285.062026512,232.259440397,0.089335885,0.109645784,25.466268502,85.532253919,45.603663839,0.297738775,0.558425932,5144.938356,999.681639
6,636,405768,715,566,439,0.775618,84.827533901,286.839101058,233.989119415,0.295732115,0.362527686,27.386041234,85.786165544,45.630925908,0.319236104,0.600164049,5264.142366,1018.828518
6,636,405768,715,566,453,0.800353,71.074259605,288.416386688,235.090178384,0.246429339,0.302327643,36.334843107,86.535433383,45.658904309,0.419883991,0.795788766,5376.710595,1057.452402
6,636,405768,715,566,468,0.826855,86.368194924,289.795178821,236.240706834,0.298031856,0.365594042,38.646981842,87.017381422,45.689730136,0.444129451,0.845857083,5485.596268,1089.379049
6,636,405768,715,566,483,0.853357,71.843859715,291.338753708,237.438270881,0.246599049,0.302579106,32.766334349,87.679624409,45.727505071,0.373705232,0.716556355,5601.125789,1125.794944
6,636,405768,715,566,498,0.879859,73.354999402,292.899051848,238.447013016,0.250444646,0.307636479,32.889910457,87.996226759,45.759339079,0.373765009,0.718758424,5717.577272,1150.981428
6,636,405768,715,566,514,0.908127,55.897862103,294.760472116,239.918798683,0.189638257,0.232986587,34.287499519,88.394713164,45.787025566,0.387890840,0.748847498,5849.620357,1177.708699
6,636,405768,715,566,531,0.938163,48.093095486,296.193462934,240.848878726,0.162370550,0.199681625,35.202541344,88.454970777,45.816763682,0.397971318,0.768333215,5969.340084,1187.918385
6,636,405768,715,566,548,0.968198,14.411071233,297.584465394,241.982623059,0.048426826,0.059554157,35.325025931,88.516533363,45.846051718,0.399078281,0.770514027,6087.687069,1196.580697
6,636,405768,715,566,566,1.000000,-8.889578650,299.257107305,243.265544355,0.029705489,0.036542695,35.083284364,88.827209290,45.878856187,0.394961011,0.764693963,6221.630155,1221.844225
6,713,509795,715,712,1,0.001404,-76.125347969,76.125347969,76.125347969,1.000000000,1.000000000,-16.473856822,16.473856822,16.473856822,1.000000000,1.000000000,76.125348,16.473857
6,713,509795,715,712,2,0.002809,-16.473856822,96.712817141,96.712817141,0.170337886,0.170337886,-16.473856822,16.473856822,17.455840701,1.000000000,0.943744681,135.776839,16.473857
6,713,509795,715,712,3,0.004213,48.949844991,116.763135271,116.763135271,0.419223455,0.419223455,-2.157797032,21.825158109,22.575560734,0.098867418,0.095581105,201.200541,30.789917
6,713,509795,715,712,4,0.005618,48.949844991,127.458310171,116.763135271,0.384045928,0.419223455,12.174018056,26.110121605,26.740547231,0.466256659,0.455264358,252.308183,45.121732
6,713,509795,715,712,5,0.007022,85.725671927,132.657763732,122.417691553,0.646216773,0.700271920,4.195707618,27.301866011,27.036461040,0.153678419,0.155187013,289.084010,53.100042
6,713,509795,715,712,6,0.008427,44.960689772,138.779919471,129.026644439,0.323971148,0.348460506,7.763236434,27.533963563,27.270817505,0.281951286,0.284671937,329.848992,56.667571
6,713,509795,715,712,7,0.009831,82.158143111,143.678518169,134.281515891,0.571819254,0.611835088,23.459073007,31.693507778,28.377584620,0.740185440,0.826676171,367.046445,72.363408
6,713,509795,715,712,8,0.011236,82.158143111,146.645531098,134.281515891,0.560249893,0.611835088,16.390527841,32.472184497,28.596824851,0.504755935,0.573159011,396.395980,79.431953
6,713,509795,715,712,9,0.012640,82.158143111,150.287246950,134.281515891,0.546674084,0.611835088,10.354379990,33.028439971,28.755645737,0.313498912,0.360081637,429.279788,85.468101
6,713,509795,715,712,10,0.014045,46.256261550,154.516024073,138.998095705,0.299362230,0.332783419,11.738345820,33.057422893,28.788930567,0.355089562,0.407738168,465.181670,86.852066
6,713,509795,715,712,11,0.015449,80.774177280,158.324629169,143.219960606,0.510180745,0.563986870,37.732046312,42.053129177,31.586716187,0.897247055,1.194554258,499.699585,112.845767
6,713,509795,715,712,12,0.016854,80.774177280,159.780613534,143.219960606,0.505531776,0.563986870,21.142252247,45.207155857,32.657708987,0.467674903,0.647389327,521.220651,129.435561
6,713,509795,715,712,13,0.018258,110.590139797,162.538721793,146.290631063,0.680392577,0.755961875,17.663173405,45.340830719,32.678293162,0.389564398,0.540517013,551.036613,132.914640
6,713,509795,715,712,14,0.019663,79.614484333,165.463975878,149.534076278,0.481159019,0.532417000,33.337653135,47.973745373,33.604957561,0.694914539,0.992045685,582.012269,148.589120
6,713,509795,715,712,15,0.021067,56.476068734,167.073976399,151.313668400,0.338030314,0.373238382,23.534055902,48.965199518,35.005766545,0.480628204,0.672290832,605.150684,158.392717
6,713,509795,715,712,16,0.022472,56.476068734,170.290603966,151.313668400,0.331645243,0.373238382,25.884092275,49.021560918,35.084560171,0.528014445,0.737763054,638.092697,160.742753
6,713,509795,715,712,17,0.023876,87.068045193,173.016643196,154.375176982,0.503235085,0.564002885,32.002778550,49.401940818,35.217693604,0.647804075,0.908713072,668.684674,166.861439
6,713,509795,715,712,18,0.025281,87.068045193,175.193620662,154.375176982,0.496981824,0.564002885,37.457987693,49.702223927,35.323161941,0.753648121,1.060436995,696.217307,172.316649
6,713,509795,715,712,19,0.026685,111.873073943,176.940934133,156.355315610,0.632262255,0.715505408,37.255978978,49.702634446,35.323226122,0.749577550,1.054716204,721.022336,172.518657
6,713,509795,715,712,20,0.028090,111.873073943,178.680521356,156.355315610,0.626106713,0.715505408,64.074073921,56.476208152,36.436829581,1.134532151,1.758497505,745.894701,199.336752
6,713,509795,715,712,21,0.029494,95.940073936,179.389490219,157.165025400,0.534814352,0.610441628,55.051159726,57.192438904,36.715062237,0.962560100,1.499416217,761.827701,208.359666
6,713,509795,715,712,22,0.030899,75.495616831,180.550727020,158.489182707,0.418140752,0.476345550,56.463649291,57.209878470,36.742222604,0.986956288,1.536751053,782.272158,209.772156
6,713,509795,715,712,23,0.032303,94.527584371,181.551041903,159.627807175,0.520666714,0.592174923,43.539132073,58.651626916,37.306188604,0.742334601,1.167075322,801.304125,222.696673
6,713,509795,715,712,24,0.033708,94.527584371,183.332311344,159.627807175,0.515607880,0.592174923,46.506916772,58.726664182,37.335688620,0.791921650,1.245642400,826.798352,225.664458
6,713,509795,715,712,25,0.035112,94.527584371,184.897897533,159.627807175,0.511242073,0.592174923,46.837009658,58.727591873,37.336053421,0.797529886,1.254471359,850.808685,225.994551
6,713,509795,715,712,26,0.036517,70.682297014,186.429156092,161.398991796,0.379137569,0.437935183,45.431392905,58.744410846,37.362503175,0.773373879,1.215962236,874.653973,227.400168
6,713,509795,715,712,27,0.037921,70.682297014,188.131439157,161.398991796,0.375706992,0.437935183,50.114052323,58.930748382,37.654799730,0.850388867,1.330880862,899.904877,232.082827
6,713,509795,715,712,28,0.039326,70.682297014,189.252453324,161.398991796,0.373481536,0.437935183,50.145422756,58.930756732,37.654812797,0.850921073,1.331713506,920.473122,232.114197
6,713,509795,715,712,29,0.040730,91.219171272,190.363479411,162.700331152,0.479184198,0.560657564,48.256993294,58.961006223,37.666649284,0.818456068,1.281159705,941.009996,234.002627
6,713,509795,715,712,30,0.042135,112.700260262,191.571635368,164.112263226,0.588293043,0.686726623,52.318925080,59.100757564,37.690976675,0.885249652,1.388102132,962.491085,238.064559
6,713,509795,715,712,31,0.043539,132.827371989,192.626042123,165.341874816,0.689560822,0.803349860,72.453194620,62.436274349,38.025603523,1.160434305,1.905379216,982.618197,258.198828
6,713,509795,715,712,32,0.044944,132.827371989,193.216477519,165.341874816,0.687453646,0.803349860,60.438717178,63.581727113,38.144046096,0.950567402,1.584486266,997.711741,270.213306
6,713,509795,715,712,33,0.046348,114.730208286,194.062140870,166.329320631,0.591203456,0.689777412,52.178062307,64.116101267,38.243303977,0.813805913,1.364371194,1015.808905,278.473960
6,713,509795,715,712,34,0.047753,93.879492960,195.179063551,167.631128468,0.480991615,0.560036157,49.336181815,64.179052084,38.269692582,0.768727181,1.289171103,1036.659620,281.315841
6,713,509795,715,712,35,0.049157,71.607837388,196.445650220,169.104174618,0.364517297,0.423453990,50.645604058,64.192408531,38.292087393,0.788965630,1.322612777,1058.931275,282.625263
6,713,509795,715,712,37,0.051966,90.547264746,198.466648647,170.161463857,0.456234160,0.532125563,50.948691472,64.247291685,38.355117766,0.793009170,1.328341417,1098.832936,286.367788
6,713,509795,715,712,38,0.053371,70.747978109,199.451804646,171.309472982,0.354712148,0.412983455,53.192828124,64.286473213,38.420713270,0.827434225,1.384483098,1118.632223,288.611924
6,713,509795,715,712,39,0.054775,53.192828124,200.222889969,172.206616668,0.265668067,0.308889572,53.192828124,64.286473213,38.423390851,0.827434225,1.384386618,1136.187373,288.611924
6,713,509795,715,712,40,0.056180,53.192828124,201.031144044,172.206616668,0.264599937,0.308889572,53.192828124,64.286473213,38.648245704,0.827434225,1.376332280,1154.196126,288.611924
6,713,509795,715,712,42,0.058989,97.994613481,203.512225532,175.096613015,0.481517084,0.559660246,50.783582272,64.317699549,38.663270356,0.789573984,1.313483878,1198.997912,291.021170
6,713,509795,715,712,43,0.060393,121.600129086,204.876661208,176.680627847,0.593528459,0.688248228,52.918082767,64.353108453,38.669816486,0.822308107,1.368459630,1222.603427,293.155671
6,713,509795,715,712,45,0.063202,121.600129086,207.052338505,176.680627847,0.587291745,0.688248228,61.881138814,65.281483928,38.842333635,0.947912564,1.593136483,1264.787042,305.819113
6,713,509795,715,712,46,0.064607,101.693798995,208.007050020,177.798498965,0.488895924,0.571960953,62.621011072,65.285676490,38.844095239,0.959184532,1.612111460,1284.693372,306.558986
6,713,509795,715,712,48,0.067416,121.230192956,209.628128830,178.868602396,0.578310714,0.677761168,76.973873872,66.070060089,38.991176922,1.165034113,1.974135688,1321.415482,320.911848
6,713,509795,715,712,49,0.068820,121.230192956,210.146560854,178.868602396,0.576884021,0.677761168,78.507939071,66.087867239,38.994529896,1.187932708,2.013306463,1336.167589,322.445914
6,713,509795,715,712,51,0.071629,105.681943526,211.201619540,179.543100629,0.500384153,0.588616010,76.323804130,66.226988851,39.026124412,1.152457713,1.955710573,1365.956589,328.106767
6,713,509795,715,712,52,0.073034,105.681943526,211.711122012,179.543100629,0.499179932,0.588616010,70.624668008,66.471754940,39.130019483,1.062476357,1.804871782,1380.635659,333.805904
6,713,509795,715,712,54,0.075843,123.210581285,212.902989392,180.396724264,0.578717009,0.682997886,68.013235521,68.487475564,39.514365780,0.993075522,1.721228069,1412.265026,356.984787
6,713,509795,715,712,56,0.078652,104.811466030,214.470855360,181.332582751,0.488697944,0.578006801,69.530940120,68.497957809,39.518907901,1.015080483,1.759434757,1448.872312,358.502491
6,713,509795,715,712,58,0.081461,69.472701986,215.921660833,183.046227454,0.321749572,0.379536377,69.472701986,68.497982566,39.680518205,1.014229900,1.750801278,1484.211076,358.560730
6,713,509795,715,712,60,0.084270,90.748359999,218.017599764,184.278525632,0.416243276,0.492452171,71.751754846,68.539304780,39.751807621,1.046870187,1.804993512,1526.860937,361.036873
6,713,509795,715,712,62,0.087079,90.710569727,219.669872817,186.230379438,0.412940421,0.487087928,72.221132563,68.541512907,39.755560828,1.053684541,1.816629701,1564.891938,361.657412
6,713,509795,715,712,64,0.089888,90.710569727,220.989107210,186.230379438,0.410475298,0.487087928,73.828793215,68.622194204,39.894500404,1.075873397,1.850600771,1598.856296,366.078782
6,713,509795,715,712,66,0.092697,88.428948366,222.113359378,187.563091077,0.398125302,0.471462418,73.797600836,68.622201294,39.959703846,1.075418734,1.846800495,1630.338228,366.109975
6,713,509795,715,712,68,0.095506,103.060295896,223.499391209,188.132903727,0.461121148,0.547805800,65.111975893,69.520556230,40.346043654,0.936585946,1.613837938,1665.058307,379.253885
6,713,509795,715,712,71,0.099719,117.736734747,225.562170001,190.578865906,0.521970217,0.617784843,77.792726910,70.242334529,40.526293139,1.107490624,1.919561867,1717.683066,391.934636
6,713,509795,715,712,73,0.102528,131.101030864,226.349679400,191.046875244,0.579196892,0.686224418,72.156280920,70.456519218,40.549537412,1.024124974,1.779460027,1744.362031,397.571082
6,713,509795,715,712,75,0.105337,116.364843378,227.345514939,191.614362098,0.511841386,0.607286646,71.030546994,70.480891492,40.554243269,1.007798646,1.751494819,1774.416527,399.938075
6,713,509795,715,712,78,0.109551,117.696305287,228.955396177,192.930813134,0.514057791,0.610044105,78.034529991,71.240623581,40.713571531,1.095365622,1.916671200,1821.319420,412.979310
6,713,509795,715,712,81,0.113764,130.916897052,230.135933056,193.383253420,0.568867692,0.676981562,69.873731106,72.408141790,40.842097658,0.964998264,1.710826209,1861.475674,431.062111
6,713,509795,715,712,83,0.116573,131.324832893,231.172983837,194.616246691,0.568080364,0.674788642,66.607121541,72.447289408,40.847327548,0.919387352,1.630635969,1892.405193,434.328721
6,713,509795,715,712,86,0.120787,103.330923691,232.600005242,195.641313565,0.444242998,0.528165150,77.054798593,73.499944925,41.064733666,1.048365392,1.876422704,1936.578530,449.445456
6,713,509795,715,712,89,0.125000,105.211699357,233.970047712,196.656293472,0.449680206,0.535002961,75.975966602,73.544833926,41.139162716,1.033056471,1.846803911,1980.261106,453.141850
6,713,509795,715,712,92,0.129213,89.772757417,235.372962780,197.261396858,0.381406413,0.455095416,74.370944920,73.578257143,41.174331092,1.010773397,1.806245371,2024.684732,456.891121
6,713,509795,715,712,95,0.133427,39.683047507,237.150177340,199.378618951,0.167332987,0.199033616,70.688081091,73.763995900,41.293496476,0.958300594,1.711845378,2074.774442,463.307572
6,713,509795,715,712,98,0.137640,55.769437042,238.658194799,200.026512300,0.233679120,0.278810226,70.467984898,73.784861266,41.318383197,0.955046654,1.705487472,2121.142637,465.863159
6,713,509795,715,712,102,0.143258,84.401925687,240.411735192,201.050134673,0.351072403,0.419805368,68.158657780,73.802478543,41.365342128,0.923528032,1.647723777,2179.084291,468.172487
6,713,509795,715,712,105,0.147472,116.826227726,242.142823777,202.353221546,0.482468264,0.577338116,75.550933871,74.262979274,41.482542552,1.017343158,1.821270569,2229.106180,480.982039
6,713,509795,715,712,109,0.153090,130.679262639,243.797062408,203.760010070,0.536016560,0.641339106,66.389702399,75.479782299,41.650091764,0.879569341,1.593986942,2285.725507,502.657780
6,713,509795,715,712,112,0.157303,132.657554082,245.089744324,204.878273719,0.541261139,0.647494494,74.746370177,76.367244788,41.724706492,0.978775264,1.791417519,2329.121122,521.003801
6,713,509795,715,712,116,0.162921,146.658564589,246.682168941,206.336089903,0.594524384,0.710775147,85.969054125,76.908013002,41.763220238,1.117816607,2.058487196,2385.069804,537.947911
6,713,509795,715,712,120,0.168539,123.640570774,247.818342374,206.984129219,0.498916140,0.597343242,81.884095945,77.949973792,41.915733948,1.050469833,1.953540788,2432.336105,561.411149
6,713,509795,715,712,124,0.174157,100.274346005,249.032259244,207.642537000,0.402656051,0.482918132,87.562540869,78.234795415,41.985993710,1.119227582,2.085517887,2481.300548,569.226895
6,713,509795,715,712,128,0.179775,112.280387147,250.315755912,207.989346351,0.448555013,0.539837204,91.467977719,78.463351069,42.097295066,1.165741413,2.172775652,2531.906367,577.755741
6,713,509795,715,712,132,0.185393,125.810939014,251.421386770,208.936379900,0.500398716,0.602149511,89.415090936,78.507813788,42.127397254,1.138932377,2.122492648,2578.894225,582.886313
6,713,509795,715,712,137,0.192416,113.597381718,252.817660868,209.927507665,0.449325341,0.541126711,89.099892800,78.531446465,42.143774370,1.134575980,2.114188730,2638.210595,586.633389
6,713,509795,715,712,141,0.198034,126.187587212,254.033539741,211.061127270,0.496735932,0.597872232,88.488992920,78.769382192,42.174159408,1.123393258,2.098180359,2687.829707,596.915491
6,713,509795,715,712,146,0.205056,71.266571176,255.879316220,212.854419079,0.278516342,0.334813679,84.775045114,78.804607154,42.250277597,1.075762550,2.006496760,2756.203637,600.850766
6,713,509795,715,712,151,0.212079,97.453065530,257.714261593,213.661056427,0.378143860,0.456110567,83.959130613,78.864448080,42.375764020,1.064600497,1.981300693,2824.617084,606.020930
6,713,509795,715,712,156,0.219101,97.045170386,259.671033711,214.767869492,0.373723511,0.451860749,81.635031776,78.942154561,42.514336838,1.034112031,1.920176530,2895.569566,613.203002
6,713,509795,715,712,161,0.226124,68.931541966,261.763165018,216.784267007,0.263335531,0.317972992,82.825818621,79.022484821,42.579768499,1.048129767,1.945191849,2969.360395,618.405367
6,713,509795,715,712,167,0.234551,91.907637857,263.476267716,218.010646017,0.348827007,0.421574082,79.950889718,79.041446172,42.686793909,1.011505907,1.872965440,3042.539434,621.280296
6,713,509795,715,712,172,0.241573,104.370946030,264.695777053,218.366608774,0.394305293,0.477962023,82.449248046,79.180326199,42.756587880,1.041284521,1.928340219,3099.097643,628.774055
6,713,509795,715,712,178,0.250000,106.799147240,265.820895340,219.248538279,0.401771076,0.487114523,87.465439382,79.513459401,42.815501530,1.100007974,2.042845144,3158.776791,644.691793
6,713,509795,715,712,184,0.258427,124.123471845,266.925868546,220.109447987,0.465011025,0.563917056,88.320115028,80.479272526,42.912562806,1.097426856,2.058141235,3218.070765,671.309201
6,713,509795,715,712,190,0.266854,127.787954086,268.224686265,221.134058975,0.476421301,0.577875496,71.499216687,80.870588432,42.980144782,0.884118912,1.663540620,3282.220912,688.130099
6,713,509795,715,712,197,0.276685,170.387373591,270.810936444,223.345354041,0.629174641,0.762887477,79.364790772,81.637263880,43.026486242,0.972163777,1.844556637,3380.915819,715.883086
6,713,509795,715,712,203,0.285112,144.105610457,272.525501099,224.687792150,0.528778444,0.641359324,87.569402473,83.492304161,43.095239368,1.048832025,2.031997124,3455.585791,753.088464
6,713,509795,715,712,210,0.294944,106.126005928,273.746232584,225.489479883,0.387680243,0.470647260,96.322645680,83.926045718,43.143122319,1.147708615,2.232630382,3523.738028,769.340963
6,713,509795,715,712,217,0.304775,74.438999551,275.072911810,226.661379905,0.270615522,0.328415011,99.977637927,84.014752157,43.216505034,1.190000986,2.313413309,3594.897895,776.999326
6,713,509795,715,712,224,0.314607,61.083090065,276.853776137,228.255593905,0.220633039,0.267608294,101.101092520,84.439375854,43.284142415,1.197321646,2.335753624,3677.756971,796.409944
6,713,509795,715,712,232,0.325843,97.749573491,279.110058147,229.868158234,0.350218742,0.425241905,97.749573491,84.768675210,43.380241910,1.153133197,2.253320157,3777.824285,811.386631
6,713,509795,715,712,240,0.337079,108.974501536,280.612355070,230.960339456,0.388345344,0.471832098,99.137442227,84.789644241,43.432421421,1.169216396,2.282567699,3859.639754,815.032703
6,713,509795,715,712,248,0.348315,118.990482600,282.261022535,231.704458567,0.421561863,0.513544208,97.116135097,85.047409450,43.557774681,1.141905858,2.229593587,3945.557191,827.597756
6,713,509795,715,712,256,0.359551,107.102861842,283.900760633,232.907244683,0.377254579,0.459851998,94.577530434,85.092096728,43.621772098,1.111472558,2.168126738,4031.504809,832.546036
6,713,509795,715,712,265,0.372191,108.019619003,285.979538604,234.676118498,0.377717999,0.460292337,98.338861508,85.169870169,43.674318876,1.154620305,2.251640416,4134.488266,840.846888
6,713,509795,715,712,273,0.383427,138.076961319,287.361212755,235.725890103,0.480499647,0.585752211,89.049445075,85.418905863,43.723783927,1.042502760,2.036636290,4213.969910,853.849134
6,713,509795,715,712,283,0.397472,153.494363735,289.147935093,236.984154201,0.530850631,0.647698848,101.879440931,85.717519112,43.766557115,1.188548642,2.327791987,4314.895249,871.635204
6,713,509795,715,712,292,0.410112,161.767353399,290.409468504,237.873866073,0.557031953,0.680055174,97.977489828,86.620959911,43.802583017,1.131106027,2.236797081,4395.847649,899.873751
6,713,509795,715,712,302,0.424157,127.270659889,291.702230683,238.847241539,0.436303348,0.532853798,101.902179383,87.466498602,43.853027169,1.165042399,2.323720527,4482.482087,933.010588
6,713,509795,715,712,312,0.438202,126.313482651,292.736123165,239.588109498,0.431492640,0.527210983,107.802925780,87.556276656,43.907700758,1.231241550,2.455216828,4559.878659,944.382729
6,713,509795,715,712,322,0.452247,133.452316623,293.852479367,240.533309695,0.454147322,0.554818444,95.873385219,88.027091538,43.987819255,1.089134987,2.179543947,4640.114606,969.870619
6,713,509795,715,712,333,0.467697,96.892114667,295.502113951,241.659074814,0.327889751,0.400945484,96.892114667,88.070216629,44.014398330,1.100168915,2.201373149,4743.417943,976.012852
6,713,509795,715,712,344,0.483146,70.087303367,296.975101034,242.449159259,0.236003972,0.289080414,101.941047247,88.231673833,44.066115058,1.155379274,2.313365885,4841.028129,989.531347
6,713,509795,715,712,356,0.500000,101.082514284,299.164605742,244.023496335,0.337882598,0.414232710,101.082514284,88.272117538,44.098922079,1.145123932,2.292176532,4965.979122,996.704181
6,713,509795,715,712,368,0.516854,111.106256389,301.832615415,245.987560228,0.368105535,0.451674289,101.703308883,88.283842986,44.135794060,1.152003645,2.304327158,5104.376787,1000.500527
6,713,509795,715,712,380,0.533708,130.788192332,303.614739835,247.102604090,0.430770233,0.529286985,108.459216187,88.365104564,44.165072891,1.227398719,2.455768984,5217.834421,1012.608564
6,713,509795,715,712,393,0.551966,108.595178298,304.642474165,247.948077438,0.356467622,0.437975480,108.595178298,88.444869615,44.226106004,1.227829028,2.455454213,5307.613705,1024.998746
6,713,509795,715,712,406,0.570225,120.545943723,306.490992495,249.495634872,0.393309907,0.483158528,112.104016409,88.472001718,44.262853884,1.267112920,2.532688396,5428.533602,1031.023127
6,713,509795,715,712,420,0.589888,113.099539877,308.114103998,250.830936848,0.367070311,0.450899484,113.099539877,88.488713568,44.325885213,1.278123902,2.551546107,5546.386600,1035.707990
6,713,509795,715,712,434,0.609551,157.179612992,309.874008860,252.208374515,0.507237163,0.623213299,117.017245932,88.573126121,44.364099871,1.321137133,2.637656264,5669.666322,1045.081765
6,713,509795,715,712,449,0.630618,172.821877729,311.455043425,253.492608878,0.554885469,0.681762985,127.324783763,90.150677262,44.423545450,1.412355266,2.866155379,5790.740014,1097.782063
6,713,509795,715,712,464,0.651685,167.471105903,312.532258971,254.296850935,0.535852224,0.658565394,123.261877271,90.764671386,44.466718883,1.358038049,2.772002980,5891.058234,1136.340164
6,713,509795,715,712,479,0.672753,166.327662971,313.934382910,255.463342473,0.529816650,0.651082309,121.329157419,91.522672721,44.505951583,1.325673233,2.726133317,6005.383881,1178.081136
6,713,509795,715,712,495,0.695225,160.244302348,315.481876953,256.518939012,0.507935048,0.624687998,117.920936277,92.053815662,44.562440432,1.280999983,2.646195656,6130.002280,1211.410316
6,713,509795,715,712,512,0.719101,151.115449245,317.486287696,258.071356758,0.475974727,0.585556844,116.916626938,92.535758418,44.602032174,1.263475103,2.621329595,6276.615752,1245.954720
6,713,509795,715,712,529,0.742978,123.966908365,319.525271189,259.378325166,0.387972156,0.477938580,115.065373346,92.629779783,44.640166100,1.242207135,2.577619740,6425.097381,1259.713878
6,713,509795,715,712,547,0.768258,89.317676047,321.545954084,261.032462245,0.277775773,0.342170760,114.448920190,92.673361862,44.672394830,1.234971063,2.561960706,6577.679751,1268.948403
6,713,509795,715,712,565,0.793539,74.494238175,323.483175070,262.324244604,0.230287829,0.283977710,114.381852911,93.046171785,44.707177041,1.229302084,2.558467353,6727.516438,1297.337365
6,713,509795,715,712,584,0.820225,64.317328856,325.056036085,263.448177279,0.197865358,0.244136549,110.541798307,93.442822033,44.740711510,1.182988654,2.470720616,6866.218247,1329.149757
6,713,509795,715,712,604,0.848315,97.962690306,326.909975608,264.822672808,0.299662591,0.369918064,112.781807384,94.023684598,44.777064579,1.199504230,2.518740530,7021.167968,1364.251252
6,713,509795,715,712,624,0.876404,133.001706510,328.730691147,266.236244740,0.404591692,0.499562735,107.827392657,94.223006999,44.819743641,1.144384966,2.405801192,7174.995979,1380.823897
6,713,509795,715,712,645,0.905899,147.569561740,330.941319330,267.817384507,0.445908544,0.551008151,110.052927489,94.293315525,44.848845249,1.167133925,2.453863124,7349.769160,1392.659204
6,713,509795,715,712,667,0.936798,189.432612560,332.604369469,269.105453425,0.569543367,0.703934499,116.877090167,95.355666188,44.877432508,1.225696331,2.604362229,7505.197910,1442.356492
6,713,509795,715,712,689,0.967697,174.282425499,334.248059105,270.405620933,0.521416417,0.644522199,103.903243684,97.659160185,44.920808574,1.063937510,2.313031465,7660.318329,1516.356160
6,713,509795,715,712,712,1.000000,143.968778350,336.180370085,271.846011510,0.428248616,0.529596802,107.324725839,98.072759950,44.949951063,1.094337774,2.387649448,7832.806248,1546.921107
7,714,511224,3115,164,1,0.006098,-74.851069093,74.851069093,74.851069093,1.000000000,1.000000000,-20.769932812,20.769932812,20.769932812,1.000000000,1.000000000,74.851069,20.769933
7,714,511224,3115,164,2,0.012195,-20.769932812,92.344203098,92.344203098,0.224918643,0.224918643,-20.769932812,20.769932812,21.350608264,1.000000000,0.972802861,128.932205,20.769933
7,714,511224,3115,164,3,0.018293,38.256743301,109.597446771,109.597446771,0.349066009,0.349066009,-9.301188310,23.725981739,24.235935585,0.392025435,0.383776738,187.958881,32.238677
7,714,511224,3115,164,4,0.024390,38.256743301,119.471156343,109.597446771,0.320217402,0.349066009,7.770767099,29.229674492,29.645104742,0.265851989,0.262126485,235.516813,49.310633
7,714,511224,3115,164,5,0.030488,68.742719504,123.299440156,113.758494556,0.557526615,0.604286473,-8.896588990,33.647802750,30.794194662,0.264403267,0.288904746,266.002789,65.977989
7,714,511224,3115,164,6,0.036585,29.923065257,129.266072497,120.199669881,0.231484292,0.248944654,-4.582457881,33.923242138,31.094921645,0.135083135,0.147369977,304.822444,70.292120
7,714,511224,3115,164,7,0.042683,64.428588396,133.792184472,125.054355249,0.481557190,0.515204675,7.371503895,35.967812823,31.664150907,0.204947238,0.232802829,339.327967,82.246082
7,714,511224,3115,164,8,0.048780,64.428588396,136.799950105,125.054355249,0.470969385,0.515204675,-0.390932066,36.795909709,31.901133298,0.010624335,0.012254488,367.856509,90.008518
7,714,511224,3115,164,9,0.054878,64.428588396,140.586695341,125.054355249,0.458283682,0.515204675,-13.757550737,39.148505284,32.593694626,0.351419566,0.422092398,400.266269,103.375136
7,714,511224,3115,164,10,0.060976,25.335518829,145.920824405,131.022363949,0.173625108,0.193367896,-10.187691429,39.310931832,32.788608156,0.259156702,0.310708261,439.359339,106.944996
7,714,511224,3115,164,11,0.067073,60.858729088,150.182507177,135.752562855,0.405231809,0.448306299,15.298823239,46.849885714,35.177882715,0.326549852,0.434898921,474.882549,132.431510
7,714,511224,3115,164,12,0.073171,60.858729088,151.900334816,135.752562855,0.400649078,0.448306299,4.618388872,48.051883102,35.580912746,0.096112547,0.129799618,497.662502,143.111945
7,714,511224,3115,164,13,0.079268,88.978899196,154.481247031,138.634419567,0.575985117,0.641824011,-6.365168567,49.291196006,35.768780150,0.129133985,0.177953191,525.782672,154.095502
7,714,511224,3115,164,14,0.085366,57.197543275,157.716550395,142.230646743,0.362660375,0.402146405,6.712932958,50.996654235,36.361584376,0.131634772,0.184616074,557.564028,167.173604
7,714,511224,3115,164,15,0.091463,31.955238116,159.723774805,144.453213334,0.200065633,0.221215142,-5.568756803,52.454729497,38.379743638,0.106163102,0.145096248,582.806333,179.455293
7,714,511224,3115,164,16,0.097561,31.955238116,164.072345119,144.453213334,0.194763097,0.221215142,0.118786879,52.762172053,38.798877237,0.002251364,0.003061606,620.330328,185.142837
7,714,511224,3115,164,17,0.103659,63.791689354,167.132564332,147.919878549,0.381683184,0.431258395,1.120883679,52.771687463,38.802112369,0.021240247,0.028887182,652.166779,186.144934
7,714,511224,3115,164,18,0.109756,63.791689354,170.044704508,147.919878549,0.375146580,0.431258395,19.473888665,55.872030478,39.872448161,0.348544495,0.488404639,683.502182,204.497939
7,714,511224,3115,164,19,0.115854,85.950589698,171.482414246,149.570409288,0.501221015,0.574649692,2.047281709,58.526664177,40.293362744,0.034980325,0.050809403,705.661082,221.924546
7,714,511224,3115,164,20,0.121951,85.950589698,173.748135291,149.570409288,0.494684962,0.574649692,29.653743732,64.710796357,41.330796261,0.458250329,0.717473323,733.628852,249.531008
7,714,511224,3115,164,21,0.128049,67.184974376,174.758584440,150.743011954,0.384444487,0.445692132,27.363440553,64.751313916,41.346657565,0.422592823,0.661805383,752.394467,251.821311
7,714,511224,3115,164,22,0.134146,47.274207465,175.889173841,152.052274866,0.268772696,0.310907597,25.046989812,64.792735687,41.411496421,0.386570957,0.604831797,772.305234,254.137762
7,714,511224,3115,164,23,0.140244,69.501425118,177.288044377,153.668290472,0.392025449,0.452282152,14.470945571,65.650219418,41.747756991,0.220424938,0.346628097,794.532452,264.713806
7,714,511224,3115,164,24,0.146341,69.501425118,179.410532296,153.668290472,0.387387653,0.452282152,23.993737849,66.337281240,42.018402004,0.361693114,0.571029280,822.047691,274.236598
7,714,511224,3115,164,25,0.152439,69.501425118,180.847661027,153.668290472,0.384309229,0.452282152,14.682927260,66.987506866,42.275511888,0.219189039,0.347315186,844.801535,283.547409
7,714,511224,3115,164,26,0.158537,42.092176189,182.912939471,156.093595075,0.230121370,0.269659855,16.459093508,67.011050154,42.312807422,0.245617603,0.388986090,872.210784,285.323575
7,714,511224,3115,164,27,0.164634,42.092176189,184.700293323,156.093595075,0.227894474,0.269659855,24.223722115,67.459397419,43.019334366,0.359085955,0.563089189,897.843867,293.088204
7,714,511224,3115,164,28,0.170732,42.092176189,185.562604003,156.093595075,0.226835447,0.269659855,22.542951415,67.480332618,43.052155805,0.334066987,0.523619572,915.712321,294.768974
7,714,511224,3115,164,29,0.176829,61.641400963,186.589528628,157.313008402,0.330358308,0.391839185,19.030219208,67.571699533,43.087967478,0.281630022,0.441659710,935.261546,298.281707
7,714,511224,3115,164,30,0.182927,82.946991840,187.801971226,158.749207290,0.441672637,0.522503345,26.352295138,67.967252216,43.157037881,0.387720472,0.610614084,956.567136,305.603783
7,714,511224,3115,164,31,0.189024,101.811890741,188.747092181,159.866179118,0.539409056,0.636856972,39.251013706,69.180375212,43.277343697,0.567372085,0.906964484,975.432035,318.502501
7,714,511224,3115,164,32,0.195122,101.811890741,189.393984237,159.866179118,0.537566656,0.636856972,27.593166260,70.155753303,43.375368188,0.393312950,0.636148289,991.072255,330.160349
7,714,511224,3115,164,33,0.201220,83.257209620,190.300702723,160.939340800,0.437503427,0.517320434,16.290998107,71.060317523,43.538670033,0.229255915,0.374173076,1009.626936,341.462517
7,714,511224,3115,164,34,0.207317,60.935139116,191.605407774,162.479987226,0.318024109,0.375031659,11.839277084,71.199624624,43.595530083,0.166282858,0.271570894,1031.949006,345.914238
7,714,511224,3115,164,35,0.213415,36.387208100,193.171512407,164.323909295,0.188367361,0.221435872,14.240693763,71.240110532,43.661619820,0.199897132,0.326160454,1056.496937,348.315654
7,714,511224,3115,164,36,0.219512,36.387208100,194.436882568,164.323909295,0.187141491,0.221435872,17.461295378,71.312871372,43.780238922,0.244854751,0.398839655,1078.643452,351.536256
7,714,511224,3115,164,37,0.225610,55.313120822,195.355807375,165.410209293,0.283140397,0.334399679,15.719213190,71.334146618,43.788903076,0.220360289,0.358977094,1097.569364,353.278338
7,714,511224,3115,164,38,0.231707,35.516167006,196.356336429,166.590686170,0.180876093,0.213194194,17.057884441,71.346706402,43.809360568,0.239084399,0.389366204,1117.366318,354.617009
7,714,511224,3115,164,39,0.237805,17.057884441,197.222004479,167.610157550,0.086490777,0.101771186,17.057884441,71.346706402,43.830412155,0.239084399,0.389179193,1135.824601,354.617009
7,714,511224,3115,164,40,0.243902,17.057884441,198.215074267,167.610157550,0.086057453,0.101771186,17.057884441,71.346706402,43.930300354,0.239084399,0.388294282,1155.641175,354.617009
7,714,511224,3115,164,41,0.250000,39.835245673,199.519482385,169.150740757,0.199655919,0.235501456,18.483892393,71.360955803,43.953438862,0.259019686,0.420533475,1178.418536,356.043017
7,714,511224,3115,164,42,0.256098,61.186598954,200.658675711,170.492971660,0.304928749,0.358880477,12.940741968,71.575921438,44.040735882,0.180797421,0.293835734,1199.769889,361.586168
7,714,511224,3115,164,43,0.262195,85.309527447,202.103487890,172.191083000,0.422108140,0.495435222,18.369900884,71.781531722,44.077902652,0.255914028,0.416759868,1223.892818,367.015327
7,714,511224,3115,164,44,0.268293,85.309527447,203.331500527,172.191083000,0.419558835,0.495435222,26.158442942,72.202837089,44.154293747,0.362291068,0.592432598,1246.206027,374.803869
7,714,511224,3115,164,46,0.280488,66.075044040,205.188756169,173.262039745,0.322020784,0.381359034,30.330552884,72.268721424,44.177937906,0.419691289,0.686554292,1285.157538,378.975979
7,714,511224,3115,164,47,0.286585,83.947289618,205.965635047,174.181375522,0.407579107,0.481953305,31.683397519,72.281382699,44.180239383,0.438334137,0.717139562,1303.029784,380.328823
7,714,511224,3115,164,48,0.292683,83.947289618,206.701099228,174.181375522,0.406128898,0.481953305,38.962597453,72.646989178,44.246818742,0.536327767,0.880573984,1320.451081,387.608023
7,714,511224,3115,164,49,0.298780,83.947289618,207.244279462,174.181375522,0.405064448,0.481953305,37.800346424,72.656285785,44.248514786,0.520262576,0.854273790,1335.445979,388.770274
7,714,511224,3115,164,50,0.304878,83.947289618,207.814356978,174.181375522,0.403953273,0.481953305,33.857609643,72.763184629,44.268027991,0.465312367,0.764832119,1350.828293,392.713011
7,714,511224,3115,164,52,0.317073,67.250729627,209.003384580,174.979789388,0.321768615,0.384334270,36.306479994,72.885230340,44.318193141,0.498132198,0.819222929,1382.250093,398.149422
7,714,511224,3115,164,53,0.323171,82.722854443,209.575288172,175.662498390,0.394716644,0.470919264,40.572211010,73.009953176,44.340997647,0.555707945,0.915004469,1397.722218,402.415153
7,714,511224,3115,164,54,0.329268,82.722854443,210.045732970,175.662498390,0.393832587,0.470919264,31.316027305,73.594362553,44.448214047,0.425522095,0.704550857,1411.772432,411.671337
7,714,511224,3115,164,56,0.341463,65.587245397,211.603668954,176.496295819,0.309953252,0.371606923,28.812227730,73.707169886,44.494919993,0.390901289,0.647539713,1447.967781,416.864060
7,714,511224,3115,164,57,0.347561,47.199736564,212.401066843,177.451522729,0.222219866,0.265986653,28.748743019,73.707197226,44.494965283,0.390039835,0.646112270,1466.355290,416.927545
7,714,511224,3115,164,59,0.359756,49.671787257,214.225176249,179.630887828,0.231867179,0.276521415,27.645287375,73.715456569,44.577242899,0.375027011,0.620165932,1505.729327,418.031000
7,714,511224,3115,164,60,0.365854,49.671787257,215.354574681,179.630887828,0.230651182,0.276521415,31.128745494,73.797716887,44.713141972,0.421811769,0.696187835,1527.755827,421.514458
7,714,511224,3115,164,62,0.378049,50.629403589,216.865590681,181.439652357,0.233459828,0.279042662,32.584390290,73.823995793,44.725756729,0.441379391,0.728537484,1563.884295,423.889279
7,714,511224,3115,164,64,0.390244,50.629403589,218.351928699,181.439652357,0.231870650,0.279042662,32.406154318,73.824703381,44.726924659,0.438960847,0.724533479,1599.852975,424.310207
7,714,511224,3115,164,65,0.396341,32.406154318,219.111048514,182.352500014,0.147898312,0.177711599,32.406154318,73.824703381,44.846857609,0.438960847,0.722595875,1618.076224,424.310207
7,714,511224,3115,164,67,0.408537,63.444413328,220.208982937,183.670299305,0.288110015,0.345425545,24.336200145,74.157464446,44.994866928,0.328169259,0.540866143,1649.114483,432.380162
7,714,511224,3115,164,69,0.420732,43.113094921,222.008382182,184.792157179,0.194195798,0.233305870,25.687526567,74.230648315,45.095293451,0.346050144,0.569627662,1688.999908,436.840335
7,714,511224,3115,164,70,0.426829,60.538663275,222.691203669,185.611938699,0.271850267,0.326157163,26.862358571,74.239944636,45.099119160,0.361831608,0.595629340,1706.425476,438.015167
7,714,511224,3115,164,72,0.439024,77.376815627,223.869006035,186.374126858,0.345634338,0.415169299,39.506306830,74.861144372,45.213071485,0.527727797,0.873780646,1738.833995,450.659115
7,714,511224,3115,164,74,0.451220,75.114580964,224.718201028,187.393311439,0.334261224,0.400839178,25.701194983,75.555909173,45.297384070,0.340161283,0.567388062,1766.343235,464.464227
7,714,511224,3115,164,76,0.463415,75.114580964,225.837695330,187.393311439,0.332604266,0.400839178,25.946782590,75.716966215,45.327255223,0.342681223,0.572432248,1798.081868,471.440387
7,714,511224,3115,164,78,0.475610,74.449214148,226.976901216,188.764674200,0.328003483,0.394402260,31.632676498,75.853788606,45.355377523,0.417021708,0.697440485,1830.195033,477.126281
7,714,511224,3115,164,80,0.487805,88.721393365,227.692725889,189.303453020,0.389654052,0.468672874,32.670243083,77.867614123,45.568171737,0.419561373,0.716953124,1855.502095,501.987086
7,714,511224,3115,164,82,0.500000,73.514722208,228.629784775,189.913243806,0.321544817,0.387096343,26.662791160,78.023641791,45.585658469,0.341727078,0.584894286,1884.721554,507.994538
7,714,511224,3115,164,84,0.512195,89.132032558,229.737664531,190.554298182,0.387973094,0.467751362,25.223882708,78.071475122,45.590776670,0.323087052,0.553267230,1916.584345,511.580991
7,714,511224,3115,164,86,0.524390,60.227634179,230.655103760,191.659393044,0.261115550,0.314243060,36.033186965,78.623256629,45.700203198,0.458301888,0.788468857,1945.488743,522.390295
7,714,511224,3115,164,89,0.542683,61.997994364,231.898099388,192.540841488,0.267350162,0.321999187,31.059970545,78.770948725,45.870041819,0.394307432,0.677129763,1986.825568,530.372378
7,714,511224,3115,164,91,0.554878,44.821375897,233.047323630,193.305488445,0.192327357,0.231868098,28.714678377,78.852208431,45.914283044,0.364158201,0.625397512,2019.471198,534.857512
7,714,511224,3115,164,93,0.567073,28.561367213,234.168462092,193.988143312,0.121969316,0.147232541,28.561367213,78.852357472,45.914767242,0.362213232,0.622051878,2051.837904,535.010823
7,714,511224,3115,164,96,0.585366,-6.617131820,236.051972390,195.583662591,0.028032521,0.033832743,27.056900264,79.057799619,46.048725243,0.342242010,0.587571103,2103.267425,543.597141
7,714,511224,3115,164,98,0.597561,10.219884222,237.160836955,196.307040582,0.043092630,0.052060712,25.556258190,79.068811557,46.067628298,0.323215408,0.554755240,2135.636466,545.097783
7,714,511224,3115,164,101,0.615854,23.611520899,238.408248147,196.763284468,0.099038188,0.119999628,23.611520899,79.093324823,46.115758653,0.298527353,0.512005475,2177.731971,547.090805
7,714,511224,3115,164,103,0.628049,52.143703685,239.271396727,197.808236991,0.217927025,0.263607343,17.653877537,79.206330192,46.249692358,0.222884680,0.381707999,2206.264154,553.048449
7,714,511224,3115,164,106,0.646341,55.564589584,240.840523040,198.957452339,0.230711132,0.279278755,23.599430070,80.056644093,46.457096854,0.294784154,0.507983315,2253.513000,569.758227
7,714,511224,3115,164,109,0.664634,85.248981043,242.096714810,200.068114253,0.352127790,0.426099788,26.800163973,80.757947396,46.584850583,0.331857914,0.575297841,2295.983293,585.737561
7,714,511224,3115,164,112,0.682927,86.225612444,243.310376414,201.063909496,0.354385266,0.428846791,38.135511040,81.209446150,46.628127682,0.469594522,0.817864944,2338.003310,598.166243
7,714,511224,3115,164,115,0.701220,96.888835594,244.406358507,202.388795415,0.396425184,0.478726282,26.385081469,81.897417408,46.667524205,0.322172326,0.565384214,2377.920775,615.180375
7,714,511224,3115,164,118,0.719512,83.735415064,245.487901440,202.815771036,0.341097930,0.412864417,40.326820823,82.819315109,46.752950724,0.486925312,0.862551351,2417.744673,634.959053
7,714,511224,3115,164,121,0.737805,72.883266503,246.354643442,203.105898756,0.295846936,0.358843672,33.397004372,83.000817174,46.788700333,0.402369585,0.713783545,2453.380014,642.336105
7,714,511224,3115,164,124,0.756098,47.637597196,247.343671163,203.890312683,0.192596790,0.233643259,34.602835417,83.033916366,46.810133223,0.416731342,0.739216769,2491.626754,645.444296
7,714,511224,3115,164,127,0.774390,58.969113228,248.198113262,204.204953078,0.237588886,0.288774157,32.020369184,83.165147813,46.895880635,0.385021491,0.682797055,2527.177999,651.726351
7,714,511224,3115,164,130,0.792683,57.346234642,249.045764328,204.791585430,0.230263842,0.280022417,30.376016179,83.526749052,47.077254814,0.363668125,0.645237627,2562.497907,663.577119
7,714,511224,3115,164,134,0.817073,44.537790589,250.432941544,206.075701242,0.177843180,0.216123446,32.106096108,83.566253789,47.088493226,0.384199299,0.681824665,2615.132086,668.236139
7,714,511224,3115,164,137,0.835366,56.288049702,251.360857196,206.410424232,0.223933234,0.272699646,33.356232099,83.583078499,47.115770905,0.399078769,0.707963203,2652.467241,670.929289
7,714,511224,3115,164,141,0.859756,67.093299114,252.434401881,207.368901877,0.265785086,0.323545616,28.730492671,83.704856492,47.133837649,0.343235672,0.609551314,2698.961446,678.646989
7,714,511224,3115,164,144,0.878049,41.694610592,253.389780583,208.145198681,0.164547325,0.200315025,26.077736394,83.757257750,47.225844657,0.311348976,0.552192059,2737.036545,682.005809
7,714,511224,3115,164,148,0.902439,11.400517239,255.161854052,209.245624221,0.044679552,0.054483898,26.489554176,83.794924261,47.301949868,0.316123613,0.560009772,2796.978951,685.950241
7,714,511224,3115,164,152,0.926829,39.923227563,256.619465146,210.218633504,0.155573653,0.189912887,25.907886482,83.807840553,47.360370481,0.309134400,0.547037243,2851.489788,687.948059
7,714,511224,3115,164,156,0.951220,37.514461165,258.327621435,211.366330286,0.145220480,0.177485511,22.991407603,83.987703016,47.495034954,0.273747308,0.484080233,2910.638040,696.051080
7,714,511224,3115,164,160,0.975610,23.661848379,259.888505209,212.812996208,0.091046152,0.111186106,23.661848379,83.997837625,47.506938139,0.281695923,0.498071425,2967.509211,697.770221
7,714,511224,3115,164,164,1.000000,22.821273517,261.420119418,213.742380941,0.087297311,0.106769998,22.821273517,84.010433630,47.531226473,0.271648086,0.480132225,3023.957589,699.647959
7,1057,1119363,3115,359,1,0.002786,-102.560514848,102.560514848,102.560514848,1.000000000,1.000000000,-18.073517894,18.073517894,18.073517894,1.000000000,1.000000000,102.560515,18.073518
7,1057,1119363,3115,359,2,0.005571,-18.073517894,132.878560573,132.878560573,0.136015305,0.136015305,-18.073517894,18.073517894,19.869072784,1.000000000,0.909630665,187.047512,18.073518
7,1057,1119363,3115,359,3,0.008357,58.159510062,153.193297541,153.193297541,0.379647876,0.379647876,-3.576770079,23.169111901,24.595441661,0.154376659,0.145424105,263.280540,32.570266
7,1057,1119363,3115,359,4,0.011142,58.159510062,165.165234529,153.193297541,0.352129249,0.379647876,6.551956203,25.286337069,26.599376808,0.259110530,0.246319914,325.016820,42.698992
7,1057,1119363,3115,359,5,0.013928,109.767063920,173.040152312,161.652485371,0.634344471,0.679031094,8.163605626,25.337645041,26.611580187,0.322192754,0.306768917,376.624374,44.310641
7,1057,1119363,3115,359,6,0.016713,58.965334773,180.343311483,169.447164954,0.326961584,0.347986553,15.801997650,26.463962079,27.686119858,0.597113826,0.570755228,427.426103,51.949033
7,1057,1119363,3115,359,7,0.019499,102.128671897,185.436737644,174.858272274,0.550746703,0.584065429,16.518297453,26.473654344,27.688436289,0.623952298,0.596577477,470.589440,52.665333
7,1057,1119363,3115,359,8,0.022284,102.128671897,190.313078167,174.858272274,0.536635069,0.584065429,19.616375363,26.654314118,27.731733191,0.735954986,0.707362040,513.394627,55.763411
7,1057,1119363,3115,359,9,0.025070,102.128671897,194.733503771,174.858272274,0.524453522,0.584065429,9.384231631,28.550818315,28.199702430,0.328685207,0.332777683,554.650776,65.995555
7,1057,1119363,3115,359,10,0.027855,55.756451764,200.178720875,180.902731275,0.278533360,0.308212327,19.237928487,30.203386700,29.871701640,0.636946071,0.644018500,601.022996,75.849252
7,1057,1119363,3115,359,11,0.030641,92.274975041,203.482487781,184.551891686,0.453478705,0.499994740,23.632680586,30.521441876,29.952412597,0.774297646,0.789007580,637.541519,80.244004
7,1057,1119363,3115,359,12,0.033426,92.274975041,206.356642686,184.551891686,0.447162611,0.499994740,2.157979181,37.319180251,31.818826510,0.057824935,0.067820829,671.862666,101.718705
7,1057,1119363,3115,359,13,0.036212,137.333472971,211.218683398,189.972811109,0.650195668,0.722911201,17.055970150,40.182973379,32.204019106,0.424457643,0.529622408,716.921164,116.616696
7,1057,1119363,3115,359,14,0.038997,97.240972031,214.990094767,194.157352661,0.452304429,0.500835898,24.184395047,40.810363770,32.400655193,0.592604251,0.746416852,757.013665,123.745121
7,1057,1119363,3115,359,15,0.041783,60.712683539,218.071219348,197.563644056,0.278407594,0.307306963,13.049772574,42.302075702,34.260506047,0.308490124,0.380898419,793.541954,134.879744
7,1057,1119363,3115,359,16,0.044568,60.712683539,223.219196732,197.563644056,0.271986838,0.307306963,28.006014741,44.868193505,37.382769485,0.624184139,0.749169072,841.204864,149.835986
7,1057,1119363,3115,359,17,0.047354,93.419352337,225.602606309,200.252639524,0.414088090,0.466507471,31.087642612,44.973894859,37.414510045,0.691237499,0.830898028,873.911533,152.917614
7,1057,1119363,3115,359,18,0.050139,93.419352337,227.745134927,200.252639524,0.410192527,0.466507471,37.580135803,45.440110988,37.555075275,0.827025616,1.000667301,905.077388,159.410107
7,1057,1119363,3115,359,19,0.052925,121.338960603,229.450105706,202.189574811,0.528825037,0.600124713,21.812785014,48.097952529,37.921061959,0.453507558,0.575215563,932.996996,175.177458
7,1057,1119363,3115,359,20,0.055710,121.338960603,231.836057666,202.189574811,0.523382608,0.600124713,22.739457718,48.106878508,37.922319993,0.472686203,0.599632557,966.172388,176.104130
7,1057,1119363,3115,359,21,0.058496,88.472459642,234.154146919,204.843430570,0.377838534,0.431902841,16.937417084,48.455499537,38.033120731,0.349545815,0.445333350,999.038889,181.906171
7,1057,1119363,3115,359,22,0.061281,52.704938363,236.870175619,207.942652253,0.222505591,0.253459008,15.557969636,48.475130847,38.058128538,0.320947450,0.408794921,1034.806411,183.285618
7,1057,1119363,3115,359,23,0.064067,89.851907089,239.765254746,211.234570825,0.374749491,0.425365539,19.917260327,48.670748155,38.120493198,0.409224454,0.522481706,1071.953379,187.644909
7,1057,1119363,3115,359,24,0.066852,89.851907089,242.301653085,211.234570825,0.370826637,0.425365539,35.729591803,51.174911360,38.931728170,0.698185710,0.917749956,1106.920703,203.457241
7,1057,1119363,3115,359,25,0.069638,89.851907089,243.808115822,211.234570825,0.368535341,0.425365539,51.903171184,53.669881895,39.762741679,0.967081897,1.305321741,1133.981860,219.630820
7,1057,1119363,3115,359,26,0.072423,70.877539137,244.545341358,212.085054992,0.289833937,0.334193935,37.648806250,55.530560436,42.240532022,0.677983546,0.891295740,1152.956228,233.885185
7,1057,1119363,3115,359,27,0.075209,70.877539137,246.792570126,212.085054992,0.287194785,0.334193935,41.082875754,55.636642383,42.379893568,0.738414002,0.969395444,1186.184961,237.319254
7,1057,1119363,3115,359,28,0.077994,70.877539137,248.584582457,212.085054992,0.285124437,0.334193935,36.440382154,55.829998410,42.633415600,0.652702547,0.854737572,1215.979624,241.961748
7,1057,1119363,3115,359,29,0.080780,105.314696120,250.958587055,214.862719735,0.419649701,0.490148762,50.368274914,57.541071586,43.198433709,0.875344750,1.165974564,1250.416781,255.889641
7,1057,1119363,3115,359,30,0.083565,132.787906722,252.457896920,216.612016363,0.525980404,0.613021886,49.016407923,57.556949742,43.200783967,0.851615802,1.134618482,1277.889992,257.241508
7,1057,1119363,3115,359,31,0.086351,160.711739655,253.997500309,218.404455262,0.632729611,0.735844603,63.613348998,59.379063249,43.354638199,1.071309406,1.467278973,1305.813825,271.838449
7,1057,1119363,3115,359,32,0.089136,160.711739655,255.154828006,218.404455262,0.629859685,0.735844603,69.463049366,59.666507747,43.379296220,1.164188286,1.601294982,1330.088423,277.688149
7,1057,1119363,3115,359,33,0.091922,137.899567083,256.172561904,219.592580239,0.538307327,0.627979174,47.880737232,63.449888446,43.971791794,0.754622875,1.088896660,1352.900595,299.270461
7,1057,1119363,3115,359,34,0.094708,107.893290466,257.923938611,221.633205843,0.418314372,0.486810133,35.060734123,64.732069514,44.436545697,0.541628506,0.789006741,1382.906872,312.090464
7,1057,1119363,3115,359,35,0.097493,71.477012294,260.482059698,224.605038341,0.274402822,0.318234234,39.784309401,64.904183123,44.686896926,0.612969881,0.890290267,1419.323150,316.814040
7,1057,1119363,3115,359,36,0.100279,71.477012294,262.402993202,224.605038341,0.272394043,0.318234234,42.092198942,64.945202602,44.746453614,0.648118679,0.940682346,1451.015853,319.121929
7,1057,1119363,3115,359,37,0.103064,100.861825647,264.043174684,226.519073157,0.381989899,0.445268578,56.788572175,66.587256493,45.345793163,0.852844451,1.252344886,1480.400666,333.818302
7,1057,1119363,3115,359,38,0.105850,78.825198911,264.961150010,227.588451864,0.297497195,0.346349730,55.248438941,66.605065405,45.371940315,0.829493051,1.217678560,1502.437293,335.358436
7,1057,1119363,3115,359,39,0.108635,55.248438941,266.008034889,228.806396398,0.207694625,0.241463699,55.248438941,66.605065405,45.418817561,0.829493051,1.216421781,1526.014053,335.358436
7,1057,1119363,3115,359,40,0.111421,55.248438941,267.240851217,228.806396398,0.206736503,0.241463699,55.248438941,66.605065405,45.453820612,0.829493051,1.215485039,1551.653825,335.358436
7,1057,1119363,3115,359,41,0.114206,79.104726203,268.303550109,230.046711505,0.294832946,0.343863756,51.957227904,66.686331491,45.572819512,0.779128597,1.140092460,1575.510113,338.649647
7,1057,1119363,3115,359,43,0.119777,130.489134971,270.760428228,232.907500883,0.481935768,0.560261625,52.361878776,67.158704831,45.701348557,0.779673743,1.145740343,1626.894522,349.887347
7,1057,1119363,3115,359,44,0.122563,130.489134971,272.009957662,232.907500883,0.479721905,0.560261625,54.935392979,67.207995134,45.709398881,0.817393717,1.201840197,1652.936940,352.460861
7,1057,1119363,3115,359,45,0.125348,130.489134971,273.173351868,232.907500883,0.477678859,0.560261625,74.459675674,69.986514591,46.170384843,1.063914614,1.612715075,1678.121521,371.985144
7,1057,1119363,3115,359,47,0.130919,133.244624072,274.648540669,234.635983362,0.485145939,0.567878047,69.749225707,70.207720023,46.253306496,0.993469460,1.507983558,1718.229983,378.296651
7,1057,1119363,3115,359,48,0.133705,133.244624072,275.462853643,234.635983362,0.483711768,0.567878047,64.884216959,70.376077334,46.281726135,0.921964102,1.401940299,1739.395116,383.161659
7,1057,1119363,3115,359,50,0.139276,133.244624072,277.294379428,234.635983362,0.480516858,0.567878047,63.239883489,70.478844756,46.299098700,0.897288877,1.365898803,1784.388916,388.284819
7,1057,1119363,3115,359,51,0.142061,109.909710545,278.274488683,235.793475053,0.394968691,0.466127023,59.751842338,70.565104614,46.331934432,0.846761904,1.289647045,1807.723830,391.772860
7,1057,1119363,3115,359,53,0.147632,137.256360216,280.737391944,237.373971037,0.488913711,0.578228353,53.423587804,70.733431562,46.391247204,0.755280588,1.151587660,1860.149413,398.101114
7,1057,1119363,3115,359,54,0.150418,137.256360216,282.124732630,237.373971037,0.486509492,0.578228353,62.017464644,71.253582785,46.479607325,0.870376790,1.334294075,1888.093671,406.694991
7,1057,1119363,3115,359,56,0.155989,112.176728359,284.555295025,238.695182314,0.394217680,0.469958075,60.415986488,71.459899578,46.558725756,0.845453000,1.297629725,1940.529531,414.199899
7,1057,1119363,3115,359,57,0.158774,86.296357423,285.729784109,240.094114171,0.302020868,0.359427209,56.638593704,71.559667019,46.711707743,0.791487664,1.212513874,1966.409902,417.977292
7,1057,1119363,3115,359,59,0.164345,84.129655128,288.577287626,243.475922971,0.291532490,0.345535830,62.744771976,71.819714264,47.158919116,0.873642740,1.330496397,2023.558727,424.083470
7,1057,1119363,3115,359,61,0.169916,102.371637940,289.942984220,244.158340025,0.353075065,0.419283805,60.238726910,72.110053139,47.347852336,0.835372105,1.272258908,2063.185593,432.875316
7,1057,1119363,3115,359,63,0.175487,81.305182425,291.520558033,245.065482171,0.278900339,0.331769214,60.876033193,72.125673121,47.371637931,0.844027245,1.285073429,2106.012244,434.900102
7,1057,1119363,3115,359,65,0.181058,59.535365920,293.045236789,246.030517339,0.203161009,0.241983664,59.535365920,72.138132163,47.409069787,0.825296749,1.255780090,2148.211210,436.240770
7,1057,1119363,3115,359,67,0.186630,101.619155014,294.566539731,247.840575747,0.344978609,0.410018233,64.068770363,72.255948095,47.586680771,0.886691989,1.346359303,2190.294999,440.774174
7,1057,1119363,3115,359,69,0.192201,83.479449192,295.721157686,248.503520928,0.282291094,0.335928637,66.289523024,72.273366387,47.600400327,0.917205415,1.392625326,2227.209897,442.994927
7,1057,1119363,3115,359,71,0.197772,117.597833161,296.703672624,249.671917041,0.396347750,0.471009453,59.834967690,72.611282507,47.657905592,0.824045047,1.255509804,2261.328281,450.495355
7,1057,1119363,3115,359,73,0.203343,135.767395833,297.882409654,250.332177649,0.455775136,0.542348959,45.061701684,74.886425579,47.882819365,0.601733910,0.941082883,2298.752132,471.776976
7,1057,1119363,3115,359,75,0.208914,113.090972296,299.458714122,251.357154963,0.377651299,0.449921437,40.295758862,75.896184605,48.059145985,0.530932603,0.838461817,2342.101516,488.563697
7,1057,1119363,3115,359,77,0.214485,87.740421396,301.507820085,252.632281749,0.291005458,0.347304869,38.087172891,75.973240229,48.074257958,0.501323529,0.792257114,2391.717138,492.867990
7,1057,1119363,3115,359,79,0.220056,134.470849890,303.320133661,254.792479665,0.443329786,0.527766165,52.972060082,76.721768771,48.187294203,0.690443676,1.099295176,2438.447567,507.752877
7,1057,1119363,3115,359,82,0.228412,112.968094939,305.369940252,255.698213065,0.369938491,0.441802442,55.165149331,77.676566347,48.305430739,0.710190369,1.142007192,2499.565606,528.043316
7,1057,1119363,3115,359,84,0.233983,132.235743475,306.586938953,256.423123849,0.431315645,0.515693520,61.094868460,77.921154462,48.330044729,0.784060104,1.264117772,2538.159621,534.442780
7,1057,1119363,3115,359,87,0.242340,77.896586812,308.196826390,258.345797536,0.252749477,0.301520627,59.427012267,78.281896347,48.474833756,0.759141194,1.225935350,2592.498777,545.826778
7,1057,1119363,3115,359,89,0.247911,97.226336269,309.354243861,259.067926071,0.314288031,0.375292834,54.246600852,78.405737290,48.530562735,0.691870298,1.117782234,2630.298101,551.007189
7,1057,1119363,3115,359,92,0.256267,75.275513963,311.565002139,259.996209431,0.241604524,0.289525429,51.390268432,78.485033197,48.652018230,0.654777941,1.056282356,2694.452298,556.338153
7,1057,1119363,3115,359,95,0.264624,1.315223173,314.480902154,263.483426765,0.004182204,0.004991673,48.913971353,78.604710298,48.720589589,0.622277866,1.003969200,2768.412589,561.947792
7,1057,1119363,3115,359,98,0.272981,22.185467381,316.790529786,264.308689364,0.070031978,0.083937715,42.118107306,78.837026634,48.831677544,0.534242717,0.862516084,2834.436940,569.712634
7,1057,1119363,3115,359,101,0.281337,42.091797472,318.596852213,265.057249007,0.132116175,0.158802665,42.091797472,78.852398182,48.882770697,0.533804912,0.861076344,2893.094581,571.914263
7,1057,1119363,3115,359,104,0.289694,77.191715919,319.994762044,266.218863840,0.241228061,0.289955846,44.192504327,78.868037718,48.906503180,0.560334777,0.903612024,2944.794357,574.014970
7,1057,1119363,3115,359,107,0.298050,92.000321948,321.206756289,267.674459025,0.286420880,0.343702280,51.395424470,79.068789918,48.958733243,0.650008992,1.049770308,2993.026149,582.489813
7,1057,1119363,3115,359,110,0.306407,122.437527278,322.211405765,268.538322095,0.379991289,0.455940613,36.401669225,79.881979474,49.030845063,0.455693130,0.742423859,3036.998321,598.069835
7,1057,1119363,3115,359,113,0.314763,119.001653942,323.333123581,269.441210368,0.368046591,0.441660924,47.446333800,80.516673690,49.094018383,0.589273397,0.966438181,3083.416460,614.512158
7,1057,1119363,3115,359,117,0.325905,117.253223012,324.735682724,270.298501247,0.361072802,0.433791614,46.627086740,81.510100379,49.145864782,0.572040600,0.948748932,3143.661396,635.255444
7,1057,1119363,3115,359,120,0.334262,85.742744698,325.996729322,271.225088766,0.263017193,0.316131318,33.786225797,82.574396302,49.259048126,0.409161039,0.685888727,3193.027823,651.318957
7,1057,1119363,3115,359,124,0.345404,48.761014367,327.989617656,272.483347005,0.148666335,0.178950438,30.911859390,82.628656092,49.281784875,0.374105799,0.627247156,3265.196071,656.253185
7,1057,1119363,3115,359,128,0.356546,67.101924731,329.911114451,273.099914662,0.203393950,0.245704671,26.388510176,82.800225945,49.371443982,0.318700944,0.534489333,3336.281578,664.343567
7,1057,1119363,3115,359,131,0.364903,87.388472342,331.786836147,275.362896176,0.263387401,0.317357471,28.571835553,82.842764848,49.392026339,0.344892346,0.578470609,3397.281540,667.744045
7,1057,1119363,3115,359,135,0.376045,48.307588232,333.983907938,276.749579566,0.144640466,0.174553430,28.385788358,83.017502232,49.498219618,0.341925348,0.573470896,3473.653091,677.561382
7,1057,1119363,3115,359,139,0.387187,105.437459841,336.203993933,278.713699797,0.313611562,0.378300241,34.181724819,83.924366099,49.642306855,0.407292023,0.688560363,3550.704762,698.012313
7,1057,1119363,3115,359,144,0.401114,56.641847317,338.190212614,280.136262031,0.167485176,0.202193914,41.600241302,84.520030305,49.752335157,0.492193876,0.836146508,3632.386113,713.467804
7,1057,1119363,3115,359,148,0.412256,24.481747466,339.707902747,281.061591200,0.072067053,0.087104564,44.363559258,84.613286493,49.953789094,0.524309610,0.888091976,3696.443306,719.862735
7,1057,1119363,3115,359,152,0.423398,64.143775140,341.903108186,282.457362142,0.187608049,0.227091886,47.257028602,84.651147345,50.021920451,0.558256209,0.944726395,3773.661686,722.756204
7,1057,1119363,3115,359,157,0.437326,78.271660842,343.708114111,283.627843306,0.227727126,0.275966069,50.739928736,84.744129818,50.176468672,0.598742696,1.011229568,3852.103467,729.880560
7,1057,1119363,3115,359,162,0.451253,35.843598448,345.190560305,284.692281249,0.103837134,0.125902951,51.089994832,84.754368572,50.245314448,0.602800725,1.016811127,3923.363247,731.955078
7,1057,1119363,3115,359,166,0.462396,51.738893080,346.616356234,285.944276060,0.149268470,0.180940475,51.738893080,84.756852590,50.270257939,0.610439056,1.029214792,3986.141260,732.603977
7,1057,1119363,3115,359,171,0.476323,81.419646349,348.419525307,286.715176687,0.233682789,0.283973968,50.672835103,85.197409482,50.474320319,0.594769670,1.003932986,4065.094848,746.705820
7,1057,1119363,3115,359,177,0.493036,95.019831650,349.969978336,287.672910254,0.271508522,0.330305108,51.868783347,85.639146811,50.541794489,0.605666746,1.026255278,4145.394939,767.443838
7,1057,1119363,3115,359,182,0.506964,129.084447387,351.717456551,289.388126598,0.367011773,0.446059930,50.647724025,85.925761990,50.611359314,0.589435844,1.000718509,4223.602192,781.865584
7,1057,1119363,3115,359,187,0.520891,98.077637906,353.523141349,291.146152801,0.277429188,0.336867367,58.843699791,86.341948017,50.684476278,0.681519252,1.160980721,4303.383574,795.408300
7,1057,1119363,3115,359,193,0.537604,139.374438575,355.142886283,292.137980055,0.392446094,0.477084282,44.844086507,87.340773817,50.775355101,0.513438164,0.883186074,4385.948020,824.383856
7,1057,1119363,3115,359,199,0.554318,171.712545956,357.183520594,293.879602400,0.480740393,0.584295557,53.762782287,90.859079727,50.898472982,0.591716122,1.056274956,4479.194989,876.055161
7,1057,1119363,3115,359,205,0.571031,110.651891801,359.108429947,295.463482434,0.308129474,0.374502767,43.358157061,91.719884944,50.938794730,0.472723631,0.851181448,4570.098074,903.648723
7,1057,1119363,3115,359,211,0.587744,76.167971747,361.563839246,297.319597313,0.210662581,0.256182144,44.160417175,92.019245757,51.006111808,0.479904142,0.865786777,4672.994241,916.839251
7,1057,1119363,3115,359,217,0.604457,13.799105363,363.552304392,298.952748638,0.037956314,0.046158148,41.685416998,92.037356110,51.025700599,0.452918454,0.816949430,4765.925192,919.700628
7,1057,1119363,3115,359,224,0.623955,-0.509213706,365.361448407,300.476614788,0.001393726,0.001694687,42.034308113,92.247602816,51.060344716,0.455668297,0.823228052,4861.929381,934.212347
7,1057,1119363,3115,359,230,0.640669,34.566049183,367.509153898,302.300417744,0.094054934,0.114343372,49.568773701,92.597670093,51.133657382,0.535313401,0.969396211,4958.916619,950.584870
7,1057,1119363,3115,359,237,0.660167,34.803672820,369.426803777,303.602450890,0.094209929,0.114635678,48.043114023,92.642728207,51.240279184,0.518584836,0.937604455,5058.207329,954.832673
7,1057,1119363,3115,359,244,0.679666,75.173670477,371.220241196,304.497489710,0.202504234,0.246877800,48.679793002,92.749326590,51.309689561,0.524853331,0.948744641,5154.463642,964.717560
7,1057,1119363,3115,359,252,0.701950,75.147694407,373.195417531,305.641709276,0.201362854,0.245868584,48.895137832,92.818804587,51.355201918,0.526780517,0.952097081,5262.846089,973.526463
7,1057,1119363,3115,359,259,0.721448,74.924406795,374.835095766,307.369908602,0.199886317,0.243759733,53.068668884,92.907206383,51.408189428,0.571200781,1.032299902,5355.445309,979.410584
7,1057,1119363,3115,359,267,0.743733,63.691250292,376.481863374,308.710830005,0.169174817,0.206313625,51.208064901,92.968185763,51.459035470,0.550812781,0.995122906,5454.429932,986.908388
7,1057,1119363,3115,359,275,0.766017,85.140440717,378.004000084,309.590359166,0.225236878,0.275009987,49.307738575,93.200738533,51.529385030,0.529048797,0.956885834,5550.142427,1002.055335
7,1057,1119363,3115,359,283,0.788301,121.683635964,379.601821813,310.735111678,0.320555985,0.391599248,54.492384251,93.761622587,51.604945262,0.581180047,1.055952758,5648.255557,1027.867646
7,1057,1119363,3115,359,292,0.813370,131.337220741,381.453498546,312.036951816,0.344307291,0.420902781,36.444272382,96.422973031,51.698617487,0.377962546,0.704937079,5760.666654,1087.405880
7,1057,1119363,3115,359,301,0.838440,96.323745142,383.214077363,313.276135723,0.251357533,0.307472336,49.486570557,98.042366641,51.762847585,0.504746797,0.956024888,5870.593461,1130.312100
7,1057,1119363,3115,359,310,0.863510,70.975900599,384.992791934,314.740271484,0.184356440,0.225506257,45.644939783,98.135887103,51.822731894,0.465119755,0.880789918,5981.348508,1141.221012
7,1057,1119363,3115,359,319,0.888579,97.929496606,387.106230152,316.564416153,0.252978353,0.309350930,36.691140584,98.408237728,51.870053463,0.372846231,0.707366546,6102.089766,1160.581655
7,1057,1119363,3115,359,329,0.916435,40.351897451,389.838463812,318.454066104,0.103509277,0.126711830,40.351897451,98.747414088,51.953897561,0.408637510,0.776686627,6247.554937,1179.348312
7,1057,1119363,3115,359,338,0.941504,28.285149084,391.907589955,319.867557981,0.072173007,0.088427689,43.367099380,98.849718494,52.021106717,0.438717480,0.833644305,6367.892296,1187.762231
7,1057,1119363,3115,359,349,0.972145,27.727898574,394.818908060,321.832875851,0.070229409,0.086156203,42.072104743,99.072587753,52.091522125,0.424659391,0.807657427,6526.408188,1206.060326
7,1057,1119363,3115,359,359,1.000000,57.375631968,397.351045226,323.665649467,0.144395322,0.177268215,44.332792741,99.096193755,52.192200949,0.447371297,0.849414126,6667.734543,1210.784168
7,1399,1959999,3115,629,1,0.001590,-108.828731375,108.828731375,108.828731375,1.000000000,1.000000000,1.897656154,1.897656154,1.897656154,1.000000000,1.000000000,108.828731,1.897656
7,1399,1959999,3115,629,2,0.003180,1.897656154,155.254712224,155.254712224,0.012222857,0.012222857,1.897656154,1.897656154,12.457887716,1.000000000,0.152325675,219.555119,1.897656
7,1399,1959999,3115,629,3,0.004769,100.311535105,183.818707530,183.818707530,0.545709065,0.545709065,23.788246538,21.972688644,25.187237119,1.082627935,0.944456370,317.968998,23.788247
7,1399,1959999,3115,629,4,0.006359,100.311535105,199.110850863,183.818707530,0.503797431,0.545709065,26.490427407,22.138220969,25.331772444,1.196592420,1.045739198,394.492286,26.490427
7,1399,1959999,3115,629,5,0.007949,174.132642803,212.355096179,198.088044010,0.820006894,0.879066900,68.428586475,47.422674046,32.884661951,1.442950822,2.080866350,468.313394,68.428586
7,1399,1959999,3115,629,6,0.009539,121.280614639,218.833324140,205.017584760,0.554214561,0.591562011,57.867190674,48.584494388,34.539022466,1.191062939,1.675414836,521.165422,78.989982
7,1399,1959999,3115,629,7,0.011129,184.694038604,227.836094799,214.600727864,0.810644331,0.860640318,70.126418097,50.107302382,35.078714874,1.399524915,1.999115941,584.578846,91.249210
7,1399,1959999,3115,629,8,0.012719,184.694038604,234.927054658,214.600727864,0.786176113,0.860640318,70.126161044,50.107302382,35.078714874,1.399519785,1.999108613,641.862657,91.249467
7,1399,1959999,3115,629,9,0.014308,184.694038604,241.810195510,214.600727864,0.763797565,0.860640318,86.798722732,52.808295421,36.055648871,1.643656968,2.407354338,699.146595,107.922028
7,1399,1959999,3115,629,10,0.015898,135.746380668,246.714498702,220.112120560,0.550216470,0.616714701,69.641223310,55.525632385,39.929808438,1.254217563,1.744091095,748.094253,125.079528
7,1399,1959999,3115,629,11,0.017488,201.851538026,255.417179726,229.824362170,0.790281759,0.878286080,106.524521018,66.659384197,43.982769517,1.598042381,2.421960286,814.199411,161.962826
7,1399,1959999,3115,629,12,0.019078,201.851538026,259.826376148,229.824362170,0.776870851,0.878286080,112.822883890,66.956275855,44.095366628,1.685023285,2.558610859,861.862919,168.261188
7,1399,1959999,3115,629,13,0.020668,246.365865094,263.611970624,234.095627385,0.934577684,1.052415493,124.948798435,68.045430999,44.280231388,1.836255522,2.821773837,906.377246,180.387103
7,1399,1959999,3115,629,14,0.022258,205.893509541,266.700736070,237.568462396,0.772002030,0.866670211,128.770389782,68.152661286,44.321439867,1.889440373,2.905374694,946.849602,184.208694
7,1399,1959999,3115,629,15,0.023847,167.331949662,269.474073931,240.677726899,0.620957509,0.695253158,123.926127722,68.324608416,44.585388939,1.813784676,2.779523307,985.411162,189.052956
7,1399,1959999,3115,629,16,0.025437,167.331949662,272.947507589,240.677726899,0.613055423,0.695253158,113.484846542,69.117815850,45.791672382,1.641904408,2.478285693,1028.816984,199.494238
7,1399,1959999,3115,629,17,0.027027,221.179052782,278.208289620,246.627814205,0.795012446,0.896813093,129.411630907,70.929083796,46.478950876,1.824521395,2.784306196,1082.664087,215.421022
7,1399,1959999,3115,629,18,0.028617,221.179052782,281.966606787,246.627814205,0.784415769,0.896813093,147.968946523,73.316498082,47.396058541,2.018221688,3.121967334,1128.547798,233.978338
7,1399,1959999,3115,629,19,0.030207,257.784105911,284.332722805,249.329518217,0.906628345,1.033909293,147.366016122,73.318977189,47.396484648,2.009930059,3.109218273,1165.152851,234.581268
7,1399,1959999,3115,629,20,0.031797,257.784105911,286.705041980,249.329518217,0.899126517,1.033909293,161.926489820,74.750784681,47.644340001,2.166217927,3.398651127,1201.958881,249.141742
7,1399,1959999,3115,629,21,0.033386,225.831567214,288.480061401,251.368600632,0.782832498,0.898408022,132.954779644,80.168820628,49.797822560,1.658435020,2.669891429,1233.911419,278.113452
7,1399,1959999,3115,629,22,0.034976,179.393173429,292.193891523,255.622177835,0.613952511,0.701790333,140.428435286,80.516428942,50.355522640,1.744096666,2.788739505,1280.349813,285.587107
7,1399,1959999,3115,629,23,0.036566,218.357911572,294.780462483,258.574841428,0.740747571,0.844466965,145.159608450,80.655311847,50.411056925,1.799752615,2.879519243,1319.314551,290.318281
7,1399,1959999,3115,629,24,0.038156,218.357911572,297.043799728,258.574841428,0.735103415,0.844466965,139.896407168,80.826855789,50.479698713,1.730815900,2.771339979,1355.913703,295.581482
7,1399,1959999,3115,629,25,0.039746,218.357911572,299.623214847,258.574841428,0.728775011,0.844466965,141.892826482,80.851507759,50.489567286,1.754980586,2.810339524,1395.144455,297.577901
7,1399,1959999,3115,629,26,0.041335,180.125369027,302.052641413,261.386066822,0.596337672,0.689116184,141.920879639,80.851512626,50.489575079,1.755327452,2.810894713,1433.376998,297.605954
7,1399,1959999,3115,629,27,0.042925,180.125369027,304.459161784,261.386066822,0.591624072,0.689116184,130.966568119,81.590220215,51.664244237,1.605174833,2.534955656,1471.581487,308.560266
7,1399,1959999,3115,629,28,0.044515,180.125369027,308.402284202,261.386066822,0.584059776,0.689116184,146.596929382,83.073896189,53.976868432,1.764656963,2.715921350,1520.740288,324.190627
7,1399,1959999,3115,629,29,0.046105,213.653808672,310.219479024,263.527668745,0.688718224,0.810745261,136.385988360,83.699077322,54.217784489,1.629480189,2.515521238,1554.268728,334.401568
7,1399,1959999,3115,629,30,0.047695,252.287718828,312.615905193,266.344534781,0.807021379,0.947223186,137.611435851,83.708047797,54.219323242,1.643945110,2.538051522,1592.902638,335.627016
7,1399,1959999,3115,629,31,0.049285,290.513146487,314.944260941,269.073585711,0.922427180,1.079679173,161.640676318,87.088699976,54.551102534,1.856046495,2.963105580,1631.128065,359.656256
7,1399,1959999,3115,629,32,0.050874,290.513146487,316.587893953,269.073585711,0.917638204,1.079679173,200.096718949,95.201412166,55.391804345,2.101825114,3.612388535,1663.346183,398.112299
7,1399,1959999,3115,629,33,0.052464,267.909039603,317.393825153,270.021369850,0.844090270,0.992177174,179.272798432,97.452268029,55.825027803,1.839595959,3.211333796,1685.950290,418.936219
7,1399,1959999,3115,629,34,0.054054,238.363625879,318.766014057,271.632972313,0.747769886,0.877520957,170.341840175,97.860648677,56.003341267,1.740657174,3.041637094,1715.495703,427.867178
7,1399,1959999,3115,629,35,0.055644,204.352733027,320.575283748,273.753926877,0.637456296,0.746483294,169.753254858,97.862418691,56.006434146,1.734611275,3.030959879,1749.506596,428.455763
7,1399,1959999,3115,629,36,0.057234,204.352733027,322.437027092,273.753926877,0.633775639,0.746483294,169.907247173,97.862539849,56.006645850,1.736182685,3.033697958,1784.106075,428.609755
7,1399,1959999,3115,629,38,0.060413,205.663613532,325.960166289,277.894955060,0.630947075,0.740076816,173.508146142,97.902548729,56.030540764,1.772253617,3.096670919,1851.686166,432.210654
7,1399,1959999,3115,629,39,0.062003,173.508146142,327.542369916,279.749137856,0.529727333,0.620227635,173.508146142,97.902548729,56.324111990,1.772253617,3.080530523,1883.841633,432.210654
7,1399,1959999,3115,629,40,0.063593,173.508146142,329.727632161,279.749137856,0.526216578,0.620227635,173.508146142,97.902548729,56.392620935,1.772253617,3.076788120,1921.740278,432.210654
7,1399,1959999,3115,629,41,0.065183,208.627924035,331.592687208,281.944992738,0.629169255,0.739959671,174.242106803,97.905299887,56.397397051,1.779700455,3.089541644,1956.860056,432.944615
7,1399,1959999,3115,629,43,0.068362,274.366417890,334.841880547,285.759258272,0.819390984,0.960131334,191.347648761,98.712272750,56.598647709,1.938438286,3.380781282,2022.598550,450.050157
7,1399,1959999,3115,629,44,0.069952,274.366417890,335.983445482,285.759258272,0.816606954,0.960131334,187.098003547,98.803705780,56.616371589,1.893633463,3.304662561,2050.271473,454.299802
7,1399,1959999,3115,629,46,0.073132,251.023598763,338.047275084,286.711075637,0.742569508,0.875528084,190.493413089,101.247517921,57.326742608,1.881462548,3.322941518,2102.703764,485.384306
7,1399,1959999,3115,629,47,0.074722,281.288691601,339.399375421,288.304035243,0.828783763,0.975666856,174.793276918,102.457572492,57.565125475,1.706006425,3.036443949,2132.968857,501.084443
7,1399,1959999,3115,629,49,0.077901,281.288691601,342.469858049,288.304035243,0.821353135,0.975666856,193.379119957,104.377029816,57.947009539,1.852698053,3.337171694,2197.338181,522.264311
7,1399,1959999,3115,629,50,0.079491,281.288691601,343.721225193,288.304035243,0.818362880,0.975666856,189.425843151,104.451868105,57.961991021,1.813522789,3.268104491,2226.641372,526.217588
7,1399,1959999,3115,629,52,0.082671,250.667742117,345.818697414,289.925609915,0.724853063,0.864593308,202.633403990,105.731345584,58.539077335,1.916493192,3.461506625,2279.815554,545.280896
7,1399,1959999,3115,629,54,0.085851,274.684911181,347.933125279,290.918689146,0.789476170,0.944198229,199.928667923,108.171448363,59.032342340,1.848257289,3.386764949,2333.666659,577.476765
7,1399,1959999,3115,629,55,0.087440,249.766163429,348.824316320,291.983951073,0.716022799,0.855410589,199.585054264,108.171994117,59.032592351,1.845071415,3.380929861,2358.585407,577.820379
7,1399,1959999,3115,629,57,0.090620,226.407709950,350.504717421,292.916788582,0.645947683,0.772942074,203.772085142,108.229864130,59.062421346,1.882771329,3.450113973,2407.034415,582.007410
7,1399,1959999,3115,629,59,0.093800,230.414563577,352.243878729,294.995657935,0.654133620,0.781077814,202.028411367,108.243909241,59.223854058,1.866418284,3.411267547,2456.312518,583.751083
7,1399,1959999,3115,629,61,0.096979,265.288340636,355.102385328,297.049858655,0.747075637,0.893076812,203.642486254,108.740382115,59.715689314,1.872740212,3.410200713,2519.572448,598.340408
7,1399,1959999,3115,629,63,0.100159,234.465413445,358.002095359,298.644724326,0.654927489,0.785098126,200.143023101,108.775332957,59.779310030,1.839967000,3.348031668,2583.828044,601.839871
7,1399,1959999,3115,629,65,0.103339,204.774565491,360.867112956,300.117006882,0.567451447,0.682315766,204.774565491,108.873891475,60.115421326,1.880841795,3.406356655,2647.841282,606.471414
7,1399,1959999,3115,629,67,0.106518,253.427488216,362.506165624,302.085856542,0.699098422,0.838925367,208.508065045,108.906189704,60.156151357,1.914565789,3.466113778,2696.494205,610.204913
7,1399,1959999,3115,629,70,0.111288,248.806668653,365.432165724,304.764456111,0.680855962,0.816390047,187.604207897,110.616809549,61.062726977,1.695982814,3.072319518,2775.784067,640.350409
7,1399,1959999,3115,629,72,0.114467,279.407899031,367.570644715,306.296929481,0.760147479,0.912212537,208.697474387,111.928573723,61.327750375,1.864559401,3.402985975,2831.506520,661.443676
7,1399,1959999,3115,629,74,0.117647,278.026893636,369.169730832,308.214081955,0.753114003,0.902057725,199.224707624,112.134352536,61.357417251,1.776660792,3.246953939,2880.027808,670.916443
7,1399,1959999,3115,629,77,0.122417,252.604396763,371.915011430,309.260769680,0.679199250,0.816800647,202.070649937,112.175974127,61.365979638,1.801371920,3.292877440,2958.141291,674.699559
7,1399,1959999,3115,629,79,0.125596,301.731921836,373.535167443,311.207276992,0.807773801,0.969552913,225.302869077,113.854123944,61.565864068,1.978873152,3.659542061,3007.268816,697.931778
7,1399,1959999,3115,629,82,0.130366,282.768129286,374.773356902,311.784532459,0.754504353,0.906934437,215.627896251,117.533310921,62.037642082,1.834610925,3.475759056,3059.546729,746.809999
7,1399,1959999,3115,629,84,0.133545,305.148206964,375.944862717,312.586728057,0.811683407,0.976203337,224.751479080,118.141040692,62.109747061,1.902399689,3.618618489,3101.384528,761.065274
7,1399,1959999,3115,629,87,0.138315,240.363520654,377.815322372,314.833830096,0.636193152,0.763461540,217.640832013,118.408639357,62.250675122,1.838048585,3.496200348,3166.169214,771.290000
7,1399,1959999,3115,629,90,0.143084,265.099829259,380.015644814,315.804093603,0.697602409,0.839443929,214.536499565,118.536063947,62.335669545,1.809883781,3.441633035,3236.850333,780.451079
7,1399,1959999,3115,629,93,0.147854,213.990989337,382.742523612,317.865429209,0.559099071,0.673212529,213.990989337,118.579842126,62.468466197,1.804615232,3.425584177,3315.775419,784.974731
7,1399,1959999,3115,629,96,0.152623,159.492567615,385.339768292,320.196416497,0.413901135,0.498108534,206.208448059,118.835400727,62.617012426,1.735244269,3.293169701,3392.803456,796.070569
7,1399,1959999,3115,629,99,0.157393,182.850507837,387.831301901,321.047252766,0.471469185,0.569543911,206.886360249,118.903237339,62.745658247,1.739955655,3.297221928,3468.687964,802.795942
7,1399,1959999,3115,629,103,0.163752,270.667202776,391.872050745,325.029539779,0.690703004,0.832746473,223.275614381,119.428330953,63.251757760,1.869536421,3.529951139,3580.540511,819.185196
7,1399,1959999,3115,629,106,0.168521,274.572071002,393.559868503,326.202969034,0.697662778,0.841721557,240.811489492,120.095501897,63.416683139,2.005166602,3.797289255,3643.134925,836.721072
7,1399,1959999,3115,629,109,0.173291,312.069151979,394.950214178,327.289433470,0.790148076,0.953495958,220.183396132,120.785945396,63.528283935,1.822922323,3.465911284,3700.286657,857.349165
7,1399,1959999,3115,629,113,0.179650,337.106088923,397.374803956,329.643746445,0.848332822,1.022637598,227.611544385,122.777246150,63.744584342,1.853857710,3.570680501,3787.704057,898.618706
7,1399,1959999,3115,629,117,0.186010,338.391506436,399.742112481,331.012806111,0.846524536,1.022291284,232.816275987,124.678005723,63.886298526,1.867340391,3.644228596,3874.457320,936.826386
7,1399,1959999,3115,629,121,0.192369,297.574295202,401.608101021,332.270218786,0.740956904,0.895579195,243.765660923,125.172229777,63.981456187,1.947442027,3.809942372,3951.524233,955.410299
7,1399,1959999,3115,629,125,0.198728,264.234497687,402.908270980,333.110306711,0.655818003,0.793234230,245.047745284,125.317641171,64.115585031,1.955413005,3.821968483,4016.062148,964.726372
7,1399,1959999,3115,629,129,0.205087,261.139947622,404.863884079,334.326809473,0.645006774,0.781091855,237.659670456,125.409557388,64.182796121,1.895068250,3.702856292,4095.417756,973.404125
7,1399,1959999,3115,629,133,0.211447,280.043957077,407.257971332,336.582237659,0.687632844,0.832022388,228.777027904,126.149236532,64.421408172,1.813542707,3.551257795,4183.281990,998.118557
7,1399,1959999,3115,629,137,0.217806,279.639401406,410.466630892,338.498412196,0.681271948,0.826117321,234.928009413,126.287608750,64.500248214,1.860261761,3.642280703,4285.710697,1005.799915
7,1399,1959999,3115,629,142,0.225755,283.487178806,412.874427361,340.879009261,0.686618400,0.831635774,242.721339960,126.703986576,64.602506514,1.915656693,3.757150505,4385.049246,1026.304495
7,1399,1959999,3115,629,146,0.232114,224.830864653,414.868078795,342.559036798,0.541933391,0.656327349,242.999540703,126.754154198,64.705557421,1.917093307,3.755466306,4466.111704,1031.784213
7,1399,1959999,3115,629,151,0.240064,261.090656205,416.780441285,343.517312865,0.626446518,0.760050939,240.223447615,126.790124546,64.795243714,1.894654244,3.707424092,4555.257400,1035.799482
7,1399,1959999,3115,629,156,0.248013,260.769510063,419.016802309,344.498429515,0.622336643,0.756954133,238.295717211,126.841078363,64.892508669,1.878695138,3.672160656,4651.807589,1043.041189
7,1399,1959999,3115,629,161,0.255962,215.872695173,422.076384981,347.417196575,0.511454094,0.621364450,239.354928707,126.863631259,64.964800189,1.886710370,3.684378741,4765.186084,1046.586886
7,1399,1959999,3115,629,167,0.265501,261.963245020,426.007812454,350.656573808,0.614925918,0.747064976,237.523131206,126.868468894,64.988675026,1.872199872,3.654838802,4906.568799,1048.418683
7,1399,1959999,3115,629,172,0.273450,281.764319785,428.716968476,351.215198015,0.657226890,0.802255487,244.970876103,127.051710701,65.152801995,1.928119462,3.759943834,5013.872147,1062.774479
7,1399,1959999,3115,629,178,0.282989,282.372749196,431.158677702,353.215262418,0.654916076,0.799435300,247.140569797,127.178301192,65.175829363,1.943260505,3.791905254,5126.085744,1074.975081
7,1399,1959999,3115,629,184,0.292528,319.944422307,433.333281497,355.018524171,0.738333371,0.901204868,246.421427111,127.823793299,65.262787042,1.927821267,3.775833645,5232.129103,1100.103511
7,1399,1959999,3115,629,190,0.302067,315.845271824,435.026252777,356.428113859,0.726037267,0.886140177,254.288811908,128.972850901,65.505556865,1.971646049,3.881942603,5325.468107,1135.206359
7,1399,1959999,3115,629,196,0.311606,349.499226847,436.785784145,357.875177506,0.800161634,0.976595329,274.185178530,131.575145148,65.662416541,2.083867574,4.175679071,5421.289755,1183.859976
7,1399,1959999,3115,629,203,0.322734,330.469894513,438.517232545,359.390480307,0.753607544,0.919528793,243.823988700,132.521328837,65.712055711,1.839884876,3.710490960,5524.044047,1219.265822
7,1399,1959999,3115,629,209,0.332273,284.870033273,440.183144541,360.361934698,0.647162520,0.790510889,248.064169385,133.639564909,65.837289307,1.856218026,3.767836920,5617.375700,1246.591121
7,1399,1959999,3115,629,216,0.343402,229.230367690,442.699180782,362.644327602,0.517801653,0.632107964,246.646998946,133.683431643,65.880559278,1.845007986,3.743851018,5741.989955,1253.685846
7,1399,1959999,3115,629,223,0.354531,195.006734756,445.161543441,365.207664819,0.438058358,0.533961232,246.884889850,134.744905809,65.999134718,1.832239136,3.740729191,5865.497271,1284.984639
7,1399,1959999,3115,629,231,0.367250,257.224114481,448.879095565,368.148854150,0.573036519,0.698695953,257.224114481,135.114051238,66.120401758,1.903755473,3.890238227,6028.143198,1306.558997
7,1399,1959999,3115,629,238,0.378378,259.313770464,451.542534021,370.058720627,0.574284261,0.700736818,259.313770464,135.121289089,66.190692839,1.919118536,3.917677234,6157.579488,1308.648653
7,1399,1959999,3115,629,246,0.391097,312.649343197,454.591092759,371.348057592,0.687759501,0.841930735,264.245816524,135.273550493,66.284721617,1.953418207,3.986526760,6305.902074,1322.875369
7,1399,1959999,3115,629,254,0.403816,264.613597407,456.970381027,373.160643815,0.579060719,0.709114430,264.613597407,135.343058022,66.327989139,1.955132397,3.989471124,6437.417206,1331.794447
7,1399,1959999,3115,629,262,0.416534,273.563952533,459.677177598,375.151649543,0.595121894,0.729208982,252.408408015,135.546996578,66.404606943,1.862146815,3.801067722,6577.383254,1347.123744
7,1399,1959999,3115,629,271,0.430843,308.946757754,462.700054533,377.680968349,0.667704174,0.818009865,256.743526750,135.811896615,66.511041253,1.890434735,3.860163996,6734.719557,1367.073628
7,1399,1959999,3115,629,280,0.445151,310.696498820,464.831422465,378.830010640,0.668406833,0.820147533,267.315272391,136.176896207,66.584938949,1.963000185,4.014650709,6867.395996,1393.241442
7,1399,1959999,3115,629,289,0.459459,370.696391409,467.033167729,380.605248686,0.793726050,0.973965526,252.415833891,137.149374101,66.635142535,1.840444665,3.788028723,7003.220276,1436.478861
7,1399,1959999,3115,629,299,0.475358,341.237549583,469.663154873,382.598794312,0.726558058,0.891893949,259.568575223,139.115607963,66.716774321,1.865847974,3.890604392,7159.931621,1500.234567
7,1399,1959999,3115,629,308,0.489666,294.249403015,471.514441037,383.881845358,0.624051731,0.766510338,268.911698327,139.308004954,66.773077875,1.930339168,4.027247311,7284.189684,1517.812192
7,1399,1959999,3115,629,319,0.507154,326.438611059,474.166779769,386.217312387,0.688446819,0.845220037,264.019220263,139.680520610,66.865308128,1.890164921,3.948523198,7449.831098,1545.908120
7,1399,1959999,3115,629,329,0.523052,266.345520844,476.749822697,388.069348715,0.558669365,0.686334857,266.345520844,139.779444401,66.925283764,1.905469878,3.979744364,7606.326830,1558.059681
7,1399,1959999,3115,629,340,0.540541,240.036777438,478.984131397,389.569960975,0.501137223,0.616158332,268.465092046,139.840865480,67.027893756,1.919789978,4.005274178,7758.317455,1567.884755
7,1399,1959999,3115,629,351,0.558029,260.616347963,481.725601176,391.146436116,0.541005808,0.666288438,276.114557502,140.152436260,67.150464542,1.970101733,4.111878591,7928.005044,1593.324529
7,1399,1959999,3115,629,363,0.577107,273.090230122,484.857013191,393.322676967,0.563238692,0.694316006,273.090230122,140.177759052,67.255417893,1.948170894,4.060494138,8117.992300,1598.124897
7,1399,1959999,3115,629,375,0.596184,319.396593374,488.239064767,395.678749183,0.654180741,0.807211896,274.202533931,140.507017550,67.386707552,1.951521986,4.069089349,8316.172921,1619.922876
7,1399,1959999,3115,629,387,0.615262,303.127878070,490.707059304,397.423014912,0.617736942,0.762733578,276.689729527,140.599928670,67.427454030,1.967922261,4.103517380,8486.254930,1635.590273
7,1399,1959999,3115,629,400,0.635930,262.769833853,493.690003108,399.927644019,0.532256745,0.657043437,279.719541034,140.715773967,67.510611665,1.987833582,4.143341826,8680.392373,1650.662814
7,1399,1959999,3115,629,413,0.656598,282.513580104,496.657539436,402.549070097,0.568829742,0.701811533,282.513580104,140.755359555,67.602344920,2.007124851,4.179050008,8875.240058,1656.624477
7,1399,1959999,3115,629,426,0.677266,294.117356049,499.217802005,404.211937611,0.589156386,0.727631543,279.260453214,140.762906221,67.672129119,1.983906561,4.126668643,9057.001250,1659.877604
7,1399,1959999,3115,629,441,0.701113,374.998672749,502.085243137,406.546690732,0.746882482,0.922400013,274.777350597,141.691763307,67.766244238,1.939261282,4.054782048,9264.271112,1708.031397
7,1399,1959999,3115,629,455,0.723370,346.544231089,504.458086673,408.624752041,0.686963378,0.848074497,296.088127107,142.917619020,67.832130323,2.071739854,4.365012947,9446.762925,1766.297071
7,1399,1959999,3115,629,470,0.747218,373.012506073,506.717937490,410.541163988,0.736134402,0.908587345,298.227219011,143.940953422,67.888290876,2.071871916,4.392910989,9631.040207,1817.072670
7,1399,1959999,3115,629,485,0.771065,337.713818433,508.870233962,412.043448598,0.663654103,0.819607300,293.014727363,145.590124588,67.999819039,2.012600293,4.309051576,9811.843971,1879.532888
7,1399,1959999,3115,629,501,0.796502,347.756399755,511.092983373,413.550045976,0.680417089,0.840905238,279.121590752,146.491973001,68.087570695,1.905371230,4.099449986,10001.533746,1928.176954
7,1399,1959999,3115,629,518,0.823529,309.878976819,513.747109792,415.699415125,0.603174151,0.745440012,285.443437199,147.066539622,68.166571896,1.940913534,4.187440108,10216.331984,1971.996454
7,1399,1959999,3115,629,535,0.850556,299.729308445,516.064674446,417.272670245,0.580797957,0.718305630,287.109458862,147.192094425,68.250965492,1.950576626,4.206672489,10417.480473,1990.764686
7,1399,1959999,3115,629,553,0.879173,225.266459069,518.760859667,419.080562796,0.434239505,0.537525428,295.695368403,147.419285320,68.305247657,2.005811979,4.329028567,10641.392396,2013.280991
7,1399,1959999,3115,629,571,0.907790,227.262909935,522.546940485,422.151809879,0.434913866,0.538344038,299.636795521,148.564902349,68.400311501,2.016874718,4.380634955,10907.402569,2077.078336
7,1399,1959999,3115,629,590,0.937997,215.427944110,525.766585263,424.470826437,0.409740653,0.507521202,305.024931349,149.787414434,68.487934781,2.036385584,4.453703157,11160.277654,2150.889018
7,1399,1959999,3115,629,609,0.968203,314.271455930,529.621289171,427.160061487,0.593389017,0.735722939,300.069117474,150.138508476,68.548398454,1.998615282,4.377478165,11437.774738,2188.210377
7,1399,1959999,3115,629,629,1.000000,331.283810156,533.344618811,430.145400102,0.621144000,0.770167041,305.198131703,150.462602377,68.621726719,2.028398598,4.447543749,11718.432716,2223.794185
7,1742,3038048,3115,974,1,0.001027,-176.577694335,176.577694335,176.577694335,1.000000000,1.000000000,-98.385475081,98.385475081,98.385475081,1.000000000,1.000000000,176.577694,98.385475
7,1742,3038048,3115,974,2,0.002053,-98.385475081,193.115782080,193.115782080,0.509463670,0.509463670,-98.385475081,98.385475081,99.990787484,1.000000000,0.983945397,254.769914,98.385475
7,1742,3038048,3115,974,3,0.003080,-2.347923811,215.677807255,215.677807255,0.010886256,0.010886256,-117.212788703,100.170701531,101.747851672,1.170130456,1.151992762,350.807465,117.212789
7,1742,3038048,3115,974,4,0.004107,-2.347923811,244.358044126,215.677807255,0.009608539,0.010886256,-72.761390633,109.590584612,111.034013304,0.663938338,0.655307220,465.672330,161.664187
7,1742,3038048,3115,974,5,0.005133,68.065543011,254.300825871,226.880966263,0.267657578,0.300005523,-78.396880572,109.735386191,111.069760948,0.714417503,0.705834603,536.085797,167.299677
7,1742,3038048,3115,974,6,0.006160,-5.165668781,264.635070275,238.406760040,0.019519971,0.021667459,-73.609431425,109.839768079,111.172889979,0.670152830,0.662116739,609.317008,172.087126
7,1742,3038048,3115,974,7,0.007187,63.278093864,273.342768450,248.036956677,0.231497230,0.255115587,-74.798209578,109.846200868,111.174478927,0.680935790,0.672800181,677.760771,173.275904
7,1742,3038048,3115,974,8,0.008214,63.278093864,281.926471721,248.036956677,0.224448926,0.255115587,-34.238108109,117.095301684,113.009049295,0.292395234,0.302967845,746.798923,213.836005
7,1742,3038048,3115,974,9,0.009240,63.278093864,286.111670278,248.036956677,0.221165721,0.255115587,-94.969456500,131.907567462,117.017602915,0.719969736,0.811582652,795.557024,274.567354
7,1742,3038048,3115,974,10,0.010267,-15.845681318,296.850904779,260.351500239,0.053379259,0.060862646,-70.087818187,134.233759833,119.633671335,0.522132571,0.585853610,874.680799,299.448992
7,1742,3038048,3115,974,11,0.011294,38.396455550,301.765917691,265.941935559,0.127239205,0.144379093,-73.370233751,134.273886258,119.644928351,0.546422211,0.613233129,928.922936,302.731408
7,1742,3038048,3115,974,12,0.012320,38.396455550,306.896753468,265.941935559,0.125111964,0.144379093,-62.981746120,134.675154376,119.757626266,0.467656758,0.525910108,984.806280,313.119895
7,1742,3038048,3115,974,13,0.013347,89.085556385,311.054661166,270.729566232,0.286398397,0.329057360,-85.823675393,136.598502697,119.999423690,0.628291480,0.715200730,1035.495381,335.961825
7,1742,3038048,3115,974,14,0.014374,30.782479125,316.471564364,276.936358844,0.097267757,0.111153621,-80.545690668,136.700431828,120.028438157,0.589213140,0.671055059,1093.798459,341.239809
7,1742,3038048,3115,974,15,0.015400,-24.881605771,321.329645999,282.475197491,0.077433272,0.088084214,-71.874390747,136.975178424,120.341253977,0.524725659,0.597254793,1149.462543,349.911109
7,1742,3038048,3115,974,16,0.016427,-24.881605771,324.747691659,282.475197491,0.076618268,0.088084214,-85.569179956,137.658079152,121.117978270,0.621606668,0.706494454,1196.455328,363.605899
7,1742,3038048,3115,974,17,0.017454,35.805968413,330.369558069,288.920783015,0.108381561,0.123930055,-91.841500904,137.800902630,121.158574450,0.666479676,0.758027249,1257.142903,369.878219
7,1742,3038048,3115,974,18,0.018480,35.805968413,336.478103306,288.920783015,0.106413963,0.123930055,-50.517755263,143.863618471,122.907742438,0.351150317,0.411021749,1320.966637,411.201965
7,1742,3038048,3115,974,19,0.019507,78.967830252,339.235110685,292.126967559,0.232782008,0.270320234,-24.552785630,146.187962458,123.212101683,0.167953539,0.199272517,1364.128499,437.166935
7,1742,3038048,3115,974,20,0.020534,78.967830252,340.985607517,292.126967559,0.231586989,0.270320234,-67.893079145,152.477216035,124.056160692,0.445267043,0.547276965,1398.635371,480.507228
7,1742,3038048,3115,974,21,0.021561,30.014193786,344.481702065,296.200310092,0.087128558,0.101330730,-53.040409439,153.198900802,124.278242082,0.346219256,0.426787574,1447.589007,495.359898
7,1742,3038048,3115,974,22,0.022587,-11.513107826,346.975733786,299.097209077,0.033181306,0.038492863,-59.812933383,153.348525548,124.462639116,0.390045703,0.480569381,1489.116309,502.132422
7,1742,3038048,3115,974,23,0.023614,36.786717730,350.321328191,302.971968384,0.105008502,0.121419542,-50.560823360,153.627379811,124.548580565,0.329113361,0.405952626,1537.416135,511.384532
7,1742,3038048,3115,974,24,0.024641,36.786717730,353.033187135,302.971968384,0.104201868,0.121419542,-55.014663949,153.691927321,124.568487567,0.357954155,0.441641903,1581.089905,515.838373
7,1742,3038048,3115,974,25,0.025667,36.786717730,356.004641316,302.971968384,0.103332130,0.121419542,-67.415265728,154.191385778,124.722699721,0.437218107,0.540521219,1626.990596,528.238974
7,1742,3038048,3115,974,26,0.026694,-15.314273999,359.796912129,307.419138906,0.042563662,0.049815617,-61.908855041,154.289675632,124.844192434,0.401250795,0.495888946,1679.091588,533.745385
7,1742,3038048,3115,974,27,0.027721,-15.314273999,362.801423592,307.419138906,0.042211174,0.049815617,-60.825259296,154.293480700,124.848894926,0.394217948,0.487191011,1725.686169,534.828981
7,1742,3038048,3115,974,28,0.028747,-15.314273999,365.644804069,307.419138906,0.041882925,0.049815617,-54.686355567,154.415557265,124.999730812,0.354150557,0.437491787,1771.197154,540.967884
7,1742,3038048,3115,974,29,0.029774,24.057807569,367.758458162,309.930133696,0.065417415,0.077623325,-59.621484363,154.494400616,125.024083989,0.385913561,0.476879994,1810.569236,545.903013
7,1742,3038048,3115,974,30,0.030801,65.897453534,370.130841088,312.741496682,0.178038267,0.210709018,-45.042705753,155.180735297,125.118492718,0.290259649,0.360000387,1852.408882,560.481792
7,1742,3038048,3115,974,31,0.031828,102.877506630,371.973606391,314.920256691,0.276572060,0.326677959,-41.859112519,155.213388189,125.121024109,0.269687512,0.334548992,1889.388935,563.665385
7,1742,3038048,3115,974,32,0.032854,102.877506630,373.729389945,314.920256691,0.275272722,0.326677959,-76.413887173,159.013296062,125.418888938,0.480550300,0.609269368,1925.573090,598.220160
7,1742,3038048,3115,974,33,0.033881,58.054658179,376.407684104,318.094098998,0.154233457,0.182507813,-87.741018327,159.416223217,125.475709567,0.550389518,0.699266963,1970.395938,609.547291
7,1742,3038048,3115,974,34,0.034908,9.456099344,379.532033659,321.785139089,0.024915155,0.029386377,-73.292850349,160.069615426,125.683495658,0.457881092,0.583154136,2018.994497,623.995459
7,1742,3038048,3115,974,35,0.035934,-31.918375502,381.780580624,324.434158046,0.083603979,0.098381674,-71.007397377,160.085930294,125.704273500,0.443558014,0.564876558,2060.368972,626.280912
7,1742,3038048,3115,974,36,0.036961,-31.918375502,383.776449737,324.434158046,0.083169187,0.098381674,-65.675670477,160.174693350,125.817294868,0.410025261,0.521992390,2099.457994,631.612639
7,1742,3038048,3115,974,38,0.039014,-37.722098604,387.284123723,328.575945593,0.097401614,0.114804809,-72.484201078,160.666408400,126.042470940,0.451147205,0.575077595,2172.776307,648.019001
7,1742,3038048,3115,974,39,0.040041,-72.484201078,388.841093837,330.409678718,0.186410856,0.219376749,-72.484201078,160.666408400,126.076795942,0.451147205,0.574921028,2207.538409,648.019001
7,1742,3038048,3115,974,40,0.041068,-72.484201078,390.664789872,330.409678718,0.185540655,0.219376749,-72.484201078,160.666408400,126.138032738,0.451147205,0.574641918,2245.242279,648.019001
7,1742,3038048,3115,974,42,0.043121,4.299560152,394.446285199,334.872288571,0.010900242,0.012839403,-83.033846476,161.696877618,126.591393726,0.513515460,0.655920154,2322.026040,671.536566
7,1742,3038048,3115,974,43,0.044148,47.966263466,396.855959872,337.707315039,0.120865675,0.142035015,-71.083703665,162.137861539,126.654049636,0.438415204,0.561243039,2365.692743,683.486708
7,1742,3038048,3115,974,45,0.046201,47.966263466,400.356870467,337.707315039,0.119808768,0.142035015,-56.224550536,162.779076031,126.745403621,0.345404040,0.443602284,2440.250193,698.345862
7,1742,3038048,3115,974,46,0.047228,13.235992132,401.860442787,339.488471642,0.032936788,0.038988046,-60.782791174,162.842884866,126.765893396,0.373260344,0.479488524,2474.980465,702.904102
7,1742,3038048,3115,974,48,0.049281,50.245383784,405.566857293,341.499805927,0.123889275,0.147131515,-43.692161073,165.345549677,127.125341124,0.264247578,0.343693560,2552.275898,739.654635
7,1742,3038048,3115,974,50,0.051335,50.245383784,407.658290830,341.499805927,0.123253678,0.147131515,-11.595702687,166.937269831,127.356268643,0.069461437,0.091049328,2610.427429,771.751093
7,1742,3038048,3115,974,52,0.053388,29.631688294,408.848329664,342.121384731,0.072475992,0.086611623,-21.966073050,167.098992479,127.409279371,0.131455449,0.172405598,2654.423813,782.121464
7,1742,3038048,3115,974,53,0.054415,55.430568966,409.661493081,343.092734015,0.135308224,0.161561477,-49.204325640,169.304446757,127.732377620,0.290626304,0.385214200,2680.222694,809.359716
7,1742,3038048,3115,974,55,0.056468,20.159961815,412.653668743,344.900913108,0.048854435,0.058451460,-57.452928918,169.456157917,127.781909325,0.339043028,0.449617080,2750.371599,817.608320
7,1742,3038048,3115,974,57,0.058522,-12.339017423,415.746526361,346.428670168,0.029679183,0.035617772,-44.332244669,169.925812509,127.938486253,0.260891762,0.346512187,2821.677024,830.729004
7,1742,3038048,3115,974,59,0.060575,-11.123894670,418.295990036,349.484169332,0.026593357,0.031829467,-43.186805165,169.929673067,127.949383819,0.254145167,0.337530388,2886.878601,831.874443
7,1742,3038048,3115,974,61,0.062628,22.258525238,420.849083958,351.074878868,0.052889566,0.063401076,-53.723958123,170.184605197,128.039162614,0.315680482,0.419590046,2952.323932,842.411596
7,1742,3038048,3115,974,63,0.064682,-15.732716442,424.168309003,353.124489404,0.037090740,0.044552890,-53.751477808,170.191805816,128.048733237,0.315828824,0.419773601,3027.213255,844.625435
7,1742,3038048,3115,974,66,0.067762,-15.625546305,428.611072561,356.426957399,0.036456236,0.043839407,-42.879582654,170.380231644,128.299111989,0.251669940,0.334215740,3133.690255,855.497331
7,1742,3038048,3115,974,68,0.069815,11.628490045,430.388648479,357.467422933,0.027018580,0.032530209,-43.254691900,170.390508406,128.302523912,0.253856229,0.337130483,3188.947054,858.117127
7,1742,3038048,3115,974,70,0.071869,10.763259478,432.080701475,359.502854377,0.024910299,0.029939288,-29.874993481,170.851648761,128.457927908,0.174859264,0.232566366,3242.965005,871.496825
7,1742,3038048,3115,974,73,0.074949,62.356717623,434.563480837,361.432224667,0.143492770,0.172526724,-74.876756162,173.017280818,128.751789246,0.432770390,0.581558956,3322.139899,916.498588
7,1742,3038048,3115,974,75,0.077002,28.048349177,437.146601287,363.056906246,0.064162341,0.077256068,-60.486265616,173.355746957,128.802365682,0.348914107,0.469605238,3389.230396,930.889079
7,1742,3038048,3115,974,78,0.080082,31.206321466,440.073070930,365.385471828,0.070911682,0.085406574,-58.760855062,173.587258542,128.858505483,0.338509033,0.456010683,3476.901017,945.246378
7,1742,3038048,3115,974,81,0.083162,61.195380309,442.761706581,366.614084118,0.138212902,0.166920429,-32.731074642,174.443243940,128.930732370,0.187631655,0.253865576,3561.188338,971.276159
7,1742,3038048,3115,974,84,0.086242,66.680389424,445.245130750,368.505546901,0.149761075,0.180948130,-57.061060939,175.486275423,129.070166182,0.325159679,0.442093341,3642.182086,998.975037
7,1742,3038048,3115,974,87,0.089322,-12.123766505,447.604541933,371.352847841,0.027085888,0.032647566,-34.691273880,176.378600367,129.221977784,0.196686411,0.268462644,3720.986242,1021.401083
7,1742,3038048,3115,974,90,0.092402,15.292296873,449.656487767,372.363502683,0.034008843,0.041068195,-39.682638956,176.701687290,129.400424342,0.224574194,0.306665447,3795.057115,1039.707494
7,1742,3038048,3115,974,93,0.095483,-40.677531627,452.301648956,374.461458480,0.089934520,0.108629422,-40.677531627,176.705359496,129.568698238,0.230199762,0.313945669,3879.645449,1040.974679
7,1742,3038048,3115,974,96,0.098563,-112.885663835,456.307982251,377.929751653,0.247389194,0.298694832,-55.628652881,177.152323453,129.735681864,0.314015937,0.428784526,3983.957782,1060.403405
7,1742,3038048,3115,974,99,0.101643,-84.257158358,459.589917476,379.012517617,0.183331172,0.222307060,-53.565483422,177.221610712,129.830276696,0.302251420,0.412580831,4078.708409,1067.924819
7,1742,3038048,3115,974,103,0.105749,-0.022578209,463.214666692,382.169392800,0.000048742,0.000059079,-46.655006984,177.280580912,129.989964194,0.263170432,0.358912377,4193.634664,1074.835295
7,1742,3038048,3115,974,107,0.109856,29.022564297,466.043815806,384.888048335,0.062274326,0.075405210,-45.661871180,179.060826506,130.364372871,0.255007598,0.350263421,4295.160431,1117.805739
7,1742,3038048,3115,974,110,0.112936,85.594543384,468.424826791,386.967748267,0.182728452,0.221192964,-46.968271732,180.375746209,130.458743653,0.260391282,0.360023946,4376.627222,1152.711521
7,1742,3038048,3115,974,114,0.117043,109.133237425,471.011858040,389.495743631,0.231699554,0.280191091,-35.917919671,183.307205577,130.645093436,0.195943850,0.274927429,4474.811772,1214.108377
7,1742,3038048,3115,974,118,0.121150,58.768041672,473.718217047,391.123114260,0.124056960,0.150254586,-52.489957435,183.527890637,130.661121518,0.286005344,0.401725906,4575.890876,1230.680415
7,1742,3038048,3115,974,122,0.125257,5.002748029,476.725397784,392.968676371,0.010493983,0.012730653,-38.774774314,183.873982185,130.750234042,0.210876894,0.296556060,4682.764485,1252.074822
7,1742,3038048,3115,974,127,0.130390,0.962304673,478.504274235,393.982310419,0.002011068,0.002442507,-45.625975097,184.274697120,130.973949479,0.247597613,0.348359161,4774.198116,1273.332688
7,1742,3038048,3115,974,131,0.134497,16.310466159,480.572688325,395.807039190,0.033939644,0.041208126,-55.144658773,184.671507593,131.126872171,0.298609458,0.420544301,4862.887326,1292.824640
7,1742,3038048,3115,974,136,0.139630,-29.919871919,483.330382035,397.155374082,0.061903561,0.075335433,-48.951190351,184.752086825,131.181415341,0.264956089,0.373156443,4978.135437,1303.239239
7,1742,3038048,3115,974,140,0.143737,36.177420700,485.468036480,399.001892845,0.074520706,0.090669797,-68.156371421,185.217458158,131.292243310,0.367980276,0.519119559,5068.744704,1327.283909
7,1742,3038048,3115,974,145,0.148871,-70.115149013,489.117886012,402.527779161,0.143350205,0.174187106,-70.115149013,185.245265953,131.311858149,0.378499006,0.533959004,5202.074091,1333.037768
7,1742,3038048,3115,974,151,0.155031,-47.717645426,492.937606554,404.815052531,0.096802607,0.117875176,-74.972892910,185.278881524,131.360479795,0.404648885,0.570741619,5351.969978,1339.323142
7,1742,3038048,3115,974,156,0.160164,-44.871868095,496.402617366,406.430677032,0.090394101,0.110404727,-75.697261278,185.450469318,131.510048809,0.408180478,0.575600587,5482.751475,1351.975493
7,1742,3038048,3115,974,161,0.165298,-95.730575308,500.335618218,410.336844385,0.191332721,0.233297537,-74.484479139,185.495810319,131.591813251,0.401542649,0.566026695,5622.274700,1358.760252
7,1742,3038048,3115,974,167,0.171458,-55.831061562,502.496862381,412.113656080,0.111107284,0.135474913,-76.856119525,185.506397157,131.693693732,0.414304416,0.583597569,5735.877742,1361.744027
7,1742,3038048,3115,974,173,0.177618,-10.954841295,505.329295475,413.335253486,0.021678619,0.026503525,-78.029026299,185.561301021,131.717524356,0.420502690,0.592396696,5866.672048,1371.535704
7,1742,3038048,3115,974,179,0.183778,-9.375778920,508.368247523,415.769715798,0.018442889,0.022550413,-83.387788335,185.777763878,131.760310768,0.448857746,0.632874861,6002.549122,1389.755924
7,1742,3038048,3115,974,185,0.189938,-8.657479363,511.106028513,417.911391247,0.016938715,0.020716065,-67.415213875,186.444253351,131.825161103,0.361583758,0.511398684,6131.549597,1422.106654
7,1742,3038048,3115,974,192,0.197125,26.909433883,513.040328279,419.414301118,0.052450914,0.064159553,-55.316646402,187.566864802,131.901981707,0.294916943,0.419376917,6248.780143,1466.703877
7,1742,3038048,3115,974,198,0.203285,63.263921459,514.979216484,420.983189158,0.122847524,0.150276598,-92.249219762,189.789573341,131.979759072,0.486060526,0.698964905,6357.951988,1529.863197
7,1742,3038048,3115,974,205,0.210472,-1.265478047,518.126827747,423.799611186,0.002442410,0.002986029,-90.243954813,190.898207908,132.031648453,0.472733379,0.683502447,6508.581577,1566.159049
7,1742,3038048,3115,974,213,0.218686,-70.590765894,522.761076511,427.371846667,0.135034472,0.165174113,-93.318907668,191.175315895,132.130482251,0.488132619,0.706263279,6704.719000,1592.893281
7,1742,3038048,3115,974,220,0.225873,-171.660738132,525.431143010,429.783338221,0.326704537,0.399412269,-93.334768870,192.058776057,132.278684710,0.485969820,0.705591903,6844.000220,1629.776043
7,1742,3038048,3115,974,228,0.234086,-147.710253978,528.546827057,432.223494020,0.279464839,0.341745083,-93.372191081,192.640278032,132.330295576,0.484697136,0.705599505,7005.821936,1658.868716
7,1742,3038048,3115,974,236,0.242300,-94.883633744,531.088294086,434.075283964,0.178658869,0.218587967,-94.883633744,192.643566369,132.377181658,0.492534661,0.716767290,7152.358027,1660.380159
7,1742,3038048,3115,974,244,0.250513,-58.675211749,533.956650117,435.732220436,0.109887594,0.134658878,-105.805105828,192.761613266,132.436373192,0.548890954,0.798912740,7308.287219,1674.978825
7,1742,3038048,3115,974,253,0.259754,-80.585177984,538.255829935,438.616173368,0.149715383,0.183725961,-102.378855258,192.836485771,132.468409791,0.530910190,0.772854867,7511.868764,1687.165896
7,1742,3038048,3115,974,262,0.268994,-73.558902200,542.918683240,442.486900736,0.135487881,0.166239728,-93.712018994,193.182661844,132.583454683,0.485095392,0.706815335,7724.435584,1711.184399
7,1742,3038048,3115,974,271,0.278234,-35.470013741,546.296769741,445.335212945,0.064928104,0.079647898,-93.202337207,193.268457258,132.621768698,0.482242879,0.702768016,7906.251978,1724.504811
7,1742,3038048,3115,974,280,0.287474,-34.875530007,549.150071978,446.877929281,0.063508195,0.078042633,-88.182158608,193.624414985,132.678864889,0.455428922,0.664628528,8073.820926,1754.778659
7,1742,3038048,3115,974,290,0.297741,46.178486836,551.670268192,449.100925816,0.083706680,0.102824297,-79.832741276,194.727576272,132.716682736,0.409971422,0.601527552,8240.128322,1807.581714
7,1742,3038048,3115,974,301,0.309035,-16.763420568,553.979414869,450.635210482,0.030260006,0.037199536,-90.743136699,196.757243044,132.790487375,0.461193374,0.683355702,8407.338863,1886.907853
7,1742,3038048,3115,974,311,0.319302,-35.737440999,556.071082629,452.527203103,0.064267757,0.078973023,-85.222619653,196.905368855,132.834619777,0.432810035,0.641569342,8558.934239,1906.629242
7,1742,3038048,3115,974,322,0.330595,-19.651818648,558.447994794,454.353163347,0.035190060,0.043252299,-88.755619019,197.685942094,132.915325688,0.448972841,0.667760610,8729.117909,1951.359347
7,1742,3038048,3115,974,333,0.341889,-89.131683220,561.628510925,456.423478638,0.158702205,0.195282862,-89.131683220,197.755341276,132.937388594,0.450716945,0.670478668,8926.897421,1961.583488
7,1742,3038048,3115,974,345,0.354209,-125.450952979,564.940957457,458.480671465,0.222060290,0.273623210,-90.036167230,197.857477913,132.989469737,0.455055670,0.677017266,9138.316793,1980.057813
7,1742,3038048,3115,974,357,0.366530,-63.665443115,569.262764705,461.523669265,0.111838411,0.137946215,-83.934278539,197.938232430,133.037498635,0.424042781,0.630906920,9380.197010,1992.676530
7,1742,3038048,3115,974,370,0.379877,-45.791258503,573.223192741,464.087397489,0.079883820,0.098669472,-84.314971505,197.968717227,133.110632332,0.425900479,0.633420261,9622.354123,2000.792296
7,1742,3038048,3115,974,383,0.393224,-45.117306869,576.993392458,466.810129040,0.078193802,0.096650231,-78.039639299,198.271531735,133.190933176,0.393599820,0.585923061,9858.968391,2030.172421
7,1742,3038048,3115,974,396,0.406571,-104.389766159,579.901702715,468.940143700,0.180012864,0.222607869,-73.283496052,198.454366372,133.247657159,0.369271271,0.549979622,10067.621793,2054.015649
7,1742,3038048,3115,974,410,0.420945,-33.083766926,584.063913035,472.530266811,0.056644087,0.070014069,-71.705652756,198.490351211,133.292236104,0.361255105,0.537958210,10326.350505,2062.091987
7,1742,3038048,3115,974,425,0.436345,-73.644368166,587.552380492,474.835966615,0.125340941,0.155094334,-73.644368166,198.519372216,133.351097717,0.370968170,0.552259182,10573.416908,2070.069459
7,1742,3038048,3115,974,440,0.451745,19.313680090,590.143376692,477.142955196,0.032727098,0.040477764,-83.047562839,199.347325237,133.404121058,0.416597327,0.622526217,10786.740526,2116.200512
7,1742,3038048,3115,974,455,0.467146,-11.658407877,593.114812844,479.628925427,0.019656241,0.024307141,-91.669287918,200.396676181,133.436051497,0.457439163,0.686990411,11016.159966,2182.230281
7,1742,3038048,3115,974,471,0.483573,6.424280113,596.384372745,482.403591856,0.010772046,0.013317231,-73.270013882,201.436991691,133.480916717,0.363736637,0.548917521,11264.926876,2252.281892
7,1742,3038048,3115,974,488,0.501027,-7.702616151,599.088592021,484.240052975,0.012857224,0.015906607,-86.144406566,202.089490735,133.511849840,0.426268611,0.645219182,11497.950822,2309.573720
7,1742,3038048,3115,974,505,0.518480,-23.032704870,602.776216531,487.216335560,0.038211038,0.047274082,-90.343689104,202.586731712,133.543976155,0.445950672,0.676508905,11772.260499,2361.448907
7,1742,3038048,3115,974,523,0.536961,-24.290289069,605.683293992,489.338407064,0.040103944,0.049639041,-72.252237052,203.161347299,133.599074806,0.355639683,0.540813903,12022.069405,2409.479050
7,1742,3038048,3115,974,541,0.555441,-71.226270033,609.291703890,491.593664004,0.116900115,0.144888503,-71.226270033,203.234630487,133.676235596,0.350463255,0.532826719,12302.066517,2427.032075
7,1742,3038048,3115,974,560,0.574949,-145.628022811,612.919082554,494.254136407,0.237597469,0.294641991,-56.977688852,204.049321167,133.744991154,0.279234886,0.426017366,12591.739740,2486.462527
7,1742,3038048,3115,974,580,0.595483,-147.628670738,617.587273402,497.866369580,0.239040986,0.296522681,-67.959719282,204.852093145,133.795538670,0.331750182,0.507937110,12929.618875,2548.155342
7,1742,3038048,3115,974,600,0.616016,-135.314996524,620.976994477,500.637878085,0.217906618,0.270285175,-81.031510320,205.683412666,133.833928570,0.393962300,0.605463138,13218.810412,2609.011364
7,1742,3038048,3115,974,621,0.637577,1.096708397,624.916769078,503.678147233,0.001754967,0.002177399,-81.885880663,205.767121480,133.857627286,0.397954154,0.611738624,13538.079824,2622.742148
7,1742,3038048,3115,974,643,0.660164,-22.909824186,628.760003405,506.463836426,0.036436516,0.045234867,-82.488975838,205.887512031,133.892679871,0.400650700,0.616082790,13862.592669,2642.676408
7,1742,3038048,3115,974,666,0.683778,88.101418934,632.358882551,509.199181691,0.139321865,0.173019561,-74.921895290,207.735626542,133.929676419,0.360659828,0.559412203,14185.027134,2744.605483
7,1742,3038048,3115,974,689,0.707392,47.963741468,635.774806320,511.985265088,0.075441400,0.093681879,-73.579732114,209.903026124,133.959469178,0.350541550,0.549268615,14500.435109,2860.540973
7,1742,3038048,3115,974,714,0.733060,-25.786380068,638.654515229,514.271720736,0.040376102,0.050141548,-62.476692467,210.472487355,133.986850662,0.296840187,0.466289730,14802.051839,2924.637727
7,1742,3038048,3115,974,739,0.758727,-42.986069232,641.668582069,516.189972520,0.066991077,0.083275677,-66.902667026,210.722493718,134.044646586,0.317491815,0.499107340,15111.813060,2965.031858
7,1742,3038048,3115,974,765,0.785421,-16.557436578,644.749630020,518.548745122,0.025680413,0.031930338,-65.425465790,210.984619289,134.088300122,0.310095902,0.487928221,15432.180172,3012.463325
7,1742,3038048,3115,974,792,0.813142,-54.782622891,647.850254702,521.009450686,0.084560626,0.105147081,-67.672181565,211.068943117,134.127863144,0.320616480,0.504534852,15760.065910,3037.197727
7,1742,3038048,3115,974,819,0.840862,-103.687138054,650.914190743,523.538326577,0.159294634,0.198050711,-69.289411650,211.115932888,134.166540540,0.328205506,0.516443305,16087.411701,3055.261433
7,1742,3038048,3115,974,848,0.870637,-57.176602960,654.242218120,525.506482380,0.087393631,0.108802850,-70.276567356,211.217942424,134.198969600,0.332720632,0.523674418,16442.004626,3085.042943
7,1742,3038048,3115,974,878,0.901437,-93.953904801,658.766971809,528.958004411,0.142620849,0.177620726,-77.795214082,211.261182319,134.233770851,0.368241876,0.579550240,16862.942487,3104.473953
7,1742,3038048,3115,974,909,0.933265,-63.637819583,663.291060837,532.565224137,0.095942526,0.119493006,-77.283410029,211.279183218,134.261883877,0.365788095,0.575616905,17292.250874,3115.930794
7,1742,3038048,3115,974,941,0.966119,-124.344319656,668.366482281,536.599297030,0.186042124,0.231726579,-83.280107476,211.563233608,134.313496108,0.393641684,0.620042735,17756.328947,3161.652418
7,1742,3038048,3115,974,974,1.000000,-122.502549612,673.165940451,540.130840411,0.181979720,0.226801620,-83.374031932,211.718456197,134.342680491,0.393796712,0.620607179,18216.393320,3204.488974
7,2085,4351395,3115,1396,1,0.000716,-227.880451539,227.880451539,227.880451539,1.000000000,1.000000000,-115.784323803,115.784323803,115.784323803,1.000000000,1.000000000,227.880452,115.784324
7,2085,4351395,3115,1396,2,0.001433,-115.784323803,253.958740836,253.958740836,0.455917853,0.455917853,-115.784323803,115.784323803,115.785965112,1.000000000,0.999985825,339.976579,115.784324
7,2085,4351395,3115,1396,3,0.002149,-3.071691081,277.847403483,277.847403483,0.011055317,0.011055317,-133.656128149,117.155499355,117.157121455,1.140843826,1.140828031,452.689212,133.656128
7,2085,4351395,3115,1396,4,0.002865,-3.071691081,307.004030635,277.847403483,0.010005377,0.011055317,-74.625957475,131.186783172,131.188231779,0.568852713,0.568846431,583.273649,192.686299
7,2085,4351395,3115,1396,5,0.003582,68.482575313,315.232434666,286.913214511,0.217244699,0.238687421,-95.304780324,132.806572854,131.595043926,0.717620960,0.724227733,654.827915,213.365122
7,2085,4351395,3115,1396,6,0.004298,-13.411102506,325.696273132,298.371860482,0.041176715,0.044947612,-76.537571672,134.126037420,132.926534998,0.570639177,0.575788511,736.721593,232.132330
7,2085,4351395,3115,1396,7,0.005014,49.715366661,331.757461772,304.976586375,0.149854555,0.163013716,-79.609643004,134.161214724,132.935409549,0.593387911,0.598859576,799.848062,235.204402
7,2085,4351395,3115,1396,8,0.005731,49.715366661,338.000374220,304.976586375,0.147086721,0.163013716,-88.942608648,134.485448224,133.017289004,0.661354889,0.668654498,864.510567,244.537367
7,2085,4351395,3115,1396,9,0.006447,49.715366661,345.037333490,304.976586375,0.144086920,0.163013716,-75.719951610,135.133913001,133.181488349,0.560332709,0.568547120,933.839555,257.760024
7,2085,4351395,3115,1396,10,0.007163,-13.002292475,350.691126590,311.358672602,0.037076195,0.041759853,-70.851948081,135.221565963,133.270425441,0.523969291,0.531640443,996.557214,262.628028
7,2085,4351395,3115,1396,11,0.007880,44.847363132,355.430512088,316.687236336,0.126177584,0.141614053,-74.190199778,135.262765852,133.280877391,0.548489448,0.556645494,1054.406870,265.966280
7,2085,4351395,3115,1396,12,0.008596,44.847363132,360.379430974,316.687236336,0.124444847,0.141614053,-58.627662573,136.155089475,133.507829056,0.430594720,0.439132768,1113.925651,281.528817
7,2085,4351395,3115,1396,13,0.009312,96.584875984,364.074311790,320.885611853,0.265288906,0.300994723,-136.896539477,157.048481310,136.033117236,0.871683307,1.006347147,1165.663164,359.797694
7,2085,4351395,3115,1396,14,0.010029,18.757737497,372.299836140,330.188793540,0.050383416,0.056809128,-111.349767129,159.112736948,136.631505808,0.699816805,0.814964063,1243.490302,385.344466
7,2085,4351395,3115,1396,15,0.010745,-46.296014816,377.940681431,336.536224008,0.122495453,0.137566216,-99.188729489,159.576796232,137.171641442,0.621573636,0.723099384,1308.544055,397.505504
7,2085,4351395,3115,1396,16,0.011461,-46.296014816,381.623895931,336.536224008,0.121313197,0.137566216,-97.645465863,159.584258492,137.180322490,0.611874046,0.711803735,1361.436769,399.048767
7,2085,4351395,3115,1396,17,0.012178,5.053436231,385.063065054,340.431191568,0.013123659,0.014844222,-118.613056433,160.955818201,137.580343226,0.736929288,0.862136652,1412.786220,420.016358
7,2085,4351395,3115,1396,18,0.012894,5.053436231,389.996044109,340.431191568,0.012957660,0.014844222,-93.182134071,162.952469220,138.166688442,0.571836282,0.674418234,1474.619467,445.447280
7,2085,4351395,3115,1396,19,0.013610,54.171221382,393.076927889,343.956324278,0.137813282,0.157494477,-117.910703612,164.818109977,138.412349444,0.715398955,0.851879938,1523.737252,470.175850
7,2085,4351395,3115,1396,20,0.014327,54.171221382,397.240121905,343.956324278,0.136368958,0.157494477,-128.089624214,165.132128313,138.453930056,0.775679606,0.925142567,1581.097894,480.354770
7,2085,4351395,3115,1396,21,0.015043,-6.582393817,401.859075063,349.280624671,0.016379856,0.018845574,-106.315018032,166.561560017,138.881331059,0.638292641,0.765509786,1641.851509,502.129377
7,2085,4351395,3115,1396,22,0.015759,-56.448705925,404.941187450,352.822340355,0.139399764,0.159991870,-108.909102242,166.581759350,138.905555647,0.653787682,0.784051449,1691.717821,504.723461
7,2085,4351395,3115,1396,23,0.016476,-3.988309607,408.325187168,356.701131250,0.009767484,0.011181096,-119.089014508,166.892519790,138.998780725,0.713567119,0.856763015,1744.178217,514.903373
7,2085,4351395,3115,1396,24,0.017192,-3.988309607,412.360887503,356.701131250,0.009671891,0.011181096,-123.022861784,166.938875989,139.012696656,0.736933570,0.884975723,1801.728570,518.837220
7,2085,4351395,3115,1396,25,0.017908,-3.988309607,416.633901280,356.701131250,0.009572696,0.011181096,-109.767421598,167.464309663,139.170602159,0.655467555,0.788725635,1861.245846,532.092660
7,2085,4351395,3115,1396,26,0.018625,-56.877865603,419.977514671,360.600890416,0.135430740,0.157730796,-99.577498822,167.774043097,139.543151145,0.593521483,0.713596461,1914.135402,542.282583
7,2085,4351395,3115,1396,27,0.019341,-56.877865603,422.142596176,360.600890416,0.134736144,0.157730796,-94.792279510,167.842270781,139.625174504,0.564770001,0.678905361,1956.835035,547.067803
7,2085,4351395,3115,1396,28,0.020057,-56.877865603,423.841803375,360.600890416,0.134195979,0.157730796,-101.911242891,167.993176947,139.806541316,0.606639179,0.728944740,1994.749449,554.186766
7,2085,4351395,3115,1396,29,0.020774,-11.844488315,426.227497187,363.401991242,0.027789123,0.032593350,-107.369371630,168.081821355,139.833174845,0.638792290,0.767839046,2039.782826,559.644895
7,2085,4351395,3115,1396,31,0.022206,78.443317283,430.998302513,368.985995195,0.182003773,0.212591584,-105.428164583,169.375190438,139.973549721,0.622453408,0.753200621,2130.070632,589.126154
7,2085,4351395,3115,1396,32,0.022923,78.443317283,433.442708884,368.985995195,0.180977360,0.212591584,-109.065422437,169.414240195,139.976503293,0.643779545,0.779169503,2176.038502,592.763412
7,2085,4351395,3115,1396,33,0.023639,31.566132353,435.970242507,371.951791388,0.072404328,0.084866193,-108.009604106,169.417530182,139.976945729,0.637534994,0.771624238,2222.915687,593.819230
7,2085,4351395,3115,1396,34,0.024355,-14.959113133,438.445721634,374.850281558,0.034118506,0.039906901,-103.287857641,169.483316060,139.996853743,0.609427878,0.737786992,2269.440933,598.540977
7,2085,4351395,3115,1396,35,0.025072,-59.123485387,440.664433096,377.443009421,0.134168952,0.156642152,-109.578577217,169.600022334,140.138118336,0.646100016,0.781932700,2313.605305,604.831696
7,2085,4351395,3115,1396,37,0.026504,-7.165656626,446.576393080,381.002416437,0.016045758,0.018807378,-110.288756827,169.608531451,140.146735480,0.650254771,0.786952022,2416.018226,607.126990
7,2085,4351395,3115,1396,38,0.027221,-58.727206727,449.543177354,384.475532095,0.130637522,0.152746279,-107.957133765,169.624557205,140.166129760,0.636447549,0.770208423,2467.579776,609.458613
7,2085,4351395,3115,1396,39,0.027937,-107.957133765,452.230753069,387.614525651,0.238721345,0.278516739,-107.957133765,169.624557205,140.166480554,0.636447549,0.770206495,2516.809703,609.458613
7,2085,4351395,3115,1396,41,0.029370,-64.047358592,456.983074458,390.093692401,0.140152584,0.164184553,-105.366545679,169.644338407,140.279788539,0.621102635,0.751117084,2609.635814,612.049202
7,2085,4351395,3115,1396,42,0.030086,-22.728171505,458.847257333,392.275877506,0.049533197,0.057939253,-105.739532251,169.644748438,140.279912505,0.623299767,0.753775294,2650.955001,612.422188
7,2085,4351395,3115,1396,44,0.031519,18.777508867,462.518191229,394.465569570,0.040598422,0.047602403,-81.575559639,171.062840275,140.471127647,0.476874811,0.580728303,2733.198258,636.586161
7,2085,4351395,3115,1396,46,0.032951,-16.387035125,465.057623635,396.029835656,0.035236569,0.041378284,-96.997195229,171.448596260,140.575598765,0.565750886,0.690000228,2801.813825,652.007796
7,2085,4351395,3115,1396,47,0.033668,23.918044928,466.800913430,398.075533295,0.051238214,0.060084187,-94.755001203,171.463257270,140.577585596,0.552625692,0.674040608,2842.118905,654.249990
7,2085,4351395,3115,1396,49,0.035100,23.918044928,471.269392228,398.075533295,0.050752384,0.060084187,-105.821965449,176.657342336,141.290357521,0.599023873,0.748968063,2932.930241,713.358859
7,2085,4351395,3115,1396,51,0.036533,-15.206810700,474.864053025,399.993605619,0.032023504,0.038017634,-84.153188642,177.333789236,141.426986413,0.474546836,0.595029215,3015.301767,735.027636
7,2085,4351395,3115,1396,53,0.037966,17.843505325,477.259460883,401.356709082,0.037387431,0.044457972,-109.995628310,179.661857568,141.757055662,0.612236953,0.775944646,3082.825272,766.561567
7,2085,4351395,3115,1396,55,0.039398,-25.984201633,481.158323699,403.742586090,0.054003434,0.064358338,-96.878379494,180.478809676,142.009763725,0.536785342,0.682195202,3169.266024,786.966790
7,2085,4351395,3115,1396,57,0.040831,-65.295380717,484.061150455,405.651876149,0.134890769,0.160964079,-102.465104577,180.656888447,142.078464295,0.567180723,0.721186741,3244.024292,796.836426
7,2085,4351395,3115,1396,59,0.042264,-64.694325829,486.953198448,409.098600245,0.132855326,0.158138712,-101.733771412,180.658368728,142.081617852,0.563127920,0.716023459,3318.964794,797.567759
7,2085,4351395,3115,1396,61,0.043696,-22.973036276,490.138759955,411.220537820,0.046870475,0.055865489,-112.272791148,180.813916396,142.188896970,0.620930033,0.789603081,3397.725529,808.106779
7,2085,4351395,3115,1396,63,0.045129,-67.622913712,493.770671208,413.637452704,0.136952066,0.163483537,-98.468771733,181.099267081,142.551585737,0.543728163,0.690758866,3482.122862,821.910798
7,2085,4351395,3115,1396,66,0.047278,-73.941374337,497.455990591,416.890227941,0.148639027,0.177364134,-113.660988115,181.427409507,143.107784290,0.626481899,0.794233442,3586.202024,837.103014
7,2085,4351395,3115,1396,68,0.048711,-34.221760559,500.031160494,418.778115320,0.068439256,0.081718121,-107.359765510,182.458101310,143.435007503,0.588407775,0.748490674,3657.402603,863.756386
7,2085,4351395,3115,1396,71,0.050860,-8.133824869,503.323925914,422.704297120,0.016160219,0.019242352,-87.383653116,183.614419210,143.746524078,0.475908447,0.607900982,3756.628543,894.428353
7,2085,4351395,3115,1396,73,0.052292,15.026867188,504.548540090,423.338328598,0.029782798,0.035496118,-84.224990380,183.992782424,143.792886424,0.457762469,0.585738227,3806.205845,910.805194
7,2085,4351395,3115,1396,76,0.054441,-9.786097204,506.555899633,424.064881430,0.019318889,0.023076887,-108.251185332,185.425835891,143.997277871,0.583797748,0.751758554,3884.172914,944.459618
7,2085,4351395,3115,1396,79,0.056590,29.899699321,510.211701136,428.425167544,0.058602535,0.069789783,-121.423432336,186.993330666,144.245144544,0.649346326,0.841785231,3989.502102,985.989152
7,2085,4351395,3115,1396,82,0.058739,-6.094840980,513.948237084,429.934566087,0.011858862,0.014176206,-108.773847965,188.336483030,144.359057248,0.577550596,0.753495139,4096.494206,1021.260812
7,2085,4351395,3115,1396,85,0.060888,-11.417558505,517.641281906,433.104260863,0.022056893,0.026362148,-103.358887322,192.229019200,144.799144449,0.537686182,0.713808688,4203.043620,1080.876003
7,2085,4351395,3115,1396,88,0.063037,-76.044099925,520.794826784,435.514807889,0.146015467,0.174607381,-110.033927228,192.345266954,144.838479060,0.572064647,0.759700930,4302.034500,1088.300065
7,2085,4351395,3115,1396,91,0.065186,-76.380546973,524.451480185,438.185747557,0.145638920,0.174310888,-114.423113824,192.788087056,145.021306492,0.593517554,0.789008985,4408.931710,1109.708592
7,2085,4351395,3115,1396,94,0.067335,-144.697523518,528.043955011,440.840760167,0.274025528,0.328230818,-111.561391277,192.838968086,145.090468606,0.578520993,0.768909166,4515.291254,1115.281091
7,2085,4351395,3115,1396,98,0.070201,-150.836235808,531.298726855,442.907935997,0.283900992,0.340558892,-119.502935777,193.081553510,145.214962358,0.618924665,0.822938173,4632.311589,1131.894395
7,2085,4351395,3115,1396,102,0.073066,-106.735986872,533.886494173,444.014952882,0.199922620,0.240388271,-133.105857228,193.296957591,145.565992158,0.688608134,0.914402157,4735.902503,1145.497317
7,2085,4351395,3115,1396,105,0.075215,-46.642243524,536.630252790,446.073926671,0.086916910,0.104561690,-151.437681377,193.820343243,145.733616868,0.781330168,1.039140348,4829.231317,1163.829141
7,2085,4351395,3115,1396,109,0.078080,-18.204192187,540.391057067,449.700142660,0.033687072,0.040480735,-135.132285281,194.832391745,145.882101787,0.693582233,0.926311615,4955.856060,1187.033664
7,2085,4351395,3115,1396,113,0.080946,13.355090754,543.767034706,452.732822349,0.024560317,0.029498835,-141.090668836,195.009377929,145.895081767,0.723507097,0.967069398,5076.785830,1202.296027
7,2085,4351395,3115,1396,118,0.084527,-9.195201008,547.163776717,455.356159069,0.016805208,0.020193426,-127.357021142,197.253948374,145.993200814,0.645650048,0.872348989,5212.558710,1251.749263
7,2085,4351395,3115,1396,122,0.087393,-66.611982631,550.385170690,457.164040219,0.121027939,0.145706960,-119.010054472,197.517642864,146.038160070,0.602528730,0.814924362,5331.389238,1268.334301
7,2085,4351395,3115,1396,126,0.090258,-92.811018552,552.559234492,457.914128580,0.167965736,0.202682147,-119.391907021,197.552736760,146.085621317,0.604354609,0.817273500,5429.208720,1274.878260
7,2085,4351395,3115,1396,131,0.093840,-36.822372185,555.588322667,460.940319467,0.066276361,0.079885336,-127.242008601,198.017982313,146.204049024,0.642578048,0.870304273,5558.577510,1299.371162
7,2085,4351395,3115,1396,136,0.097421,-95.927409001,560.317866623,462.834588706,0.171201767,0.207260674,-127.223986461,198.296424749,146.422729086,0.641584873,0.868881404,5720.193174,1321.376590
7,2085,4351395,3115,1396,141,0.101003,-35.607943645,564.547269131,466.882270573,0.063073449,0.076267500,-135.093104105,198.692283328,146.467436244,0.679911176,0.922342246,5874.367295,1344.337383
7,2085,4351395,3115,1396,146,0.104585,-159.768781218,568.703399760,471.007898163,0.280935161,0.339206162,-135.645061240,198.790660494,146.622137759,0.682351278,0.925133567,6027.520412,1356.674347
7,2085,4351395,3115,1396,152,0.108883,-113.452448698,571.745959546,472.148633740,0.198431571,0.240289690,-142.590924181,198.869942035,146.780358233,0.717005912,0.971457802,6171.585548,1367.119066
7,2085,4351395,3115,1396,157,0.112464,-79.332775976,575.309537918,474.812891443,0.137895812,0.167082186,-135.820770462,199.097793067,146.912160715,0.682181195,0.924503253,6314.255506,1383.941105
7,2085,4351395,3115,1396,163,0.116762,-130.447638996,578.716783159,477.669173346,0.225408426,0.273092019,-130.447638996,199.122072767,146.967008851,0.655113907,0.887598108,6467.523880,1389.314237
7,2085,4351395,3115,1396,169,0.121060,-106.128511754,582.072910184,479.606234602,0.182328554,0.221282594,-133.544724326,199.164508036,147.026870417,0.670524712,0.908301482,6620.309809,1396.729094
7,2085,4351395,3115,1396,175,0.125358,-26.656636490,585.663760856,481.798115032,0.045515257,0.055327399,-119.702532850,199.337384110,147.055346457,0.600502176,0.813996470,6778.751194,1416.196701
7,2085,4351395,3115,1396,182,0.130372,-8.528489838,587.853015406,483.667865693,0.014507861,0.017632947,-111.834138364,200.475998074,147.198153871,0.557843031,0.759752316,6911.826654,1466.443678
7,2085,4351395,3115,1396,189,0.135387,-54.903700356,590.732393546,485.749988774,0.092941746,0.113028722,-122.598734891,201.995687968,147.374408888,0.606937386,0.831886186,7065.374955,1516.672061
7,2085,4351395,3115,1396,196,0.140401,8.863248749,593.601599119,488.268271206,0.014931309,0.018152416,-125.149478655,203.808869498,147.463218634,0.614053152,0.848682674,7219.216383,1573.052060
7,2085,4351395,3115,1396,203,0.145415,-21.512791237,597.022845136,491.188112964,0.036033447,0.043797459,-153.636721655,207.185109132,147.554901809,0.741543262,1.041217335,7387.779594,1656.670115
7,2085,4351395,3115,1396,210,0.150430,-126.487197070,601.111884068,493.987055929,0.210422054,0.256053667,-152.763906780,207.727242888,147.623805390,0.735406221,1.034818919,7572.833972,1691.681063
7,2085,4351395,3115,1396,218,0.156160,-226.247304745,605.313934842,497.901698183,0.373768538,0.454401553,-147.239574007,208.003930357,147.714318181,0.707869191,0.996786065,7773.861482,1713.011114
7,2085,4351395,3115,1396,226,0.161891,-261.350745547,610.194923076,501.400070072,0.428306981,0.521241941,-143.434329665,209.704384446,147.874778275,0.683983456,0.969971562,7991.074511,1761.905430
7,2085,4351395,3115,1396,235,0.168338,-153.371496149,614.309664447,504.929840713,0.249664795,0.303748132,-153.371496149,209.994024905,148.012691038,0.730361239,1.036205038,8201.030438,1782.970286
7,2085,4351395,3115,1396,243,0.174069,-110.479239033,617.057296398,506.493567253,0.179042108,0.218125651,-157.486973846,210.057696024,148.043621701,0.749731987,1.063787633,8364.940829,1791.220584
7,2085,4351395,3115,1396,252,0.180516,-108.351408521,620.604438130,508.345975941,0.174590128,0.213145011,-153.584769967,210.128173439,148.077592954,0.730909937,1.037191157,8563.420537,1805.274428
7,2085,4351395,3115,1396,262,0.187679,-128.957062115,624.448792312,511.721226100,0.206513430,0.252006474,-150.381975201,210.270084777,148.125015152,0.715184832,1.015236860,8781.924684,1822.743395
7,2085,4351395,3115,1396,271,0.194126,-88.394813670,627.043734324,514.044165434,0.140970731,0.171959570,-139.134027634,210.910515502,148.334069224,0.659682744,0.937977555,8952.062678,1863.287090
7,2085,4351395,3115,1396,282,0.202006,-53.335658076,629.684376240,515.781195170,0.084702210,0.103407527,-145.969667883,211.765892442,148.456006546,0.689297347,0.983252017,9142.274715,1917.466128
7,2085,4351395,3115,1396,292,0.209169,-8.575875948,633.211129584,518.384640190,0.013543470,0.016543461,-149.103281638,214.558088722,148.541075966,0.694932000,1.003784850,9352.659397,2005.530206
7,2085,4351395,3115,1396,303,0.217049,-134.861738260,638.098867029,522.211205473,0.211349283,0.258251330,-186.782662976,215.730146930,148.583878875,0.865816232,1.257085657,9613.355448,2057.944773
7,2085,4351395,3115,1396,314,0.224928,-119.415773047,641.965020227,525.041591393,0.186016012,0.227440597,-175.249469203,216.127330281,148.674083112,0.810862138,1.178749285,9845.210635,2093.961366
7,2085,4351395,3115,1396,326,0.233524,-138.165498276,645.554626527,527.636110284,0.214026037,0.261857548,-177.027449629,216.822283754,148.757491658,0.816463357,1.190040566,10080.161852,2137.125002
7,2085,4351395,3115,1396,338,0.242120,-188.861359783,648.771208228,529.897054293,0.291106260,0.356411417,-170.229470585,216.888106294,148.834472573,0.784872317,1.143750286,10303.250955,2148.244351
7,2085,4351395,3115,1396,350,0.250716,-184.194490335,652.413023784,532.160255130,0.282328040,0.346125981,-160.947834513,217.050255896,148.876812821,0.741523358,1.081080603,10540.918758,2172.586778
7,2085,4351395,3115,1396,363,0.260029,-163.511328700,657.389490252,535.366337936,0.248728237,0.305419518,-163.511328700,217.077022803,148.956600228,0.753241069,1.097711202,10831.729977,2179.974025
7,2085,4351395,3115,1396,377,0.270057,-113.629476440,663.292979629,539.562277103,0.171311140,0.210595665,-153.382116063,217.206816714,149.021674951,0.706157009,1.029260449,11161.591400,2199.951477
7,2085,4351395,3115,1396,391,0.280086,-134.940255854,667.440552763,542.877374087,0.202175692,0.248564892,-153.779183572,217.412407132,149.077212281,0.707315583,1.031540510,11439.226306,2228.856754
7,2085,4351395,3115,1396,405,0.290115,-156.646545869,670.929099935,545.753091029,0.233477048,0.287028234,-156.646545869,217.484891930,149.160214796,0.720264035,1.050189865,11694.318643,2242.124969
7,2085,4351395,3115,1396,420,0.300860,-157.434567254,673.710998628,548.104364582,0.233682644,0.287234654,-157.434567254,217.548167289,149.213849005,0.723676826,1.055093534,11930.541893,2253.314833
7,2085,4351395,3115,1396,436,0.312321,-59.380266503,676.629269893,550.361652842,0.087758939,0.107893176,-139.908515680,218.123811247,149.265173277,0.641417894,0.937315200,12181.011184,2281.872136
7,2085,4351395,3115,1396,452,0.323782,-65.466264785,679.281398721,552.352493332,0.096375765,0.118522620,-168.132757144,218.808230161,149.286775714,0.768402345,1.126240126,12420.033661,2347.890234
7,2085,4351395,3115,1396,469,0.335960,-71.314543049,682.606522848,555.311401054,0.104473867,0.128422616,-174.483355805,221.339195293,149.409311612,0.788307537,1.167821161,12695.873123,2447.071264
7,2085,4351395,3115,1396,486,0.348138,-104.938040511,686.607938270,558.138975534,0.152835461,0.188014178,-175.981904976,222.103847860,149.449009505,0.792340640,1.177538115,13000.849746,2503.902827
7,2085,4351395,3115,1396,504,0.361032,-89.228446704,691.003187354,561.466638709,0.129128850,0.158920300,-197.365748463,222.873845602,149.493886543,0.885549168,1.320226218,13329.992786,2561.687420
7,2085,4351395,3115,1396,523,0.374642,-134.350971248,696.379646717,565.642694437,0.192927768,0.237519149,-185.728281816,223.308980279,149.559683961,0.831709865,1.241833875,13705.530108,2605.355822
7,2085,4351395,3115,1396,542,0.388252,-207.163884708,701.137013977,568.766612890,0.295468476,0.364233554,-189.347213085,223.376850273,149.596395016,0.847658174,1.265720428,14060.676501,2622.719228
7,2085,4351395,3115,1396,562,0.402579,-275.572784091,705.040112994,571.684503676,0.390861143,0.482036477,-205.337957192,223.926852889,149.649147911,0.916986751,1.372129144,14391.345694,2682.334093
7,2085,4351395,3115,1396,583,0.417622,-295.095130377,709.499157487,575.128160664,0.415920339,0.513094560,-168.834797897,225.269638789,149.721584810,0.749478708,1.127658367,14752.487342,2773.848173
7,2085,4351395,3115,1396,605,0.433381,-235.138635415,714.199535270,578.205494827,0.329233812,0.406669666,-201.966608959,225.834921842,149.755909142,0.894310797,1.348638662,15134.207900,2835.881102
7,2085,4351395,3115,1396,627,0.449140,-160.030375287,717.442185148,580.982336006,0.223056824,0.275447919,-205.473474038,226.003677734,149.791048152,0.909159869,1.371734003,15452.661339,2867.638264
7,2085,4351395,3115,1396,650,0.465616,-105.386757126,721.237377573,583.653778206,0.146119378,0.180563822,-204.389892030,226.333570074,149.858711186,0.903047179,1.363883957,15806.527824,2911.569831
7,2085,4351395,3115,1396,674,0.482808,-39.607203256,725.240803380,586.912809503,0.054612486,0.067483965,-183.832964434,229.864883168,149.908552455,0.799743579,1.226300711,16178.385128,3057.545617
7,2085,4351395,3115,1396,699,0.500716,-133.448591123,728.517329776,589.546790401,0.183178335,0.226357930,-198.033827217,234.028849090,149.970931046,0.846194082,1.320481415,16520.977292,3225.586786
7,2085,4351395,3115,1396,725,0.519341,-181.279875672,733.146338945,592.788633802,0.247262881,0.305808623,-196.843147022,234.312122578,150.000692232,0.840089471,1.312281591,16940.038285,3260.784582
7,2085,4351395,3115,1396,752,0.538682,-156.198861199,736.734361484,594.993323748,0.212015170,0.262522040,-206.581448055,234.529136497,150.044950283,0.880834898,1.376797071,17315.141990,3296.763262
7,2085,4351395,3115,1396,780,0.558739,-187.588404609,741.284396046,598.554584695,0.253058618,0.313402335,-202.434437793,234.829847837,150.101098845,0.862047306,1.348653936,17747.785844,3345.353106
7,2085,4351395,3115,1396,809,0.579513,-215.490510587,746.432353200,602.881168974,0.288693958,0.357434469,-196.764548011,234.901776581,150.142691722,0.837646062,1.310516987,18216.692138,3364.172845
7,2085,4351395,3115,1396,839,0.601003,-149.159862906,751.646221929,606.699086845,0.198444240,0.245854767,-192.133257062,235.026499282,150.181831460,0.817496145,1.279337555,18699.869921,3394.692685
7,2085,4351395,3115,1396,870,0.623209,-203.887854438,755.533348102,609.177038757,0.269859504,0.334693926,-189.240180115,235.073659731,150.222644079,0.805025031,1.259731389,19125.266068,3415.851650
7,2085,4351395,3115,1396,902,0.646132,-199.638256851,760.824051620,613.299042834,0.262397405,0.325515357,-186.818402120,235.105002649,150.260904329,0.794616873,1.243293476,19630.748206,3432.273338
7,2085,4351395,3115,1396,936,0.670487,-259.014619413,765.156349045,616.464667608,0.338512017,0.420161338,-188.322270971,235.350678561,150.314700341,0.800177302,1.252853317,20103.740640,3474.267261
7,2085,4351395,3115,1396,970,0.694842,-219.475811334,769.538411531,619.910076519,0.285204491,0.354044594,-191.653784975,235.642575518,150.362453013,0.813324097,1.274611987,20581.100387,3534.558626
7,2085,4351395,3115,1396,1006,0.720630,-206.667480857,773.752936743,623.205373020,0.267097508,0.331620185,-193.827883177,235.704654692,150.392113337,0.822333710,1.288816806,21064.269247,3563.846753
7,2085,4351395,3115,1396,1043,0.747135,-132.119508497,777.331888331,625.842621792,0.169965378,0.211106601,-189.737057665,236.227746094,150.449942151,0.803195479,1.261130812,21515.261993,3637.982328
7,2085,4351395,3115,1396,1082,0.775072,-131.605815174,780.923545555,628.334778533,0.168525864,0.209451744,-193.443703440,237.802998297,150.508021339,0.813462004,1.285271720,21981.770387,3784.816066
7,2085,4351395,3115,1396,1122,0.803725,-61.820188449,784.785826513,631.445070947,0.078773324,0.097902718,-205.893731427,241.566033685,150.552579410,0.852328981,1.367586874,22471.726385,4021.435702
7,2085,4351395,3115,1396,1164,0.833811,-126.826490182,788.855887765,634.444089006,0.160772699,0.199901760,-194.245989549,244.141847087,150.598308854,0.795627591,1.289828492,22989.764507,4204.016816
7,2085,4351395,3115,1396,1207,0.864613,-190.788024421,792.770207050,637.508086926,0.240659932,0.299271536,-203.819857622,244.749758488,150.631596958,0.832768371,1.353101618,23505.168633,4308.617884
7,2085,4351395,3115,1396,1252,0.896848,-165.317874977,798.114219872,641.342050562,0.207135609,0.257768651,-204.683388939,244.853238837,150.672051463,0.835943155,1.358469517,24121.444615,4347.926486
7,2085,4351395,3115,1396,1298,0.929799,-192.183173253,803.655071950,645.818110099,0.239136391,0.297580960,-205.184316117,244.885130603,150.717835662,0.837879848,1.361380458,24758.447195,4366.456142
7,2085,4351395,3115,1396,1346,0.964183,-249.713793893,809.844577574,650.570050678,0.308347800,0.383838441,-209.793022681,244.930067272,150.751183286,0.856542543,1.391650918,25449.300714,4388.884564
7,2085,4351395,3115,1396,1396,1.000000,-327.475409689,815.890728795,655.012580489,0.401371652,0.499952855,-210.089856649,245.975490452,150.790312189,0.854108904,1.393258317,26148.931010,4522.584845
7,2428,5900040,3115,1893,1,0.000528,-238.310479018,238.310479018,238.310479018,1.000000000,1.000000000,-77.861859078,77.861859078,77.861859078,1.000000000,1.000000000,238.310479,77.861859
7,2428,5900040,3115,1893,2,0.001057,-77.861859078,287.290173954,287.290173954,0.271021657,0.271021657,-77.861859078,77.861859078,90.714998916,1.000000000,0.858312958,398.759099,77.861859
7,2428,5900040,3115,1893,3,0.001585,36.038485607,309.045195028,309.045195028,0.116612347,0.116612347,-77.705843230,77.862015386,90.715133078,0.997994245,0.856591845,512.659444,78.017875
7,2428,5900040,3115,1893,4,0.002113,36.038485607,329.312473059,309.045195028,0.109435532,0.116612347,-50.317843561,82.538451439,94.759368377,0.609629121,0.531006532,626.403772,105.405875
7,2428,5900040,3115,1893,5,0.002641,122.394814774,340.446942268,320.883698803,0.359512158,0.381430454,-111.365812555,102.661825837,99.554264222,1.084783089,1.118644324,712.760102,166.453844
7,2428,5900040,3115,1893,6,0.003170,5.514501109,359.951563717,341.507475584,0.015320120,0.016147527,-78.033208345,107.937542068,104.986256378,0.722947798,0.743270701,829.640415,199.786448
7,2428,5900040,3115,1893,7,0.003698,89.062210564,369.520429715,351.578690530,0.241021073,0.253320844,-80.589282502,107.967803084,104.994035102,0.746419583,0.767560580,913.188125,202.342522
7,2428,5900040,3115,1893,8,0.004226,89.062210564,379.131580394,351.578690530,0.234911084,0.253320844,-92.363477212,108.607910227,105.158952649,0.850430480,0.878322529,998.013871,214.116717
7,2428,5900040,3115,1893,9,0.004754,89.062210564,389.832752983,351.578690530,0.228462616,0.253320844,-48.924148401,116.972874853,107.378532045,0.418252082,0.455623182,1088.726715,257.556045
7,2428,5900040,3115,1893,10,0.005283,20.069031081,395.890937144,358.284292776,0.050693333,0.056014264,-49.075449625,116.972972705,107.378638640,0.419545203,0.457031773,1157.719895,257.707347
7,2428,5900040,3115,1893,11,0.005811,89.213511788,401.883805752,364.895318772,0.221988322,0.244490700,-56.872386567,117.232540573,107.449383863,0.485124576,0.529294674,1226.864375,265.504284
7,2428,5900040,3115,1893,12,0.006339,89.213511788,408.467704660,364.895318772,0.218410197,0.244490700,-67.663702526,117.728165998,107.584772239,0.574745236,0.628933827,1299.907325,276.295600
7,2428,5900040,3115,1893,13,0.006867,167.652118946,415.930860652,373.230771447,0.403076893,0.449191577,-77.186705945,118.112694759,107.631592095,0.653500507,0.717138012,1378.345932,285.818603
7,2428,5900040,3115,1893,14,0.007396,86.039177315,423.862186429,382.049579238,0.202988566,0.225204220,-35.200162470,125.353414378,109.659824344,0.280807369,0.320994153,1459.958873,327.805146
7,2428,5900040,3115,1893,15,0.007924,25.419507423,428.175078049,386.828935544,0.059367088,0.065712528,-27.118329636,125.613671701,109.957233037,0.215886768,0.246626155,1520.578543,335.886979
7,2428,5900040,3115,1893,16,0.008452,25.419507423,431.386279088,386.828935544,0.058925164,0.065712528,-27.898875064,125.616096777,109.960003403,0.222096338,0.253718390,1573.116380,336.667525
7,2428,5900040,3115,1893,17,0.008980,78.737889909,434.668806905,390.486203706,0.181144560,0.201640645,-22.421388636,125.735462885,109.994104673,0.178321916,0.203841730,1626.434763,342.145011
7,2428,5900040,3115,1893,18,0.009509,78.737889909,437.601727150,390.486203706,0.179930483,0.201640645,-77.844585681,137.408651102,113.431193926,0.566518811,0.686271413,1677.014402,397.568208
7,2428,5900040,3115,1893,19,0.010037,157.029127704,444.550097875,398.257445882,0.353231567,0.394290501,-62.207495479,138.295538568,113.550889418,0.449815635,0.547838029,1755.305640,413.205298
7,2428,5900040,3115,1893,20,0.010565,157.029127704,450.516716009,398.257445882,0.348553388,0.394290501,-15.602735502,145.937177033,114.608630682,0.106914056,0.136139272,1828.384514,459.810058
7,2428,5900040,3115,1893,21,0.011094,99.485173302,454.176857723,402.393215510,0.219045008,0.247233724,-3.971425333,146.399955657,114.756089472,0.027127230,0.034607535,1885.928469,471.441369
7,2428,5900040,3115,1893,22,0.011622,47.756873984,457.113153433,405.704469829,0.104474950,0.117713453,-4.478175428,146.400832689,114.757208342,0.030588456,0.039023043,1937.656768,471.948119
7,2428,5900040,3115,1893,23,0.012150,99.991923397,460.087964882,409.053318317,0.217332187,0.244447164,-17.298007558,146.961055753,114.936086111,0.117704704,0.150501101,1989.891817,484.767951
7,2428,5900040,3115,1893,24,0.012678,99.991923397,463.810486519,409.053318317,0.215587888,0.244447164,-16.161817825,146.965447759,114.937490064,0.109970187,0.140613979,2048.536783,485.904141
7,2428,5900040,3115,1893,25,0.013207,99.991923397,467.432444643,409.053318317,0.213917379,0.244447164,-4.452057822,147.431208753,115.086516335,0.030197526,0.038684443,2106.613653,497.613901
7,2428,5900040,3115,1893,26,0.013735,47.769932787,470.340543232,412.373318159,0.101564565,0.115841473,-15.955247848,147.879290961,115.659974161,0.107893727,0.137949606,2158.835644,509.117091
7,2428,5900040,3115,1893,27,0.014263,47.769932787,474.637888558,412.373318159,0.100645005,0.115841473,4.809760595,149.330071556,117.509213249,0.032208922,0.040930923,2222.560825,529.882099
7,2428,5900040,3115,1893,28,0.014791,47.769932787,476.578117049,412.373318159,0.100235263,0.115841473,-5.602091542,149.692608153,117.969580246,0.037423969,0.047487594,2265.520997,540.293951
7,2428,5900040,3115,1893,29,0.015320,101.141957117,479.557373659,415.812850343,0.210906896,0.243239133,-4.537348453,149.696394792,117.970781480,0.030310339,0.038461629,2318.893021,541.358694
7,2428,5900040,3115,1893,30,0.015848,153.981609902,482.459639283,419.156719399,0.319159568,0.367360471,5.174691866,150.011114057,118.015192653,0.034495390,0.043847675,2371.732674,551.070735
7,2428,5900040,3115,1893,32,0.016904,203.583915914,488.197758702,422.081442590,0.417011165,0.482333255,-53.957111598,155.885219940,118.490041408,0.346133595,0.455372544,2477.096609,610.202538
7,2428,5900040,3115,1893,33,0.017433,139.198659036,492.425134315,426.963939323,0.282679842,0.326019708,-52.816951002,155.889389511,118.490650912,0.338810429,0.445747834,2541.481866,611.342699
7,2428,5900040,3115,1893,34,0.017961,75.193455690,496.567396191,431.734723571,0.151426486,0.174165875,-49.890274666,155.916859885,118.499686549,0.319979986,0.421016090,2605.487070,614.269375
7,2428,5900040,3115,1893,35,0.018489,12.651590512,500.490423345,436.241167747,0.025278387,0.029001368,-34.408288448,156.683627395,119.506768049,0.219603599,0.287919161,2668.028935,629.751361
7,2428,5900040,3115,1893,37,0.019546,62.338782854,505.147615208,439.061696712,0.123407062,0.141981829,-15.730993824,158.147235801,120.009341160,0.099470558,0.131081411,2764.776006,653.683283
7,2428,5900040,3115,1893,38,0.020074,23.303894515,506.653565722,440.793484557,0.045995718,0.052868056,-18.312410736,158.168302466,120.037101260,0.115778006,0.152556256,2803.810894,656.264699
7,2428,5900040,3115,1893,40,0.021130,-18.312410736,510.638142957,442.753670668,0.035861815,0.041360269,-18.312410736,158.168302466,120.305507936,0.115778006,0.152215896,2893.609775,656.264699
7,2428,5900040,3115,1893,41,0.021659,25.244835620,512.492484582,444.891050259,0.049258938,0.056743860,-14.561343269,158.212775755,120.363971963,0.092036457,0.120977590,2937.167021,660.015767
7,2428,5900040,3115,1893,43,0.022715,102.953206327,515.431522877,448.273526569,0.199741773,0.229666041,-34.982388483,160.102556064,120.649650550,0.218499875,0.289950185,3014.875392,688.052760
7,2428,5900040,3115,1893,44,0.023244,102.953206327,517.478192916,448.273526569,0.198951778,0.229666041,-33.293529833,160.111463367,120.650963916,0.207939701,0.275949141,3060.853923,689.741619
7,2428,5900040,3115,1893,46,0.024300,53.704951877,521.796555662,450.970669988,0.102923163,0.119087461,-36.324579459,160.746928555,120.786037787,0.225973708,0.300734920,3155.517756,709.706624
7,2428,5900040,3115,1893,48,0.025357,98.719717545,525.671066553,453.211732325,0.187797510,0.217822511,-56.676948729,162.006332504,120.972852350,0.349844033,0.468509650,3245.611293,730.058993
7,2428,5900040,3115,1893,50,0.026413,98.719717545,530.197628070,453.211732325,0.186194189,0.217822511,-61.963031820,164.668045687,121.371510729,0.376290564,0.510523692,3343.195875,771.424248
7,2428,5900040,3115,1893,52,0.027470,45.158801090,534.755647811,456.365693374,0.084447544,0.098953102,-47.760345566,165.693530369,121.719919490,0.288245084,0.392379043,3441.313567,793.238124
7,2428,5900040,3115,1893,54,0.028526,91.618374418,538.485913636,458.724468546,0.170140708,0.199724193,-21.022357606,166.817422190,121.890367656,0.126020156,0.172469392,3530.726422,819.976112
7,2428,5900040,3115,1893,56,0.029583,54.071463743,541.503763468,460.258523597,0.099854271,0.117480635,-32.113663442,167.174367121,122.012564502,0.192096815,0.263199643,3611.278869,831.067418
7,2428,5900040,3115,1893,58,0.030639,-26.417386379,544.501402325,463.781586339,0.048516654,0.056960835,-26.417386379,167.271386061,122.147102402,0.157931294,0.216275179,3691.767719,836.763695
7,2428,5900040,3115,1893,60,0.031696,10.345531043,547.275288528,465.236361352,0.018903706,0.022237151,-24.196182151,167.446490724,122.386785586,0.144500981,0.197702571,3769.481244,847.360278
7,2428,5900040,3115,1893,62,0.032752,10.335008987,549.451752518,467.794675938,0.018809675,0.022093045,-23.401057902,167.448481120,122.389507424,0.139750792,0.191201504,3838.575192,848.197490
7,2428,5900040,3115,1893,65,0.034337,-31.296748751,553.958818817,469.643547904,0.056496526,0.066639367,-31.296748751,167.938652857,123.181040545,0.186358222,0.254071151,3959.788618,864.520868
7,2428,5900040,3115,1893,67,0.035394,53.831281670,557.256712733,473.529020261,0.096600508,0.113681061,-28.585863538,168.305071186,123.556830874,0.169845527,0.231358018,4044.916648,879.982525
7,2428,5900040,3115,1893,70,0.036978,52.246397632,561.594701245,476.849191206,0.093032213,0.109565872,-14.151946741,168.706853974,123.701357092,0.083884836,0.114404135,4165.550181,894.416441
7,2428,5900040,3115,1893,73,0.038563,122.388856781,564.827012215,479.428975594,0.216683788,0.255280475,-42.603443897,169.803835513,123.809824276,0.250898007,0.344103904,4269.955649,922.867939
7,2428,5900040,3115,1893,75,0.039620,81.140781611,567.672953755,481.200110499,0.142935789,0.168621702,-27.284289303,170.154182144,123.863256336,0.160350389,0.220277507,4350.211737,938.187093
7,2428,5900040,3115,1893,78,0.041204,77.775910826,571.333115760,484.165541221,0.136130584,0.160639088,-44.850849874,171.178367741,124.045312549,0.262012370,0.361568277,4461.945275,969.213137
7,2428,5900040,3115,1893,81,0.042789,118.651497726,575.372134369,485.887934518,0.206216969,0.244195193,-28.996057886,171.522028399,124.074978766,0.169051510,0.233697867,4579.771794,985.067929
7,2428,5900040,3115,1893,84,0.044374,124.086277917,579.748142364,489.124537143,0.214034800,0.253690560,-42.004317643,172.561707902,124.217073190,0.243416214,0.338152531,4702.608874,1014.523179
7,2428,5900040,3115,1893,88,0.046487,10.263187275,584.852334047,493.556430571,0.017548339,0.020794354,-29.809523922,173.244480768,124.558484751,0.172066226,0.239321504,4856.296821,1040.450230
7,2428,5900040,3115,1893,91,0.048072,9.633922623,588.910709465,496.850503852,0.016358885,0.019389983,-22.406243644,173.525425961,124.881712701,0.129123692,0.179419734,4975.815515,1055.685386
7,2428,5900040,3115,1893,95,0.050185,-90.645215774,592.626902718,500.224622571,0.152954946,0.181209024,-22.293108864,173.718120835,125.031996588,0.128329208,0.178299231,5108.134819,1068.968228
7,2428,5900040,3115,1893,98,0.051770,-64.905274941,594.667658808,500.886431819,0.109145460,0.129580821,-42.835943956,174.555931191,125.344659997,0.245399533,0.341745264,5192.390728,1089.511063
7,2428,5900040,3115,1893,102,0.053883,-15.829046795,596.739086640,502.088657244,0.026525909,0.031526398,-40.976984397,174.701659631,125.559980450,0.234554065,0.326353861,5291.376107,1099.742088
7,2428,5900040,3115,1893,106,0.055996,3.801466861,600.447717934,505.483744474,0.006331054,0.007520453,-66.971754841,176.321754319,125.973921999,0.379826954,0.531631895,5422.921405,1144.172406
7,2428,5900040,3115,1893,110,0.058109,108.255921205,604.300524192,509.071257193,0.179142524,0.212653768,-57.157579313,177.296615639,126.110498737,0.322383928,0.453234107,5559.029178,1177.750813
7,2428,5900040,3115,1893,114,0.060222,139.055476200,607.921286450,512.141405094,0.228739278,0.271517739,-88.206129226,181.321374017,126.315205644,0.486462943,0.698301751,5691.404485,1239.840024
7,2428,5900040,3115,1893,119,0.062863,35.010100754,612.693598774,515.667812941,0.057141287,0.067892740,-74.347026033,184.817852106,126.539290525,0.402271887,0.587541037,5861.506336,1305.251040
7,2428,5900040,3115,1893,123,0.064976,-37.928718238,617.166694928,518.250155124,0.061456197,0.073186120,-75.254842972,185.187428165,126.676032169,0.406371230,0.594073257,6009.660627,1324.369425
7,2428,5900040,3115,1893,128,0.067618,-2.987423466,622.271515469,519.426719920,0.004800836,0.005751386,-68.586578898,185.287337035,126.793067523,0.370163337,0.540933193,6187.281370,1335.982516
7,2428,5900040,3115,1893,133,0.070259,-6.576990132,625.649493944,522.726310833,0.010512260,0.012582091,-61.647217058,185.348651987,126.857616190,0.332601378,0.485955979,6332.121932,1344.131364
7,2428,5900040,3115,1893,138,0.072900,5.023758467,628.112632992,524.182285045,0.007998181,0.009583991,-67.404694603,185.986656182,127.228069850,0.362416831,0.529794209,6454.719788,1367.575894
7,2428,5900040,3115,1893,144,0.076070,-65.927232471,632.569882657,527.604291683,0.104221264,0.124955831,-102.860609045,187.618621322,127.462147268,0.548243071,0.806989457,6637.243247,1412.527323
7,2428,5900040,3115,1893,149,0.078711,-107.676873325,636.581409658,530.878212773,0.169148630,0.202827825,-107.676873325,187.720979547,127.635245726,0.573600636,0.843629616,6795.845872,1420.729250
7,2428,5900040,3115,1893,155,0.081881,-73.877062426,640.998005615,533.396121336,0.115253186,0.138503186,-99.575775789,187.843001999,127.836933196,0.530101067,0.778928071,6979.398982,1434.739354
7,2428,5900040,3115,1893,161,0.085050,-132.520402711,644.133941985,535.868860202,0.205734233,0.247300063,-100.878256867,188.118999476,128.039505015,0.536247041,0.787868220,7134.334614,1451.417277
7,2428,5900040,3115,1893,167,0.088220,-72.083777746,647.912869716,538.629574578,0.111255357,0.133828110,-95.641359739,188.249130501,128.235974183,0.508057378,0.745823162,7304.559615,1461.321688
7,2428,5900040,3115,1893,174,0.091918,0.100154658,651.050048514,540.255508780,0.000153836,0.000185384,-96.135940468,188.987898714,128.380716626,0.508688340,0.748834739,7473.045042,1493.727462
7,2428,5900040,3115,1893,180,0.095087,-27.172961958,654.745211959,542.574900664,0.041501582,0.050081495,-113.125545384,189.772199855,128.471441617,0.596112315,0.880550136,7642.685570,1525.770289
7,2428,5900040,3115,1893,187,0.098785,-32.001692843,660.272633021,548.083011096,0.048467392,0.058388405,-118.142757053,191.781576513,128.626438717,0.616027666,0.918495126,7867.661388,1586.017836
7,2428,5900040,3115,1893,195,0.103011,61.768353491,666.041252070,552.473272437,0.092739531,0.111803333,-128.706002307,192.641128828,128.698796596,0.668112791,1.000055989,8114.891676,1628.616029
7,2428,5900040,3115,1893,202,0.106709,67.409237313,669.778164289,554.816649226,0.100644125,0.121498224,-76.105021579,195.087111122,128.782012193,0.390107892,0.590960028,8300.748406,1681.217010
7,2428,5900040,3115,1893,210,0.110935,-58.450221188,673.876490882,557.672530605,0.086737291,0.104811010,-83.941345307,196.101119016,128.933263136,0.428051333,0.651044915,8509.617112,1722.276785
7,2428,5900040,3115,1893,218,0.115161,-168.119991142,678.009835007,561.555979766,0.247960992,0.299382425,-97.644011762,196.590141451,129.149832989,0.496688242,0.756052172,8720.091721,1747.873714
7,2428,5900040,3115,1893,226,0.119387,-195.995476786,681.797548979,564.460980377,0.287468732,0.347225909,-90.786146625,197.165602724,129.211407934,0.460456314,0.702617115,8922.807500,1787.423500
7,2428,5900040,3115,1893,235,0.124142,-93.489113103,686.308167661,568.077606719,0.136220313,0.164571023,-93.489113103,197.212330031,129.259688256,0.474053083,0.723265810,9158.400287,1796.136873
7,2428,5900040,3115,1893,244,0.128896,-52.835905167,689.172123849,569.922098614,0.076665761,0.092707241,-88.260163736,197.412286791,129.383917055,0.447085463,0.682157147,9343.702511,1814.690801
7,2428,5900040,3115,1893,254,0.134179,-89.067667414,692.379793907,572.248130207,0.128639900,0.155645187,-89.067667414,197.651451184,129.523931371,0.450629969,0.687654138,9553.097381,1839.860227
7,2428,5900040,3115,1893,264,0.139461,-44.876664271,696.063104168,574.857530787,0.064472120,0.078065715,-90.723784603,197.826363648,129.618666787,0.458603105,0.699928389,9778.785383,1863.016617
7,2428,5900040,3115,1893,274,0.144744,-24.132152950,699.828076614,577.983428755,0.034482973,0.041752327,-107.715563253,198.353508749,129.772118445,0.543048439,0.830036255,10007.584276,1897.764842
7,2428,5900040,3115,1893,284,0.150026,62.853266173,705.046225197,581.200325278,0.089147724,0.108143894,-106.512178321,202.184267842,130.008267559,0.526807449,0.819272346,10277.900254,1994.521898
7,2428,5900040,3115,1893,295,0.155837,93.013910775,709.821232499,585.066600743,0.131038502,0.158980039,-100.889667475,205.876866574,130.117912576,0.490048587,0.775371088,10549.996431,2104.718374
7,2428,5900040,3115,1893,307,0.162176,-37.485312864,716.268075542,589.454452551,0.052334195,0.063593230,-97.603961312,207.132663051,130.307039808,0.471214727,0.749030608,10881.370949,2155.524878
7,2428,5900040,3115,1893,319,0.168516,10.622969882,720.960192730,592.992239904,0.014734475,0.017914180,-61.783740042,208.204344669,130.470272039,0.296745681,0.473546495,11160.914797,2212.733681
7,2428,5900040,3115,1893,331,0.174855,-73.496622740,724.454930797,595.942094957,0.101450925,0.123328463,-73.496622740,208.583148258,130.603554531,0.352361269,0.562745961,11405.657762,2246.974367
7,2428,5900040,3115,1893,344,0.181722,-140.269629027,728.800600662,597.873776746,0.192466402,0.234614118,-75.574200600,208.731415035,130.664210524,0.362064333,0.578384856,11691.788385,2268.920750
7,2428,5900040,3115,1893,357,0.188590,-55.377137813,732.871970914,600.825197300,0.075561817,0.092168468,-75.109211572,208.846799888,130.746324603,0.359637838,0.574465185,11969.361312,2283.695657
7,2428,5900040,3115,1893,371,0.195985,-61.117833860,735.860040717,602.830637876,0.083056329,0.101384751,-77.871959256,208.882038488,130.836757101,0.372803520,0.595184113,12216.372076,2293.505815
7,2428,5900040,3115,1893,385,0.203381,-27.288415677,738.809468537,604.850064741,0.036935660,0.045116000,-90.853446999,209.195762555,130.929641361,0.434298697,0.693910455,12462.370804,2329.534268
7,2428,5900040,3115,1893,400,0.211305,-115.615909726,743.568991947,608.676551502,0.155487804,0.189946384,-90.913827617,209.331634287,131.048778263,0.434305249,0.693740368,12787.158086,2351.467242
7,2428,5900040,3115,1893,415,0.219229,-110.941855189,749.627400399,613.695427309,0.147995998,0.180776734,-89.678114519,209.365446701,131.214941945,0.428332927,0.683444379,13154.978693,2361.190876
7,2428,5900040,3115,1893,431,0.227681,-34.120520941,753.712600527,616.917284471,0.045269936,0.055308097,-100.834262458,209.510086009,131.308713410,0.481285958,0.767917527,13467.710567,2376.662356
7,2428,5900040,3115,1893,448,0.236661,33.708365782,758.031026642,620.254791989,0.044468319,0.054345998,-79.289800289,211.378503437,131.372537340,0.375108154,0.603549280,13799.829609,2469.034491
7,2428,5900040,3115,1893,465,0.245642,53.179624987,761.985135883,623.485229041,0.069790895,0.085294122,-67.397253949,213.512614144,131.476467856,0.315659354,0.512618380,14118.915091,2572.370433
7,2428,5900040,3115,1893,483,0.255151,10.915282098,767.422595647,627.845306574,0.014223300,0.017385305,-105.408184505,215.664404116,131.570561472,0.488760233,0.801153262,14504.400288,2677.294306
7,2428,5900040,3115,1893,502,0.265188,-18.445036934,774.142583752,632.500276087,0.023826408,0.029162101,-115.108079013,218.320843178,131.754220718,0.527242738,0.873657621,14946.999788,2806.012405
7,2428,5900040,3115,1893,521,0.275225,-59.303415672,779.919444104,637.003383090,0.076037873,0.093097489,-98.311513962,218.734673886,131.805802666,0.449455554,0.745881532,15358.988516,2852.448490
7,2428,5900040,3115,1893,542,0.286318,-115.449580450,784.729089422,640.016518612,0.147120302,0.180385314,-97.868510752,219.003792394,131.907915817,0.446880438,0.741945699,15755.892205,2885.605072
7,2428,5900040,3115,1893,563,0.297412,-170.319800965,788.555195538,642.931624735,0.215989701,0.264911220,-110.237428228,219.892832438,132.002196511,0.501323427,0.835118135,16110.546642,2952.679201
7,2428,5900040,3115,1893,584,0.308505,-204.292119311,791.635575807,645.081267677,0.258063338,0.316692066,-100.398242534,221.405402871,132.084338548,0.453458864,0.760107092,16429.473850,3047.113386
7,2428,5900040,3115,1893,607,0.320655,-115.180080798,795.021744111,647.610648605,0.144876642,0.177853902,-115.180080798,222.667763956,132.155102766,0.517273263,0.871552277,16779.308627,3120.241597
7,2428,5900040,3115,1893,630,0.332805,-83.283076762,798.674660915,650.360906818,0.104276598,0.128056708,-115.807949026,223.036566008,132.240508033,0.519233017,0.875737327,17143.977529,3168.277949
7,2428,5900040,3115,1893,655,0.346012,20.677950397,803.640029865,654.268700767,0.025730364,0.031604676,-132.393356649,224.188015134,132.327997837,0.590546094,1.000493915,17589.535047,3247.841089
7,2428,5900040,3115,1893,680,0.359218,73.628980981,808.705808465,657.929674385,0.091045446,0.111910108,-155.311298092,228.515549219,132.395523258,0.679653085,1.173085723,18040.606664,3438.021109
7,2428,5900040,3115,1893,706,0.372953,-63.645874383,815.259661346,663.148908916,0.078068225,0.095975238,-138.316760710,229.740846320,132.438164833,0.602055590,1.044387476,18565.881073,3547.058259
7,2428,5900040,3115,1893,734,0.387744,-106.045858326,821.208904411,667.487268385,0.129133839,0.158873230,-142.793879493,230.607224827,132.555150444,0.619208178,1.077241277,19087.253109,3617.810017
7,2428,5900040,3115,1893,762,0.402536,-66.802516548,825.883528041,670.877170230,0.080886123,0.099574884,-139.271265432,230.931384532,132.637008808,0.603085049,1.050018141,19550.310390,3673.135688
7,2428,5900040,3115,1893,791,0.417855,-128.054010704,831.183603420,675.089548667,0.154062244,0.189684481,-149.873082842,231.033291631,132.683627845,0.648707733,1.129552193,20051.017965,3698.226413
7,2428,5900040,3115,1893,822,0.434231,-162.322730411,836.784177616,679.527940141,0.193983986,0.238875727,-146.088339694,231.175690053,132.754961471,0.631936427,1.100436007,20586.046053,3728.111593
7,2428,5900040,3115,1893,854,0.451136,-128.458321223,840.815780812,682.021353022,0.152778200,0.188349413,-143.439066718,231.249909402,132.802412166,0.620277288,1.080093835,21049.768542,3746.772025
7,2428,5900040,3115,1893,887,0.468568,-127.218489367,845.609108791,685.629958501,0.150445978,0.185549782,-144.175866742,231.367586040,132.868291699,0.623146350,1.085103638,21565.524885,3774.451931
7,2428,5900040,3115,1893,921,0.486529,-155.108051040,850.124096408,689.307723412,0.182453423,0.225020039,-144.046145401,231.393173775,132.939716115,0.622516832,1.083544855,22073.364315,3787.585381
7,2428,5900040,3115,1893,957,0.505547,-156.628048801,854.625500608,692.555175883,0.183270975,0.226159668,-125.622639002,231.786497134,132.995706794,0.541975657,0.944561611,22595.323986,3848.109880
7,2428,5900040,3115,1893,994,0.525092,-140.921092242,859.814906969,696.525216893,0.163897010,0.202320158,-128.720076859,231.991853819,133.041732558,0.554847400,0.967516541,23167.447713,3895.078902
7,2428,5900040,3115,1893,1032,0.545166,-44.313724036,864.216520112,699.673872824,0.051276183,0.063334827,-114.583183937,232.176856304,133.107573400,0.493516821,0.860831439,23700.902124,3937.018094
7,2428,5900040,3115,1893,1072,0.566297,16.322281912,869.642764750,703.681772620,0.018768950,0.023195545,-131.062843743,233.563781435,133.163822219,0.561143697,0.984222603,24312.584010,4076.558400
7,2428,5900040,3115,1893,1113,0.587956,109.968580472,876.348880095,708.789727138,0.125484933,0.155149794,-126.212250604,236.687100378,133.218426721,0.533245160,0.947408356,25003.832685,4303.804747
7,2428,5900040,3115,1893,1156,0.610671,-24.917792519,881.870325095,713.151212371,0.028255620,0.034940405,-94.142304565,240.122935948,133.271072611,0.392058777,0.706397140,25648.069686,4533.880095
7,2428,5900040,3115,1893,1201,0.634443,-24.104704235,887.386677084,717.379660037,0.027163699,0.033601042,-111.211300165,241.388603797,133.339186052,0.460714791,0.834048140,26307.808421,4678.213455
7,2428,5900040,3115,1893,1247,0.658743,-81.258868284,893.320512586,721.937821010,0.090962725,0.112556602,-109.412513800,241.488075618,133.382042939,0.453076259,0.820294182,27002.287524,4720.279179
7,2428,5900040,3115,1893,1296,0.684628,-124.622128437,898.738256954,725.813991521,0.138663429,0.171699816,-110.749178883,241.579216037,133.435729804,0.458438357,0.829981438,27690.935808,4749.142577
7,2428,5900040,3115,1893,1346,0.711041,-150.945603633,903.988262339,730.025855615,0.166977393,0.206767476,-112.300142239,241.648716088,133.487009825,0.464724763,0.841281428,28378.221912,4778.044344
7,2428,5900040,3115,1893,1398,0.738510,-227.522405709,908.123631930,733.205007463,0.250541223,0.310312127,-106.939746870,242.851483048,133.534049221,0.440350397,0.800842538,29000.555580,4941.431742
7,2428,5900040,3115,1893,1452,0.767036,-155.792656386,912.694419762,736.568744161,0.170695309,0.211511359,-121.154535581,244.874347347,133.577620869,0.494762056,0.906997256,29669.315059,5150.479935
7,2428,5900040,3115,1893,1508,0.796619,-100.594288055,917.059272977,739.942330293,0.109692242,0.135948822,-127.257343451,245.079577191,133.627428567,0.519249074,0.952329509,30335.739250,5214.935675
7,2428,5900040,3115,1893,1566,0.827258,-100.121211979,921.984931137,743.753623596,0.108593111,0.134616100,-125.885215435,245.160285349,133.673377366,0.513481273,0.941737374,31059.857874,5248.783385
7,2428,5900040,3115,1893,1627,0.859482,49.109134523,926.710823167,747.401147893,0.052992944,0.065706528,-114.932847319,246.693310112,133.715578340,0.465893653,0.859532216,31789.115374,5421.037377
7,2428,5900040,3115,1893,1689,0.892235,-20.681739312,932.773688510,751.540791484,0.022172301,0.027519117,-150.746454164,250.628015974,133.765507141,0.601474873,1.126945633,32621.757778,5722.953512
7,2428,5900040,3115,1893,1755,0.927100,-2.161795949,939.691698394,756.502701976,0.002300537,0.002857618,-147.724655717,253.293357530,133.809022650,0.583215672,1.103996224,33543.617842,5968.859411
7,2428,5900040,3115,1893,1823,0.963022,-115.985942587,947.212403634,762.242917254,0.122449772,0.152164015,-157.391704930,254.718136445,133.855662252,0.617905372,1.175831506,34523.916402,6145.882038
7,2428,5900040,3115,1893,1893,1.000000,-92.810093474,954.424860178,767.349535852,0.097241907,0.120948915,-158.024289607,254.973496844,133.895409049,0.619767511,1.180206930,35502.005186,6202.366180
7,2770,7678440,3115,2464,1,0.000406,-211.348469102,211.348469102,211.348469102,1.000000000,1.000000000,-41.714763618,41.714763618,41.714763618,1.000000000,1.000000000,211.348469,41.714764
7,2770,7678440,3115,2464,2,0.000812,-41.714763618,271.005109598,271.005109598,0.153926115,0.153926115,-41.714763618,41.714763618,43.576741751,1.000000000,0.957271286,380.982175,41.714764
7,2770,7678440,3115,2464,3,0.001218,140.520962261,326.578672321,326.578672321,0.430282116,0.430282116,26.358252175,79.837691492,80.826158518,0.330147975,0.326110416,563.217900,109.787779
7,2770,7678440,3115,2464,4,0.001623,140.520962261,345.957733819,326.578672321,0.406179566,0.430282116,29.025376674,79.882229162,80.870151810,0.363352112,0.358913345,677.380611,112.454904
7,2770,7678440,3115,2464,5,0.002029,252.016547849,363.480424775,345.086793170,0.693342834,0.730299023,52.339630546,83.214932371,81.705997713,0.628969213,0.640584927,788.876196,135.769158
7,2770,7678440,3115,2464,6,0.002435,152.178089197,376.942617676,359.238935315,0.403716858,0.423612460,33.113430933,85.407094091,83.937576888,0.387712886,0.394500677,888.714655,154.995357
7,2770,7678440,3115,2464,7,0.002841,271.242747462,395.300050428,378.456081328,0.686169271,0.716708651,51.656216358,87.396834109,84.448064138,0.591053634,0.611692132,1007.779313,173.538143
7,2770,7678440,3115,2464,8,0.003247,271.242747462,410.264172246,378.456081328,0.661141688,0.716708651,93.353805201,96.834371624,86.983606303,0.964056498,1.073234477,1117.572579,215.235732
7,2770,7678440,3115,2464,9,0.003653,271.242747462,419.794961825,378.456081328,0.646131498,0.716708651,85.324906090,97.166654510,87.076194053,0.878129504,0.979887867,1206.517050,223.264631
7,2770,7678440,3115,2464,10,0.004058,178.283826776,429.964150725,389.705486783,0.414648120,0.457483492,92.311602218,97.417517272,87.356038678,0.947587301,1.056728345,1299.475970,230.251327
7,2770,7678440,3115,2464,11,0.004464,264.256051334,438.475078316,399.075919875,0.602670629,0.662169873,73.915384964,99.139263063,87.838958873,0.745571257,0.841487489,1385.448195,248.647544
7,2770,7678440,3115,2464,12,0.004870,264.256051334,448.684506778,399.075919875,0.588957379,0.662169873,123.192768808,110.710677169,91.229095334,1.112745148,1.350367099,1480.618528,297.924928
7,2770,7678440,3115,2464,13,0.005276,334.787692597,454.194340610,405.260783007,0.737102299,0.826104342,82.727828418,117.873938765,92.220835149,0.701833071,0.897062234,1551.150169,338.389868
7,2770,7678440,3115,2464,14,0.005682,250.767737871,461.900261782,413.878792687,0.542904516,0.605896563,102.823112138,119.574603774,92.766575567,0.859907613,1.108406897,1635.170124,358.485152
7,2770,7678440,3115,2464,15,0.006088,176.795425005,467.786014012,420.437341475,0.377940810,0.420503622,103.519362760,119.576630797,92.769188352,0.865715668,1.115880872,1709.142437,359.181403
7,2770,7678440,3115,2464,16,0.006494,176.795425005,473.490376040,420.437341475,0.373387579,0.420503622,113.521093788,119.994188427,93.306789308,0.946054932,1.216643447,1782.418499,369.183134
7,2770,7678440,3115,2464,17,0.006899,240.069756221,477.699463255,425.171964148,0.502553958,0.564641549,64.091468444,129.776319558,96.524498944,0.493861042,0.663991724,1845.692830,418.612759
7,2770,7678440,3115,2464,18,0.007305,240.069756221,485.735387465,425.171964148,0.494239791,0.564641549,83.134383055,131.166023477,96.992974208,0.633810349,0.857117577,1933.681974,437.655674
7,2770,7678440,3115,2464,19,0.007711,318.537442804,492.032564444,432.352144594,0.647390977,0.736754626,87.023978846,131.223681820,97.001639371,0.663172818,0.897139259,2012.149661,441.545270
7,2770,7678440,3115,2464,20,0.008117,318.537442804,498.047619796,432.352144594,0.639572262,0.736754626,160.522087494,150.404875736,100.047674381,1.067266515,1.604455960,2089.320816,515.043378
7,2770,7678440,3115,2464,21,0.008523,265.865657700,500.825067793,435.548727333,0.530855332,0.610415416,160.177348313,150.405270819,100.047822866,1.064971643,1.601007835,2141.992601,515.388117
7,2770,7678440,3115,2464,22,0.008929,213.021503007,503.605255349,438.742747594,0.422993010,0.485527121,164.231916593,150.459911651,100.129947489,1.091532720,1.640187783,2194.836755,519.442686
7,2770,7678440,3115,2464,23,0.009334,261.811089420,505.963118179,441.447190850,0.517450937,0.593074539,143.250343861,151.915803682,100.678016383,0.942958799,1.422856240,2243.626342,540.424258
7,2770,7678440,3115,2464,24,0.009740,261.811089420,509.424027265,441.447190850,0.513935495,0.593074539,123.755963856,153.161490787,101.148755285,0.808009658,1.223504565,2302.906715,559.918638
7,2770,7678440,3115,2464,25,0.010146,261.811089420,514.079414077,441.447190850,0.509281411,0.593074539,114.523088008,153.439526383,101.254047795,0.746372794,1.131047010,2371.934277,569.151514
7,2770,7678440,3115,2464,26,0.010552,188.167088714,519.327529425,447.547831130,0.362328354,0.420440176,129.201188579,154.139984731,102.312408002,0.838206834,1.262810553,2445.578278,583.829615
7,2770,7678440,3115,2464,27,0.010958,188.167088714,522.664385813,447.547831130,0.360015134,0.420440176,132.089125252,154.167036267,102.353158278,0.856792272,1.290523199,2504.544178,586.717551
7,2770,7678440,3115,2464,28,0.011364,188.167088714,525.664149608,447.547831130,0.357960665,0.420440176,118.390789766,154.774414766,103.265741679,0.764924810,1.146467239,2560.622142,600.415887
7,2770,7678440,3115,2464,29,0.011769,257.943387662,530.274957053,452.954515425,0.486433282,0.569468631,155.814196850,159.234515304,104.947326093,0.978520245,1.484689536,2630.398441,637.839294
7,2770,7678440,3115,2464,30,0.012175,309.007983068,532.728000936,455.823854079,0.580048322,0.677910952,131.626012365,161.061165812,105.256585729,0.817242392,1.250525195,2681.463036,662.027478
7,2770,7678440,3115,2464,32,0.012987,368.135306635,540.064762124,459.642715965,0.681650299,0.800916220,186.192150652,183.180204029,107.493450221,1.016442533,1.732125541,2806.732509,772.712223
7,2770,7678440,3115,2464,33,0.013393,322.649517639,541.976848480,461.887847145,0.595319742,0.698545155,172.704402504,183.676091254,107.587430035,0.940266103,1.605247030,2852.218298,786.199971
7,2770,7678440,3115,2464,34,0.013799,272.667812594,544.276653116,464.584281030,0.500972825,0.586907099,152.690882275,184.763220069,108.051794753,0.826413840,1.413126757,2902.200003,806.213491
7,2770,7678440,3115,2464,36,0.014610,212.679347435,549.665226361,468.441213102,0.386925236,0.454015021,158.113473838,185.276345136,108.926887985,0.853392664,1.451555963,3010.106836,824.931094
7,2770,7678440,3115,2464,37,0.015016,267.245221031,552.366993612,471.608529072,0.483818230,0.566667489,167.183224983,185.498206063,109.021245739,0.901265994,1.533492154,3064.672710,834.000845
7,2770,7678440,3115,2464,38,0.015422,217.214223007,554.628160478,474.254895026,0.391639369,0.458011557,164.736900197,185.514336259,109.048688793,0.888000914,1.510672912,3114.703708,836.447170
7,2770,7678440,3115,2464,40,0.016234,164.736900197,559.554572582,477.149426140,0.294407209,0.345252223,164.736900197,185.514336259,109.290416281,0.888000914,1.507331620,3219.478773,836.447170
7,2770,7678440,3115,2464,42,0.017045,266.156068252,564.188482321,482.575277808,0.471750269,0.551532746,139.934587200,186.347418360,110.083800017,0.750933866,1.271164215,3320.897941,861.249483
7,2770,7678440,3115,2464,43,0.017451,329.266808778,567.707327021,486.684563472,0.579993939,0.676550755,154.609985253,186.924390162,110.192434981,0.827125797,1.403090741,3384.008682,875.924881
7,2770,7678440,3115,2464,45,0.018263,329.266808778,574.001931160,486.684563472,0.573633625,0.676550755,157.105438829,187.633264346,110.326217693,0.837300568,1.424008201,3503.848745,898.833421
7,2770,7678440,3115,2464,47,0.019075,318.708894392,578.761154284,492.288656230,0.550674302,0.647402475,183.697756614,188.897093799,110.845280926,0.972475293,1.657244721,3608.065078,925.425739
7,2770,7678440,3115,2464,49,0.019886,318.708894392,582.046908484,492.288656230,0.547565651,0.647402475,219.470956899,191.082201282,111.260646099,1.148568289,1.972583879,3695.362948,961.198939
7,2770,7678440,3115,2464,51,0.020698,275.975624366,584.550234760,494.139912798,0.472116181,0.558496930,180.556506671,193.520674638,111.789506291,0.933008874,1.615147187,3771.175531,1000.113389
7,2770,7678440,3115,2464,53,0.021510,326.433382950,588.660483101,496.709410845,0.554535921,0.657191863,228.909809385,200.948382290,113.254780273,1.139147311,2.021193356,3869.342848,1059.459491
7,2770,7678440,3115,2464,55,0.022321,283.962397993,591.085196694,498.521838423,0.480408577,0.569608744,200.220340770,203.162662048,113.693751385,0.985517411,1.761049647,3944.321691,1090.548785
7,2770,7678440,3115,2464,57,0.023133,235.649015071,594.532653230,500.857471098,0.396360089,0.470491165,188.163379679,203.572513205,113.879138559,0.924306414,1.652307719,4034.506103,1104.261241
7,2770,7678440,3115,2464,59,0.023945,232.321608629,598.058450746,505.037663058,0.388459704,0.460008482,185.476657601,203.590241928,113.959415180,0.911029212,1.627567650,4126.149967,1106.947963
7,2770,7678440,3115,2464,62,0.025162,235.394507883,603.080173308,508.822539397,0.390320422,0.462625945,185.834473678,203.820268332,114.245942394,0.911756594,1.626617714,4260.546207,1121.947458
7,2770,7678440,3115,2464,64,0.025974,235.394507883,607.324539863,508.822539397,0.387592617,0.462625945,187.563335274,203.870614717,114.335738575,0.920011624,1.640461133,4361.886588,1128.116944
7,2770,7678440,3115,2464,67,0.027192,289.665858314,613.471958640,516.144479691,0.472174570,0.561210804,186.048623731,203.897829744,114.390168128,0.912460049,1.626438939,4511.820284,1132.577942
7,2770,7678440,3115,2464,69,0.028003,244.648627699,617.299382728,518.103922942,0.396320869,0.472199914,204.465071667,204.406900853,114.693495488,1.000284583,1.782708521,4608.646132,1150.994390
7,2770,7678440,3115,2464,72,0.029221,330.807188806,621.822529789,521.689653180,0.531996145,0.634107245,201.670124413,204.891721184,114.870710835,0.984276589,1.755627026,4738.121103,1171.365239
7,2770,7678440,3115,2464,75,0.030438,329.852962242,625.639606513,525.308497927,0.527225193,0.627922380,202.769108465,211.177109482,116.125555705,0.960185074,1.746119596,4856.355404,1247.133551
7,2770,7678440,3115,2464,78,0.031656,334.671146989,629.483458131,528.184670721,0.531659955,0.633625256,239.200332754,214.021619482,116.757992231,1.117645653,2.048684875,4976.413805,1302.837515
7,2770,7678440,3115,2464,81,0.032873,366.494751734,631.957419685,529.142502738,0.579935832,0.692620135,235.743625028,216.287136872,117.018623509,1.089956751,2.014582106,5072.827115,1352.566577
7,2770,7678440,3115,2464,84,0.034091,372.903295952,635.317908019,531.590821942,0.586955430,0.701485580,214.825000432,217.299252439,117.212429368,0.988613619,1.832783448,5185.374566,1383.435360
7,2770,7678440,3115,2464,88,0.035714,242.604055459,641.238982680,536.910938058,0.378336411,0.451851580,201.586428045,218.350074442,117.463575236,0.923225827,1.716161181,5358.963935,1411.828494
7,2770,7678440,3115,2464,91,0.036932,244.590569770,644.895182227,539.888163378,0.379271820,0.453039326,212.440718916,218.509408345,117.688601685,0.972226874,1.805108701,5477.697163,1424.069285
7,2770,7678440,3115,2464,95,0.038555,141.234394818,648.463852412,543.195349641,0.217798408,0.260006635,220.556964793,218.576730056,117.819528848,1.009059678,1.871989873,5613.203189,1432.185531
7,2770,7678440,3115,2464,99,0.040179,182.874516059,653.093452827,544.789030330,0.280012784,0.335679512,222.666910204,218.702814890,118.003509768,1.018125488,1.886951588,5768.222933,1445.632964
7,2770,7678440,3115,2464,103,0.041802,295.532619986,657.531927672,548.660943315,0.449457445,0.538643444,215.895245084,218.746225950,118.077804745,0.986966720,1.828415133,5920.673431,1452.404629
7,2770,7678440,3115,2464,107,0.043425,332.086926041,661.768879754,552.298032906,0.501817079,0.601282109,204.824491222,219.469693986,118.318697515,0.933270045,1.731125304,6069.934637,1486.440213
7,2770,7678440,3115,2464,111,0.045049,384.540380590,667.710741246,557.793129806,0.575908634,0.689396050,233.406678380,223.628535987,118.686672284,1.043724931,1.966578672,6247.328137,1559.847418
7,2770,7678440,3115,2464,115,0.046672,415.430659650,671.749102805,561.350880962,0.618431283,0.740055238,244.657370112,227.797276361,119.046233289,1.074013588,2.055145832,6394.051317,1641.557396
7,2770,7678440,3115,2464,120,0.048701,337.805486522,676.592385952,564.030548757,0.499274738,0.598913458,228.907303372,230.285397307,119.431533171,0.994015713,1.916640416,6574.096138,1715.328921
7,2770,7678440,3115,2464,125,0.050731,269.642427312,680.862224607,566.088622059,0.396030823,0.476325467,244.463789700,230.468627196,119.678876316,1.060724805,2.042664480,6744.166695,1731.561943
7,2770,7678440,3115,2464,130,0.052760,300.565638944,683.038073046,567.612452994,0.440042292,0.529526154,253.182758718,230.731515967,119.894768844,1.097304621,2.111708135,6865.565459,1751.770060
7,2770,7678440,3115,2464,135,0.054789,273.984754953,685.552838996,569.220114075,0.399655197,0.481333579,237.915506496,231.011954049,120.249336082,1.029883962,1.978518254,6996.025164,1776.339103
7,2770,7678440,3115,2464,140,0.056818,382.096306931,690.198556238,572.638647979,0.553603457,0.667255534,242.929960103,231.319609442,120.353772660,1.050191813,2.018465684,7174.657066,1799.133754
7,2770,7678440,3115,2464,146,0.059253,209.575677093,695.312628755,577.815581487,0.301412154,0.362703402,242.131118421,231.337105102,120.401491098,1.046659239,2.011030895,7380.789890,1804.579975
7,2770,7678440,3115,2464,152,0.061688,278.562184979,700.317726114,579.874944406,0.397765435,0.480383206,248.966106836,231.396109689,120.722982200,1.075930391,2.062292550,7584.823836,1814.423562
7,2770,7678440,3115,2464,158,0.064123,276.057452472,705.049209390,583.879889118,0.391543525,0.472798357,237.668450830,231.469924968,120.799162634,1.026778969,1.967467701,7784.160377,1825.721218
7,2770,7678440,3115,2464,164,0.066558,240.239599629,710.656348442,587.607193723,0.338053125,0.408843871,240.239599629,231.479050465,121.180608245,1.037845970,1.982492109,8001.894655,1828.292366
7,2770,7678440,3115,2464,171,0.069399,302.480638820,715.515029260,591.354984256,0.422745332,0.511504336,247.013000912,231.529589834,121.252316101,1.066874437,2.037181712,8221.079073,1837.772385
7,2770,7678440,3115,2464,178,0.072240,307.072856235,719.021358465,593.577170600,0.427070563,0.517325921,264.369505293,233.264663846,121.548933311,1.133345707,2.175004733,8407.838356,1892.383261
7,2770,7678440,3115,2464,185,0.075081,317.267952128,722.807881951,596.876171082,0.438938147,0.531547359,228.251159401,234.926602593,121.805313777,0.971584984,1.873901493,8601.093815,1958.925931
7,2770,7678440,3115,2464,192,0.077922,375.728575469,727.787090118,600.240213416,0.516261666,0.625963684,222.847636066,237.568494947,122.119025250,0.938035307,1.824839624,8824.948358,2027.604149
7,2770,7678440,3115,2464,200,0.081169,468.542964779,732.772474617,604.061710855,0.639411251,0.775654137,237.923110806,243.634815296,122.349127486,0.976556288,1.944624500,9065.821314,2136.720729
7,2770,7678440,3115,2464,208,0.084416,333.904597171,736.454100905,607.059681893,0.453394987,0.550035865,247.183499381,246.469653725,122.583511548,1.002896282,2.016449817,9273.388443,2218.779486
7,2770,7678440,3115,2464,216,0.087662,216.676177310,740.866263391,611.241478231,0.292463280,0.354485396,242.543540142,246.592649535,122.809158716,0.983579764,1.974962964,9501.209396,2234.032458
7,2770,7678440,3115,2464,225,0.091315,166.234896369,744.738235097,614.288576783,0.223212518,0.270613687,232.487267157,248.030349882,123.070175347,0.937333948,1.889062614,9728.235263,2291.115573
7,2770,7678440,3115,2464,234,0.094968,279.298003288,748.922694890,617.672814673,0.372933021,0.452177911,250.142192001,248.335439682,123.196041929,1.007275451,2.030440167,9964.232024,2310.087366
7,2770,7678440,3115,2464,243,0.098620,319.282265315,755.141635372,621.893615626,0.422811100,0.513403350,255.245182348,248.454138451,123.343456488,1.027333189,2.069385678,10253.650205,2326.982337
7,2770,7678440,3115,2464,253,0.102679,288.060347316,761.540361754,625.909442922,0.378260118,0.460226876,258.904870590,249.000612861,123.648221189,1.039776038,2.093882695,10564.564663,2365.254283
7,2770,7678440,3115,2464,263,0.106737,318.717669805,766.183166361,629.920008989,0.415981039,0.505965306,268.793032996,249.095215160,123.713674547,1.079077464,2.172702686,10829.665136,2381.010184
7,2770,7678440,3115,2464,274,0.111201,352.014101508,771.096839917,633.657930567,0.456510886,0.555527019,272.554949052,249.464707365,123.914455008,1.092559152,2.199541200,11116.702831,2414.848755
7,2770,7678440,3115,2464,285,0.115666,450.602066489,776.171210039,637.023316421,0.580544680,0.707355688,279.983901039,251.662094592,124.210542751,1.112539024,2.254107380,11408.615512,2498.015459
7,2770,7678440,3115,2464,296,0.120130,451.162075146,780.745491844,639.932924480,0.577860621,0.705014632,271.097862688,254.965296506,124.344234808,1.063273576,2.180220604,11688.223724,2591.521673
7,2770,7678440,3115,2464,308,0.125000,323.434958902,785.817633991,643.508460625,0.411590355,0.502611821,274.005983946,255.419375202,124.408282751,1.072768985,2.202473805,11996.850862,2627.636724
7,2770,7678440,3115,2464,320,0.129870,357.362623008,788.816172387,645.998481811,0.453036633,0.553194215,286.366079099,256.811885737,124.572455928,1.115081096,2.298791310,12231.980740,2691.466100
7,2770,7678440,3115,2464,333,0.135146,267.449386317,792.547990644,648.840375253,0.337455131,0.412195968,267.449386317,257.183019561,124.791057342,1.039918525,2.143177500,12507.846338,2725.493102
7,2770,7678440,3115,2464,346,0.140422,197.432724745,796.679239421,651.590937975,0.247819593,0.303001029,261.434656505,257.550005281,124.934533731,1.015083095,2.092573196,12799.527011,2764.025154
7,2770,7678440,3115,2464,360,0.146104,294.389991690,801.875263918,655.302071071,0.367126915,0.449243188,268.085747082,257.611212861,125.032492685,1.040660242,2.144128629,13139.543956,2778.269914
7,2770,7678440,3115,2464,375,0.152192,349.833266208,808.366293904,659.492736189,0.432765776,0.530458104,280.732960949,257.786476446,125.203268538,1.089013531,2.242217509,13535.098473,2802.415297
7,2770,7678440,3115,2464,390,0.158279,327.994216771,814.593871757,664.115314563,0.402647538,0.493881423,276.233474901,258.131697463,125.366606475,1.070126132,2.203405537,13923.446836,2846.451157
7,2770,7678440,3115,2464,405,0.164367,282.775864281,821.678096653,669.881488385,0.344144338,0.422128196,282.775864281,258.250509731,125.520834760,1.094967304,2.252820138,14339.348498,2865.059895
7,2770,7678440,3115,2464,421,0.170860,307.955128540,825.561355227,673.309741097,0.373025126,0.457375127,287.508279593,258.290013717,125.655674384,1.113121934,2.288064435,14656.088500,2877.799916
7,2770,7678440,3115,2464,438,0.177760,422.643371340,830.309334787,677.204654914,0.509019173,0.624099921,300.068475949,258.962986103,125.798078100,1.158731139,2.385318444,15021.088168,2920.104677
7,2770,7678440,3115,2464,456,0.185065,401.624204037,835.808848097,681.430357249,0.480521599,0.589384080,287.833176347,261.548500858,125.917514386,1.100496372,2.285886739,15426.596129,3046.365530
7,2770,7678440,3115,2464,474,0.192370,428.488571173,840.014792947,685.101899325,0.510096459,0.625437722,324.935843414,263.665913579,126.027104287,1.232377136,2.578301273,15781.472406,3157.072148
7,2770,7678440,3115,2464,493,0.200081,399.765253266,843.322042863,687.278968933,0.474036291,0.581663737,323.991434231,265.255365565,126.159314543,1.221432160,2.568113464,16105.587872,3257.116271
7,2770,7678440,3115,2464,513,0.208198,395.428971151,848.288108607,690.972707843,0.466149374,0.572278712,310.910590084,265.964066876,126.221853556,1.168994721,2.463207292,16513.797829,3324.542698
7,2770,7678440,3115,2464,533,0.216315,333.755883084,854.734893044,695.085791028,0.390478832,0.480165020,306.899751943,266.242102833,126.360043507,1.152709315,2.428772129,16980.514893,3363.970959
7,2770,7678440,3115,2464,555,0.225244,209.127715179,860.610851359,699.766019702,0.242999161,0.298853773,300.610436243,266.759802901,126.499494686,1.126895555,2.376376578,17446.961813,3424.547416
7,2770,7678440,3115,2464,577,0.234172,225.959816234,865.625495801,703.569830799,0.261036461,0.321161889,301.994593231,267.936964115,126.593538081,1.127110603,2.385545090,17882.282738,3521.297088
7,2770,7678440,3115,2464,600,0.243506,229.203694850,870.241949145,706.972296291,0.263379276,0.324204634,306.777851521,270.064814124,126.731052813,1.135941579,2.420699937,18310.694405,3653.893348
7,2770,7678440,3115,2464,624,0.253247,367.545772547,876.151075519,711.533324206,0.419500452,0.516554545,303.472027180,270.218619470,126.774191593,1.123061126,2.393799742,18806.524156,3681.398482
7,2770,7678440,3115,2464,649,0.263393,436.416114687,883.425126338,716.964130701,0.494004644,0.608700067,286.292196078,271.048088882,126.926133789,1.056241338,2.255581160,19371.626164,3742.254038
7,2770,7678440,3115,2464,675,0.273945,541.721298259,890.901610227,722.629404564,0.608059624,0.749652996,346.692856575,275.974706111,127.041550786,1.256248667,2.728972170,19956.649482,3950.049869
7,2770,7678440,3115,2464,702,0.284903,448.191032687,896.530876903,727.027604471,0.499917007,0.616470448,359.627073249,278.986270223,127.112931536,1.289049361,2.829193450,20477.455576,4126.167870
7,2770,7678440,3115,2464,730,0.296266,412.191959305,901.018846355,730.202999754,0.457473183,0.564489545,368.195474408,279.543049434,127.203375555,1.317133354,2.894541696,20951.663722,4197.690886
7,2770,7678440,3115,2464,759,0.308036,405.642582102,904.699838586,732.952291971,0.448372559,0.553436542,359.838617819,279.888235823,127.304387219,1.285651098,2.826600290,21389.640313,4258.875346
7,2770,7678440,3115,2464,790,0.320617,390.804942497,908.655932213,736.006482006,0.430091224,0.530980300,358.349243451,280.139403037,127.394013637,1.279181863,2.812920586,21859.155243,4305.373407
7,2770,7678440,3115,2464,821,0.333198,318.535149239,912.951236256,739.369823405,0.348907079,0.430819786,353.091226935,280.216467877,127.483840616,1.260065940,2.769693988,22349.780155,4330.295172
7,2770,7678440,3115,2464,854,0.346591,371.055822021,918.709259252,743.004937370,0.403888192,0.499398864,353.349934183,280.307060556,127.544720302,1.260581640,2.770400322,22939.282713,4357.002236
7,2770,7678440,3115,2464,888,0.360390,377.246275476,924.930922750,747.539099101,0.407864270,0.504650895,356.301597739,280.366762640,127.599888589,1.270841074,2.792334709,23562.038328,4377.172074
7,2770,7678440,3115,2464,924,0.375000,304.046470691,932.601774668,753.866667150,0.326019614,0.403315976,354.426475308,280.425215576,127.665199820,1.263889464,2.776218388,24276.325137,4394.873500
7,2770,7678440,3115,2464,961,0.390016,286.595362877,939.554478013,758.848148442,0.305033257,0.377671558,355.618970429,280.992898300,127.750717304,1.265579922,2.783694510,24969.710340,4471.592826
7,2770,7678440,3115,2464,999,0.405438,327.766865273,944.813376123,762.913098075,0.346911754,0.429625427,360.686816381,281.274808191,127.840279409,1.282328904,2.821386327,25582.142532,4523.052395
7,2770,7678440,3115,2464,1039,0.421672,519.096343122,952.018107050,768.176259651,0.545258897,0.675751609,371.793774921,281.660366397,127.927847510,1.320007425,2.906277110,26316.914646,4584.909702
7,2770,7678440,3115,2464,1081,0.438718,495.935623681,957.754858033,772.332542793,0.517810606,0.642127058,405.219919453,283.196449239,128.010452286,1.430879238,3.165522129,26993.782672,4750.196852
7,2770,7678440,3115,2464,1124,0.456169,579.782424551,962.413306622,776.090931032,0.602425611,0.747054760,381.894646665,287.486099996,128.080886743,1.328393431,2.981667729,27612.151512,5016.347332
7,2770,7678440,3115,2464,1169,0.474432,450.725834776,968.307573824,780.641699194,0.465477961,0.577378630,384.189091125,290.819797099,128.167319476,1.321055495,2.997558915,28326.827744,5248.659157
7,2770,7678440,3115,2464,1216,0.493506,424.484959810,973.053434057,783.951830227,0.436240133,0.541468166,409.700746517,291.722195996,128.244443979,1.404420891,3.194686131,28980.038254,5377.010272
7,2770,7678440,3115,2464,1264,0.512987,373.069752612,979.026359939,788.728445631,0.381062010,0.473001519,405.658206565,291.830398063,128.303387520,1.390047813,3.161710804,29727.480955,5420.877668
7,2770,7678440,3115,2464,1315,0.533685,425.507497083,984.423182790,792.851936777,0.432240427,0.536679646,394.995992698,291.969519039,128.377813944,1.352867224,3.076824418,30455.797161,5457.556074
7,2770,7678440,3115,2464,1368,0.555195,289.454608227,990.886012954,797.815438767,0.292116958,0.362808983,402.393148291,292.665850114,128.450759426,1.374923477,3.132664611,31276.086939,5553.888976
7,2770,7678440,3115,2464,1422,0.577110,208.124048807,997.586130369,802.875557405,0.208627649,0.259223297,428.961895876,295.136384889,128.519807734,1.453436167,3.337710377,32121.942040,5805.495730
7,2770,7678440,3115,2464,1479,0.600244,348.596900083,1005.322715036,808.559672076,0.346751242,0.431133177,409.635990979,295.956197925,128.581690092,1.384110196,3.185803443,33058.797137,5948.664673
7,2770,7678440,3115,2464,1539,0.624594,391.871959567,1011.139232476,813.019623505,0.387554895,0.481995696,407.462711729,296.053748739,128.652856542,1.376313299,3.167148579,33896.159802,5991.976034
7,2770,7678440,3115,2464,1600,0.649351,516.365121565,1018.468823667,818.707818636,0.507001402,0.630707451,416.791169758,296.392966219,128.714054312,1.406211406,3.238117018,34845.085543,6087.719758
7,2770,7678440,3115,2464,1664,0.675325,588.527608347,1024.831621754,823.694936804,0.574267612,0.714497057,430.712275557,300.046662557,128.779694285,1.435484307,3.344566688,35755.106052,6431.668093
7,2770,7678440,3115,2464,1731,0.702516,540.795741223,1031.103052596,828.034229324,0.524482727,0.653107954,427.209814828,303.525503913,128.843128467,1.407492317,3.315736120,36683.605650,6750.685061
7,2770,7678440,3115,2464,1800,0.730519,521.969486608,1036.311849914,831.941542236,0.503679936,0.627411254,456.536306658,305.386811019,128.900193004,1.494944412,3.541781405,37541.730755,6988.454106
7,2770,7678440,3115,2464,1872,0.759740,466.599499933,1041.699377928,835.623385335,0.447921454,0.558384923,444.125343356,305.984701023,128.964377812,1.451462579,3.443783089,38436.899932,7082.747806
7,2770,7678440,3115,2464,1947,0.790179,409.345524209,1046.987671250,839.674892368,0.390974541,0.487504781,442.941150066,306.354878061,129.020737829,1.445843307,3.433100426,39344.504606,7186.149759
7,2770,7678440,3115,2464,2025,0.821834,416.825347077,1052.683526725,843.965456643,0.395964539,0.493889109,442.416938976,306.762367918,129.078680494,1.442213861,3.427498153,40308.276126,7296.773832
7,2770,7678440,3115,2464,2106,0.854708,390.678778503,1058.222239940,848.264469306,0.369184056,0.460562469,435.306289482,307.268910677,129.128027609,1.416694870,3.371121650,41280.347159,7410.801208
7,2770,7678440,3115,2464,2190,0.888799,328.748402346,1065.029890758,853.401880191,0.308675282,0.385221090,434.062077269,307.427038274,129.186044883,1.411919003,3.359976518,42377.681187,7469.865805
7,2770,7678440,3115,2464,2278,0.924513,380.499351587,1073.256892585,859.738393621,0.354527750,0.442575735,420.892491738,308.890092499,129.234639888,1.362596282,3.256808640,43618.583859,7681.907691
7,2770,7678440,3115,2464,2369,0.961445,443.643802294,1081.952816627,866.282000203,0.410039879,0.512123999,414.802681150,309.091340560,129.287832730,1.342006801,3.208365957,44921.331404,7744.617526
7,2770,7678440,3115,2464,2464,1.000000,526.421574273,1090.548517252,873.054077605,0.482712659,0.602965598,422.078860460,311.515929333,129.332653707,1.354919029,3.263513493,46250.947477,8002.071588
7,3113,9696995,3115,3112,1,0.000321,-218.427748797,218.427748797,218.427748797,1.000000000,1.000000000,-8.063031047,8.063031047,8.063031047,1.000000000,1.000000000,218.427749,8.063031
7,3113,9696995,3115,3112,2,0.000643,-8.063031047,303.255660984,303.255660984,0.026588229,0.026588229,-8.063031047,8.063031047,95.576006782,1.000000000,0.084362502,428.792467,8.063031
7,3113,9696995,3115,3112,3,0.000964,107.066395962,324.374445483,324.374445483,0.330070378,0.330070378,-48.453727967,41.187630028,103.760211401,1.176414568,0.466977923,543.921894,48.453728
7,3113,9696995,3115,3112,4,0.001285,107.066395962,359.729467557,324.374445483,0.297630318,0.330070378,-2.422792447,61.767854846,113.512239406,0.039224164,0.021343887,699.442017,94.484663
7,3113,9696995,3115,3112,5,0.001607,216.555584370,376.022834689,342.354587030,0.575910728,0.632547635,-59.440901585,84.061481441,117.037578099,0.707112230,0.507878773,808.931206,151.502773
7,3113,9696995,3115,3112,6,0.001928,78.557341392,400.545487145,369.120818060,0.196125893,0.212822842,-43.532856264,85.553483669,118.113761236,0.508837915,0.368567183,946.929449,167.410818
7,3113,9696995,3115,3112,7,0.002249,200.647539049,418.739422118,388.788110272,0.479170406,0.516084555,6.136354755,98.926382180,120.696388612,0.062029507,0.050841246,1069.019647,217.080029
7,3113,9696995,3115,3112,8,0.002571,200.647539049,429.885279859,388.788110272,0.466746708,0.516084555,-64.851008240,121.760563386,125.807073133,0.532610941,0.515479827,1166.275239,288.067392
7,3113,9696995,3115,3112,9,0.002892,200.647539049,449.915240343,388.788110272,0.445967420,0.516084555,-6.972647861,134.816688122,129.092586156,0.051719472,0.054012768,1299.024512,345.945752
7,3113,9696995,3115,3112,10,0.003213,96.837445594,461.736135683,402.408660682,0.209724642,0.240644536,30.926511066,140.042442294,134.540856426,0.220836702,0.229867060,1402.834606,383.844911
7,3113,9696995,3115,3112,11,0.003535,162.748380122,466.416670249,407.770746232,0.348933455,0.399117351,-18.510963817,148.512455930,136.792755760,0.124642500,0.135321229,1468.745540,433.282386
7,3113,9696995,3115,3112,12,0.003856,162.748380122,475.140240063,407.770746232,0.342527040,0.399117351,-62.324321094,154.840433487,138.535773710,0.402506759,0.449878897,1559.375212,477.095743
7,3113,9696995,3115,3112,13,0.004177,275.284730729,488.285447188,423.014670775,0.563778282,0.650768755,0.190067741,166.983857465,140.094212026,0.001138240,0.001356714,1671.911563,539.610132
7,3113,9696995,3115,3112,14,0.004499,183.586509733,496.821136496,432.839433768,0.369522342,0.424144603,-11.134141746,167.367399377,140.208586304,0.066525152,0.079411269,1763.609784,550.934342
7,3113,9696995,3115,3112,15,0.004820,86.226183994,506.270949885,443.654154103,0.170316278,0.194354506,18.988635060,170.056543705,143.407912459,0.111660714,0.132409954,1860.970110,581.057119
7,3113,9696995,3115,3112,16,0.005141,86.226183994,510.716323103,443.654154103,0.168833813,0.194354506,-5.399544212,171.796424134,145.466878168,0.031429899,0.037118719,1928.207659,605.445298
7,3113,9696995,3115,3112,17,0.005463,177.851912199,518.870346766,453.016867812,0.342767540,0.392594459,42.754776590,178.417627932,147.445997901,0.239633141,0.289969054,2019.833387,653.599619
7,3113,9696995,3115,3112,18,0.005784,177.851912199,523.248741772,453.016867812,0.339899360,0.392594459,32.402038347,178.717735958,147.536833009,0.181302869,0.219619994,2087.381955,663.952357
7,3113,9696995,3115,3112,19,0.006105,250.576849125,528.278489262,458.817173799,0.474327186,0.546136595,30.676868905,178.726062329,147.537953708,0.171641833,0.207925270,2160.106891,665.677526
7,3113,9696995,3115,3112,20,0.006427,250.576849125,533.339527178,458.817173799,0.469826136,0.546136595,-26.796549796,187.739711337,148.776575185,0.142732454,0.180112694,2233.406885,723.150945
7,3113,9696995,3115,3112,21,0.006748,158.119049485,541.294278525,468.040215886,0.292112915,0.337832186,23.392168177,194.332464155,150.878083819,0.120371901,0.155040199,2325.864685,773.339663
7,3113,9696995,3115,3112,22,0.007069,90.755608831,545.469824189,472.863063501,0.166380622,0.191927887,6.476424515,195.067293538,151.823379492,0.033200976,0.042657623,2393.228125,790.255407
7,3113,9696995,3115,3112,23,0.007391,175.034793147,551.942306777,480.314956807,0.317125161,0.364416703,19.577992116,195.506777586,151.964638416,0.100139711,0.128832552,2477.507309,803.356974
7,3113,9696995,3115,3112,24,0.007712,175.034793147,557.388566672,480.314956807,0.314026522,0.364416703,13.455205880,195.602629311,151.995471830,0.068788471,0.088523728,2555.235710,809.479760
7,3113,9696995,3115,3112,25,0.008033,175.034793147,563.213107990,480.314956807,0.310778976,0.364416703,27.511362176,196.107022116,152.157869790,0.140287491,0.180808014,2636.025504,823.535917
7,3113,9696995,3115,3112,26,0.008355,101.273077661,568.022707014,485.945725780,0.178290544,0.208404092,57.848274213,198.439644111,155.152652478,0.291515712,0.372847472,2709.787219,853.872829
7,3113,9696995,3115,3112,28,0.008997,101.273077661,572.456132975,485.945725780,0.176909761,0.208404092,47.499822401,198.873510684,155.707181812,0.238844390,0.305058648,2809.519348,869.289422
7,3113,9696995,3115,3112,29,0.009319,155.046332922,574.976162255,488.911864640,0.269656976,0.317125323,38.337702834,199.084448631,155.774556897,0.192570053,0.246110171,2863.292604,878.451541
7,3113,9696995,3115,3112,30,0.009640,213.400647966,577.929764977,492.382003600,0.369250142,0.433404646,-27.723543845,209.758685158,157.323269982,0.132168753,0.176220237,2921.646919,944.512788
7,3113,9696995,3115,3112,31,0.009961,293.775378569,583.491997002,498.898922417,0.503477991,0.588847491,-41.767401834,210.228294829,157.362441992,0.198676405,0.265421668,3002.021649,958.556646
7,3113,9696995,3115,3112,32,0.010283,293.775378569,589.491068981,498.898922417,0.498354248,0.588847491,-7.980834594,212.925968525,157.588971402,0.037481734,0.050643357,3085.907344,992.343213
7,3113,9696995,3115,3112,34,0.010925,168.160959185,596.412892661,507.058924498,0.281953930,0.331639877,62.654841578,226.071517641,159.621998164,0.277146109,0.392520093,3211.521764,1073.289660
7,3113,9696995,3115,3112,35,0.011247,115.407900382,598.741366322,509.795682726,0.192750838,0.226380694,63.531771956,226.073218439,159.624406984,0.281022991,0.398007881,3264.274823,1074.166591
7,3113,9696995,3115,3112,36,0.011568,115.407900382,600.984489355,509.795682726,0.192031413,0.226380694,45.390499673,226.799924726,160.651974980,0.200134545,0.282539319,3316.150951,1092.307863
7,3113,9696995,3115,3112,38,0.012211,132.720078217,607.340623840,517.273539867,0.218526594,0.256576198,82.195119284,229.438020851,161.596788697,0.358245416,0.508643272,3438.873575,1129.112483
7,3113,9696995,3115,3112,40,0.012853,82.195119284,612.452512666,519.735208083,0.134206518,0.158148068,82.195119284,229.438020851,161.917352890,0.358245416,0.507636259,3550.083585,1129.112483
7,3113,9696995,3115,3112,41,0.013175,143.572684948,615.520337469,523.346818170,0.233254169,0.274335641,105.794106481,230.648471941,163.628057996,0.458681151,0.646552356,3611.461150,1152.711470
7,3113,9696995,3115,3112,43,0.013817,231.967745674,618.752402100,527.144326874,0.374895911,0.440045987,71.629171795,232.228400465,164.155293520,0.308442773,0.436350058,3699.856211,1186.876404
7,3113,9696995,3115,3112,45,0.014460,231.967745674,623.144716526,527.144326874,0.372253410,0.440045987,99.306375867,233.228423196,164.312747500,0.425790195,0.604374142,3804.275996,1214.553608
7,3113,9696995,3115,3112,47,0.015103,243.784519998,627.220023410,531.955600955,0.388674645,0.458279826,89.496822697,234.830033980,164.801543672,0.381113187,0.543058158,3904.533684,1252.011153
7,3113,9696995,3115,3112,48,0.015424,243.784519998,629.324974647,531.955600955,0.387374615,0.458279826,88.863820293,234.830887132,164.801678747,0.378416236,0.539216718,3955.962916,1252.644155
7,3113,9696995,3115,3112,50,0.016067,243.784519998,632.959214757,531.955600955,0.385150440,0.458279826,101.880900778,236.228219622,165.023421252,0.431281669,0.617372371,4051.429285,1286.511662
7,3113,9696995,3115,3112,53,0.017031,250.586819864,638.699709392,536.787998102,0.392339023,0.466826421,84.989029163,236.788039312,165.219338034,0.358924502,0.514401221,4199.043928,1307.768635
7,3113,9696995,3115,3112,55,0.017674,185.380809524,644.388160397,540.733925966,0.287685002,0.342831845,68.714812561,239.078948379,165.664730505,0.287414735,0.414782388,4319.449202,1351.534899
7,3113,9696995,3115,3112,57,0.018316,121.098206464,650.208499658,544.541487627,0.186245191,0.222385639,68.509337250,239.660339121,166.183465301,0.285860136,0.412251226,4442.064804,1375.127842
7,3113,9696995,3115,3112,59,0.018959,115.292213409,654.007125110,549.071633226,0.176285868,0.209976634,70.732658130,239.670651736,166.299719935,0.295124403,0.425332395,4541.436549,1377.351163
7,3113,9696995,3115,3112,62,0.019923,120.524063089,658.468808285,552.584795516,0.183036860,0.218109626,80.971527283,239.913376608,166.402785641,0.337503179,0.486599590,4673.821063,1391.527730
7,3113,9696995,3115,3112,64,0.020566,120.524063089,660.995609796,552.584795516,0.182337161,0.218109626,74.999299478,239.951468383,166.457700251,0.312560286,0.450560709,4755.440470,1397.499958
7,3113,9696995,3115,3112,67,0.021530,173.948567711,666.245656703,558.854216358,0.261087732,0.311259292,101.998586898,241.417473107,167.039253040,0.422498776,0.610626455,4899.914501,1424.499246
7,3113,9696995,3115,3112,70,0.022494,171.440433123,669.675997589,561.788663002,0.256005044,0.305168909,94.679640472,241.716493277,167.161439365,0.391697063,0.566396418,5016.948993,1440.415609
7,3113,9696995,3115,3112,73,0.023458,255.372890562,674.166008174,564.937648747,0.378798230,0.452037302,74.151463696,244.500151696,167.610512900,0.303277782,0.442403417,5150.739446,1488.753029
7,3113,9696995,3115,3112,76,0.024422,210.067533845,678.948681489,566.751376106,0.309401196,0.370652005,80.058809787,248.699780470,168.295643615,0.321909451,0.475703399,5289.361321,1563.041389
7,3113,9696995,3115,3112,79,0.025386,254.955975413,683.184762202,571.819228015,0.373187444,0.445868140,60.934950788,249.230151725,168.345761255,0.244492692,0.361963083,5420.922245,1582.165248
7,3113,9696995,3115,3112,82,0.026350,207.251580181,688.648771645,573.805662967,0.300953968,0.361187757,52.319325580,251.412241915,168.568572890,0.208101742,0.310374138,5570.678532,1637.518796
7,3113,9696995,3115,3112,85,0.027314,211.083207236,694.214089466,578.105597167,0.304060679,0.365129153,58.690432393,252.249060401,168.658247374,0.232668587,0.347984361,5722.508051,1667.631841
7,3113,9696995,3115,3112,89,0.028599,155.611155142,700.579908279,583.976850639,0.222117639,0.266468020,61.207568159,252.419876212,168.748302289,0.242483156,0.362715164,5910.645378,1684.314638
7,3113,9696995,3115,3112,92,0.029563,114.636976492,704.437390069,585.412542912,0.162735508,0.195822549,72.836219436,252.752207365,168.900930686,0.288172437,0.431236342,6037.717828,1701.751847
7,3113,9696995,3115,3112,96,0.030848,2.397312040,708.708119198,589.016832144,0.003382651,0.004070023,76.537822798,253.610752828,169.318408244,0.301792499,0.452034859,6192.409566,1733.216120
7,3113,9696995,3115,3112,100,0.032134,39.467567419,712.364742380,590.182202699,0.055403595,0.066873530,67.966193060,253.676611974,169.417038350,0.267924554,0.401176846,6336.423480,1742.338115
7,3113,9696995,3115,3112,104,0.033419,142.285564365,715.766031893,593.202363972,0.198787813,0.239860076,51.904159655,254.376503361,169.915255066,0.204044631,0.305470863,6475.067082,1763.736470
7,3113,9696995,3115,3112,109,0.035026,236.897165003,722.480932643,599.639806316,0.327894003,0.395065775,71.791526360,257.607408658,170.308521786,0.278685798,0.421538075,6694.119962,1839.268878
7,3113,9696995,3115,3112,113,0.036311,277.188435504,727.034915368,603.990551563,0.381258767,0.458928430,81.074860095,259.557774098,170.482140946,0.312357664,0.475562189,6856.387001,1897.750920
7,3113,9696995,3115,3112,118,0.037918,245.638914991,731.385556184,607.332371594,0.335854206,0.404455495,98.553056180,260.627269358,170.550586238,0.378137930,0.577852345,7034.131446,1948.294255
7,3113,9696995,3115,3112,123,0.039524,127.420250163,736.827172883,611.164776669,0.172930987,0.208487555,91.760911117,261.368736845,170.730293570,0.351078374,0.537461216,7233.621169,1982.273636
7,3113,9696995,3115,3112,128,0.041131,166.976643620,741.636854188,612.443542300,0.225146098,0.272640059,88.627391301,261.667113640,170.915658553,0.338702828,0.518544597,7421.791931,2005.638677
7,3113,9696995,3115,3112,133,0.042738,169.812814191,746.708655069,617.287808801,0.227415088,0.275095040,99.971986968,261.979524121,170.995248758,0.381602292,0.584647747,7615.912747,2029.701476
7,3113,9696995,3115,3112,139,0.044666,273.200614721,754.059410599,623.415355990,0.362306485,0.438232091,120.219678763,265.153927748,171.447808861,0.453395806,0.701202772,7871.911985,2094.238335
7,3113,9696995,3115,3112,144,0.046272,167.643228779,758.467213441,626.399231884,0.221028972,0.267630004,127.077354856,265.463699893,171.601418404,0.478699554,0.740537905,8054.119417,2116.713509
7,3113,9696995,3115,3112,150,0.048201,128.557109061,764.406480109,630.265070984,0.168178989,0.203973082,128.557109061,265.614778923,171.931634555,0.483998329,0.747722252,8286.578219,2129.632522
7,3113,9696995,3115,3112,156,0.050129,164.298763216,768.786513960,633.125250789,0.213711818,0.259504360,136.376653791,265.875381025,172.268047908,0.512934493,0.791653794,8486.403866,2154.046355
7,3113,9696995,3115,3112,163,0.052378,130.126547359,771.989613351,635.889472133,0.168559972,0.204637053,130.126547359,266.108542864,172.683780479,0.488998008,0.753553964,8669.934519,2172.340906
7,3113,9696995,3115,3112,170,0.054627,185.273451615,774.926795955,637.951454283,0.239085101,0.290419358,119.811092989,266.296421412,172.815754279,0.449916271,0.693288025,8847.902797,2189.553453
7,3113,9696995,3115,3112,177,0.056877,223.489323419,780.441062144,640.772210070,0.286362846,0.348781236,116.612676754,266.809751143,172.917033807,0.437063024,0.674385132,9092.705167,2227.572871
7,3113,9696995,3115,3112,184,0.059126,258.111524911,785.901194550,645.481144713,0.328427450,0.399874616,124.887029761,267.634072713,172.999341572,0.466633521,0.721893093,9337.241706,2272.643836
7,3113,9696995,3115,3112,191,0.061375,298.182962042,791.197902762,649.958966658,0.376875319,0.458771980,137.419128006,268.720595414,173.120946737,0.511382940,0.793775280,9578.526004,2323.606460
7,3113,9696995,3115,3112,199,0.063946,401.905230999,797.202662446,654.516336711,0.504144366,0.614049197,96.399679733,272.501309659,173.249949454,0.353758592,0.556419670,9853.890764,2423.006678
7,3113,9696995,3115,3112,207,0.066517,216.960942332,803.886547272,659.729998913,0.269890003,0.328863236,111.640367858,274.275800900,173.388212486,0.407036886,0.643875188,10146.110942,2491.184591
7,3113,9696995,3115,3112,216,0.069409,88.035358373,809.694242448,664.576825343,0.108726670,0.132468294,115.878667966,274.370322315,173.459424113,0.422344031,0.668044810,10435.267612,2509.940598
7,3113,9696995,3115,3112,225,0.072301,27.784229759,813.730293185,668.159828230,0.034144274,0.041583209,88.933007506,276.707004136,173.799015422,0.321397746,0.511700295,10676.378910,2602.662556
7,3113,9696995,3115,3112,234,0.075193,145.495991835,817.982261535,671.359084081,0.177871818,0.216718587,115.517376665,277.178884656,173.965627022,0.416761099,0.664024145,10922.705451,2633.957685
7,3113,9696995,3115,3112,244,0.078406,181.550076218,824.276834715,675.406503355,0.220253765,0.268801196,123.118446193,277.385243929,174.200554652,0.443853626,0.706762653,11242.825877,2657.127118
7,3113,9696995,3115,3112,254,0.081620,127.823256193,829.703634574,679.293951249,0.154058932,0.188170756,127.823256193,277.778729801,174.424046055,0.460162145,0.732830473,11541.812173,2694.395440
7,3113,9696995,3115,3112,264,0.084833,175.769687948,833.843074859,682.177261492,0.210794685,0.257659846,117.739804442,278.300881297,174.569820238,0.423066589,0.674456812,11803.519327,2728.397930
7,3113,9696995,3115,3112,275,0.088368,210.165854097,839.260110294,686.507573696,0.250418019,0.306137706,138.193763311,278.898442476,174.754474251,0.495498512,0.790788127,12118.468175,2772.800951
7,3113,9696995,3115,3112,287,0.092224,311.758626818,843.456095842,689.914684432,0.369620456,0.451879970,151.889780604,280.751327497,174.865693047,0.541011798,0.868608233,12408.927847,2855.647074
7,3113,9696995,3115,3112,299,0.096080,248.203408062,849.065738845,693.475643160,0.292325313,0.357912222,81.353946250,286.718245246,175.068793293,0.283741783,0.464697018,12745.603434,3018.901887
7,3113,9696995,3115,3112,311,0.099936,172.317313290,856.304926000,699.330439161,0.201233589,0.246403279,75.009313460,287.172048432,175.240758422,0.261199911,0.428035773,13129.255745,3063.105599
7,3113,9696995,3115,3112,324,0.104113,176.927915859,863.569523875,704.718235565,0.204879759,0.251061924,90.106976820,287.680735001,175.315608368,0.313218669,0.513970077,13531.808341,3116.010327
7,3113,9696995,3115,3112,337,0.108290,77.656629342,868.298372461,708.115412916,0.089435420,0.109666628,101.064308934,287.787262598,175.476629460,0.351177144,0.575941704,13857.153777,3133.214920
7,3113,9696995,3115,3112,351,0.112789,74.817805986,874.579976336,711.288271619,0.085547129,0.105186334,102.844311049,288.292693284,175.657152278,0.356735753,0.585483197,14247.511458,3181.258989
7,3113,9696995,3115,3112,365,0.117288,81.253489098,879.700392161,714.803085118,0.092364957,0.113672550,105.990141688,288.322175876,175.803704015,0.367610092,0.602889127,14600.647193,3189.329893
7,3113,9696995,3115,3112,380,0.122108,184.138527728,885.425055353,718.568533893,0.207966249,0.256257433,105.758211299,288.414137808,175.831561359,0.366688721,0.601474562,14989.700615,3210.007851
7,3113,9696995,3115,3112,396,0.127249,70.809012207,890.622665075,723.015778718,0.079505064,0.097935639,106.377143701,288.486121312,175.884443687,0.368742674,0.604812691,15372.340674,3228.924578
7,3113,9696995,3115,3112,412,0.132391,115.547206028,894.066205700,725.831511194,0.129237863,0.159192876,91.577638904,288.613720061,176.058064101,0.317301752,0.520155889,15681.244599,3252.973695
7,3113,9696995,3115,3112,429,0.137853,112.348586175,898.561038660,729.126537642,0.125031669,0.154086541,89.774141655,288.630446111,176.156090218,0.311034899,0.509628373,16050.336709,3260.015988
7,3113,9696995,3115,3112,447,0.143638,219.502026925,903.667320110,733.517032848,0.242901367,0.299245985,75.483727108,291.275105311,176.271048878,0.259149257,0.428225325,16456.479011,3384.866638
7,3113,9696995,3115,3112,466,0.149743,220.388201606,911.017835162,739.201521742,0.241914256,0.298143598,66.992511870,293.945879372,176.390679046,0.227907641,0.379796213,16959.240078,3518.596666
7,3113,9696995,3115,3112,485,0.155848,167.186809040,917.492897154,744.363901179,0.182221366,0.224603596,56.304432323,295.506063675,176.470676236,0.190535624,0.319058291,17432.825193,3631.105194
7,3113,9696995,3115,3112,505,0.162275,159.707014273,925.779569556,750.643117429,0.172510843,0.212760246,43.818806868,297.441786382,176.609774633,0.147318934,0.248110882,17984.033750,3761.262927
7,3113,9696995,3115,3112,526,0.169023,109.953252938,931.788830455,754.917513630,0.118002330,0.145649360,73.284687318,298.162499422,176.702927000,0.245787741,0.414733862,18460.146628,3828.373658
7,3113,9696995,3115,3112,547,0.175771,-0.169570715,936.674545770,758.810761793,0.000181035,0.000223469,64.032054704,298.313342201,176.804616896,0.214646969,0.362162798,18896.330501,3862.066534
7,3113,9696995,3115,3112,570,0.183162,-63.741428750,942.690628282,762.994426418,0.067616487,0.083541146,70.369086608,299.483426052,176.896602310,0.234968217,0.397797842,19405.120572,3962.491829
7,3113,9696995,3115,3112,593,0.190553,-64.305428369,948.086791414,767.037614405,0.067826521,0.083836082,53.643413301,301.272220545,176.995072987,0.178056288,0.303078568,19888.231685,4085.328238
7,3113,9696995,3115,3112,618,0.198586,100.312135620,951.876189725,769.938021200,0.105383596,0.130285988,29.996019991,301.955048683,177.145965966,0.099339356,0.169329399,20311.077821,4165.689448
7,3113,9696995,3115,3112,643,0.206620,109.037932621,957.114038967,773.551356095,0.113923658,0.140957587,15.016843851,302.341140030,177.212200768,0.049668543,0.084739334,20809.040052,4215.356550
7,3113,9696995,3115,3112,670,0.215296,264.598443225,964.410914298,779.274208279,0.274362763,0.339544720,7.474435464,306.361080210,177.300458341,0.024397471,0.042156887,21422.031327,4426.361180
7,3113,9696995,3115,3112,698,0.224293,151.154592440,971.470519428,784.883219662,0.155593597,0.192582270,47.161400672,311.675213454,177.402731467,0.151315853,0.265843712,22035.106026,4682.019325
7,3113,9696995,3115,3112,726,0.233290,77.426169296,977.229335000,789.024693079,0.079230296,0.098128956,59.731076879,312.106909755,177.472267281,0.191380181,0.336565694,22594.627926,4742.350022
7,3113,9696995,3115,3112,756,0.242931,91.471701684,982.434899241,792.681333105,0.093107138,0.115395302,53.705381099,312.540618751,177.561876101,0.171834884,0.302460090,23146.882956,4812.330947
7,3113,9696995,3115,3112,787,0.252892,97.054881161,989.039517843,797.939752753,0.098130438,0.121631841,54.091390129,312.681853642,177.615462226,0.172991779,0.304542124,23779.078180,4852.214825
7,3113,9696995,3115,3112,820,0.263496,-19.853512131,997.496308177,804.636352011,0.019903344,0.024673894,54.888509588,312.880706306,177.732265475,0.175429512,0.308826928,24522.922050,4893.756712
7,3113,9696995,3115,3112,854,0.274422,84.129643390,1006.087988044,810.396907941,0.083620562,0.103812888,64.447526386,313.077999425,177.809418481,0.205851342,0.362452827,25285.033032,4939.799419
7,3113,9696995,3115,3112,889,0.285668,62.500751665,1012.394481853,815.140644590,0.061735571,0.076674807,62.500751665,313.229542370,177.897594030,0.199536580,0.351329944,25951.496853,4979.831494
7,3113,9696995,3115,3112,926,0.297558,-2.307189083,1017.584217978,819.350738898,0.002267320,0.002815875,57.343001725,313.262722584,177.960800606,0.183050831,0.322222655,26574.387760,4997.826074
7,3113,9696995,3115,3112,964,0.309769,10.587826940,1022.008563174,822.316711483,0.010359822,0.012875607,62.491759002,313.982008918,178.070416991,0.199029744,0.350938466,27157.759771,5099.539789
7,3113,9696995,3115,3112,1004,0.322622,40.094482621,1026.466881928,825.999551571,0.039060669,0.048540562,55.893606066,314.087533484,178.111045592,0.177955506,0.313813250,27760.066549,5132.313502
7,3113,9696995,3115,3112,1045,0.335797,153.180638859,1031.778261559,830.065551652,0.148462751,0.184540412,42.129095830,315.103833322,178.198005398,0.133699090,0.236417325,28426.476794,5239.381140
7,3113,9696995,3115,3112,1088,0.349614,185.798256259,1038.499513556,834.776881634,0.178910297,0.222572355,46.975275397,316.530851788,178.252876694,0.148406625,0.263531654,29199.410948,5378.998448
7,3113,9696995,3115,3112,1133,0.364075,269.572696945,1046.330929694,840.998097599,0.257636174,0.320539009,3.707594193,321.649297578,178.317974069,0.011526822,0.020792039,30052.428542,5683.670024
7,3113,9696995,3115,3112,1180,0.379177,111.258409032,1054.486611858,847.011141821,0.105509551,0.131354127,12.742863461,324.079462284,178.392340354,0.039320182,0.071431674,30947.806836,5868.699850
7,3113,9696995,3115,3112,1228,0.394602,33.085572071,1061.937759807,852.802278243,0.031155849,0.038796299,16.964321902,324.482154544,178.444735200,0.052281217,0.095067652,31815.556889,5951.367535
7,3113,9696995,3115,3112,1279,0.410990,22.258132141,1068.105431761,857.484411907,0.020838891,0.025957477,22.258132141,324.592035713,178.502296325,0.068572638,0.124693814,32632.552371,5997.440294
7,3113,9696995,3115,3112,1332,0.428021,18.418456229,1076.762904778,864.297888428,0.017105396,0.021310310,34.583418592,324.654370842,178.570255370,0.106523804,0.193668417,33620.734905,6030.031621
7,3113,9696995,3115,3112,1387,0.445694,-93.942257234,1082.315730608,868.779478980,0.086797461,0.108131303,15.683532264,325.540690234,178.629021572,0.048176872,0.087799464,34429.618913,6175.539232
7,3113,9696995,3115,3112,1444,0.464010,-53.947219837,1088.538995985,873.562259588,0.049559290,0.061755438,32.764243559,329.964390891,178.713357943,0.099296301,0.183334049,35305.907714,6529.812999
7,3113,9696995,3115,3112,1503,0.482969,55.317914472,1095.096212512,878.426310919,0.050514205,0.062973882,40.781330073,330.214372745,178.769853895,0.123499561,0.228121963,36222.660355,6615.399586
7,3113,9696995,3115,3112,1565,0.502892,76.788433999,1100.734448081,882.904616910,0.069761089,0.086972514,41.992241195,330.328472633,178.831605372,0.127122681,0.234814428,37092.501002,6664.929293
7,3113,9696995,3115,3112,1630,0.523779,283.133433619,1108.026194187,888.401430662,0.255529549,0.318699885,87.496941937,332.074701316,178.885796450,0.263485721,0.489121795,38114.053023,6908.703630
7,3113,9696995,3115,3112,1697,0.545308,234.876125836,1114.016168703,892.603790600,0.210837268,0.263135927,70.554981258,336.086349429,178.944173763,0.209931113,0.394284875,39052.437714,7301.572548
7,3113,9696995,3115,3112,1767,0.567802,184.280053566,1121.411636679,898.278017911,0.164328644,0.205148128,66.277875836,339.383294959,179.004437803,0.195289152,0.370258283,40125.264140,7650.691889
7,3113,9696995,3115,3112,1840,0.591260,61.286741705,1130.651869534,905.124369442,0.054204785,0.067710851,44.799804392,340.442795766,179.057984464,0.131592752,0.250197189,41355.166507,7851.192323
7,3113,9696995,3115,3112,1916,0.615681,116.519262067,1137.826790500,910.425261288,0.102405096,0.127983336,60.359676051,340.673460688,179.106337623,0.177177512,0.337004691,42464.931074,7937.367360
7,3113,9696995,3115,3112,1995,0.641067,-53.014136817,1146.049450336,916.853058896,0.046258158,0.057821846,62.727161811,341.062619973,179.160815975,0.183916847,0.350116522,43676.765556,8053.527871
7,3113,9696995,3115,3112,2077,0.667416,-50.137475895,1153.189460897,922.070214923,0.043477223,0.054374900,39.895018677,341.578818048,179.202380944,0.116795939,0.222625495,44834.270852,8191.800458
7,3113,9696995,3115,3112,2163,0.695051,103.681786530,1160.490601890,927.903107348,0.089343064,0.111737730,48.037733810,341.817892930,179.250175719,0.140536042,0.267992673,46037.575886,8267.445005
7,3113,9696995,3115,3112,2252,0.723650,-48.841226391,1167.192218094,932.919838007,0.041845058,0.052353079,26.817277862,343.079838982,179.289931554,0.078166289,0.149574924,47213.530672,8480.646669
7,3113,9696995,3115,3112,2345,0.753535,75.901109983,1173.029406299,937.464143995,0.064705207,0.080964281,41.934139101,343.526651627,179.335524877,0.122069536,0.233830632,48335.428665,8589.447207
7,3113,9696995,3115,3112,2442,0.784704,181.410824465,1179.328944675,942.241361748,0.153825466,0.192531162,42.462002128,345.702479637,179.378489902,0.122828168,0.236717358,49532.107757,8852.743416
7,3113,9696995,3115,3112,2543,0.817159,81.812334708,1185.707468065,947.050152221,0.068998751,0.086386486,44.417914852,346.596622209,179.422397919,0.128154494,0.247560591,50762.728527,9003.724697
7,3113,9696995,3115,3112,2647,0.850578,-69.259760696,1192.027973748,951.936275822,0.058102463,0.072756720,41.900282476,347.325148292,179.462068943,0.120637053,0.233477095,52011.564991,9161.052545
7,3113,9696995,3115,3112,2757,0.885925,240.654857984,1199.589054593,957.569378118,0.200614416,0.251318456,9.770105922,349.631106860,179.507291403,0.027944041,0.054427349,53417.762794,9443.141360
7,3113,9696995,3115,3112,2870,0.922237,289.815708731,1209.206909301,964.907441238,0.239674208,0.300355968,65.730643910,357.460419244,179.541869473,0.183882300,0.366102036,55031.730020,9994.793645
7,3113,9696995,3115,3112,2989,0.960476,159.015589513,1219.154799905,972.447903082,0.130431008,0.163520934,24.777103487,363.353634501,179.585239339,0.068190053,0.137968485,56722.450930,10478.897351
7,3113,9696995,3115,3112,3112,1.000000,-32.966952401,1229.034831939,980.262055691,0.026823448,0.033630754,32.247243732,363.958884191,179.620454757,0.088601337,0.179529908,58444.279580,10616.910477
8,3114,9703224,14937,649,1,0.001541,-243.619220864,243.619220864,243.619220864,1.000000000,1.000000000,-38.909516088,38.909516088,38.909516088,1.000000000,1.000000000,243.619221,38.909516
8,3114,9703224,14937,649,2,0.003082,-38.909516088,318.208089155,318.208089155,0.122276955,0.122276955,-38.909516088,38.909516088,105.453143566,1.000000000,0.368974454,448.328926,38.909516
8,3114,9703224,14937,649,3,0.004622,67.787867800,335.619903659,335.619903659,0.201978092,0.201978092,-88.708895092,63.197536276,116.620511220,1.403676477,0.760662890,555.026310,88.708895
8,3114,9703224,14937,649,4,0.006163,67.787867800,370.313322104,335.619903659,0.183055439,0.201978092,-35.692616143,82.490329281,128.105696480,0.432688492,0.278618493,711.523072,141.725174
8,3114,9703224,14937,649,5,0.007704,171.268351743,384.499892178,351.210663690,0.445431469,0.487651343,-112.084617288,112.429499082,133.678734025,0.996932462,0.838462588,815.003556,218.117175
8,3114,9703224,14937,649,6,0.009245,29.591867227,409.771147532,378.709858010,0.072215595,0.078138624,-86.361894079,115.334516747,136.131048699,0.748794867,0.634402621,956.680041,243.839898
8,3114,9703224,14937,649,7,0.010786,145.545628533,425.861090158,396.063670784,0.341767848,0.367480381,-44.186078803,122.804112909,137.754717772,0.359809438,0.320759096,1072.633802,286.015714
8,3114,9703224,14937,649,8,0.012327,145.545628533,436.299436514,396.063670784,0.333591145,0.367480381,-121.733899340,145.239507771,143.107576270,0.838159680,0.850646084,1167.499656,363.563534
8,3114,9703224,14937,649,9,0.013867,145.545628533,456.307774214,396.063670784,0.318963727,0.367480381,-54.462253836,160.062453143,147.007302397,0.340256274,0.370473119,1301.139420,430.835180
8,3114,9703224,14937,649,10,0.015408,45.541687349,467.137638240,408.493842754,0.097490940,0.111486839,-27.714042046,162.282025315,149.420928226,0.170777028,0.185476308,1401.143361,457.583392
8,3114,9703224,14937,649,11,0.016949,118.797416743,472.846671712,415.010387167,0.251238771,0.286251671,-62.917109174,166.056350904,150.454071981,0.378890111,0.418181498,1474.399090,492.786459
8,3114,9703224,14937,649,12,0.018490,118.797416743,481.496642960,415.010387167,0.246725327,0.286251671,-97.119138849,169.542002198,151.422826827,0.572832322,0.641377135,1565.256353,526.988488
8,3114,9703224,14937,649,13,0.020031,226.755694539,493.451119085,428.822353897,0.459530206,0.528787020,-54.605882566,174.790925019,152.084490157,0.312406852,0.359049647,1673.214631,569.501745
8,3114,9703224,14937,649,14,0.021572,132.968502171,502.284823958,438.958595603,0.264727294,0.302918096,-71.786903648,175.633296828,152.326914949,0.408731744,0.471268677,1767.001823,586.682766
8,3114,9703224,14937,649,15,0.023112,30.590799262,512.612171560,450.739218070,0.059676303,0.067868067,-40.861792343,178.335126836,155.434396216,0.229129241,0.262887709,1869.379526,617.607877
8,3114,9703224,14937,649,16,0.024653,30.590799262,517.568074053,450.739218070,0.059104881,0.067868067,-54.648331566,178.867230446,156.044609618,0.305524558,0.350209672,1940.832118,631.394416
8,3114,9703224,14937,649,17,0.026194,115.829930089,524.540199320,458.728189815,0.220821836,0.252502315,-21.853818734,181.848745388,156.903760977,0.120175802,0.139281676,2026.071249,664.188929
8,3114,9703224,14937,649,18,0.027735,115.829930089,529.038395937,458.728189815,0.218944279,0.252502315,-33.531652619,182.223319045,157.012366264,0.184014059,0.213560584,2094.913123,675.866763
8,3114,9703224,14937,649,19,0.029276,190.510721443,534.283487460,464.767439402,0.356572355,0.409905482,-43.883768073,182.517134259,157.050280248,0.240436429,0.279424959,2169.593915,686.218878
8,3114,9703224,14937,649,20,0.030817,190.510721443,539.966087564,464.767439402,0.352819790,0.409905482,-107.174531553,193.179256236,158.460943479,0.554793168,0.676346671,2247.725411,749.509642
8,3114,9703224,14937,649,21,0.032357,91.282303778,549.007882085,475.242097883,0.166267747,0.192075374,-42.994415726,203.561568837,161.677587888,0.211210868,0.265926875,2346.953829,813.689758
8,3114,9703224,14937,649,22,0.033898,24.143944026,553.097833969,479.961051493,0.043652212,0.050303965,-59.058403337,204.194426970,162.473672092,0.289226323,0.363495221,2414.092189,829.753745
8,3114,9703224,14937,649,23,0.035439,107.346291389,559.320877983,487.119329895,0.191922554,0.220369599,-48.390632130,204.472896365,162.561202194,0.236660374,0.297676392,2497.294536,840.421516
8,3114,9703224,14937,649,24,0.036980,107.346291389,564.715275059,487.119329895,0.190089229,0.220369599,-58.931634160,204.744421345,162.646618900,0.287830231,0.362329291,2575.162998,850.962519
8,3114,9703224,14937,649,25,0.038521,107.346291389,570.802443071,487.119329895,0.188062074,0.220369599,-39.434878132,205.670614253,162.938496107,0.191738029,0.242023089,2658.301960,870.459275
8,3114,9703224,14937,649,26,0.040062,33.955706628,575.501178928,492.616909463,0.059001976,0.068929235,-8.527528401,207.979964984,165.843956118,0.041001682,0.051418988,2731.692545,901.366624
8,3114,9703224,14937,649,27,0.041602,33.955706628,577.067095064,492.616909463,0.058841869,0.068929235,-17.755955590,208.184604866,166.100516704,0.085289475,0.106898858,2774.175780,910.595051
8,3114,9703224,14937,649,28,0.043143,33.955706628,579.379433718,492.616909463,0.058607028,0.068929235,-19.640984718,208.193138787,166.111212699,0.094340211,0.118239969,2825.887442,912.480081
8,3114,9703224,14937,649,29,0.044684,87.552397975,581.853188991,495.523990148,0.150471630,0.176686497,-31.789477662,208.547282214,166.222235138,0.152432951,0.191246843,2879.484134,924.628574
8,3114,9703224,14937,649,30,0.046225,147.223335793,584.904910527,499.103842534,0.251704735,0.294975360,-93.555053705,217.501621379,167.492444099,0.430134971,0.558562831,2939.155072,986.394150
8,3114,9703224,14937,649,31,0.047766,227.482798959,590.385751680,505.515802977,0.385312143,0.450001360,-117.540373423,218.820133591,167.599745832,0.537155204,0.701315941,3019.414535,1010.379469
8,3114,9703224,14937,649,33,0.050847,150.033189946,601.659238743,511.414380905,0.249365721,0.293369126,-11.198630543,232.767397921,169.496850758,0.048110821,0.066069844,3183.119937,1116.721212
8,3114,9703224,14937,649,34,0.052388,96.289249783,604.054840780,514.230570951,0.159404814,0.187249174,-9.463882288,232.773862120,169.499070070,0.040656980,0.055834420,3236.863877,1118.455960
8,3114,9703224,14937,649,35,0.053929,43.412683748,606.364726798,516.941980629,0.071595002,0.083979799,-7.378850402,232.783200090,169.511893720,0.031698380,0.043529986,3289.740443,1120.540992
8,3114,9703224,14937,649,36,0.055470,43.412683748,608.488259416,516.941980629,0.071345146,0.083979799,-25.149935526,233.460552794,170.440880011,0.107726703,0.147558118,3340.531977,1138.312077
8,3114,9703224,14937,649,37,0.057011,111.975303021,612.338790710,521.468929178,0.182864951,0.214730537,4.219605672,235.300658012,171.072312390,0.017932826,0.024665626,3409.094596,1167.681619
8,3114,9703224,14937,649,38,0.058552,58.097454347,614.704495824,524.244853743,0.094512818,0.110821220,8.694281410,235.343201270,171.130823610,0.036942989,0.050804883,3462.972445,1172.156294
8,3114,9703224,14937,649,40,0.061633,8.694281410,619.624399008,526.567507706,0.014031535,0.016511238,8.694281410,235.343201270,171.508898079,0.036942989,0.050692888,3572.642567,1172.156294
8,3114,9703224,14937,649,41,0.063174,72.355593049,622.886152074,530.401831418,0.116161826,0.136416560,34.512213788,236.755122471,173.441251589,0.145771772,0.198985037,3636.303879,1197.974227
8,3114,9703224,14937,649,42,0.064715,110.198972309,624.034678363,531.750151975,0.176591103,0.207238253,9.439355542,238.079054595,173.893731364,0.039647988,0.054282322,3674.147258,1223.047085
8,3114,9703224,14937,649,44,0.067797,160.578780693,628.468070899,534.131396960,0.255508256,0.300635352,0.703062473,238.515207719,173.960128365,0.002947663,0.004041515,3779.433453,1241.470259
8,3114,9703224,14937,649,45,0.069337,160.578780693,630.723507880,534.131396960,0.254594571,0.300635352,36.880469768,241.243257133,174.377604686,0.152876686,0.211497743,3832.725359,1277.647666
8,3114,9703224,14937,649,47,0.072419,175.169759385,634.530200772,538.621185545,0.276062131,0.325218844,24.957877693,243.614000910,175.081535535,0.102448454,0.142550027,3929.781878,1324.088989
8,3114,9703224,14937,649,48,0.073960,175.169759385,636.502665668,538.621185545,0.275206639,0.325218844,25.008854977,243.614006244,175.081536360,0.102657706,0.142841190,3979.852505,1324.139966
8,3114,9703224,14937,649,50,0.077042,175.169759385,640.058081748,538.621185545,0.273677912,0.325218844,21.157108187,244.786223376,175.263107129,0.086430960,0.120716268,4074.998692,1357.758209
8,3114,9703224,14937,649,51,0.078582,123.832208986,642.113613072,541.062219711,0.192850932,0.228868704,23.637127120,244.798786044,175.267493689,0.096557371,0.134863155,4126.336243,1360.238228
8,3114,9703224,14937,649,53,0.081664,178.591289036,646.388592526,543.826150940,0.276290905,0.328397759,23.229982388,245.138449262,175.354660455,0.094762704,0.132474280,4231.192864,1378.477240
8,3114,9703224,14937,649,55,0.084746,119.031217052,651.189310937,547.077951138,0.182790496,0.217576338,3.960757262,246.278360356,175.538531347,0.016082441,0.022563464,4342.540038,1405.845834
8,3114,9703224,14937,649,57,0.087827,55.615886315,656.794736222,550.741126841,0.084677728,0.100983717,2.130515922,246.758864553,175.917468393,0.008634000,0.012110883,4463.490598,1427.535996
8,3114,9703224,14937,649,58,0.089368,2.130515922,658.968899399,553.332154894,0.003233105,0.003850338,2.130515922,246.758864553,176.194502742,0.008634000,0.012091841,4516.975969,1427.535996
8,3114,9703224,14937,649,60,0.092450,45.739292239,662.097054142,555.047924968,0.069082458,0.082406023,-3.305596621,246.792115276,176.241067074,0.013394255,0.018756109,4607.815809,1432.972108
8,3114,9703224,14937,649,62,0.095532,52.126779668,665.280064426,558.840991725,0.078353136,0.093276586,12.285917113,247.138586700,176.379269219,0.049712662,0.069656242,4699.518099,1448.563622
8,3114,9703224,14937,649,64,0.098613,52.126779668,667.509239831,558.840991725,0.078091473,0.093276586,5.543766598,247.330816352,176.648516244,0.022414379,0.031383035,4776.557440,1460.590540
8,3114,9703224,14937,649,67,0.103236,104.219865805,672.760863786,565.103396392,0.154913687,0.184426189,26.766185791,248.196910483,176.978121770,0.107842542,0.151240083,4921.816552,1481.812960
8,3114,9703224,14937,649,69,0.106317,62.843378814,675.143660012,566.616150749,0.093081491,0.110909967,26.050263248,248.295783661,177.057288774,0.104916253,0.147129008,5001.919879,1491.695625
8,3114,9703224,14937,649,71,0.109399,138.458772613,677.259082106,569.135102528,0.204439891,0.243279271,-12.213296575,250.673620979,177.435624366,0.048721906,0.068832269,5077.535273,1529.959185
8,3114,9703224,14937,649,73,0.112481,184.215943679,680.658530756,570.971526115,0.270643701,0.322635955,2.480258217,251.034880049,177.492135182,0.009880134,0.013973905,5173.516467,1544.652740
8,3114,9703224,14937,649,76,0.117103,138.782022313,685.369150207,572.776330556,0.202492368,0.242297062,6.337050327,252.057895092,177.653155815,0.025141249,0.035670913,5312.293258,1580.427867
8,3114,9703224,14937,649,78,0.120185,138.191411432,688.169471089,576.124182558,0.200810145,0.239863931,-0.493183056,252.187948119,177.674207702,0.001955617,0.002775772,5399.999295,1589.620544
8,3114,9703224,14937,649,81,0.124807,184.419609595,693.580667128,577.975881879,0.265894968,0.319078383,-16.423300138,253.227524783,177.766596175,0.064855904,0.092386874,5549.527881,1628.918158
8,3114,9703224,14937,649,84,0.129430,187.280360612,699.483957539,582.575161681,0.267740752,0.321469868,-13.044626028,253.804206301,177.828057150,0.051396414,0.073355275,5706.531275,1654.659017
8,3114,9703224,14937,649,86,0.132512,86.126430696,703.131820569,586.950056861,0.122489735,0.146735535,-8.933823859,253.920500287,177.866102895,0.035183547,0.050227805,5807.685205,1664.718438
8,3114,9703224,14937,649,89,0.137134,81.205467020,707.544716421,590.410893422,0.114770791,0.137540597,-15.107162369,254.193258705,177.996152229,0.059431798,0.084873533,5944.198140,1680.733704
8,3114,9703224,14937,649,92,0.141757,38.357462884,711.639047882,591.963659805,0.053900166,0.064796989,-2.241629287,254.424042054,178.088394145,0.008810603,0.012587172,6075.891850,1693.599237
8,3114,9703224,14937,649,95,0.146379,-73.119949066,714.569079874,595.482837681,0.102327334,0.122791027,15.065691788,255.572770772,178.589992091,0.058948736,0.084359104,6187.369262,1723.131467
8,3114,9703224,14937,649,98,0.151002,-35.490729137,717.917979065,596.670569213,0.049435632,0.059481280,0.446445848,255.907252121,178.718022059,0.001744561,0.002498046,6307.000665,1738.310998
8,3114,9703224,14937,649,102,0.157165,28.172797797,720.888029140,598.380687888,0.039080685,0.047081730,-10.033668080,255.991304361,178.934267017,0.039195347,0.056074604,6437.230860,1748.791112
8,3114,9703224,14937,649,105,0.161787,106.730158519,723.782446189,600.955386353,0.147461657,0.177600802,-16.436470199,256.619772940,179.157448186,0.064049898,0.091743159,6548.857090,1775.744301
8,3114,9703224,14937,649,108,0.166410,104.860425276,727.310388948,603.629407558,0.144175619,0.173716562,-40.028869732,257.374703678,179.283150013,0.155527599,0.223271790,6672.667780,1806.815634
8,3114,9703224,14937,649,112,0.172573,151.998053369,732.521833420,608.727633334,0.207499690,0.249697968,-1.503626077,259.604074430,179.481826725,0.005791997,0.008377595,6846.462293,1861.730787
8,3114,9703224,14937,649,116,0.178737,188.674751681,736.358459325,612.415345617,0.256226773,0.308082991,25.956501976,261.660967745,179.597727991,0.099198983,0.144525781,6996.322225,1909.575573
8,3114,9703224,14937,649,120,0.184900,119.855373540,739.635172567,614.359937733,0.162046612,0.195089826,-0.394380626,262.919398154,179.720076858,0.001500006,0.002194416,7134.991301,1947.249184
8,3114,9703224,14937,649,123,0.189522,36.365250381,743.075550050,617.197335244,0.048938833,0.058919973,0.268313545,263.328002700,179.845206519,0.001018933,0.001491914,7258.564675,1970.693273
8,3114,9703224,14937,649,128,0.197227,75.279734252,747.749475375,618.422903592,0.100675075,0.121728568,-1.619703474,263.781545957,180.111155622,0.006140321,0.008992799,7444.688053,1999.948381
8,3114,9703224,14937,649,132,0.203390,116.921036486,752.005237562,622.206799187,0.155479019,0.187913466,12.765004917,264.624056717,180.275983523,0.048238263,0.070808128,7604.316335,2031.062996
8,3114,9703224,14937,649,136,0.209553,46.081692897,755.739906633,624.220626094,0.060975598,0.073822765,-1.166980854,264.759412075,180.458273301,0.004407703,0.006466763,7754.156245,2044.994982
8,3114,9703224,14937,649,141,0.217257,146.447418697,762.205396346,630.623036453,0.192136423,0.232226560,36.723463427,267.181173201,180.760094764,0.137447796,0.203161342,7974.971552,2116.771820
8,3114,9703224,14937,649,145,0.223421,35.814456058,765.910082779,633.880332225,0.046760654,0.056500343,35.814456058,267.389540184,180.942685977,0.133941126,0.197932599,8124.876988,2133.489978
8,3114,9703224,14937,649,150,0.231125,35.211092999,770.622507707,636.387294931,0.045691753,0.055329661,35.211092999,267.480863838,181.129185580,0.131639671,0.194397677,8314.885270,2144.321110
8,3114,9703224,14937,649,155,0.238829,69.654211684,774.221834867,639.103779627,0.089966736,0.108987326,39.220010846,267.654945121,181.381514454,0.146531987,0.216229371,8481.169046,2162.747838
8,3114,9703224,14937,649,160,0.246533,40.123891740,777.101740703,641.239929869,0.051632739,0.062572354,40.123891740,267.703005373,181.482723333,0.149882112,0.221089319,8630.446029,2169.884351
8,3114,9703224,14937,649,165,0.254237,62.121810839,778.856973416,642.531522620,0.079760229,0.096682900,41.096928610,267.746731594,181.577870913,0.153491803,0.226332253,8747.050144,2177.398062
8,3114,9703224,14937,649,171,0.263482,94.749778156,781.557664885,643.994636619,0.121231974,0.147128210,20.837317089,268.106904534,181.813180361,0.077720181,0.114608397,8904.796094,2202.060551
8,3114,9703224,14937,649,177,0.272727,133.435970297,786.512748481,646.946191087,0.169655191,0.206255129,28.931467803,268.491808543,181.863344199,0.107755495,0.159083558,9120.545157,2229.472132
8,3114,9703224,14937,649,182,0.280431,204.222733983,790.346806524,650.753520909,0.258396355,0.313825016,33.553495502,269.386994094,181.969987647,0.124554994,0.184390272,9294.243133,2272.615182
8,3114,9703224,14937,649,188,0.289676,135.437853016,794.533479450,654.177318472,0.170462110,0.207035385,18.125941441,270.435171643,182.134152901,0.067025089,0.099519728,9493.632147,2315.890386
8,3114,9703224,14937,649,195,0.300462,237.457245940,799.815313276,658.592304436,0.296890097,0.360552719,34.521496060,271.751536919,182.215989023,0.127033306,0.189453715,9735.821857,2375.213000
8,3114,9703224,14937,649,201,0.309707,272.912764495,804.874402606,661.704332876,0.339074971,0.412439138,31.036415193,273.680914994,182.274867543,0.113403652,0.170272598,9956.240889,2438.232735
8,3114,9703224,14937,649,208,0.320493,126.392868065,810.425852181,665.759954100,0.155958584,0.189847508,15.223408081,274.822929727,182.430942226,0.055393515,0.083447511,10206.321071,2491.210853
8,3114,9703224,14937,649,215,0.331279,1.561990866,814.790062062,670.355016242,0.001917047,0.002330095,28.440675712,274.970776764,182.508703337,0.103431630,0.155831887,10428.209580,2507.655223
8,3114,9703224,14937,649,222,0.342065,-81.165146998,818.098198514,673.272803926,0.099211986,0.120553135,31.089808846,276.334202691,182.675919488,0.112508001,0.170191063,10622.185288,2568.439986
8,3114,9703224,14937,649,229,0.352851,-26.624773033,820.499044063,675.032380059,0.032449487,0.039442216,29.035744619,277.217973091,182.824140332,0.104739762,0.158817892,10786.824007,2615.645661
8,3114,9703224,14937,649,237,0.365177,-3.432795847,825.409682402,678.441992009,0.004158899,0.005059822,33.037301900,277.275605484,183.037421011,0.119149688,0.180494796,11040.249901,2626.172124
8,3114,9703224,14937,649,245,0.377504,94.172629725,830.195811662,680.800614648,0.113434239,0.138326300,39.250368727,277.469257612,183.205158738,0.141458441,0.214242705,11291.215504,2649.963270
8,3114,9703224,14937,649,253,0.389831,67.819890758,834.539323786,684.006690730,0.081266261,0.099150917,38.992409012,277.706601792,183.300990416,0.140408650,0.212723395,11531.263037,2674.146345
8,3114,9703224,14937,649,261,0.402157,85.897806618,837.824846329,686.479498715,0.102524778,0.125128000,37.596224760,278.266173836,183.434446059,0.135108857,0.204957278,11740.266975,2705.448194
8,3114,9703224,14937,649,270,0.416025,89.730414104,842.216772012,689.950070762,0.106540759,0.130053489,29.651712935,278.360536963,183.501598369,0.106522689,0.161588309,11997.363674,2725.296599
8,3114,9703224,14937,649,278,0.428351,121.126292804,845.333549490,692.360519864,0.143288165,0.174946851,55.239492328,279.242715629,183.624822220,0.197818920,0.300828023,12201.719892,2781.570660
8,3114,9703224,14937,649,288,0.443760,219.196529653,848.681343812,694.804357263,0.258278954,0.315479498,25.129196111,281.548374814,183.709636768,0.089253565,0.136787577,12439.432784,2866.335636
8,3114,9703224,14937,649,297,0.457627,215.766250166,852.947388255,697.139404433,0.252965485,0.309502302,3.787393343,283.133818620,183.753926129,0.013376690,0.020611224,12694.783146,2939.075693
8,3114,9703224,14937,649,307,0.473035,47.584016903,859.359505015,702.604203655,0.055371491,0.067725210,-17.018484819,284.069085956,183.862420150,0.059909669,0.092560975,13025.370819,2991.194648
8,3114,9703224,14937,649,317,0.488444,114.210753406,865.050161349,706.542120286,0.132027897,0.161647480,-12.087731686,284.664275510,184.019692732,0.042463114,0.065687164,13337.925696,3040.553691
8,3114,9703224,14937,649,328,0.505393,33.595533228,870.277022673,710.752202863,0.038603264,0.047267575,9.963629953,285.212506019,184.102348786,0.034934057,0.054120059,13652.524427,3083.956996
8,3114,9703224,14937,649,339,0.522342,-39.065204674,873.882099729,713.588094940,0.044703061,0.054744754,22.320139433,285.393102998,184.205258933,0.078208405,0.121169936,13915.308276,3101.294258
8,3114,9703224,14937,649,350,0.539291,-18.309997373,878.891531116,716.071433098,0.020833057,0.025570071,13.104870052,285.770135793,184.354616027,0.045858081,0.071085120,14225.098865,3143.222693
8,3114,9703224,14937,649,361,0.556240,35.847058418,883.011851990,718.672671363,0.040596350,0.049879535,11.689916634,285.817932872,184.443898003,0.040899871,0.063379254,14505.899289,3155.813609
8,3114,9703224,14937,649,373,0.574730,58.305216647,887.377947864,721.771639584,0.065705055,0.080780698,8.948332290,285.840818942,184.547343866,0.031305299,0.048488004,14810.018130,3163.672946
8,3114,9703224,14937,649,386,0.594761,58.889652755,892.301926940,725.486891534,0.065997451,0.081172594,5.411494649,286.184932173,184.618461467,0.018909083,0.029311774,15147.304694,3202.404401
8,3114,9703224,14937,649,398,0.613251,-29.509926007,895.785286287,728.169829962,0.032943080,0.040526159,6.872538200,286.220017395,184.648242121,0.024011382,0.037219624,15418.527920,3213.638969
8,3114,9703224,14937,649,412,0.634823,19.748348406,898.743082991,730.414576797,0.021973297,0.027037177,-5.711652955,286.288420500,184.777998105,0.019950695,0.030910893,15686.928266,3226.223160
8,3114,9703224,14937,649,425,0.654854,-9.984181231,902.106406527,732.664841397,0.011067631,0.013627215,-9.984181231,286.357498659,184.911855441,0.034866142,0.053994273,15966.468639,3237.279387
8,3114,9703224,14937,649,439,0.676425,146.782759044,905.907307409,736.257404869,0.162028452,0.199363372,-12.370397347,288.053356759,185.016761703,0.042944812,0.066860955,16275.909814,3314.308227
8,3114,9703224,14937,649,454,0.699538,64.723975168,910.952439937,739.993576848,0.071050883,0.087465591,-38.968698821,290.572417009,185.130434404,0.134110110,0.210493207,16645.656297,3435.804385
8,3114,9703224,14937,649,469,0.722650,115.236148195,916.839398557,744.781523161,0.125688478,0.154724768,-38.314856662,292.826629847,185.220713819,0.130844851,0.206860539,17047.034865,3552.789361
8,3114,9703224,14937,649,484,0.745763,94.730744493,921.755924106,748.443805286,0.102772048,0.126570283,-36.138242835,293.431378873,185.253218948,0.123157390,0.195074844,17415.099059,3616.205757
8,3114,9703224,14937,649,500,0.770416,119.918141158,927.969083167,752.719430931,0.129226440,0.159313200,-75.367635964,295.146455192,185.353175900,0.255356738,0.406616372,17843.155729,3711.058640
8,3114,9703224,14937,649,517,0.796610,-8.496735598,934.822476222,758.337055732,0.009089143,0.011204432,-29.608370655,296.184290606,185.449520104,0.099966040,0.159657305,18305.993449,3788.247091
8,3114,9703224,14937,649,534,0.822804,7.920546893,938.011244498,760.504509935,0.008443979,0.010414859,-30.941271340,296.302041571,185.505467914,0.104424766,0.166794390,18623.331351,3816.224677
8,3114,9703224,14937,649,552,0.850539,-123.668485412,942.593612206,763.667142077,0.131200216,0.161940299,-39.026868127,296.483939147,185.600744077,0.131632318,0.210273231,19016.474354,3849.007843
8,3114,9703224,14937,649,570,0.878274,-171.014716649,947.242840717,767.480622154,0.180539466,0.222826104,-42.128182715,297.609915678,185.671379029,0.141555037,0.226896482,19413.484775,3934.485601
8,3114,9703224,14937,649,589,0.907550,-189.040116296,951.806240525,770.699060882,0.198611974,0.245283958,-47.429265083,298.595433318,185.731339769,0.158841227,0.255364900,19818.495501,4021.234248
8,3114,9703224,14937,649,608,0.936826,-69.057500565,954.936030727,772.923592527,0.072316363,0.089345831,-69.057500565,299.288331848,185.801579495,0.230739034,0.371673377,20153.787791,4085.617214
8,3114,9703224,14937,649,628,0.967643,-24.992269978,958.156145175,775.404739242,0.026083713,0.032231258,-81.440498429,299.862292316,185.918452583,0.271592996,0.438044192,20503.326028,4146.599446
8,3114,9703224,14937,649,649,1.000000,49.316937222,963.028622138,779.083346311,0.051210251,0.063301234,-76.836390630,300.350812155,185.980854328,0.255822150,0.413141401,20945.062461,4198.910867
8,4803,23078415,14937,1544,1,0.000648,-319.677067030,319.677067030,319.677067030,1.000000000,1.000000000,-47.372594721,47.372594721,47.372594721,1.000000000,1.000000000,319.677067,47.372595
8,4803,23078415,14937,1544,2,0.001295,-47.372594721,419.932319338,419.932319338,0.112810071,0.112810071,-47.372594721,47.372594721,86.960821387,1.000000000,0.544757903,591.981539,47.372595
8,4803,23078415,14937,1544,3,0.001943,152.007110014,464.860645232,464.860645232,0.326995007,0.326995007,-86.864127798,61.674499717,95.507934964,1.408428576,0.909496450,791.361244,86.864128
8,4803,23078415,14937,1544,4,0.002591,152.007110014,522.642217716,464.860645232,0.290843535,0.326995007,-31.824616994,82.662516686,110.232088752,0.384994533,0.288705561,1030.232482,141.903639
8,4803,23078415,14937,1544,5,0.003238,335.838837022,554.029775006,499.889511132,0.606174708,0.671826133,31.185167198,103.939042562,114.645853028,0.300033235,0.272013042,1214.064209,204.913423
8,4803,23078415,14937,1544,6,0.003886,183.512002110,574.588945445,522.582996254,0.319379625,0.351163362,76.324492794,113.317621242,123.212135489,0.673544785,0.619455969,1366.391044,250.052748
8,4803,23078415,14937,1544,7,0.004534,290.699511426,584.501170556,533.462416790,0.497346329,0.544929694,18.155722650,127.375386571,126.598308783,0.142537135,0.143412047,1473.578553,308.221519
8,4803,23078415,14937,1544,8,0.005181,290.699511426,600.176347069,533.462416790,0.484356828,0.544929694,-48.717328209,143.862761114,130.939425001,0.338637517,0.372060044,1609.850448,375.094569
8,4803,23078415,14937,1544,9,0.005829,290.699511426,623.708742393,533.462416790,0.466082150,0.544929694,42.580783225,170.387321085,138.668559189,0.249905820,0.307068765,1779.558867,466.392681
8,4803,23078415,14937,1544,10,0.006477,166.640147325,635.927135102,547.697796187,0.262042832,0.304255647,39.923152956,170.408046128,138.694024046,0.234279741,0.287850563,1903.618231,469.050311
8,4803,23078415,14937,1544,11,0.007124,293.357141695,648.429269713,562.165520652,0.452411937,0.521834106,58.645325389,171.433432929,139.009576077,0.342088030,0.421879751,2030.335226,487.772484
8,4803,23078415,14937,1544,12,0.007772,293.357141695,658.963524787,562.165520652,0.445179635,0.521834106,-32.955973527,194.371345339,146.360383069,0.169551605,0.225170041,2147.691134,579.373782
8,4803,23078415,14937,1544,13,0.008420,456.513699305,678.861539116,585.363250385,0.672469529,0.779881038,35.363228437,206.028476784,148.121485029,0.171642430,0.238744760,2310.847692,647.692984
8,4803,23078415,14937,1544,14,0.009067,316.130209016,693.224720878,601.961509773,0.456028470,0.525166815,109.781436242,219.056620303,152.723579517,0.501155528,0.718824405,2451.231182,722.111192
8,4803,23078415,14937,1544,15,0.009715,212.955822629,700.860519392,610.739398806,0.303849078,0.348685254,100.817188120,219.239961328,152.986435624,0.459848595,0.658994294,2554.405568,731.075440
8,4803,23078415,14937,1544,16,0.010363,212.955822629,709.774993214,610.739398806,0.300032862,0.348685254,87.312621029,219.655489291,153.581323139,0.397498015,0.568510671,2666.544203,744.580007
8,4803,23078415,14937,1544,17,0.011010,338.599024229,720.809791208,623.529331597,0.469748092,0.543036241,140.456687517,225.992977277,155.863067363,0.621509081,0.901154391,2792.187404,797.724074
8,4803,23078415,14937,1544,18,0.011658,338.599024229,727.586318934,623.529331597,0.465372995,0.543036241,163.032355520,227.117781259,156.271273638,0.717831755,1.043265033,2891.258573,820.299742
8,4803,23078415,14937,1544,19,0.012306,426.382358584,732.862719266,629.678283850,0.581803860,0.677143185,63.647201708,247.911063413,159.744173073,0.256734011,0.398432071,2979.041907,919.684896
8,4803,23078415,14937,1544,20,0.012953,426.382358584,742.770091665,629.678283850,0.574043521,0.677143185,34.595714133,249.607460411,160.037424931,0.138600481,0.216172649,3099.953626,948.736383
8,4803,23078415,14937,1544,21,0.013601,295.786810434,754.163514279,643.078485373,0.392205145,0.459954449,71.057513277,252.256510500,161.072477717,0.281687530,0.441152420,3230.549174,985.198182
8,4803,23078415,14937,1544,22,0.014249,183.422161856,762.488308447,652.821378786,0.240557343,0.280968375,72.197841544,252.259087920,161.076514199,0.286205116,0.448220784,3342.913823,986.338511
8,4803,23078415,14937,1544,23,0.014896,294.646482167,770.557765484,662.228511942,0.382380784,0.444931737,76.450835258,252.294937313,161.090550360,0.303021678,0.474582991,3454.138143,990.591504
8,4803,23078415,14937,1544,24,0.015544,294.646482167,778.242638918,662.228511942,0.378604907,0.444931737,118.745070334,255.815436818,162.472662302,0.464182583,0.730861849,3563.235967,1032.885740
8,4803,23078415,14937,1544,25,0.016192,294.646482167,783.196611140,662.228511942,0.376210109,0.444931737,139.895152823,256.688261718,162.816453385,0.545000196,0.859219998,3651.186672,1054.035822
8,4803,23078415,14937,1544,26,0.016839,217.270817495,787.009482271,666.733526615,0.276071410,0.325873544,120.468650889,257.422323587,163.971297702,0.467980590,0.734693526,3728.562337,1073.462324
8,4803,23078415,14937,1544,27,0.017487,217.270817495,792.940467277,666.733526615,0.274006469,0.325873544,141.438167064,258.274995479,165.306706091,0.547626249,0.855610582,3825.364504,1094.431840
8,4803,23078415,14937,1544,28,0.018135,217.270817495,796.558331521,666.733526615,0.272761967,0.325873544,135.561005519,258.341855528,165.411148677,0.524734969,0.819539714,3901.197154,1100.309002
8,4803,23078415,14937,1544,29,0.018782,298.980629472,800.738202467,671.721734712,0.373381248,0.445095959,115.142670316,259.147492232,165.725903859,0.444313272,0.694777748,3982.906966,1120.727337
8,4803,23078415,14937,1544,30,0.019430,390.899609050,805.996754147,677.981701591,0.484989061,0.576563657,94.555923185,259.963914587,165.867916342,0.363727109,0.570067589,4074.825946,1141.314084
8,4803,23078415,14937,1544,31,0.020078,489.680837671,812.027400291,685.140072408,0.603034870,0.714716388,129.528855911,262.305819438,166.098193242,0.493808548,0.779833022,4173.607174,1176.287017
8,4803,23078415,14937,1544,32,0.020725,489.680837671,817.003879701,685.140072408,0.599361704,0.714716388,109.888747830,263.040066827,166.170750024,0.417764294,0.661300186,4263.645170,1195.927125
8,4803,23078415,14937,1544,33,0.021373,394.732815211,822.502563167,691.687823941,0.479916821,0.570680590,92.144537990,263.637883733,166.275982248,0.349511750,0.554166253,4358.593192,1213.671335
8,4803,23078415,14937,1544,35,0.022668,190.776819291,835.052081051,706.564616606,0.228460983,0.270006189,93.077389307,263.730785113,166.378395401,0.352925766,0.559431945,4562.549188,1223.526097
8,4803,23078415,14937,1544,36,0.023316,190.776819291,840.747974536,706.564616606,0.226913207,0.270006189,124.275835879,265.569708522,169.278213379,0.467959379,0.734151391,4660.248618,1254.724544
8,4803,23078415,14937,1544,37,0.023964,257.277802703,843.373901352,709.687211548,0.305057819,0.362522811,126.952761923,265.583199803,169.283504831,0.478015033,0.749941715,4726.749602,1257.401470
8,4803,23078415,14937,1544,39,0.025259,115.437868642,849.355707176,716.785545380,0.135912278,0.161049381,115.437868642,265.832708268,169.743871278,0.434250057,0.680070908,4868.589536,1268.916363
8,4803,23078415,14937,1544,40,0.025907,115.437868642,853.259157639,716.785545380,0.135290512,0.161049381,115.437868642,265.832708268,169.796345273,0.434250057,0.679860738,4950.112985,1268.916363
8,4803,23078415,14937,1544,42,0.027202,282.836616301,861.435270526,726.499176377,0.328331827,0.389314435,149.004743551,267.493239328,170.483862054,0.557041157,0.874010840,5117.511733,1302.483238
8,4803,23078415,14937,1544,43,0.027850,349.752552677,864.030362804,729.574393614,0.404791970,0.479392582,156.114930901,267.587719917,170.500335533,0.583415902,0.915628291,5184.427669,1309.593425
8,4803,23078415,14937,1544,45,0.029145,349.752552677,870.101829504,729.574393614,0.401967380,0.479392582,157.510992805,275.503469535,171.895398952,0.571720542,0.916318841,5328.739175,1402.308034
8,4803,23078415,14937,1544,46,0.029793,285.672032719,872.458312324,732.383170789,0.327433447,0.390058161,133.259434996,276.568797557,172.322554226,0.481831053,0.773313950,5392.819695,1426.559592
8,4803,23078415,14937,1544,48,0.031088,361.878331581,878.728164885,736.337224946,0.411820568,0.491457337,117.798406664,278.312813126,172.634258999,0.423259013,0.682358226,5540.944566,1467.746980
8,4803,23078415,14937,1544,50,0.032383,361.878331581,887.234023593,736.337224946,0.407872469,0.491457337,154.379493278,288.039268490,174.397975480,0.535966829,0.885213792,5713.964670,1566.128994
8,4803,23078415,14937,1544,52,0.033679,292.712052146,891.714223858,739.578584771,0.328257691,0.395782217,176.757109334,289.176944744,174.868022081,0.611242053,1.010802931,5839.576235,1594.635356
8,4803,23078415,14937,1544,54,0.034974,350.689523553,897.777892080,741.847605808,0.390619469,0.472724480,126.423629136,303.672447787,177.577237183,0.416315771,0.711936007,5984.095599,1715.688406
8,4803,23078415,14937,1544,56,0.036269,275.934225414,904.308265988,745.604603555,0.305132924,0.370081172,105.884164794,304.041029439,177.734839508,0.348256171,0.595742315,6137.463503,1736.227871
8,4803,23078415,14937,1544,58,0.037565,121.934426908,910.911748942,753.600026055,0.133859759,0.161802578,121.934426908,304.464379684,178.517827924,0.400488317,0.683037814,6291.463302,1752.278133
8,4803,23078415,14937,1544,60,0.038860,195.527722756,916.791255225,757.184899786,0.213273983,0.258229823,123.190595893,304.465681095,178.520047487,0.404612420,0.690065892,6438.063571,1753.534302
8,4803,23078415,14937,1544,62,0.040155,188.930833478,923.021908995,764.717079246,0.204687269,0.247059780,135.864677939,305.847303355,180.505048448,0.444223887,0.752691845,6589.334714,1792.595941
8,4803,23078415,14937,1544,65,0.042098,151.784129415,927.045907972,765.618762122,0.163728817,0.198250274,151.784129415,306.516081476,182.236211516,0.495191406,0.832897744,6736.545613,1816.379161
8,4803,23078415,14937,1544,67,0.043394,255.535496311,929.944242214,769.125651018,0.274785826,0.332241547,150.873343992,306.517767048,182.236941167,0.492217288,0.827896600,6840.296980,1817.491408
8,4803,23078415,14937,1544,70,0.045337,252.703320649,934.253423666,772.559959825,0.270486909,0.327098651,145.918578357,306.606949238,182.290944897,0.475914126,0.800470799,6995.493151,1828.110525
8,4803,23078415,14937,1544,72,0.046632,306.095691795,937.419465902,774.402761372,0.326530121,0.395266788,72.365944816,313.982173407,183.680544309,0.230477877,0.393977191,7104.338656,1901.663159
8,4803,23078415,14937,1544,75,0.048575,300.612206228,946.681702698,782.766920065,0.317543062,0.384037954,60.748734906,321.318919340,185.021753565,0.189060560,0.328332932,7332.174498,2014.445628
8,4803,23078415,14937,1544,78,0.050518,291.792274317,957.288168641,791.533778307,0.304811324,0.368641595,90.677914854,324.411212165,185.736727140,0.279515354,0.488206701,7578.037249,2088.832443
8,4803,23078415,14937,1544,81,0.052461,358.830394139,963.677530462,794.367567132,0.372355257,0.451718334,132.439666803,342.690112937,187.777126513,0.386470639,0.705302447,7767.186376,2250.744589
8,4803,23078415,14937,1544,84,0.054404,360.451063716,969.080223043,798.506421853,0.371951728,0.451406593,157.374714635,346.017572378,188.161171065,0.454817117,0.836382521,7944.046119,2316.006523
8,4803,23078415,14937,1544,87,0.056347,189.857581602,974.145579338,804.646280543,0.194896518,0.235951605,121.894226874,347.106291125,188.644393058,0.351172623,0.646158759,8114.639601,2351.487011
8,4803,23078415,14937,1544,90,0.058290,248.601033696,979.683671130,806.787722982,0.253756433,0.308136858,130.431510747,347.710536711,189.091041528,0.375115209,0.689781545,8293.793286,2386.575830
8,4803,23078415,14937,1544,94,0.060881,74.169502192,986.593634672,813.062251393,0.075177357,0.091222415,132.662695143,347.742369569,189.257111298,0.381497070,0.700965444,8526.732165,2393.546578
8,4803,23078415,14937,1544,97,0.062824,86.896575243,992.978362933,818.268907237,0.087511046,0.106195622,141.988899635,348.583725380,190.157307390,0.407330834,0.746691787,8720.829235,2435.128666
8,4803,23078415,14937,1544,101,0.065415,142.795397371,998.087762677,820.176007249,0.143068979,0.174103358,142.795397371,349.300739598,191.525891506,0.408803593,0.745567068,8920.509984,2470.109912
8,4803,23078415,14937,1544,104,0.067358,248.037304074,1002.317942936,823.547561677,0.247463697,0.301181517,137.391065940,349.321563387,191.550946563,0.393308288,0.717256001,9079.790519,2475.514244
8,4803,23078415,14937,1544,108,0.069948,300.809889963,1008.267860496,829.246588048,0.298343230,0.362750832,182.063465215,351.220053766,191.945705222,0.518374345,0.948515441,9298.289122,2534.126541
8,4803,23078415,14937,1544,112,0.072539,331.685228673,1013.588252158,833.577660196,0.327238628,0.397905612,89.675604033,355.864041363,192.368765993,0.251994002,0.466165095,9503.300449,2626.514402
8,4803,23078415,14937,1544,117,0.075777,390.368262475,1020.845757188,839.237823518,0.382396909,0.465146174,137.975950946,361.725575611,192.801796473,0.381438196,0.715636231,9774.273312,2762.808002
8,4803,23078415,14937,1544,121,0.078368,294.310065463,1025.593204417,841.989139951,0.286965694,0.349541403,136.854583486,362.522409129,192.919648459,0.377506549,0.709386444,9971.217217,2803.119190
8,4803,23078415,14937,1544,126,0.081606,193.962574704,1032.299998890,844.980003626,0.187893611,0.229546941,128.470764421,362.904083476,193.470296835,0.354007492,0.664033531,10232.849420,2833.290382
8,4803,23078415,14937,1544,130,0.084197,258.648258222,1039.010145136,851.797528608,0.248937183,0.303649928,127.084672540,365.571021382,194.722732636,0.347633333,0.652644254,10467.272269,2905.135456
8,4803,23078415,14937,1544,135,0.087435,202.288660921,1048.016476857,858.693841017,0.193020497,0.235577165,137.545339644,366.447565517,195.005766367,0.375347942,0.705339858,10773.520115,2951.514159
8,4803,23078415,14937,1544,140,0.090674,371.715889619,1055.618553527,864.283466415,0.352130879,0.430085619,182.772291152,368.397914441,195.459645382,0.496127377,0.935089649,11054.268550,3013.683032
8,4803,23078415,14937,1544,146,0.094560,137.339924119,1061.758019572,870.662670667,0.129351436,0.157741831,182.209778227,369.103237500,196.017371908,0.493655324,0.929559337,11332.598876,3054.765432
8,4803,23078415,14937,1544,151,0.097798,208.768818317,1065.150635833,872.127290104,0.195999337,0.239378839,173.212951756,369.348968591,196.585572977,0.468968283,0.881107139,11521.253658,3072.588269
8,4803,23078415,14937,1544,157,0.101684,250.593562257,1071.118446143,876.205932817,0.233955043,0.285998477,159.639776102,369.821538047,197.026586481,0.431667060,0.810244845,11796.106099,3108.053695
8,4803,23078415,14937,1544,163,0.105570,152.628067811,1076.720288360,880.858862942,0.141752756,0.173271876,152.628067811,369.943458827,197.339652378,0.412571338,0.773428279,12063.435948,3123.725637
8,4803,23078415,14937,1544,169,0.109456,194.855238927,1081.238685674,883.808822851,0.180214824,0.220472159,151.008411394,369.987921336,197.468146242,0.408144165,0.764722890,12305.091964,3132.775982
8,4803,23078415,14937,1544,175,0.113342,328.736873619,1087.282222747,887.190038432,0.302347327,0.370537156,145.982850453,370.799177633,197.750806509,0.393697881,0.738216208,12585.033785,3184.896619
8,4803,23078415,14937,1544,182,0.117876,390.616731790,1094.022644004,892.918935805,0.357046295,0.437460464,179.005046124,373.108126988,198.182829443,0.479767213,0.903231862,12904.607206,3281.086393
8,4803,23078415,14937,1544,189,0.122409,301.702287621,1100.464235799,897.498953496,0.274159103,0.336158930,163.349853713,373.373239847,198.226187614,0.437497486,0.824057889,13219.003118,3314.559738
8,4803,23078415,14937,1544,196,0.126943,455.136094278,1108.704033714,904.760995476,0.410511805,0.503045662,149.773246840,376.364059967,198.455807682,0.397947793,0.754693191,13575.494332,3407.969123
8,4803,23078415,14937,1544,203,0.131477,406.080539497,1116.184191138,911.254004535,0.363811406,0.445628263,176.365498946,380.565418187,198.603427094,0.463430177,0.888028477,13916.588127,3527.724904
8,4803,23078415,14937,1544,211,0.136658,266.993835906,1123.565160402,916.832144151,0.237630932,0.291213433,168.054854986,382.639853353,199.319592508,0.439198514,0.843142678,14279.223175,3618.045010
8,4803,23078415,14937,1544,218,0.141192,50.590442116,1129.514346833,921.942179604,0.044789552,0.054873769,170.573216044,382.980372301,199.593469760,0.445383702,0.854603190,14584.599953,3648.298119
8,4803,23078415,14937,1544,227,0.147021,62.341912732,1135.424267109,927.180452763,0.054906271,0.067238166,178.626889026,386.147541900,200.021922019,0.462587145,0.893036559,14928.981134,3780.758705
8,4803,23078415,14937,1544,235,0.152202,174.856665816,1140.938253658,931.426330236,0.153256905,0.187730001,174.856665816,386.297061507,200.260044045,0.452648190,0.873148044,15245.300933,3800.378030
8,4803,23078415,14937,1544,244,0.158031,232.811404278,1145.452035906,933.749292187,0.203248497,0.249329671,155.970086881,386.501165398,200.401639457,0.403543639,0.778287480,15549.314195,3828.612220
8,4803,23078415,14937,1544,253,0.163860,202.328715664,1151.717609546,937.964478188,0.175675629,0.215710424,160.813678594,386.954447834,200.647406047,0.415588138,0.801473997,15907.768850,3871.203415
8,4803,23078415,14937,1544,263,0.170337,242.691174045,1159.902483449,944.544684190,0.209234119,0.256939855,153.457933163,388.075130856,201.253138462,0.395433567,0.762512000,16340.137230,3939.518677
8,4803,23078415,14937,1544,273,0.176813,313.168432051,1166.812957090,949.400375518,0.268396430,0.329859183,162.296591691,388.711571001,201.499211163,0.417524467,0.805445296,16739.896582,3992.131773
8,4803,23078415,14937,1544,283,0.183290,384.515896801,1172.092671053,953.432517049,0.328059296,0.403296395,175.284107464,389.264167232,201.564118115,0.450296026,0.869619598,17090.865594,4042.623280
8,4803,23078415,14937,1544,293,0.189767,462.857955187,1179.064984159,958.600216315,0.392563566,0.482847747,142.738102899,391.545407912,201.655913314,0.364550573,0.707829989,17494.908198,4155.615060
8,4803,23078415,14937,1544,305,0.197539,189.404490529,1186.681867005,964.183021960,0.159608481,0.196440392,153.055457793,395.583903183,201.868540523,0.386910227,0.758193711,17958.982463,4289.185280
8,4803,23078415,14937,1544,316,0.204663,262.600259962,1193.393534251,968.895397372,0.220044983,0.271030558,151.706918176,396.536324103,202.154758700,0.382580129,0.750449404,18377.584759,4366.125510
8,4803,23078415,14937,1544,328,0.212435,176.740813138,1201.405056991,975.239582762,0.147111761,0.181228096,130.317145465,398.195944992,202.449347738,0.327268891,0.643702471,18854.976474,4461.838900
8,4803,23078415,14937,1544,340,0.220207,55.751975245,1209.647328864,981.711205919,0.046089446,0.056790607,127.352884933,398.264393822,202.762632694,0.319769698,0.628088535,19339.907779,4477.513745
8,4803,23078415,14937,1544,353,0.228627,132.661240985,1217.209025524,986.215373823,0.108988052,0.134515487,132.661240985,398.581635132,202.953782955,0.332833300,0.653652467,19827.254405,4515.537618
8,4803,23078415,14937,1544,366,0.237047,132.114787969,1223.996042995,991.559925576,0.107937267,0.133239338,132.114787969,398.634576602,203.244394985,0.331418286,0.650029183,20288.623116,4529.097333
8,4803,23078415,14937,1544,380,0.246114,224.767681208,1229.503945780,994.895696322,0.182811679,0.225920850,135.189755555,399.243458987,203.446689273,0.338614829,0.664497201,20722.001934,4588.009257
8,4803,23078415,14937,1544,394,0.255181,125.785846807,1233.006081245,998.049603334,0.102015593,0.126031659,149.350759864,399.943194410,203.780156394,0.373429932,0.732901390,21066.762301,4648.978406
8,4803,23078415,14937,1544,409,0.264896,189.451751720,1237.856059199,1002.043260756,0.153048289,0.189065442,155.013567705,400.023273204,203.982874180,0.387511373,0.759934226,21487.104399,4668.248002
8,4803,23078415,14937,1544,424,0.274611,152.150839431,1245.388183535,1007.563755912,0.122171417,0.151008647,152.150839431,400.081765792,204.168830642,0.380299360,0.745220703,22015.905222,4685.569899
8,4803,23078415,14937,1544,440,0.284974,393.463011893,1253.169906741,1014.099960993,0.313974194,0.387992335,172.433070811,401.835416190,204.359986601,0.429113672,0.843771198,22573.061840,4783.567512
8,4803,23078415,14937,1544,457,0.295984,355.798092292,1261.010461561,1020.488921634,0.282153165,0.348654537,179.155263448,405.060651887,204.535228456,0.442292438,0.875913967,23150.103765,4934.491875
8,4803,23078415,14937,1544,474,0.306995,357.115147444,1268.693727989,1027.316965782,0.281482551,0.347619244,131.267011133,407.853354273,204.696365699,0.321848551,0.641276706,23723.507569,5095.432494
8,4803,23078415,14937,1544,492,0.318653,322.971748577,1278.333191798,1033.068923338,0.252650679,0.312633302,153.150424480,409.724533589,204.844989532,0.373788758,0.747640569,24387.395364,5239.405869
8,4803,23078415,14937,1544,510,0.330311,317.143009253,1285.926755385,1039.345337907,0.246626029,0.305137280,175.294197578,411.067047549,204.962786955,0.426436998,0.855248898,24977.966925,5353.178874
8,4803,23078415,14937,1544,530,0.343264,225.589216068,1291.869691037,1043.348590581,0.174622269,0.216216534,172.824843559,411.923269317,205.226752815,0.419555914,0.842116543,25530.225502,5440.192766
8,4803,23078415,14937,1544,550,0.356218,117.885042649,1296.417685411,1046.264420215,0.090931375,0.112672323,214.993780300,412.336658473,205.437865044,0.521403508,1.046514868,26011.218639,5495.504777
8,4803,23078415,14937,1544,570,0.369171,25.484616261,1305.047534437,1053.212692755,0.019527730,0.024197027,237.272981712,414.203056253,205.574973642,0.572842180,1.154191960,26680.371479,5632.555307
8,4803,23078415,14937,1544,592,0.383420,3.214966531,1312.476066998,1058.736554162,0.002449543,0.003036607,218.294101081,415.933881789,205.689178313,0.524828851,1.061281410,27333.272375,5771.695283
8,4803,23078415,14937,1544,614,0.397668,235.119425457,1319.367912911,1064.080427890,0.178206112,0.220960201,209.418138847,416.986859619,205.946562149,0.502217598,1.016856687,27960.328338,5861.283901
8,4803,23078415,14937,1544,637,0.412565,200.494689954,1325.987560542,1068.688201350,0.151204050,0.187608219,200.494689954,417.442063900,206.039342074,0.480293452,0.973089352,28592.724923,5929.167401
8,4803,23078415,14937,1544,661,0.428109,510.315981284,1332.593023410,1073.967840070,0.382949612,0.475168773,258.428896018,422.934391575,206.256597670,0.611037790,1.252948507,29238.701292,6155.935826
8,4803,23078415,14937,1544,686,0.444301,509.481805902,1337.995881769,1078.273862969,0.380779801,0.472497594,229.520224887,430.856449082,206.393839398,0.532706950,1.112049786,29837.634622,6476.389246
8,4803,23078415,14937,1544,711,0.460492,350.901725595,1345.585873068,1084.196408743,0.260779882,0.323651437,200.720223118,433.049675478,206.473149151,0.463503922,0.972137171,30550.444186,6637.572789
8,4803,23078415,14937,1544,738,0.477979,214.614174859,1356.162691499,1091.222783277,0.158251054,0.196673107,183.777465983,433.564369084,206.646018433,0.423875851,0.889334657,31425.266792,6710.809940
8,4803,23078415,14937,1544,766,0.496114,276.692355320,1366.407897694,1099.485013022,0.202496162,0.251656323,179.237130954,434.078127199,206.771253370,0.412914450,0.866837764,32308.029119,6808.762885
8,4803,23078415,14937,1544,795,0.514896,195.945621511,1373.740070555,1105.431746806,0.142636606,0.177257096,195.945621511,434.187733582,206.852820191,0.451292393,0.947270728,33067.258368,6845.368793
8,4803,23078415,14937,1544,825,0.534326,198.790476159,1381.432276928,1111.113049084,0.143901717,0.178911116,198.790476159,434.317633573,206.990451983,0.457707587,0.960384763,33860.273846,6887.474268
8,4803,23078415,14937,1544,856,0.554404,225.282608774,1389.379899740,1116.007549029,0.162146155,0.201864771,202.868924044,434.682995186,207.107637931,0.466705453,0.979533764,34681.013293,6951.460925
8,4803,23078415,14937,1544,888,0.575130,217.613789809,1396.726636050,1121.596176413,0.155802706,0.194021515,192.459548474,435.009743323,207.232749131,0.442425834,0.928712036,35488.771124,7000.282447
8,4803,23078415,14937,1544,921,0.596503,173.241121924,1404.824333586,1128.265111005,0.123318708,0.153546467,199.833555403,435.035173851,207.349344901,0.459350341,0.963753011,36353.429091,7015.203324
8,4803,23078415,14937,1544,956,0.619171,125.111867628,1410.326091216,1132.225021459,0.088711305,0.110500886,167.357390502,435.566037465,207.442013039,0.384229660,0.806767096,37077.067551,7117.605054
8,4803,23078415,14937,1544,992,0.642487,169.887390496,1416.067470527,1136.533367531,0.119971254,0.149478577,190.196025346,436.042211320,207.582312648,0.436187186,0.916243889,37836.578872,7215.526704
8,4803,23078415,14937,1544,1029,0.666451,257.893425919,1422.480197808,1141.244583814,0.181298430,0.225975597,191.581912119,436.187912939,207.686899527,0.439218755,0.922455449,38655.118057,7263.706987
8,4803,23078415,14937,1544,1068,0.691710,352.995150637,1429.499291545,1146.531819737,0.246936219,0.307880815,182.948906706,437.453868744,207.756966878,0.418213027,0.880590959,39537.035291,7416.244916
8,4803,23078415,14937,1544,1108,0.717617,534.796155855,1439.451101710,1153.614256757,0.371527838,0.463583172,182.097720380,443.779120787,207.895174868,0.410334132,0.875911240,40604.470044,7784.696125
8,4803,23078415,14937,1544,1149,0.744171,307.388784344,1448.332078922,1160.922360509,0.212236399,0.264779795,180.223532063,450.485080530,207.992817180,0.400065485,0.866489211,41628.163153,8142.663487
8,4803,23078415,14937,1544,1193,0.772668,319.968202711,1459.444187441,1169.616214035,0.219239766,0.273566832,142.389867759,452.327196363,208.097173662,0.314793956,0.684247005,42817.135450,8345.862117
8,4803,23078415,14937,1544,1237,0.801166,222.905742187,1469.742317684,1177.485270176,0.151663145,0.189306608,163.327276598,452.600992958,208.170301243,0.360863717,0.784584908,43960.359657,8421.280093
8,4803,23078415,14937,1544,1284,0.831606,190.218314452,1475.551152362,1181.738268328,0.128913399,0.160964843,168.847233645,452.747881843,208.261919570,0.372938760,0.810744633,44853.400343,8475.601523
8,4803,23078415,14937,1544,1332,0.862694,143.749138641,1483.413937331,1187.843789969,0.096904266,0.121016871,169.051040423,452.803971924,208.335793609,0.373342662,0.811435412,45908.347867,8510.992459
8,4803,23078415,14937,1544,1382,0.895078,56.684984940,1491.794288862,1194.511988077,0.037997856,0.047454513,161.868966008,454.226494226,208.452223451,0.356361789,0.776527894,47022.709047,8701.831533
8,4803,23078415,14937,1544,1434,0.928756,3.435111267,1498.049724498,1199.396272608,0.002293056,0.002864034,120.275725458,457.708028443,208.532194643,0.262778273,0.576772933,48004.389992,9037.350911
8,4803,23078415,14937,1544,1488,0.963731,60.509353992,1503.454039718,1203.445454047,0.040246893,0.050280097,112.660889244,458.459751218,208.618806136,0.245737797,0.540032279,48937.080384,9155.953433
8,4803,23078415,14937,1544,1544,1.000000,104.784897027,1511.368754292,1209.562150632,0.069331126,0.086630436,104.784897027,458.525832752,208.674245223,0.228525613,0.502145806,50088.206775,9188.854272
8,6491,42146063,14937,2821,1,0.000354,-493.561464708,493.561464708,493.561464708,1.000000000,1.000000000,-175.262179494,175.262179494,175.262179494,1.000000000,1.000000000,493.561465,175.262179
8,6491,42146063,14937,2821,2,0.000709,-175.262179494,587.296649413,587.296649413,0.298421896,0.298421896,-175.262179494,175.262179494,175.405810239,1.000000000,0.999181152,811.860750,175.262179
8,6491,42146063,14937,2821,3,0.001063,150.134056085,671.416461327,671.416461327,0.223607946,0.223607946,-148.408813158,177.307458514,177.449433781,0.837013933,0.836344247,1137.256986,202.115546
8,6491,42146063,14937,2821,4,0.001418,150.134056085,734.797869701,671.416461327,0.204320211,0.223607946,-106.867604851,182.108777472,182.247012422,0.586833904,0.586388789,1435.799855,243.656754
8,6491,42146063,14937,2821,5,0.001772,407.135717021,778.445735451,718.922748468,0.523011044,0.566313582,39.008964329,233.331481519,196.300705286,0.167182603,0.198720449,1692.801516,389.533323
8,6491,42146063,14937,2821,6,0.002127,223.072340675,799.910675984,742.111342574,0.278871563,0.300591472,9.822063222,235.149857462,198.458665953,0.041769378,0.049491733,1876.864892,418.720224
8,6491,42146063,14937,2821,7,0.002481,436.322618128,827.848277396,772.143073278,0.527056261,0.565080013,153.263522464,275.446742028,211.020627308,0.556417990,0.726296402,2090.115169,562.161684
8,6491,42146063,14937,2821,8,0.002836,436.322618128,839.859144915,772.143073278,0.519518804,0.565080013,52.658820015,293.244290394,216.933242469,0.179573215,0.242742050,2231.644717,662.766386
8,6491,42146063,14937,2821,9,0.003190,436.322618128,861.488746759,772.143073278,0.506475122,0.565080013,108.469792245,298.508087780,218.720707395,0.363373043,0.495928317,2423.476616,718.577358
8,6491,42146063,14937,2821,10,0.003545,272.396205186,876.946252431,789.352135913,0.310619042,0.345088323,117.643668870,298.649022236,218.913014359,0.393919484,0.537399155,2587.403029,727.751235
8,6491,42146063,14937,2821,11,0.003899,427.148741503,890.495972562,804.378730430,0.479675096,0.531029384,71.262016171,302.229211344,220.137961930,0.235787983,0.323715254,2742.155566,774.132888
8,6491,42146063,14937,2821,12,0.004254,427.148741503,908.100719891,804.378730430,0.470375953,0.531029384,226.314139897,339.681699921,233.390258045,0.666253554,0.969681176,2920.098928,929.185011
8,6491,42146063,14937,2821,13,0.004608,527.566042307,913.635896715,810.622462228,0.577435764,0.650815968,47.640696070,383.807056723,240.869561862,0.124126681,0.197786286,3020.516229,1107.858455
8,6491,42146063,14937,2821,14,0.004963,367.590926894,927.535761746,826.257111206,0.396309169,0.444886854,70.624084201,384.494594136,241.143535812,0.183680305,0.292871563,3180.491345,1130.841843
8,6491,42146063,14937,2821,15,0.005317,219.107505548,939.345471982,839.492787482,0.233255508,0.260999867,71.758796033,384.496268501,241.146205516,0.186630670,0.297573814,3328.974766,1131.976555
8,6491,42146063,14937,2821,16,0.005672,219.107505548,950.832034551,839.492787482,0.230437656,0.260999867,39.834232944,385.819333652,243.250221302,0.103245819,0.163758260,3476.323475,1163.901118
8,6491,42146063,14937,2821,17,0.006026,398.380778151,967.584861497,858.421252360,0.411726965,0.464085409,99.250099181,390.367523470,245.057608438,0.254247839,0.405007214,3655.596748,1223.316985
8,6491,42146063,14937,2821,18,0.006381,398.380778151,979.076225313,858.421252360,0.406894548,0.464085409,137.102012589,392.198381854,245.787353805,0.349573121,0.557807432,3805.162087,1261.168898
8,6491,42146063,14937,2821,19,0.006735,529.020160932,987.753462817,868.305070144,0.535579151,0.609256100,192.497710003,396.091219318,246.479995336,0.485993379,0.780987154,3935.801470,1316.564595
8,6491,42146063,14937,2821,20,0.007090,529.020160932,994.102581882,868.305070144,0.532158522,0.609256100,165.724163862,396.995058903,246.641511258,0.417446414,0.671923242,4047.975621,1343.338141
8,6491,42146063,14937,2821,21,0.007444,407.921495242,1001.451361843,876.708949235,0.407330312,0.465287249,180.003288234,397.251771785,246.744824513,0.453121423,0.729511910,4169.074286,1357.617266
8,6491,42146063,14937,2821,22,0.007799,293.962391738,1007.914434567,884.084418447,0.291654114,0.332504889,173.804205332,397.300136944,246.822683424,0.437463240,0.704166258,4283.033390,1363.816349
8,6491,42146063,14937,2821,23,0.008153,414.120578144,1015.051475132,892.212558027,0.407979879,0.464150134,148.235501460,398.122038367,247.153548846,0.372336839,0.599770880,4403.191576,1389.385053
8,6491,42146063,14937,2821,24,0.008508,414.120578144,1023.720281947,892.212558027,0.404525128,0.464150134,160.530695283,398.311849214,247.229993437,0.403027667,0.649317233,4536.134114,1401.680246
8,6491,42146063,14937,2821,25,0.008862,414.120578144,1031.542618044,892.212558027,0.401457556,0.464150134,137.481553584,398.978185064,247.498455325,0.344584137,0.555484491,4662.929056,1424.729388
8,6491,42146063,14937,2821,26,0.009217,275.801065864,1040.774932595,902.870719527,0.264995877,0.305471271,171.813534455,400.452590287,249.868305911,0.429048378,0.687616358,4801.248568,1459.061369
8,6491,42146063,14937,2821,27,0.009571,275.801065864,1045.956914508,902.870719527,0.263683008,0.305471271,195.020072574,401.124445128,250.943646483,0.486183465,0.777146883,4905.236100,1482.267907
8,6491,42146063,14937,2821,29,0.010280,392.170919732,1055.506219202,910.339210991,0.371547711,0.430796471,173.772183671,402.955395726,253.556101434,0.431244216,0.685340178,5102.386947,1532.197739
8,6491,42146063,14937,2821,30,0.010635,501.370287762,1061.139896881,916.865301473,0.472482742,0.546830911,123.206870284,406.115626224,254.115704200,0.303378797,0.484845558,5211.586315,1582.763053
8,6491,42146063,14937,2821,31,0.010989,627.424760255,1068.600772406,925.489984323,0.587146085,0.677937926,162.104885641,407.974211761,254.301704862,0.397341011,0.637451038,5337.640787,1621.661068
8,6491,42146063,14937,2821,32,0.011343,627.424760255,1074.914076749,925.489984323,0.583697594,0.677937926,247.999036856,416.918172637,255.206719977,0.594838635,0.971757471,5453.970756,1707.555219
8,6491,42146063,14937,2821,34,0.012052,418.132233400,1085.142218760,937.350027270,0.385324823,0.446079075,265.105305583,427.812501410,258.750766635,0.619676388,1.024558532,5663.263283,1842.139479
8,6491,42146063,14937,2821,35,0.012407,341.618769491,1087.836359521,940.467641008,0.314035072,0.363243513,252.563962301,427.996286963,259.054520373,0.590107835,0.974945204,5739.776747,1854.680822
8,6491,42146063,14937,2821,36,0.012761,341.618769491,1091.475470993,940.467641008,0.312988041,0.363243513,233.193929255,428.434382181,259.777679383,0.544293220,0.897667305,5828.831554,1874.050855
8,6491,42146063,14937,2821,38,0.013470,341.142104233,1102.240530764,952.940117564,0.309498784,0.357989026,215.238084574,428.772683553,260.333930565,0.501986467,0.826776917,6046.157900,1892.006700
8,6491,42146063,14937,2821,39,0.013825,215.238084574,1109.407954643,961.221457224,0.194011665,0.223921431,215.238084574,428.772683553,260.389978634,0.501986467,0.826598956,6172.061919,1892.006700
8,6491,42146063,14937,2821,41,0.014534,311.949158340,1120.115926993,966.074387207,0.278497208,0.322903870,200.804058114,429.015565314,261.872628841,0.468057745,0.766800482,6389.274646,1906.440726
8,6491,42146063,14937,2821,43,0.015243,535.113947725,1131.176968457,978.877605056,0.473059444,0.546660732,205.285495936,429.064372183,261.882324793,0.478449177,0.783884503,6612.439435,1914.420520
8,6491,42146063,14937,2821,44,0.015597,535.113947725,1136.507262201,978.877605056,0.470840764,0.546660732,297.702022821,438.904374458,263.687943261,0.678284474,1.128993685,6722.382252,2006.837047
8,6491,42146063,14937,2821,46,0.016306,448.958268302,1142.512263259,982.661776390,0.392957067,0.456879752,302.898815034,440.192605871,264.107704528,0.688105186,1.146876103,6887.675240,2054.144066
8,6491,42146063,14937,2821,48,0.017015,521.987994937,1147.847452898,985.371761190,0.454753803,0.529737116,244.031589156,442.156723597,264.472001097,0.551911972,0.922712378,7043.687871,2113.011292
8,6491,42146063,14937,2821,50,0.017724,521.987994937,1154.704035688,985.371761190,0.452053495,0.529737116,318.961050370,445.767578251,265.144639746,0.715532187,1.202970012,7221.211773,2187.940753
8,6491,42146063,14937,2821,52,0.018433,454.312346748,1159.691623823,987.693019672,0.391752719,0.459973228,283.066956964,446.903252936,265.622148742,0.633396502,1.065675277,7372.333565,2223.834846
8,6491,42146063,14937,2821,54,0.019142,539.935041640,1167.054586298,991.397370880,0.462647633,0.544620207,259.666133798,449.012421475,266.017077621,0.578305012,0.976125804,7556.953731,2280.682676
8,6491,42146063,14937,2821,56,0.019851,446.512072359,1175.559696094,995.789434659,0.379829348,0.448400090,295.783639167,453.800218142,268.040493998,0.651792633,1.103503559,7756.189461,2366.359351
8,6491,42146063,14937,2821,59,0.020915,374.018510760,1184.070427853,1005.822438213,0.315875223,0.371853417,275.577472188,454.034390025,268.452111974,0.606952861,1.026542388,8001.249250,2386.565518
8,6491,42146063,14937,2821,61,0.021624,470.584288502,1192.073137698,1010.447290384,0.394761256,0.465718789,270.073868992,454.098217970,268.484012438,0.594747696,1.005921606,8196.256066,2395.819642
8,6491,42146063,14937,2821,64,0.022687,370.329078747,1205.023591123,1015.408702803,0.307321020,0.364709380,282.432976953,454.340290669,268.893237358,0.621633130,1.050353589,8501.412960,2412.824846
8,6491,42146063,14937,2821,66,0.023396,369.805047033,1211.379981056,1022.944004855,0.305275845,0.361510547,289.858176426,454.400960950,268.996247730,0.637890765,1.077554720,8676.681132,2420.250046
8,6491,42146063,14937,2821,69,0.024459,381.871501586,1217.480018312,1028.306223881,0.313657305,0.371359710,307.324180012,456.063045189,269.760326927,0.673863369,1.139248990,8886.289350,2475.447799
8,6491,42146063,14937,2821,72,0.025523,525.423874083,1224.292697926,1033.311516571,0.429165244,0.508485453,278.240219961,457.361386620,270.036052420,0.608359665,1.030381749,9109.315082,2526.700842
8,6491,42146063,14937,2821,75,0.026586,509.836480744,1234.229717102,1041.211800675,0.413080704,0.489656841,264.141009095,462.852299667,270.724803275,0.570680991,0.975680861,9379.363541,2637.300778
8,6491,42146063,14937,2821,78,0.027650,496.503468407,1242.328362994,1047.602700471,0.399655585,0.473942524,312.525022886,465.739044302,271.456303860,0.671030326,1.151290349,9624.114845,2722.851328
8,6491,42146063,14937,2821,81,0.028713,557.829616914,1247.053540955,1049.396166624,0.447318097,0.531571998,241.139958168,470.699403887,271.990517977,0.512301388,0.886574870,9811.267745,2833.903579
8,6491,42146063,14937,2821,84,0.029777,552.659835266,1253.371920305,1054.977239313,0.440938421,0.523859487,297.376640692,472.765019971,272.235811349,0.629015744,1.092349457,10028.113631,2891.339944
8,6491,42146063,14937,2821,87,0.030840,344.068430531,1259.173868995,1061.863756430,0.273249341,0.324023142,274.949542201,474.374991333,272.598526203,0.579603789,1.008624463,10236.705036,2942.222322
8,6491,42146063,14937,2821,91,0.032258,317.192349654,1271.069654997,1069.967966922,0.249547575,0.296450323,237.820870687,476.742959988,274.677452234,0.498845060,0.865818686,10579.450732,3031.416991
8,6491,42146063,14937,2821,95,0.033676,114.754177501,1278.976331584,1076.426498867,0.089723457,0.106606608,249.978152154,477.543004467,275.381555037,0.523467310,0.907751981,10861.260383,3073.277439
8,6491,42146063,14937,2821,99,0.035094,178.867288204,1287.091996281,1078.334131161,0.138970088,0.165873715,259.719362095,477.787054328,275.737960045,0.543588111,0.941906446,11148.825094,3097.014155
8,6491,42146063,14937,2821,103,0.036512,437.690928022,1298.262769731,1088.644961846,0.337135854,0.402051122,264.948573374,477.868108246,275.896342735,0.554438701,0.960319266,11488.500808,3111.672501
8,6491,42146063,14937,2821,107,0.037930,498.769717169,1305.916573547,1094.358145433,0.381930766,0.455764613,266.881196011,483.551749584,277.337237502,0.551918582,0.962298458,11767.520667,3238.583580
8,6491,42146063,14937,2821,111,0.039348,573.501436090,1314.102224202,1101.404381048,0.436420718,0.520700159,300.510073600,486.763088031,277.710168943,0.617364137,1.082099639,12059.972957,3341.713747
8,6491,42146063,14937,2821,116,0.041120,663.132976261,1322.152546204,1107.042581699,0.501555572,0.599013071,395.856725934,505.427595496,278.829775620,0.783211541,1.419707508,12383.565286,3606.734242
8,6491,42146063,14937,2821,120,0.042538,565.327929136,1326.068096956,1109.214645088,0.426318928,0.509665042,410.758572561,506.848816678,279.028830157,0.810416359,1.472100830,12586.767159,3663.468629
8,6491,42146063,14937,2821,125,0.044311,448.226619568,1331.754894590,1112.316616156,0.336568404,0.402966757,394.569855704,508.253954814,279.413452391,0.776324221,1.412136217,12860.866147,3720.113127
8,6491,42146063,14937,2821,130,0.046083,509.766183663,1337.377685483,1116.422750608,0.381168453,0.456606768,394.841328526,508.695194391,279.830611898,0.776184507,1.411001198,13133.735756,3764.588798
8,6491,42146063,14937,2821,136,0.048210,418.533964500,1349.364190097,1122.834579423,0.310171240,0.372747662,351.094757231,510.305677609,280.857089732,0.688008722,1.250083299,13569.442684,3851.307482
8,6491,42146063,14937,2821,141,0.049982,561.912220135,1360.959251420,1133.683748511,0.412879533,0.495651650,339.790626781,512.737304609,281.380781523,0.662699249,1.207582924,13964.250144,3943.857029
8,6491,42146063,14937,2821,147,0.052109,272.363286683,1371.520267827,1142.943934975,0.198584952,0.238299779,322.905447639,513.255738857,282.432833359,0.629131685,1.143299962,14378.184615,3990.653109
8,6491,42146063,14937,2821,153,0.054236,384.473102137,1378.040716543,1145.696221556,0.278999813,0.335580318,327.721699088,513.323736128,282.582374211,0.638430830,1.159738643,14705.731805,4004.516564
8,6491,42146063,14937,2821,159,0.056363,313.956852257,1385.720586589,1153.686553469,0.226565770,0.272133580,313.956852257,513.652842225,282.783179838,0.611223820,1.110238779,15060.696510,4038.338449
8,6491,42146063,14937,2821,166,0.058844,306.997174841,1394.861730591,1159.532124237,0.220091474,0.264759525,306.997174841,513.675189502,282.888788113,0.597648438,1.085222136,15481.095942,4045.298126
8,6491,42146063,14937,2821,172,0.060971,415.057160439,1401.587734166,1162.051847591,0.296133556,0.357176112,291.120420240,514.074959802,283.243112058,0.566299554,1.027811120,15816.255561,4093.926688
8,6491,42146063,14937,2821,179,0.063453,461.431553195,1411.401200543,1170.073142898,0.326931529,0.394361289,287.650436272,515.909996778,283.558394414,0.557559338,1.014431038,16254.748468,4190.477251
8,6491,42146063,14937,2821,187,0.066289,458.874131890,1418.134035132,1175.703672579,0.323575995,0.390297439,297.805029303,520.507800353,284.200358622,0.572143259,1.047869998,16641.638189,4352.571995
8,6491,42146063,14937,2821,194,0.068770,573.251216161,1426.302065730,1181.587873208,0.401914314,0.485153266,300.807188235,523.741594990,284.429478465,0.574342751,1.057580916,17043.661634,4483.408018
8,6491,42146063,14937,2821,202,0.071606,622.644447481,1433.082133431,1186.771232594,0.434479248,0.524654146,292.653117737,536.684280463,284.929649393,0.545298471,1.027106580,17435.533941,4748.773224
8,6491,42146063,14937,2821,211,0.074796,386.874805166,1443.097608842,1194.780954782,0.268086374,0.323803961,283.206740824,537.014266467,285.009544431,0.527372844,0.993674585,17944.202820,4797.958032
8,6491,42146063,14937,2821,219,0.077632,87.772965687,1450.126226236,1201.027360197,0.060527811,0.073081570,289.374707317,537.179336923,285.185184540,0.538692923,1.014690534,18346.940299,4823.907288
8,6491,42146063,14937,2821,228,0.080822,144.694290931,1458.213054419,1206.357549860,0.099227126,0.119943122,310.579467086,539.416293710,285.460120721,0.575769532,1.087995992,18805.910774,4928.437724
8,6491,42146063,14937,2821,237,0.084013,248.229965024,1469.042229258,1215.048474319,0.168974016,0.204296347,305.579986811,539.770176664,286.363212247,0.566129809,1.067106296,19337.425071,4967.159047
8,6491,42146063,14937,2821,247,0.087558,427.985899439,1481.602922056,1222.580262999,0.288866803,0.350067732,301.145667182,540.471638961,287.005472741,0.557190508,1.049268031,19944.662733,5037.415530
8,6491,42146063,14937,2821,257,0.091102,403.920622054,1492.563428980,1230.601092029,0.270622082,0.328230346,308.761426713,541.063584545,287.660613302,0.570656454,1.073353154,20511.678517,5095.955968
8,6491,42146063,14937,2821,268,0.095002,359.266663949,1499.892032755,1236.296194068,0.239528350,0.290599183,315.146051975,541.333365463,287.849652187,0.582166318,1.094828670,21001.548225,5144.557433
8,6491,42146063,14937,2821,278,0.098547,437.900752869,1504.781023736,1239.924220510,0.291006297,0.353167351,314.895398640,541.969561726,288.008811826,0.581020450,1.093353348,21384.063418,5219.084290
8,6491,42146063,14937,2821,290,0.102800,676.579242935,1513.708138772,1246.429804752,0.446968095,0.542813755,287.211335207,547.875084685,288.318442208,0.524227772,0.996160124,21950.839089,5413.919626
8,6491,42146063,14937,2821,302,0.107054,470.386107085,1520.522617582,1251.245718113,0.309358178,0.375934239,340.904088913,553.637190740,288.531437690,0.615753592,1.181514540,22446.697220,5621.047414
8,6491,42146063,14937,2821,314,0.111308,476.899300116,1528.141103314,1257.646661152,0.312078053,0.379199750,338.676690252,554.127315607,288.711363316,0.611189307,1.173063250,22972.018989,5685.661444
8,6491,42146063,14937,2821,327,0.115916,385.423053631,1536.617450447,1264.067266837,0.250825639,0.304907076,341.366472812,554.874301971,288.871857360,0.615214061,1.181722844,23551.995839,5770.212538
8,6491,42146063,14937,2821,340,0.120525,252.441632266,1545.366249511,1269.966351929,0.163353918,0.198778205,340.278921390,554.949168400,289.049343870,0.613171333,1.177234713,24143.224652,5790.048627
8,6491,42146063,14937,2821,354,0.125487,412.417994792,1555.992276116,1276.523448752,0.265051441,0.323079059,361.910715211,555.324130355,289.190877071,0.651710768,1.251459655,24820.114424,5848.425251
8,6491,42146063,14937,2821,368,0.130450,404.328379016,1567.241720809,1284.376920293,0.257987248,0.314805080,356.009093359,555.393245177,289.393188930,0.641003643,1.230191680,25520.976847,5868.963472
8,6491,42146063,14937,2821,383,0.135767,456.387341511,1577.477255522,1291.993571802,0.289314689,0.353242734,373.163512868,556.057365424,289.739620305,0.671088158,1.287927114,26214.690332,5945.436099
8,6491,42146063,14937,2821,399,0.141439,333.295477523,1586.803803882,1299.698340795,0.210042021,0.256440642,374.992747457,556.490162042,290.040134667,0.673853328,1.292899508,26899.877302,6011.791473
8,6491,42146063,14937,2821,415,0.147111,338.246131956,1594.374599403,1305.427368278,0.212149724,0.259107584,378.903319242,556.544022497,290.221163908,0.680814642,1.305567499,27517.136675,6031.199742
8,6491,42146063,14937,2821,432,0.153137,490.067012308,1602.435437972,1311.387616232,0.305826369,0.373701113,382.027378622,556.782974725,290.461265894,0.686133370,1.315243798,28177.658275,6072.771874
8,6491,42146063,14937,2821,450,0.159518,612.579025400,1608.994186604,1316.807303243,0.380721715,0.465200203,366.348842389,561.022108522,290.649318234,0.653002505,1.260449688,28790.756901,6314.582952
8,6491,42146063,14937,2821,468,0.165899,625.786036775,1617.958181531,1324.052697365,0.386775161,0.472629253,316.140078592,564.426378484,290.872331061,0.560108618,1.086868859,29510.230434,6524.471051
8,6491,42146063,14937,2821,487,0.172634,524.795790584,1629.181556248,1332.378599629,0.322122349,0.393878880,330.115209204,569.655528354,291.174669315,0.579499702,1.133736015,30338.583147,6801.586952
8,6491,42146063,14937,2821,507,0.179724,517.195199597,1638.000780826,1338.773041035,0.315747835,0.386320298,350.791594134,571.338865471,291.314337535,0.613981676,1.204168655,31095.770294,6956.806978
8,6491,42146063,14937,2821,527,0.186813,376.208274356,1645.935250972,1344.674911757,0.228568089,0.279776376,333.809213099,572.445777288,291.582357838,0.583128091,1.144819651,31813.444171,7083.658753
8,6491,42146063,14937,2821,549,0.194612,215.232400259,1656.592289911,1351.708053622,0.129924787,0.159229946,335.267949905,572.954793666,291.855432026,0.585156026,1.148746650,32690.624116,7163.087276
8,6491,42146063,14937,2821,571,0.202410,141.417047968,1666.453201560,1359.437420096,0.084861098,0.104026155,328.597086095,574.469343905,291.983052409,0.572001082,1.125397804,33538.840885,7321.665786
8,6491,42146063,14937,2821,595,0.210918,152.593439509,1677.217730766,1367.212326792,0.090980102,0.111609175,373.689906220,578.924185706,292.263955517,0.645490231,1.278604149,34464.574616,7603.213552
8,6491,42146063,14937,2821,619,0.219426,557.193769275,1689.698299312,1376.916075809,0.329759324,0.404667924,398.806114956,579.529415438,292.415186629,0.688155086,1.363835167,35464.491156,7694.666257
8,6491,42146063,14937,2821,644,0.228288,511.386929376,1699.743478838,1383.497995574,0.300861239,0.369633300,353.604336794,579.937070526,292.528240308,0.609728805,1.208787009,36384.599795,7770.525014
8,6491,42146063,14937,2821,670,0.237504,763.177591065,1709.535044924,1391.305837946,0.446424069,0.548533306,381.776485119,587.984348482,292.709964163,0.649297020,1.304282504,37310.893428,8203.584335
8,6491,42146063,14937,2821,698,0.247430,584.803277276,1717.041787620,1397.074040987,0.340587679,0.418591471,467.217813034,593.298580357,292.815636011,0.787491878,1.595604044,38155.889508,8522.900800
8,6491,42146063,14937,2821,726,0.257356,487.447602044,1721.733385448,1400.263862413,0.283114451,0.348111249,460.262173624,594.475203794,293.008994019,0.774232753,1.570812443,38825.016411,8676.346147
8,6491,42146063,14937,2821,755,0.267636,514.699747364,1729.672014980,1406.075611969,0.297570720,0.366054103,440.603050101,594.908217184,293.131563054,0.740623574,1.503089758,39709.229657,8770.875642
8,6491,42146063,14937,2821,786,0.278625,491.257725569,1740.941668771,1414.554853854,0.282179314,0.347287858,455.517976890,595.493241801,293.266109486,0.764942312,1.553258158,40808.219729,8865.165868
8,6491,42146063,14937,2821,818,0.289968,357.235734455,1751.240939336,1423.286066088,0.203990054,0.250993629,463.011937365,595.700181730,293.365929707,0.777256666,1.578274402,41879.739965,8917.820242
8,6491,42146063,14937,2821,852,0.302021,447.592587745,1762.404942621,1429.913950904,0.253966939,0.313020645,482.441100654,596.002077246,293.455949126,0.809462113,1.643998365,43031.276918,8989.734169
8,6491,42146063,14937,2821,886,0.314073,473.611262449,1775.118396276,1439.525077498,0.266805450,0.329005218,473.611262449,596.188015626,293.539903687,0.794399166,1.613447632,44266.733431,9038.487381
8,6491,42146063,14937,2821,922,0.326834,417.226984885,1787.554496115,1449.567393419,0.233406582,0.287828622,481.032820347,596.230800518,293.642003846,0.806789619,1.638160801,45527.038510,9064.828023
8,6491,42146063,14937,2821,960,0.340305,347.316868733,1796.213435797,1455.648164266,0.193360578,0.238599462,464.353690867,596.771821921,293.754159016,0.778109277,1.580756141,46610.749904,9184.368649
8,6491,42146063,14937,2821,999,0.354130,398.331333954,1802.650713461,1460.447515150,0.220969781,0.272746079,456.291873767,597.296461729,293.885381203,0.763928640,1.552618480,47553.132770,9293.073209
8,6491,42146063,14937,2821,1040,0.368664,730.751663020,1814.825425753,1468.943858361,0.402656725,0.497467387,452.330284306,598.242234783,294.014688451,0.756098881,1.538461519,48892.851302,9409.984815
8,6491,42146063,14937,2821,1082,0.383552,619.702603482,1825.143406333,1476.577720707,0.339536390,0.419688442,462.020796849,601.284898117,294.140066267,0.768389158,1.570750978,50146.260910,9689.196949
8,6491,42146063,14937,2821,1126,0.399149,825.743298803,1834.945708348,1484.192240890,0.450009662,0.556358722,534.773650544,610.297079749,294.275989223,0.876251367,1.817252070,51393.570165,10245.346928
8,6491,42146063,14937,2821,1172,0.415456,673.973173364,1844.794773991,1491.673791286,0.365337751,0.451823433,524.182154998,613.108664479,294.379436260,0.854957996,1.780634414,52680.485041,10546.579069
8,6491,42146063,14937,2821,1220,0.432471,556.128647327,1853.286233525,1498.041381102,0.300077040,0.371237173,556.128647327,614.647700075,294.489644931,0.904792530,1.888448904,53902.364238,10728.060821
8,6491,42146063,14937,2821,1269,0.449840,540.647061300,1861.880926710,1504.839410857,0.290376819,0.359272263,567.927510811,614.860912129,294.609665207,0.923668263,1.927728713,55148.104396,10815.538500
8,6491,42146063,14937,2821,1321,0.468274,637.542917606,1875.784266309,1515.822486564,0.339880726,0.420592070,570.187155845,614.993143679,294.722586186,0.927143923,1.934657141,56782.525856,10870.990267
8,6491,42146063,14937,2821,1375,0.487416,430.095426308,1889.995126800,1526.542050197,0.227564304,0.281744893,604.127602370,616.454359862,294.855508169,0.980003779,2.048893731,58479.710114,11076.196943
8,6491,42146063,14937,2821,1431,0.507267,288.694989039,1902.277271644,1535.916926431,0.151762834,0.187962633,492.159225816,619.878729170,294.942481885,0.793960500,1.668661709,60087.325486,11466.414586
8,6491,42146063,14937,2821,1489,0.527827,466.015112172,1912.401083004,1543.565235559,0.243680636,0.301908271,524.056484015,620.542500906,295.040304892,0.844513443,1.776219979,61575.320468,11625.460604
8,6491,42146063,14937,2821,1550,0.549451,566.595274535,1924.371546883,1552.671969588,0.294431330,0.364916277,517.950435477,620.630228651,295.129178228,0.834555604,1.754995689,63244.691116,11676.535034
8,6491,42146063,14937,2821,1613,0.571783,809.699773496,1934.164159798,1560.216868734,0.418630326,0.518966170,521.471055734,621.857218100,295.223580701,0.838570399,1.766359769,64783.737366,11919.498578
8,6491,42146063,14937,2821,1679,0.595179,810.881477393,1945.738777099,1568.816467107,0.416747349,0.516874660,512.548917605,629.358367355,295.333427752,0.814399147,1.735492394,66504.088146,12588.197524
8,6491,42146063,14937,2821,1747,0.619284,802.906730716,1953.613819628,1574.066922466,0.410985386,0.510084241,641.367014554,633.079594743,295.410231031,1.013090644,2.171106303,67924.398440,13070.415675
8,6491,42146063,14937,2821,1818,0.644452,687.297916745,1961.728435913,1580.121594311,0.350353242,0.434965207,586.568074208,636.001961757,295.506181770,0.922274001,1.984960418,69417.888164,13483.367407
8,6491,42146063,14937,2821,1892,0.670684,708.694405527,1970.967307081,1586.757576973,0.359566799,0.446630548,571.153044531,636.441221626,295.612240586,0.897416800,1.932102146,71053.565192,13613.408911
8,6491,42146063,14937,2821,1969,0.697979,404.268073381,1981.871777458,1595.200504792,0.203982961,0.253427749,564.733021788,636.751703280,295.693197532,0.886896759,1.909861392,72868.258462,13742.295687
8,6491,42146063,14937,2821,2050,0.726693,361.708007201,1996.391774632,1606.410973002,0.181180874,0.225165299,553.123868221,637.771604409,295.799670935,0.867275784,1.869927260,75029.034460,13969.624918
8,6491,42146063,14937,2821,2133,0.756115,498.563908892,2009.669498731,1616.348786391,0.248082538,0.308450696,554.978333724,638.552592040,295.874399148,0.869119225,1.875722723,77126.002629,14134.561470
8,6491,42146063,14937,2821,2220,0.786955,224.142292390,2026.550790402,1629.160871714,0.110602850,0.137581436,520.010599070,639.387338114,295.946841057,0.813295116,1.757108125,79553.806654,14325.251095
8,6491,42146063,14937,2821,2311,0.819213,465.994542970,2035.935749597,1636.484702071,0.228884700,0.284753376,428.169026723,640.950407856,296.021656639,0.668022083,1.446411156,81394.879753,14624.251680
8,6491,42146063,14937,2821,2405,0.852535,685.510354047,2046.598287494,1644.403185911,0.334951103,0.416874864,443.198349753,642.038381300,296.103194023,0.690298840,1.496769906,83414.793098,14865.292759
8,6491,42146063,14937,2821,2503,0.887274,431.730098311,2058.743134309,1654.058795113,0.209705665,0.261012547,409.888672316,646.740053798,296.192813248,0.633776538,1.383857589,85621.691537,15441.097633
8,6491,42146063,14937,2821,2605,0.923431,276.682697277,2068.505520663,1661.175939581,0.133759709,0.166558334,402.550544568,647.174228969,296.266642674,0.622012631,1.358744072,87642.996311,15610.095099
8,6491,42146063,14937,2821,2711,0.961007,537.062034959,2075.998523613,1666.924471954,0.258700586,0.322187384,380.001116476,649.324402289,296.349144811,0.585225374,1.282275057,89450.839066,16074.454910
8,6491,42146063,14937,2821,2821,1.000000,829.905058877,2087.243196708,1675.310481314,0.397608223,0.495373883,367.342856750,656.527569628,296.405352050,0.559523886,1.239325991,91710.106106,17023.557799
8,8180,66928760,14937,4480,1,0.000223,-535.097896455,535.097896455,535.097896455,1.000000000,1.000000000,-272.571655503,272.571655503,272.571655503,1.000000000,1.000000000,535.097896,272.571656
8,8180,66928760,14937,4480,2,0.000446,-272.571655503,596.028343268,596.028343268,0.457313245,0.457313245,-272.571655503,272.571655503,299.529294646,1.000000000,0.909999991,797.624137,272.571656
8,8180,66928760,14937,4480,3,0.000670,114.141907536,710.490792211,710.490792211,0.160652198,0.160652198,-267.677613390,272.615588388,299.569274125,0.981886674,0.893541616,1184.337700,277.465698
8,8180,66928760,14937,4480,4,0.000893,114.141907536,806.587448686,710.490792211,0.141512130,0.160652198,-176.149467709,287.570270515,313.239766714,0.612544083,0.562347079,1566.157221,368.993843
8,8180,66928760,14937,4480,5,0.001116,404.433282781,857.235320620,767.506513561,0.471787936,0.526944431,-123.402941822,292.367673447,314.348056221,0.422081348,0.392567854,1856.448597,421.740369
8,8180,66928760,14937,4480,6,0.001339,140.515170479,896.942119047,811.615067849,0.156660243,0.173130313,-117.275561669,292.431874570,314.407769047,0.401035495,0.373004656,2120.366709,427.867749
8,8180,66928760,14937,4480,7,0.001563,398.305902627,933.253034552,851.572122571,0.426793043,0.467730087,-100.093701171,292.936200554,314.525117152,0.341691129,0.318237545,2378.157441,445.049610
8,8180,66928760,14937,4480,8,0.001786,398.305902627,965.951224321,851.572122571,0.412345771,0.467730087,25.908972284,318.886016176,320.772844470,0.081248380,0.080770466,2627.357243,571.052283
8,8180,66928760,14937,4480,9,0.002009,398.305902627,983.733518896,851.572122571,0.404892072,0.467730087,-142.454823268,360.603187681,331.635054936,0.395045935,0.429552971,2813.555708,739.416079
8,8180,66928760,14937,4480,10,0.002232,127.925539679,1020.214279878,893.465511706,0.125390854,0.143179046,-107.893020090,362.255679327,333.431144168,0.297836656,0.323584110,3083.936071,773.977882
8,8180,66928760,14937,4480,11,0.002455,363.744099449,1047.113924079,924.062234777,0.347377770,0.393635932,-14.848085152,374.014086796,336.661057862,0.039699267,0.044103958,3319.754631,867.022817
8,8180,66928760,14937,4480,12,0.002679,363.744099449,1064.086735450,924.062234777,0.341836889,0.393635932,58.759121879,381.188349834,338.666758204,0.154147213,0.173501297,3509.050723,940.630024
8,8180,66928760,14937,4480,13,0.002902,516.236588235,1074.957924617,936.560181129,0.480238879,0.551204929,-111.994297807,417.685633441,343.416379656,0.268130596,0.326118102,3661.543212,1111.383444
8,8180,66928760,14937,4480,14,0.003125,306.826292888,1095.165380887,959.686221988,0.280164346,0.319715221,-39.579760338,423.916446508,345.319817163,0.093366890,0.114617692,3870.953507,1183.797981
8,8180,66928760,14937,4480,15,0.003348,133.623266275,1108.777028947,975.190716271,0.120514100,0.137022701,-41.902994170,423.922812592,345.327632171,0.098845811,0.121342720,4044.156534,1186.121215
8,8180,66928760,14937,4480,16,0.003571,133.623266275,1122.584503736,975.190716271,0.119031811,0.137022701,-32.193060176,424.034000823,345.464117325,0.075920941,0.093187855,4219.682794,1195.831149
8,8180,66928760,14937,4480,17,0.003795,299.439592725,1134.764743083,989.187538953,0.263878125,0.302712662,-50.612757785,424.433880733,345.586859811,0.119247685,0.146454520,4385.499121,1214.250847
8,8180,66928760,14937,4480,18,0.004018,299.439592725,1148.183427928,989.187538953,0.260794212,0.302712662,-75.714169713,425.175493173,345.814687216,0.178077455,0.218944344,4560.525296,1239.352259
8,8180,66928760,14937,4480,19,0.004241,487.016473944,1163.404603110,1006.815312551,0.418613157,0.483719773,108.587509513,463.401887091,351.229157549,0.234326861,0.309164280,4748.102177,1423.653938
8,8180,66928760,14937,4480,20,0.004464,487.016473944,1170.223194094,1006.815312551,0.416174005,0.483719773,16.293785914,472.503376047,352.573935734,0.034483957,0.046213813,4874.245165,1515.947661
8,8180,66928760,14937,4480,21,0.004687,330.108911268,1180.695687813,1018.968624057,0.279588479,0.323963764,-29.482215121,474.715580792,353.316063499,0.062105008,0.083444310,5031.152728,1561.723662
8,8180,66928760,14937,4480,22,0.004911,150.313348074,1194.306808054,1034.709380143,0.125858236,0.145271079,10.111125115,476.363847534,355.527598531,0.021225635,0.028439776,5210.948291,1601.317003
8,8180,66928760,14937,4480,23,0.005134,290.515571032,1202.507968825,1044.164816817,0.241591389,0.278227696,-41.932483436,479.198343516,356.478621540,0.087505485,0.117629728,5351.150514,1653.360611
8,8180,66928760,14937,4480,24,0.005357,290.515571032,1213.942273058,1044.164816817,0.239315804,0.278227696,-19.037777690,479.744953053,356.662374667,0.039683122,0.053377589,5517.374541,1676.255317
8,8180,66928760,14937,4480,25,0.005580,290.515571032,1223.769447749,1044.164816817,0.237394038,0.278227696,-62.477823166,481.707647366,357.323115528,0.129700709,0.174849654,5672.151216,1719.695362
8,8180,66928760,14937,4480,26,0.005804,114.018873933,1236.431455977,1058.976510016,0.092216090,0.107668936,-57.297698247,481.735499237,357.360661776,0.118940162,0.160335774,5848.647913,1724.875487
8,8180,66928760,14937,4480,27,0.006027,114.018873933,1248.243611333,1058.976510016,0.091343447,0.107668936,-26.986947232,482.688132081,358.643812455,0.055909697,0.075247213,6019.964485,1755.186238
8,8180,66928760,14937,4480,28,0.006250,114.018873933,1256.182612057,1058.976510016,0.090766162,0.107668936,-9.248279894,483.013967884,359.082225307,0.019147024,0.025755326,6160.970306,1772.924906
8,8180,66928760,14937,4480,29,0.006473,237.286027760,1262.216124936,1066.126652879,0.187991599,0.222568329,-22.081766490,483.184428090,359.139553831,0.045700493,0.061485198,6284.237460,1785.758392
8,8180,66928760,14937,4480,31,0.006920,458.026086988,1272.123690479,1077.838196488,0.360048390,0.424948836,-18.661605389,509.454654531,362.303487500,0.036630552,0.051508214,6504.977519,2014.104641
8,8180,66928760,14937,4480,32,0.007143,458.026086988,1277.693480899,1077.838196488,0.358478848,0.424948836,43.391497841,513.219867741,362.635462663,0.084547580,0.119655969,6624.149442,2076.157745
8,8180,66928760,14937,4480,33,0.007366,354.367439701,1281.891472118,1082.811291485,0.276441062,0.327266110,6.571129180,514.538989963,362.843101779,0.012770906,0.018110112,6727.808090,2112.978113
8,8180,66928760,14937,4480,35,0.007812,116.061926623,1292.927395596,1095.853912235,0.089766778,0.105910035,-16.266112536,514.796492352,363.036777176,0.031597170,0.044805688,6966.113603,2135.815355
8,8180,66928760,14937,4480,36,0.008036,116.061926623,1299.681484146,1095.853912235,0.089300285,0.105910035,-31.208885078,515.013315351,363.344172974,0.060598210,0.085893451,7098.441642,2150.758127
8,8180,66928760,14937,4480,38,0.008482,102.917839216,1317.798767668,1117.281266645,0.078098297,0.092114530,-27.466810902,516.557449833,364.819915742,0.053172810,0.075288683,7406.127353,2207.076551
8,8180,66928760,14937,4480,39,0.008705,-27.466810902,1324.233268368,1124.863363161,0.020741671,0.024417909,-27.466810902,516.557449833,364.830493908,0.053172810,0.075286500,7536.512003,2207.076551
8,8180,66928760,14937,4480,41,0.009152,102.359930140,1337.228879007,1132.330591511,0.076546305,0.090397567,-39.270758330,516.692299298,365.036644798,0.076004149,0.107580318,7799.501588,2218.880499
8,8180,66928760,14937,4480,43,0.009598,352.588546611,1349.086296993,1146.309439180,0.261353590,0.307585836,110.790029414,527.627510708,367.596010532,0.209977735,0.301390729,8049.730205,2368.941286
8,8180,66928760,14937,4480,45,0.010045,352.588546611,1355.648717447,1146.309439180,0.260088430,0.307585836,24.314384681,533.231145010,368.493344819,0.045598208,0.065983240,8236.411415,2455.416931
8,8180,66928760,14937,4480,47,0.010491,380.409489149,1366.965100749,1159.670415206,0.278287638,0.328032417,8.720092074,537.620017342,369.783113586,0.016219805,0.023581639,8483.081799,2551.106409
8,8180,66928760,14937,4480,49,0.010937,380.409489149,1378.442076717,1159.670415206,0.275970602,0.328032417,23.298203350,538.252838724,369.885386931,0.043284869,0.062987629,8734.094896,2585.005514
8,8180,66928760,14937,4480,51,0.011384,274.225535721,1387.640955319,1164.521577245,0.197619950,0.235483430,81.261410069,539.980975976,370.235775421,0.150489394,0.219485570,8959.315945,2642.968721
8,8180,66928760,14937,4480,53,0.011830,380.270507699,1395.027507043,1169.340001860,0.272589971,0.325200974,31.098494753,541.210266655,370.503727540,0.057461021,0.083935714,9161.842980,2693.131636
8,8180,66928760,14937,4480,55,0.012277,291.111117906,1402.710921925,1172.734171387,0.207534648,0.248232826,168.452529907,550.164060746,372.544049782,0.306185994,0.452168086,9367.393040,2830.485672
8,8180,66928760,14937,4480,58,0.012946,65.475565008,1413.141982514,1183.603179572,0.046333324,0.055318849,65.475565008,557.024124244,375.737825277,0.117545295,0.174258647,9654.357887,2933.462636
8,8180,66928760,14937,4480,60,0.013393,171.045008439,1420.373174319,1188.301895176,0.120422584,0.143940702,53.423458694,557.489135873,376.426852085,0.095828699,0.141922550,9856.595755,2963.316782
8,8180,66928760,14937,4480,63,0.014063,153.124316153,1438.435278758,1201.776985309,0.106452003,0.127414918,52.721751958,560.012112149,378.884085799,0.094143949,0.139150083,10249.149534,3041.993334
8,8180,66928760,14937,4480,66,0.014732,164.651130415,1448.574659743,1209.735401316,0.113664235,0.136105077,41.165909555,560.429349076,379.675529197,0.073454236,0.108423921,10545.130139,3070.303078
8,8180,66928760,14937,4480,68,0.015179,288.136351276,1458.899670692,1216.021521589,0.197502513,0.236950043,83.456705256,561.756429184,380.165510110,0.148563863,0.219527293,10790.151792,3112.593874
8,8180,66928760,14937,4480,71,0.015848,359.534599436,1467.666391089,1226.525469509,0.244970248,0.293132600,137.650797674,562.773971764,380.554156472,0.244593397,0.361711455,11066.229687,3166.787967
8,8180,66928760,14937,4480,74,0.016518,350.471387396,1475.854541307,1234.097423166,0.237470142,0.283990049,121.683218427,571.315314973,381.882013078,0.212987846,0.318640874,11333.015494,3330.842464
8,8180,66928760,14937,4480,78,0.017411,366.262822381,1484.555088206,1239.831057765,0.246715548,0.295413492,107.232197440,572.417892965,382.246684365,0.187332015,0.280531400,11652.840030,3380.019273
8,8180,66928760,14937,4480,81,0.018080,452.606364029,1490.873829654,1242.833962757,0.303584619,0.364172832,94.567966379,577.895180820,382.761433463,0.163642075,0.247067646,11889.710335,3504.376457
8,8180,66928760,14937,4480,84,0.018750,439.856658985,1497.807971402,1248.415118762,0.293666924,0.352332051,49.859850252,582.690624670,383.308332813,0.085568307,0.130077658,12138.562475,3625.582804
8,8180,66928760,14937,4480,88,0.019643,153.450069163,1510.624326813,1259.325409927,0.101580563,0.121851007,46.980252557,582.932158577,383.583740336,0.080593002,0.122477174,12530.784745,3651.443818
8,8180,66928760,14937,4480,92,0.020536,184.986949556,1521.320316395,1266.037619846,0.121596318,0.146114892,82.831283519,585.087252712,384.850277713,0.141570822,0.215229892,12887.743645,3741.740308
8,8180,66928760,14937,4480,96,0.021429,-86.277721348,1532.004634307,1275.851940581,0.056316880,0.067623616,82.215997986,585.667728585,386.492522576,0.140379936,0.212723386,13246.619816,3783.558657
8,8180,66928760,14937,4480,100,0.022321,-2.030861681,1543.748917597,1278.630403067,0.001315539,0.001588310,96.586503406,585.852920535,386.773093945,0.164864764,0.249723946,13625.715700,3808.369731
8,8180,66928760,14937,4480,104,0.023214,283.375916905,1556.428720106,1289.226590129,0.182068034,0.219803035,126.205387082,590.776296823,388.716832785,0.213626355,0.324671783,14021.123147,3922.068250
8,8180,66928760,14937,4480,109,0.024330,400.975244964,1565.068066641,1298.144125133,0.256203071,0.308883457,128.832805443,594.576518684,389.832492469,0.216679942,0.330482471,14384.181048,4042.169103
8,8180,66928760,14937,4480,113,0.025223,483.647278248,1571.772205117,1304.357391066,0.307708252,0.370793528,133.867400583,600.464752521,390.274845001,0.222939648,0.343008017,14673.150966,4166.867885
8,8180,66928760,14937,4480,118,0.026339,386.395159574,1582.374092505,1311.610532141,0.244186985,0.294595957,30.989826457,603.438940772,390.435734707,0.051355364,0.079372413,15080.260836,4284.581955
8,8180,66928760,14937,4480,124,0.027679,150.517640449,1593.979812481,1318.779706335,0.094428825,0.114134028,79.402671208,604.895654735,390.930177482,0.131266724,0.203112156,15547.535507,4363.885141
8,8180,66928760,14937,4480,129,0.028795,139.076775732,1599.910754720,1321.461016127,0.086927834,0.105244706,65.508940702,605.335832890,391.359083000,0.108219169,0.167388323,15853.756336,4413.011027
8,8180,66928760,14937,4480,134,0.029911,140.809243109,1608.645454197,1330.121798455,0.087532801,0.105861917,73.173769535,606.677670009,391.677573034,0.120613916,0.186821443,16227.616161,4492.955157
8,8180,66928760,14937,4480,140,0.031250,368.919353772,1619.008029900,1336.649904730,0.227867526,0.276002978,59.708955323,608.843839835,392.032431516,0.098069409,0.152306163,16674.565970,4583.965434
8,8180,66928760,14937,4480,146,0.032589,-55.207812457,1632.912230794,1350.112809772,0.033809418,0.040891259,26.383585480,609.455754921,392.384798536,0.043290403,0.067239061,17193.791618,4624.787395
8,8180,66928760,14937,4480,153,0.034152,81.014916581,1642.777818902,1353.594201371,0.049315809,0.059851702,16.659664291,610.160438456,393.853855958,0.027303744,0.042299102,17665.818757,4683.296514
8,8180,66928760,14937,4480,159,0.035491,-10.073708381,1654.495469812,1364.765073393,0.006088689,0.007381277,-10.073708381,611.345310686,394.459812541,0.016477935,0.025537984,18144.872931,4748.325082
8,8180,66928760,14937,4480,166,0.037054,4.695955586,1669.116781520,1374.507006900,0.002813437,0.003416465,4.695955586,611.459165750,394.844980402,0.007679917,0.011893163,18727.407244,4763.252601
8,8180,66928760,14937,4480,173,0.038616,198.208126135,1678.968694916,1379.085064699,0.118053497,0.143724366,-19.679034081,612.939131500,395.493130243,0.032106017,0.049758220,19205.018723,4844.310099
8,8180,66928760,14937,4480,181,0.040402,279.946505288,1692.115183843,1388.499372267,0.165441755,0.201618028,85.637865339,623.307834345,396.810148055,0.137392570,0.215815714,19798.656009,5109.467055
8,8180,66928760,14937,4480,188,0.041964,209.354074133,1697.661420231,1393.418301603,0.123319097,0.150244958,70.715461179,627.370268954,397.400383481,0.112717266,0.177945126,20157.524464,5273.439113
8,8180,66928760,14937,4480,197,0.043973,427.049834399,1705.045180718,1399.703568840,0.250462474,0.305100197,89.601519576,632.501774638,397.674374651,0.141662084,0.225313788,20631.717321,5472.224144
8,8180,66928760,14937,4480,205,0.045759,268.326671933,1711.314353847,1404.690700256,0.156795665,0.191021890,38.663287762,636.007529348,397.844322064,0.060790613,0.097181952,21044.983569,5620.039846
8,8180,66928760,14937,4480,214,0.047768,6.807773946,1723.234420353,1414.699709452,0.003950579,0.004812169,6.807773946,636.728857797,398.134421957,0.010691794,0.017099185,21646.932333,5687.985373
8,8180,66928760,14937,4480,223,0.049777,-205.976610624,1739.716726383,1430.629657305,0.118396638,0.143976192,44.845990940,641.872607080,398.769761511,0.069867432,0.112460862,22360.481905,5886.664907
8,8180,66928760,14937,4480,233,0.052009,50.072108842,1754.783232024,1440.531268283,0.028534641,0.034759474,-1.979442653,642.456675833,399.212249467,0.003081052,0.004958372,23082.662540,5958.444209
8,8180,66928760,14937,4480,243,0.054241,124.770520249,1763.608275772,1445.938735739,0.070747298,0.086290323,13.753575277,642.706244267,399.594565776,0.021399474,0.034418825,23638.568766,5998.515873
8,8180,66928760,14937,4480,253,0.056473,66.340170458,1773.071665500,1452.140949056,0.037415391,0.045684388,-3.387287962,643.252672540,400.064599177,0.005265875,0.008466853,24212.537244,6069.514146
8,8180,66928760,14937,4480,264,0.058929,128.889980235,1784.549794595,1461.370123839,0.072225488,0.088198040,25.028436517,643.631818340,400.242900925,0.038886264,0.062533118,24880.457671,6125.923532
8,8180,66928760,14937,4480,276,0.061607,160.646235132,1795.534319378,1469.003387675,0.089469877,0.109357294,-27.842317627,645.745740310,401.059810813,0.043116533,0.069421859,25563.936367,6271.031777
8,8180,66928760,14937,4480,288,0.064286,407.014731517,1807.209199792,1478.742889531,0.225217275,0.275243745,133.874314322,653.480465332,401.369746133,0.204863529,0.333543611,26269.707721,6551.280097
8,8180,66928760,14937,4480,300,0.066964,304.428422224,1815.232273271,1483.666133399,0.167707696,0.205186609,52.690622413,661.894076354,401.632409043,0.079605823,0.131191162,26856.252117,6826.186430
8,8180,66928760,14937,4480,313,0.069866,245.083275141,1826.324893937,1492.967845955,0.134194784,0.164158442,39.701288548,662.475212469,401.821384598,0.059928716,0.098803324,27578.596855,6904.087248
8,8180,66928760,14937,4480,326,0.072768,107.903563206,1836.104894211,1500.175519504,0.058767646,0.071927292,-13.393767165,667.325817407,402.387247647,0.020070806,0.033285765,28252.881574,7154.428546
8,8180,66928760,14937,4480,340,0.075893,-111.736244047,1846.937186482,1507.510379735,0.060498129,0.074119718,-11.037475990,667.480058576,402.652125658,0.016536039,0.027411940,28998.306640,7192.185468
8,8180,66928760,14937,4480,355,0.079241,-21.670468579,1856.943941267,1513.751820678,0.011669964,0.014315734,-21.670468579,668.307083338,402.865973060,0.032425915,0.053790764,29742.910345,7270.420509
8,8180,66928760,14937,4480,370,0.082589,71.353015150,1869.054463443,1521.153279883,0.038175996,0.046907183,-21.732541167,668.592607152,403.257024311,0.032504908,0.053892530,30560.744454,7320.115165
8,8180,66928760,14937,4480,386,0.086161,59.318331193,1884.387673079,1532.819318076,0.031478836,0.038698841,-55.199116442,670.223752457,403.706813599,0.082359236,0.136730703,31515.799730,7456.934815
8,8180,66928760,14937,4480,403,0.089955,-74.727790328,1900.733508810,1547.128488011,0.039315238,0.048300959,-74.727790328,670.515672161,403.916759591,0.111448238,0.185007897,32539.261834,7518.166121
8,8180,66928760,14937,4480,421,0.093973,-23.181209920,1911.272714984,1554.608422571,0.012128677,0.014911285,-65.896165065,670.681444075,404.253569050,0.098252554,0.163007009,33387.389540,7558.044966
8,8180,66928760,14937,4480,439,0.097991,208.603531078,1918.416931304,1560.432854133,0.108737328,0.133683119,-35.972701792,672.261416626,404.455932931,0.053509990,0.088940967,34087.325130,7687.158607
8,8180,66928760,14937,4480,458,0.102232,115.758955702,1928.901428111,1568.681727325,0.060012893,0.073793781,-126.083035256,677.320150222,404.648794665,0.186149837,0.311586336,34958.391745,7966.850746
8,8180,66928760,14937,4480,477,0.106473,178.268244092,1938.080963910,1575.179086022,0.091981835,0.113173318,-68.186582090,682.261040389,404.861464196,0.099942072,0.168419541,35772.544167,8245.576410
8,8180,66928760,14937,4480,498,0.111161,139.762198160,1948.320348368,1582.829771195,0.071734712,0.088298945,-99.529429026,685.124982785,405.108992264,0.145271931,0.245685559,36682.640215,8458.297177
8,8180,66928760,14937,4480,519,0.115848,-33.602644579,1959.195638449,1591.988543388,0.017151245,0.021107341,-77.934586198,686.466856852,405.242260680,0.113530006,0.192316038,37626.196196,8604.930443
8,8180,66928760,14937,4480,542,0.120982,-138.300671849,1971.347215544,1600.025611222,0.070155410,0.086436536,-91.213261840,686.889182342,405.458639755,0.132791816,0.224963172,38672.096463,8683.905402
8,8180,66928760,14937,4480,565,0.126116,-320.795380628,1985.579535528,1610.597656682,0.161562594,0.199177851,-75.697893937,690.340045539,405.785387816,0.109653053,0.186546623,39806.493380,8926.352465
8,8180,66928760,14937,4480,590,0.131696,-382.484775867,2000.917019649,1621.977405376,0.191154742,0.235813874,-142.500869415,693.538605704,405.975340874,0.205469268,0.351008682,41041.257880,9197.320347
8,8180,66928760,14937,4480,615,0.137277,-7.188426007,2013.460486946,1631.864611688,0.003570185,0.004405038,-97.910684225,697.379165610,406.297296865,0.140398063,0.240982859,42160.657869,9422.771454
8,8180,66928760,14937,4480,642,0.143304,45.507539498,2025.401107694,1639.918042901,0.022468409,0.027749886,-81.157088848,698.303231910,406.499926189,0.116220411,0.199648471,43298.673600,9546.201440
8,8180,66928760,14937,4480,669,0.149330,318.104432410,2035.397023315,1647.725203922,0.156286183,0.193056726,-36.581402049,706.109030177,406.698728362,0.051807016,0.089947176,44339.407375,9995.933177
8,8180,66928760,14937,4480,698,0.155804,165.518154057,2044.432653857,1655.049834045,0.080960434,0.100007958,16.355852957,715.647688919,406.888572027,0.022854616,0.040197376,45367.588662,10532.216997
8,8180,66928760,14937,4480,728,0.162500,65.411044268,2054.568336580,1661.801207475,0.031836879,0.039361534,-23.785684392,717.263443744,407.108808842,0.033161713,0.058425865,46476.481166,10725.696654
8,8180,66928760,14937,4480,760,0.169643,82.894757212,2069.514241744,1672.800992163,0.040055176,0.049554464,-31.655721840,718.572795707,407.342134849,0.044053605,0.077712859,47874.791823,10884.259087
8,8180,66928760,14937,4480,793,0.177009,-45.425850351,2082.240736865,1682.747526583,0.021815849,0.026995048,-45.425850351,719.084437035,407.519478727,0.063171789,0.111469151,49192.301287,10990.186855
8,8180,66928760,14937,4480,827,0.184598,24.580195873,2092.076467663,1690.805754590,0.011749186,0.014537563,-48.899289925,719.259535742,407.666014550,0.067985598,0.119949390,50370.773190,11052.120054
8,8180,66928760,14937,4480,862,0.192411,16.162635451,2105.086481388,1698.933118547,0.007677896,0.009513403,-60.087808971,719.570399140,407.797222566,0.083505115,0.147347274,51749.995738,11144.118348
8,8180,66928760,14937,4480,900,0.200893,-113.193303153,2118.548896958,1708.804046488,0.053429639,0.066241242,-73.151943608,719.746239055,407.968993842,0.101635743,0.179307606,53217.612913,11198.475493
8,8180,66928760,14937,4480,938,0.209375,-186.047914973,2131.240052761,1719.034145790,0.087295617,0.108228167,-58.454903887,720.471587228,408.119217111,0.081134225,0.143229972,54646.472281,11324.940939
8,8180,66928760,14937,4480,979,0.218527,-155.761476106,2148.894750998,1732.108921073,0.072484460,0.089925913,-85.439426238,721.446985614,408.349622762,0.118427865,0.209231064,56401.963824,11504.836630
8,8180,66928760,14937,4480,1021,0.227902,-1.268579570,2161.981631452,1742.323511166,0.000586767,0.000728096,-80.493448983,721.566122348,408.465614694,0.111553808,0.197062974,57937.022596,11565.406088
8,8180,66928760,14937,4480,1065,0.237723,193.580155514,2175.086411622,1751.458436472,0.088998834,0.110525121,-46.655566152,723.168782270,408.561288440,0.064515459,0.114194779,59509.732272,11827.722805
8,8180,66928760,14937,4480,1111,0.247991,381.449277054,2184.462117104,1758.479612759,0.174619314,0.216919931,85.111529470,729.570948851,408.673927019,0.116659702,0.208262685,60873.902704,12351.750993
8,8180,66928760,14937,4480,1159,0.258705,153.776880091,2190.964474788,1763.694834712,0.070186843,0.087190186,41.351256496,739.908164367,408.847947647,0.055887012,0.101140917,62036.715291,12983.788933
8,8180,66928760,14937,4480,1209,0.269866,62.670031980,2203.053399138,1772.773940986,0.028446896,0.035351395,-11.790499480,741.316148470,408.952719896,0.015904819,0.028830960,63651.337915,13243.104995
8,8180,66928760,14937,4480,1261,0.281473,-2.632411213,2217.108834091,1783.433557753,0.001187317,0.001476035,-2.632411213,741.533073237,409.070065950,0.003549958,0.006435111,65446.370536,13339.282055
8,8180,66928760,14937,4480,1316,0.293750,73.245073258,2231.697792881,1794.486317339,0.032820337,0.040816735,-1.031852091,741.670958828,409.203155787,0.001391253,0.002521613,67331.318334,13410.465187
8,8180,66928760,14937,4480,1373,0.306473,-199.037878735,2246.237701669,1806.021614594,0.088609446,0.110207916,29.747877344,742.985218444,409.315457277,0.040038317,0.072677141,69253.590603,13618.123063
8,8180,66928760,14937,4480,1432,0.319643,-325.785003122,2263.796374723,1819.066454174,0.143910913,0.179094613,-28.665095812,748.237951606,409.418514574,0.038310133,0.070014166,71412.262695,14135.577434
8,8180,66928760,14937,4480,1494,0.333482,-18.908096663,2277.450129415,1829.649010386,0.008302310,0.010334275,-47.408994430,749.138748336,409.525450490,0.063284665,0.115765685,73364.321218,14334.678051
8,8180,66928760,14937,4480,1558,0.347768,23.788290115,2287.385160846,1837.312758221,0.010399775,0.012947328,-37.829000177,749.383242744,409.667497813,0.050480179,0.092340741,75055.459586,14427.569119
8,8180,66928760,14937,4480,1625,0.362723,306.229103397,2298.969157997,1846.134076261,0.133202789,0.165875874,-106.330371344,753.609370266,409.800017419,0.141094811,0.259468928,76917.690132,14884.248393
8,8180,66928760,14937,4480,1695,0.378348,233.563809709,2314.581335102,1857.404151536,0.100909744,0.125747436,-38.056121386,762.301305302,409.916503043,0.049922676,0.092838715,79154.295359,15668.395302
8,8180,66928760,14937,4480,1769,0.394866,149.482127864,2328.670577431,1867.960260990,0.064192046,0.080024255,-32.096018468,769.063950202,410.037037256,0.041733875,0.078275901,81348.681722,16326.279386
8,8180,66928760,14937,4480,1845,0.411830,-45.048703520,2340.353592457,1876.621836377,0.019248674,0.024005211,-45.048703520,770.990892449,410.140244439,0.058429618,0.109837316,83374.765785,16643.179865
8,8180,66928760,14937,4480,1924,0.429464,32.501035653,2352.361011489,1885.229949113,0.013816347,0.017239826,-9.510829760,771.643372242,410.253723973,0.012325421,0.023182799,85474.666042,16843.726107
8,8180,66928760,14937,4480,2008,0.448214,-119.682999500,2363.322924838,1893.681494716,0.050641831,0.063201230,-1.002020099,772.539018304,410.353603860,0.001297048,0.002441845,87551.299781,17101.339693
8,8180,66928760,14937,4480,2094,0.467411,63.029372089,2380.848486321,1907.224250093,0.026473491,0.033047699,25.987449827,773.766917755,410.447665184,0.033585631,0.063314893,90211.471556,17412.513484
8,8180,66928760,14937,4480,2185,0.487723,-141.967884544,2399.994641523,1921.634225273,0.059153417,0.073878724,-7.776273983,774.066419837,410.561686565,0.010046004,0.018940574,93092.126515,17556.282624
8,8180,66928760,14937,4480,2279,0.508705,-184.647297928,2415.836449008,1933.765857372,0.076432036,0.095485861,-88.155101006,776.591513133,410.634681230,0.113515406,0.214680116,95755.763776,18053.944085
8,8180,66928760,14937,4480,2377,0.530580,10.600824646,2429.714531634,1944.076739815,0.004362992,0.005452884,-68.183235337,776.873402490,410.711717600,0.087766211,0.166012394,98308.551545,18198.788177
8,8180,66928760,14937,4480,2480,0.553571,91.348478062,2444.690412604,1955.915491196,0.037366072,0.046703694,-46.775726615,782.675339478,410.796593748,0.059763895,0.113865907,101035.470241,18945.199743
8,8180,66928760,14937,4480,2587,0.577455,-168.581719204,2458.535077381,1966.257780099,0.068569987,0.085737344,-62.538381567,783.004861490,410.869824576,0.079869723,0.152209721,103725.931132,19073.737626
8,8180,66928760,14937,4480,2698,0.602232,49.496497903,2473.542021331,1977.604020436,0.020010373,0.025028518,-73.383035725,785.675313203,410.955458129,0.093401224,0.178566884,106589.983529,19553.525656
8,8180,66928760,14937,4480,2815,0.628348,369.502162111,2482.368763988,1984.496108285,0.148850633,0.186194450,-62.456445305,795.141849024,411.023125079,0.078547551,0.151953604,108828.283981,20460.640120
8,8180,66928760,14937,4480,2936,0.655357,234.087126650,2494.058908184,1993.216017983,0.093857898,0.117441925,-48.803239063,810.637601547,411.100040267,0.060203522,0.118713778,111472.387743,21867.655977
8,8180,66928760,14937,4480,3063,0.683705,-10.154187750,2506.914638620,2003.322436028,0.004050472,0.005068674,-101.468775023,814.664328149,411.171842687,0.124552864,0.246779484,114323.743122,22538.405647
8,8180,66928760,14937,4480,3195,0.713170,-294.860434428,2524.286410865,2016.461552025,0.116809421,0.146226658,-75.952969709,816.264982961,411.260171942,0.093049403,0.184683504,117712.613277,22999.363603
8,8180,66928760,14937,4480,3333,0.743973,-533.683043914,2541.900242135,2030.018789753,0.209954362,0.262895618,-108.025468166,826.290541942,411.333554529,0.130735453,0.262622553,121213.743241,24332.848740
8,8180,66928760,14937,4480,3477,0.776116,-332.187671051,2562.983809622,2046.337941014,0.129609742,0.162332753,-42.368576417,833.810396187,411.399129488,0.050813202,0.102986549,125139.548812,25530.158578
8,8180,66928760,14937,4480,3627,0.809598,-29.334804906,2579.707757959,2058.906074782,0.011371367,0.014247763,-114.933605202,835.915727268,411.462759333,0.137494249,0.279329302,128666.847458,26060.201064
8,8180,66928760,14937,4480,3783,0.844420,1.611483092,2592.775362033,2068.508891093,0.000621528,0.000779055,-142.466813144,837.674683623,411.529772170,0.170074154,0.346188351,131900.351579,26645.696350
8,8180,66928760,14937,4480,3947,0.881027,178.778846832,2608.181099413,2080.583625720,0.068545412,0.085927258,-177.562948309,841.197473612,411.602022517,0.211083549,0.431394742,135518.339670,27486.436449
8,8180,66928760,14937,4480,4117,0.918973,137.274718869,2622.132412047,2091.114854453,0.052352321,0.065646666,-104.002249148,846.808679511,411.662861309,0.122816702,0.252639378,139028.731677,28652.299924
8,8180,66928760,14937,4480,4295,0.958705,56.751441157,2631.908173827,2098.672496071,0.021562850,0.027041590,-159.652105333,852.812420796,411.728988256,0.187206590,0.387760177,142042.981738,29837.820979
8,8180,66928760,14937,4480,4480,1.000000,-84.702807560,2646.642999913,2109.764443316,0.032003866,0.040147993,-168.805026128,854.806376396,411.783771189,0.197477500,0.409936083,145820.084844,30558.061157
8,9869,97416899,14937,6521,1,0.000153,-724.744148724,724.744148724,724.744148724,1.000000000,1.000000000,-164.609746921,164.609746921,164.609746921,1.000000000,1.000000000,724.744149,164.609747
8,9869,97416899,14937,6521,2,0.000307,-164.609746921,915.971958737,915.971958737,0.179710465,0.179710465,-164.609746921,164.609746921,275.437281730,1.000000000,0.597630596,1284.878551,164.609747
8,9869,97416899,14937,6521,3,0.000460,174.686869651,976.794156007,976.794156007,0.178836932,0.178836932,-159.163649787,164.699814072,275.491118080,0.966386336,0.577745123,1624.175167,170.055844
8,9869,97416899,14937,6521,4,0.000613,174.686869651,1032.270794190,976.794156007,0.169225818,0.178836932,-90.778802912,178.332599481,283.851798344,0.509042111,0.319810561,1958.025687,238.440691
8,9869,97416899,14937,6521,5,0.000767,440.152542214,1065.858816095,1012.224701595,0.412955764,0.434836792,-269.773308749,252.668852765,297.626614574,1.067695150,0.906415272,2223.491359,417.435197
8,9869,97416899,14937,6521,6,0.000920,85.189616732,1123.411631733,1072.659090758,0.075831168,0.079419097,-158.242304375,276.189634299,317.837641949,0.572948021,0.497871503,2578.454285,528.966201
8,9869,97416899,14937,6521,7,0.001073,328.621537839,1149.483707813,1099.934827705,0.285886208,0.298764554,-162.322610116,276.219772987,317.844189602,0.587657460,0.510698686,2821.886206,533.046507
8,9869,97416899,14937,6521,8,0.001227,328.621537839,1175.401775407,1099.934827705,0.279582305,0.298764554,-242.029761450,287.490161506,320.333008535,0.841871458,0.755556733,3067.358280,612.753658
8,9869,97416899,14937,6521,9,0.001380,328.621537839,1209.537126332,1099.934827705,0.271691981,0.298764554,-125.862893135,310.073111148,325.556326433,0.405913601,0.386608654,3352.683929,728.920527
8,9869,97416899,14937,6521,10,0.001534,101.379322352,1230.698616427,1123.163233772,0.082375426,0.090262323,-88.529776357,312.312497133,327.689919419,0.283465366,0.270163258,3579.926145,766.253643
8,9869,97416899,14937,6521,11,0.001687,291.288421062,1245.264851446,1139.105401388,0.233916842,0.255716829,-247.931963803,350.639634422,337.243158017,0.707084823,0.735172702,3769.835244,925.655831
8,9869,97416899,14937,6521,12,0.001840,291.288421062,1274.117029990,1139.105401388,0.228619832,0.255716829,-124.545827279,371.715337206,342.839586835,0.335057004,0.363277265,4039.445436,1049.041967
8,9869,97416899,14937,6521,13,0.001994,499.205545232,1290.970075809,1157.925146974,0.386690253,0.431120739,-24.817995370,384.860926013,344.447461107,0.064485620,0.072051614,4247.362560,1148.769799
8,9869,97416899,14937,6521,14,0.002147,324.531031698,1302.733634444,1171.025973953,0.249115416,0.277133931,-228.718545047,435.538019615,359.218473916,0.525140251,0.636711533,4422.037074,1352.670349
8,9869,97416899,14937,6521,15,0.002300,47.906243325,1331.779334520,1203.255212004,0.035971607,0.039813867,-190.906052855,437.176338673,361.203123697,0.436679747,0.528528244,4698.661862,1390.482841
8,9869,97416899,14937,6521,16,0.002454,47.906243325,1353.021621653,1203.255212004,0.035406857,0.039813867,-158.575463837,438.370183842,362.647161239,0.361738708,0.437272040,4937.474158,1422.813430
8,9869,97416899,14937,6521,17,0.002607,254.387950488,1368.686305935,1220.843069607,0.185862859,0.208370721,-41.579711771,453.714033377,367.334949406,0.091642993,0.113192910,5143.955865,1539.809182
8,9869,97416899,14937,6521,18,0.002760,254.387950488,1376.663146282,1220.843069607,0.184785909,0.208370721,-29.686937055,453.869873613,367.383076063,0.065408477,0.080806491,5291.939696,1551.701957
8,9869,97416899,14937,6521,19,0.002914,396.425394259,1383.971117388,1229.077880380,0.286440511,0.322538873,-196.975660989,483.718285089,371.590939722,0.407211526,0.530087362,5433.977140,1718.990681
8,9869,97416899,14937,6521,20,0.003067,396.425394259,1398.034703759,1229.077880380,0.283559051,0.322538873,-178.143502354,484.084733831,371.643958731,0.368000662,0.479339158,5631.777492,1737.822839
8,9869,97416899,14937,6521,21,0.003220,204.902428721,1411.092512645,1243.910560438,0.145208359,0.164724406,-223.244526259,486.181171874,372.327487101,0.459179703,0.599591849,5823.300458,1782.923863
8,9869,97416899,14937,6521,22,0.003374,-9.171048769,1427.238428928,1262.196869008,0.006425730,0.007265942,-178.722491110,488.215468312,374.979958484,0.366072979,0.476618782,6037.373935,1827.445898
8,9869,97416899,14937,6521,23,0.003527,160.380393572,1437.274234309,1273.533913068,0.111586495,0.125933351,-153.391004089,488.872199796,375.193803684,0.313765037,0.408831389,6206.925377,1852.777386
8,9869,97416899,14937,6521,24,0.003680,160.380393572,1445.811311031,1273.533913068,0.110927610,0.125933351,-144.592572222,488.951367865,375.219593603,0.295719742,0.385354536,6363.811076,1861.575817
8,9869,97416899,14937,6521,25,0.003834,160.380393572,1453.830277086,1273.533913068,0.110315761,0.125933351,-147.529982809,488.960191138,375.222468036,0.301721869,0.393180034,6516.297559,1864.513228
8,9869,97416899,14937,6521,26,0.003987,6.425205382,1461.959190451,1282.805841780,0.004394928,0.005008712,-195.195823961,491.278028138,378.237931641,0.397322520,0.516066231,6670.252747,1912.179069
8,9869,97416899,14937,6521,27,0.004140,6.425205382,1475.796637080,1282.805841780,0.004353720,0.005008712,-135.504907107,494.891004652,382.918971176,0.273807577,0.353873580,6871.873777,1971.869986
8,9869,97416899,14937,6521,29,0.004447,166.134589567,1491.183073349,1292.709524642,0.111411263,0.128516566,-47.714833109,506.337926426,386.948656383,0.094235155,0.123310502,7173.513273,2095.218603
8,9869,97416899,14937,6521,30,0.004601,273.059300904,1495.011656188,1297.124053048,0.182646938,0.210511323,-263.744336873,550.496904836,393.592020948,0.479102307,0.670095741,7280.437985,2311.248107
8,9869,97416899,14937,6521,31,0.004754,451.993846830,1505.681713997,1309.407644976,0.300192161,0.345189558,-231.691041552,551.429284655,393.673585998,0.420164558,0.588535908,7459.372531,2343.301402
8,9869,97416899,14937,6521,33,0.005061,297.826106548,1523.174047892,1318.452150389,0.195529924,0.225890721,-81.336170821,561.703511900,395.007996550,0.144802675,0.205910188,7784.461493,2493.656273
8,9869,97416899,14937,6521,34,0.005214,171.438680758,1528.408636971,1324.496075593,0.112168092,0.129436911,-168.778206832,568.468948090,397.420236971,0.296899606,0.424684480,7910.848919,2581.098309
8,9869,97416899,14937,6521,36,0.005521,1.330236963,1544.113101565,1335.375129659,0.000861489,0.000996152,-148.210676698,569.418529827,398.777333761,0.260284253,0.371662740,8219.937311,2622.787769
8,9869,97416899,14937,6521,37,0.005674,150.871150624,1551.337408588,1343.722151998,0.097252313,0.112278532,-192.283769304,571.121615422,399.385742478,0.336677450,0.481448757,8369.478225,2666.860861
8,9869,97416899,14937,6521,39,0.005981,-195.992206487,1570.608711867,1365.925763824,0.124787418,0.143486719,-195.992206487,571.133655205,399.577291121,0.343163469,0.490498862,8716.341582,2670.569299
8,9869,97416899,14937,6521,41,0.006287,-29.226608996,1587.875771894,1376.068296555,0.018406106,0.021239214,-161.406607268,572.179880616,401.084710466,0.282090672,0.402425231,9046.591053,2705.154898
8,9869,97416899,14937,6521,43,0.006594,225.994773219,1598.111448264,1387.866957201,0.141413650,0.162836050,-133.012392245,572.561111395,401.202980850,0.232311258,0.331533908,9301.812435,2733.549113
8,9869,97416899,14937,6521,45,0.006901,225.994773219,1605.550990998,1387.866957201,0.140758390,0.162836050,-101.214920884,577.436474582,401.978598447,0.175283214,0.251791815,9519.016616,2834.555215
8,9869,97416899,14937,6521,47,0.007207,221.252296288,1612.629665530,1396.049835909,0.137199694,0.158484526,-76.549881836,577.713840507,402.038416801,0.132504843,0.190404396,9732.413935,2859.220254
8,9869,97416899,14937,6521,49,0.007514,221.252296288,1621.509598972,1396.049835909,0.136448342,0.158484526,-44.986633065,606.684569929,406.752297423,0.074151602,0.110599580,9969.030977,3119.277042
8,9869,97416899,14937,6521,51,0.007821,101.111702335,1628.374357872,1401.209801085,0.062093647,0.072160288,-139.935758877,613.952086298,407.962227824,0.227926188,0.343011557,10177.917881,3214.226168
8,9869,97416899,14937,6521,53,0.008128,247.725713794,1639.397659926,1408.859316970,0.151107763,0.175834245,-218.195719318,616.717204502,408.888068603,0.353801901,0.533631906,10445.055623,3292.486128
8,9869,97416899,14937,6521,55,0.008434,86.769499672,1654.585113957,1418.023793128,0.052441847,0.061190440,-213.563573900,617.327293077,409.069409480,0.345948699,0.522071729,10761.318982,3331.012692
8,9869,97416899,14937,6521,58,0.008894,-154.622710975,1670.141599451,1428.272576225,0.092580600,0.108258545,-154.622710975,619.444110008,410.566911881,0.249615274,0.376607823,11152.877729,3389.953555
8,9869,97416899,14937,6521,61,0.009354,129.286787556,1687.900143061,1442.317456402,0.076596230,0.089638233,-97.368168986,622.634656651,411.801213079,0.156380902,0.236444590,11575.772254,3458.586543
8,9869,97416899,14937,6521,63,0.009661,15.959309285,1695.552906154,1446.762856301,0.009412451,0.011031047,-69.065845407,623.320108374,412.836869639,0.110803172,0.167295730,11803.334786,3488.704016
8,9869,97416899,14937,6521,66,0.010121,45.211626550,1704.886482677,1455.208489079,0.026518849,0.031068831,-67.446427136,623.511316817,414.159852827,0.108171937,0.162851195,12107.818981,3510.479848
8,9869,97416899,14937,6521,69,0.010581,45.296097687,1716.651061497,1463.897672393,0.026386316,0.030942120,-67.160596696,624.078153081,414.373248026,0.107615683,0.162077540,12455.068237,3548.203944
8,9869,97416899,14937,6521,72,0.011041,284.966749527,1729.409600245,1473.711740579,0.164776898,0.193366682,-43.787502781,626.202406596,414.875013985,0.069925478,0.105543842,12817.770590,3630.606090
8,9869,97416899,14937,6521,76,0.011655,279.222246496,1743.197701010,1482.273911497,0.160178187,0.188374257,-30.272980585,627.137427392,415.000990449,0.048271685,0.072946767,13255.077129,3690.076636
8,9869,97416899,14937,6521,79,0.012115,384.864030868,1752.492024950,1493.193229764,0.219609576,0.257745631,60.716484087,632.284602518,415.571569745,0.096027143,0.146103556,13567.049065,3805.387009
8,9869,97416899,14937,6521,83,0.012728,419.171777083,1760.245138681,1498.188582396,0.238132615,0.279785724,-31.371079411,643.227632508,417.237401853,0.048771349,0.075187601,13893.184761,4005.251522
8,9869,97416899,14937,6521,86,0.013188,189.407895630,1771.350747266,1507.017831983,0.106928510,0.125683911,-24.985446786,646.536190537,417.701795426,0.038645086,0.059816470,14235.584357,4098.544249
8,9869,97416899,14937,6521,90,0.013802,201.367473931,1786.049596377,1515.517101200,0.112744615,0.132870473,-50.354684376,646.733692670,417.848690362,0.077859999,0.120509375,14692.454578,4123.913487
8,9869,97416899,14937,6521,94,0.014415,-128.967693643,1800.563041201,1527.616713276,0.071626314,0.084424118,-35.662920020,646.919879096,418.315898272,0.055127259,0.085253561,15146.213268,4144.230431
8,9869,97416899,14937,6521,98,0.015028,-107.790449815,1814.356353237,1534.739305478,0.059409746,0.070233719,10.571461143,648.042826552,419.229060009,0.016312905,0.025216432,15588.890092,4219.065688
8,9869,97416899,14937,6521,103,0.015795,170.374816405,1827.990809453,1543.141119624,0.093203322,0.110407800,12.500268599,648.553346735,419.839148746,0.019274079,0.029773947,16084.372317,4263.219124
8,9869,97416899,14937,6521,108,0.016562,230.562853087,1836.306224570,1548.563423967,0.125557954,0.148888221,0.206169098,652.452920800,420.640905438,0.000315991,0.000490131,16473.457127,4408.541647
8,9869,97416899,14937,6521,112,0.017175,307.203428178,1842.894101254,1554.560725355,0.166696192,0.197614299,-64.897682325,656.796764581,421.063187669,0.098809382,0.154128131,16784.724714,4511.933791
8,9869,97416899,14937,6521,118,0.018095,335.491407479,1854.298942113,1564.096426671,0.180926279,0.214495348,-35.053870939,668.206245799,421.985432970,0.052459658,0.083068912,17284.493307,4723.065006
8,9869,97416899,14937,6521,123,0.018862,72.057197251,1864.295331519,1571.521599822,0.038651171,0.045851866,-16.543068339,669.525302717,422.389263560,0.024708653,0.039165457,17714.586327,4802.254464
8,9869,97416899,14937,6521,128,0.019629,164.307486251,1876.437638256,1574.226875177,0.087563521,0.104373448,-39.800287547,670.295996400,422.773446427,0.059377182,0.094140935,18190.069205,4854.916870
8,9869,97416899,14937,6521,134,0.020549,94.407903306,1890.011005852,1588.271108333,0.049950981,0.059440673,5.271204560,671.745671454,423.217455999,0.007847024,0.012455074,18740.870960,4934.390106
8,9869,97416899,14937,6521,140,0.021469,362.565677636,1902.396509461,1595.895519871,0.190583654,0.227186350,-21.747603812,675.538034051,423.968079373,0.032193012,0.051295380,19269.855509,5084.809436
8,9869,97416899,14937,6521,147,0.022543,-119.060905015,1919.493297682,1610.386368642,0.062027257,0.073933130,-16.621235542,675.640252895,424.138975836,0.024600718,0.039188182,19945.801545,5111.982700
8,9869,97416899,14937,6521,153,0.023463,74.145935377,1933.709755787,1616.171599813,0.038343880,0.045877514,-6.275922533,675.912715794,424.579615701,0.009285108,0.014781498,20517.471446,5138.388236
8,9869,97416899,14937,6521,160,0.024536,11.848022798,1942.263596927,1623.630422114,0.006100111,0.007297241,11.848022798,676.160697708,424.947304625,0.017522496,0.027881158,20996.191803,5174.612696
8,9869,97416899,14937,6521,167,0.025610,85.496087734,1951.430062788,1631.389480358,0.043812017,0.052406914,5.251540909,676.205295549,425.215338591,0.007766193,0.012350309,21494.976500,5185.977502
8,9869,97416899,14937,6521,175,0.026836,328.963139654,1966.448871928,1637.439493017,0.167287919,0.200900944,2.345270550,678.411817018,425.927535744,0.003457001,0.005506267,22179.380954,5315.422615
8,9869,97416899,14937,6521,183,0.028063,300.407337993,1977.622541138,1647.037591682,0.151903274,0.182392521,61.438548117,681.688125286,426.729294722,0.090127062,0.143975464,22769.875971,5476.620790
8,9869,97416899,14937,6521,191,0.029290,392.720825433,1987.618422769,1654.595044642,0.197583611,0.237351627,36.467020821,684.590229082,427.147513142,0.053268392,0.085373366,23329.023317,5617.962480
8,9869,97416899,14937,6521,200,0.030670,634.572267583,2000.419089657,1662.975558289,0.317219662,0.381588451,83.056910871,707.062931052,427.915263546,0.117467494,0.194096631,24004.858104,6048.220558
8,9869,97416899,14937,6521,209,0.032050,168.819112669,2014.812447712,1673.907554771,0.083788996,0.100853307,-30.349173920,708.672709241,428.164814583,0.042825374,0.070881990,24722.772342,6171.610405
8,9869,97416899,14937,6521,218,0.033430,-220.159714511,2028.876300244,1687.882654181,0.108513128,0.130435439,-66.593333857,711.292507050,429.652189892,0.093622994,0.154993586,25430.971332,6317.375465
8,9869,97416899,14937,6521,228,0.034964,-197.331868508,2041.596328645,1696.938579133,0.096655674,0.116286983,30.764626714,720.137797012,430.713302002,0.042720472,0.071427157,26140.987348,6618.657402
8,9869,97416899,14937,6521,238,0.036497,34.174136663,2058.074246525,1710.941893298,0.016604910,0.019973873,34.174136663,720.197765167,430.875463138,0.047451045,0.079313258,26961.824725,6635.955722
8,9869,97416899,14937,6521,249,0.038184,135.298780838,2071.962966880,1718.945183297,0.065299807,0.078710352,53.589342602,721.080697368,431.367989451,0.074318093,0.124231153,27749.765956,6746.887007
8,9869,97416899,14937,6521,260,0.039871,210.647416220,2086.878158066,1730.257775420,0.100939010,0.121743372,67.007284183,722.744869504,432.156568932,0.092712224,0.155053258,28573.261035,6865.186635
8,9869,97416899,14937,6521,272,0.041711,249.386191790,2097.667032313,1737.802764621,0.118887406,0.143506615,96.780243236,725.602205574,433.256030806,0.133379202,0.223378872,29300.026034,7031.552511
8,9869,97416899,14937,6521,284,0.043552,422.874064861,2105.529808414,1743.352673033,0.200839743,0.242563694,88.677600432,732.223827557,433.983169304,0.121107231,0.204334192,29925.477787,7312.598885
8,9869,97416899,14937,6521,297,0.045545,479.876939204,2113.636297471,1748.946007224,0.227038559,0.274380648,84.803827449,739.919693651,434.234701050,0.114612205,0.195294911,30590.775359,7627.834020
8,9869,97416899,14937,6521,310,0.047539,208.254252747,2126.286182273,1759.459038116,0.097942720,0.118362660,43.384184913,742.918726012,434.748770186,0.058396946,0.099791392,31417.206575,7792.071614
8,9869,97416899,14937,6521,324,0.049686,285.492848936,2147.292099305,1775.470458290,0.132954827,0.160798423,26.453202661,746.942112997,435.320502273,0.035415332,0.060767188,32534.763559,8026.318755
8,9869,97416899,14937,6521,339,0.051986,-68.324530705,2165.677745512,1788.534790079,0.031548798,0.038201399,47.366684366,747.329631678,435.746954027,0.063381248,0.108702273,33619.855464,8084.552129
8,9869,97416899,14937,6521,354,0.054286,105.812053934,2176.700898967,1794.753402843,0.048611205,0.058956319,47.119876999,749.704270794,436.311798171,0.062851285,0.107995881,34464.884837,8236.111615
8,9869,97416899,14937,6521,370,0.056740,173.562742036,2189.651766519,1803.723218584,0.079264998,0.096224709,37.543049277,749.776704145,436.643441407,0.050072307,0.085981022,35409.399460,8261.091170
8,9869,97416899,14937,6521,387,0.059347,177.376227770,2202.736363834,1813.174885606,0.080525400,0.097826321,62.650292397,750.536801781,436.883515734,0.083473978,0.143402738,36394.110243,8360.350063
8,9869,97416899,14937,6521,404,0.061954,89.325025750,2215.761569062,1824.191384702,0.040313465,0.048966916,89.325025750,751.101139556,437.187350236,0.118925430,0.204317498,37380.110107,8436.349954
8,9869,97416899,14937,6521,423,0.064867,94.000743005,2229.386463578,1834.811046564,0.042164400,0.051231838,94.000743005,751.314494245,437.471027856,0.125115040,0.214873070,38434.824566,8480.611998
8,9869,97416899,14937,6521,442,0.067781,510.447897641,2241.007403673,1844.143802870,0.227776087,0.276793977,85.622992467,753.892970068,437.887105928,0.113574467,0.195536684,39426.501705,8650.574201
8,9869,97416899,14937,6521,462,0.070848,335.022671742,2253.270807635,1853.988827696,0.148682826,0.180703717,137.490610965,760.998430593,438.156085390,0.180671346,0.313793681,40466.777557,9016.868174
8,9869,97416899,14937,6521,482,0.073915,254.588882567,2266.977581875,1864.524516365,0.112303220,0.136543596,24.605632682,768.979250586,438.595609882,0.031997785,0.056100955,41573.615555,9433.876836
8,9869,97416899,14937,6521,504,0.077289,310.309536758,2279.753171028,1873.587397336,0.136115410,0.165623198,76.313104090,771.702283473,438.831724111,0.098889307,0.173900609,42701.534986,9665.378490
8,9869,97416899,14937,6521,527,0.080816,104.549215795,2292.640261511,1883.170382660,0.045602102,0.055517661,46.478368787,773.351033930,439.102753583,0.060099963,0.105848502,43863.369365,9842.808261
8,9869,97416899,14937,6521,551,0.084496,-198.193564915,2310.342683387,1895.068242137,0.085785354,0.104583867,42.919652125,774.164862566,439.423829611,0.055439938,0.097672564,45256.739923,9955.735971
8,9869,97416899,14937,6521,576,0.088330,-259.817319902,2331.085816668,1910.282393755,0.111457638,0.136009901,71.317704980,778.231262924,439.721505996,0.091640761,0.162188349,46805.248245,10286.820489
8,9869,97416899,14937,6521,602,0.092317,-128.590619225,2346.563254418,1922.374580663,0.054799554,0.066891552,-35.977826906,782.260685077,439.972837220,0.045992119,0.081772837,48168.676487,10597.583390
8,9869,97416899,14937,6521,629,0.096458,49.084144914,2356.961679696,1929.895041952,0.020825177,0.025433583,-26.716900900,784.618133931,440.333096122,0.034050833,0.060674297,49312.486687,10792.457992
8,9869,97416899,14937,6521,657,0.100751,295.866270058,2367.105121705,1936.929658851,0.124990761,0.152750137,-121.891055822,787.183221676,440.525763433,0.154844581,0.276694500,50460.108625,10985.562956
8,9869,97416899,14937,6521,687,0.105352,397.947138696,2380.418985613,1947.837176699,0.167175250,0.204302055,-12.192955493,802.834201247,440.787578052,0.015187389,0.027661749,51826.839493,11673.339783
8,9869,97416899,14937,6521,718,0.110106,53.914404170,2391.474527569,1956.590269707,0.022544419,0.027555286,-40.761751724,805.675752903,440.974055938,0.050593246,0.092435714,53102.424859,11954.318702
8,9869,97416899,14937,6521,750,0.115013,58.186332702,2405.804448627,1965.292769734,0.024185811,0.029606954,-25.602026016,806.230981365,441.132312024,0.031755200,0.058037068,54583.516995,12081.251014
8,9869,97416899,14937,6521,784,0.120227,4.662893315,2420.298999137,1976.152901320,0.001926577,0.002359581,-41.063702715,807.062146669,441.302037480,0.050880472,0.093051242,56122.904229,12239.331356
8,9869,97416899,14937,6521,819,0.125594,-201.787673285,2437.192955633,1990.299174801,0.082795116,0.101385599,-50.726450331,807.277244843,441.520074613,0.062836467,0.114890473,57812.019151,12317.314840
8,9869,97416899,14937,6521,856,0.131268,-15.862924849,2456.274819611,2001.786005493,0.006458123,0.007924386,-64.374805633,807.612405147,441.670153860,0.079710026,0.145753126,59668.905392,12405.142944
8,9869,97416899,14937,6521,895,0.137249,-63.189021380,2472.556785747,2014.490916668,0.025556146,0.031367241,-63.189021380,808.094995543,442.046249375,0.078195041,0.142946629,61433.642395,12508.073933
8,9869,97416899,14937,6521,935,0.143383,-275.521927418,2487.075329748,2025.592804006,0.110781497,0.136020392,-64.174906816,808.820347802,442.292338145,0.079343833,0.145096131,63126.075488,12637.217988
8,9869,97416899,14937,6521,977,0.149824,-141.557512512,2499.558532056,2034.950012345,0.056633006,0.069563140,-66.140663379,809.849577758,442.459297003,0.081670307,0.149484176,64734.696531,12829.011628
8,9869,97416899,14937,6521,1022,0.156724,33.136678755,2510.711392645,2043.777551533,0.013198123,0.016213447,-69.530290937,810.140312232,442.651367652,0.085824998,0.157076869,66310.461873,12930.803062
8,9869,97416899,14937,6521,1068,0.163779,185.459752796,2524.396316524,2053.187013038,0.073466972,0.090327745,-123.052711767,814.921444783,442.911336494,0.150999477,0.277826964,68082.138296,13423.162755
8,9869,97416899,14937,6521,1116,0.171139,427.561418913,2542.280531181,2066.562409116,0.168180267,0.206894995,-94.562843568,825.789240081,443.112611736,0.114512080,0.213405895,70157.602754,14123.370130
8,9869,97416899,14937,6521,1166,0.178807,192.130695778,2557.438211171,2078.764101327,0.075126232,0.092425444,-2.710362775,832.585291382,443.254276388,0.003255358,0.006114691,72119.574822,14650.145400
8,9869,97416899,14937,6521,1219,0.186935,-33.591468415,2570.700561994,2088.694598330,0.013067048,0.016082518,-33.591468415,835.433164605,443.452529306,0.040208445,0.075749863,74010.291165,14999.923005
8,9869,97416899,14937,6521,1274,0.195369,-101.912629732,2587.622680538,2101.643929344,0.039384656,0.048491863,-23.727910070,835.752669064,443.617850932,0.028391067,0.053487275,76195.832256,15119.278643
8,9869,97416899,14937,6521,1331,0.204110,-76.735835293,2603.792335955,2113.763226543,0.029470797,0.036302947,-43.033356240,835.856519928,443.773985640,0.051484143,0.096971336,78380.828928,15186.990853
8,9869,97416899,14937,6521,1391,0.213311,-387.678885052,2622.373753129,2128.148917796,0.147835100,0.182167179,59.842611931,838.974085284,443.942962823,0.071328320,0.134797974,80781.461003,15572.988209
8,9869,97416899,14937,6521,1454,0.222972,-173.977419187,2640.693678880,2141.780107357,0.065883226,0.081230290,-58.219896574,844.474606583,444.073761198,0.068942152,0.131104113,83230.769841,16199.787037
8,9869,97416899,14937,6521,1520,0.233093,-55.298353829,2658.282123671,2155.249659757,0.020802289,0.025657517,-55.298353829,845.140218781,444.220845100,0.065430981,0.124483924,85704.331285,16382.214670
8,9869,97416899,14937,6521,1588,0.243521,167.420219057,2672.017761830,2165.439860949,0.062656851,0.077314647,-59.938093637,845.859853606,444.361129396,0.070860549,0.134885996,87926.505921,16569.489287
8,9869,97416899,14937,6521,1660,0.254562,207.496294113,2680.716382665,2172.251793339,0.077403300,0.095521290,-51.297069391,857.550913505,444.552510922,0.059818104,0.115390349,89743.274205,17483.398192
8,9869,97416899,14937,6521,1735,0.266063,114.098837513,2692.166608696,2180.288539202,0.042381789,0.052331990,-154.860215634,864.017787461,444.660054550,0.179232671,0.348266533,91870.685075,18199.657777
8,9869,97416899,14937,6521,1813,0.278025,55.139662595,2710.347641554,2193.760432474,0.020344129,0.025134769,-179.459014766,869.488824513,444.793607428,0.206395999,0.403465814,94633.768809,18868.632988
8,9869,97416899,14937,6521,1895,0.290600,-114.922203574,2727.384184411,2206.077809267,0.042136419,0.052093450,-228.574068808,870.186738198,444.907682250,0.262672434,0.513756174,97386.033111,19072.051476
8,9869,97416899,14937,6521,1981,0.303788,-370.030056441,2745.585433154,2219.616832624,0.134772734,0.166708979,-190.636505220,871.089833900,445.052461411,0.218848272,0.428346143,100305.535078,19355.064361
8,9869,97416899,14937,6521,2070,0.317436,-346.014670057,2767.644389173,2236.035712825,0.125021362,0.154744698,-151.138679892,873.018136230,445.188156714,0.173122039,0.339493937,103592.566704,19765.342917
8,9869,97416899,14937,6521,2163,0.331698,-58.497515659,2785.658303186,2250.137605955,0.020999530,0.025997306,-161.480729758,873.612514799,445.300353333,0.184842510,0.362633285,106633.025517,19949.289549
8,9869,97416899,14937,6521,2261,0.346726,-399.414558686,2798.548191275,2259.722933052,0.142722059,0.176753775,-245.123216519,878.035712045,445.437065784,0.279172263,0.550298202,109277.881647,20579.067712
8,9869,97416899,14937,6521,2363,0.362368,-166.005001457,2812.391634546,2270.450707615,0.059026275,0.073115440,-231.611292348,878.688633047,445.559393903,0.263587446,0.519821365,112050.390914,20820.105228
8,9869,97416899,14937,6521,2470,0.378776,71.729956811,2831.797158354,2285.193908679,0.025330189,0.031389002,-148.839620224,885.388920628,445.676191822,0.168106486,0.333963588,115459.819712,21707.559866
8,9869,97416899,14937,6521,2581,0.395798,-252.488193885,2848.904706614,2297.684698453,0.088626409,0.109888095,-160.230446037,886.104570437,445.798537667,0.180825663,0.359423445,118734.156671,21965.579928
8,9869,97416899,14937,6521,2698,0.413740,35.488156588,2864.109831892,2309.053867155,0.012390641,0.015369133,-106.984109183,888.338895673,445.884836073,0.120431639,0.239936640,121906.476126,22525.711830
8,9869,97416899,14937,6521,2819,0.432296,466.244475298,2878.250172358,2319.715087424,0.161988864,0.200992130,-7.875408128,902.603003772,445.993025771,0.008725218,0.017658142,125024.317860,23886.371792
8,9869,97416899,14937,6521,2946,0.451771,356.010214108,2892.743215856,2330.570646575,0.123070106,0.152756671,-101.052238713,922.908739474,446.099920226,0.109493208,0.226523777,128270.070717,25608.659621
8,9869,97416899,14937,6521,3079,0.472167,-69.068892176,2916.118224600,2348.352554799,0.023685217,0.029411637,-163.170187486,928.007694762,446.214035692,0.175828485,0.365676950,132502.671182,26357.440291
8,9869,97416899,14937,6521,3218,0.493483,-552.334748340,2939.338716848,2366.107642575,0.187911228,0.233436019,-170.732242616,930.533354454,446.315615651,0.183477832,0.382537013,136842.627596,26918.629995
8,9869,97416899,14937,6521,3364,0.515872,-607.883881298,2956.827947337,2379.356390456,0.205586491,0.255482484,-288.341334976,943.580143993,446.402249007,0.305582241,0.645922675,140702.987147,28336.899901
8,9869,97416899,14937,6521,3515,0.539028,-515.626251127,2975.256593105,2393.542802862,0.173304801,0.215423869,-180.384861425,952.068921733,446.500368563,0.189466180,0.403997117,144746.021134,29640.268824
8,9869,97416899,14937,6521,3674,0.563411,-118.888322676,2993.002259845,2406.799380008,0.039722096,0.049396856,-238.953570685,953.115783182,446.578694033,0.250707810,0.535076066,148824.954483,30059.464726
8,9869,97416899,14937,6521,3840,0.588867,-71.892935845,3011.391989367,2420.344092706,0.023873656,0.029703601,-249.357215624,955.035769856,446.651743316,0.261097253,0.558281075,153102.291745,30729.972080
8,9869,97416899,14937,6521,4013,0.615396,62.205103157,3026.872339344,2432.240569207,0.020550950,0.025575226,-121.860121571,958.899126331,446.721027000,0.127083359,0.272787969,157087.601189,31769.593300
8,9869,97416899,14937,6521,4194,0.643153,2.970013367,3039.288724126,2441.634149736,0.000977207,0.001216404,-171.798299762,967.053050952,446.806909810,0.177651370,0.384502334,160736.348532,33276.544297
8,9869,97416899,14937,6521,4383,0.672136,33.731490077,3054.425371068,2453.094800383,0.011043481,0.013750586,-182.546038514,971.907512480,446.886156025,0.187822438,0.408484434,164901.290037,34444.027365
8,9869,97416899,14937,6521,4581,0.702500,-234.688425524,3073.488938828,2467.549800338,0.076358962,0.095109904,-234.688425524,973.671110184,446.965950636,0.241034599,0.525070031,169688.351918,35121.761304
8,9869,97416899,14937,6521,4788,0.734243,-479.731686503,3096.144327593,2484.886577151,0.154944872,0.193059792,-205.052500111,974.299163601,447.041691125,0.210461538,0.458687644,175057.069237,35476.315860
8,9869,97416899,14937,6521,5004,0.767367,-217.485400420,3119.388335346,2502.544605516,0.069720528,0.086905704,-191.215070436,980.201162743,447.109791274,0.195077376,0.427669164,180632.744912,36834.118548
8,9869,97416899,14937,6521,5230,0.802024,-163.897299710,3145.061804449,2521.543400111,0.052112585,0.064998802,-163.897299710,980.455191828,447.180508955,0.167164498,0.366512619,186609.469942,37084.348431
8,9869,97416899,14937,6521,5466,0.838215,-349.546594604,3159.866338744,2532.657910038,0.110620690,0.138015716,-118.810545030,982.285077300,447.258334639,0.120953222,0.265641880,191273.375594,37701.926230
8,9869,97416899,14937,6521,5712,0.875939,-253.574723682,3178.758352206,2546.958273575,0.079771626,0.099559826,-151.402062436,985.384385926,447.328852592,0.153647718,0.338458075,196691.198045,38712.067964
8,9869,97416899,14937,6521,5970,0.915504,-106.478538550,3196.814456626,2560.675333041,0.033307701,0.041582210,-145.939171190,986.300114767,447.390233288,0.147966292,0.326201066,202126.810895,39270.318200
8,9869,97416899,14937,6521,6239,0.956755,26.353326332,3208.926489825,2570.033930926,0.008212505,0.010254077,-144.534135028,986.928206843,447.452172936,0.146448479,0.323015830,206682.096976,39644.759424
8,9869,97416899,14937,6521,6521,1.000000,51.284001944,3227.241066196,2583.919820783,0.015890973,0.019847366,-201.022653762,995.114310073,447.511558761,0.202009610,0.449201031,212422.566241,41390.538560
8,11558,133610480,14937,8944,1,0.000112,-747.002936717,747.002936717,747.002936717,1.000000000,1.000000000,-220.189725089,220.189725089,220.189725089,1.000000000,1.000000000,747.002937,220.189725
8,11558,133610480,14937,8944,2,0.000224,-220.189725089,914.081805644,914.081805644,0.240886235,0.240886235,-220.189725089,220.189725089,223.352849303,1.000000000,0.985837995,1273.816148,220.189725
8,11558,133610480,14937,8944,3,0.000335,344.079864593,1074.218654302,1074.218654302,0.320307102,0.320307102,75.330234116,368.531628661,370.430211484,0.204406429,0.203358775,1838.085738,515.709684
8,11558,133610480,14937,8944,4,0.000447,344.079864593,1107.326546747,1074.218654302,0.310730259,0.320307102,-18.868119373,380.379929969,382.219663780,0.049603352,0.049364596,2106.835369,609.908038
8,11558,133610480,14937,8944,5,0.000559,707.027848559,1165.291088182,1133.876958190,0.606739257,0.623549005,-63.500403531,382.989467104,382.870580716,0.165801958,0.165853442,2469.783352,654.540322
8,11558,133610480,14937,8944,6,0.000671,321.763722514,1227.327082327,1197.541399340,0.262166237,0.268686930,24.104363553,392.881059773,392.765167490,0.061352827,0.061370930,2855.047479,742.145089
8,11558,133610480,14937,8944,7,0.000783,619.423081476,1262.906513164,1233.979941940,0.490474216,0.501971759,-148.874745202,429.275318641,402.175235202,0.346804810,0.370173825,3152.706837,915.124198
8,11558,133610480,14937,8944,8,0.000894,619.423081476,1320.039108743,1233.979941940,0.469246007,0.501971759,149.325884420,522.686248816,428.924030204,0.285689330,0.348140635,3536.855751,1213.324827
8,11558,133610480,14937,8944,9,0.001006,619.423081476,1340.802406128,1233.979941940,0.461979393,0.501971759,25.911589656,537.058658671,433.340046297,0.048247224,0.059795050,3771.904349,1336.739122
8,11558,133610480,14937,8944,10,0.001118,322.667335566,1373.249818864,1269.161325380,0.234966232,0.254236659,89.343330139,540.791631365,437.957967647,0.165208418,0.203999782,4068.660095,1400.170863
8,11558,133610480,14937,8944,11,0.001230,555.991340992,1392.930420559,1290.430378342,0.399152271,0.430857294,19.616090171,545.268261086,439.343434484,0.035975118,0.044648648,4301.984101,1469.898103
8,11558,133610480,14937,8944,12,0.001342,555.991340992,1418.513221279,1290.430378342,0.391953584,0.430857294,-61.104211103,551.210707067,441.193376178,0.110854543,0.138497571,4570.171726,1550.618404
8,11558,133610480,14937,8944,13,0.001453,864.539117039,1451.682296181,1326.805295231,0.595542922,0.651594563,84.907145978,570.221500806,443.869809872,0.148902042,0.191288401,4878.719502,1696.629761
8,11558,133610480,14937,8944,14,0.001565,604.661793352,1474.760222007,1352.016462481,0.410006850,0.447229609,146.145090598,573.500345112,444.924633597,0.254829996,0.328471565,5138.596826,1757.867706
8,11558,133610480,14937,8944,15,0.001677,375.403441975,1492.473485221,1371.316122014,0.251531063,0.273754123,145.910492012,573.500393095,444.924695446,0.254420910,0.327944242,5367.855177,1758.102304
8,11558,133610480,14937,8944,16,0.001789,375.403441975,1510.014608595,1371.316122014,0.248609146,0.273754123,159.738535584,573.667077379,445.139528021,0.278451635,0.358850485,5597.348127,1771.930348
8,11558,133610480,14937,8944,17,0.001901,591.068348366,1525.337821606,1388.171192016,0.387499962,0.425789234,193.581669531,574.664487666,445.461040761,0.336860331,0.434564758,5813.013034,1805.773482
8,11558,133610480,14937,8944,18,0.002013,591.068348366,1538.230927066,1388.171192016,0.384252025,0.425789234,265.085008378,579.095847723,446.893410896,0.457756707,0.593172783,6011.756373,1877.276821
8,11558,133610480,14937,8944,19,0.002124,754.060018360,1546.842160490,1397.707245038,0.487483492,0.539497825,-42.173819353,655.560819504,458.479549228,0.064332428,0.091986261,6174.748043,2184.535648
8,11558,133610480,14937,8944,20,0.002236,754.060018360,1569.446977957,1397.707245038,0.480462245,0.539497825,128.092336953,677.311266739,461.979080518,0.189118863,0.277268695,6440.159322,2354.801805
8,11558,133610480,14937,8944,21,0.002348,545.404124558,1583.256485424,1413.195961235,0.344482483,0.385936657,95.509583889,678.094527223,462.266243398,0.140849955,0.206611634,6648.815216,2387.384558
8,11558,133610480,14937,8944,22,0.002460,320.456854223,1599.156769384,1430.987106609,0.200391144,0.223941119,79.822840834,678.275948090,462.532327187,0.117684905,0.172577864,6873.762486,2403.071301
8,11558,133610480,14937,8944,23,0.002572,561.090867613,1617.160196600,1451.078505003,0.346960597,0.386671614,161.779709443,683.209477444,464.344038156,0.236793714,0.348404838,7114.396500,2485.028169
8,11558,133610480,14937,8944,25,0.002795,561.090867613,1635.117129055,1451.078505003,0.343150260,0.386671614,261.878246228,695.433212953,468.858642528,0.376568506,0.558544138,7450.208511,2638.926220
8,11558,133610480,14937,8944,26,0.002907,411.484556921,1641.947037491,1458.770330066,0.250607692,0.282076313,248.946193433,695.553442711,469.036954475,0.357910950,0.530760297,7599.814822,2651.858273
8,11558,133610480,14937,8944,27,0.003019,411.484556921,1649.972361445,1458.770330066,0.249388757,0.282076313,213.772751925,696.442217743,470.353947204,0.306949732,0.454493373,7762.353185,2687.031715
8,11558,133610480,14937,8944,28,0.003131,411.484556921,1661.775782519,1458.770330066,0.247617375,0.282076313,213.790516032,696.442217970,470.353947539,0.306975239,0.454531140,7960.064990,2687.049479
8,11558,133610480,14937,8944,29,0.003242,609.178597809,1673.493855731,1472.105230506,0.364016035,0.413814573,242.528377032,697.034882646,470.573375925,0.347942955,0.515389075,8157.759031,2715.787340
8,11558,133610480,14937,8944,31,0.003466,1000.488125074,1696.304011353,1497.985121236,0.589804727,0.667889227,275.881919287,709.119455993,471.982400300,0.389048583,0.584517387,8549.068558,2897.096721
8,11558,133610480,14937,8944,32,0.003578,1000.488125074,1705.949349636,1497.985121236,0.586470006,0.667889227,411.676633844,722.004575726,473.201752928,0.570185630,0.869981211,8730.220110,3032.891436
8,11558,133610480,14937,8944,34,0.003801,703.901510458,1718.792416670,1512.594992562,0.409532590,0.465360201,370.112014959,722.883084870,473.530664786,0.511994294,0.781600945,9026.806724,3074.456054
8,11558,133610480,14937,8944,35,0.003913,537.006762709,1726.876147391,1521.774447266,0.310970050,0.352881969,353.581242311,723.072071675,473.819118375,0.488998616,0.746236757,9193.701472,3090.986827
8,11558,133610480,14937,8944,37,0.004137,732.355142170,1747.543172377,1534.261534976,0.419076995,0.477333965,387.758924526,724.638278944,474.529268309,0.535106874,0.817144380,9572.475372,3149.010227
8,11558,133610480,14937,8944,39,0.004360,441.245821248,1760.031216128,1548.470600345,0.250703406,0.284955892,441.245821248,726.609581158,477.643396392,0.607266726,0.923797596,9863.584693,3202.497124
8,11558,133610480,14937,8944,41,0.004584,551.289569212,1768.181887376,1552.375865117,0.311783292,0.355126346,379.204264690,729.253480054,482.029760834,0.519989654,0.786682266,10102.654324,3264.538681
8,11558,133610480,14937,8944,42,0.004696,723.374873734,1776.536106832,1561.884816058,0.407182759,0.463142267,371.019978786,729.299404022,482.047130438,0.508734789,0.769675734,10274.739629,3272.722967
8,11558,133610480,14937,8944,44,0.004919,899.552321209,1794.066207385,1571.789639751,0.501404194,0.572310886,424.510199154,731.604539215,482.435085416,0.580245442,0.879932269,10628.553009,3334.964099
8,11558,133610480,14937,8944,47,0.005255,857.902722220,1810.282229032,1582.370681301,0.473905510,0.542162928,346.717937282,761.343739245,488.508505298,0.455402625,0.709748005,11041.878644,3639.555420
8,11558,133610480,14937,8944,49,0.005479,857.902722220,1823.865501678,1582.370681301,0.470376089,0.542162928,384.171422015,767.282322927,489.539796535,0.500691089,0.784760350,11354.854034,3768.988739
8,11558,133610480,14937,8944,51,0.005702,694.004747164,1838.010777829,1590.836106979,0.377584699,0.436251569,342.773084907,767.850279401,489.716623362,0.446406147,0.699941698,11676.662442,3810.387076
8,11558,133610480,14937,8944,53,0.005926,876.773950188,1855.405379191,1601.300752776,0.472551152,0.547538586,361.874693264,768.709862359,489.895453170,0.470755887,0.738677387,12035.047476,3858.102172
8,11558,133610480,14937,8944,56,0.006261,720.921062293,1877.423939152,1608.867372877,0.383994817,0.448092288,427.794417716,771.856776906,490.813910386,0.554240671,0.871602065,12531.185421,3975.218230
8,11558,133610480,14937,8944,59,0.006597,581.685868072,1890.418827107,1624.012597884,0.307702113,0.358178175,442.659960146,772.778870470,492.317270343,0.572815817,0.899135551,12912.077728,4026.478476
8,11558,133610480,14937,8944,61,0.006820,688.644666910,1898.539367410,1627.530983648,0.362723407,0.423122308,461.013082676,773.565482398,493.408160167,0.595958704,0.934344261,13158.062434,4072.259572
8,11558,133610480,14937,8944,64,0.007156,574.828874793,1909.688469229,1631.505788304,0.301006622,0.352330270,461.264150291,773.651824164,493.543515807,0.596216716,0.934596718,13514.775906,4090.824350
8,11558,133610480,14937,8944,67,0.007491,695.191404595,1920.389105534,1644.018066938,0.362005493,0.422861171,476.574270342,776.430272136,495.980438014,0.613801764,0.960873119,13862.267885,4182.362567
8,11558,133610480,14937,8944,70,0.007826,711.400321382,1930.789258989,1652.543460107,0.368450528,0.430488116,478.377812659,776.851541944,496.343861968,0.615790517,0.963803221,14208.106022,4219.990980
8,11558,133610480,14937,8944,74,0.008274,806.909072341,1950.162958556,1669.718899464,0.413764947,0.483260429,345.690351039,783.377147140,497.137222753,0.441282149,0.695362035,14753.416994,4375.737055
8,11558,133610480,14937,8944,77,0.008609,655.006426223,1966.765014342,1676.614331659,0.333037461,0.390672091,403.627073585,788.631520790,498.442494629,0.511806925,0.809776610,15194.406125,4533.008189
8,11558,133610480,14937,8944,81,0.009056,918.098658237,1984.608523352,1686.924116304,0.462609450,0.544244195,433.035675112,803.045063461,499.938794154,0.539242061,0.866177380,15724.168351,4819.479752
8,11558,133610480,14937,8944,84,0.009392,928.007839808,1996.592158928,1696.356453353,0.464795895,0.547059457,473.027337627,805.312698656,500.209660931,0.587383433,0.945658140,16102.295202,4918.926504
8,11558,133610480,14937,8944,88,0.009839,596.120926520,2007.222980837,1707.150680218,0.296987894,0.349190574,497.814373694,806.636921986,501.948736678,0.617148013,0.991763376,16510.507849,5003.016385
8,11558,133610480,14937,8944,92,0.010286,587.887737349,2017.966105532,1713.294586439,0.291326864,0.343132898,477.773684234,806.975740550,502.139954322,0.592054581,0.951475142,16925.413946,5040.600833
8,11558,133610480,14937,8944,97,0.010845,345.062651564,2036.600279387,1731.258081228,0.169430720,0.199313237,467.719038852,807.518646672,503.678847737,0.579205249,0.928605680,17537.800468,5088.078646
8,11558,133610480,14937,8944,101,0.011292,446.792469149,2050.414221240,1734.244359830,0.217903517,0.257629478,446.792469149,807.801662123,504.204372788,0.553096744,0.886133666,18011.382604,5118.352700
8,11558,133610480,14937,8944,106,0.011852,638.395573081,2062.756095541,1745.744843341,0.309486698,0.365686644,421.813642912,811.410912916,505.169166631,0.519852070,0.834994831,18513.000896,5244.413768
8,11558,133610480,14937,8944,111,0.012411,847.984465479,2074.781820565,1755.678381431,0.408710187,0.482995334,589.274442338,820.599555873,506.499424286,0.718102317,1.163425690,19006.138839,5496.372199
8,11558,133610480,14937,8944,116,0.012970,913.414805592,2085.536856055,1763.444455786,0.437975864,0.517971974,356.300954442,831.916959966,507.224918879,0.428289086,0.702451597,19470.165857,5765.397326
8,11558,133610480,14937,8944,122,0.013640,575.319831588,2103.300680297,1774.228105073,0.273531900,0.324264862,318.081293612,838.061633027,508.403102687,0.379544035,0.625647821,20136.149280,5942.979306
8,11558,133610480,14937,8944,127,0.014199,561.820474729,2122.457897067,1782.605082276,0.264702765,0.315168222,337.528047176,838.224621203,508.645653687,0.402670166,0.663581896,20771.321112,5975.800094
8,11558,133610480,14937,8944,133,0.014870,538.531202050,2137.823655626,1794.238635608,0.251906279,0.300144692,278.400727289,840.106323005,509.241400879,0.331387492,0.546696963,21396.023332,6101.797727
8,11558,133610480,14937,8944,139,0.015541,709.821448530,2155.818557260,1807.371399998,0.329258437,0.392736904,332.158993259,842.175071615,510.264025564,0.394406109,0.650955146,22071.566221,6218.698022
8,11558,133610480,14937,8944,146,0.016324,277.322230661,2167.751101010,1817.710668796,0.127930845,0.152566762,348.272046125,842.852489337,510.899272371,0.413206404,0.681684365,22670.565573,6298.531883
8,11558,133610480,14937,8944,153,0.017106,430.978041267,2178.119389569,1820.956286576,0.197867042,0.236676764,350.328305074,843.118559498,511.474858660,0.415514878,0.684937488,23230.911704,6336.356278
8,11558,133610480,14937,8944,160,0.017889,340.023861360,2190.237236017,1831.441135505,0.155245220,0.185659181,340.023861360,843.527357357,511.789768134,0.403097610,0.664381905,23837.630285,6379.482792
8,11558,133610480,14937,8944,167,0.018672,443.054752310,2201.910950322,1841.571789635,0.201213747,0.240585110,357.660588451,843.626530279,511.961143469,0.423956070,0.698608855,24435.572221,6397.119519
8,11558,133610480,14937,8944,175,0.019566,714.588581710,2218.065007365,1848.233028062,0.322167556,0.386633379,262.069990312,846.672999574,512.496017846,0.309529169,0.511360052,25189.579959,6546.436211
8,11558,133610480,14937,8944,184,0.020572,689.105629476,2237.032660453,1863.723151103,0.308044510,0.369746778,323.086486518,852.467863254,513.432759641,0.379001368,0.629267378,26052.868250,6796.143571
8,11558,133610480,14937,8944,192,0.021467,798.571646053,2251.545837275,1875.553391573,0.354677055,0.425779212,318.929354653,857.701070689,514.055650151,0.371842085,0.620417954,26773.004659,7051.754963
8,11558,133610480,14937,8944,201,0.022473,1015.661455989,2269.700837032,1890.397876727,0.447486928,0.537273909,361.550716588,872.298314538,514.643814298,0.414480586,0.702526109,27630.820611,7416.105578
8,11558,133610480,14937,8944,211,0.023591,528.823839364,2289.703943818,1906.662906633,0.230957299,0.277355707,362.242398963,879.370587038,515.409585871,0.411933722,0.702824334,28582.396866,7693.893890
8,11558,133610480,14937,8944,220,0.024597,135.919370361,2298.461960428,1913.428011447,0.059134923,0.071034483,425.203907731,880.442176680,515.908928053,0.482943592,0.824184046,29180.004420,7791.373825
8,11558,133610480,14937,8944,231,0.025827,439.539396308,2311.551631555,1925.000270953,0.190149071,0.228332122,439.539396308,883.236636821,516.324911973,0.497646246,0.851284503,29992.174101,7933.200823
8,11558,133610480,14937,8944,241,0.026945,585.082669251,2327.404759631,1936.438105810,0.251388448,0.302143749,436.924748161,883.486181689,516.856945990,0.494546216,0.845349475,30848.318752,7977.874848
8,11558,133610480,14937,8944,253,0.028287,527.985520270,2340.150480933,1942.364451500,0.225620329,0.271826186,464.344068589,883.800924811,517.028817199,0.525394414,0.898100944,31689.019687,8053.390480
8,11558,133610480,14937,8944,265,0.029629,508.709250753,2353.325708525,1952.972148750,0.216166104,0.260479521,440.604805274,884.993730613,517.413047517,0.497862064,0.851553333,32547.427712,8142.310903
8,11558,133610480,14937,8944,277,0.030970,730.409853988,2367.982644874,1963.180791887,0.308452368,0.372054299,459.908943053,888.911965798,518.206878581,0.517384129,0.887500653,33454.288709,8346.454701
8,11558,133610480,14937,8944,290,0.032424,1093.606558375,2387.973975147,1977.816622597,0.457964186,0.552936276,448.697401679,912.638773877,519.037817269,0.491648410,0.864479209,34556.674911,8919.774595
8,11558,133610480,14937,8944,303,0.033877,686.682531577,2401.088269570,1987.700962872,0.285988041,0.345465714,536.494289772,926.789744070,519.823052503,0.578873788,1.032070985,35453.772996,9393.349443
8,11558,133610480,14937,8944,318,0.035555,949.310380330,2419.096741820,2001.069325145,0.392423488,0.474401545,541.374498092,929.174853052,520.422267046,0.582640066,1.040260059,36586.935483,9595.107217
8,11558,133610480,14937,8944,333,0.037232,511.792217468,2440.518380412,2017.130748719,0.209706356,0.253722877,511.792217468,931.456977962,520.981514503,0.549453415,0.982361568,37833.626245,9761.930115
8,11558,133610480,14937,8944,348,0.038909,394.456366996,2455.685123440,2026.283091377,0.160629864,0.194669920,554.171715491,932.612687483,521.372635386,0.594214214,1.062909094,38881.905121,9901.055516
8,11558,133610480,14937,8944,364,0.040698,573.391233544,2471.356372617,2036.575757139,0.232014792,0.281546724,573.391233544,932.788233686,521.911590591,0.614706761,1.098636711,39984.700837,9943.273536
8,11558,133610480,14937,8944,381,0.042598,694.807452156,2480.768790684,2043.728359670,0.280077472,0.339970549,588.384128591,934.063839454,522.453686520,0.629918538,1.126193850,40866.287815,10092.553911
8,11558,133610480,14937,8944,399,0.044611,539.897193886,2491.190022183,2052.840303550,0.216722606,0.263000095,591.917790979,934.467691108,522.712551691,0.633427776,1.132396360,41830.384912,10172.020891
8,11558,133610480,14937,8944,418,0.046735,538.821257686,2502.431501514,2061.255200708,0.215319084,0.261404438,604.782899630,934.679351740,523.059814695,0.647048529,1.156240420,42860.113443,10224.473724
8,11558,133610480,14937,8944,437,0.048860,979.000327954,2524.099701970,2077.712900292,0.387861195,0.471191341,621.546203363,935.034468607,523.263174798,0.664730793,1.187827146,44295.478320,10295.141424
8,11558,133610480,14937,8944,458,0.051208,976.126849172,2549.771171661,2098.373206536,0.382829197,0.465182669,659.583882687,942.969567215,523.599242628,0.699475259,1.259711300,45943.183510,10728.405604
8,11558,133610480,14937,8944,479,0.053555,1045.580631494,2564.464357482,2109.082984369,0.407718917,0.495751300,695.728075854,952.526599356,524.106233724,0.730402780,1.327456212,47192.202351,11251.184383
8,11558,133610480,14937,8944,502,0.056127,907.455784355,2578.200801646,2119.081821089,0.351972501,0.428230649,650.813223518,960.184396998,524.576052051,0.677800249,1.240646082,48462.347092,11614.305505
8,11558,133610480,14937,8944,525,0.058699,835.589554109,2595.382307982,2131.050583381,0.321952397,0.392102168,677.941603835,961.401130844,524.733174891,0.705159982,1.291973971,49886.094397,11790.919442
8,11558,133610480,14937,8944,550,0.061494,489.997532482,2610.796712180,2141.444348847,0.187681228,0.228816375,666.296375020,962.738295276,525.382047272,0.692084628,1.268213062,51296.962792,11951.114447
8,11558,133610480,14937,8944,576,0.064401,353.756910618,2628.026263896,2155.019024296,0.134609351,0.164154890,547.928381875,966.297254513,525.623446545,0.567039158,1.042435199,52816.080690,12266.356923
8,11558,133610480,14937,8944,603,0.067419,512.061640586,2641.136694251,2164.932837700,0.193879265,0.236525416,616.720778151,971.355507877,525.887128702,0.634907378,1.172724610,54173.532326,12639.052493
8,11558,133610480,14937,8944,631,0.070550,810.517378722,2656.634095131,2176.568816693,0.305091838,0.372383070,689.059682235,972.874218978,526.184788133,0.708272117,1.309539344,55680.751000,12837.842944
8,11558,133610480,14937,8944,660,0.073792,1247.628420736,2672.853483041,2188.371095433,0.466777707,0.570117392,760.837500103,980.187172312,526.527023571,0.776216545,1.445011302,57251.413938,13285.722028
8,11558,133610480,14937,8944,691,0.077258,1218.126338216,2687.884563644,2200.771459449,0.453191463,0.553499698,821.259901084,995.706535153,526.793869381,0.824801156,1.558977712,58829.001471,14073.210292
8,11558,133610480,14937,8944,723,0.080836,813.163040159,2702.902812195,2212.365309417,0.300848050,0.367553693,754.545955440,1000.479982222,527.116266965,0.754183961,1.431460197,60434.447273,14479.467293
8,11558,133610480,14937,8944,757,0.084638,889.216435776,2723.913446428,2225.628436579,0.326448124,0.399534990,698.028976870,1001.911427060,527.514587223,0.696697291,1.323241089,62395.847797,14708.641166
8,11558,133610480,14937,8944,793,0.088663,722.126796157,2749.279859927,2245.753594994,0.262660345,0.321552105,722.126796157,1002.998101188,527.783720935,0.719968258,1.368224838,64627.199043,14880.412973
8,11558,133610480,14937,8944,830,0.092800,888.344719115,2766.933011940,2259.720467289,0.321057545,0.393121509,716.329224467,1003.312487389,528.028962713,0.713964227,1.356609722,66514.847637,14984.325188
8,11558,133610480,14937,8944,869,0.097160,722.852156425,2779.028969778,2267.078834888,0.260109615,0.318847384,722.852156425,1003.884376979,528.361723634,0.720055191,1.368100913,68123.542351,15138.382785
8,11558,133610480,14937,8944,909,0.101632,765.263868123,2792.902836815,2277.932884162,0.274003040,0.335946627,714.975436101,1003.953210313,528.523062359,0.712160117,1.352780015,69866.245940,15185.440212
8,11558,133610480,14937,8944,952,0.106440,548.085647365,2807.702690606,2288.792400831,0.195207865,0.239464989,678.135178931,1004.552114443,528.654870732,0.675062218,1.282755946,71739.029260,15328.628509
8,11558,133610480,14937,8944,996,0.111360,577.079438290,2822.556790337,2299.960991195,0.204452729,0.250908359,673.653452470,1005.028369449,528.815492364,0.670283022,1.273891295,73647.713795,15496.206043
8,11558,133610480,14937,8944,1043,0.116614,858.779286738,2839.425938715,2312.876265003,0.302448208,0.371303601,627.428609297,1006.325917660,528.967851658,0.623484498,1.186137508,75762.974202,15709.770105
8,11558,133610480,14937,8944,1092,0.122093,1083.998145704,2857.088665582,2324.644129602,0.379406547,0.466307136,640.174079004,1009.615419493,529.137624702,0.634077161,1.209844186,77980.286377,16189.220906
8,11558,133610480,14937,8944,1143,0.127795,933.274971868,2879.844745718,2342.759090499,0.324071280,0.398365746,567.163068574,1023.905806139,529.336653421,0.553921137,1.071460034,80555.954232,17155.757896
8,11558,133610480,14937,8944,1196,0.133721,882.308700206,2901.480531600,2359.268238488,0.304089133,0.373975577,592.666176871,1029.438663179,529.632764734,0.575717814,1.119013430,83125.403512,17762.931635
8,11558,133610480,14937,8944,1252,0.139982,743.189032608,2920.169208733,2372.947051087,0.254502044,0.313192421,613.608492998,1030.043002167,529.870329683,0.595711530,1.158035200,85585.911454,17961.776685
8,11558,133610480,14937,8944,1311,0.146579,753.076754334,2935.772459669,2385.799226429,0.256517412,0.315649677,604.291477353,1030.162691887,530.045629199,0.586598100,1.140074447,87893.462123,18036.230830
8,11558,133610480,14937,8944,1372,0.153399,342.543921422,2951.259445619,2397.318621849,0.116067031,0.142886272,587.619086516,1031.856425813,530.188417287,0.569477567,1.108321245,90247.243828,18315.569003
8,11558,133610480,14937,8944,1436,0.160555,391.929055362,2963.673593957,2406.598034219,0.132244339,0.162856052,601.488423143,1037.942256829,530.340891628,0.579500853,1.134154339,92408.314198,19024.522083
8,11558,133610480,14937,8944,1504,0.168157,701.658374242,2984.455817233,2421.768913152,0.235104293,0.289729697,648.686616986,1039.159569577,530.522287665,0.624241585,1.222732074,95298.202506,19292.207534
8,11558,133610480,14937,8944,1574,0.175984,793.349533214,3004.694257010,2437.705471024,0.264036692,0.325449298,682.211213890,1039.585030281,530.685128914,0.656234165,1.285529171,98198.656292,19457.873709
8,11558,133610480,14937,8944,1647,0.184146,1087.381883799,3019.444287581,2449.053472485,0.360126494,0.444000875,676.488802228,1049.046654067,530.851830205,0.644860550,1.274345804,100739.140260,20349.182967
8,11558,133610480,14937,8944,1725,0.192867,980.577884064,3039.398278328,2462.527210028,0.322622373,0.398199817,607.771679570,1060.477297913,531.038186099,0.573111448,1.144497129,103802.622141,21468.841707
8,11558,133610480,14937,8944,1805,0.201811,923.094961720,3059.133769608,2477.875503766,0.301750440,0.372534843,641.702368025,1065.856470544,531.182757484,0.602053265,1.208063249,106901.210393,22226.100326
8,11558,133610480,14937,8944,1890,0.211315,958.536377255,3080.076268730,2492.549154523,0.311205403,0.384560672,650.988667773,1066.645031462,531.317424077,0.610314255,1.225234932,110195.637752,22485.197481
8,11558,133610480,14937,8944,1978,0.221154,488.316072412,3103.547101559,2510.369909840,0.157341280,0.194519569,663.585984420,1067.554858999,531.469831576,0.621594271,1.248586364,113743.473407,22792.261863
8,11558,133610480,14937,8944,2071,0.231552,476.900899220,3125.268391626,2526.717101999,0.152595182,0.188743290,698.445365573,1068.708993737,531.577099594,0.653541207,1.313911691,117284.727178,23142.718047
8,11558,133610480,14937,8944,2168,0.242397,734.481164687,3142.146863868,2539.647651778,0.233751380,0.289205931,670.374708406,1069.172249890,531.711568217,0.627003468,1.260786390,120474.645043,23347.007672
8,11558,133610480,14937,8944,2269,0.253690,471.442738521,3153.058989245,2547.837825080,0.149519162,0.185036400,645.461214732,1074.033404851,531.870521306,0.600969404,1.213568319,123080.193085,24113.743380
8,11558,133610480,14937,8944,2375,0.265541,658.526974225,3166.445984273,2557.748796458,0.207970380,0.257463507,587.707521092,1074.491086016,531.977827638,0.546963608,1.104759429,126046.975351,24343.829383
8,11558,133610480,14937,8944,2486,0.277952,818.014200352,3188.431958109,2575.012455663,0.256556894,0.317673881,583.918636803,1081.126601383,532.096888668,0.540101997,1.097391564,129978.179635,25243.629558
8,11558,133610480,14937,8944,2603,0.291033,379.426123166,3209.245116266,2590.151918733,0.118229088,0.146487980,603.453834242,1081.759770924,532.214767734,0.557844588,1.133853983,133919.399875,25499.403199
8,11558,133610480,14937,8944,2724,0.304562,910.028896468,3230.933965413,2606.663100075,0.281661249,0.349116423,541.412488478,1085.062280753,532.325283497,0.498969044,1.017070775,138021.617371,26215.507861
8,11558,133610480,14937,8944,2852,0.318873,1409.907713916,3257.690561594,2626.446173985,0.432793627,0.536811958,648.362916899,1102.430175900,532.419655289,0.588121526,1.217766682,142730.746296,28031.224823
8,11558,133610480,14937,8944,2985,0.333743,999.048896411,3278.186090717,2641.909473226,0.304756615,0.378154099,698.164027063,1119.139036467,532.527223781,0.623840295,1.311039128,146932.615162,29825.656615
8,11558,133610480,14937,8944,3125,0.349396,623.178012205,3292.668863112,2653.057216591,0.189262279,0.234890529,706.449130957,1120.664586897,532.638338612,0.630384095,1.326320469,150548.870701,30366.351614
8,11558,133610480,14937,8944,3271,0.365720,251.596247892,3312.821948149,2668.205058375,0.075946203,0.094294195,856.671431114,1127.983254285,532.753763175,0.759471763,1.608006344,154914.385162,31544.095988
8,11558,133610480,14937,8944,3424,0.382826,307.796798212,3334.683499565,2685.229479121,0.092301653,0.114625882,779.233985636,1141.757501879,532.849716771,0.682486416,1.462389790,159612.242128,33253.362150
8,11558,133610480,14937,8944,3584,0.400716,649.730952019,3354.021768271,2699.542620945,0.193716975,0.240681865,731.895791086,1146.863699973,532.954088219,0.638171555,1.373281127,164132.628544,34192.292423
8,11558,133610480,14937,8944,3752,0.419499,913.252358288,3374.050274976,2714.456707288,0.270669458,0.336440200,748.865534374,1148.612166532,533.044006809,0.651974231,1.404885009,168874.247890,34715.011218
8,11558,133610480,14937,8944,3927,0.439065,1063.684845590,3389.941506284,2726.658475448,0.313776755,0.390105639,740.999880098,1151.743347026,533.144040338,0.643372399,1.389868073,173202.327108,35579.401805
8,11558,133610480,14937,8944,4111,0.459638,1147.052920676,3409.753149728,2741.879359008,0.336403508,0.418345511,656.787775868,1161.746231391,533.257965879,0.565345304,1.231651129,178154.521416,37263.267680
8,11558,133610480,14937,8944,4303,0.481105,984.761900898,3439.120997694,2764.068958582,0.286341161,0.356272552,590.454479452,1171.086550099,533.365600722,0.504193716,1.107035172,184348.185793,38912.614658
8,11558,133610480,14937,8944,4505,0.503690,766.425242571,3466.441940406,2784.623010017,0.221098537,0.275234831,666.506112002,1173.448346670,533.450157194,0.567989306,1.249425280,190505.298738,39819.211616
8,11558,133610480,14937,8944,4716,0.527281,557.862085445,3486.191837675,2799.657782286,0.160020478,0.199260813,641.630553868,1173.983435858,533.526017259,0.546541403,1.202622802,195860.842735,40199.803341
8,11558,133610480,14937,8944,4936,0.551878,183.786523033,3509.204065289,2817.349253888,0.052372709,0.065233844,544.530634593,1179.598425246,533.599719445,0.461623738,1.020485234,201785.794250,41593.978072
8,11558,133610480,14937,8944,5167,0.577706,640.662247916,3529.781508142,2832.619796137,0.181501956,0.226173046,563.491871148,1180.737344446,533.675289119,0.477237274,1.055870269,207559.092065,42137.645063
8,11558,133610480,14937,8944,5409,0.604763,315.003060958,3552.291908111,2849.699973020,0.088676007,0.110539027,540.924621295,1181.470794681,533.750866290,0.457840028,1.013440269,213763.825478,42582.652636
8,11558,133610480,14937,8944,5662,0.633050,310.650981886,3565.598331517,2859.640191387,0.087124503,0.108632891,543.595976913,1184.828932623,533.822678641,0.458797014,1.018308136,218615.436343,43787.860955
8,11558,133610480,14937,8944,5927,0.662679,677.505957086,3583.827903745,2873.527869786,0.189045338,0.235774973,531.841199833,1186.548293636,533.899126420,0.448225498,0.996145477,224471.430879,44623.862189
8,11558,133610480,14937,8944,6204,0.693649,690.904941377,3603.901067840,2888.996135035,0.191710296,0.239150525,567.503402012,1186.915719504,533.968212952,0.478132855,1.062803718,230779.085296,45006.473752
8,11558,133610480,14937,8944,6494,0.726073,993.960312774,3632.555162516,2910.602843393,0.273625662,0.341496372,583.542144428,1195.299506169,534.035327012,0.488197428,1.092703263,238525.900104,47057.543391
8,11558,133610480,14937,8944,6798,0.760063,1016.347896657,3659.975159473,2931.542334219,0.277692567,0.346693918,552.305990625,1202.914122892,534.103703602,0.459140000,1.034080061,246304.689322,49121.821150
8,11558,133610480,14937,8944,7116,0.795617,937.667820634,3691.939769811,2955.366937982,0.253977009,0.317276277,661.044845038,1214.432614112,534.168550897,0.544324022,1.237521086,254908.221410,51608.707697
8,11558,133610480,14937,8944,7449,0.832849,333.113729258,3709.212862932,2968.522537381,0.089807121,0.112215328,704.033284288,1216.291064769,534.232709496,0.578836189,1.317840094,261403.772037,52468.561237
8,11558,133610480,14937,8944,7798,0.871869,780.681132044,3732.539488266,2986.374658311,0.209155492,0.261414331,715.752821546,1218.651519708,534.294670125,0.587331825,1.339621863,269173.339882,53352.457885
8,11558,133610480,14937,8944,8162,0.912567,275.851004415,3754.515812912,3003.071604846,0.073471792,0.091856286,714.929048324,1220.389358222,534.352288386,0.585820454,1.337935785,276894.145600,54121.881148
8,11558,133610480,14937,8944,8544,0.955277,166.993932722,3769.336387379,3014.305272375,0.044303271,0.055400471,715.133609856,1231.791678876,534.408665428,0.580563761,1.338177421,283399.025072,56649.454080
8,11558,133610480,14937,8944,8944,1.000000,606.805951720,3791.385538445,3031.429030019,0.160048601,0.200171584,732.959279573,1240.527317855,534.463391994,0.590844933,1.371392860,291530.072437,58614.205078
8,13246,175483008,14937,11747,1,0.000085,-613.436487662,613.436487662,613.436487662,1.000000000,1.000000000,136.620911010,136.620911010,136.620911010,1.000000000,1.000000000,613.436488,136.620911
8,13246,175483008,14937,11747,2,0.000170,136.620911010,968.963583266,968.963583266,0.140996951,0.140996951,136.620911010,136.620911010,225.259968199,1.000000000,0.606503286,1363.493886,136.620911
8,13246,175483008,14937,11747,3,0.000255,707.578393579,1124.670117233,1124.670117233,0.629143055,0.629143055,175.155813921,141.951442640,228.532255963,1.233913588,0.766438038,1934.451369,175.155814
8,13246,175483008,14937,11747,4,0.000341,707.578393579,1244.329809949,1124.670117233,0.568642162,0.629143055,112.814006928,155.037779159,236.882867499,0.727654947,0.476243842,2466.873949,237.497621
8,13246,175483008,14937,11747,5,0.000426,1302.342780229,1379.166904894,1272.252941920,0.944296717,1.023650830,312.230928442,252.594183529,257.012198273,1.236097063,1.214848675,3061.638335,436.914542
8,13246,175483008,14937,11747,6,0.000511,807.286854335,1465.326489666,1365.176881575,0.550926268,0.591342313,443.909659237,284.856296571,288.781159712,1.558363514,1.537183588,3556.694261,568.593273
8,13246,175483008,14937,11747,7,0.000596,1170.664049434,1509.710140138,1412.710481275,0.775423055,0.828665225,612.781641799,331.150805813,300.872057241,1.850460971,2.036685119,3920.071456,737.465256
8,13246,175483008,14937,11747,8,0.000681,1170.664049434,1535.263137844,1412.710481275,0.762516875,0.828665225,556.283819528,335.935797605,302.195294154,1.655923017,1.840809008,4199.012660,793.963078
8,13246,175483008,14937,11747,9,0.000766,1170.664049434,1565.694308972,1412.710481275,0.747696433,0.828665225,750.013895304,387.794020548,317.340245436,1.934052243,2.363437686,4506.202775,987.693154
8,13246,175483008,14937,11747,10,0.000851,960.338972369,1579.757990070,1428.281324511,0.607902589,0.672373822,643.734470510,402.093917521,334.664230996,1.600955504,1.923523373,4716.527852,1093.972579
8,13246,175483008,14937,11747,11,0.000936,1276.943474228,1611.171535804,1462.951110784,0.792555880,0.872854510,693.555631801,405.168689091,335.590054287,1.711770061,2.066675168,5033.132354,1143.793740
8,13246,175483008,14937,11747,12,0.001022,1276.943474228,1637.363448187,1462.951110784,0.779877843,0.872854510,608.860337650,413.926272989,338.251397261,1.470939096,1.800023127,5324.826275,1228.489034
8,13246,175483008,14937,11747,13,0.001107,1610.985042518,1671.090311983,1500.603119379,0.964032303,1.073558372,967.857416202,547.917751017,358.795047060,1.766428290,2.697521675,5658.867843,1587.486113
8,13246,175483008,14937,11747,14,0.001192,1396.609167079,1684.784807260,1515.838625270,0.828954037,0.921344227,925.458144654,549.555784345,359.420798441,1.684011289,2.574859743,5873.243719,1629.885384
8,13246,175483008,14937,11747,15,0.001277,1161.033655867,1701.174790625,1534.034732118,0.682489338,0.756849654,920.316442491,549.579836974,359.457573926,1.674581891,2.560292255,6108.819230,1635.027086
8,13246,175483008,14937,11747,16,0.001362,1161.033655867,1718.121196270,1534.034732118,0.675757716,0.756849654,812.091131617,560.134550909,375.396410967,1.449814389,2.163289546,6349.536443,1743.252397
8,13246,175483008,14937,11747,17,0.001447,1509.976180116,1753.197459017,1573.220723412,0.861269889,0.959799320,1069.898752958,616.616156733,396.911397886,1.735113070,2.695560668,6698.478968,2001.060019
8,13246,175483008,14937,11747,18,0.001532,1509.976180116,1766.951715745,1573.220723412,0.854565615,0.959799320,1067.532607236,616.620696530,396.913161074,1.731263017,2.689587325,6918.517681,2003.426164
8,13246,175483008,14937,11747,19,0.001617,1731.197966557,1780.746316737,1588.698373943,0.972175514,1.089695813,1252.242622282,643.691597776,401.660208324,1.945407749,3.117666616,7139.739468,2188.136179
8,13246,175483008,14937,11747,20,0.001703,1731.197966557,1787.888736998,1588.698373943,0.968291779,1.089695813,1047.965416302,675.328105391,407.391087483,1.551787062,2.572381794,7299.391249,2392.413385
8,13246,175483008,14937,11747,21,0.001788,1503.453783138,1802.335581673,1604.939231388,0.834169729,0.936766797,1083.352976600,676.254633518,407.775143941,1.601989728,2.656741081,7527.135433,2427.800946
8,13246,175483008,14937,11747,22,0.001873,1293.403379869,1814.534298623,1618.626302876,0.712801836,0.799074732,1091.241417903,676.300640885,407.851438054,1.613544853,2.675585559,7737.185836,2435.689387
8,13246,175483008,14937,11747,23,0.001958,1495.565341836,1825.761260336,1631.202184657,0.819146169,0.916848540,1127.076927449,677.249393212,408.244830290,1.664197766,2.760786773,7939.347798,2471.524896
8,13246,175483008,14937,11747,25,0.002128,1495.565341836,1844.080607375,1631.202184657,0.811008660,0.916848540,1026.673893609,685.200356571,411.548342808,1.498355749,2.494661712,8306.028785,2579.157637
8,13246,175483008,14937,11747,26,0.002213,1261.119617722,1858.923904858,1647.964005913,0.678413793,0.765259201,990.429823491,686.158262548,413.141224144,1.443442246,2.397315411,8540.474510,2615.401707
8,13246,175483008,14937,11747,27,0.002298,1261.119617722,1878.528958721,1647.964005913,0.671333605,0.765259201,1020.265885446,686.806633527,414.217167293,1.485521303,2.463118301,8811.164304,2645.237769
8,13246,175483008,14937,11747,28,0.002384,1261.119617722,1893.906430927,1647.964005913,0.665882747,0.765259201,1030.003467983,686.875660051,414.331608972,1.499548649,2.485939874,9052.018036,2654.975352
8,13246,175483008,14937,11747,30,0.002554,1743.628909260,1924.446610202,1682.973128483,0.906041716,1.036040849,1038.504227327,689.818212179,415.149627010,1.505475224,2.501517910,9534.527328,2744.584079
8,13246,175483008,14937,11747,31,0.002639,1978.670469904,1938.746835136,1699.306648733,1.020592495,1.164398710,1363.823610295,762.680710906,423.041081475,1.788197329,3.223856193,9769.568888,3069.903462
8,13246,175483008,14937,11747,33,0.002809,1827.733545797,1950.678993865,1705.996788240,0.936972998,1.071358140,1362.671822834,762.859845583,423.069890536,1.786267596,3.220914211,10074.217527,3093.253576
8,13246,175483008,14937,11747,34,0.002894,1672.712971476,1956.829046077,1713.025516433,0.854807922,0.976467049,1385.425914439,763.199117327,423.222836635,1.815287627,3.273514079,10229.238102,3116.007668
8,13246,175483008,14937,11747,36,0.003065,1529.069442957,1972.062610780,1719.037487443,0.775365566,0.889491622,1356.684201158,765.564572069,427.473731086,1.772135559,3.173725313,10570.915875,3196.047386
8,13246,175483008,14937,11747,38,0.003235,1509.390803796,1988.878112604,1738.302358393,0.758915689,0.868313154,1343.056958631,767.007264702,428.699281956,1.751035512,3.132864960,10935.364997,3261.134700
8,13246,175483008,14937,11747,39,0.003320,1343.056958631,1995.821408554,1746.242261899,0.672934438,0.769112619,1343.056958631,767.007264702,432.751570608,1.751035512,3.103528791,11101.698842,3261.134700
8,13246,175483008,14937,11747,41,0.003490,1525.584446219,2016.787621575,1755.755769168,0.756442785,0.868904704,1334.208429828,767.058303239,434.961778970,1.739383335,3.067415332,11509.643570,3269.983229
8,13246,175483008,14937,11747,43,0.003661,1868.961597435,2031.541640030,1772.683684588,0.919972085,1.054311953,1301.363905334,779.123386115,438.321604305,1.670292445,2.968970483,11853.020721,3460.327280
8,13246,175483008,14937,11747,45,0.003831,1868.961597435,2046.571214464,1772.683684588,0.913216009,1.054311953,1344.779677824,785.441217701,439.572660518,1.712132808,3.059288711,12201.894470,3594.059782
8,13246,175483008,14937,11747,48,0.004086,1831.172992009,2069.284951839,1786.529956400,0.884930319,1.024988686,1136.257447624,821.655043484,447.754410909,1.382888667,2.537680076,12723.809465,3953.736434
8,13246,175483008,14937,11747,50,0.004256,1831.172992009,2090.441615349,1786.529956400,0.875974234,1.024988686,1527.675089915,870.731790713,457.943828830,1.754472624,3.335944266,13140.784252,4345.154076
8,13246,175483008,14937,11747,52,0.004427,1730.007024644,2098.186577828,1789.392030291,0.824524874,0.966812747,1495.095283915,878.246818258,461.517557595,1.702363450,3.239519839,13390.967719,4503.980400
8,13246,175483008,14937,11747,55,0.004682,1698.699873181,2109.534257087,1799.402722076,0.805248774,0.944035403,1372.724539827,887.264656809,463.551376005,1.547142140,2.961321249,13765.913555,4678.724703
8,13246,175483008,14937,11747,57,0.004852,1522.313218454,2123.160854311,1808.027214447,0.717003243,0.841974726,1353.867966775,887.704775602,463.812976273,1.525133134,2.918995449,14105.287876,4713.464083
8,13246,175483008,14937,11747,60,0.005108,1525.885765723,2141.573921028,1823.986385407,0.712506699,0.836566423,1390.564823074,888.202741434,464.779067209,1.565593933,2.991883502,14589.148695,4750.160939
8,13246,175483008,14937,11747,63,0.005363,1527.440150405,2156.177128771,1833.884288525,0.708401981,0.832898869,1367.799651205,888.693984822,465.709374770,1.539112084,2.937024087,15021.195399,4785.781057
8,13246,175483008,14937,11747,66,0.005618,1518.784810945,2170.401808539,1843.689424656,0.699771261,0.823774759,1364.817011131,889.271017267,466.889794431,1.534759353,2.923210204,15449.244741,4830.980513
8,13246,175483008,14937,11747,69,0.005874,1495.916886860,2188.911606982,1858.539117483,0.683406713,0.804888567,1329.643086134,890.036127043,467.343649932,1.493920354,2.845107848,15940.401175,4887.278285
8,13246,175483008,14937,11747,73,0.006214,1978.343384889,2213.177196975,1879.317747610,0.893892901,1.052692333,1368.592072844,891.914661374,467.747924812,1.534442848,2.925918000,16593.566470,4973.962269
8,13246,175483008,14937,11747,76,0.006470,1825.905556878,2226.480059466,1885.489986155,0.820086194,0.968398438,1541.529843057,901.553159022,469.796578421,1.709860176,3.281270903,17010.632793,5146.900040
8,13246,175483008,14937,11747,80,0.006810,2010.255943546,2239.757445469,1898.177877912,0.897532877,1.059045081,1583.260292368,918.795219869,473.159140164,1.723191695,3.346147539,17490.836416,5415.784241
8,13246,175483008,14937,11747,84,0.007151,2008.695385686,2251.654786137,1905.901887003,0.892097402,1.053934308,1597.211665057,922.176753135,473.571239763,1.732001658,3.372695660,17952.503075,5551.630255
8,13246,175483008,14937,11747,88,0.007491,1717.206058538,2261.852849565,1913.335073912,0.759203261,0.897493639,1585.623919777,923.592760519,475.080164492,1.716799858,3.337592344,18376.807819,5635.166633
8,13246,175483008,14937,11747,92,0.007832,1747.263916656,2274.437689290,1920.539544988,0.768217975,0.909777631,1627.381459044,926.299063593,477.672510988,1.756863979,3.406897867,18850.119472,5749.242571
8,13246,175483008,14937,11747,96,0.008172,1358.358002477,2289.781045413,1933.778461568,0.593226154,0.702437239,1655.160000901,927.353289573,478.918151046,1.784821405,3.456039403,19376.878348,5824.869306
8,13246,175483008,14937,11747,101,0.008598,1663.545868533,2315.630385586,1945.791385685,0.718398704,0.854945644,1663.545868533,929.167583395,483.174776180,1.790361500,3.442948495,20144.420679,5925.984962
8,13246,175483008,14937,11747,106,0.009024,1910.124588237,2332.558894515,1961.865706405,0.818896617,0.973626575,1643.325054968,929.438924092,483.363831352,1.768082886,3.399768349,20771.450774,5974.108497
8,13246,175483008,14937,11747,111,0.009449,2198.244070853,2351.261621268,1979.130514890,0.934921087,1.110712030,1762.490527882,938.541540648,484.192143074,1.877903589,3.640064287,21431.851687,6201.231324
8,13246,175483008,14937,11747,116,0.009875,2337.613362702,2361.756232188,1987.200770079,0.989777578,1.176334771,1818.728016288,962.652088817,485.841899245,1.889289015,3.743456501,21922.763632,6601.050964
8,13246,175483008,14937,11747,122,0.010386,2014.669672604,2376.248841156,1995.930158087,0.847836152,1.009388863,1756.618265985,964.399557460,486.462690980,1.821463161,3.611003061,22564.343829,6726.429687
8,13246,175483008,14937,11747,128,0.010896,1989.090267082,2393.974451766,2002.769573516,0.830873640,0.993169805,1746.097990134,966.060733165,488.592978954,1.807441220,3.573727142,23273.632992,6844.596393
8,13246,175483008,14937,11747,134,0.011407,1895.858579316,2411.237301960,2020.400540625,0.786259643,0.938357787,1788.031344330,966.918914428,489.001470043,1.849205055,3.656494824,23977.555167,6926.648423
8,13246,175483008,14937,11747,140,0.011918,2190.873955596,2424.278067967,2027.637518222,0.903722219,1.080505729,1728.397483118,971.940205723,490.735734296,1.778296106,3.522053444,24588.011562,7139.327212
8,13246,175483008,14937,11747,147,0.012514,1687.956561142,2437.155937049,2040.338006885,0.692592762,0.827292613,1757.079811950,973.602875176,492.713592704,1.804719210,3.566128148,25237.329217,7238.414835
8,13246,175483008,14937,11747,154,0.013110,2000.907995822,2452.716344316,2048.348421179,0.815792662,0.976839670,1786.701876036,974.190806556,494.113813652,1.834036889,3.615972326,25956.774607,7298.815656
8,13246,175483008,14937,11747,162,0.013791,1626.700387615,2475.319855256,2064.870971622,0.657167753,0.787797596,1750.461288217,974.572135152,495.304096424,1.796133118,3.534114296,26895.698566,7359.770884
8,13246,175483008,14937,11747,170,0.014472,1989.154646629,2498.329720641,2083.105814523,0.796193805,0.954898514,1800.559061100,975.301543500,496.268325302,1.846156271,3.628196621,27846.991988,7427.860111
8,13246,175483008,14937,11747,178,0.015153,1945.845167182,2518.504467184,2095.411941420,0.772619303,0.928621780,1715.216235415,978.725660006,496.761393437,1.752499506,3.452796973,28740.914800,7605.366856
8,13246,175483008,14937,11747,186,0.015834,2145.813165348,2533.527191115,2109.402710486,0.846966700,1.017261026,1836.355937007,984.144898830,497.773226070,1.865940614,3.689141643,29514.733275,7838.872569
8,13246,175483008,14937,11747,195,0.016600,2290.239445667,2545.643163681,2119.317522709,0.899670260,1.080649512,1842.257171767,1005.753343947,499.163706293,1.831718664,3.690687341,30255.719492,8282.396783
8,13246,175483008,14937,11747,205,0.017451,2101.365197434,2559.377438380,2129.502947953,0.821045449,0.986786705,1758.666915102,1015.659953541,499.783466713,1.731550908,3.518857730,31088.476836,8677.276732
8,13246,175483008,14937,11747,215,0.018303,1672.981231574,2572.513781790,2140.771353761,0.650329356,0.781485248,1755.535457272,1015.929548468,500.194080549,1.728009053,3.509708582,31907.240906,8733.633612
8,13246,175483008,14937,11747,225,0.019154,1522.730790399,2587.552497761,2151.639416053,0.588483052,0.707707239,1821.109374232,1017.907044270,500.580178677,1.789072376,3.637997371,32785.061586,8886.945689
8,13246,175483008,14937,11747,236,0.020090,1816.674282633,2609.598387110,2168.794588838,0.696150906,0.837642390,1816.674282633,1018.802172751,501.417645106,1.783147240,3.623076093,33904.281009,8961.219335
8,13246,175483008,14937,11747,247,0.021027,1981.476357486,2624.895344133,2178.173607668,0.754878232,0.909696248,1796.514985880,1019.883010918,501.933221538,1.761491236,3.579191233,34841.046150,9086.989367
8,13246,175483008,14937,11747,259,0.022048,1964.253244752,2645.236650545,2194.428426800,0.742562388,0.895109278,1768.883729865,1020.372707976,502.314057414,1.733566290,3.521469694,35974.188060,9170.369899
8,13246,175483008,14937,11747,272,0.023155,2056.195814748,2668.119433358,2210.338469956,0.770653588,0.930262873,1732.652942060,1022.484550745,503.356107883,1.694551708,3.442201088,37229.721725,9358.107443
8,13246,175483008,14937,11747,285,0.024262,2316.406879264,2683.015524729,2222.188825018,0.863359477,1.042398762,1873.215052576,1038.291962233,504.758976373,1.804131324,3.711107955,38227.876319,9852.816338
8,13246,175483008,14937,11747,298,0.025368,2250.739044980,2694.611644698,2229.517151428,0.835273999,1.009518605,1805.087201076,1050.337502093,505.269636210,1.718578264,3.572522613,39126.350294,10362.418877
8,13246,175483008,14937,11747,313,0.026645,2093.369181647,2714.742122443,2245.453455074,0.771111615,0.932270129,1746.655839666,1052.747594735,505.740112567,1.659140186,3.453662852,40401.364484,10552.382056
8,13246,175483008,14937,11747,328,0.027922,1869.982073924,2730.475113501,2256.956278756,0.684855930,0.828541559,1811.073242938,1054.638696538,506.146103555,1.717245203,3.578162966,41531.262928,10751.524964
8,13246,175483008,14937,11747,344,0.029284,1604.265570553,2743.837882456,2264.543894085,0.584679431,0.708427677,1822.325547099,1056.167994272,507.147773666,1.725412583,3.593283145,42605.353736,10873.878192
8,13246,175483008,14937,11747,360,0.030646,1880.094616753,2759.470544083,2276.113514463,0.681324401,0.826010919,1788.093781510,1056.764681487,507.912143102,1.692045365,3.520478504,43774.177091,10977.313120
8,13246,175483008,14937,11747,378,0.032178,1975.842851869,2781.142518085,2288.725526256,0.710442863,0.863293929,1776.657291447,1058.128733540,509.003487864,1.679055899,3.490461920,45233.823074,11130.393714
8,13246,175483008,14937,11747,396,0.033711,1718.102034749,2799.379154260,2303.568645682,0.613743955,0.745843645,1859.170644111,1060.686232554,510.123148219,1.752799826,3.644552596,46565.315575,11352.092921
8,13246,175483008,14937,11747,415,0.035328,1775.776115041,2818.095214755,2319.434750451,0.630133469,0.765607273,1856.504208303,1060.826948497,510.817259876,1.750053777,3.634380343,47967.326102,11403.691064
8,13246,175483008,14937,11747,435,0.037031,2369.328616191,2842.964791491,2338.892303683,0.833400619,1.013013131,1907.197231372,1062.017693729,511.283155784,1.795824347,3.730217219,49642.748930,11517.373180
8,13246,175483008,14937,11747,456,0.038818,2281.478332692,2861.134348669,2352.025782913,0.797403426,0.970005665,1904.569312065,1071.132354387,511.720728339,1.778089612,3.721892053,51110.204449,12085.402423
8,13246,175483008,14937,11747,478,0.040691,2264.524497987,2879.772877978,2366.867433864,0.786355242,0.956760174,2008.265877500,1083.330127586,512.411941810,1.853789373,3.919240973,52630.945502,12689.311643
8,13246,175483008,14937,11747,501,0.042649,2254.214264504,2890.374074723,2374.732510970,0.779903987,0.949249759,2005.713390402,1089.220433237,512.948682567,1.841421010,3.910163840,53805.890540,13126.946296
8,13246,175483008,14937,11747,525,0.044692,2123.371146502,2902.355353105,2383.050187767,0.731602746,0.891030813,1970.784045606,1090.853323942,513.274521529,1.806644397,3.839629600,55093.932405,13340.533646
8,13246,175483008,14937,11747,550,0.046820,1808.054967328,2915.278570037,2391.847341776,0.620199725,0.755924066,2004.479226820,1091.442621347,513.727479468,1.836541095,3.901833768,56459.523351,13486.373430
8,13246,175483008,14937,11747,577,0.049119,1743.654140249,2941.711770037,2412.282098537,0.592734529,0.722823480,2068.460055126,1094.284468232,513.971060883,1.890239801,4.024467937,58500.640463,13833.483694
8,13246,175483008,14937,11747,605,0.051503,1841.222069922,2970.236709228,2432.247707904,0.619890686,0.757004340,1974.957405363,1100.440315221,514.417520914,1.794697430,3.839211001,60660.331750,14288.272006
8,13246,175483008,14937,11747,634,0.053971,2091.031883272,2987.375422976,2446.163903693,0.699956178,0.854820840,2038.620434568,1102.387462497,514.962593963,1.849277594,3.958773819,62370.258875,14535.514835
8,13246,175483008,14937,11747,664,0.056525,2674.355070616,3004.092845215,2458.177614902,0.890237156,1.087942163,1931.078995274,1116.441403749,515.664660600,1.729673397,3.744834856,64091.115902,15162.627652
8,13246,175483008,14937,11747,696,0.059249,2436.333504987,3023.264529258,2472.879727338,0.805861836,0.985221189,2070.554716746,1135.726728671,516.090882517,1.823109965,4.011996311,66004.974252,16165.043429
8,13246,175483008,14937,11747,730,0.062144,2225.811341668,3042.447064420,2486.285256915,0.731585889,0.895235708,2034.473584433,1139.662419987,516.667773163,1.785154576,3.937682376,67984.148417,16577.527053
8,13246,175483008,14937,11747,765,0.065123,2271.639099688,3059.466067186,2498.381471192,0.742495275,0.909244295,2064.480678993,1140.879988880,516.943632743,1.809551135,3.993628218,69858.406624,16821.643457
8,13246,175483008,14937,11747,802,0.068273,1957.630651471,3076.763571923,2511.910116267,0.636262945,0.779339451,2081.358423337,1141.273828716,517.208830484,1.823715195,4.024212853,71837.198913,16934.067623
8,13246,175483008,14937,11747,841,0.071593,2205.886535245,3093.237884181,2523.741633551,0.713131876,0.874054026,2049.878228123,1142.034825435,517.580353505,1.794934955,3.960502392,73810.811061,17123.048275
8,13246,175483008,14937,11747,881,0.074998,1996.922593651,3114.038409350,2537.660510877,0.641264600,0.786914792,2043.706955181,1142.273077745,517.918122714,1.789157947,3.946003945,76078.089602,17233.183328
8,13246,175483008,14937,11747,924,0.078658,1888.303396640,3130.997514900,2551.317234861,0.603099615,0.740128813,2027.059727203,1142.354048533,518.165129020,1.774458391,3.911995643,78208.688173,17290.949862
8,13246,175483008,14937,11747,968,0.082404,1811.877114354,3151.342473680,2565.431930850,0.574954049,0.706265909,2044.368919851,1144.257190955,518.471780216,1.786634103,3.943066909,80568.023679,17659.491140
8,13246,175483008,14937,11747,1015,0.086405,2116.102024628,3177.602039435,2586.659353524,0.665943060,0.818082993,2061.334077722,1144.775508137,518.776731464,1.800644810,3.973451299,83350.481796,17818.626096
8,13246,175483008,14937,11747,1064,0.090576,2435.966945859,3204.721384030,2605.351933481,0.760118168,0.934985755,2156.961531707,1147.312429718,519.034382413,1.880012345,4.155719938,86253.758372,18207.645014
8,13246,175483008,14937,11747,1115,0.094918,2709.694688404,3221.105275989,2617.936592620,0.841231334,1.035049778,2212.531863301,1160.212626749,519.304098212,1.907005503,4.260570773,88564.721128,19207.306242
8,13246,175483008,14937,11747,1169,0.099515,2425.415489550,3233.798750375,2627.833992567,0.750020541,0.922971351,2250.425579692,1169.065550977,519.602474967,1.924978097,4.331052464,90659.555940,20063.357465
8,13246,175483008,14937,11747,1225,0.104282,2369.186290919,3253.890149166,2642.349344513,0.728108873,0.896621144,2240.801033152,1170.560338404,519.754444924,1.914297759,4.311268629,93356.128908,20369.381181
8,13246,175483008,14937,11747,1284,0.109305,2258.026326214,3268.194098975,2652.995900147,0.690909492,0.851123187,2219.914472931,1170.765747639,519.928251171,1.896121814,4.269655415,95696.388591,20486.571558
8,13246,175483008,14937,11747,1346,0.114582,2124.368167840,3288.531335371,2669.107460091,0.645992983,0.795909569,2254.722738422,1170.955836132,520.134757075,1.925540374,4.334881889,98565.312150,20584.388471
8,13246,175483008,14937,11747,1411,0.120116,1787.908012051,3308.735904065,2684.947305843,0.540359843,0.665900596,2285.580577957,1179.095381669,520.426077873,1.938418735,4.391748752,101502.512635,21474.454579
8,13246,175483008,14937,11747,1479,0.125904,2114.150780945,3332.701660993,2701.833456741,0.634365448,0.782487453,2324.142440354,1183.011097330,520.653926434,1.964599018,4.463891123,104780.682864,22087.454713
8,13246,175483008,14937,11747,1551,0.132034,2452.322774495,3358.964574304,2721.842085194,0.730082953,0.900979079,2309.220784692,1183.353276768,520.937537520,1.951421296,4.432817024,108330.971480,22235.499836
8,13246,175483008,14937,11747,1625,0.138333,2838.947328598,3381.696926422,2738.789034436,0.839503773,1.036570284,2279.167131650,1188.444590221,521.215517512,1.917773155,4.372792166,111691.199171,22954.100301
8,13246,175483008,14937,11747,1704,0.145058,2887.494741038,3401.874361348,2753.171909816,0.848795233,1.048788392,2442.294655962,1203.374217992,521.457911271,2.029538791,4.683589228,114970.519098,24284.265070
8,13246,175483008,14937,11747,1786,0.152039,2711.632467067,3419.118923130,2766.121432110,0.793079307,0.980301311,2416.184740453,1209.161039783,521.613273642,1.998232378,4.632138142,118061.562642,25107.979965
8,13246,175483008,14937,11747,1872,0.159360,2564.834795602,3434.019536396,2776.689014391,0.746889984,0.923702576,2492.548970000,1211.365676744,521.821218165,2.057635459,4.776633995,121013.499010,25523.637154
8,13246,175483008,14937,11747,1962,0.167021,2350.946265058,3455.545295725,2793.012537128,0.680340167,0.841724208,2492.530856236,1212.589729054,522.048866417,2.055543434,4.774516365,124649.735856,25890.722783
8,13246,175483008,14937,11747,2057,0.175109,2219.812397722,3480.675177946,2812.450755353,0.637753391,0.789280450,2444.553448476,1214.420967823,522.251117197,2.012937452,4.680800802,128699.247455,26389.876907
8,13246,175483008,14937,11747,2156,0.183536,2540.839027668,3498.447087634,2825.735654429,0.726276249,0.899177891,2472.643664583,1215.569427512,522.465778284,2.034144335,4.732642342,132191.375725,26743.477623
8,13246,175483008,14937,11747,2260,0.192390,2088.255899105,3520.983191495,2842.725344545,0.593088858,0.734596433,2416.344088463,1219.412418486,522.639132696,1.981564278,4.623350869,136235.498381,27455.583829
8,13246,175483008,14937,11747,2369,0.201669,2537.155539898,3544.223619952,2860.292462083,0.715856507,0.887026615,2453.698059688,1220.674525883,522.837625698,2.010116544,4.693040323,140459.810431,27801.261725
8,13246,175483008,14937,11747,2483,0.211373,2627.304375070,3568.624612922,2879.789793534,0.736223240,0.912325053,2412.105522178,1227.787114281,522.981964348,1.964595893,4.612215500,144892.892527,28918.191466
8,13246,175483008,14937,11747,2603,0.221588,2202.737915755,3596.028433803,2899.900159674,0.612547413,0.759590950,2441.610695617,1228.311276909,523.129719757,1.987778458,4.667314059,149711.767631,29203.877693
8,13246,175483008,14937,11747,2728,0.232230,2852.591878559,3621.216316289,2918.741719191,0.787744125,0.977336179,2493.244231853,1232.657282064,523.284260038,2.022658097,4.764607733,154470.294875,30067.968411
8,13246,175483008,14937,11747,2860,0.243466,3200.912381277,3640.773008425,2933.532084823,0.879184825,1.091146198,2505.593764879,1252.976683015,523.415280582,1.999713003,4.787009203,158783.128603,32012.153892
8,13246,175483008,14937,11747,2998,0.255214,2769.100501658,3653.037823500,2942.688424290,0.758026781,0.941010431,2651.644952477,1269.032346710,523.561528875,2.089501469,5.064629096,162269.828368,33797.390779
8,13246,175483008,14937,11747,3142,0.267473,2413.418431314,3670.212702562,2956.201501724,0.657569091,0.816391721,2621.822885695,1270.763956815,523.701044560,2.063186378,5.006335032,166483.537855,34406.583063
8,13246,175483008,14937,11747,3294,0.280412,1841.175183636,3696.105950465,2975.194619438,0.498139179,0.618841931,2581.251841533,1279.241167951,523.833140742,2.017799228,4.927622254,171858.335814,35888.535334
8,13246,175483008,14937,11747,3453,0.293947,2078.891080317,3721.388006046,2994.790622909,0.558633251,0.694169090,2616.587974847,1292.871526967,523.959169844,2.023857684,4.993877625,177306.608961,37852.193217
8,13246,175483008,14937,11747,3619,0.308079,2748.475077528,3747.320217716,3014.420555518,0.733450818,0.911775589,2591.059065822,1296.428170766,524.091551856,1.998613671,4.943905424,182963.436453,38733.761975
8,13246,175483008,14937,11747,3794,0.322976,2912.426347501,3777.847176666,3036.498738526,0.770922224,0.959139653,2642.475400150,1298.497415571,524.198544789,2.035025537,5.040981946,189294.931645,39472.966459
8,13246,175483008,14937,11747,3977,0.338555,3081.568807382,3799.102142624,3052.894630123,0.811130812,1.009392456,2726.710560591,1304.242758801,524.311269650,2.090646501,5.200556842,194700.545522,40667.440445
8,13246,175483008,14937,11747,4169,0.354899,3103.194216526,3815.141978807,3064.966349977,0.813388921,1.012472524,2683.646797673,1312.711372801,524.422756552,2.044354039,5.117334754,199495.919895,42124.121323
8,13246,175483008,14937,11747,4370,0.372010,2886.857694842,3843.091366642,3086.416050215,0.751181125,0.935343015,2618.341350632,1318.661644256,524.536181913,1.985605149,4.991726864,206036.508433,43397.634991
8,13246,175483008,14937,11747,4580,0.389887,2625.097467510,3867.843837827,3105.051839556,0.678697894,0.845427904,2625.097467510,1320.533562056,524.637463202,1.987906664,5.003640898,212356.656968,44155.919034
8,13246,175483008,14937,11747,4801,0.408700,2419.136330189,3888.127779712,3120.597593613,0.622185398,0.775215726,2661.947101568,1321.312807753,524.733268447,2.014622946,5.072952796,218230.250381,44595.004058
8,13246,175483008,14937,11747,5033,0.428450,2598.723961856,3910.642627012,3137.620691654,0.664526066,0.828246693,2576.016357050,1327.590744826,524.826214956,1.940369325,4.908322572,224582.099279,46084.877981
8,13246,175483008,14937,11747,5275,0.449051,2531.946076260,3929.830340260,3151.723396876,0.644288902,0.803352883,2588.914837527,1327.905777586,524.939946531,1.949622391,4.931830497,230589.266982,46406.449131
8,13246,175483008,14937,11747,5530,0.470758,2465.347487698,3961.719691267,3175.953317190,0.622292257,0.776254322,2589.027421413,1330.234450333,525.040073554,1.946294069,4.931104409,238560.265765,47422.723606
8,13246,175483008,14937,11747,5796,0.493403,2400.675601346,3994.522294742,3200.439840088,0.600991914,0.750108023,2597.581380287,1333.119321353,525.131094559,1.948498787,4.946538888,246879.126760,48642.675241
8,13246,175483008,14937,11747,6076,0.517238,2642.279308244,4018.943292980,3219.059019213,0.657456231,0.820823505,2642.279308244,1333.843661363,525.210516476,1.980951280,5.030895661,254241.307213,49216.752157
8,13246,175483008,14937,11747,6369,0.542181,3298.362563207,4046.519988281,3240.148740861,0.815110903,1.017966404,2597.699936636,1338.768018649,525.307442543,1.940365994,4.945104002,262274.815084,50640.771981
8,13246,175483008,14937,11747,6676,0.568315,2961.872114449,4070.131069639,3257.978195464,0.727709271,0.909113547,2639.282395382,1348.769012631,525.390031066,1.956808298,5.023472543,269919.033969,53222.389694
8,13246,175483008,14937,11747,6998,0.595727,3299.378675344,4096.840672604,3278.154556799,0.805347081,1.006474411,2604.162619964,1358.430278887,525.471293096,1.917038114,4.955860870,278294.219323,55876.955307
8,13246,175483008,14937,11747,7335,0.624415,2674.619518766,4114.341385696,3291.438028148,0.650072337,0.812599082,2763.365198653,1365.313110919,525.547525221,2.023979098,5.258069092,285142.106923,57561.258892
8,13246,175483008,14937,11747,7689,0.654550,2805.528261193,4134.656083390,3307.126640401,0.678539691,0.848328040,2744.641028090,1368.339577084,525.630511868,2.005818639,5.221616642,292816.599502,58872.801331
8,13246,175483008,14937,11747,8060,0.686133,2439.298148832,4157.357891301,3324.325222215,0.586742400,0.733772416,2720.352486686,1369.002500885,525.708169708,1.987105564,5.174643735,301156.642728,59450.256671
8,13246,175483008,14937,11747,8448,0.719162,2286.733037453,4189.148340151,3348.512632071,0.545870629,0.682910082,2755.973434031,1379.600653349,525.788165462,1.997660285,5.241604157,311282.246249,62142.787036
8,13246,175483008,14937,11747,8856,0.753895,2640.483959629,4220.674812842,3372.721324178,0.625607060,0.782894199,2723.211073653,1394.219371457,525.862857615,1.953215634,5.178557554,321661.610129,65249.981156
8,13246,175483008,14937,11747,9283,0.790244,2839.903733080,4259.408988276,3402.335147461,0.666736569,0.834692530,2708.493258560,1394.608266132,525.932198128,1.942117600,5.149890553,333472.206590,65710.869987
8,13246,175483008,14937,11747,9730,0.828297,3375.124593188,4280.245969115,3418.142800633,0.788535196,0.987414742,2641.565662012,1402.644654177,525.997343441,1.883275036,5.022013314,342331.314198,67899.795564
8,13246,175483008,14937,11747,10199,0.868222,3184.938355866,4307.086996196,3438.589384033,0.739464598,0.926233987,2720.221868590,1423.212481303,526.062256621,1.911325192,5.170912443,352708.734350,71709.414213
8,13246,175483008,14937,11747,10691,0.910105,3118.446260024,4333.317170945,3458.413628471,0.719644129,0.901698465,2724.625211767,1437.419214905,526.124913993,1.895497975,5.178666015,363244.905218,74910.575025
8,13246,175483008,14937,11747,11207,0.954031,2770.426288478,4350.947867499,3471.722476763,0.636740860,0.797997624,2805.720779446,1439.943982919,526.184763021,1.948493006,5.332196933,372099.323473,76029.861772
8,13246,175483008,14937,11747,11747,1.000000,2179.173948842,4376.572071273,3491.291304472,0.497917985,0.624174198,2830.966142748,1444.034630946,526.248008923,1.960455852,5.379528463,383040.286342,77470.578039
8,14935,223084095,14937,14934,1,0.000067,-1099.525840400,1099.525840400,1099.525840400,1.000000000,1.000000000,-546.341642428,546.341642428,546.341642428,1.000000000,1.000000000,1099.525840,546.341642
8,14935,223084095,14937,14934,2,0.000134,-546.341642428,1230.841106964,1230.841106964,0.443876662,0.443876662,-546.341642428,546.341642428,546.413372484,1.000000000,0.999868726,1652.710038,546.341642
8,14935,223084095,14937,14934,3,0.000201,-2.010883236,1345.832755581,1345.832755581,0.001494155,0.001494155,-548.509520510,546.345943470,546.417672962,1.003960086,1.003828294,2197.040798,548.509521
8,14935,223084095,14937,14934,4,0.000268,-2.010883236,1452.558627573,1345.832755581,0.001384373,0.001494155,-503.053677429,548.233639625,548.305122167,0.917589949,0.917470323,2743.539435,593.965364
8,14935,223084095,14937,14934,5,0.000335,499.031910956,1536.544971079,1436.074401835,0.324775337,0.347497254,-574.613811892,552.884234231,549.471309721,1.039302220,1.045757625,3244.582229,665.525498
8,14935,223084095,14937,14934,6,0.000402,-37.790950468,1627.620727533,1533.130285447,0.023218524,0.024649536,-377.206559313,587.069501704,583.856440897,0.642524536,0.646060457,3781.405090,862.932751
8,14935,223084095,14937,14934,7,0.000469,301.624658378,1662.634111350,1570.252026804,0.181413732,0.192086782,-495.774763192,598.923216116,586.858542001,0.827776833,0.844794320,4120.820699,981.500955
8,14935,223084095,14937,14934,8,0.000536,301.624658378,1709.770056939,1570.252026804,0.176412411,0.192086782,-268.108545972,640.734676185,597.796725430,0.418439263,0.448494504,4519.520410,1209.167172
8,14935,223084095,14937,14934,9,0.000603,301.624658378,1733.338578766,1570.252026804,0.174013699,0.192086782,-472.681288521,672.600128055,606.484481816,0.702767170,0.779379032,4804.387012,1413.739914
8,14935,223084095,14937,14934,10,0.000670,-85.528315071,1776.049000869,1617.275131984,0.048156506,0.052884208,-406.249597166,675.872844458,610.111953907,0.601074005,0.665860740,5191.539986,1480.171606
8,14935,223084095,14937,14934,11,0.000737,235.192967023,1804.774832016,1648.769539178,0.130317069,0.142647569,-365.306624948,677.111828910,610.455303887,0.539507079,0.598416662,5512.261268,1521.114578
8,14935,223084095,14937,14934,12,0.000804,235.192967023,1829.579769856,1648.769539178,0.128550267,0.142647569,-358.690354571,677.144152957,610.464267424,0.529710480,0.587569779,5812.511064,1527.730848
8,14935,223084095,14937,14934,13,0.000870,532.134627820,1853.520025299,1675.295598764,0.287094081,0.317636260,-349.306245010,677.209174034,610.472281446,0.515802589,0.572190181,6109.452725,1537.114958
8,14935,223084095,14937,14934,14,0.000937,238.321003543,1876.662710770,1700.865012001,0.126991921,0.140117530,-283.135394308,680.434307541,611.368180219,0.416109816,0.463117649,6403.266349,1603.285808
8,14935,223084095,14937,14934,15,0.001004,-22.407195382,1894.687869732,1720.732687771,0.011826325,0.013021892,-266.835203602,680.629519706,611.585438023,0.392041773,0.436300780,6663.994548,1619.585999
8,14935,223084095,14937,14934,16,0.001071,-22.407195382,1910.389273136,1720.732687771,0.011729125,0.013021892,-330.226833553,683.575191068,614.861973739,0.483087798,0.537074738,6908.422556,1682.977629
8,14935,223084095,14937,14934,17,0.001138,285.412442789,1935.029742551,1748.048601272,0.147497703,0.163274890,-110.680712320,717.966253519,624.584158931,0.154158655,0.177207044,7216.242194,1902.523750
8,14935,223084095,14937,14934,18,0.001205,285.412442789,1945.138183121,1748.048601272,0.146731191,0.163274890,-199.726718079,723.467160508,626.169042170,0.276068810,0.318966133,7414.288772,1991.569756
8,14935,223084095,14937,14934,19,0.001272,527.982023222,1960.204722163,1764.798547642,0.269350450,0.299174103,-256.882098903,725.721344519,626.458809669,0.353967953,0.410054252,7656.858352,2048.725137
8,14935,223084095,14937,14934,20,0.001339,527.982023222,1977.586482595,1764.798547642,0.266983026,0.299174103,-386.329090572,737.175687027,627.943051696,0.524066511,0.615229501,7918.479726,2178.172129
8,14935,223084095,14937,14934,21,0.001406,223.211651958,2000.933101167,1790.921241417,0.111553780,0.124635102,-386.840115942,737.175864153,627.943103681,0.524759606,0.616043259,8223.250097,2178.683154
8,14935,223084095,14937,14934,22,0.001473,-81.814231992,2024.048928565,1816.711227146,0.040421074,0.045034252,-322.018688463,740.020318742,631.279937049,0.435148442,0.510104424,8528.275981,2243.504581
8,14935,223084095,14937,14934,23,0.001540,158.390224479,2038.252252822,1832.522268282,0.077708843,0.086432906,-287.632848398,740.818775510,631.514018387,0.388263443,0.455465500,8768.480438,2277.890422
8,14935,223084095,14937,14934,24,0.001607,158.390224479,2050.416150814,1832.522268282,0.077247843,0.086432906,-247.465803033,741.906900953,631.833287587,0.333553715,0.391663130,8991.491974,2318.057467
8,14935,223084095,14937,14934,25,0.001674,158.390224479,2060.433490866,1832.522268282,0.076872282,0.086432906,-269.634632949,742.238039109,631.930508488,0.363272453,0.426683993,9194.419988,2340.226297
8,14935,223084095,14937,14934,27,0.001808,-55.622204235,2086.370896529,1844.976743320,0.026659787,0.030147916,-276.052116711,743.569485829,633.493836681,0.371252616,0.435761330,9656.940018,2402.799158
8,14935,223084095,14937,14934,28,0.001875,-55.622204235,2097.983046690,1844.976743320,0.026512228,0.030147916,-257.234787871,743.807550459,633.773250443,0.345835139,0.405878266,9877.369931,2421.616487
8,14935,223084095,14937,14934,29,0.001942,145.990379401,2107.648096357,1855.959810252,0.069266961,0.078660313,-228.854943296,744.348767513,633.932083801,0.307456603,0.361008615,10078.982514,2449.996332
8,14935,223084095,14937,14934,31,0.002076,524.205628118,2124.549261246,1875.130897472,0.246737338,0.279556819,-169.849347256,747.619040854,634.176475208,0.227187027,0.267826629,10457.197763,2529.221484
8,14935,223084095,14937,14934,32,0.002143,524.205628118,2131.622992643,1875.130897472,0.245918547,0.279556819,-327.067406722,763.971039026,635.393300717,0.428114928,0.514747962,10630.711507,2686.439543
8,14935,223084095,14937,14934,34,0.002277,65.346504607,2156.303388013,1903.140457519,0.030304875,0.034336144,-382.845159138,771.694084693,636.639593979,0.496110009,0.601353046,11089.570630,2829.997428
8,14935,223084095,14937,14934,36,0.002411,-158.749327266,2181.559822581,1916.288742050,0.072768725,0.082842071,-340.180338535,774.439694070,639.964883429,0.439259946,0.531560946,11557.264526,2911.666711
8,14935,223084095,14937,14934,37,0.002478,22.681684004,2189.091243267,1924.858372649,0.010361233,0.011783560,-513.030600295,793.494834729,645.774229333,0.646545608,0.794442666,11738.695537,3084.516973
8,14935,223084095,14937,14934,39,0.002611,-445.719347636,2214.517021144,1953.725907170,0.201271584,0.228138116,-445.719347636,796.344685093,649.427504942,0.559706564,0.686326563,12207.096569,3151.828226
8,14935,223084095,14937,14934,41,0.002745,-301.913352715,2226.993404052,1959.011251760,0.135569936,0.154115170,-456.362294857,796.415802079,650.907874437,0.573020141,0.701116568,12537.272681,3162.471173
8,14935,223084095,14937,14934,43,0.002879,30.132440447,2239.396065664,1973.099136319,0.013455610,0.015271630,-426.307772137,801.405519718,651.816381327,0.531950132,0.654030467,12869.318474,3285.117331
8,14935,223084095,14937,14934,45,0.003013,30.132440447,2249.243794229,1973.099136319,0.013396698,0.015271630,-580.434797670,820.618812394,654.467194910,0.707313541,0.886881424,13166.566132,3481.519257
8,14935,223084095,14937,14934,48,0.003214,3.773731163,2272.859807058,1991.463921849,0.001660345,0.001894953,-613.846989151,825.123006911,655.390675007,0.743946035,0.936612333,13731.604374,3620.366285
8,14935,223084095,14937,14934,50,0.003348,3.773731163,2289.157324656,1991.463921849,0.001648524,0.001894953,-651.175260755,837.550852756,657.139921376,0.777475491,0.990923302,14116.267283,3820.199989
8,14935,223084095,14937,14934,52,0.003482,-214.542599476,2308.905593412,2003.394761960,0.092919607,0.107089528,-532.785729386,843.435546924,659.018891218,0.631685173,0.808452893,14542.289564,3938.589520
8,14935,223084095,14937,14934,55,0.003683,-219.578668508,2327.374490870,2016.397275707,0.094346084,0.108896531,-563.856127088,848.348584608,659.746026845,0.664651462,0.854656344,15048.214815,4080.590425
8,14935,223084095,14937,14934,58,0.003884,-539.540024878,2344.693275632,2029.073869379,0.230111132,0.265904575,-539.540024878,848.525969242,660.510299559,0.635855642,0.816853311,15540.314901,4104.906527
8,14935,223084095,14937,14934,61,0.004085,-152.352144732,2366.951396084,2047.536274533,0.064366402,0.074407544,-593.703967735,849.760888032,661.606486306,0.698671798,0.897367212,16099.573483,4177.345960
8,14935,223084095,14937,14934,64,0.004286,-373.028056233,2393.266936150,2059.393758718,0.155865629,0.181134887,-489.803384384,853.151523887,665.955778264,0.574110660,0.735489353,16706.958888,4286.566571
8,14935,223084095,14937,14934,67,0.004486,-240.262328755,2402.692797013,2070.340238364,0.099997107,0.116049683,-444.441816306,853.808240019,667.042189387,0.520540556,0.666287415,17073.275272,4331.928139
8,14935,223084095,14937,14934,70,0.004687,-189.141490730,2412.489972075,2079.197339204,0.078400944,0.090968513,-542.718282944,856.173055092,669.265444251,0.633888534,0.810916338,17441.621293,4430.204605
8,14935,223084095,14937,14934,74,0.004955,34.464688141,2436.860370600,2100.601564361,0.014143071,0.016407056,-481.999098055,882.994641611,671.858948257,0.545868656,0.717411146,18125.845497,4788.023694
8,14935,223084095,14937,14934,77,0.005156,-109.966243132,2452.251588705,2105.561024075,0.044842969,0.052226576,-357.943172889,885.904395978,672.457066043,0.404042665,0.532291489,18599.758358,4912.079619
8,14935,223084095,14937,14934,81,0.005424,128.737749924,2468.977033664,2112.325736702,0.052142142,0.060945974,-357.995500561,923.546934736,675.642765450,0.387631085,0.529859149,19166.413823,5311.362258
8,14935,223084095,14937,14934,85,0.005692,3.370310829,2486.474163535,2127.655057162,0.001355458,0.001584049,-454.836698617,931.888169993,676.769729567,0.488080773,0.672070098,19752.244848,5526.984664
8,14935,223084095,14937,14934,89,0.005960,-149.114967941,2507.397452053,2146.353407151,0.059470017,0.069473633,-490.088998756,932.544334064,677.141065567,0.525539624,0.723762040,20398.151363,5584.900261
8,14935,223084095,14937,14934,94,0.006294,-608.495001976,2532.416723454,2162.786730634,0.240282334,0.281347668,-450.917899195,932.856607320,677.579077501,0.483373217,0.665483800,21189.923207,5625.029617
8,14935,223084095,14937,14934,98,0.006562,-645.425891755,2545.744513299,2171.873038242,0.253531291,0.297174780,-498.808983189,936.465154056,681.013687597,0.532650874,0.732450746,21700.613914,5784.166227
8,14935,223084095,14937,14934,103,0.006897,-308.818712511,2560.578562989,2180.595951443,0.120605053,0.141621245,-521.190417540,936.760532720,681.457585444,0.556375295,0.764817105,22311.449612,5826.530017
8,14935,223084095,14937,14934,108,0.007232,-173.680736276,2574.214427845,2191.476456118,0.067469413,0.079252842,-485.875595458,941.068430035,682.298989405,0.516302088,0.712115367,22900.862740,5977.653334
8,14935,223084095,14937,14934,114,0.007634,164.688808983,2590.430363058,2206.061253687,0.063575849,0.074652872,-473.709127710,968.779918033,684.048547602,0.488974966,0.692508053,23602.855104,6360.598030
8,14935,223084095,14937,14934,119,0.007968,-185.124016297,2604.405868916,2215.356347243,0.071081093,0.083563990,-582.741808581,979.872862164,684.762093407,0.594711652,0.851013533,24203.357043,6656.505177
8,14935,223084095,14937,14934,125,0.008370,-467.082300228,2628.131717862,2224.325007486,0.177724083,0.209988333,-631.827342276,982.074028595,685.285845607,0.643360199,0.921990942,25065.346720,6782.147056
8,14935,223084095,14937,14934,131,0.008772,-228.718791553,2650.357026629,2239.295328999,0.086297351,0.102138735,-642.523524038,988.269503364,687.480360218,0.650150108,0.934606370,25898.228527,7016.486521
8,14935,223084095,14937,14934,138,0.009241,-242.088604876,2675.047790370,2255.633104421,0.090498796,0.107326233,-611.894972958,992.906291879,688.888632997,0.616266588,0.888234968,26854.926217,7231.828536
8,14935,223084095,14937,14934,145,0.009709,-553.497072726,2692.825000661,2269.508269963,0.205545133,0.243884140,-553.497072726,1000.910536043,689.963304296,0.552993552,0.802212334,27666.051367,7476.364652
8,14935,223084095,14937,14934,152,0.010178,-439.136476485,2704.163709133,2276.023773712,0.162392711,0.192940198,-544.437178938,1001.383671161,690.895280630,0.543684898,0.788016931,28314.205763,7536.285559
8,14935,223084095,14937,14934,159,0.010647,-511.575644445,2721.768547449,2290.904921853,0.187957071,0.223307235,-511.575644445,1003.181659577,692.154079582,0.509953147,0.739106594,29127.539461,7651.496854
8,14935,223084095,14937,14934,167,0.011183,-364.698823133,2743.163468073,2306.191287266,0.132948265,0.158139017,-474.463482704,1003.512857585,692.914341211,0.472802595,0.684736128,30093.383300,7700.160606
8,14935,223084095,14937,14934,176,0.011785,-71.403207067,2760.018357921,2312.439718881,0.025870555,0.030877867,-479.677301640,1006.645380918,693.559258847,0.476510706,0.691616896,31003.737948,7896.023100
8,14935,223084095,14937,14934,184,0.012321,-65.804007931,2775.908718501,2326.348348391,0.023705393,0.028286395,-425.503228937,1012.247648869,694.334109248,0.420354870,0.612822016,31836.329289,8157.140278
8,14935,223084095,14937,14934,193,0.012924,173.779160270,2789.594981568,2337.611799427,0.062295481,0.074340470,-589.256636730,1027.157653714,695.637102418,0.573676918,0.847074767,32648.151595,8606.551968
8,14935,223084095,14937,14934,203,0.013593,17.730141691,2812.964039220,2358.229265222,0.006303010,0.007518413,-625.568130046,1053.459252751,696.503030530,0.593822807,0.898155647,33786.975840,9229.456001
8,14935,223084095,14937,14934,213,0.014263,-500.171990940,2842.372860499,2379.288725889,0.175969873,0.210219124,-606.590585736,1055.129182935,696.917254588,0.574896985,0.870391114,35072.702283,9386.606381
8,14935,223084095,14937,14934,224,0.014999,-858.541429073,2865.311024939,2398.589015270,0.299632892,0.357936030,-477.829905534,1064.280449624,697.853378156,0.448969917,0.684713896,36265.130593,9687.623982
8,14935,223084095,14937,14934,235,0.015736,-547.425955765,2886.462263041,2414.316589292,0.189652906,0.226741579,-547.425955765,1067.217418983,698.684857831,0.512946983,0.783509117,37416.745233,9849.039048
8,14935,223084095,14937,14934,246,0.016472,-312.831707949,2899.074516271,2421.012113557,0.107907439,0.129215259,-587.290083779,1069.498888574,699.589574123,0.549126409,0.839478039,38309.208713,10007.955333
8,14935,223084095,14937,14934,258,0.017276,-296.997260105,2912.266729801,2431.705961377,0.101981476,0.122135351,-575.487846567,1070.504265038,700.079737199,0.537585758,0.822031857,39265.079232,10141.408713
8,14935,223084095,14937,14934,271,0.018147,-319.214915573,2927.956689174,2443.451141082,0.109023100,0.130641006,-598.880282106,1071.907878285,700.552986920,0.558704992,0.854867930,40351.454851,10299.832360
8,14935,223084095,14937,14934,285,0.019084,36.301738855,2946.282879333,2455.948003413,0.012321199,0.014781151,-639.218818749,1075.205954041,700.907565475,0.594508258,0.911987329,41577.585851,10573.912733
8,14935,223084095,14937,14934,299,0.020021,-188.592440356,2971.406454361,2472.924855994,0.063469082,0.076262908,-642.406299203,1089.336494454,701.474439185,0.589722554,0.915794309,43014.205415,11138.075289
8,14935,223084095,14937,14934,313,0.020959,-264.318246229,2988.934482726,2486.389607149,0.088432265,0.106306045,-601.213514203,1092.918524934,702.134798802,0.550099116,0.856265086,44220.431802,11399.230654
8,14935,223084095,14937,14934,329,0.022030,-640.602967688,3012.138600638,2504.546500267,0.212673802,0.255776033,-640.602967688,1095.204828996,702.766774187,0.584916128,0.911544187,45709.559587,11627.681133
8,14935,223084095,14937,14934,345,0.023102,-827.538276436,3037.435699904,2519.349007460,0.272446352,0.328473060,-625.209707104,1096.313727628,703.144071393,0.570283571,0.889163022,47272.946406,11767.100524
8,14935,223084095,14937,14934,362,0.024240,-647.007020435,3054.991565306,2532.432743738,0.211786843,0.255488333,-647.007020435,1096.931172485,704.020715399,0.589833744,0.919017021,48594.783457,11874.598864
8,14935,223084095,14937,14934,380,0.025445,-456.488149125,3069.267324481,2540.871121901,0.148728703,0.179658128,-698.278379138,1098.399893606,704.472690823,0.635723276,0.991207166,49846.980451,12033.300203
8,14935,223084095,14937,14934,399,0.026718,-793.567262518,3091.775893147,2560.761579372,0.256670370,0.309895021,-708.022038979,1099.245160572,705.051287156,0.644098391,1.004213526,51466.596015,12179.643664
8,14935,223084095,14937,14934,419,0.028057,-714.671861428,3110.067945908,2574.903620851,0.229793006,0.277552859,-714.671861428,1099.464987446,705.604236289,0.650017845,1.012850866,52965.562509,12238.124435
8,14935,223084095,14937,14934,439,0.029396,-191.415866619,3125.576884205,2587.533424004,0.061241772,0.073976191,-682.012843626,1102.821965439,706.102454272,0.618425154,0.965883689,54347.644874,12458.968194
8,14935,223084095,14937,14934,461,0.030869,-250.942140256,3145.524226902,2601.662350347,0.079777526,0.096454538,-633.772378826,1123.494368266,706.877484743,0.564108194,0.896580231,55998.333867,13245.949857
8,14935,223084095,14937,14934,484,0.032409,-354.585589097,3171.701747455,2621.868412902,0.111796637,0.135241566,-789.036385485,1130.850632322,707.198502158,0.697737051,1.115721234,57932.923175,13738.997070
8,14935,223084095,14937,14934,508,0.034016,-357.525447630,3190.673975102,2634.871248593,0.112053269,0.135689912,-705.013103297,1137.379399106,707.617107816,0.619857458,0.996320037,59622.254970,14215.123534
8,14935,223084095,14937,14934,533,0.035690,-608.432125245,3213.945379992,2650.499298525,0.189310039,0.229553777,-693.505414525,1140.240587754,708.088929304,0.608209725,0.979404402,61538.042157,14489.594895
8,14935,223084095,14937,14934,560,0.037498,-1121.307056638,3241.456213074,2670.359241754,0.345926949,0.419908692,-782.992370295,1142.645865747,708.509746696,0.685245004,1.105125757,63714.018914,14775.290850
8,14935,223084095,14937,14934,587,0.039306,-1175.775440271,3263.287745561,2687.126355376,0.360303943,0.437558672,-738.615772245,1148.184120125,708.823677831,0.643290357,1.042030332,65661.665018,15263.855012
8,14935,223084095,14937,14934,616,0.041248,-680.189705770,3282.386089930,2701.688684360,0.207224162,0.251764650,-798.535199874,1151.541500447,709.185264638,0.693448911,1.125989554,67547.867660,15546.177701
8,14935,223084095,14937,14934,647,0.043324,-368.328558551,3294.405389776,2710.958040192,0.111804261,0.135866566,-725.885563414,1154.822929374,709.535692873,0.628568714,1.023043056,69103.892940,15856.217129
8,14935,223084095,14937,14934,679,0.045467,-157.044862327,3307.670849477,2720.903061184,0.047478987,0.057717919,-673.394861520,1169.378922758,709.802778812,0.575856849,0.948706995,70774.551131,16714.569270
8,14935,223084095,14937,14934,712,0.047676,-503.788324985,3328.168759459,2735.930170643,0.151371028,0.184137859,-914.902999448,1177.983667830,710.003315742,0.776668662,1.288589756,72868.623715,17317.634593
8,14935,223084095,14937,14934,748,0.050087,-661.069520737,3362.633673766,2759.941775503,0.196592786,0.239522995,-902.521577734,1179.249646331,710.331673995,0.765335466,1.270563612,75740.622972,17543.486415
8,14935,223084095,14937,14934,785,0.052565,-831.039697622,3388.095676340,2779.426834230,0.245282240,0.298996789,-831.039697622,1180.478398780,710.806331131,0.703985518,1.169150669,78242.267888,17811.186023
8,14935,223084095,14937,14934,823,0.055109,-820.212371665,3405.429830899,2794.007670889,0.240854286,0.293561245,-820.212371665,1180.909706599,711.074298404,0.694559768,1.153483361,80351.967905,17939.959765
8,14935,223084095,14937,14934,864,0.057855,-680.758241915,3428.490411940,2808.229075269,0.198559179,0.242415495,-863.066793597,1182.552637737,711.463384523,0.729833722,1.213086734,82879.900957,18164.666840
8,14935,223084095,14937,14934,907,0.060734,-786.041694480,3447.632013924,2823.455930945,0.227994662,0.278397012,-843.762825653,1182.845097504,711.906283796,0.713333324,1.185216151,85251.430542,18280.020147
8,14935,223084095,14937,14934,952,0.063747,-1030.334334955,3472.136111896,2840.921576523,0.296743648,0.362676092,-855.626825577,1184.032801435,712.144963228,0.722637772,1.201478449,88004.411414,18515.216873
8,14935,223084095,14937,14934,999,0.066894,-977.056543675,3488.723400794,2853.511971362,0.280061338,0.342404922,-871.793968536,1185.250435249,712.437378282,0.735535666,1.223678031,90316.916676,18788.243865
8,14935,223084095,14937,14934,1048,0.070175,-611.377158851,3509.655493305,2869.116536903,0.174198624,0.213088995,-806.631938005,1188.589567407,712.786807052,0.678646322,1.131659467,92986.921298,19183.294685
8,14935,223084095,14937,14934,1100,0.073657,-249.348217626,3531.028069888,2883.677942576,0.070616323,0.086468816,-881.373597585,1198.878868366,713.054373307,0.735164845,1.236053842,95755.724355,20056.274043
8,14935,223084095,14937,14934,1155,0.077340,-534.778928245,3551.386242520,2900.050407816,0.150583150,0.184403322,-759.588476370,1215.964034585,713.303951024,0.624680052,1.064887521,98564.781495,21225.231007
8,14935,223084095,14937,14934,1212,0.081157,-723.962480663,3572.236482775,2915.211872238,0.202663649,0.248339576,-782.368755608,1219.521830741,713.527217758,0.641537311,1.096480605,101466.609370,21763.347302
8,14935,223084095,14937,14934,1272,0.085175,-858.348790618,3601.885259979,2937.862932464,0.238305423,0.292167746,-791.492820572,1220.039971926,713.796329888,0.648743352,1.108849664,105021.920270,21965.418188
8,14935,223084095,14937,14934,1335,0.089393,-826.741238182,3633.792644326,2962.175587769,0.227514699,0.279099336,-826.741238182,1220.330978593,713.996073436,0.677472958,1.157907262,108827.870919,22071.981111
8,14935,223084095,14937,14934,1401,0.093813,-1264.439241293,3655.450783530,2978.738314109,0.345905147,0.424488192,-822.215429207,1224.614912723,714.161743859,0.671407330,1.151301419,112040.356214,22636.908756
8,14935,223084095,14937,14934,1470,0.098433,-1077.874510772,3669.813020043,2989.233563402,0.293713741,0.360585578,-930.997528001,1235.517282220,714.417055563,0.753528535,1.303156918,114721.829638,23542.614057
8,14935,223084095,14937,14934,1543,0.103321,-908.227186895,3692.228356488,3006.528577350,0.245983482,0.302085001,-908.227186895,1236.071337179,714.596525517,0.734769232,1.270965019,118180.956963,23747.956223
8,14935,223084095,14937,14934,1619,0.108410,-391.029559486,3709.480968477,3019.634399015,0.105413551,0.129495663,-921.763562498,1240.402915982,714.775119594,0.743116249,1.289585406,121284.182188,24365.385018
8,14935,223084095,14937,14934,1699,0.113767,-398.223787966,3731.887948732,3035.413370291,0.106708399,0.131192605,-1009.284350318,1253.830248831,714.922547732,0.804960920,1.411739430,124924.014801,25626.734156
8,14935,223084095,14937,14934,1783,0.119392,-645.568251892,3754.731432576,3051.934982045,0.171934601,0.211527525,-965.449458681,1265.158289694,715.125979552,0.763105666,1.350041092,128705.992470,26844.569678
8,14935,223084095,14937,14934,1872,0.125352,-866.547983440,3781.662156652,3070.713116045,0.229144738,0.282197636,-967.281381015,1267.468736243,715.301279515,0.763159953,1.352271286,132940.468836,27296.841792
8,14935,223084095,14937,14934,1964,0.131512,-1146.933387802,3812.094048020,3093.560259947,0.300867023,0.370748682,-966.024924684,1268.927331830,715.489318516,0.761292550,1.350159813,137546.455095,27713.288327
8,14935,223084095,14937,14934,2061,0.138007,-1286.364872790,3838.150258436,3113.075333058,0.335152296,0.413213538,-960.780178977,1272.489064670,715.754100258,0.755040028,1.342332763,141934.096419,28446.015402
8,14935,223084095,14937,14934,2163,0.144837,-868.979244727,3861.432506098,3131.292184912,0.225040641,0.277514583,-1011.490255782,1273.647556840,715.943451233,0.794168096,1.412807470,146198.872833,28787.734882
8,14935,223084095,14937,14934,2271,0.152069,-1187.925854156,3881.436344153,3146.459842306,0.306053159,0.377543625,-940.426724622,1278.670877129,716.095164564,0.735472076,1.313270597,150271.969063,29639.475970
8,14935,223084095,14937,14934,2383,0.159569,-675.160314508,3898.417148471,3159.137452661,0.173188319,0.213716663,-931.934146233,1279.776045861,716.265712257,0.728200961,1.301101156,154104.235240,30020.442787
8,14935,223084095,14937,14934,2501,0.167470,-1054.869991200,3923.987866569,3179.002370337,0.268826007,0.331824223,-1054.869991200,1288.351487780,716.415803811,0.818775001,1.472427026,158939.005885,31289.665515
8,14935,223084095,14937,14934,2625,0.175773,-1438.028519154,3952.167157160,3199.737819052,0.363858223,0.449420734,-1072.452124117,1289.665905892,716.567116157,0.831573603,1.496652721,164160.369638,31732.366346
8,14935,223084095,14937,14934,2754,0.184411,-662.419922787,3972.221701336,3214.635084719,0.166763079,0.206063801,-1223.322280603,1296.712904854,716.703207934,0.943402565,1.706874292,168675.928531,32914.790508
8,14935,223084095,14937,14934,2891,0.193585,-470.856089673,3999.248385758,3234.138179184,0.117736145,0.145589354,-1292.722287846,1326.803448975,716.830543014,0.974313331,1.803386170,174096.695588,35579.970026
8,14935,223084095,14937,14934,3034,0.203161,-950.694822240,4025.916910862,3255.178409380,0.236143677,0.292056134,-1194.007259521,1338.369515169,716.952038581,0.892135726,1.665393493,179622.189083,37175.004989
8,14935,223084095,14937,14934,3184,0.213205,-1416.163889831,4055.748062769,3277.607342965,0.349174522,0.432072467,-1128.085641968,1340.600698716,717.080155247,0.841477737,1.573165334,185605.315489,37865.368240
8,14935,223084095,14937,14934,3341,0.223718,-1993.173880376,4085.466082602,3300.029846695,0.487869399,0.603986622,-1225.085700681,1356.561956436,717.202096900,0.903081275,1.708145732,191731.582135,39849.856862
8,14935,223084095,14937,14934,3507,0.234833,-1703.163603803,4112.258389867,3320.583243825,0.414167458,0.512910979,-1255.755399945,1367.673369298,717.307393759,0.918169081,1.750651688,197736.269181,41657.218187
8,14935,223084095,14937,14934,3680,0.246418,-1076.594215448,4133.967319375,3336.441375144,0.260426397,0.322677396,-1260.640945652,1369.702411263,717.409288209,0.920375795,1.757213025,203267.350923,42349.868133
8,14935,223084095,14937,14934,3862,0.258605,-950.885127811,4147.216607632,3346.305539788,0.229282726,0.284159685,-1245.225839429,1373.378132748,717.522547456,0.906688267,1.735451860,207712.775467,43446.155926
8,14935,223084095,14937,14934,4054,0.271461,-832.193374646,4172.553234680,3365.371471185,0.199444639,0.247281283,-1320.015484207,1381.484441156,717.629333902,0.955505140,1.839411270,214019.482140,45117.882958
8,14935,223084095,14937,14934,4254,0.284853,-748.580952504,4201.234976036,3386.781338750,0.178181167,0.221030199,-1333.557346177,1392.490802464,717.730928105,0.957677669,1.858018505,220943.259450,47039.846986
8,14935,223084095,14937,14934,4465,0.298982,-884.123935178,4229.146379984,3407.969172165,0.209054938,0.259428384,-1267.784715433,1397.913104309,717.827262926,0.906912391,1.766141774,227969.034636,48321.449911
8,14935,223084095,14937,14934,4686,0.313781,-1189.235335562,4262.494676399,3433.323914542,0.278999841,0.346380174,-1299.670395277,1398.978721949,717.920264270,0.929013698,1.810326940,235869.186788,48804.151123
8,14935,223084095,14937,14934,4917,0.329249,-1915.707229612,4294.729393251,3457.703357936,0.446060055,0.554040365,-1398.274439947,1404.041617816,717.996857145,0.995892445,1.947465962,243827.416864,49953.410599
8,14935,223084095,14937,14934,5161,0.345587,-1331.051932870,4316.614495464,3473.856442687,0.308355526,0.383162619,-1398.076700154,1406.355680380,718.104065848,0.994113168,1.946899853,250593.087963,50717.923211
8,14935,223084095,14937,14934,5416,0.362662,-1720.196330271,4338.621534684,3490.410810613,0.396484532,0.492834919,-1376.632995020,1407.694914573,718.194355082,0.977934196,1.916797292,257449.721509,51289.877209
8,14935,223084095,14937,14934,5684,0.380608,-1687.090658900,4369.317140295,3513.408029490,0.386122271,0.480186373,-1442.474691758,1411.816346439,718.278041695,1.021715534,2.008239996,265876.297510,52784.901448
8,14935,223084095,14937,14934,5965,0.399424,-1298.950917198,4395.943654407,3533.659685187,0.295488527,0.367593666,-1377.166595183,1413.368547771,718.359253098,0.974386049,1.917100099,273925.118531,53680.207381
8,14935,223084095,14937,14934,6261,0.419245,-1192.228774821,4422.717066278,3554.022449872,0.269569307,0.335458988,-1335.444126619,1414.229519434,718.432883295,0.944290943,1.858829346,282259.290998,54306.612407
8,14935,223084095,14937,14934,6570,0.439936,-888.625842664,4443.980180883,3570.381751656,0.199961702,0.248888187,-1277.282393470,1425.904285934,718.512820118,0.895770078,1.777675161,289875.862848,57175.655954
8,14935,223084095,14937,14934,6895,0.461698,-864.547884384,4471.767157368,3591.196618763,0.193334727,0.240740894,-1474.275560358,1438.487450745,718.600966419,1.024878986,2.051591397,298801.892431,60222.586313
8,14935,223084095,14937,14934,7237,0.484599,-1398.650513650,4511.860685144,3621.506869375,0.309994171,0.386206782,-1365.262528162,1450.011028428,718.681577216,0.941553203,1.899676535,309867.462685,62895.747165
8,14935,223084095,14937,14934,7595,0.508571,-1402.339910176,4545.474634826,3647.155504734,0.308513417,0.384502363,-1475.791713156,1453.391658001,718.742967950,1.015412263,2.053295516,320244.110182,64496.163174
8,14935,223084095,14937,14934,7971,0.533748,-1253.922813675,4573.664520532,3668.852081536,0.274161519,0.341775244,-1483.801805836,1453.791318475,718.811288089,1.020642913,2.064243885,330028.964276,65020.368821
8,14935,223084095,14937,14934,8365,0.560131,-2115.891254578,4602.885493373,3691.022266778,0.459688006,0.573253452,-1516.944365866,1462.523664347,718.884184666,1.037210134,2.110137346,340243.467228,67572.322562
8,14935,223084095,14937,14934,8779,0.587853,-1866.171864819,4632.822656218,3713.677501690,0.402815304,0.502513173,-1570.407459828,1482.819172054,718.954041898,1.059068759,2.184294640,350931.712531,71756.185596
8,14935,223084095,14937,14934,9213,0.616914,-1604.000238417,4657.476442336,3732.392526972,0.344392561,0.429751219,-1604.000238417,1483.669368637,719.008938846,1.081103561,2.230848814,360783.483270,72490.996052
8,14935,223084095,14937,14934,9669,0.647449,-1237.062938167,4678.044161904,3747.866754464,0.264440201,0.330071216,-1544.169248992,1489.344851768,719.072062448,1.036811083,2.147447147,370057.024654,74469.567041
8,14935,223084095,14937,14934,10148,0.679523,-1232.914289741,4703.579528263,3767.327646561,0.262122556,0.327264949,-1625.487451513,1515.607745556,719.135693790,1.072498776,2.260334824,380746.708729,79333.012611
8,14935,223084095,14937,14934,10650,0.713138,-1188.132114558,4737.870795595,3793.196618216,0.250773431,0.313227136,-1741.431208410,1532.617825415,719.195412298,1.136246218,2.421360285,393463.126181,83320.699091
8,14935,223084095,14937,14934,11177,0.748426,-1512.928706585,4773.922331861,3820.275387212,0.316915233,0.396026085,-1710.507787346,1536.548851612,719.251349547,1.113214061,2.378178071,406877.054397,84953.769809
8,14935,223084095,14937,14934,11730,0.785456,-2410.080310683,4818.586190270,3854.289006542,0.500163371,0.625298286,-1709.192722867,1540.334948990,719.304998072,1.109624062,2.376172455,422230.415050,86530.001145
8,14935,223084095,14937,14934,12310,0.824294,-2325.797342118,4844.370586164,3873.814007422,0.480103101,0.600389522,-1868.015736948,1553.636618003,719.354406462,1.202350482,2.596794737,434109.786730,89895.598995
8,14935,223084095,14937,14934,12920,0.865140,-1764.366657390,4874.996429241,3897.054149921,0.361921631,0.452743685,-1834.514976250,1556.153860967,719.405712947,1.178877630,2.550042269,447558.610981,91186.680449
8,14935,223084095,14937,14934,13559,0.907928,-1849.897452287,4905.502562580,3920.302116276,0.377106612,0.471876248,-1774.916807093,1558.088050805,719.451733518,1.139163352,2.467040837,461337.975338,92341.158346
8,14935,223084095,14937,14934,14230,0.952859,-2059.412434110,4926.061351478,3935.994594661,0.418064715,0.523225422,-1760.355415279,1560.659289231,719.498749519,1.127956260,2.446641383,472934.725706,93509.861813
8,14935,223084095,14937,14934,14934,1.000000,-1305.421585985,4955.374803972,3958.320067396,0.263435489,0.329791822,-1662.856014901,1564.650841385,719.548233127,1.062764913,2.310972272,487149.387943,95097.962460
9,14936,223113968,80435,2773,1,0.000361,-1118.539454348,1118.539454348,1118.539454348,1.000000000,1.000000000,-556.256129581,556.256129581,556.256129581,1.000000000,1.000000000,1118.539454,556.256130
9,14936,223113968,80435,2773,2,0.000721,-556.256129581,1251.915751257,1251.915751257,0.444323932,0.444323932,-556.256129581,556.256129581,557.734806291,1.000000000,0.997348782,1680.822779,556.256130
9,14936,223113968,80435,2773,3,0.001082,-34.558916391,1356.267315280,1356.267315280,0.025480903,0.025480903,-577.797833391,556.673087816,558.150659905,1.037948207,1.035200484,2202.519992,577.797833
9,14936,223113968,80435,2773,4,0.001442,-34.558916391,1461.016615730,1356.267315280,0.023654020,0.025480903,-535.769740862,558.257366508,559.730756448,0.959718175,0.957191890,2745.758909,619.825926
9,14936,223113968,80435,2773,5,0.001803,466.651908081,1544.597631102,1445.916083686,0.302118752,0.322737891,-590.262843355,560.910675134,560.393517333,1.052329488,1.053300627,3246.969734,674.319028
9,14936,223113968,80435,2773,6,0.002164,-61.805467637,1632.497791716,1539.461113187,0.037859449,0.040147469,-411.251614277,588.783326544,588.290671696,0.698477005,0.699061933,3775.427109,853.330257
9,14936,223113968,80435,2773,7,0.002524,287.640679002,1669.479454608,1578.623808390,0.172293632,0.182209769,-535.487706588,601.747797876,591.561126227,0.889887273,0.905211115,4124.873256,977.566350
9,14936,223113968,80435,2773,8,0.002885,287.640679002,1719.461175528,1578.623808390,0.167285358,0.182209769,-285.969085987,651.429162899,604.573776779,0.438987233,0.473009411,4536.437449,1227.084970
9,14936,223113968,80435,2773,9,0.003246,287.640679002,1743.216502553,1578.623808390,0.165005711,0.182209769,-509.727261069,688.787104403,614.838500582,0.740036011,0.829042522,4823.242331,1450.843145
9,14936,223113968,80435,2773,10,0.003606,-111.043291033,1788.226127405,1628.189803548,0.062096896,0.068200458,-424.188805217,694.078167515,620.760186568,0.611154226,0.683337647,5221.926301,1536.381601
9,14936,223113968,80435,2773,11,0.003967,202.102223150,1815.437356614,1658.029598479,0.111324262,0.121893013,-395.800563793,694.658473548,620.922444667,0.569777205,0.637439615,5535.071816,1564.769843
9,14936,223113968,80435,2773,12,0.004327,202.102223150,1839.887151824,1658.029598479,0.109844902,0.121893013,-387.561576612,694.707331027,620.936109852,0.557877482,0.624156931,5834.023209,1573.008830
9,14936,223113968,80435,2773,13,0.004688,496.934123030,1863.360024427,1684.039191533,0.266687122,0.295084655,-413.539876366,695.192885349,620.996488156,0.594856313,0.665929493,6128.855109,1598.987130
9,14936,223113968,80435,2773,14,0.005049,193.442789898,1887.913549377,1711.167726409,0.102463797,0.113047241,-349.126635604,698.170619137,621.831090167,0.500059192,0.561449309,6432.346442,1663.400370
9,14936,223113968,80435,2773,15,0.005409,-77.841922853,1907.305157884,1732.538710470,0.040812516,0.044929399,-338.822451348,698.246653869,621.916458145,0.485247512,0.544803803,6703.631155,1673.704555
9,14936,223113968,80435,2773,16,0.005770,-77.841922853,1925.077609227,1732.538710470,0.040435732,0.044929399,-381.922655483,699.575597942,623.408139591,0.545934788,0.612636620,6964.611683,1716.804759
9,14936,223113968,80435,2773,17,0.006131,226.238809776,1948.945585054,1759.021169638,0.116082671,0.128616309,-175.126855083,729.500185263,631.924706175,0.240064168,0.277132471,7268.692416,1923.600559
9,14936,223113968,80435,2773,18,0.006491,226.238809776,1959.250492595,1759.021169638,0.115472121,0.128616309,-254.036317120,733.755561135,633.155202201,0.346213822,0.401222822,7469.375248,2002.510021
9,14936,223113968,80435,2773,19,0.006852,466.376373225,1973.911989455,1775.337017192,0.236270095,0.262697374,-297.687365555,735.052812747,633.322368738,0.404987724,0.470040820,7709.512812,2046.161070
9,14936,223113968,80435,2773,20,0.007212,466.376373225,1990.274974747,1775.337017192,0.234327608,0.262697374,-402.616331499,742.504360540,634.287447332,0.542241033,0.634753743,7964.200725,2151.090036
9,14936,223113968,80435,2773,21,0.007573,176.712138317,2011.243357749,1798.812634378,0.087862136,0.098238213,-423.699775985,742.803632902,634.375041873,0.570406171,0.667901081,8253.864960,2172.173480
9,14936,223113968,80435,2773,22,0.007934,-123.493818834,2033.524885709,1823.691451509,0.060728944,0.067716399,-355.443533219,745.933074564,638.036525935,0.476508611,0.557089632,8554.070917,2240.429723
9,14936,223113968,80435,2773,23,0.008294,108.455895550,2046.710563514,1838.382762188,0.052990343,0.058995274,-338.755008980,746.119734741,638.091086866,0.454022315,0.530888169,8786.020631,2257.118247
9,14936,223113968,80435,2773,24,0.008655,108.455895550,2058.888906445,1838.382762188,0.052676905,0.058995274,-298.735460962,747.192226133,638.404751074,0.399810719,0.467940535,9009.626084,2297.137795
9,14936,223113968,80435,2773,25,0.009016,108.455895550,2068.930817908,1838.382762188,0.052421229,0.058995274,-305.508562354,747.222923696,638.413733342,0.408858659,0.478543218,9213.221762,2303.910897
9,14936,223113968,80435,2773,26,0.009376,-98.526333402,2079.258611234,1849.998060381,0.047385319,0.053257533,-351.537286796,748.639259704,640.070885444,0.469568330,0.549216180,9420.203991,2349.939621
9,14936,223113968,80435,2773,27,0.009737,-98.526333402,2094.595644731,1849.998060381,0.047038355,0.053257533,-322.101501099,749.217729802,640.747379138,0.429917083,0.502696557,9673.214944,2379.375407
9,14936,223113968,80435,2773,28,0.010097,-98.526333402,2106.493952172,1849.998060381,0.046772664,0.053257533,-294.099248271,749.740843767,641.358971276,0.392267876,0.458556380,9896.790112,2407.377660
9,14936,223113968,80435,2773,30,0.010819,291.419848097,2124.463815260,1870.433787982,0.137173364,0.155803349,-274.931791862,749.932170682,641.384448233,0.366608878,0.428653661,10286.736293,2426.545116
9,14936,223113968,80435,2773,31,0.011179,480.203728084,2132.835168430,1879.936676744,0.225148073,0.255436119,-218.946345314,752.019036228,641.537145124,0.291144685,0.341283972,10475.520173,2482.530562
9,14936,223113968,80435,2773,32,0.011540,480.203728084,2139.985171038,1879.936676744,0.224395820,0.255436119,-361.252289086,765.365019113,642.522836113,0.472000000,0.562240389,10650.307692,2624.836506
9,14936,223113968,80435,2773,33,0.011900,269.839723791,2150.299873637,1891.669876820,0.125489346,0.142646308,-465.279262558,772.402242159,643.457843353,0.602379482,0.723092068,10860.671696,2728.863480
9,14936,223113968,80435,2773,35,0.012622,-203.738716141,2176.249975426,1921.116688763,0.093619170,0.106052234,-447.407165660,773.254969198,643.847173109,0.578602380,0.694896529,11334.250136,2776.994920
9,14936,223113968,80435,2773,36,0.012982,-203.738716141,2189.848914613,1921.116688763,0.093037796,0.106052234,-386.924097055,775.616818395,646.681825868,0.498859860,0.598322207,11577.918585,2837.477989
9,14936,223113968,80435,2773,38,0.013704,-294.840838322,2214.549341732,1949.225448730,0.133138076,0.151260511,-496.551628039,800.029508809,657.087787057,0.620666641,0.755685371,12035.391469,3092.258946
9,14936,223113968,80435,2773,39,0.014064,-496.551628039,2223.716715244,1959.634428322,0.223298060,0.253389929,-496.551628039,800.029508809,657.167780350,0.620666641,0.755593386,12237.102259,3092.258946
9,14936,223113968,80435,2773,41,0.014785,-349.742347870,2236.766625583,1965.125964769,0.156360679,0.177974519,-503.105337983,800.056351815,658.715339778,0.628837377,0.763767454,12575.368957,3098.812656
9,14936,223113968,80435,2773,42,0.015146,-196.379357757,2242.018096283,1971.101282062,0.087590443,0.099629258,-555.341953514,801.759833168,659.232936723,0.692653748,0.842406261,12728.731947,3151.049272
9,14936,223113968,80435,2773,44,0.015867,-16.898059878,2253.867868113,1979.255870380,0.007497360,0.008537582,-455.413333656,808.363138748,660.128330768,0.563377165,0.689886061,13053.339696,3257.249738
9,14936,223113968,80435,2773,46,0.016589,-223.578427670,2268.039533200,1990.017732299,0.098577835,0.112349968,-584.518321692,830.150911297,663.413665150,0.704110920,0.881076698,13406.191821,3491.196409
9,14936,223113968,80435,2773,48,0.017310,-43.108480659,2283.200254523,1998.184169850,0.018880727,0.021573828,-663.092809640,832.086825738,663.683087861,0.796903387,0.999110602,13777.529985,3569.770897
9,14936,223113968,80435,2773,50,0.018031,-43.108480659,2299.268178251,1998.184169850,0.018748783,0.021573828,-702.024803194,847.452139182,665.839804946,0.828394632,1.054344901,14160.037387,3793.595795
9,14936,223113968,80435,2773,52,0.018752,-262.747254837,2319.385061117,2010.219184010,0.113283154,0.130705774,-584.943853475,853.553264067,667.785262977,0.685304454,0.875946035,14591.033005,3910.676745
9,14936,223113968,80435,2773,54,0.019473,-101.648955518,2332.402214381,2016.664034936,0.043581229,0.050404507,-608.181673537,858.365769884,668.470313257,0.708534397,0.909811044,14938.143040,4036.919544
9,14936,223113968,80435,2773,56,0.020195,-270.493194858,2344.990490428,2023.719893405,0.115349378,0.133661381,-613.288006845,858.453795978,668.498572127,0.714410035,0.917411095,15281.262732,4053.538064
9,14936,223113968,80435,2773,58,0.020916,-589.938449498,2355.902297734,2036.353958239,0.250408708,0.289703294,-589.938449498,858.771286000,669.851284935,0.686956421,0.880700631,15600.707986,4076.887621
9,14936,223113968,80435,2773,61,0.021998,-202.917479913,2378.158079190,2054.708203221,0.085325480,0.098757322,-646.127313225,860.099577912,670.812959423,0.751223846,0.963200404,16161.717047,4152.335332
9,14936,223113968,80435,2773,63,0.022719,-424.522396569,2398.919932472,2066.623947280,0.176963971,0.205418309,-587.896527202,862.220053292,673.529630309,0.681840471,0.872859189,16607.090268,4214.892892
9,14936,223113968,80435,2773,66,0.023801,-396.227490062,2411.623710352,2074.935061835,0.164299052,0.190958983,-505.960497743,864.207919393,676.664371962,0.585461538,0.747727409,17031.311750,4296.828921
9,14936,223113968,80435,2773,68,0.024522,-286.494482381,2416.162359422,2077.834652663,0.118574185,0.137881271,-501.405548876,864.609420393,676.792584737,0.579921450,0.740855559,17240.394110,4333.808594
9,14936,223113968,80435,2773,71,0.025604,-55.817296837,2430.388880823,2094.360620511,0.022966406,0.026651235,-551.481794525,868.308534766,679.199443081,0.635121932,0.811958549,17685.982362,4472.131451
9,14936,223113968,80435,2773,74,0.026686,-7.689350793,2448.170779572,2108.506181841,0.003140856,0.003646824,-514.257054980,896.282362713,681.905436518,0.573766791,0.754147170,18192.653010,4819.930280
9,14936,223113968,80435,2773,77,0.027768,-155.196740992,2463.534429440,2113.659563181,0.062997594,0.073425609,-410.699198628,898.298037729,682.358983365,0.457197034,0.601881427,18667.732947,4923.488137
9,14936,223113968,80435,2773,80,0.028850,88.718257949,2475.522584277,2120.700626439,0.035838194,0.041834409,-585.348201709,925.847845053,684.699535693,0.632229372,0.854897910,19083.099928,5191.144832
9,14936,223113968,80435,2773,83,0.029931,123.277347246,2489.101390147,2129.879565291,0.049526848,0.057879962,-446.093049567,952.112019082,687.327189468,0.468530006,0.649025757,19528.811963,5537.754520
9,14936,223113968,80435,2773,87,0.031374,-358.340030909,2508.659520794,2147.992646155,0.142841238,0.166825539,-512.149846434,955.505473279,688.000730868,0.535998862,0.744403056,20152.771940,5677.814202
9,14936,223113968,80435,2773,90,0.032456,-192.201965515,2524.999144592,2154.408100780,0.076119616,0.089213351,-532.243767433,955.865750664,688.208653636,0.556818536,0.773375581,20648.756104,5721.969649
9,14936,223113968,80435,2773,94,0.033898,-656.321391206,2544.342358675,2171.089306906,0.257953254,0.302300504,-495.270796896,956.112627529,688.552137532,0.518004660,0.719293093,21273.819135,5758.942620
9,14936,223113968,80435,2773,98,0.035341,-699.699607362,2557.763745566,2180.232295208,0.273559123,0.320928925,-555.437369857,959.802295058,691.605466388,0.578699773,0.803113042,21787.061409,5921.973469
9,14936,223113968,80435,2773,102,0.036783,-467.995993074,2570.462388930,2186.385459812,0.182066851,0.214050085,-568.112263454,960.040601511,691.972617111,0.591758580,0.821003967,22295.093168,5959.015160
9,14936,223113968,80435,2773,106,0.038226,-359.519405662,2580.455472488,2195.669721680,0.139324011,0.163740203,-613.673805426,961.719012206,692.491956399,0.638100940,0.886181853,22746.572640,6054.738604
9,14936,223113968,80435,2773,110,0.039668,-29.570689390,2589.681363957,2204.017490664,0.011418659,0.013416722,-551.189230896,964.199838425,692.867340489,0.571654556,0.795519140,23181.266518,6149.196141
9,14936,223113968,80435,2773,115,0.041471,-1.151443785,2603.233000780,2215.727067390,0.000442313,0.000519669,-590.313857490,1000.707298083,695.184206909,0.589896625,0.849147394,23767.500586,6629.542137
9,14936,223113968,80435,2773,119,0.042914,-242.447760152,2615.007238482,2222.316584327,0.092713992,0.109096859,-634.812498427,1013.091394224,695.971748990,0.626609309,0.912123947,24261.950275,6902.195257
9,14936,223113968,80435,2773,124,0.044717,-522.259577292,2634.010008640,2231.141335775,0.198275472,0.234077317,-673.850075556,1016.955532495,696.765666995,0.662615084,0.967111480,24966.908257,7063.247219
9,14936,223113968,80435,2773,129,0.046520,-528.012330018,2655.079165516,2239.502898557,0.198868771,0.235772113,-661.079600456,1018.602788647,698.120815000,0.649006274,0.946941541,25711.116062,7180.166720
9,14936,223113968,80435,2773,134,0.048323,-555.493724954,2671.411158653,2254.822117820,0.207940183,0.246358114,-702.896492823,1022.992035644,699.256315257,0.687098695,1.005205784,26367.870916,7366.479170
9,14936,223113968,80435,2773,140,0.050487,-173.621785546,2691.769140004,2265.607227124,0.064500994,0.076633665,-674.004385455,1030.194792626,700.309182582,0.654249459,0.962438309,27175.266619,7617.356896
9,14936,223113968,80435,2773,145,0.052290,-612.055798117,2703.135236208,2276.298904789,0.226424409,0.268881998,-612.055798117,1031.460476836,700.972399889,0.593387543,0.873152492,27726.653744,7711.336270
9,14936,223113968,80435,2773,151,0.054454,-501.018161443,2712.846996386,2282.690581626,0.184683531,0.219485797,-598.951193025,1031.771014693,701.778816218,0.580507869,0.853475738,28281.613182,7756.804852
9,14936,223113968,80435,2773,157,0.056617,-349.925624740,2727.609128710,2291.993650014,0.128290238,0.152673034,-571.771986407,1034.028292641,703.166687982,0.552955843,0.813138614,28969.949081,7890.303069
9,14936,223113968,80435,2773,164,0.059142,-567.387523172,2745.857353408,2303.671002285,0.206634013,0.246297116,-567.387523172,1034.084107635,703.362805353,0.548686049,0.806678316,29804.967534,7906.369333
9,14936,223113968,80435,2773,171,0.061666,-318.258387912,2761.803964459,2314.948057499,0.115235691,0.137479710,-520.301272954,1034.405758633,704.113816982,0.502995337,0.738944842,30586.788052,7954.408373
9,14936,223113968,80435,2773,177,0.063830,-236.751530774,2771.929197816,2321.019601971,0.085410382,0.102003245,-599.258086259,1038.169608341,704.751252306,0.577225611,0.850311488,31165.394941,8153.749276
9,14936,223113968,80435,2773,185,0.066715,-229.883780040,2787.310579928,2334.477052434,0.082475122,0.098473352,-446.951323096,1042.416036670,705.358966893,0.428764819,0.633650870,31986.837089,8370.167689
9,14936,223113968,80435,2773,192,0.069239,-28.797284183,2796.732108478,2340.590882368,0.010296762,0.012303425,-634.108783032,1050.375083308,706.096156877,0.603697473,0.898048767,32584.807733,8680.776271
9,14936,223113968,80435,2773,200,0.072124,296.716451453,2815.100770847,2355.017674057,0.105401716,0.125993301,-555.227977007,1067.747591790,706.623986811,0.519999278,0.785747423,33488.909923,9137.519052
9,14936,223113968,80435,2773,208,0.075009,-324.720633452,2838.173118486,2371.464180064,0.114411849,0.136928332,-747.235754346,1077.217198253,707.062997542,0.693672321,1.056816376,34507.761098,9454.754170
9,14936,223113968,80435,2773,217,0.078255,-892.772984615,2859.772981231,2392.128783344,0.312183166,0.373212760,-710.731051404,1077.672765538,707.403515669,0.659505440,1.004703872,35550.786583,9523.600129
9,14936,223113968,80435,2773,225,0.081140,-943.615257265,2877.851699199,2404.696343096,0.327888771,0.392405162,-611.581495025,1087.517325779,708.307526098,0.562364829,0.863440628,36454.903714,9832.879792
9,14936,223113968,80435,2773,235,0.084746,-635.283363322,2896.276082728,2420.571294674,0.219344892,0.262451829,-635.283363322,1088.565274086,708.931891106,0.583596940,0.896113394,37484.570264,9932.881904
9,14936,223113968,80435,2773,244,0.087991,-482.775682692,2906.630890480,2425.932819825,0.166094596,0.199006204,-620.488121195,1090.129884688,709.623762004,0.569187333,0.874390282,38217.358100,10045.112174
9,14936,223113968,80435,2773,254,0.091598,-648.242866471,2917.547855762,2433.957973620,0.222187569,0.266332810,-648.242866471,1091.565178347,710.180879565,0.593865469,0.912785581,39011.428298,10186.811325
9,14936,223113968,80435,2773,264,0.095204,-481.007740907,2930.975755119,2443.583724247,0.164111812,0.196845206,-658.805699977,1092.566934913,710.563967725,0.602988869,0.927158891,39895.737564,10314.214240
9,14936,223113968,80435,2773,275,0.099171,-404.145487719,2943.671302974,2453.645033715,0.137293008,0.164712288,-676.418846738,1093.553467249,710.916519800,0.618551234,0.951474369,40798.562846,10444.743110
9,14936,223113968,80435,2773,286,0.103137,47.540630740,2958.179272831,2465.005321209,0.016070909,0.019286218,-734.912689216,1096.003040844,711.153187847,0.670538914,1.033409822,41767.218812,10639.769847
9,14936,223113968,80435,2773,298,0.107465,-170.075629213,2978.995027092,2477.274934600,0.057091612,0.068654321,-812.643133752,1107.341449930,711.463886587,0.733868613,1.142212766,42980.076095,11070.672281
9,14936,223113968,80435,2773,310,0.111792,-525.215257098,2995.166462643,2490.489824496,0.175354280,0.210888337,-700.931866760,1111.953088481,711.931833454,0.630361005,0.984549129,44053.379629,11303.428537
9,14936,223113968,80435,2773,323,0.116480,-430.279906795,3012.722433614,2505.653769388,0.142820959,0.171723608,-705.634084390,1113.809059333,712.194695798,0.633532362,0.990788177,45221.434278,11497.264746
9,14936,223113968,80435,2773,336,0.121168,-910.034069896,3032.715682906,2518.667857268,0.300072333,0.361315632,-716.476982694,1114.139694711,712.778116506,0.643076435,1.005189366,46472.847320,11561.838107
9,14936,223113968,80435,2773,349,0.125856,-810.106375291,3053.580608087,2532.388582033,0.265297197,0.319898131,-732.630414562,1114.892323623,713.194528538,0.657131096,1.027251872,47757.094778,11682.465686
9,14936,223113968,80435,2773,364,0.131266,-729.104253144,3066.093812743,2539.616649346,0.237795807,0.287092248,-729.104253144,1115.044280887,713.607147721,0.653879192,1.021716578,48818.805365,11725.294547
9,14936,223113968,80435,2773,378,0.136314,-602.644077828,3077.407710824,2547.227255671,0.195828481,0.236588265,-720.990243149,1115.594279210,713.892915014,0.646283561,1.009941727,49803.824556,11820.390341
9,14936,223113968,80435,2773,394,0.142084,-891.775288763,3095.099087972,2561.744336388,0.288124956,0.348112525,-801.249859630,1116.779630456,714.242699988,0.717464608,1.121817359,51118.016546,11964.769890
9,14936,223113968,80435,2773,410,0.147854,-651.796703431,3112.319749597,2576.218781438,0.209424724,0.253005183,-797.371936579,1117.659195971,714.971593621,0.713430301,1.115249814,52421.823762,12086.406767
9,14936,223113968,80435,2773,426,0.153624,-737.990269744,3123.400691704,2583.985510693,0.236277808,0.285601551,-800.112057113,1117.671907020,715.200524115,0.715873820,1.118724092,53469.641558,12100.430404
9,14936,223113968,80435,2773,444,0.160115,-129.308087572,3138.823568856,2596.648266978,0.041196354,0.049798076,-672.183122512,1131.199322282,715.775745397,0.594221645,0.939097373,54783.447493,12640.134129
9,14936,223113968,80435,2773,462,0.166607,-409.870197713,3154.826348474,2609.088030627,0.129918465,0.157093280,-744.845232074,1141.433831559,716.253863893,0.652552265,1.039917925,56121.634123,13158.888038
9,14936,223113968,80435,2773,481,0.173458,-444.898195069,3175.441508208,2624.516042643,0.140105933,0.169516280,-935.718976431,1150.774551042,716.628349106,0.813121020,1.305724198,57685.287816,13675.042324
9,14936,223113968,80435,2773,500,0.180310,-399.804288296,3193.560867882,2637.723384282,0.125190753,0.151571727,-702.674172727,1156.548487833,717.004192857,0.607561360,0.980014036,59152.495233,14050.108696
9,14936,223113968,80435,2773,520,0.187523,-714.247276244,3208.759256242,2649.337525654,0.222592977,0.269594670,-797.345638356,1161.281492964,717.561065486,0.686608409,1.111188548,60529.801323,14371.200941
9,14936,223113968,80435,2773,541,0.195096,-795.900367779,3231.193750511,2663.641466997,0.246317748,0.298801613,-795.900367779,1161.852584640,717.866071030,0.685026980,1.108703141,62269.610881,14492.540197
9,14936,223113968,80435,2773,564,0.203390,-1151.700023472,3252.699783544,2679.557636893,0.354075107,0.429809759,-914.466760600,1164.590568137,718.157407660,0.785225972,1.273351428,64043.505206,14775.719610
9,14936,223113968,80435,2773,586,0.211323,-1349.486458183,3271.219812295,2692.803264547,0.412533103,0.501145582,-851.696811701,1169.035833062,718.406447995,0.728546369,1.185536146,65666.619880,15156.665902
9,14936,223113968,80435,2773,610,0.219978,-785.732493378,3287.612859910,2705.507691058,0.238997877,0.290419612,-900.283436732,1172.212001362,718.675298828,0.768021003,1.252698455,67257.083157,15419.309176
9,14936,223113968,80435,2773,635,0.228994,-852.930605567,3297.721788922,2713.632290564,0.258642378,0.314313258,-852.930605567,1174.054252382,718.940404601,0.726483128,1.186371777,68535.774829,15660.588494
9,14936,223113968,80435,2773,661,0.238370,-277.450562871,3309.009383036,2721.636417920,0.083847016,0.101942552,-817.770079427,1181.260113200,719.192164703,0.692286204,1.137067559,69924.955005,16133.308087
9,14936,223113968,80435,2773,688,0.248107,-307.331868885,3320.169183063,2730.233013209,0.092565123,0.112566168,-905.128332480,1203.041281921,719.502605477,0.752366811,1.257991737,71334.305259,17142.793933
9,14936,223113968,80435,2773,716,0.258204,-682.595741046,3340.784366191,2746.340769575,0.204321999,0.248547357,-1001.025568813,1205.850862500,719.654586489,0.830140443,1.390980600,73275.973899,17511.187955
9,14936,223113968,80435,2773,745,0.268662,-682.580056316,3367.585142142,2764.995853478,0.202691254,0.246864767,-1029.332675268,1206.657998464,719.879419292,0.853044257,1.429868180,75550.870240,17690.072307
9,14936,223113968,80435,2773,775,0.279481,-819.697230567,3391.224202941,2782.144101659,0.241711306,0.294627884,-944.213293135,1207.665084161,720.172974918,0.781850287,1.311092371,77730.949808,17921.313233
9,14936,223113968,80435,2773,807,0.291021,-1033.445007682,3406.361424558,2794.883623182,0.303386775,0.369763163,-925.740554228,1208.280864323,720.554546431,0.766163383,1.284761242,79540.650194,18055.558704
9,14936,223113968,80435,2773,839,0.302560,-768.330262654,3421.248595648,2805.954875086,0.224575982,0.273821318,-965.969052893,1209.923453455,720.956909030,0.798372038,1.339842979,81333.691755,18277.321964
9,14936,223113968,80435,2773,873,0.314821,-1061.374008596,3440.443004651,2817.158320367,0.308499227,0.376753412,-960.702428270,1210.213274986,721.111374577,0.793829028,1.332252495,83440.960460,18378.936334
9,14936,223113968,80435,2773,909,0.327804,-889.421555275,3456.283623213,2829.363145238,0.257334655,0.314353976,-947.291107840,1210.462707123,721.517130692,0.782585950,1.312915616,85418.252084,18477.017872
9,14936,223113968,80435,2773,946,0.341147,-1086.762467344,3477.565213883,2845.559869306,0.312506711,0.381915165,-977.439117765,1211.837500313,721.740307886,0.806576061,1.354280906,87750.676777,18721.027169
9,14936,223113968,80435,2773,984,0.354850,-1086.192308552,3490.602333931,2854.815566933,0.311176182,0.380477226,-980.731475223,1213.046414045,722.061889066,0.808486356,1.358237417,89592.882836,18986.801851
9,14936,223113968,80435,2773,1024,0.369275,-729.548544708,3507.444391645,2868.270954173,0.208000032,0.254351334,-964.512915380,1213.240081608,722.254869956,0.794989327,1.335419054,91758.271538,19082.419883
9,14936,223113968,80435,2773,1066,0.384421,-529.585608004,3522.222766830,2878.562485560,0.150355512,0.183975721,-965.565588845,1216.259421288,722.435522639,0.793881282,1.336542236,93831.097742,19513.807075
9,14936,223113968,80435,2773,1109,0.399928,-147.799268669,3542.487814620,2892.800554867,0.041721885,0.051092105,-990.220317159,1230.567838499,722.682571391,0.804685679,1.370200910,96306.801791,20438.647755
9,14936,223113968,80435,2773,1154,0.416156,-608.139317898,3558.567319347,2905.533223689,0.170894426,0.209303860,-883.056248740,1239.698856852,722.842740508,0.712315127,1.221643657,98569.695772,21228.209170
9,14936,223113968,80435,2773,1201,0.433105,-618.969618979,3574.706596480,2917.732396731,0.173152566,0.212140640,-894.812110365,1244.140672832,723.081437870,0.719221009,1.237498383,100892.424926,21808.420016
9,14936,223113968,80435,2773,1250,0.450775,-738.784905242,3596.823446977,2934.277478670,0.205399269,0.251777451,-936.536074984,1244.785495347,723.305396167,0.752367439,1.294800343,103671.872899,22014.431597
9,14936,223113968,80435,2773,1301,0.469167,-882.147224035,3623.352356354,2954.490017478,0.243461617,0.298578509,-944.352273764,1244.957254217,723.516687591,0.758541926,1.305225284,106789.651478,22096.991282
9,14936,223113968,80435,2773,1354,0.488280,-1267.865471725,3648.815598092,2973.734388795,0.347473156,0.426354646,-991.303731494,1245.521510354,723.663861211,0.795894509,1.369840038,109910.879416,22249.298275
9,14936,223113968,80435,2773,1409,0.508114,-1393.414981719,3664.897050839,2986.384963333,0.380205764,0.466589204,-1011.092960204,1249.189931930,723.776637067,0.809398903,1.396968220,112451.060651,22815.504370
9,14936,223113968,80435,2773,1466,0.528669,-1166.582939540,3676.368639927,2994.645016239,0.317319359,0.389556336,-1064.295765312,1255.705511390,723.947109448,0.847567965,1.470129173,114635.246951,23462.086447
9,14936,223113968,80435,2773,1526,0.550307,-992.811079210,3693.755749134,3007.699355391,0.268780923,0.330089867,-1039.240219761,1256.284889417,724.078705723,0.827232922,1.435258642,117392.798241,23655.890736
9,14936,223113968,80435,2773,1588,0.572665,-752.875137702,3709.504455688,3019.565808630,0.202958413,0.249332250,-1048.539482404,1257.065650614,724.227124370,0.834116724,1.447804766,120059.658578,23890.059733
9,14936,223113968,80435,2773,1652,0.595745,-675.777071519,3725.375679624,3031.182954665,0.181398369,0.222941697,-1194.108309742,1265.258298105,724.338118695,0.943766432,1.648550972,122795.762794,24712.942426
9,14936,223113968,80435,2773,1719,0.619906,-753.947232958,3744.194429241,3044.397755182,0.201364338,0.247650699,-1089.780182617,1274.938456844,724.475894944,0.854770814,1.504232494,125859.278442,25733.521492
9,14936,223113968,80435,2773,1789,0.645150,-692.293404309,3763.514889624,3058.944668330,0.183948629,0.226317727,-1100.489394601,1282.488268351,724.633385520,0.858089249,1.518684367,129038.664602,26668.784163
9,14936,223113968,80435,2773,1862,0.671475,-1094.382526737,3784.949265698,3073.495404613,0.289140607,0.356070982,-1094.382526737,1284.146625991,724.774489375,0.852225521,1.509962813,132464.772390,27014.012785
9,14936,223113968,80435,2773,1937,0.698521,-1011.881709999,3810.158793537,3092.216423148,0.265574682,0.327235087,-1064.227985720,1285.018126010,724.954178485,0.828181303,1.467993450,136249.130084,27332.026726
9,14936,223113968,80435,2773,2016,0.727010,-1116.194450101,3833.589177488,3110.551121876,0.291161728,0.358841378,-1071.421802754,1287.047479486,725.109256797,0.832464862,1.477600503,140003.534561,27787.327744
9,14936,223113968,80435,2773,2098,0.756581,-1161.732414078,3853.592377439,3125.414649734,0.301467384,0.371705052,-1117.651970787,1289.198226808,725.287772734,0.866935703,1.540977268,143542.563027,28273.011139
9,14936,223113968,80435,2773,2183,0.787234,-1269.718849562,3870.901116444,3138.532399112,0.328016348,0.404558146,-1104.567798753,1289.597812845,725.422723456,0.856521148,1.522653982,146892.171207,28467.895564
9,14936,223113968,80435,2773,2272,0.819329,-1304.697673012,3888.390911518,3151.824224314,0.335536653,0.413950011,-1066.858225184,1293.247121018,725.519933783,0.824945370,1.470474036,150360.837448,29198.661370
9,14936,223113968,80435,2773,2365,0.852867,-968.158598154,3901.981520697,3162.222536434,0.248119729,0.306163968,-1086.398779217,1293.638626649,725.617933021,0.839800820,1.497204975,153487.430405,29426.144244
9,14936,223113968,80435,2773,2461,0.887486,-731.209658549,3921.359548565,3176.921060919,0.186468405,0.230162993,-1129.628359790,1303.048019898,725.752501113,0.866912303,1.556492548,157285.140710,30595.225914
9,14936,223113968,80435,2773,2561,0.923549,-1024.550111885,3945.532485871,3195.057865612,0.259673470,0.320667154,-1197.933639695,1304.841940588,725.907280706,0.918068007,1.650257094,161624.020978,31022.656103
9,14936,223113968,80435,2773,2665,0.961053,-1559.497741235,3965.725851590,3210.176414614,0.393243961,0.485798143,-1242.886923084,1308.090466743,726.016381091,0.950153644,1.711926832,165693.322753,31724.029202
9,14936,223113968,80435,2773,2773,1.000000,-728.372878784,3982.297456454,3222.941650641,0.182902680,0.225996297,-1379.384769114,1316.629247888,726.153917521,1.047663776,1.899576296,169451.741183,32845.207178
9,17320,300017040,80435,3729,1,0.000268,-1060.082278814,1060.082278814,1060.082278814,1.000000000,1.000000000,-306.867231494,306.867231494,306.867231494,1.000000000,1.000000000,1060.082279,306.867231
9,17320,300017040,80435,3729,2,0.000536,-306.867231494,1300.425832320,1300.425832320,0.235974420,0.235974420,-306.867231494,306.867231494,307.426610670,1.000000000,0.998180446,1813.297326,306.867231
9,17320,300017040,80435,3729,3,0.000805,427.810739911,1493.606061528,1493.606061528,0.286428096,0.286428096,-95.237962864,372.765938768,373.226564286,0.255489982,0.255174663,2547.975298,518.496500
9,17320,300017040,80435,3729,4,0.001073,427.810739911,1582.541946524,1493.606061528,0.270331375,0.286428096,-141.906242655,375.675888824,376.132950733,0.377735827,0.377276818,3071.024000,565.164780
9,17320,300017040,80435,3729,5,0.001341,997.527722477,1681.968029640,1598.573272408,0.593071750,0.624011260,136.361457342,467.509664398,401.041425345,0.291676232,0.340018384,3640.740983,843.432480
9,17320,300017040,80435,3729,6,0.001609,566.944589910,1736.208019445,1655.547746611,0.326541856,0.342451368,152.190889358,467.777572382,401.353704058,0.325348837,0.379193932,4071.324115,859.261912
9,17320,300017040,80435,3729,7,0.001877,981.698290462,1785.059920256,1706.709985156,0.549952570,0.575199242,-178.531953959,572.881712323,434.084318461,0.311638424,0.411284044,4486.077816,1189.984755
9,17320,300017040,80435,3729,8,0.002145,981.698290462,1876.958303725,1706.709985156,0.523026158,0.575199242,397.007583929,812.058628417,520.807676068,0.488890297,0.762292113,5066.192938,1765.524293
9,17320,300017040,80435,3729,9,0.002414,981.698290462,1899.588976463,1706.709985156,0.516795108,0.575199242,279.649009746,820.495125470,524.102942355,0.340829581,0.533576493,5358.538291,1882.882867
9,17320,300017040,80435,3729,10,0.002682,630.673650104,1931.749615669,1742.434294764,0.326477948,0.361949746,230.748167495,821.951058941,526.379318133,0.280732247,0.438368605,5709.562932,1931.783710
9,17320,300017040,80435,3729,11,0.002950,1030.599132712,1972.713098572,1787.740938505,0.522427277,0.576481251,317.845598823,826.552784665,528.177694714,0.384543619,0.601777777,6109.488414,2018.881141
9,17320,300017040,80435,3729,12,0.003218,1030.599132712,2004.644948437,1787.740938505,0.514105569,0.576481251,384.714346193,829.253239495,529.234857637,0.463928662,0.726925562,6465.865181,2085.749888
9,17320,300017040,80435,3729,13,0.003486,1353.541525972,2030.490866431,1816.675384479,0.666608035,0.745065154,245.601361554,840.840863486,531.262462163,0.292090183,0.462297601,6788.807575,2224.862873
9,17320,300017040,80435,3729,14,0.003754,984.228137833,2063.803657647,1853.834359168,0.476900084,0.530914821,409.100276308,856.589313985,537.515374185,0.477592085,0.761095023,7158.120963,2388.361788
9,17320,300017040,80435,3729,15,0.004023,696.664207070,2083.741479069,1876.005022783,0.334333320,0.371355193,411.631944058,856.593055175,537.521336159,0.480545507,0.765796474,7445.684894,2390.893455
9,17320,300017040,80435,3729,16,0.004291,696.664207070,2103.145725467,1876.005022783,0.331248662,0.371355193,498.648502493,861.001477128,544.519116532,0.579149416,0.915759406,7730.717157,2477.910014
9,17320,300017040,80435,3729,17,0.004559,894.679911647,2112.446960709,1886.426533095,0.423527752,0.474272332,146.940581721,930.065591854,572.211222934,0.157989483,0.256794302,7928.732861,2829.617935
9,17320,300017040,80435,3729,18,0.004827,894.679911647,2145.276366390,1886.426533095,0.417046459,0.474272332,191.032367953,931.110138900,572.635752512,0.205166242,0.333601888,8302.602526,2873.709721
9,17320,300017040,80435,3729,19,0.005095,1246.503683495,2173.934372199,1918.954150365,0.573386069,0.649574500,243.659401481,932.596212420,572.904388974,0.261269988,0.425305524,8654.426298,2926.336754
9,17320,300017040,80435,3729,20,0.005363,1246.503683495,2199.485105039,1918.954150365,0.566725222,0.649574500,300.949530835,934.354244568,573.222577391,0.322093609,0.525013394,8988.707725,2983.626884
9,17320,300017040,80435,3729,21,0.005632,931.318965941,2221.953224861,1944.666150624,0.419144272,0.478909434,277.441617570,934.649921804,573.343072451,0.296840144,0.483901578,9303.892443,3007.134797
9,17320,300017040,80435,3729,22,0.005900,604.380291756,2245.877340851,1971.957234339,0.269106545,0.306487525,361.296983633,938.404070082,579.442836822,0.385012166,0.623524808,9630.831117,3090.990163
9,17320,300017040,80435,3729,23,0.006168,847.463599879,2258.994140062,1986.883194541,0.375150862,0.426529150,401.905065618,939.282287211,579.798460868,0.427885281,0.693180636,9873.914425,3131.598245
9,17320,300017040,80435,3729,24,0.006436,847.463599879,2269.952670586,1986.883194541,0.373339766,0.426529150,396.156659907,939.299877162,579.805584888,0.421757385,0.683257751,10096.693692,3137.346651
9,17320,300017040,80435,3729,25,0.006704,847.463599879,2281.141077447,1986.883194541,0.371508631,0.426529150,306.046901853,943.612223179,581.553487129,0.324335457,0.526257530,10322.347162,3227.456409
9,17320,300017040,80435,3729,26,0.006972,576.755250866,2297.147715198,2005.240095094,0.251074516,0.287624037,352.138371131,944.737239275,583.377135249,0.372736838,0.603620454,10593.055511,3273.547878
9,17320,300017040,80435,3729,27,0.007241,576.755250866,2308.103197022,2005.240095094,0.249882783,0.287624037,351.716456341,944.737333488,583.377287820,0.372290206,0.602897068,10817.672391,3273.969793
9,17320,300017040,80435,3729,28,0.007509,576.755250866,2319.047827696,2005.240095094,0.248703474,0.287624037,233.806037719,952.066959885,595.173862635,0.245577305,0.392836535,11042.711186,3391.880211
9,17320,300017040,80435,3729,30,0.008045,1266.303262072,2369.752669955,2063.669723717,0.534360939,0.613617212,595.246807127,1021.006325529,607.744131000,0.583000117,0.979436537,11732.259197,3767.919321
9,17320,300017040,80435,3729,31,0.008313,1489.988747054,2380.286309029,2075.757193118,0.625970389,0.717804930,673.175595211,1023.975982522,608.056317100,0.657413462,1.107094156,11955.944682,3845.848109
9,17320,300017040,80435,3729,32,0.008581,1489.988747054,2389.029488257,2075.757193118,0.623679513,0.717804930,530.302339914,1033.895342799,609.104492438,0.512916848,0.870626217,12160.147970,3988.721364
9,17320,300017040,80435,3729,34,0.009118,1053.996406206,2409.038813611,2098.755353656,0.437517403,0.502200699,584.513642721,1045.096807829,611.904077021,0.559291387,0.955237372,12596.140311,4197.615237
9,17320,300017040,80435,3729,35,0.009386,819.255024463,2420.448619943,2111.842217307,0.338472388,0.387933823,569.997947474,1045.197609614,612.076224733,0.545349456,0.931253207,12830.881692,4212.130933
9,17320,300017040,80435,3729,36,0.009654,819.255024463,2433.248982783,2111.842217307,0.336691818,0.387933823,538.167578944,1045.682177100,612.903318023,0.514656930,0.878062760,13080.138769,4243.961301
9,17320,300017040,80435,3729,38,0.010190,907.661590854,2456.997493980,2139.161897569,0.369419014,0.424307105,709.129060686,1060.541532071,619.274123507,0.668648081,1.145097193,13553.907094,4426.626085
9,17320,300017040,80435,3729,40,0.010727,709.129060686,2474.864033716,2148.354903070,0.286532533,0.330080035,709.129060686,1060.541532071,621.852521167,0.668648081,1.140349257,13973.120694,4426.626085
9,17320,300017040,80435,3729,41,0.010995,877.756693726,2480.602197855,2154.962660505,0.353848229,0.407318748,709.437839232,1060.541577022,621.852597828,0.668939205,1.140845663,14141.748327,4426.934864
9,17320,300017040,80435,3729,43,0.011531,1221.314406547,2492.474103827,2168.617984436,0.490000841,0.563176371,494.934978526,1079.446878264,625.477811979,0.458507953,0.791291024,14485.306039,4641.437724
9,17320,300017040,80435,3729,45,0.012068,1221.314406547,2518.360791899,2168.617984436,0.484964033,0.563176371,435.156506261,1082.032866227,625.974085379,0.402165701,0.695166967,14994.057138,4728.648133
9,17320,300017040,80435,3729,47,0.012604,1192.309525208,2542.660794446,2196.790112837,0.468921976,0.542750770,417.510138819,1086.224703359,627.152949482,0.384368112,0.665722993,15489.157524,4862.314026
9,17320,300017040,80435,3729,49,0.013140,1192.309525208,2565.912214709,2196.790112837,0.464672766,0.542750770,525.581537652,1090.107750860,627.901106925,0.482137236,0.837045089,15975.634443,4970.385425
9,17320,300017040,80435,3729,51,0.013677,939.155929562,2587.930454557,2211.328456572,0.362898442,0.424702141,461.194502531,1094.412062670,628.821243639,0.421408461,0.733427039,16451.030701,5091.463989
9,17320,300017040,80435,3729,53,0.014213,1174.367737454,2609.563261089,2223.802630050,0.450024629,0.528089913,569.944783710,1099.108068201,629.736912791,0.518552088,0.905052209,16925.223222,5200.214270
9,17320,300017040,80435,3729,55,0.014749,1025.145781571,2621.579582337,2228.803564592,0.391041259,0.459953402,729.017390871,1110.232719417,631.902072381,0.656634756,1.153687292,17275.919496,5359.286877
9,17320,300017040,80435,3729,57,0.015286,876.823393319,2629.943353634,2233.733390625,0.333400106,0.392537174,726.529289122,1110.234590337,631.905201281,0.654392590,1.149744119,17572.306080,5361.774979
9,17320,300017040,80435,3729,60,0.016090,870.335960501,2641.186868781,2243.397766087,0.329524567,0.387954367,690.925164876,1111.630620422,634.387941931,0.621542041,1.089120898,17992.887510,5432.031136
9,17320,300017040,80435,3729,62,0.016626,862.382289471,2653.895580608,2258.346123568,0.324949593,0.381864534,671.726220720,1111.749303771,634.446338468,0.604206558,1.058759709,18359.662772,5451.230081
9,17320,300017040,80435,3729,65,0.017431,677.961776605,2672.656182712,2265.863663021,0.253665915,0.299206783,677.961776605,1111.976442699,635.079416564,0.609690773,1.067522831,18906.694744,5482.395882
9,17320,300017040,80435,3729,68,0.018235,1053.407676607,2698.130558125,2281.448820708,0.390421314,0.461727507,606.303511642,1126.627063708,641.958918878,0.538158128,0.944458428,19538.941842,5742.962700
9,17320,300017040,80435,3729,71,0.019040,1180.775891823,2718.891678817,2305.964478035,0.434285743,0.512052941,696.187133462,1130.409554789,643.980221240,0.615871593,1.081069124,20113.414222,5877.625874
9,17320,300017040,80435,3729,74,0.019844,1176.286487702,2731.855922368,2315.609031379,0.430581451,0.507981473,554.863681252,1143.630353020,646.556542830,0.485177470,0.858182764,20573.483370,6105.976371
9,17320,300017040,80435,3729,77,0.020649,1022.863359626,2747.830888561,2320.686071495,0.372243927,0.440759038,716.166783086,1158.874917764,649.565580160,0.617984540,1.102531915,21079.277555,6316.437513
9,17320,300017040,80435,3729,80,0.021453,1371.163034907,2763.199451232,2333.903507698,0.496222969,0.587497739,693.639234382,1180.030133140,652.522166852,0.587814849,1.063012522,21579.810191,6680.712472
9,17320,300017040,80435,3729,83,0.022258,1354.163308399,2781.863122263,2349.873805269,0.486782868,0.576270651,530.674792903,1191.200353816,653.886121319,0.445495832,0.811570663,22135.602378,6945.675272
9,17320,300017040,80435,3729,87,0.023331,871.597428235,2804.534584976,2367.736339749,0.310781487,0.368114225,751.845115032,1207.007294679,659.534421396,0.622900225,1.139963421,22824.040387,7265.123093
9,17320,300017040,80435,3729,90,0.024135,1004.727376905,2812.734444536,2371.476113690,0.357206625,0.423671725,789.817062970,1207.640463965,659.925824661,0.654016726,1.196827027,23195.229950,7329.850312
9,17320,300017040,80435,3729,94,0.025208,634.077648693,2822.857670132,2381.338744499,0.224622607,0.266269404,789.182897219,1207.729056457,661.136892263,0.653443662,1.193675480,23666.751439,7353.439348
9,17320,300017040,80435,3729,98,0.026281,636.041549589,2842.485426606,2391.548153785,0.223762466,0.265953896,802.231820070,1208.561306156,662.357672036,0.663790754,1.211176157,24331.554234,7439.376008
9,17320,300017040,80435,3729,102,0.027353,939.503437484,2859.564012747,2401.161367457,0.328547790,0.391270429,791.493995918,1208.624696655,662.516774371,0.654871606,1.194677669,24955.123240,7453.329119
9,17320,300017040,80435,3729,107,0.028694,1233.582828853,2876.915236380,2417.875919862,0.428786644,0.510192777,744.843557075,1211.040512369,663.424757752,0.615044294,1.122724994,25657.566863,7607.206214
9,17320,300017040,80435,3729,111,0.029767,1388.850047665,2892.912586711,2431.436868560,0.480087112,0.571205473,740.624216713,1216.047994859,663.992233050,0.609041929,1.115410964,26263.899738,7790.883733
9,17320,300017040,80435,3729,116,0.031108,1524.331907445,2913.844728749,2446.610661792,0.523134226,0.623038202,672.566170912,1231.539089739,665.166813733,0.546118411,1.011124062,27042.278056,8204.276024
9,17320,300017040,80435,3729,121,0.032448,1170.704974624,2940.148509731,2459.360409832,0.398178858,0.476020094,691.032902547,1234.298148737,665.694836020,0.559858980,1.038062585,27919.421209,8368.076324
9,17320,300017040,80435,3729,126,0.033789,830.019328858,2962.507786740,2471.174917766,0.280174564,0.335880444,668.461859127,1235.440911982,666.829046247,0.541071493,1.002448623,28729.710773,8469.137671
9,17320,300017040,80435,3729,131,0.035130,1078.029838624,2979.195555847,2486.894437591,0.361852661,0.433484358,792.851304716,1237.971790531,668.080426152,0.640443757,1.186760267,29428.411845,8620.979788
9,17320,300017040,80435,3729,137,0.036739,917.153753111,2994.963837364,2496.447070162,0.306231996,0.367383617,710.613034440,1245.202336581,670.185841230,0.570680775,1.060322362,30173.115698,8824.444793
9,17320,300017040,80435,3729,142,0.038080,874.159591769,3005.709787840,2506.561720671,0.290832999,0.348748481,620.923932330,1247.620364652,670.478973665,0.497686596,0.926090089,30738.708304,8939.013636
9,17320,300017040,80435,3729,148,0.039689,524.899366736,3018.412748926,2514.703140926,0.173899135,0.208732139,636.498486918,1247.881721433,671.059564886,0.510063154,0.948497749,31414.106215,8990.436110
9,17320,300017040,80435,3729,155,0.041566,758.971548540,3034.577483706,2525.255003731,0.250107817,0.300552438,641.652303883,1248.929037326,672.533768908,0.513762019,0.954081912,32234.472967,9088.753015
9,17320,300017040,80435,3729,161,0.043175,515.458691472,3049.357790317,2537.184287464,0.169038442,0.203161707,659.685782919,1249.176419594,672.830658496,0.528096570,0.980463323,32967.920574,9132.597102
9,17320,300017040,80435,3729,168,0.045052,836.484813880,3074.882467127,2555.462064940,0.272037980,0.327332119,673.301190988,1249.346189496,673.675563010,0.538922836,0.999444284,34012.999201,9168.355180
9,17320,300017040,80435,3729,175,0.046929,1294.652359809,3100.150600125,2569.153008603,0.417609506,0.503921859,792.617634083,1255.224011746,675.675691262,0.631455124,1.173074071,35054.341771,9442.164582
9,17320,300017040,80435,3729,183,0.049075,1284.513182594,3122.520231957,2589.095688017,0.411370652,0.496124260,795.176511563,1261.450301684,676.714701519,0.630366896,1.175054288,36107.914995,9770.898869
9,17320,300017040,80435,3729,190,0.050952,1281.723181784,3141.196739962,2601.504870747,0.408036582,0.492685290,804.464168391,1266.594258783,677.552231965,0.635139598,1.187309451,37011.014227,10022.440613
9,17320,300017040,80435,3729,198,0.053097,1599.973458468,3154.970523018,2612.846985257,0.507127863,0.612348701,1047.063023359,1275.404134930,677.949370943,0.820965680,1.544456073,37837.109766,10317.635154
9,17320,300017040,80435,3729,207,0.055511,1167.810467317,3170.130125820,2624.048364258,0.368379348,0.445041518,830.721487366,1299.224893617,678.966261425,0.639397761,1.223509229,38761.120007,10846.829527
9,17320,300017040,80435,3729,215,0.057656,721.356312770,3188.352185605,2640.827138298,0.226247375,0.273155445,842.792023785,1300.556660192,680.291055400,0.648024073,1.238869771,39719.120062,10963.578285
9,17320,300017040,80435,3729,224,0.060070,462.031759134,3208.562841981,2656.931252049,0.143999598,0.173896769,806.398067707,1302.730595723,680.876039294,0.619006010,1.184353717,40795.906634,11140.382352
9,17320,300017040,80435,3729,234,0.062751,880.453510388,3225.926657802,2669.214853630,0.272930418,0.329854867,782.092213635,1304.234709220,681.392474496,0.599656034,1.147785224,41850.357377,11281.518548
9,17320,300017040,80435,3729,244,0.065433,1004.851878141,3242.599689059,2679.617027884,0.309890820,0.374998318,815.559639699,1305.044263785,682.194565400,0.624928719,1.195494190,42885.016879,11351.524955
9,17320,300017040,80435,3729,254,0.068115,842.776427535,3252.834491123,2686.438601254,0.259089858,0.313715127,842.776427535,1306.675854866,683.500702363,0.644977425,1.233029351,43689.493960,11502.416178
9,17320,300017040,80435,3729,265,0.071065,910.637107434,3272.859646000,2701.354562612,0.278238973,0.337103881,795.537719874,1308.153238724,684.136103402,0.608138020,1.162835459,44882.292888,11673.412985
9,17320,300017040,80435,3729,276,0.074014,1134.109161187,3295.985982428,2715.956431198,0.344087981,0.417572664,760.581843306,1313.263820923,685.234229931,0.579153885,1.109958916,46167.667862,11964.205091
9,17320,300017040,80435,3729,288,0.077233,1657.078917860,3324.104826851,2739.055421165,0.498503809,0.604981887,935.795472195,1321.573133780,685.783511844,0.708092082,1.364563971,47656.189765,12410.393923
9,17320,300017040,80435,3729,300,0.080451,1430.629023642,3343.859346547,2750.793626018,0.427837680,0.520078646,770.258347340,1328.682631684,686.178388249,0.579715825,1.122533674,48908.671414,12767.718832
9,17320,300017040,80435,3729,312,0.083669,1129.159653653,3366.874524884,2769.891946252,0.335373251,0.407654766,806.658728881,1329.506163852,686.600633849,0.606735607,1.174858701,50263.235154,12883.674635
9,17320,300017040,80435,3729,326,0.087423,1060.763551855,3382.481591098,2781.944684976,0.313605122,0.381302891,882.166712893,1336.520282982,687.649602608,0.660047381,1.282872424,51469.959725,13322.558573
9,17320,300017040,80435,3729,339,0.090909,774.062857092,3395.067177583,2790.710152603,0.227996330,0.277371284,923.232447273,1336.957109279,688.615855812,0.690547543,1.340707507,52517.293625,13389.970921
9,17320,300017040,80435,3729,354,0.094932,1046.894698716,3411.558534134,2799.922800988,0.306866990,0.373901273,965.022552610,1338.181428000,689.072591638,0.721144781,1.400465734,53810.431144,13559.172848
9,17320,300017040,80435,3729,369,0.098954,1054.842986299,3426.450970129,2810.246828279,0.307852935,0.375355992,969.304696245,1338.298643173,689.565118684,0.724281311,1.405675360,55040.920687,13593.319003
9,17320,300017040,80435,3729,384,0.102977,1132.157709660,3443.419679867,2822.749461175,0.328788767,0.401083314,943.570175951,1339.580530082,690.210322323,0.704377344,1.367076303,56359.731275,13791.391088
9,17320,300017040,80435,3729,400,0.107267,806.275130290,3467.166025277,2842.543603367,0.232545867,0.283645651,921.183817074,1340.161829670,690.750276981,0.687367597,1.333598911,57974.532361,13908.182260
9,17320,300017040,80435,3729,417,0.111826,740.744583066,3486.943576755,2859.211524205,0.212433774,0.259073027,916.299388671,1340.463143654,691.358315940,0.683569252,1.325361057,59495.060225,13969.985480
9,17320,300017040,80435,3729,435,0.116653,1462.281990551,3507.747387384,2875.878660605,0.416872092,0.508464425,935.663367921,1341.958967591,691.812682498,0.697236943,1.352480797,61109.217216,14109.954217
9,17320,300017040,80435,3729,453,0.121480,1371.990673637,3531.370512922,2893.868036735,0.388515073,0.474102708,906.605411345,1350.955404901,692.216788879,0.671084632,1.309713122,62837.398902,14637.728814
9,17320,300017040,80435,3729,472,0.126575,1483.472837212,3556.269045915,2914.424725189,0.417143028,0.509010517,989.813004547,1361.484179601,692.805151509,0.727010287,1.428703298,64661.470648,15228.213659
9,17320,300017040,80435,3729,492,0.131939,1423.384238719,3569.632375229,2923.256086808,0.398748131,0.486917395,1076.911019329,1366.519949662,693.193929386,0.788068275,1.553549409,66027.180617,15647.929862
9,17320,300017040,80435,3729,513,0.137570,1353.812368363,3584.403532696,2934.124599365,0.377695300,0.461402481,1051.286940559,1373.131299515,693.744827794,0.765612830,1.515379861,67512.130678,16152.384159
9,17320,300017040,80435,3729,535,0.143470,1116.723098578,3606.548364284,2949.871734913,0.309637633,0.378566663,1031.307175509,1373.821657952,694.085817878,0.750684901,1.485849659,69380.520891,16293.618227
9,17320,300017040,80435,3729,557,0.149370,713.968969708,3625.532890744,2963.340420528,0.196928008,0.240933834,983.762425187,1374.538228273,694.218077962,0.715703940,1.417079815,71113.722975,16439.133431
9,17320,300017040,80435,3729,581,0.155806,564.686458877,3639.568505749,2973.130658627,0.155152035,0.189929917,1077.814243613,1378.467384178,694.534851612,0.781893178,1.551850481,72672.618241,16879.837143
9,17320,300017040,80435,3729,605,0.162242,846.734713372,3657.342119759,2986.002806274,0.231516409,0.283567956,996.615399510,1383.479047990,694.920015791,0.720368986,1.434144041,74433.022976,17343.029561
9,17320,300017040,80435,3729,631,0.169214,1268.321981097,3677.836736893,3002.863947424,0.344855433,0.422370778,1033.692197373,1385.648909128,695.343413734,0.745998637,1.486592347,76404.207131,17603.778885
9,17320,300017040,80435,3729,657,0.176187,1768.590885864,3705.218232159,3023.084213040,0.477324350,0.585028653,1145.693042841,1391.649823909,695.851220605,0.823262449,1.646462647,78687.011194,18097.112296
9,17320,300017040,80435,3729,685,0.183695,2003.649933928,3722.693889583,3038.038219729,0.538225810,0.659520977,1328.661620268,1419.398187475,696.327732296,0.936073916,1.908098096,80578.901322,19414.601278
9,17320,300017040,80435,3729,714,0.191472,1404.956448785,3746.049429089,3056.044027530,0.375050163,0.459730435,1181.385692327,1427.096164064,696.751343355,0.827824867,1.695562848,82810.765382,20027.551319
9,17320,300017040,80435,3729,744,0.199517,1551.269548233,3774.457813859,3074.198527374,0.410991359,0.504609424,1169.376609858,1428.107619850,697.197445692,0.818829473,1.677253147,85337.848936,20269.309873
9,17320,300017040,80435,3729,775,0.207831,1296.394176525,3794.620984148,3089.110164365,0.341639964,0.419665893,1156.667136959,1429.343582534,697.460201871,0.809229601,1.658398764,87497.901172,20528.005863
9,17320,300017040,80435,3729,808,0.216680,1015.234826201,3818.261593651,3108.396642515,0.265889280,0.326610450,1157.437280261,1429.530015117,697.720705802,0.809662804,1.658883376,89931.470588,20626.424332
9,17320,300017040,80435,3729,842,0.225798,1316.096102809,3832.270292058,3118.549286904,0.343424655,0.422021902,1238.359653054,1430.449220454,698.053977828,0.865713816,1.774017042,91824.601952,20813.949521
9,17320,300017040,80435,3729,878,0.235452,1181.594050880,3844.408280827,3126.632633290,0.307353945,0.377912659,1236.286427537,1430.758113347,698.323105889,0.864077873,1.770364488,93647.122822,20948.190550
9,17320,300017040,80435,3729,915,0.245374,1232.907596548,3856.938477666,3136.867271201,0.319659648,0.393037859,1232.907596548,1430.896139870,698.562443710,0.861633184,1.764921100,95533.309151,21019.912398
9,17320,300017040,80435,3729,953,0.255564,1126.443499386,3876.580674724,3150.870907626,0.290576566,0.357502269,1276.205308020,1431.845626666,698.811945581,0.891300909,1.826249989,97913.282841,21256.307822
9,17320,300017040,80435,3729,994,0.266559,1219.002644340,3908.793067640,3175.049932303,0.311861647,0.383931803,1301.466189376,1432.932377292,699.099506367,0.908253739,1.861632253,101110.642215,21509.353696
9,17320,300017040,80435,3729,1036,0.277822,1781.232981888,3939.639661007,3197.392233804,0.452130940,0.557089294,1326.552570439,1433.869013874,699.366251024,0.925156034,1.896792372,104280.055799,21713.821007
9,17320,300017040,80435,3729,1079,0.289354,1766.366981493,3958.891862292,3212.289825951,0.446177123,0.549877837,1385.030829352,1440.651886773,699.781268852,0.961391744,1.979233928,106823.707977,22447.175068
9,17320,300017040,80435,3729,1125,0.301689,2059.515088544,3976.364288631,3225.810978785,0.517939238,0.638448781,1272.726453593,1460.147795695,700.090853408,0.871642211,1.817944696,109339.719418,23611.590162
9,17320,300017040,80435,3729,1172,0.314293,1597.804487454,3999.599535262,3243.425201787,0.399491117,0.492628745,1344.355321974,1465.515049707,700.306234714,0.917326180,1.919667790,112279.024214,24302.824158
9,17320,300017040,80435,3729,1222,0.327702,1464.071631149,4018.541077476,3257.793710771,0.364329144,0.449405874,1345.059388451,1470.122169954,700.676555766,0.914930348,1.919658047,115026.704638,24872.161463
9,17320,300017040,80435,3729,1273,0.341378,1189.709007964,4043.565880757,3277.251510726,0.294222734,0.363020355,1301.570279043,1470.497855160,700.902318626,0.885122188,1.856992400,118228.524087,25042.941165
9,17320,300017040,80435,3729,1327,0.355859,1339.498920192,4059.711697388,3289.140037793,0.329949272,0.407248978,1287.027786379,1470.805440094,701.192825617,0.875049651,1.835483393,120864.353427,25169.379462
9,17320,300017040,80435,3729,1383,0.370877,983.480773862,4080.570418320,3305.270484643,0.241015513,0.297549256,1347.963328757,1474.078130638,701.439043717,0.914444968,1.921711289,123939.836107,25696.926390
9,17320,300017040,80435,3729,1441,0.386431,843.248605445,4097.790888367,3318.669472716,0.205781268,0.254092374,1282.712952169,1482.632301288,701.650894437,0.865159184,1.828135562,126780.365536,26652.191710
9,17320,300017040,80435,3729,1502,0.402789,1371.587045778,4122.176530651,3336.904247772,0.332733699,0.411035782,1319.370991752,1483.907759789,701.888928515,0.889119275,1.879743273,130269.558840,27008.123056
9,17320,300017040,80435,3729,1566,0.419952,1420.924825737,4141.582027072,3351.449350466,0.343087452,0.423973236,1310.869751582,1484.150420405,702.076353025,0.883245885,1.867132750,133468.434138,27151.962424
9,17320,300017040,80435,3729,1632,0.437651,1983.554882681,4162.483158852,3367.087423977,0.476531630,0.589101093,1245.308373215,1493.382590397,702.319148271,0.833884352,1.773137435,136842.637420,28198.124760
9,17320,300017040,80435,3729,1701,0.456154,1866.782691089,4190.433989451,3386.291648833,0.445486719,0.551276406,1031.846627082,1508.400984160,702.539271442,0.684066530,1.468738715,140840.245070,29626.271287
9,17320,300017040,80435,3729,1772,0.475194,1484.114272008,4222.743698647,3411.280077454,0.351457341,0.435060810,1008.972993635,1516.737197133,702.705201322,0.665225983,1.435841078,145224.806361,30564.950173
9,17320,300017040,80435,3729,1847,0.495307,1242.729714264,4248.588111694,3430.328638369,0.292504164,0.362277159,1141.895589158,1519.431508496,702.880026975,0.751528175,1.624595301,149251.504705,31160.060841
9,17320,300017040,80435,3729,1925,0.516224,1259.190527231,4266.160091777,3442.626450227,0.295157823,0.365764496,1190.131949705,1520.726271935,703.090754499,0.782607608,1.692714549,152654.097571,31558.148685
9,17320,300017040,80435,3729,2006,0.537946,1048.398306864,4280.587353219,3454.181081153,0.244919265,0.303515734,1231.555417014,1522.326177492,703.295809635,0.808995756,1.751120084,155802.389213,32006.824464
9,17320,300017040,80435,3729,2091,0.560740,1172.927319953,4304.027037670,3471.612328957,0.272518576,0.337862413,1220.053626608,1524.056910808,703.429590235,0.800530228,1.734436031,159931.934290,32483.936538
9,17320,300017040,80435,3729,2179,0.584339,1124.784637863,4320.443031242,3483.909586580,0.260340116,0.322851271,1204.237925399,1524.398547065,703.583840785,0.789975776,1.711577008,163451.628240,32666.298848
9,17320,300017040,80435,3729,2271,0.609010,994.947429319,4342.626462528,3501.263235656,0.229111907,0.284168131,1276.392012718,1528.941739904,703.731956420,0.834820569,1.813747409,167640.225708,33516.098204
9,17320,300017040,80435,3729,2367,0.634755,1402.860929603,4365.703175397,3518.462666266,0.321336764,0.398714172,1267.497039860,1529.458154866,703.915215870,0.828722928,1.800638786,172021.242296,33804.326005
9,17320,300017040,80435,3729,2467,0.661571,1708.060379782,4388.369129840,3536.331156454,0.389224409,0.483003515,1264.034713840,1536.936536835,704.060958666,0.822437806,1.795348397,176472.620164,34938.015139
9,17320,300017040,80435,3729,2571,0.689461,1162.936792193,4418.984571191,3559.457999044,0.263168331,0.326717380,1214.810839628,1537.993625432,704.209913314,0.789867279,1.725069211,181761.202173,35281.129202
9,17320,300017040,80435,3729,2679,0.718423,1047.923944946,4447.656022843,3581.029259125,0.235612633,0.292632053,1236.853470456,1543.401257201,704.401663205,0.801381666,1.755892320,186988.752625,36244.512393
9,17320,300017040,80435,3729,2792,0.748726,2128.824251162,4473.561804688,3600.489454259,0.475867853,0.591259682,1289.263027960,1554.092316948,704.559435410,0.829592305,1.829885405,192090.394316,37654.424679
9,17320,300017040,80435,3729,2910,0.780370,1995.432563388,4495.760032076,3616.442053130,0.443847658,0.551766774,1358.578925482,1586.527890391,704.724470769,0.856322119,1.927815738,196928.524100,40477.865699
9,17320,300017040,80435,3729,3033,0.813355,1531.744583524,4514.726880699,3631.297327412,0.339277353,0.421817451,1322.838577748,1595.360127352,704.849922261,0.829178663,1.876766296,201494.557802,41840.084642
9,17320,300017040,80435,3729,3161,0.847680,1013.994720158,4531.826361219,3644.475453228,0.223749685,0.278227891,1401.311673023,1597.179944726,704.994144365,0.877366184,1.987692641,205915.582444,42476.692646
9,17320,300017040,80435,3729,3294,0.883347,556.051495241,4554.204497075,3660.969589190,0.122096295,0.151886401,1511.247204401,1609.070839584,705.122458551,0.939204892,2.143240775,211089.851643,44257.147494
9,17320,300017040,80435,3729,3433,0.920622,840.525688050,4583.003282701,3683.275322215,0.183400630,0.228200613,1486.222604118,1625.118431917,705.267923358,0.914531873,2.107316319,217107.946433,46452.059925
9,17320,300017040,80435,3729,3578,0.959507,1266.339590935,4607.856963317,3701.947578885,0.274821810,0.342073885,1416.104173949,1631.093383650,705.397968077,0.868193194,2.007525167,222852.701756,47700.012512
9,17320,300017040,80435,3729,3729,1.000000,1714.548098458,4627.858724386,3716.478682143,0.370484105,0.461336724,1348.353910147,1633.109606813,705.548770389,0.825635894,1.911071164,228115.927952,48402.118388
9,19703,388247615,80435,4826,1,0.000207,-887.296632782,887.296632782,887.296632782,1.000000000,1.000000000,-136.883119572,136.883119572,136.883119572,1.000000000,1.000000000,887.296633,136.883120
9,19703,388247615,80435,4826,2,0.000414,-136.883119572,1162.073902707,1162.073902707,0.117792095,0.117792095,-136.883119572,136.883119572,216.857742708,1.000000000,0.631211585,1637.710146,136.883120
9,19703,388247615,80435,4826,3,0.000622,445.333211293,1299.765983275,1299.765983275,0.342625686,0.342625686,-182.477875304,144.277060457,221.599102712,1.264774003,0.823459450,2219.926477,182.477875
9,19703,388247615,80435,4826,4,0.000829,445.333211293,1443.446698612,1299.765983275,0.308520718,0.342625686,-119.376591438,157.472671279,230.408190715,0.758078151,0.518109148,2847.737563,245.579159
9,19703,388247615,80435,4826,5,0.001036,1010.043014023,1549.979204065,1417.141055992,0.651649397,0.712732871,-222.119751194,188.026059566,236.065612844,1.181324289,0.940923790,3412.447366,348.322319
9,19703,388247615,80435,4826,6,0.001243,393.961631415,1667.930395139,1545.265363158,0.236197885,0.254947558,-214.860116595,188.166153626,236.177212834,1.141863786,0.909741097,4028.528749,355.581954
9,19703,388247615,80435,4826,7,0.001450,1002.783379425,1775.571942750,1660.875962685,0.564766403,0.603767772,-0.691558203,285.087131899,259.319722954,0.002425778,0.002666817,4637.350497,569.750512
9,19703,388247615,80435,4826,8,0.001658,1002.783379425,1845.100596578,1660.875962685,0.543484394,0.603767772,-18.553871948,285.646171035,259.473475092,0.064954037,0.071505852,5139.087966,587.612826
9,19703,388247615,80435,4826,9,0.001865,1002.783379425,1914.465632168,1660.875962685,0.523792834,0.603767772,79.282949953,301.936713148,264.044494747,0.262581351,0.300263598,5649.756591,685.449648
9,19703,388247615,80435,4826,10,0.002072,541.033164689,1969.363327972,1723.868389476,0.274724911,0.313848301,-38.072104043,323.941333339,288.949310268,0.117527775,0.131760495,6111.506806,802.804702
9,19703,388247615,80435,4826,11,0.002279,1120.138433421,2052.743244986,1818.539286490,0.545678782,0.615955037,392.233100856,538.609837274,360.253169653,0.728232338,1.088770714,6690.612075,1233.109906
9,19703,388247615,80435,4826,12,0.002487,1120.138433421,2084.758109021,1818.539286490,0.537298993,0.615955037,239.174105939,559.935364781,368.292153360,0.427145919,0.649414069,7054.564741,1386.168901
9,19703,388247615,80435,4826,13,0.002694,1560.620597163,2130.784106779,1871.125242490,0.732416106,0.834054590,446.977806202,597.252032710,374.749452580,0.748390598,1.192737716,7495.046905,1593.972602
9,19703,388247615,80435,4826,14,0.002901,1189.406333509,2162.877929806,1907.592645882,0.549918383,0.623511700,336.427228105,607.397251305,378.804051969,0.553883356,0.888129962,7866.261168,1704.523180
9,19703,388247615,80435,4826,15,0.003108,762.916780807,2204.525862358,1954.687453581,0.346068419,0.390301160,390.633634620,609.811245715,382.662833700,0.640581225,1.020829828,8292.750721,1758.729586
9,19703,388247615,80435,4826,16,0.003315,762.916780807,2235.739031896,1954.687453581,0.341236956,0.390301160,342.094217238,611.740002321,385.729075045,0.559215052,0.886876928,8665.033867,1807.269004
9,19703,388247615,80435,4826,17,0.003523,1183.739344377,2274.999043682,1999.473598524,0.520325205,0.592025494,439.418111380,619.433427263,388.786450932,0.709387146,1.130230002,9085.856431,1904.592898
9,19703,388247615,80435,4826,18,0.003730,1183.739344377,2305.238420039,1999.473598524,0.513499747,0.592025494,476.602694744,620.548518692,389.230751275,0.768034538,1.224473383,9458.017047,1941.777481
9,19703,388247615,80435,4826,19,0.003937,1537.307669193,2332.195260594,2030.493839318,0.659167650,0.757110236,669.958313211,649.974506611,394.530888079,1.030745524,1.698113718,9811.585372,2135.133100
9,19703,388247615,80435,4826,20,0.004144,1537.307669193,2350.047458319,2030.493839318,0.654160265,0.757110236,613.692570947,652.405313434,394.976430884,0.940661516,1.553744788,10100.701824,2191.398842
9,19703,388247615,80435,4826,21,0.004351,1229.435969778,2370.128274936,2053.701588549,0.518721279,0.598643920,826.502572118,686.236686278,409.057948344,1.204398699,2.020502414,10408.573524,2404.208843
9,19703,388247615,80435,4826,22,0.004559,1027.969270948,2378.675444526,2063.559799363,0.432160375,0.498153371,677.978373734,702.125506658,435.187135161,0.965608523,1.557900772,10610.040222,2552.733041
9,19703,388247615,80435,4826,23,0.004766,1377.960168162,2404.285860401,2093.029544388,0.573126595,0.658356769,636.070254277,703.375090244,435.691307267,0.904311601,1.459910362,10960.031120,2594.641161
9,19703,388247615,80435,4826,24,0.004973,1377.960168162,2432.733166544,2093.029544388,0.566424706,0.658356769,650.996169392,703.533439517,435.755219090,0.925323706,1.493949219,11330.976077,2609.567076
9,19703,388247615,80435,4826,26,0.005387,1066.820881572,2479.338113114,2116.029378184,0.430284549,0.504161659,804.802202300,712.973472797,441.627902889,1.128796839,1.822353608,12005.597363,2763.373109
9,19703,388247615,80435,4826,27,0.005595,1066.820881572,2493.144854883,2116.029378184,0.427901684,0.504161659,774.850473118,713.602325524,442.642418540,1.085829524,1.750511114,12267.616042,2793.324838
9,19703,388247615,80435,4826,28,0.005802,1066.820881572,2510.182859244,2116.029378184,0.424997278,0.504161659,781.800795897,713.636171996,442.696981780,1.095517333,1.765995315,12559.586450,2800.275161
9,19703,388247615,80435,4826,29,0.006009,1351.840967248,2526.312418542,2135.138585333,0.535104430,0.633139683,913.122228044,725.618291198,447.539883488,1.258405747,2.040314756,12844.606536,2931.596593
9,19703,388247615,80435,4826,30,0.006216,1571.200336850,2535.818007885,2146.377252864,0.619602957,0.732024314,995.142125471,730.239117068,448.374197566,1.362762008,2.219445568,13063.965906,3013.616490
9,19703,388247615,80435,4826,32,0.006631,1763.219740643,2556.465669235,2154.949364380,0.689709923,0.818218641,774.441216170,783.072050356,453.912395502,0.988978237,1.706146877,13517.274990,3347.077799
9,19703,388247615,80435,4826,33,0.006838,1516.025109525,2568.388970470,2169.080899528,0.590263051,0.698925111,659.259743756,791.497699072,455.533257317,0.832926924,1.447226373,13764.469622,3462.259272
9,19703,388247615,80435,4826,34,0.007045,1230.436654269,2584.217999591,2187.800885472,0.476135007,0.562407970,763.811127702,798.373095439,458.522950891,0.956709503,1.665807843,14050.058077,3566.810656
9,19703,388247615,80435,4826,36,0.007460,997.123890985,2608.310238060,2200.206253964,0.382287305,0.453195644,718.949732849,799.130331858,459.840172525,0.899665179,1.563477434,14549.199324,3611.672051
9,19703,388247615,80435,4826,37,0.007667,1275.298049122,2623.101820407,2217.721448298,0.486179392,0.575048796,555.097528077,815.755375284,467.081224757,0.680470574,1.188438967,14827.373483,3775.524255
9,19703,388247615,80435,4826,39,0.008081,624.964332348,2663.563556024,2265.435074990,0.234634661,0.275869452,624.964332348,818.741841268,475.270759455,0.763322821,1.314964828,15477.707199,3845.391060
9,19703,388247615,80435,4826,41,0.008496,881.869699827,2686.397244713,2279.955360711,0.328272262,0.386792529,670.184266727,819.989661586,477.832819795,0.817308191,1.402549676,15971.591409,3890.610994
9,19703,388247615,80435,4826,43,0.008910,1343.513499484,2706.292678925,2303.364138479,0.496440577,0.583283154,769.756979487,842.175794568,482.944549852,0.914009859,1.593882734,16433.235208,4143.275441
9,19703,388247615,80435,4826,44,0.009117,1343.513499484,2713.042103950,2303.364138479,0.495205547,0.583283154,734.638906166,842.907674678,483.086399353,0.871553230,1.520719497,16624.487382,4178.393514
9,19703,388247615,80435,4826,46,0.009532,1071.711367656,2734.166397042,2319.345328600,0.391970060,0.462074946,584.967801995,869.702174491,488.794682091,0.672607036,1.196755659,17099.247711,4441.786014
9,19703,388247615,80435,4826,48,0.009946,1315.083150486,2755.619249853,2332.079024814,0.477236886,0.563910201,672.164527914,873.658725009,489.578034483,0.769367384,1.372946661,17584.573496,4528.982740
9,19703,388247615,80435,4826,50,0.010361,1315.083150486,2773.102208666,2332.079024814,0.474228157,0.563910201,707.606348830,876.932273255,490.227896065,0.806911058,1.443423262,18024.115710,4630.003359
9,19703,388247615,80435,4826,53,0.010982,1284.422702543,2793.593010993,2347.151863510,0.459774454,0.547226075,721.401545379,881.387817008,491.902684348,0.818483682,1.466553382,18607.094437,4763.499447
9,19703,388247615,80435,4826,55,0.011397,1148.356515014,2803.194132285,2351.092486008,0.409660002,0.488435279,728.075395740,907.062605433,500.118586719,0.802673808,1.455805513,18930.834344,5066.470786
9,19703,388247615,80435,4826,57,0.011811,901.327836204,2821.892904814,2364.034484926,0.319405401,0.381266789,629.266522457,910.402183835,502.101550416,0.691196192,1.253265444,19388.003582,5165.279659
9,19703,388247615,80435,4826,60,0.012433,890.597153954,2859.281079520,2393.944465379,0.311475902,0.372020808,679.361438639,911.980649564,505.071958556,0.744929664,1.345078512,20186.155170,5222.232597
9,19703,388247615,80435,4826,62,0.012847,855.727128017,2877.616523271,2415.814286451,0.297373580,0.354218920,633.163693459,914.946238977,506.821311936,0.692022839,1.249283877,20643.496626,5315.514955
9,19703,388247615,80435,4826,65,0.013469,635.918338356,2904.038555652,2425.793596049,0.218977237,0.262148577,635.918338356,915.137245559,508.228811072,0.694888490,1.251244173,21320.203422,5341.811873
9,19703,388247615,80435,4826,68,0.014090,1138.869295383,2934.481547252,2451.725352438,0.388098980,0.464517485,714.382275149,916.824042552,508.992398724,0.779192344,1.403522483,22049.559735,5420.275810
9,19703,388247615,80435,4826,71,0.014712,1256.196306618,2951.598700197,2472.187318880,0.425598611,0.508131523,851.836326413,923.201529052,512.174414694,0.922698132,1.663176258,22591.373766,5557.729862
9,19703,388247615,80435,4826,74,0.015334,1257.053969947,2962.358993119,2481.366279494,0.424342213,0.506597507,761.105424140,925.610900179,512.656805907,0.822273618,1.484629513,23027.716741,5655.322070
9,19703,388247615,80435,4826,77,0.015955,1113.458577359,2974.724457757,2485.517702568,0.374306459,0.447978534,850.818621969,927.337021545,513.084880117,0.917485879,1.658241462,23496.208135,5745.035268
9,19703,388247615,80435,4826,81,0.016784,1412.474290178,2996.764014465,2494.627235861,0.471333173,0.566206554,735.570010293,965.398557158,518.013048822,0.761934027,1.419983554,24209.919911,6255.725088
9,19703,388247615,80435,4826,84,0.017406,1444.667134182,3013.920051111,2508.460102845,0.479331605,0.575917924,694.534184345,972.766224710,519.310522966,0.713978515,1.337415965,24764.718294,6434.885032
9,19703,388247615,80435,4826,88,0.018235,905.625618271,3040.301835595,2527.710398438,0.297873589,0.358279025,663.312964787,976.315075733,524.853351340,0.679404612,1.263806286,25554.306026,6553.859006
9,19703,388247615,80435,4826,92,0.019063,972.217154218,3066.043859045,2545.370933981,0.317091731,0.381955000,790.866858761,981.538892441,527.400912164,0.805741744,1.499555349,26339.039719,6704.318752
9,19703,388247615,80435,4826,96,0.019892,457.708595653,3084.957925351,2562.708891297,0.148367857,0.178603429,857.868209018,984.177661432,528.908892315,0.871659907,1.621958378,27020.211968,6809.111760
9,19703,388247615,80435,4826,100,0.020721,657.788402336,3105.914529852,2570.507496697,0.211785738,0.255898263,815.004778782,985.409010184,531.196634459,0.827072586,1.534280765,27738.356264,6896.168488
9,19703,388247615,80435,4826,104,0.021550,1170.016214928,3122.962459146,2587.516797112,0.374649465,0.452177244,826.744958911,991.621543051,534.441346214,0.833730333,1.546933007,28386.433515,7053.639299
9,19703,388247615,80435,4826,109,0.022586,1513.204701758,3156.170372283,2616.996543207,0.479443288,0.578221896,665.011158236,1031.012061806,544.006026992,0.645008126,1.222433439,29396.980946,7591.952309
9,19703,388247615,80435,4826,113,0.023415,1668.212983205,3172.483600176,2633.864190853,0.525838174,0.633370919,1037.471497626,1070.893978622,547.984962405,0.968790112,1.893248116,30019.906546,8062.331771
9,19703,388247615,80435,4826,118,0.024451,1546.731913382,3184.438624181,2642.963922634,0.485715724,0.585226268,1118.918199622,1094.664556394,549.652368017,1.022156233,2.035683397,30630.042128,8518.318960
9,19703,388247615,80435,4826,124,0.025694,1111.628384426,3203.031934226,2655.304638246,0.347055043,0.418644388,938.399410378,1104.588389628,552.117415251,0.849546690,1.699637404,31460.470005,8756.566898
9,19703,388247615,80435,4826,129,0.026730,1144.202985857,3225.971059959,2666.545727416,0.354684827,0.429095580,993.662383445,1105.748622817,552.932041932,0.898633164,1.797078679,32317.595988,8847.102100
9,19703,388247615,80435,4826,134,0.027766,1169.817266294,3243.615177559,2683.733308563,0.360652298,0.435891772,1036.457480673,1107.315113985,553.497392064,0.936009513,1.872560730,33072.168153,8949.029839
9,19703,388247615,80435,4826,140,0.029010,1595.143293693,3261.672447797,2695.241644723,0.489056862,0.591836838,941.115413203,1115.174209025,555.877527439,0.843917843,1.693026551,33900.478470,9186.876407
9,19703,388247615,80435,4826,146,0.030253,861.171207066,3281.366303270,2715.325087997,0.262442875,0.317152156,1024.771782891,1117.152982571,558.499481510,0.917306581,1.834866131,34776.559140,9320.379167
9,19703,388247615,80435,4826,153,0.031703,1189.898201734,3309.781031534,2725.282117000,0.359509644,0.436614688,1010.902513410,1117.276350570,559.701229015,0.904791830,1.806146674,35919.240653,9351.841986
9,19703,388247615,80435,4826,159,0.032947,1031.295376545,3335.398963789,2751.557834846,0.309197007,0.374804179,1031.295376545,1117.601069094,559.937957819,0.922775940,1.841802939,36929.407050,9393.387838
9,19703,388247615,80435,4826,166,0.034397,1040.388355443,3361.918058005,2770.015669511,0.309462735,0.375589339,1040.388355443,1117.758333699,560.490438242,0.930781122,1.856210712,38043.540312,9418.912327
9,19703,388247615,80435,4826,174,0.036055,1584.692048120,3381.375188497,2783.423795055,0.468653125,0.569331932,1047.967209955,1120.585234214,563.086653842,0.935196340,1.861111789,39062.032086,9613.121681
9,19703,388247615,80435,4826,181,0.037505,1583.167186069,3394.654978678,2791.264307559,0.466370573,0.567186411,1111.662240666,1125.857895484,563.772001631,0.987391255,1.971829458,39851.455968,9817.585240
9,19703,388247615,80435,4826,189,0.039163,1450.630304793,3411.145047524,2804.750959179,0.425261982,0.517204674,1161.321548739,1133.658811847,565.041978601,1.024401290,2.055283665,40796.418490,10174.272217
9,19703,388247615,80435,4826,197,0.040821,1897.069786388,3427.300823095,2819.332860814,0.553517151,0.672878968,1111.052377714,1148.143537535,565.922837880,0.967694667,1.963257715,41727.069589,10619.250935
9,19703,388247615,80435,4826,206,0.042685,1435.250713841,3444.072523727,2832.641691759,0.416730688,0.506682761,1071.606966256,1160.130239545,566.688683542,0.923695401,1.890997645,42742.718648,11056.836262
9,19703,388247615,80435,4826,215,0.044550,845.582407597,3470.041470554,2856.321923660,0.243680779,0.296038903,1002.479094132,1164.782004650,568.848001285,0.860658123,1.762296944,44006.688475,11294.425639
9,19703,388247615,80435,4826,224,0.046415,524.417569552,3500.181025476,2880.506385951,0.149825842,0.182057423,955.186560067,1173.138241758,570.006661225,0.814214835,1.675746311,45378.918135,11586.635349
9,19703,388247615,80435,4826,234,0.048487,1038.363678385,3524.960112747,2898.619634128,0.294574590,0.358226953,895.400244382,1178.233508696,571.906231203,0.759951434,1.565641701,46693.532064,11828.620823
9,19703,388247615,80435,4826,244,0.050559,1169.547785657,3550.075781474,2913.277202897,0.329443048,0.401454343,920.876861517,1179.561601065,573.450064031,0.780694167,1.605853621,48023.238890,11950.788747
9,19703,388247615,80435,4826,255,0.052839,1069.487620670,3568.630573113,2926.859453855,0.299691324,0.365404502,992.168583316,1180.425366907,574.392078445,0.840517843,1.727336815,49223.580166,12075.074869
9,19703,388247615,80435,4826,266,0.055118,1158.987467672,3584.325190881,2939.212940778,0.323348861,0.394318986,935.771255324,1181.789549024,575.235920092,0.791825631,1.626760817,50323.149511,12231.778006
9,19703,388247615,80435,4826,278,0.057605,1276.835680184,3607.685780947,2956.178624416,0.353920978,0.431921018,930.885112864,1187.901227741,576.481794370,0.783638480,1.614769316,51737.282804,12548.803216
9,19703,388247615,80435,4826,290,0.060091,1874.065177978,3631.363605027,2973.763051024,0.516077535,0.630199900,972.149076668,1202.450713685,577.566913751,0.808473117,1.683179998,53168.112917,13022.796130
9,19703,388247615,80435,4826,302,0.062578,1352.832815409,3649.534248689,2986.457929550,0.370686428,0.452989075,1037.924605040,1220.566768562,578.538213054,0.850362825,1.794046757,54423.848135,13602.958320
9,19703,388247615,80435,4826,315,0.065271,1362.751749014,3669.729168682,3002.551183200,0.371349407,0.453864619,1080.471306412,1226.347833135,580.272421821,0.881048001,1.862006992,55802.747434,13904.597964
9,19703,388247615,80435,4826,329,0.068172,1138.708130075,3683.210606381,3013.748490936,0.309161830,0.377837810,1138.708130075,1231.200854340,581.375118520,0.924876007,1.958646137,56970.441246,14224.275926
9,19703,388247615,80435,4826,344,0.071281,801.204628745,3707.788878533,3027.687505989,0.216086907,0.264625932,1148.251182563,1232.907752090,582.467956209,0.931335845,1.971355111,58611.819737,14397.916890
9,19703,388247615,80435,4826,358,0.074182,1125.915697037,3733.811474424,3047.980355136,0.301545942,0.369397295,1125.915697037,1233.690756694,583.431141034,0.912640134,1.929817622,60245.873073,14507.314583
9,19703,388247615,80435,4826,374,0.077497,1439.344604087,3766.617817422,3069.421450465,0.382131842,0.468930262,1138.569430243,1234.145143093,584.222755455,0.922557154,1.948861833,62220.594559,14602.663646
9,19703,388247615,80435,4826,390,0.080812,1318.770593708,3791.383338088,3087.052015306,0.347833621,0.427194160,1065.169190267,1237.239163799,585.096448896,0.860924243,1.820501889,63941.521417,14874.622023
9,19703,388247615,80435,4826,407,0.084335,1037.216720550,3817.691109894,3109.114442631,0.271686915,0.333605192,1037.216720550,1237.528243276,586.024154644,0.838135797,1.769921448,65775.228948,14937.874824
9,19703,388247615,80435,4826,425,0.088065,1046.146380739,3833.439997343,3119.823770433,0.272900158,0.335322267,1046.146380739,1237.808921134,586.940597186,0.845159833,1.782371821,67243.257801,14998.172889
9,19703,388247615,80435,4826,444,0.092002,1764.638186320,3848.666412535,3132.407884135,0.458506401,0.563348788,1085.605154692,1252.751664095,587.818522165,0.866576502,1.846837270,68728.253607,15534.118132
9,19703,388247615,80435,4826,463,0.095939,1522.181613780,3867.224841116,3147.845055180,0.393610839,0.483563068,1061.676063620,1262.898346336,588.451622118,0.840666287,1.804185805,70372.849414,16103.156864
9,19703,388247615,80435,4826,483,0.100083,1466.690163455,3884.995737089,3161.444451615,0.377526840,0.463930392,1074.477450608,1279.255808643,589.511498448,0.839923840,1.822657325,72025.255850,16872.511573
9,19703,388247615,80435,4826,504,0.104434,1464.326664696,3906.795356946,3177.043697247,0.374815298,0.460908569,1004.233129034,1284.138860316,589.923169845,0.782028455,1.702311725,73909.213122,17266.922402
9,19703,388247615,80435,4826,526,0.108993,1137.972373329,3935.468636963,3198.205930055,0.289158034,0.355815854,967.711142351,1287.265870846,590.695833098,0.751757010,1.638256253,76120.260601,17625.245594
9,19703,388247615,80435,4826,549,0.113759,709.950824910,3956.749008246,3212.848216619,0.179427814,0.220972414,986.402487667,1288.988943408,591.530683975,0.765252869,1.667542385,78081.489631,17864.963584
9,19703,388247615,80435,4826,573,0.118732,393.991097595,3983.725722291,3233.514906023,0.098900157,0.121846074,970.454191704,1295.649881009,592.062402143,0.749009594,1.639107952,80345.849697,18371.488096
9,19703,388247615,80435,4826,598,0.123912,497.926949805,4013.439279169,3255.390914991,0.124064902,0.152954580,962.361647374,1301.977082858,592.475153941,0.739154060,1.624307181,82781.163610,18893.516449
9,19703,388247615,80435,4826,624,0.129300,1246.829288168,4037.205373787,3272.772040432,0.308834744,0.380970405,1064.378242913,1304.179824420,593.277750416,0.816128438,1.794063981,84983.108672,19178.522498
9,19703,388247615,80435,4826,651,0.134894,1560.643010632,4052.396153007,3283.982839043,0.385116102,0.475228735,1110.699456124,1306.171627962,593.724749108,0.850347253,1.870731274,86798.775258,19457.494241
9,19703,388247615,80435,4826,679,0.140696,1826.473280604,4073.002845346,3300.384088170,0.448434079,0.553412340,897.613608452,1332.398204490,594.339776801,0.673682691,1.510270124,88954.232072,20674.382927
9,19703,388247615,80435,4826,709,0.146913,1245.844246817,4099.088141003,3320.936271047,0.303932046,0.375148496,912.111847451,1357.891718225,595.233076619,0.671711768,1.532360823,91477.505901,21723.697540
9,19703,388247615,80435,4826,740,0.153336,1132.330672855,4116.160712916,3332.103048282,0.275093893,0.339824626,1002.130858094,1359.470239308,595.751873911,0.737148066,1.682127916,93551.419850,21999.795879
9,19703,388247615,80435,4826,772,0.159967,1043.352330200,4136.766119207,3349.165483609,0.252214484,0.311526061,975.914163780,1361.929568318,596.519485649,0.716567278,1.636013889,95875.366685,22374.105112
9,19703,388247615,80435,4826,806,0.167012,860.470533627,4159.517091092,3368.012102158,0.206867892,0.255483207,930.242287291,1362.622747267,597.175615551,0.682685130,1.557736557,98396.733938,22548.507831
9,19703,388247615,80435,4826,841,0.174264,1197.287246494,4189.763663019,3389.094904562,0.285764865,0.353276400,930.730032518,1363.964915950,597.794697475,0.682370948,1.556939258,101347.669322,22817.961398
9,19703,388247615,80435,4826,877,0.181724,949.718533555,4211.899873381,3403.493243816,0.225484594,0.279042286,949.718533555,1364.941930956,598.628511161,0.695794094,1.586490646,103903.063329,23040.010658
9,19703,388247615,80435,4826,916,0.189805,941.546096225,4237.334050141,3424.683378078,0.222202471,0.274929385,941.546096225,1365.100772321,599.209421710,0.689726440,1.571313905,106775.384759,23121.770045
9,19703,388247615,80435,4826,955,0.197886,697.266877015,4269.810509574,3448.383130420,0.163301597,0.202201104,950.567908894,1367.391491409,599.598525978,0.695168805,1.585340637,110054.270274,23452.452919
9,19703,388247615,80435,4826,997,0.206589,816.424798125,4294.558649693,3467.126802252,0.190106799,0.235475898,901.259403379,1368.813073406,600.029334198,0.658424018,1.502025571,113016.236371,23759.629035
9,19703,388247615,80435,4826,1040,0.215499,1451.677060274,4321.905294602,3486.825119915,0.335888216,0.416332053,864.701218260,1371.861212798,600.457071597,0.630312462,1.440071671,116192.455361,24098.796893
9,19703,388247615,80435,4826,1086,0.225031,1376.242508124,4340.775882026,3501.021200459,0.317049888,0.393097451,1004.751158503,1385.902512412,601.179668352,0.724979679,1.671299299,118900.172028,25088.445523
9,19703,388247615,80435,4826,1133,0.234770,1647.753798033,4354.902717253,3511.970999322,0.378367533,0.469182063,953.420489196,1409.857364761,601.570013016,0.676253154,1.584886993,121288.148459,26529.044502
9,19703,388247615,80435,4826,1182,0.244923,1296.242721351,4370.089176385,3523.508953211,0.296616995,0.367884044,961.764982913,1415.537472235,601.927881584,0.679434492,1.597807665,123829.833382,27217.357685
9,19703,388247615,80435,4826,1234,0.255698,951.094135183,4393.596528849,3541.581159948,0.216472798,0.268550710,878.140034979,1419.002748358,602.254315748,0.618843083,1.458088406,127068.091954,27624.870460
9,19703,388247615,80435,4826,1288,0.266888,820.243042434,4430.876355955,3568.618893433,0.185119822,0.229848876,904.025050654,1419.356387930,602.533223606,0.636926045,1.500373781,131272.043161,27776.700638
9,19703,388247615,80435,4826,1344,0.278492,845.495678381,4466.633578940,3597.740758085,0.189291479,0.235007394,919.518006925,1419.743178970,602.857601762,0.647665029,1.525265675,135468.660502,27895.935161
9,19703,388247615,80435,4826,1402,0.290510,262.280962896,4488.823790359,3615.488760724,0.058429775,0.072543709,795.674660102,1429.285355412,603.365941224,0.556694055,1.318726507,138846.586874,28841.503781
9,19703,388247615,80435,4826,1463,0.303150,759.585037485,4510.389332364,3632.202457004,0.168407865,0.209125192,826.235409714,1440.698176750,603.861197843,0.573496533,1.368253851,142266.298184,29830.243591
9,19703,388247615,80435,4826,1527,0.316411,830.627662711,4536.979127593,3652.155355069,0.183079454,0.227434920,830.627662711,1441.566108841,604.214918462,0.576198107,1.374722201,146171.272229,30097.708867
9,19703,388247615,80435,4826,1593,0.330087,1065.955774787,4559.657293364,3669.324817009,0.233779801,0.290504610,814.207095087,1443.119781771,604.565423135,0.564199248,1.346764244,149849.907213,30465.440904
9,19703,388247615,80435,4826,1663,0.344592,1520.663105200,4588.719085583,3692.644692188,0.331391632,0.411808672,955.794572663,1457.021971893,604.834748100,0.655991873,1.580257377,154147.043616,31842.084928
9,19703,388247615,80435,4826,1735,0.359511,1396.922674571,4607.671854477,3705.663568756,0.303173212,0.376969644,996.134379331,1474.531766015,605.147364364,0.675559796,1.646102153,157662.185825,33250.919242
9,19703,388247615,80435,4826,1811,0.375259,1364.395485225,4632.710137765,3725.063219743,0.294513459,0.366274451,1026.424376767,1483.293935907,605.455951617,0.691989869,1.695291580,161841.962297,34382.114669
9,19703,388247615,80435,4826,1890,0.391629,1439.057615464,4654.977511285,3740.584581724,0.309143838,0.384714631,999.371298648,1484.679938595,605.720151193,0.673122383,1.649889469,165847.651283,34734.901288
9,19703,388247615,80435,4826,1972,0.408620,799.943219055,4681.297983519,3760.497530694,0.170880645,0.212722708,1060.082447056,1486.338239323,606.022441667,0.713217503,1.749246190,170322.105244,35185.438722
9,19703,388247615,80435,4826,2058,0.426440,731.312326581,4704.080788084,3777.874695494,0.155463386,0.193577709,1046.934027433,1489.193850095,606.361800593,0.703020649,1.726583084,174603.552145,35818.868621
9,19703,388247615,80435,4826,2147,0.444882,1160.620550301,4732.241395481,3800.021551338,0.245258104,0.305424728,1056.032846450,1491.514650461,606.668219448,0.708027136,1.740709028,179443.746558,36290.152744
9,19703,388247615,80435,4826,2241,0.464360,568.313173352,4767.763985008,3826.313781616,0.119199099,0.148527592,1041.609560378,1496.659439355,606.913501812,0.695956296,1.716240547,185048.252316,37130.350254
9,19703,388247615,80435,4826,2338,0.484459,1097.620243238,4804.530649545,3854.588535255,0.228455248,0.284756786,1097.620243238,1498.368086904,607.141297190,0.732543794,1.807849751,190877.445265,37611.268525
9,19703,388247615,80435,4826,2440,0.505595,1694.343713346,4828.714100934,3872.921309959,0.350889218,0.437484673,1110.837636172,1506.425046784,607.346684905,0.737399872,1.829000905,195740.053885,38715.168197
9,19703,388247615,80435,4826,2546,0.527559,1327.751520326,4845.539648715,3886.047600061,0.274015201,0.341671451,1222.732608386,1510.861056023,607.579866463,0.809295205,2.012464000,199876.244123,39446.485272
9,19703,388247615,80435,4826,2657,0.550559,626.747957057,4869.489346641,3904.041169727,0.128709175,0.160538255,1174.488869047,1513.940835636,607.780920884,0.775782541,1.932421418,204927.470889,40177.703692
9,19703,388247615,80435,4826,2773,0.574596,1890.402502606,4891.765311788,3921.254575476,0.386445870,0.482091246,1200.856681595,1523.811280374,607.998931970,0.788061289,1.975096696,209910.994887,41561.752631
9,19703,388247615,80435,4826,2894,0.599668,1881.452359806,4915.435837955,3937.953544700,0.382764097,0.477774138,1090.899047091,1562.086791025,608.214287958,0.698360074,1.793609701,215184.232613,44528.930557
9,19703,388247615,80435,4826,3020,0.625777,1464.608776810,4941.198882778,3958.408464473,0.296407575,0.369999405,1150.121617483,1578.648807413,608.427632098,0.728548118,1.890317857,220831.307369,46470.358153
9,19703,388247615,80435,4826,3151,0.652922,711.321249675,4968.823947188,3979.873071018,0.143156863,0.178729632,1126.147757610,1580.491947535,608.632632687,0.712529893,1.850291452,226809.525820,47155.456798
9,19703,388247615,80435,4826,3288,0.681310,170.867215716,5002.137125524,4004.439241345,0.034158843,0.042669449,1101.932412227,1593.464468613,608.824096683,0.691532465,1.809935609,233534.525818,49002.229646
9,19703,388247615,80435,4826,3432,0.711148,402.986093439,5037.157451800,4031.912999589,0.080002680,0.099949104,1151.198160131,1617.674028749,609.056436448,0.711637907,1.890133806,240636.248315,51595.908171
9,19703,388247615,80435,4826,3581,0.742022,932.995141921,5067.664106472,4054.843611489,0.184107534,0.230093989,1112.053379835,1627.300455685,609.267149697,0.683373114,1.825231149,247397.968875,53166.683995
9,19703,388247615,80435,4826,3737,0.774347,1507.474704715,5094.999775639,4075.149656785,0.295873360,0.369918857,1058.300780520,1630.443181781,609.471557857,0.649087802,1.736423574,253963.777662,54062.471967
9,19703,388247615,80435,4826,3900,0.808123,1450.107835271,5118.160677208,4092.626988107,0.283325969,0.354322014,1094.640103144,1634.466717869,609.626181493,0.669723091,1.795592342,260141.754714,55195.535035
9,19703,388247615,80435,4826,4070,0.843349,1565.045811057,5138.660793060,4108.469577805,0.304562974,0.380931581,1172.701865131,1645.498632971,609.812340356,0.712672646,1.923053680,266082.002803,57202.082492
9,19703,388247615,80435,4826,4247,0.880025,1699.172931464,5163.909117566,4127.501859231,0.329047799,0.411671028,1092.419830506,1656.877260959,609.977287892,0.659324536,1.790918862,272830.946115,59071.983753
9,19703,388247615,80435,4826,4432,0.918359,1358.112616457,5197.572218525,4153.124520322,0.261297498,0.327009848,1106.468027192,1665.289591635,610.154846187,0.664429798,1.813421682,280824.990515,60773.561232
9,19703,388247615,80435,4826,4625,0.958351,1175.890538116,5227.173435816,4175.563312021,0.224957246,0.281612432,1138.628799676,1667.015114088,610.315245084,0.683034479,1.865640436,288528.026485,61522.014813
9,19703,388247615,80435,4826,4826,1.000000,860.041336748,5250.670769548,4193.644006556,0.163796470,0.205082104,1185.547281913,1669.636533159,610.495013850,0.710063094,1.941944250,295538.425586,62401.831370
9,22087,487879743,80435,6065,1,0.000165,-923.051113121,923.051113121,923.051113121,1.000000000,1.000000000,72.121375427,72.121375427,72.121375427,1.000000000,1.000000000,923.051113,72.121375
9,22087,487879743,80435,6065,2,0.000330,72.121375427,1357.347280322,1357.347280322,0.053134063,0.053134063,72.121375427,72.121375427,72.123206977,1.000000000,0.999974605,1918.223602,72.121375
9,22087,487879743,80435,6065,3,0.000495,1067.807859365,1683.384452136,1683.384452136,0.634322040,0.634322040,191.824608996,139.751053378,139.751998596,1.372616552,1.372607268,2913.910086,191.824609
9,22087,487879743,80435,6065,4,0.000660,1067.807859365,1897.664319268,1683.384452136,0.562695862,0.634322040,470.900067044,312.111307398,312.111730630,1.508756831,1.508754785,3789.893336,470.900067
9,22087,487879743,80435,6065,5,0.000824,1664.715651685,1989.328726268,1786.080100731,0.836822808,0.932049829,598.914807757,337.344396789,318.607400819,1.775380927,1.879789378,4386.801128,598.914808
9,22087,487879743,80435,6065,6,0.000989,1131.815229721,2059.468776380,1863.884381059,0.549566589,0.607234677,663.763474230,343.520875040,325.140008919,1.932236212,2.041469693,4919.701550,663.763474
9,22087,487879743,80435,6065,7,0.001154,1599.866985213,2111.985815933,1921.753738587,0.757517865,0.832503641,651.488797352,343.740104266,325.197927919,1.895294699,2.003360850,5387.753306,676.038151
9,22087,487879743,80435,6065,8,0.001319,1599.866985213,2164.564478944,1921.753738587,0.739117269,0.832503641,479.998078003,384.143626921,336.312293901,1.249527636,1.427239166,5861.942400,847.528870
9,22087,487879743,80435,6065,9,0.001484,1599.866985213,2235.814387609,1921.753738587,0.715563418,0.832503641,370.828538171,399.354872928,340.713158149,0.928568958,1.088389249,6421.876853,956.698410
9,22087,487879743,80435,6065,10,0.001649,985.347761692,2318.728067695,2017.615252681,0.424951841,0.488372479,427.815903325,403.400389586,345.446111460,1.060524269,1.238444693,7036.396077,1013.685775
9,22087,487879743,80435,6065,11,0.001814,1542.879620058,2384.814798891,2093.230298115,0.646959932,0.737080684,748.739317112,515.483958853,380.894966233,1.452497802,1.965736971,7593.927935,1334.609189
9,22087,487879743,80435,6065,12,0.001979,1542.879620058,2417.644789914,2093.230298115,0.638174651,0.737080684,427.078057093,607.609807386,413.457938431,0.702882100,1.032941969,7990.998087,1656.270449
9,22087,487879743,80435,6065,13,0.002143,2100.780401541,2481.181092178,2166.302463398,0.846685640,0.969753964,272.068458830,627.070692654,416.674023564,0.433872069,0.652952772,8548.898868,1811.280048
9,22087,487879743,80435,6065,14,0.002308,1491.209753971,2554.963010801,2250.431677991,0.583652189,0.662632760,824.319110672,835.582692524,499.862418599,0.986520087,1.649091990,9158.469516,2363.530699
9,22087,487879743,80435,6065,15,0.002473,1157.764432322,2576.629924744,2275.000773590,0.449332836,0.508907270,852.322114148,836.051795195,500.646188172,1.019460898,1.702444030,9491.914837,2391.533703
9,22087,487879743,80435,6065,16,0.002638,1157.764432322,2594.670842095,2275.000773590,0.446208596,0.508907270,810.767113060,837.083880125,502.367817288,0.968561374,1.613891426,9797.357156,2433.088704
9,22087,487879743,80435,6065,17,0.002803,1504.761751583,2617.770791799,2301.311725823,0.574825633,0.653871327,832.664035616,837.370227308,502.487106950,0.994379796,1.657085374,10144.354475,2454.985626
9,22087,487879743,80435,6065,18,0.002968,1504.761751583,2639.252309528,2301.311725823,0.570146987,0.653871327,523.726556000,892.542023601,525.693717129,0.586780837,0.996257971,10480.403333,2763.923106
9,22087,487879743,80435,6065,19,0.003133,1995.279349375,2684.447851438,2353.007261602,0.743273649,0.847969907,1030.453800307,1026.354599550,552.163166121,1.003993942,1.866212496,10970.920931,3270.650350
9,22087,487879743,80435,6065,20,0.003298,1995.279349375,2703.644263745,2353.007261602,0.737996258,0.847969907,818.360290863,1048.039799228,556.670769938,0.780848486,1.470097471,11292.529447,3482.743860
9,22087,487879743,80435,6065,21,0.003462,1602.972996538,2731.958378043,2385.486836608,0.586748689,0.671968913,974.658712676,1059.630415488,562.129562707,0.919810057,1.733868448,11684.835800,3639.042282
9,22087,487879743,80435,6065,22,0.003627,1288.815854607,2749.962052317,2406.084403643,0.468666778,0.535648647,905.707446062,1061.871411516,566.342583987,0.852935145,1.599221870,11998.992942,3707.993548
9,22087,487879743,80435,6065,23,0.003792,1671.924263152,2776.520005670,2436.393689483,0.602165394,0.686229106,1003.086001574,1066.327096940,568.431674175,0.940692593,1.764655362,12382.101350,3805.372104
9,22087,487879743,80435,6065,24,0.003957,1671.924263152,2796.587115918,2436.393689483,0.597844513,0.686229106,1076.904522661,1068.879156745,569.628705140,1.007508207,1.890537666,12716.520481,3879.190625
9,22087,487879743,80435,6065,26,0.004287,1411.394877643,2824.409173708,2450.283610292,0.499713317,0.576012863,1150.276415080,1071.435123440,570.828139620,1.073584756,2.015101105,13274.559737,3953.740671
9,22087,487879743,80435,6065,27,0.004452,1411.394877643,2836.453777522,2450.283610292,0.497591355,0.576012863,1157.932303970,1071.462475486,570.879477313,1.080702620,2.028330585,13535.678199,3961.396560
9,22087,487879743,80435,6065,28,0.004617,1411.394877643,2847.755837194,2450.283610292,0.495616534,0.576012863,1086.400005983,1073.847617696,575.343590624,1.011689171,1.888262985,13789.140773,4032.928858
9,22087,487879743,80435,6065,29,0.004782,1736.389749303,2866.240564726,2471.742591265,0.605807402,0.702496188,1053.294552966,1074.357797500,575.581653657,0.980394572,1.829965473,14114.135645,4066.034311
9,22087,487879743,80435,6065,30,0.004946,2077.937347472,2886.518618802,2495.228686771,0.719876648,0.832764291,1087.061743885,1074.888319888,575.691698300,1.011325292,1.888270661,14455.683243,4099.801502
9,22087,487879743,80435,6065,32,0.005276,2408.229215334,2925.858032639,2516.994024082,0.823084780,0.956787816,1360.537634048,1127.710281127,581.972963386,1.206460256,2.337802131,15131.753613,4497.170466
9,22087,487879743,80435,6065,33,0.005441,2146.306320013,2937.558310953,2530.585410603,0.730642967,0.848146168,1197.265329334,1139.468439074,584.512200851,1.050722678,2.048315377,15393.676508,4660.442771
9,22087,487879743,80435,6065,35,0.005771,1575.201762400,2965.505971573,2562.974708721,0.531174706,0.614599027,1223.554294977,1150.195206154,595.680640623,1.063779686,2.054044083,15964.781066,4880.511550
9,22087,487879743,80435,6065,36,0.005936,1575.201762400,2986.282238634,2562.974708721,0.527479199,0.614599027,1272.996307992,1151.257366930,597.728983959,1.105744332,2.129721566,16316.428533,4929.953563
9,22087,487879743,80435,6065,38,0.006265,1716.723288296,3005.832508697,2585.727522207,0.571130721,0.663922735,1489.552056496,1187.403661598,617.842085046,1.254461397,2.410894454,16779.317916,5279.483918
9,22087,487879743,80435,6065,40,0.006595,1489.552056496,3026.559903337,2595.687498074,0.492160111,0.573856467,1489.552056496,1187.403661598,619.892263131,1.254461397,2.402920870,17277.467024,5279.483918
9,22087,487879743,80435,6065,41,0.006760,1735.659193035,3036.549616117,2607.328577359,0.571589275,0.665684873,1518.557580392,1187.757877681,620.570494228,1.278507690,2.447034776,17523.574161,5308.489442
9,22087,487879743,80435,6065,43,0.007090,2229.944266428,3056.893415261,2630.993365905,0.729480542,0.847567423,1486.312793803,1197.053810215,624.160577244,1.241642423,2.381298736,18017.859234,5516.572048
9,22087,487879743,80435,6065,45,0.007420,2229.944266428,3078.387026196,2630.993365905,0.724387235,0.847567423,1363.735730414,1200.251902338,624.842614867,1.136207931,2.182526764,18531.115829,5639.149111
9,22087,487879743,80435,6065,47,0.007749,2295.147217437,3112.090643192,2670.349711148,0.737493692,0.859493125,1400.871043649,1218.884894957,630.712782174,1.149305443,2.221091887,19173.791137,5937.096228
9,22087,487879743,80435,6065,49,0.008079,2295.147217437,3139.883249565,2670.349711148,0.730965783,0.859493125,1588.419136307,1230.491270718,633.211909635,1.290882084,2.508511151,19763.258854,6124.644321
9,22087,487879743,80435,6065,51,0.008409,2028.165447025,3160.006669479,2683.662953048,0.641823154,0.755745219,1580.354035720,1237.096537536,635.451957724,1.277470260,2.486976421,20265.816651,6305.013680
9,22087,487879743,80435,6065,54,0.008904,2282.991352770,3187.274101121,2695.734239090,0.716283344,0.846890365,1614.766153401,1240.540395926,636.614800662,1.301663500,2.536488551,20985.388536,6463.106599
9,22087,487879743,80435,6065,56,0.009233,2060.249619647,3201.424879839,2704.920880077,0.643541453,0.761667239,1602.147597129,1242.417207257,637.529148481,1.289540734,2.513057797,21410.098549,6558.818970
9,22087,487879743,80435,6065,59,0.009728,1836.068805476,3229.402923076,2737.977163125,0.568547453,0.670593177,1583.356753925,1242.595662100,637.895443285,1.274233286,2.482157179,22144.017371,6581.923717
9,22087,487879743,80435,6065,61,0.010058,2048.647266057,3246.243401606,2746.217134113,0.631082458,0.745988815,1601.596171139,1243.436383350,639.250452014,1.288040299,2.505428297,22609.307883,6643.951482
9,22087,487879743,80435,6065,64,0.010552,1825.121718598,3270.120415682,2755.298934429,0.558120646,0.662404248,1615.323429518,1243.829560693,640.014903743,1.298669432,2.523884085,23292.213279,6687.707712
9,22087,487879743,80435,6065,67,0.011047,1984.608778388,3287.234073086,2775.588682832,0.603732115,0.715022651,1648.159092863,1244.130322640,640.563461559,1.324747949,2.572983306,23871.296917,6720.543376
9,22087,487879743,80435,6065,70,0.011542,1986.090900801,3300.613968653,2786.348445071,0.601733774,0.712793443,1572.040023642,1245.938875399,641.442944601,1.261731257,2.450786990,24385.481361,6796.662445
9,22087,487879743,80435,6065,73,0.012036,2465.156965564,3326.869768149,2807.241224381,0.740983909,0.878142193,1502.981035113,1259.865829149,643.859492690,1.192969124,2.334330785,25103.596060,7117.694582
9,22087,487879743,80435,6065,76,0.012531,2224.612982951,3354.018236892,2817.528118659,0.663268004,0.789561946,1680.296754232,1274.681662224,647.091514178,1.318208933,2.596691067,25841.092108,7367.266236
9,22087,487879743,80435,6065,80,0.013190,2505.912725003,3383.498919320,2842.354524418,0.740627612,0.881632711,1697.331934343,1298.830035684,652.966798850,1.306816048,2.599415372,26726.333768,7857.128403
9,22087,487879743,80435,6065,83,0.013685,2574.730069374,3405.111625510,2860.915379154,0.756136759,0.899967223,1596.170886011,1317.443854250,656.872318363,1.211566535,2.429956083,27383.428745,8168.871420
9,22087,487879743,80435,6065,87,0.014345,1916.412966672,3435.059658414,2886.145847260,0.557898016,0.664004201,1730.762072413,1321.675289029,658.161809881,1.309521398,2.629690824,28286.385643,8351.045917
9,22087,487879743,80435,6065,91,0.015004,1925.309186894,3449.938416659,2893.645551434,0.558070596,0.665357644,1785.888945844,1322.467078943,659.225355242,1.350422233,2.709071991,28923.270318,8427.496933
9,22087,487879743,80435,6065,95,0.015664,1452.646244343,3463.600490928,2906.578720031,0.419403522,0.499778738,1743.654809311,1322.964557287,660.538750002,1.317990569,2.639746433,29535.353501,8480.473665
9,22087,487879743,80435,6065,99,0.016323,1580.019767413,3475.327656954,2909.368293997,0.454639080,0.543080012,1789.262315412,1324.684469529,663.233737771,1.350708306,2.697785431,30102.617482,8598.604209
9,22087,487879743,80435,6065,104,0.017148,2173.513304927,3503.546480313,2929.652109552,0.620375188,0.741901504,1775.678637390,1325.341482636,664.315007617,1.339789526,2.672946745,31091.674688,8679.380201
9,22087,487879743,80435,6065,108,0.017807,2381.792742282,3525.155163548,2950.047598285,0.675656143,0.807374343,1834.930957457,1327.894352469,664.917829071,1.381835049,2.759635668,31870.138014,8797.135416
9,22087,487879743,80435,6065,113,0.018631,2745.719520428,3558.233648909,2980.663395776,0.771652396,0.921177321,1792.903928924,1347.633798586,666.967959784,1.330408848,2.688141016,32947.745747,9286.036816
9,22087,487879743,80435,6065,118,0.019456,2560.544483041,3581.075283376,2998.570698773,0.715021126,0.853921665,1965.401944805,1372.815856135,669.598940366,1.431657375,2.935192735,33848.444632,9824.232080
9,22087,487879743,80435,6065,123,0.020280,2028.431871070,3603.335401042,3014.508496127,0.562931741,0.672889751,1872.335362604,1377.107458734,671.176620172,1.359614568,2.789631382,34737.746499,10052.535376
9,22087,487879743,80435,6065,129,0.021270,2000.785419231,3627.640610173,3024.323153284,0.551539040,0.661564693,1855.661158267,1378.574095895,673.160609309,1.346072847,2.756639549,35762.674106,10184.665997
9,22087,487879743,80435,6065,135,0.022259,1930.869232955,3653.585679831,3044.669276004,0.528486096,0.634180286,1709.298012665,1385.893469648,676.682620993,1.233354547,2.525996619,36820.800029,10485.171359
9,22087,487879743,80435,6065,141,0.023248,2428.252631075,3682.049981988,3066.816119161,0.659483886,0.791782923,2079.552397521,1404.404155452,679.471683416,1.480736431,3.060543137,37913.862571,10902.052429
9,22087,487879743,80435,6065,147,0.024237,1920.075883134,3695.177124660,3077.598892125,0.519616738,0.623887631,2030.479573802,1404.973715942,682.233346593,1.445208228,2.976224460,38669.284521,10971.045565
9,22087,487879743,80435,6065,153,0.025227,2146.765660052,3707.255322656,3081.774156823,0.579071435,0.696600578,1992.129627071,1405.538976972,683.462894825,1.417342144,2.914759005,39393.778463,11019.379441
9,22087,487879743,80435,6065,160,0.026381,1916.399492190,3737.448807795,3107.788853047,0.512756051,0.616644046,1916.399492190,1406.956900684,685.414778501,1.362088271,2.795970487,40643.981546,11124.452648
9,22087,487879743,80435,6065,168,0.027700,2080.772545048,3763.893934997,3127.727036204,0.552824437,0.665266668,1942.949043016,1407.550155226,686.657384453,1.380376419,2.829575691,41900.810033,11211.684682
9,22087,487879743,80435,6065,175,0.028854,2491.784371557,3780.675765735,3136.841901558,0.659084388,0.794360841,1860.683532107,1411.359245703,687.821456956,1.318362804,2.705183901,42833.108607,11391.012361
9,22087,487879743,80435,6065,183,0.030173,2463.733734380,3804.399199088,3158.647351495,0.647601265,0.779996454,1881.779311510,1424.834363508,689.684101622,1.320700398,2.728465550,44026.778178,11855.205450
9,22087,487879743,80435,6065,191,0.031492,2652.076007750,3831.338699391,3181.069187912,0.692206097,0.833705855,1816.023042250,1430.757209192,690.885053916,1.269274081,2.628545851,45306.036679,12151.358582
9,22087,487879743,80435,6065,200,0.032976,3176.750989242,3865.426572153,3204.219442504,0.821837106,0.991427412,1916.502348741,1453.294660444,691.798289615,1.318729368,2.770319582,46841.681519,12752.383321
9,22087,487879743,80435,6065,209,0.034460,2243.832953223,3893.386056292,3226.833095564,0.576319153,0.695366908,1960.746411791,1464.376254427,693.097231001,1.338963539,2.828962985,48236.443572,13182.436604
9,22087,487879743,80435,6065,218,0.035944,1625.130301369,3909.968322741,3242.736449846,0.415637716,0.501160155,2015.038289611,1465.217721724,694.554867349,1.375248374,2.901193821,49309.492555,13303.115670
9,22087,487879743,80435,6065,228,0.037593,1619.554420768,3926.494661840,3254.404575956,0.412468260,0.497649995,1968.254242100,1471.463048733,695.743788520,1.337617172,2.828992906,50441.976872,13713.278721
9,22087,487879743,80435,6065,238,0.039242,1973.860905454,3943.611294788,3268.671188424,0.500521161,0.603872581,1973.860905454,1471.735117692,696.558480399,1.341179457,2.833733220,51600.713208,13766.061988
9,22087,487879743,80435,6065,248,0.040890,2164.184004313,3961.213226196,3277.737449745,0.546343729,0.660267650,1945.287876277,1474.560352607,697.950616767,1.319232457,2.787142571,52767.766515,13979.729705
9,22087,487879743,80435,6065,260,0.042869,2167.722519209,3980.473010933,3292.832440867,0.544589177,0.658315465,1944.611549343,1475.099043781,698.529255638,1.318292190,2.783865577,54119.369889,14093.196920
9,22087,487879743,80435,6065,271,0.044683,2298.901390332,4007.919486666,3314.062050104,0.573589714,0.693680853,1832.957958131,1476.998316091,700.408656584,1.241002064,2.616983587,55665.380223,14298.200312
9,22087,487879743,80435,6065,283,0.046661,2781.522944987,4042.347146747,3337.055478894,0.688096011,0.833526132,1963.967022464,1488.784217373,702.058399120,1.319175069,2.797441103,57485.169460,14769.041955
9,22087,487879743,80435,6065,296,0.048805,2915.667618066,4069.767642015,3354.521660091,0.716421151,0.869175374,1917.818897894,1516.632852019,703.224325560,1.264524170,2.727179405,59182.282228,15587.355532
9,22087,487879743,80435,6065,309,0.050948,2137.218195945,4097.551421531,3375.040656620,0.521584228,0.633242208,2023.120211433,1539.064333324,705.019062617,1.314513089,2.869596467,60894.579619,16126.315006
9,22087,487879743,80435,6065,323,0.053256,2408.052331910,4115.038775635,3389.475457198,0.585183388,0.710449851,2174.331899686,1542.521698236,705.500949122,1.409595665,3.081968780,62295.229504,16400.752533
9,22087,487879743,80435,6065,337,0.055565,2018.232766067,4133.244056415,3402.198796733,0.488292668,0.593214238,2132.068283029,1545.248335830,706.798873454,1.379757696,3.016513414,63737.916268,16619.727145
9,22087,487879743,80435,6065,353,0.058203,2101.688868253,4159.964605317,3415.238342552,0.505217969,0.615385709,2101.688868253,1548.963687332,708.337622335,1.356835467,2.967072201,65611.954084,16944.888446
9,22087,487879743,80435,6065,368,0.060676,2200.814593059,4185.215876833,3433.951716043,0.525854498,0.640898526,2089.386119952,1549.168560397,709.084457647,1.348714513,2.946596978,67385.177230,17004.706951
9,22087,487879743,80435,6065,385,0.063479,2384.909502645,4205.669160869,3448.902182125,0.567070164,0.691498157,2074.267797210,1551.369408893,710.171598463,1.337056013,2.920798018,69085.685405,17289.875851
9,22087,487879743,80435,6065,402,0.066282,2110.928867919,4227.561982513,3468.128652339,0.499325350,0.608665099,2007.117530061,1553.153282682,711.103848855,1.292285541,2.822537852,70848.162638,17477.943945
9,22087,487879743,80435,6065,420,0.069250,1985.529547733,4243.101908785,3479.392878989,0.467942932,0.570654024,1985.529547733,1553.390703983,711.971888892,1.278190698,2.788775201,72365.842096,17530.545893
9,22087,487879743,80435,6065,439,0.072383,2717.237771841,4269.960049216,3500.952936292,0.636361404,0.776142331,2002.268817767,1555.978367856,712.493994899,1.286823043,2.810225535,74443.514074,17768.572187
9,22087,487879743,80435,6065,458,0.075515,2464.911201444,4306.034004690,3529.644866197,0.572431894,0.698345385,1747.258864351,1570.257507225,713.298901118,1.112721230,2.449546553,76861.887226,18583.520222
9,22087,487879743,80435,6065,479,0.078978,2588.501093924,4335.637351621,3551.897149727,0.597028968,0.728765779,1988.313792715,1582.243613753,714.159804372,1.256642008,2.784130079,79164.713513,19304.676801
9,22087,487879743,80435,6065,500,0.082440,2576.504871515,4367.452283048,3574.212463485,0.589933147,0.720859461,1994.114038559,1590.265331306,714.906498754,1.253950520,2.789335447,81565.092095,19909.828792
9,22087,487879743,80435,6065,523,0.086232,2278.476061596,4390.203356274,3592.494850373,0.518991007,0.634232242,2043.722943192,1592.498189506,715.268002047,1.283343967,2.857282777,83692.898572,20216.046778
9,22087,487879743,80435,6065,546,0.090025,1755.233303431,4406.919268294,3603.714977977,0.398290324,0.487062188,2052.823493250,1593.290090213,716.179090788,1.288417913,2.866354966,85522.998929,20393.651237
9,22087,487879743,80435,6065,571,0.094147,1666.513333776,4426.565511145,3618.296835586,0.376479989,0.460579496,2109.223887758,1596.995995731,716.614257585,1.320744631,2.943318341,87596.096894,20824.365312
9,22087,487879743,80435,6065,596,0.098269,1701.032067163,4445.515450610,3630.717566573,0.382640008,0.468511261,2136.384344809,1604.385881538,717.133465152,1.331590093,2.979061010,89637.566734,21481.369710
9,22087,487879743,80435,6065,623,0.102721,2387.235516042,4468.362156307,3649.304872789,0.534252917,0.654161710,2104.010107795,1606.185431723,717.876908846,1.309942219,2.930878653,91976.215904,21786.932191
9,22087,487879743,80435,6065,651,0.107337,2858.314266135,4500.687066552,3672.056611840,0.635083982,0.778396024,2060.541333471,1611.118469692,718.422030035,1.278950848,2.868148870,94816.864680,22255.724854
9,22087,487879743,80435,6065,680,0.112119,3245.173507388,4526.922653803,3692.239315680,0.716860825,0.878917435,2307.065098926,1634.960664369,718.964274764,1.411082939,3.208873069,97423.348579,23466.440128
9,22087,487879743,80435,6065,710,0.117065,2688.474476945,4553.676133177,3714.318539427,0.590396506,0.723813655,2230.383057454,1651.351083395,719.544708544,1.350641351,3.099714348,100114.868337,24356.385795
9,22087,487879743,80435,6065,742,0.122341,2594.177946416,4587.134223122,3735.956810376,0.565533473,0.694381139,2194.587468386,1653.111055785,720.116059761,1.327549931,3.047546904,103239.228076,24664.988758
9,22087,487879743,80435,6065,775,0.127782,2456.936629094,4618.084378734,3759.491786923,0.532025062,0.653528926,2293.073998001,1657.114431293,720.918868369,1.383775287,3.180765685,106291.569681,25161.335863
9,22087,487879743,80435,6065,810,0.133553,2229.023977072,4635.039500527,3772.944733270,0.480907224,0.590791579,2303.322859971,1657.657032324,721.394765392,1.389505076,3.192874374,108624.546544,25342.811998
9,22087,487879743,80435,6065,846,0.139489,2335.141806008,4656.799810128,3787.294692096,0.501447754,0.616572513,2250.312382359,1658.583560434,721.811667410,1.356767567,3.117589371,111313.032719,25568.210016
9,22087,487879743,80435,6065,884,0.145754,2276.946357744,4686.311802994,3807.343888443,0.485871716,0.598040635,2276.946357744,1659.075559325,722.381316251,1.372418721,3.152000621,114543.331528,25749.904477
9,22087,487879743,80435,6065,923,0.152185,2080.437514639,4707.029823574,3825.151366198,0.441985199,0.543883710,2251.899335732,1659.342938572,722.865442615,1.357103034,3.115239992,117280.330809,25863.860062
9,22087,487879743,80435,6065,965,0.159110,2025.544639795,4729.386988940,3840.085035416,0.428289046,0.527473903,2325.586775488,1662.012021528,723.403620124,1.399259900,3.214784542,120239.175144,26336.585471
9,22087,487879743,80435,6065,1008,0.166200,2212.202972341,4755.192492148,3861.043439157,0.465218385,0.572954697,2348.820231028,1662.695010288,723.913451737,1.412658495,3.244614706,123469.929086,26571.896462
9,22087,487879743,80435,6065,1053,0.173619,2806.036494165,4787.166407940,3883.707242154,0.586158127,0.722514937,2214.731059439,1666.363328490,724.305185709,1.329080532,3.057731883,127145.353054,27081.847090
9,22087,487879743,80435,6065,1100,0.181369,3183.654738974,4814.332658649,3903.160523335,0.661286821,0.815660724,2487.341699260,1679.922474841,724.818891275,1.480628860,3.431673387,130594.722915,28273.473035
9,22087,487879743,80435,6065,1149,0.189448,2668.231473403,4842.007690025,3925.199478633,0.551058909,0.679769649,2289.849723484,1703.141988269,725.213773582,1.344485509,3.157482396,134182.370261,29891.989079
9,22087,487879743,80435,6065,1201,0.198021,2623.871384902,4879.968294933,3954.137469730,0.537682056,0.663576167,2209.591331225,1707.957480760,725.624742017,1.293703945,3.045088189,138557.422553,30682.547020
9,22087,487879743,80435,6065,1255,0.206925,2191.093679018,4907.972962497,3975.093221949,0.446435564,0.551205609,2191.093679018,1708.768817226,726.024134240,1.282264550,3.017935046,142375.613855,30966.172877
9,22087,487879743,80435,6065,1311,0.216158,2495.201016924,4939.186063322,3999.500551273,0.505184657,0.623878153,2183.784169002,1708.962750824,726.396453410,1.277841877,3.006325483,146517.358757,31098.273076
9,22087,487879743,80435,6065,1369,0.225721,1822.362275757,4958.351734133,4013.896769068,0.367533885,0.454013240,2119.105666995,1712.380822203,726.919190578,1.237520089,2.915187402,149799.930748,31607.022250
9,22087,487879743,80435,6065,1431,0.235944,1694.220689536,4974.703662533,4026.289233051,0.340567158,0.420789613,2208.862655683,1728.836035646,727.381570466,1.277658847,3.036731676,152956.469643,33084.125522
9,22087,487879743,80435,6065,1495,0.246496,2281.685484298,4991.803527150,4039.166193800,0.457086396,0.564890221,2181.678652652,1732.330204737,727.695881255,1.259389605,2.998063764,156252.115669,33618.269783
9,22087,487879743,80435,6065,1562,0.257543,2492.873015537,5022.098878986,4062.871282208,0.496380712,0.613574205,2148.980617353,1732.778973766,728.025557134,1.240193152,2.951792827,160710.458040,33823.425419
9,22087,487879743,80435,6065,1631,0.268920,3297.441377474,5065.464521354,4095.260730294,0.650965250,0.805184723,2107.709172312,1741.258759215,728.355166690,1.210451440,2.893793123,166185.559034,34896.639831
9,22087,487879743,80435,6065,1704,0.280956,3176.625906916,5102.083833650,4121.044988588,0.622613428,0.770830194,2460.583631152,1760.362047128,728.696102545,1.397771348,3.376693827,171373.044690,36657.894322
9,22087,487879743,80435,6065,1781,0.293652,2823.362719115,5126.226240620,4139.102050920,0.550768262,0.682119620,2467.575903259,1775.180968474,729.090292516,1.390041887,3.384458590,175723.731971,38147.755373
9,22087,487879743,80435,6065,1860,0.306678,2387.158287653,5153.616874124,4157.919024051,0.463200573,0.574123323,2453.507564031,1779.005499942,729.479443636,1.379145575,3.363367653,180397.567959,38857.415803
9,22087,487879743,80435,6065,1944,0.320528,2253.659766410,5180.555688685,4177.943020386,0.435022786,0.539418502,2486.863133470,1780.635793040,729.780508505,1.396615267,3.407686427,185217.124184,39373.781570
9,22087,487879743,80435,6065,2030,0.334707,2397.001330301,5209.082114713,4200.231530037,0.460158100,0.570683143,2522.066405187,1782.276520509,730.057551750,1.415081429,3.454613132,190243.970471,39902.696854
9,22087,487879743,80435,6065,2121,0.349711,2500.517168679,5235.462352802,4219.861545613,0.477611527,0.592559055,2458.891679593,1785.113952534,730.351400893,1.377442418,3.366724123,195161.150434,40531.199487
9,22087,487879743,80435,6065,2216,0.365375,2044.726693431,5260.538873837,4238.651610934,0.388691490,0.482400273,2430.255951773,1788.763255884,730.691112085,1.358623587,3.325968951,200152.938063,41233.911546
9,22087,487879743,80435,6065,2315,0.381698,2570.395954846,5286.736135230,4259.076288203,0.486197134,0.603510194,2486.101881285,1794.651412279,730.967030407,1.385283997,3.401113563,205336.965418,42177.799449
9,22087,487879743,80435,6065,2419,0.398846,3254.217911538,5317.200848432,4282.520711998,0.612017113,0.759883753,2496.433258613,1800.764135774,731.231541393,1.386318846,3.414012002,211102.622140,43102.162525
9,22087,487879743,80435,6065,2527,0.416653,2656.397353404,5343.445082981,4302.479667816,0.497131965,0.617410786,2610.531608942,1807.681403587,731.453505277,1.444132580,3.568964521,216586.793612,44224.778959
9,22087,487879743,80435,6065,2640,0.435284,2309.049787373,5370.248217720,4322.614813004,0.429970775,0.534178937,2694.895148412,1811.075652218,731.710806261,1.488008049,3.683005807,222269.855743,45052.279623
9,22087,487879743,80435,6065,2758,0.454740,3606.578125583,5406.954161174,4349.772525237,0.667025837,0.829141778,2734.651305142,1821.320589611,731.959512230,1.501466200,3.736069085,229077.006886,46609.851453
9,22087,487879743,80435,6065,2882,0.475185,3887.958918897,5450.396445806,4382.040096154,0.713335068,0.887248595,2550.477124051,1859.218725999,732.183239173,1.371800471,3.483386381,236708.739277,49970.248219
9,22087,487879743,80435,6065,3011,0.496455,3158.150976987,5484.498929723,4407.914549275,0.575832180,0.716472822,2895.704572105,1873.020777590,732.360047687,1.546007715,3.953935747,243598.495501,51998.369550
9,22087,487879743,80435,6065,3146,0.518714,2692.018584438,5506.957880447,4425.229124637,0.488839509,0.608334283,2916.759295175,1875.181375521,732.601026841,1.555454493,3.981374839,249345.618909,52775.649020
9,22087,487879743,80435,6065,3286,0.541797,2170.944632409,5528.454437651,4441.062988237,0.392685633,0.488834461,3177.314462588,1890.961702693,732.839630240,1.680263782,4.335620416,255060.046260,54982.235113
9,22087,487879743,80435,6065,3433,0.566035,2362.642481419,5557.341741948,4463.651319372,0.425138959,0.529307133,2863.547491905,1910.388462072,733.020922239,1.498934666,3.906501718,261883.622925,57697.814866
9,22087,487879743,80435,6065,3587,0.591426,2884.287175566,5580.193721444,4480.790123664,0.516879399,0.643700574,2979.207709406,1917.281029680,733.194886306,1.553871166,4.063323088,268125.844292,59220.590536
9,22087,487879743,80435,6065,3747,0.617807,3360.465739914,5610.957901251,4503.736626070,0.598911237,0.746150590,2996.858284643,1920.698830305,733.407734299,1.560295783,4.086210364,275532.531243,60191.872771
9,22087,487879743,80435,6065,3915,0.645507,3386.127718708,5641.663434691,4526.761771550,0.600200235,0.748024281,2995.421688409,1925.247066859,733.584804840,1.555863525,4.083265723,283135.982723,61514.953730
9,22087,487879743,80435,6065,4090,0.674361,3717.372460563,5676.984087972,4553.559001431,0.654814670,0.816366376,2896.804519588,1935.510576228,733.740356826,1.496661685,3.947996717,291469.212171,63668.830289
9,22087,487879743,80435,6065,4273,0.704534,3715.641076367,5717.608775257,4583.961771393,0.649859272,0.810574185,2921.210859649,1950.540631595,733.931519045,1.497641634,3.980222655,300663.741520,66259.357373
9,22087,487879743,80435,6065,4464,0.736026,3425.601732725,5752.496206614,4610.688124740,0.595498304,0.742969735,2957.478577037,1956.840920901,734.124103584,1.511353603,4.028581220,309385.911894,67934.981778
9,22087,487879743,80435,6065,4664,0.769002,3148.220256554,5784.050772450,4634.494143272,0.544293330,0.679301809,2895.867549524,1957.999248896,734.305338670,1.478993187,3.943683093,317892.633130,68571.772393
9,22087,487879743,80435,6065,4873,0.803462,2241.613612168,5811.162593381,4655.645338906,0.385742711,0.481482899,2948.558700352,1961.706060825,734.454225038,1.503058363,4.014625554,325953.192758,69743.501941
9,22087,487879743,80435,6065,5091,0.839406,3072.531233103,5835.102272432,4673.330131405,0.526559962,0.657460771,2955.230679202,1967.550688961,734.607819631,1.501984521,4.022868530,333706.753950,71300.408458
9,22087,487879743,80435,6065,5319,0.876999,2950.752619431,5862.231654475,4694.199070348,0.503349713,0.628595544,2950.752619431,1967.784034795,734.758536272,1.499530725,4.015948742,342155.786147,71606.945230
9,22087,487879743,80435,6065,5557,0.916241,2669.731691387,5900.556636225,4723.027138010,0.452454210,0.565258597,2931.094160023,1972.167805029,734.928084144,1.486229596,3.988273442,352467.769936,73200.723731
9,22087,487879743,80435,6065,5805,0.957131,2729.867121188,5934.011255800,4748.313180100,0.460037402,0.574913031,2926.597020484,1976.347547018,735.078389531,1.480810916,3.981340034,362358.114530,74810.867633
9,22087,487879743,80435,6065,6065,1.000000,2875.381073687,5961.050113370,4769.111634995,0.482361500,0.602917544,2916.069316833,1977.647518971,735.225996493,1.474514184,3.966221721,371470.495089,75579.124093
9,24470,598829840,80435,7444,1,0.000134,-1173.351742648,1173.351742648,1173.351742648,1.000000000,1.000000000,-14.195408704,14.195408704,14.195408704,1.000000000,1.000000000,1173.351743,14.195409
9,24470,598829840,80435,7444,2,0.000269,-14.195408704,1649.362821970,1649.362821970,0.008606602,0.008606602,-14.195408704,14.195408704,175.866888388,1.000000000,0.080716779,2332.508077,14.195409
9,24470,598829840,80435,7444,3,0.000403,969.667876881,1920.516775042,1920.516775042,0.504899457,0.504899457,275.847292315,290.389872486,339.196006530,0.949920498,0.813238620,3316.371362,304.238110
9,24470,598829840,80435,7444,4,0.000537,969.667876881,2042.001882170,1920.516775042,0.474861402,0.504899457,114.628861860,332.141024809,375.559999420,0.345121058,0.305221168,4010.191947,465.456540
9,24470,598829840,80435,7444,5,0.000672,1824.706891901,2213.789376610,2102.255075014,0.824245934,0.867975972,225.957380886,350.302297323,379.662775304,0.645035395,0.595152845,4865.230962,576.785059
9,24470,598829840,80435,7444,6,0.000806,1025.332136394,2353.691441913,2249.105688972,0.435627253,0.455884373,400.947117197,391.577715561,418.049316188,1.023927311,0.959090475,5664.605717,751.774796
9,24470,598829840,80435,7444,7,0.000940,1649.717155590,2435.101652073,2334.166457724,0.677473630,0.706769284,539.367167729,415.323028151,423.739611510,1.298669063,1.272874079,6288.990736,890.194846
9,24470,598829840,80435,7444,8,0.001075,1649.717155590,2497.586701161,2334.166457724,0.660524479,0.706769284,594.335497437,418.944787512,424.630000919,1.418648746,1.399654985,6844.165730,945.163176
9,24470,598829840,80435,7444,9,0.001209,1649.717155590,2552.723436040,2334.166457724,0.646257692,0.706769284,548.786211541,421.413659519,425.240310932,1.302250649,1.290531959,7371.856559,990.712462
9,24470,598829840,80435,7444,10,0.001343,1099.251683565,2611.399850042,2398.196257243,0.420943458,0.458366024,500.440929285,424.177720709,427.979658814,1.179790698,1.169310080,7922.322031,1039.057744
9,24470,598829840,80435,7444,11,0.001478,1698.062437845,2679.175898712,2471.825157186,0.633800281,0.686967051,875.324409795,566.095718677,467.226919546,1.546248065,1.873446013,8521.132786,1413.941224
9,24470,598829840,80435,7444,12,0.001612,1698.062437845,2710.573364058,2471.825157186,0.626458763,0.686967051,1063.210485039,596.460845300,476.577683768,1.782531902,2.230927971,8932.501800,1601.827300
9,24470,598829840,80435,7444,13,0.001746,2015.488414248,2729.096409516,2492.123363357,0.738518583,0.808743437,681.215048732,708.297997551,493.294718235,0.961763341,1.380949407,9249.927776,1983.822736
9,24470,598829840,80435,7444,14,0.001881,1570.730625743,2765.099763638,2531.499229434,0.568055680,0.620474463,955.747756521,759.640876323,512.036845306,1.258157356,1.866560513,9694.685565,2258.355444
9,24470,598829840,80435,7444,15,0.002015,1263.239191132,2782.144440037,2550.105748981,0.454052339,0.495367375,679.048938667,808.465519848,582.017153315,0.839923190,1.166716367,10002.176999,2535.054262
9,24470,598829840,80435,7444,16,0.002149,1263.239191132,2842.816549886,2550.105748981,0.444361839,0.495367375,691.449003670,808.560608981,582.149232040,0.855160387,1.187752153,10586.367252,2547.454327
9,24470,598829840,80435,7444,17,0.002284,1835.029378594,2899.749981427,2613.423683497,0.632823309,0.702155334,1217.242820303,964.484005054,638.758571580,1.262066363,1.905638334,11158.157439,3073.248143
9,24470,598829840,80435,7444,18,0.002418,1835.029378594,2916.155862207,2613.423683497,0.629263135,0.702155334,1035.109694777,981.530372133,645.217507218,1.054587534,1.604280236,11467.050718,3255.381269
9,24470,598829840,80435,7444,19,0.002552,2234.989220503,2943.455942905,2643.851588990,0.759307856,0.845353510,1072.393936314,982.238253219,645.337190007,1.091785962,1.661757532,11867.010560,3292.665510
9,24470,598829840,80435,7444,20,0.002687,2234.989220503,2968.857314509,2643.851588990,0.752811262,0.845353510,1246.741250614,997.591585815,647.948710698,1.249751169,1.924135707,12254.542322,3467.012825
9,24470,598829840,80435,7444,21,0.002821,1905.573230540,2987.076940482,2664.294675716,0.637939119,0.715226153,1174.180212900,1000.227012375,648.963641311,1.173913720,1.809315866,12583.958312,3539.573862
9,24470,598829840,80435,7444,22,0.002955,1539.876721720,3009.379102892,2689.275005575,0.511692502,0.572599202,1120.877150302,1001.646291246,651.149003091,1.119034893,1.721383501,12949.654820,3592.876925
9,24470,598829840,80435,7444,23,0.003090,1958.876293139,3038.408008443,2721.720172328,0.644704822,0.719719945,1189.710474570,1004.008625110,652.057919865,1.184960413,1.824547235,13368.654392,3661.710249
9,24470,598829840,80435,7444,24,0.003224,1958.876293139,3062.650362004,2721.720172328,0.639601672,0.719719945,1145.471493936,1004.982789257,652.432987141,1.139792150,1.755692181,13753.237301,3705.949230
9,24470,598829840,80435,7444,25,0.003358,1958.876293139,3089.536224375,2721.720172328,0.634035710,0.719719945,1303.029422155,1017.258525375,657.171916546,1.280922587,1.982783179,14159.939701,3863.507158
9,24470,598829840,80435,7444,26,0.003493,1630.952857647,3106.890384495,2741.403741882,0.524947023,0.594933476,1311.161619312,1017.291030177,657.222230701,1.288875632,1.995004974,14487.863136,3871.639355
9,24470,598829840,80435,7444,28,0.003761,1630.952857647,3144.367866863,2741.403741882,0.518690219,0.594933476,1241.612117811,1018.554626080,659.176415505,1.218994137,1.883580918,15170.993039,3941.188857
9,24470,598829840,80435,7444,29,0.003896,2020.293597483,3168.380579074,2768.913268360,0.637642337,0.729634121,1449.048483720,1039.463021089,667.286301548,1.394035626,2.171554369,15560.333778,4148.625223
9,24470,598829840,80435,7444,30,0.004030,2305.916154365,3181.228652401,2783.605743043,0.724850807,0.828391794,1342.793627349,1044.879642214,668.225607993,1.285117992,2.009491422,15845.956335,4254.880079
9,24470,598829840,80435,7444,31,0.004164,2626.956996704,3197.386895780,2802.057842934,0.821594972,0.937509910,1428.090159377,1048.355362027,668.565764773,1.362219540,2.136050385,16166.997178,4340.176611
9,24470,598829840,80435,7444,33,0.004433,2355.010545529,3222.897444764,2815.223441835,0.730712220,0.836527045,1679.327677723,1063.499789087,670.771211374,1.579057838,2.503577448,16738.660338,4591.414129
9,24470,598829840,80435,7444,34,0.004567,2129.782922927,3230.757716302,2824.218566159,0.659220873,0.754114058,1586.500987300,1067.543252446,672.375056513,1.486123381,2.359547654,16963.887961,4684.240820
9,24470,598829840,80435,7444,36,0.004836,1858.141955114,3264.366726219,2837.252072840,0.569219733,0.654909013,1478.925629524,1073.043025943,681.073385402,1.378253801,2.171462960,17615.668227,4793.662124
9,24470,598829840,80435,7444,38,0.005105,1904.576167927,3303.125652987,2881.761315760,0.576598158,0.660906980,1576.144668111,1077.063047289,682.668309104,1.463372708,2.308800111,18327.666666,4890.881162
9,24470,598829840,80435,7444,39,0.005239,1576.144668111,3319.413552044,2900.416440976,0.474826244,0.543420126,1576.144668111,1077.063047289,682.761146727,1.463372708,2.308486175,18656.098165,4890.881162
9,24470,598829840,80435,7444,41,0.005508,1841.039161310,3345.037199933,2912.487703598,0.550379279,0.632119119,1512.312604141,1078.952890643,687.728372589,1.401648410,2.198996965,19238.165241,4954.713226
9,24470,598829840,80435,7444,43,0.005776,2407.362670624,3369.538147876,2940.594852180,0.714448855,0.818665199,1423.749883626,1127.254309350,699.588672201,1.263024565,2.035124267,19804.488750,5407.794367
9,24470,598829840,80435,7444,45,0.006045,2407.362670624,3398.487529338,2940.594852180,0.708362956,0.818665199,1731.966873645,1151.539177158,703.969616692,1.504045115,2.460286400,20429.732864,5716.011357
9,24470,598829840,80435,7444,47,0.006314,2362.554694621,3410.706466884,2954.707972176,0.692687781,0.799589914,1758.438183401,1156.745754791,705.708157283,1.520159617,2.491735663,20835.188753,5868.771951
9,24470,598829840,80435,7444,49,0.006582,2362.554694621,3425.944717219,2954.707972176,0.689606777,0.799589914,1717.560570105,1172.109272170,708.519225332,1.465358743,2.424155208,21288.806540,6133.135016
9,24470,598829840,80435,7444,52,0.006985,2121.700031490,3454.306577607,2964.508419552,0.614218797,0.715700457,1609.515966213,1184.405030769,713.027046691,1.358923615,2.257300019,22046.158167,6422.807178
9,24470,598829840,80435,7444,54,0.007254,2377.792064129,3473.154514131,2975.549243211,0.684620294,0.799110305,1548.718207882,1186.154755810,713.350151798,1.305662857,2.171049104,22557.172183,6490.625230
9,24470,598829840,80435,7444,56,0.007523,2101.434112047,3492.770205990,2988.355235988,0.601652553,0.703207600,1535.349595337,1190.131281603,715.004041773,1.290067423,2.147329953,23079.024972,6627.446302
9,24470,598829840,80435,7444,59,0.007926,1757.157989242,3532.827043738,3035.076642453,0.497380134,0.578950121,1458.878752180,1191.888599542,720.531978592,1.224005962,2.024724503,23993.629573,6703.917145
9,24470,598829840,80435,7444,62,0.008329,1782.946426389,3560.455423238,3052.653865443,0.500763586,0.584064393,1524.841791176,1194.916854430,724.154028494,1.276107024,2.105687093,24753.802466,6849.984235
9,24470,598829840,80435,7444,64,0.008598,1782.946426389,3575.856361424,3052.653865443,0.498606836,0.584064393,1534.162251503,1196.657711961,727.023003474,1.282039330,2.110197675,25219.964531,6940.758186
9,24470,598829840,80435,7444,67,0.009001,1980.598238885,3598.712057165,3079.395293731,0.550363076,0.643177653,1635.191191324,1199.097301955,730.589404229,1.363685156,2.238180819,25915.184693,7041.787126
9,24470,598829840,80435,7444,71,0.009538,2240.062093575,3626.201493537,3106.679524713,0.617743415,0.721047046,1509.054323849,1208.437566285,734.078797638,1.248764823,2.055711633,26796.987476,7300.740530
9,24470,598829840,80435,7444,74,0.009941,2241.148110836,3652.317841699,3127.646288781,0.613623515,0.716560603,1611.294219873,1216.594568470,735.573688934,1.324429898,2.190527263,27551.955176,7478.118267
9,24470,598829840,80435,7444,77,0.010344,2004.917726385,3671.972449081,3136.554814166,0.546005656,0.639210167,1593.403646833,1220.672353244,736.674180979,1.305349173,2.162969313,28208.069485,7618.014231
9,24470,598829840,80435,7444,81,0.010881,2453.141128323,3696.329896983,3152.634136474,0.663669423,0.778124268,1767.482348702,1240.102056880,739.098552321,1.425271685,2.391402802,29052.064390,8012.348867
9,24470,598829840,80435,7444,84,0.011284,2467.666368160,3708.593187764,3162.761239080,0.665391496,0.780225310,1892.428639065,1246.589084847,739.842670514,1.518085360,2.557879823,29573.285026,8224.446597
9,24470,598829840,80435,7444,88,0.011822,1952.262800709,3729.106820832,3176.940581307,0.523520214,0.614510329,1718.381318359,1252.332571127,743.043884370,1.372144555,2.312624267,30339.051225,8431.456215
9,24470,598829840,80435,7444,92,0.012359,1926.781683414,3763.351024039,3196.078998247,0.511985640,0.602857966,1658.678261561,1253.088403928,743.381660971,1.323672182,2.231260668,31351.071980,8491.159272
9,24470,598829840,80435,7444,97,0.013031,1484.543410752,3797.080294222,3226.091628865,0.390969718,0.460167776,1708.398628553,1263.816182076,750.764963524,1.351777777,2.275543894,32468.985193,8749.861347
9,24470,598829840,80435,7444,101,0.013568,1683.620053004,3821.688762449,3232.228133552,0.440543476,0.520885279,1683.620053004,1264.239599185,754.972781388,1.331725453,2.230040731,33333.046542,8797.923839
9,24470,598829840,80435,7444,106,0.014240,2191.179647149,3858.385170318,3268.721108265,0.567900702,0.670347691,1808.109396330,1270.161448539,757.507589638,1.423527220,2.386919182,34514.922134,9032.832821
9,24470,598829840,80435,7444,110,0.014777,2710.681857164,3874.395522016,3282.539706568,0.699639942,0.825787987,1993.722181097,1274.037230267,757.902335674,1.564885338,2.630579281,35216.839522,9218.445606
9,24470,598829840,80435,7444,115,0.015449,2690.895668040,3887.091594150,3294.909281079,0.692264538,0.816682779,1922.254564899,1289.565049243,758.883666916,1.490622413,2.533002947,35917.148232,9600.700053
9,24470,598829840,80435,7444,121,0.016255,2403.940185204,3903.994658332,3301.197859099,0.615764210,0.728202394,1960.697367892,1303.421697711,761.058814267,1.504269394,2.576275750,36800.020479,10002.727943
9,24470,598829840,80435,7444,126,0.016926,2060.341501533,3927.865278382,3310.301240771,0.524544850,0.622403024,1871.037539395,1307.307590667,763.160337828,1.431214469,2.451696513,37759.383062,10150.489837
9,24470,598829840,80435,7444,132,0.017732,2449.266361011,3956.922137261,3332.506382020,0.618982703,0.734962242,1967.239653972,1314.158319475,764.739349534,1.496957882,2.572431581,38931.217103,10398.851824
9,24470,598829840,80435,7444,138,0.018538,2572.824834100,3990.535056811,3356.539743169,0.644731796,0.766511059,1953.447235191,1317.235568130,767.336270233,1.482990046,2.545751206,40182.442755,10579.213701
9,24470,598829840,80435,7444,144,0.019344,2257.290699640,4015.991550934,3376.400409740,0.562075560,0.668549469,2081.687278455,1321.372106063,768.230457726,1.575398231,2.709717192,41285.319212,10761.569362
9,24470,598829840,80435,7444,151,0.020285,2299.847391922,4042.584470679,3394.677549481,0.568905216,0.677486259,2137.226584349,1322.323474939,770.617383899,1.616266084,2.773395240,42504.051763,10842.851798
9,24470,598829840,80435,7444,158,0.021225,2320.825635150,4068.662265808,3413.328848128,0.570414914,0.679930279,2142.958820953,1323.053620500,771.240097093,1.619706706,2.778588444,43718.915853,10934.923848
9,24470,598829840,80435,7444,165,0.022166,2327.116985233,4095.445832121,3431.598350814,0.568220673,0.678143753,2117.890558767,1324.153601013,775.238924751,1.599429671,2.731919788,44950.038357,11008.220464
9,24470,598829840,80435,7444,173,0.023240,2646.836794594,4131.988458894,3452.644749298,0.640572165,0.766611391,2355.421111144,1329.603287665,778.491474166,1.771521726,3.025622231,46464.550603,11245.751017
9,24470,598829840,80435,7444,181,0.024315,2672.434035375,4148.411507164,3465.997063503,0.644206591,0.771043364,2294.266567169,1351.015282345,782.708601855,1.698179582,2.931188646,47492.209219,11857.840254
9,24470,598829840,80435,7444,189,0.025390,2541.763974203,4163.207758821,3474.470729150,0.610530178,0.731554292,2015.057985323,1360.956294887,784.090051216,1.480619174,2.569931837,48465.666475,12251.926672
9,24470,598829840,80435,7444,198,0.026599,3267.469053620,4197.229209461,3502.386034108,0.778482396,0.932926588,2168.576014675,1385.294093804,785.566521504,1.565426449,2.760524991,50061.073481,12941.363828
9,24470,598829840,80435,7444,207,0.027808,2627.327901710,4223.767119595,3524.082634646,0.622034271,0.745535271,2202.762368534,1394.288888445,785.922570394,1.579846463,2.802772756,51476.441314,13290.670124
9,24470,598829840,80435,7444,216,0.029017,2015.484954025,4244.279550140,3540.546792086,0.474870925,0.569258104,2183.299893219,1397.315311950,788.463089308,1.562496220,2.769057833,52705.913068,13509.412112
9,24470,598829840,80435,7444,226,0.030360,1558.486517556,4270.338683843,3563.230076365,0.364956186,0.437380266,2195.772459626,1404.952801649,789.575759827,1.562879875,2.780952217,54190.742252,13929.405893
9,24470,598829840,80435,7444,236,0.031703,2176.996312438,4302.492083507,3586.108999002,0.505984966,0.607063620,2176.996312438,1405.479652831,790.595539415,1.548934777,2.753615729,55846.070803,14004.355973
9,24470,598829840,80435,7444,247,0.033181,2538.572525800,4337.649643560,3608.842315390,0.585241487,0.703431268,2219.372189761,1406.701141387,791.133669273,1.577714075,2.805306203,57671.762018,14141.560176
9,24470,598829840,80435,7444,259,0.034793,2561.983175847,4369.986703193,3633.797871225,0.586267957,0.705042841,2332.641426094,1409.428012244,792.220212757,1.655027008,2.944435636,59500.529720,14339.797613
9,24470,598829840,80435,7444,270,0.036271,2556.045626407,4389.907834407,3647.752992013,0.582254964,0.700717848,2313.562202414,1411.251179286,793.703767068,1.639369544,2.914893816,60876.850686,14550.460480
9,24470,598829840,80435,7444,283,0.038017,3019.066883192,4409.039712536,3662.112294828,0.684744770,0.824405873,2340.131018165,1416.401815658,794.508329278,1.652166068,2.945382612,62351.780935,14932.264136
9,24470,598829840,80435,7444,296,0.039764,3113.275714224,4426.419254670,3673.906038370,0.703339547,0.847402106,2411.021859735,1439.181172038,795.304817435,1.675273347,3.031569540,63757.916704,15674.826850
9,24470,598829840,80435,7444,309,0.041510,2340.797692721,4447.316987092,3690.375560764,0.526339296,0.634297961,2239.536144316,1448.623416311,796.988405712,1.545975385,2.809998399,65293.858051,16135.944698
9,24470,598829840,80435,7444,323,0.043391,2532.479877291,4470.874362181,3711.300456423,0.566439509,0.682369942,2095.523553597,1454.616110124,797.979081644,1.440602465,2.626038203,67003.203495,16514.951705
9,24470,598829840,80435,7444,338,0.045406,1952.510200145,4508.988896849,3735.557949083,0.433026172,0.522682348,2118.793864586,1455.833107266,798.859835961,1.455382388,2.652272363,69265.122816,16670.478538
9,24470,598829840,80435,7444,354,0.047555,2211.371209153,4544.313111520,3757.820567097,0.486623865,0.588471740,2086.692398909,1459.549140261,800.220411705,1.429682867,2.607647054,71517.403703,16969.032552
9,24470,598829840,80435,7444,370,0.049704,2309.419416382,4574.175801158,3777.456043868,0.504882085,0.611368971,2024.896267399,1459.902179121,801.169713926,1.387008182,2.527424879,73600.643766,17036.203391
9,24470,598829840,80435,7444,387,0.051988,2314.849993532,4602.853183971,3797.583637503,0.502916322,0.609558660,2090.753504444,1463.556627298,802.625630174,1.428542952,2.604892525,75701.730999,17403.575770
9,24470,598829840,80435,7444,405,0.054406,2139.727397759,4621.407291635,3812.372550557,0.463003424,0.561258736,2139.727397759,1464.208331611,803.165367565,1.461354475,2.664118106,77443.564682,17534.478214
9,24470,598829840,80435,7444,423,0.056824,2171.409573442,4648.719220269,3834.973823723,0.467098457,0.566212358,2171.409573442,1464.684908453,804.278267338,1.482509693,2.699823757,79564.885221,17633.617607
9,24470,598829840,80435,7444,443,0.059511,3281.702213092,4679.051512184,3859.317239910,0.701360565,0.850332328,2205.024718626,1468.421841763,804.888676834,1.501628930,2.739539991,81936.506858,17952.058038
9,24470,598829840,80435,7444,463,0.062198,2949.717138335,4704.418375679,3879.197428213,0.627009952,0.760393662,2430.472471474,1481.014590372,805.467544245,1.641086109,3.017467915,84115.207800,18674.023247
9,24470,598829840,80435,7444,484,0.065019,2808.133633685,4728.366316296,3896.820275329,0.593890880,0.720621798,2228.856563539,1494.681931556,806.164217238,1.491191214,2.764767421,86282.009690,19407.463518
9,24470,598829840,80435,7444,506,0.067974,2804.603092394,4744.994858549,3909.241983701,0.591065570,0.717428879,2429.080369095,1503.363623803,806.955990545,1.615763699,3.010177008,88117.197052,19997.879120
9,24470,598829840,80435,7444,530,0.071198,2538.915495187,4773.616072648,3928.729982725,0.531864200,0.646243317,2307.382934017,1507.643914308,807.576712069,1.530456172,2.857168736,90657.472729,20357.972341
9,24470,598829840,80435,7444,554,0.074422,1595.899983279,4808.051699131,3952.042913584,0.331922384,0.403816461,2434.832254427,1515.117714926,808.912437588,1.607025138,3.010007191,93454.104787,20771.433453
9,24470,598829840,80435,7444,579,0.077781,1758.448300920,4846.813325287,3980.522948256,0.362805040,0.441763136,2296.802049393,1522.578406843,809.477618779,1.508495089,2.837387960,96494.412563,21422.391349
9,24470,598829840,80435,7444,606,0.081408,2296.762791951,4881.090279120,4004.448542245,0.470542985,0.573552829,2416.521526235,1531.171934245,809.990913359,1.578216967,2.983393377,99475.582915,22043.610681
9,24470,598829840,80435,7444,633,0.085035,2659.029289916,4909.400410133,4026.491531213,0.541619967,0.660383679,2503.182000908,1533.139515820,810.512392736,1.632716380,3.088394481,102199.269612,22351.760565
9,24470,598829840,80435,7444,662,0.088931,3261.951533783,4928.422563786,4041.358498805,0.661865230,0.807142335,2349.380747164,1560.412527419,811.416389851,1.505615154,2.895407064,104516.979874,23433.841153
9,24470,598829840,80435,7444,693,0.093095,3216.860766482,4948.614835021,4056.358294588,0.650052767,0.793041574,2456.935078775,1590.818604555,811.954659472,1.544447036,3.025951080,106997.594504,24952.007917
9,24470,598829840,80435,7444,725,0.097394,2515.506856722,4971.374956833,4073.901163866,0.505998215,0.617468798,2437.262617775,1595.271479229,812.410296557,1.527804295,3.000039054,109669.047644,25392.813092
9,24470,598829840,80435,7444,758,0.101827,2572.418446841,4996.208794742,4091.603030207,0.514874088,0.628706751,2395.418352230,1597.886577017,812.999885417,1.499116637,2.946394452,112521.281191,25805.590930
9,24470,598829840,80435,7444,792,0.106394,2443.302697619,5028.763272769,4116.545120455,0.485865523,0.593532350,2342.095917520,1599.383740895,813.495131186,1.464373970,2.879053393,115840.745988,26092.715332
9,24470,598829840,80435,7444,829,0.111365,2528.459040781,5060.593805452,4141.775181855,0.499636829,0.610477134,2267.849069616,1600.106955071,814.059440714,1.417310926,2.785851937,119263.080767,26282.453184
9,24470,598829840,80435,7444,867,0.116470,2367.106144091,5091.068837543,4161.565555628,0.464952689,0.568801840,2279.627920927,1602.142599156,814.801876535,1.422862061,2.797769601,122680.277673,26596.100587
9,24470,598829840,80435,7444,906,0.121709,2346.776321846,5126.385186488,4189.081315937,0.457783845,0.560212644,2346.776321846,1602.592248230,815.398349104,1.464362706,2.878073428,126424.975823,26719.375931
9,24470,598829840,80435,7444,948,0.127351,2208.019633477,5162.848704627,4214.913701904,0.427674673,0.523858800,2297.193612452,1604.661185385,815.951267712,1.431575484,2.815356386,130375.782848,27076.524787
9,24470,598829840,80435,7444,991,0.133127,2143.013225755,5182.055844172,4229.082381106,0.413544989,0.506732438,2216.747154383,1606.072063605,816.431892565,1.380228948,2.715164822,133277.749318,27431.310354
9,24470,598829840,80435,7444,1037,0.139307,2675.897622995,5206.383809817,4246.276622624,0.513964725,0.630175059,2198.728916652,1606.885725107,816.835481412,1.368316914,2.691764703,136675.746023,27682.736638
9,24470,598829840,80435,7444,1084,0.145621,2611.905969935,5239.324123391,4269.511312953,0.498519639,0.611757594,2224.499307933,1625.484814976,817.533646435,1.368514358,2.720988081,140687.509680,28853.149672
9,24470,598829840,80435,7444,1134,0.152337,3265.555679838,5263.211666962,4288.591985615,0.620449240,0.761451705,2558.129968683,1665.975955318,818.126114354,1.535514340,3.126816176,144206.559428,30978.277201
9,24470,598829840,80435,7444,1186,0.159323,2913.313044452,5288.162253480,4307.063823818,0.550912189,0.676403500,2379.283027533,1677.169895179,818.684743873,1.418629701,2.906226170,147886.703219,31991.984221
9,24470,598829840,80435,7444,1240,0.166577,2627.978443413,5316.930202732,4329.177236058,0.494266117,0.607038774,2421.751554063,1679.248252806,819.127758766,1.442164105,2.956500409,151928.048882,32431.203858
9,24470,598829840,80435,7444,1297,0.174234,2418.701587021,5355.096512116,4358.122731835,0.451663491,0.554987029,2418.701587021,1679.706744579,819.722819669,1.439954679,2.950633469,156704.885163,32637.709465
9,24470,598829840,80435,7444,1357,0.182294,1969.967740625,5383.697091653,4380.721136757,0.365913555,0.449690286,2515.060924127,1681.597381966,820.223470335,1.495637987,3.066311822,160947.322729,32987.768951
9,24470,598829840,80435,7444,1419,0.190623,1575.559880737,5416.367457272,4407.110142453,0.290888662,0.357504085,2526.339713262,1694.848552427,820.579688504,1.490599092,3.078725624,165588.296779,34261.629531
9,24470,598829840,80435,7444,1484,0.199355,2306.797579015,5458.676791678,4436.802072406,0.422592813,0.519923481,2539.612314114,1704.928146967,821.085120102,1.489571463,3.092995174,171049.472804,35291.571823
9,24470,598829840,80435,7444,1552,0.208490,2759.261772109,5489.378023413,4460.338380002,0.502654720,0.618621624,2542.479606014,1705.146083905,821.330486479,1.491062631,3.095562198,175800.175994,35444.078499
9,24470,598829840,80435,7444,1623,0.218028,3488.033709450,5523.265190172,4486.761943001,0.631516610,0.777405566,2859.622571302,1717.639683582,821.712133651,1.664855906,3.480078307,180933.633424,36575.617746
9,24470,598829840,80435,7444,1697,0.227969,3384.123827698,5541.467218779,4499.690854160,0.610690941,0.752079184,2894.864739743,1745.716817898,822.145793960,1.658267086,3.521108739,184756.691894,38711.877606
9,24470,598829840,80435,7444,1775,0.238447,3157.391285423,5561.324692032,4514.366076547,0.567740864,0.699409669,2846.904911690,1765.789326126,822.624074345,1.612256270,3.460760511,188892.701844,40537.964477
9,24470,598829840,80435,7444,1856,0.249328,2883.167693498,5581.669924147,4528.661229832,0.516542134,0.636649011,2826.884569797,1769.531860169,822.961911683,1.597532451,3.435012641,193164.476225,41327.729205
9,24470,598829840,80435,7444,1941,0.260747,2581.595407527,5621.795751964,4558.345515040,0.459211882,0.566344828,2732.733837481,1771.115959306,823.198824536,1.542944618,3.319652259,199297.513832,41786.821403
9,24470,598829840,80435,7444,2030,0.272703,2599.057001439,5671.993025300,4597.434876501,0.458226410,0.565327638,2748.124372406,1773.235892988,823.468693385,1.549779352,3.337254220,206377.619996,42363.535828
9,24470,598829840,80435,7444,2123,0.285196,2645.935904601,5704.971050937,4622.210579944,0.463794799,0.572439498,2696.581895444,1776.488092647,823.851785968,1.517928494,3.273139588,212239.078951,43087.047058
9,24470,598829840,80435,7444,2221,0.298361,2164.041156135,5731.489155957,4641.964864427,0.377570488,0.466190766,2674.766039843,1779.797694418,824.165844313,1.502848356,3.245422094,217673.365802,43776.792695
9,24470,598829840,80435,7444,2322,0.311929,2771.767187664,5766.115987010,4668.127352746,0.480699173,0.593764261,2771.767187664,1789.427148292,824.558925153,1.548969004,3.361514991,223985.084563,44978.480586
9,24470,598829840,80435,7444,2429,0.326303,3346.495460068,5793.858572913,4689.129921250,0.577593570,0.713670876,2629.648248366,1797.791233631,824.885590559,1.462710575,3.187894513,229826.469081,46264.479877
9,24470,598829840,80435,7444,2540,0.341214,2614.981895589,5831.399722932,4717.385729725,0.448431255,0.554328614,2559.984744991,1802.463321629,825.076997604,1.420270091,3.102722234,236775.199604,47113.122594
9,24470,598829840,80435,7444,2657,0.356932,1997.950960078,5855.634240881,4735.598421572,0.341201461,0.421900419,2621.108259084,1807.871816228,825.349648786,1.449830810,3.175754982,242486.374353,48227.707818
9,24470,598829840,80435,7444,2778,0.373186,3697.402602526,5887.551736328,4760.118310609,0.628003416,0.776745946,2736.640067757,1821.900991098,825.617966600,1.502079466,3.314656631,249205.034753,50119.820215
9,24470,598829840,80435,7444,2906,0.390382,3569.207191208,5914.825425505,4779.407635764,0.603434072,0.746788611,2522.706908454,1864.159512986,825.834640913,1.353267728,3.054736122,255575.877277,53675.502677
9,24470,598829840,80435,7444,3039,0.408248,2925.649009823,5948.864898808,4806.027161485,0.491799538,0.608745833,2647.247250709,1885.765032186,826.079343987,1.403805461,3.204591992,262879.642395,55959.057336
9,24470,598829840,80435,7444,3178,0.426921,2363.191179652,5977.958071503,4828.195285678,0.395317456,0.489456420,2719.345179125,1889.239482343,826.308856944,1.439386168,3.290954897,269813.589128,56948.097454
9,24470,598829840,80435,7444,3323,0.446400,1816.162131495,6013.520523705,4855.181106257,0.302013126,0.374066815,2718.562342424,1911.853060671,826.533038883,1.421951508,3.289115153,277636.541238,59822.127627
9,24470,598829840,80435,7444,3476,0.466953,2264.502115659,6059.676556219,4890.032619644,0.373700163,0.463085278,2912.206349533,1933.651964771,826.743096592,1.506065415,3.522504586,286839.932875,62622.025230
9,24470,598829840,80435,7444,3635,0.488313,3248.376028806,6105.580599671,4924.131125275,0.532033928,0.659685119,2972.331390083,1937.561953387,826.933182660,1.534057471,3.594403336,296229.701657,63686.241899
9,24470,598829840,80435,7444,3802,0.510747,3313.967560554,6134.108677811,4945.164610299,0.540252502,0.670143023,3049.260521766,1941.238916324,827.106608725,1.570780647,3.686659603,303848.689217,64890.980494
9,24470,598829840,80435,7444,3976,0.534121,3552.012816274,6155.205596210,4961.229481039,0.577074601,0.715954146,2962.958478722,1951.530555610,827.305178499,1.518274193,3.581457672,310538.523087,66970.016340
9,24470,598829840,80435,7444,4158,0.558571,3696.283683296,6189.790522156,4987.342809575,0.597158122,0.741132869,2941.873846201,1961.391319582,827.442208179,1.499891336,3.555382862,319334.761099,69059.330646
9,24470,598829840,80435,7444,4348,0.584095,3329.746415472,6214.831301551,5006.333311287,0.535774224,0.665106817,2963.202927930,1971.500925647,827.612400057,1.503018786,3.580423551,326993.015632,71212.430912
9,24470,598829840,80435,7444,4548,0.610962,3068.280909514,6248.339036268,5031.785202903,0.491055446,0.609779787,2926.889855229,1976.366732331,827.799855723,1.480944709,3.535745790,336097.928390,72744.240351
9,24470,598829840,80435,7444,4756,0.638904,2777.904003172,6282.390610927,5057.324195678,0.442173080,0.549283355,2915.628573305,1977.052228394,827.969434357,1.474735230,3.521420541,345495.849275,73241.463954
9,24470,598829840,80435,7444,4974,0.668189,2709.411265479,6318.952557598,5085.543172086,0.428775377,0.532767332,3029.176208897,1991.504194160,828.149241966,1.521049375,3.657766083,355493.753319,75798.600522
9,24470,598829840,80435,7444,5202,0.698818,2967.498123695,6365.361273810,5119.730222525,0.466194768,0.579620018,3020.098475023,1992.107354731,828.327467176,1.516031989,3.646019956,367064.972740,76282.775226
9,24470,598829840,80435,7444,5440,0.730790,2456.445458271,6407.125165279,5150.927274132,0.383392769,0.476893834,2957.037282262,1994.903204312,828.514445031,1.482296121,3.569083557,378311.587828,77250.630316
9,24470,598829840,80435,7444,5689,0.764240,2655.726007096,6442.582152922,5177.466895645,0.412214535,0.512939254,3000.216931296,2001.742628277,828.670078588,1.498802538,3.620520408,388933.775696,79301.443989
9,24470,598829840,80435,7444,5950,0.799301,2998.271883446,6473.242545792,5200.705400875,0.463179290,0.576512541,2883.906362970,2003.544590239,828.810027771,1.439402136,3.479574651,399042.227706,80392.631417
9,24470,598829840,80435,7444,6223,0.835975,3230.542955389,6501.687216087,5222.783260123,0.496877633,0.618548156,2949.031043213,2004.592097137,828.977520560,1.471137718,3.557431860,409036.673171,81143.483613
9,24470,598829840,80435,7444,6508,0.874261,3348.207118026,6530.290331536,5244.359111726,0.512719488,0.638439711,2771.027009452,2023.078422384,829.129924959,1.369708153,3.342090215,419274.463845,84809.005754
9,24470,598829840,80435,7444,6806,0.914293,3550.765777973,6573.968671689,5277.918380034,0.540125144,0.672758751,2899.808628268,2037.782348055,829.276382448,1.423021762,3.496793939,432283.435940,88172.959508
9,24470,598829840,80435,7444,7118,0.956206,3374.060080660,6611.644263874,5305.792274650,0.510320874,0.635920124,2922.858649568,2059.448627897,829.415443397,1.419243292,3.523998345,444709.369815,92157.269942
9,24470,598829840,80435,7444,7444,1.000000,2441.799105532,6642.145039401,5328.848547050,0.367622070,0.458222651,3052.122752717,2062.601339197,829.545950378,1.479744386,3.679269064,456147.566600,93449.418366
9,26854,721191024,80435,8966,1,0.000112,-1391.830293901,1391.830293901,1391.830293901,1.000000000,1.000000000,133.304154560,133.304154560,133.304154560,1.000000000,1.000000000,1391.830294,133.304155
9,26854,721191024,80435,8966,2,0.000223,133.304154560,2064.758255318,2064.758255318,0.064561628,0.064561628,133.304154560,133.304154560,710.784996360,1.000000000,0.187544975,2916.964742,133.304155
9,26854,721191024,80435,8966,3,0.000335,960.265763799,2224.205960800,2224.205960800,0.431734192,0.431734192,526.276724473,414.966791836,812.183939606,1.268238169,0.647977261,3743.926352,526.276724
9,26854,721191024,80435,8966,4,0.000446,960.265763799,2266.150622160,2224.205960800,0.423743133,0.431734192,334.225974868,457.253680959,834.581477256,0.730942120,0.400471355,4177.915391,718.327474
9,26854,721191024,80435,8966,5,0.000558,1586.305552729,2351.034763596,2310.631509649,0.674726541,0.686524678,122.114676886,504.055682918,841.293077864,0.242264260,0.145151173,4803.955180,930.438772
9,26854,721191024,80435,8966,6,0.000669,854.210114808,2462.382624586,2423.836154448,0.346903891,0.352420733,196.571584397,509.525232504,844.581478566,0.385793621,0.232744370,5536.050618,1004.895680
9,26854,721191024,80435,8966,7,0.000781,1511.848645219,2548.689197714,2511.467726309,0.593186743,0.601978130,-70.981973640,575.500537772,855.110577962,0.123339544,0.083009117,6193.689148,1272.449238
9,26854,721191024,80435,8966,8,0.000892,1511.848645219,2668.736558476,2511.467726309,0.566503517,0.601978130,100.724973989,600.569850092,859.409634288,0.167715669,0.117202519,6985.104458,1444.156185
9,26854,721191024,80435,8966,9,0.001004,1511.848645219,2760.429735099,2511.467726309,0.547685973,0.601978130,499.017876756,720.639564023,882.181516813,0.692465279,0.565663491,7690.666293,1842.449088
9,26854,721191024,80435,8966,10,0.001115,1005.433260988,2806.497615144,2562.016136108,0.358251956,0.392438302,352.544985638,735.374522993,894.258651867,0.479408757,0.394231563,8197.081677,1988.921979
9,26854,721191024,80435,8966,11,0.001227,1658.321536337,2881.439217456,2643.896704065,0.575518486,0.627226296,472.464354060,745.088145115,896.266534112,0.634105316,0.527147156,8849.969953,2108.841348
9,26854,721191024,80435,8966,12,0.001338,1658.321536337,2941.811733963,2643.896704065,0.563707567,0.627226296,424.543809382,746.627566188,896.586746958,0.568615236,0.473511136,9442.898544,2156.761892
9,26854,721191024,80435,8966,13,0.001450,2275.210399814,3005.795759523,2714.910984111,0.756941117,0.838042357,855.993444299,862.323321071,908.047902607,0.992659509,0.942674326,10059.787407,2588.211527
9,26854,721191024,80435,8966,14,0.001561,1802.138081309,3042.795682675,2755.819128713,0.592263914,0.653939173,749.317959223,868.896523862,909.613054110,0.862378820,0.823776611,10532.859726,2694.887012
9,26854,721191024,80435,8966,15,0.001673,1275.728020266,3087.994999813,2805.645491246,0.413125028,0.454700362,824.192704826,872.116618755,912.689506753,0.945048732,0.903037340,11059.269787,2769.761758
9,26854,721191024,80435,8966,16,0.001785,1275.728020266,3120.832783082,2805.645491246,0.408778076,0.454700362,841.146888662,872.281400156,912.846964220,0.964306803,0.921454440,11510.805102,2786.715942
9,26854,721191024,80435,8966,17,0.001896,1710.309151871,3150.945575523,2839.103270840,0.542792349,0.602411744,909.718882850,874.972547823,913.490618278,1.039711343,0.995871074,11945.386234,2855.287936
9,26854,721191024,80435,8966,18,0.002008,1710.309151871,3176.270488264,2839.103270840,0.538464579,0.602411744,489.510944324,970.644976830,937.341339952,0.504315127,0.522233389,12345.681369,3275.495874
9,26854,721191024,80435,8966,19,0.002119,2320.708255644,3234.390403230,2903.979071616,0.717510247,0.799147721,633.387697247,981.250320294,938.567443162,0.645490436,0.674845161,12956.080472,3419.372627
9,26854,721191024,80435,8966,20,0.002231,2320.708255644,3282.928607735,2903.979071616,0.706901835,0.799147721,896.731206727,1015.973422419,942.663449562,0.882632544,0.951273975,13518.520658,3682.716137
9,26854,721191024,80435,8966,21,0.002342,1846.049239338,3317.065182544,2942.515187751,0.556530890,0.627371185,1185.406559197,1056.189118570,953.649696650,1.122343090,1.243020958,13993.179675,3971.391489
9,26854,721191024,80435,8966,22,0.002454,1515.727899268,3333.471705737,2960.997774037,0.454699494,0.511897683,1211.074886296,1056.500978325,953.995076998,1.146307397,1.269477082,14323.501015,3997.059816
9,26854,721191024,80435,8966,23,0.002565,1820.380912239,3347.364197583,2976.629180157,0.543825173,0.611557840,1167.690159205,1057.391390047,954.241670424,1.104312150,1.223683890,14628.154028,4040.444543
9,26854,721191024,80435,8966,25,0.002788,1820.380912239,3387.728377358,2976.629180157,0.537345593,0.611557840,1138.957906571,1077.613298235,959.880530467,1.056926365,1.186562151,15361.138289,4332.886324
9,26854,721191024,80435,8966,26,0.002900,1479.669409405,3404.818333909,2996.065020043,0.434581016,0.493870927,1115.562211864,1077.867236289,960.165606185,1.034971817,1.161843545,15701.849792,4356.282019
9,26854,721191024,80435,8966,27,0.003011,1479.669409405,3424.231583614,2996.065020043,0.432117213,0.493870927,1032.620790385,1081.053679732,963.741288261,0.955198442,1.071470947,16065.956990,4439.223441
9,26854,721191024,80435,8966,28,0.003123,1479.669409405,3453.290373830,2996.065020043,0.428481028,0.493870927,1150.366031632,1087.447010340,970.907417077,1.057859391,1.184835970,16513.005609,4556.968682
9,26854,721191024,80435,8966,29,0.003234,1808.972787178,3468.955912173,3014.107881105,0.521474713,0.600168560,1036.330563050,1093.409844657,972.580194410,0.947796993,1.065547673,16842.308986,4671.004150
9,26854,721191024,80435,8966,31,0.003458,2574.827107430,3510.974875778,3062.374205854,0.733365290,0.840794408,899.864456668,1104.787473210,973.393823016,0.814513631,0.924460825,17608.163307,4848.197680
9,26854,721191024,80435,8966,32,0.003569,2574.827107430,3535.857508573,3062.374205854,0.728204432,0.840794408,1305.039493210,1176.742185527,978.650070416,1.109027542,1.333509834,18026.903969,5253.372717
9,26854,721191024,80435,8966,34,0.003792,1874.512889986,3570.664957337,3102.498298679,0.524975855,0.604194655,1148.655108293,1193.662768476,981.036865325,0.962294493,1.170858251,18727.218187,5489.510794
9,26854,721191024,80435,8966,35,0.003904,1511.583999139,3589.061941144,3123.653801738,0.421164088,0.483915342,1235.721825366,1196.833914154,984.892859325,1.032492321,1.254676398,19090.147078,5576.577511
9,26854,721191024,80435,8966,37,0.004127,1811.743137746,3612.140786954,3138.042157397,0.501570466,0.577348247,1208.619733582,1197.083802123,985.193510958,1.009636695,1.226784099,19666.168390,5603.679603
9,26854,721191024,80435,8966,39,0.004350,1209.520211703,3637.155165309,3166.803627218,0.332545673,0.381937232,1209.520211703,1197.084140805,987.485652105,1.010388636,1.224848391,20268.391316,5604.580081
9,26854,721191024,80435,8966,41,0.004573,1403.035892884,3649.771604569,3172.710754579,0.384417450,0.442219919,1090.830797091,1202.953705388,995.393269935,0.906793663,1.095879217,20695.330968,5723.269495
9,26854,721191024,80435,8966,43,0.004796,2069.373364710,3680.178599893,3207.643261620,0.562302429,0.645138251,916.282842946,1209.278502362,996.734458095,0.757710355,0.919284806,21361.668440,5897.817449
9,26854,721191024,80435,8966,45,0.005019,2069.373364710,3714.238609289,3207.643261620,0.557146049,0.645138251,1104.080967237,1223.360997032,998.642069811,0.902498093,1.105582271,22068.706108,6085.615574
9,26854,721191024,80435,8966,47,0.005242,2082.313729413,3743.144093424,3241.069970120,0.556300713,0.642477252,1091.361039231,1223.705498847,998.735541484,0.891849420,1.092742767,22725.174737,6124.657104
9,26854,721191024,80435,8966,49,0.005465,2082.313729413,3770.092602286,3241.069970120,0.552324293,0.642477252,1325.156288388,1236.290394506,1000.456169735,1.071881084,1.324552068,23361.042351,6358.452354
9,26854,721191024,80435,8966,51,0.005688,1793.043179962,3789.587613387,3253.953288232,0.473149947,0.551035316,1217.494729089,1241.236177805,1001.136988769,0.980872739,1.216112023,23902.698714,6472.099209
9,26854,721191024,80435,8966,53,0.005911,2129.293182130,3815.344328933,3271.280493317,0.558086767,0.650905108,1220.726703008,1249.041068968,1002.866075032,0.977331117,1.217238008,24526.722941,6669.234290
9,26854,721191024,80435,8966,56,0.006246,1831.391063913,3842.087239634,3284.816849992,0.476665664,0.557532169,1398.409304707,1286.707221542,1014.685993324,1.086812354,1.378169516,25283.412868,7089.151149
9,26854,721191024,80435,8966,59,0.006580,1684.064849868,3860.988791146,3306.905173480,0.436174499,0.509257073,1468.490888103,1287.670342979,1018.258736387,1.140424563,1.442158889,25938.856847,7159.232732
9,26854,721191024,80435,8966,61,0.006803,1916.285700861,3873.968650103,3315.048770385,0.494656997,0.578056564,1503.831030753,1288.826862923,1018.726477530,1.166821607,1.476187244,26386.651660,7227.866653
9,26854,721191024,80435,8966,64,0.007138,1710.058365807,3899.108762772,3321.457219919,0.438576729,0.514851841,1471.283844494,1293.504536647,1024.637955453,1.137440034,1.435906055,27143.271390,7386.556990
9,26854,721191024,80435,8966,67,0.007473,1967.152390625,3922.117748014,3348.437926722,0.501553629,0.587483607,1394.602526497,1295.649345628,1025.348657902,1.076373427,1.360125179,27877.914457,7463.238308
9,26854,721191024,80435,8966,70,0.007807,1992.577334824,3960.033757601,3380.671966405,0.503171805,0.589402744,1399.224636286,1300.429117981,1027.096323194,1.075971475,1.362311017,28822.343142,7639.068196
9,26854,721191024,80435,8966,74,0.008253,2340.918884740,3999.933750212,3410.655013142,0.585239414,0.686354637,1624.084069619,1342.567842921,1032.097604413,1.209684917,1.573576048,29934.690935,8263.976558
9,26854,721191024,80435,8966,77,0.008588,2138.206255825,4020.845933621,3416.673825315,0.531780200,0.625815154,1681.467344694,1357.988631659,1034.513587256,1.238204286,1.625369996,30640.062216,8572.599786
9,26854,721191024,80435,8966,81,0.009034,2633.284887856,4049.216186772,3434.668313191,0.650319659,0.766678074,1955.429140946,1384.491906926,1037.016997555,1.412380333,1.885628823,31594.476046,9076.599908
9,26854,721191024,80435,8966,84,0.009369,2675.758724115,4064.223684941,3445.371107313,0.658368961,0.776624242,1569.772953309,1409.304708332,1039.483590522,1.113863414,1.510146930,32195.255942,9462.256095
9,26854,721191024,80435,8966,88,0.009815,1923.243740332,4095.668642559,3472.802561102,0.469579917,0.553801636,1647.256937288,1415.282693198,1040.650855411,1.163906649,1.582910280,33206.250920,9638.325861
9,26854,721191024,80435,8966,93,0.010373,1755.723251121,4130.428354301,3497.843080605,0.425070501,0.501944544,1755.723251121,1419.768074272,1042.947948637,1.236626800,1.683423658,34397.070768,9807.490100
9,26854,721191024,80435,8966,97,0.010819,1505.677192480,4153.839121999,3517.250299570,0.362478456,0.428083606,1692.034441119,1423.450796779,1044.737581906,1.188684881,1.619578419,35273.591259,9947.252041
9,26854,721191024,80435,8966,101,0.011265,1682.297681438,4169.431595062,3521.682050802,0.403483699,0.477697208,1682.297681438,1423.483896286,1044.801860995,1.181817150,1.610159538,35993.931016,9961.676476
9,26854,721191024,80435,8966,106,0.011822,1986.286309689,4193.670335555,3544.727689587,0.473639116,0.560349478,1499.029640749,1432.011802342,1046.248298615,1.046799781,1.432766622,36992.260924,10171.821404
9,26854,721191024,80435,8966,111,0.012380,2445.764077848,4232.165141466,3580.517618070,0.577899018,0.683075560,1380.701559393,1453.431537838,1048.568258775,0.949959818,1.316749337,38261.819629,10609.239805
9,26854,721191024,80435,8966,116,0.012938,2620.098880160,4263.821185997,3600.022502255,0.614495488,0.727800695,1480.736783700,1517.745792145,1051.834727227,0.975615806,1.407765636,39413.028985,11419.411638
9,26854,721191024,80435,8966,122,0.013607,1959.348167990,4296.745455519,3620.183158158,0.456007503,0.541229016,1405.544688055,1523.737056511,1053.421708715,0.922432569,1.334265923,40712.408687,11671.526235
9,26854,721191024,80435,8966,127,0.014165,1923.301739468,4330.656184075,3638.737686789,0.444113238,0.528562899,1516.320436253,1526.866433869,1055.961851807,0.993093045,1.435961378,41916.207741,11857.950701
9,26854,721191024,80435,8966,133,0.014834,1921.964495716,4352.148492787,3656.329647489,0.441612803,0.525654052,1638.108793433,1532.925076962,1057.331630180,1.068616345,1.549285718,42960.794523,12119.895820
9,26854,721191024,80435,8966,140,0.015615,2259.159447733,4370.777139712,3669.636527612,0.516878206,0.615635753,1639.387815281,1538.037261706,1058.062995066,1.065896033,1.549423638,44023.101007,12337.247203
9,26854,721191024,80435,8966,146,0.016284,1502.811937331,4385.725445380,3685.231972934,0.342659830,0.407793037,1667.076528325,1538.429579922,1058.511060893,1.083622254,1.574925941,44906.697988,12405.953133
9,26854,721191024,80435,8966,153,0.017064,1895.820985093,4413.800864241,3695.695203741,0.429521187,0.512980882,1706.376723049,1539.023075867,1059.402931093,1.108740181,1.610696623,46218.473964,12487.795159
9,26854,721191024,80435,8966,160,0.017845,1674.363670485,4441.805572036,3721.089845708,0.376955642,0.449965935,1674.363670485,1539.350327766,1060.957144778,1.087708003,1.578163339,47531.802201,12552.259413
9,26854,721191024,80435,8966,168,0.018737,1953.382689527,4481.706367976,3751.263371211,0.435856910,0.520726618,1771.760947863,1540.409157837,1062.698151725,1.150188532,1.667228785,49209.153957,12653.992236
9,26854,721191024,80435,8966,176,0.019630,2496.714911012,4508.143823269,3764.418089187,0.553823261,0.663240600,1866.300269027,1549.388467735,1063.784909616,1.204539925,1.754396262,50583.855201,13015.247948
9,26854,721191024,80435,8966,184,0.020522,2576.911249689,4534.251715127,3786.245803485,0.568321172,0.680597981,1931.009402867,1561.741407061,1065.797889658,1.236446312,1.811796985,51949.351590,13503.756859
9,26854,721191024,80435,8966,192,0.021414,2820.957518445,4560.364751320,3807.217427117,0.618581555,0.740949938,2130.249561274,1581.632330527,1067.530318371,1.346867739,1.995493266,53322.184608,14064.867658
9,26854,721191024,80435,8966,201,0.022418,3122.376369485,4593.349193332,3833.353120282,0.679760288,0.814528762,1649.037015068,1677.041680271,1070.597026841,0.983301151,1.540296651,54955.521218,15294.130490
9,26854,721191024,80435,8966,211,0.023533,2232.504365265,4623.500349681,3859.024567745,0.482860213,0.578515199,1966.300866204,1700.075466029,1073.396973266,1.156596225,1.831848715,56554.425071,16062.380959
9,26854,721191024,80435,8966,221,0.024649,1365.614785749,4639.943065566,3873.103314966,0.294317143,0.352589300,1895.103521282,1703.824643655,1074.007056260,1.112264415,1.764516825,57777.234730,16285.953065
9,26854,721191024,80435,8966,231,0.025764,2084.113880611,4663.657893095,3893.289575252,0.446883954,0.535309239,2084.113880611,1708.530384031,1074.935426859,1.219828398,1.938827048,59235.012147,16591.146405
9,26854,721191024,80435,8966,242,0.026991,2352.771705309,4698.856025646,3916.873166683,0.500711597,0.600676000,2030.761432036,1709.222623708,1076.162897453,1.188119911,1.887039069,61131.121045,16695.281492
9,26854,721191024,80435,8966,253,0.028218,2228.242403523,4722.830110213,3928.617446844,0.471802362,0.567182332,2122.211500664,1710.033568969,1076.563400133,1.241034994,1.971283345,62694.497280,16832.546034
9,26854,721191024,80435,8966,265,0.029556,2308.744145723,4751.266694810,3951.312578985,0.485921817,0.584298027,2173.346162868,1711.767967951,1077.924348131,1.269649978,2.016232555,64478.248585,17024.812388
9,26854,721191024,80435,8966,277,0.030894,2750.171122593,4780.201400889,3970.561116089,0.575325366,0.692640421,2142.080760165,1713.691395204,1078.467087246,1.249980461,1.986227290,66293.866286,17242.258456
9,26854,721191024,80435,8966,290,0.032344,3480.445397732,4818.752120210,3999.896577987,0.722271101,0.870133847,2074.090239188,1749.301396576,1080.019938778,1.185667743,1.920418471,68480.457016,18181.752777
9,26854,721191024,80435,8966,304,0.033906,2464.050535990,4857.362715966,4027.099440899,0.507281560,0.611867318,2156.120709518,1773.794711899,1081.283462922,1.215541288,1.994038366,70764.037403,19154.202644
9,26854,721191024,80435,8966,318,0.035467,2796.329128187,4883.111603464,4047.057954654,0.572653127,0.690953567,2215.021146285,1782.203392353,1082.722386691,1.242855420,2.045788628,72610.225705,19633.934681
9,26854,721191024,80435,8966,333,0.037140,2171.994980864,4905.813580682,4062.903980950,0.442738996,0.534591758,2171.994980864,1788.970867277,1084.057613404,1.214103047,2.003578919,74423.113212,19999.137376
9,26854,721191024,80435,8966,349,0.038925,2055.576527193,4927.762139930,4077.828609728,0.417141994,0.504086053,2164.084860575,1791.288055526,1085.062974763,1.208116614,1.994432499,76275.290991,20283.240659
9,26854,721191024,80435,8966,365,0.040709,1955.765235371,4950.287180565,4090.465992753,0.395081167,0.478127734,2080.967391384,1791.803483753,1085.964771529,1.161381485,1.916238396,78142.448919,20392.955891
9,26854,721191024,80435,8966,382,0.042605,2182.723934299,4971.725385426,4105.619618546,0.439027453,0.531643001,2058.371428455,1794.125843475,1086.819721519,1.147283752,1.893940078,80036.005575,20687.755413
9,26854,721191024,80435,8966,400,0.044613,1911.922429038,5005.848644044,4132.396873614,0.381937722,0.462666701,2066.961051693,1795.331891880,1087.742923251,1.151297463,1.900229372,82501.182638,20896.011806
9,26854,721191024,80435,8966,419,0.046732,2052.829062600,5048.954512404,4168.391410536,0.406584979,0.492475121,2052.829062600,1796.107567847,1088.940532099,1.142932138,1.885161772,85361.929608,21036.699451
9,26854,721191024,80435,8966,438,0.048851,2854.369674571,5081.240485499,4193.421320791,0.561746621,0.680678009,2006.116775814,1801.937797865,1090.057103949,1.113310780,1.840377691,87849.670147,21424.922532
9,26854,721191024,80435,8966,459,0.051193,2666.418360684,5115.876000849,4219.779360159,0.521204650,0.631885730,2133.318085810,1827.322457428,1090.983627211,1.167455737,1.955407976,90562.415486,22457.246193
9,26854,721191024,80435,8966,480,0.053536,2805.358905067,5135.632369988,4235.571175621,0.546253840,0.662333081,2218.390622032,1846.059671742,1091.754855018,1.201689553,2.031949399,92600.953289,23393.320049
9,26854,721191024,80435,8966,503,0.056101,2749.234549088,5161.047974881,4255.723367701,0.532689206,0.646008754,2082.177556730,1856.466202055,1092.545199913,1.121581182,1.905804498,95048.807321,24177.603860
9,26854,721191024,80435,8966,526,0.058666,2470.929592493,5193.315533466,4277.192457212,0.475790384,0.577698950,2232.055453091,1866.883603752,1093.797831439,1.195605044,2.040647173,97804.253820,24846.925779
9,26854,721191024,80435,8966,551,0.061454,1815.923541557,5225.780520826,4299.053615723,0.347493266,0.422400766,2230.995945410,1870.268942215,1094.570738017,1.192874402,2.038238250,100704.382811,25183.858225
9,26854,721191024,80435,8966,577,0.064354,1866.664053328,5251.008085940,4317.825705505,0.355486798,0.432315749,2321.984623860,1878.788697549,1095.191728537,1.235894503,2.120162674,103317.294652,25936.908333
9,26854,721191024,80435,8966,604,0.067366,1925.790876570,5274.904661325,4335.455105117,0.365085438,0.444195783,2060.639872506,1888.367834935,1095.802214166,1.091228009,1.880485224,105877.125729,26672.466326
9,26854,721191024,80435,8966,632,0.070489,2264.635425270,5301.672653665,4354.543311175,0.427154895,0.520062671,1941.732600087,1891.978638485,1096.356481548,1.026297317,1.771077777,108638.585708,27018.297152
9,26854,721191024,80435,8966,661,0.073723,3197.705321865,5336.832450266,4380.840145300,0.599176637,0.729929697,1700.617002847,1904.809680912,1096.958855638,0.892801533,1.550301540,111914.947481,27883.610308
9,26854,721191024,80435,8966,692,0.077180,2993.981864860,5382.641591385,4416.870747946,0.556229096,0.677851365,1961.877556685,1951.133993542,1097.694004073,1.005506317,1.787271817,115801.307531,29811.938580
9,26854,721191024,80435,8966,725,0.080861,2117.613705949,5417.741480910,4441.783183928,0.390866510,0.476748553,1989.686971183,1957.476775183,1098.211348498,1.016454957,1.811752332,119317.999133,30471.538154
9,26854,721191024,80435,8966,759,0.084653,2327.493851926,5453.201727057,4465.982240303,0.426812351,0.521160570,2038.512082366,1958.975704850,1098.660121497,1.040601003,1.855452876,122915.822099,30832.503585
9,26854,721191024,80435,8966,794,0.088557,2057.740847825,5474.081859936,4481.912107923,0.375906115,0.459121196,2145.693360862,1960.232092189,1099.240365155,1.094611893,1.951978320,125730.159467,31120.872269
9,26854,721191024,80435,8966,831,0.092683,2376.930695326,5495.639772357,4498.816646637,0.432512099,0.528345759,2114.998903184,1961.359172612,1099.863528903,1.078333297,1.922964848,128677.729631,31381.654231
9,26854,721191024,80435,8966,870,0.097033,2045.186188000,5521.362208929,4514.743634141,0.370413335,0.453001622,2115.020043152,1963.267337306,1100.400633467,1.077295997,1.922045461,131986.243311,31705.136160
9,26854,721191024,80435,8966,911,0.101606,2247.385756251,5547.868953898,4535.623167890,0.405089914,0.495496577,2155.818758581,1963.494685363,1100.784170409,1.097949882,1.958439099,135442.370326,31828.769716
9,26854,721191024,80435,8966,954,0.106402,1947.202778561,5584.642076086,4561.153341727,0.348671007,0.426910177,2147.901625696,1964.853822527,1101.187225674,1.093161029,1.950532639,139625.443222,32202.923097
9,26854,721191024,80435,8966,998,0.111309,1934.360512258,5618.576343538,4587.350713273,0.344279475,0.421672689,2118.002709525,1966.671722529,1101.612216145,1.076947762,1.922639091,143682.877391,32612.116691
9,26854,721191024,80435,8966,1045,0.116551,2651.342573166,5652.646734971,4611.936980130,0.469044449,0.574886991,2128.363869332,1970.353010869,1102.168900027,1.080194187,1.931068704,147917.723172,33193.925695
9,26854,721191024,80435,8966,1094,0.122017,3065.948602168,5693.014793881,4640.363564046,0.538545694,0.660713015,2063.737386046,1982.222432307,1102.645634353,1.041123010,1.871623413,152647.231383,34374.943833
9,26854,721191024,80435,8966,1145,0.127705,2717.572623532,5732.336517733,4670.644152302,0.474077650,0.581841077,2196.360262805,2014.733350891,1103.053280133,1.090149355,1.991164255,157413.817399,36418.553086
9,26854,721191024,80435,8966,1199,0.133727,2588.018579319,5753.560480234,4687.381967127,0.449811658,0.552124533,2298.672679425,2024.254933353,1103.535864741,1.135564815,2.083006772,161024.591723,37581.936902
9,26854,721191024,80435,8966,1255,0.139973,2258.026360000,5781.424749825,4708.441611944,0.390565727,0.479569791,2258.026360000,2024.924182211,1103.841873759,1.115116497,2.045606725,165248.563325,37885.377327
9,26854,721191024,80435,8966,1313,0.146442,2531.742547508,5817.335383390,4736.433874879,0.435206565,0.534525049,2289.921431689,2025.317933835,1104.358468143,1.130647882,2.073530921,170151.191887,38080.460506
9,26854,721191024,80435,8966,1375,0.153357,1945.964196413,5842.069088203,4755.137571447,0.333095033,0.409234048,2271.387384942,2028.425402298,1104.726900587,1.119778614,2.056062348,174352.958919,38651.768236
9,26854,721191024,80435,8966,1439,0.160495,1845.492754083,5870.909249368,4777.204599954,0.314345304,0.386312270,2316.319177175,2044.349973322,1105.091111905,1.133034562,2.096043622,178985.464947,40304.523066
9,26854,721191024,80435,8966,1506,0.167968,2552.978777093,5903.115517599,4800.782524892,0.432479895,0.531783884,2325.950223002,2046.086177304,1105.356585347,1.136780185,2.104253282,184004.313832,40802.135830
9,26854,721191024,80435,8966,1577,0.175887,2529.997850571,5947.924673206,4833.970718397,0.425358085,0.523378812,2375.132812977,2047.242505738,1105.831010734,1.160161928,2.147826196,190108.342990,41181.848494
9,26854,721191024,80435,8966,1651,0.184140,3066.712853180,5976.860493024,4856.107593884,0.513097613,0.631516661,2498.281081839,2063.924891088,1106.139692266,1.210451549,2.258558389,195123.712965,42888.511843
9,26854,721191024,80435,8966,1728,0.192728,2759.510943276,6016.565293389,4882.789288585,0.458652206,0.565150528,2128.405958395,2084.446634193,1106.447094517,1.021089206,1.923640063,201142.205135,44919.803844
9,26854,721191024,80435,8966,1809,0.201762,2632.470433378,6060.663590481,4916.662304289,0.434353498,0.535418190,2311.268606625,2098.746910769,1106.780924223,1.101261231,2.088280125,207671.692553,46607.398080
9,26854,721191024,80435,8966,1894,0.211242,2572.944844849,6097.237645707,4942.298205133,0.421985331,0.520596843,2289.818096797,2100.604739071,1107.036386548,1.090075660,2.068421711,213785.594956,47157.680097
9,26854,721191024,80435,8966,1982,0.221057,1903.468717584,6128.958707057,4966.183617611,0.310569676,0.383286013,2252.043081705,2102.065480332,1107.294794984,1.071347730,2.033824318,219572.408355,47696.945008
9,26854,721191024,80435,8966,2075,0.231430,1954.003795424,6148.810970300,4981.142328670,0.317785634,0.392280258,2262.524956952,2106.459903345,1107.612776903,1.074088784,2.042703916,224290.592590,48689.267286
9,26854,721191024,80435,8966,2172,0.242248,2289.179652549,6170.769799470,4997.969778973,0.370971488,0.458021908,2289.179652549,2107.688741062,1107.918435986,1.086108972,2.066198718,229400.378159,49124.419053
9,26854,721191024,80435,8966,2274,0.253625,2155.447461776,6197.980584477,5019.126840316,0.347766088,0.429446701,2448.274203014,2115.043558505,1108.138823932,1.157552615,2.209356942,235219.449902,50505.590223
9,26854,721191024,80435,8966,2380,0.265447,2859.559713704,6248.443855476,5056.520039132,0.457643500,0.565519308,2409.404293273,2116.019882094,1108.380060685,1.138649175,2.173806963,243363.626708,50953.475367
9,26854,721191024,80435,8966,2491,0.277827,2899.339139699,6301.069766046,5098.407313190,0.460134429,0.568675463,2704.005644377,2130.915184555,1108.625095167,1.268941000,2.439062273,251872.463667,53054.882245
9,26854,721191024,80435,8966,2608,0.290877,2233.015158437,6333.255284584,5121.500400947,0.352585686,0.436008002,2605.678857211,2132.483243763,1108.929919522,1.221898866,2.349723649,258732.030007,53692.542127
9,26854,721191024,80435,8966,2730,0.304484,3413.282238981,6365.258992317,5145.776546497,0.536236191,0.663317229,2556.964526421,2140.094860522,1109.200364270,1.194790275,2.305232318,265727.185019,55259.332681
9,26854,721191024,80435,8966,2858,0.318760,4013.429600300,6401.233399381,5172.645973102,0.626977545,0.775894894,2867.468532277,2183.041562831,1109.424102588,1.313519899,2.584645967,273358.726888,59141.926221
9,26854,721191024,80435,8966,2992,0.333705,3172.024188123,6435.756928203,5198.823849835,0.492875076,0.610142655,2713.550826863,2215.288698126,1109.638962977,1.224919727,2.445435784,281034.833589,62558.022920
9,26854,721191024,80435,8966,3132,0.349320,2615.155652338,6470.012163276,5225.395227763,0.404196404,0.500470402,2738.098023180,2217.814027124,1109.822335974,1.234593158,2.467149862,288769.014608,63496.631644
9,26854,721191024,80435,8966,3278,0.365603,1785.907822676,6500.718220117,5247.994490428,0.274724694,0.340302915,2761.650425578,2235.512155137,1110.045058657,1.235354690,2.487872365,296378.115772,66009.284590
9,26854,721191024,80435,8966,3432,0.382779,2002.420405123,6533.078192851,5272.785868554,0.306504889,0.379765167,2735.630136951,2265.354965780,1110.242223952,1.207594473,2.463993963,304357.264137,69658.025262
9,26854,721191024,80435,8966,3592,0.400625,2802.717734629,6572.308149300,5301.636434119,0.426443446,0.528651440,2912.850307047,2274.997033215,1110.431095459,1.280375431,2.623170694,313400.367184,71533.030046
9,26854,721191024,80435,8966,3760,0.419362,3161.736499028,6604.256304545,5325.157606835,0.478742246,0.593735760,2909.920323614,2278.242555365,1110.602171476,1.277265371,2.620128430,321797.573024,72717.294271
9,26854,721191024,80435,8966,3936,0.438992,3623.660710639,6639.708731274,5352.535603391,0.545755975,0.676998899,2808.036606864,2284.757470785,1110.772745954,1.229030496,2.528002795,330859.730669,74457.298397
9,26854,721191024,80435,8966,4120,0.459514,3587.629323283,6689.133512636,5389.756083039,0.536336929,0.665638531,2760.787565856,2299.205701950,1110.934309953,1.200757098,2.485104242,341815.027530,77264.705654
9,26854,721191024,80435,8966,4313,0.481039,3300.834703892,6741.677883479,5429.555864508,0.489616200,0.607938252,2882.101437305,2310.940347245,1111.073410885,1.247155272,2.593979308,353461.798715,79856.155961
9,26854,721191024,80435,8966,4515,0.503569,3208.213761583,6778.041970513,5457.076231158,0.473324564,0.587899752,2971.282671903,2315.739392388,1111.235254104,1.283081629,2.673855658,363377.170600,81444.640882
9,26854,721191024,80435,8966,4726,0.527102,3055.722869368,6803.007923953,5475.831332061,0.449172323,0.558038165,3020.405223146,2316.639645106,1111.396161221,1.303787246,2.717667497,371785.575312,82061.736547
9,26854,721191024,80435,8966,4948,0.551863,2491.607366755,6837.105081936,5501.969432223,0.364424319,0.452857363,3065.193819949,2326.410375559,1111.526487312,1.317563682,2.757643524,381882.102057,84489.516917
9,26854,721191024,80435,8966,5179,0.577627,3228.761244532,6868.085448583,5524.864293517,0.470110815,0.584405530,3093.096140576,2327.620759862,1111.663942598,1.328866022,2.782402147,391716.814297,85263.817456
9,26854,721191024,80435,8966,5421,0.604617,2783.467632400,6902.308524644,5550.516386481,0.403266186,0.501479041,3101.760741499,2329.920539450,1111.812823908,1.331273187,2.789822778,402344.446429,86121.150125
9,26854,721191024,80435,8966,5675,0.632947,2565.972344462,6941.004166385,5579.541847523,0.369683159,0.459889434,3154.120487082,2336.600661835,1111.957571532,1.349875714,2.836547516,413980.477411,88241.078713
9,26854,721191024,80435,8966,5941,0.662614,3176.540419590,6979.042924928,5608.438136208,0.455154160,0.566385925,3086.364239609,2339.578814317,1112.098326640,1.319196524,2.775262012,425839.715929,89615.693863
9,26854,721191024,80435,8966,6219,0.693620,3522.124785854,7030.009712919,5647.690607782,0.501012791,0.623639826,3118.386410589,2340.484339452,1112.223556674,1.332367988,2.803740662,439910.542764,90339.109517
9,26854,721191024,80435,8966,6510,0.726076,3710.296569354,7077.969573311,5683.965541814,0.524203521,0.652765493,3104.477765574,2359.478074698,1112.355791179,1.315747664,2.790903585,453909.775130,94369.137537
9,26854,721191024,80435,8966,6814,0.759982,3695.906763537,7118.478775273,5714.836590190,0.519198958,0.646721338,3144.994241657,2375.449384662,1112.487613201,1.323957590,2.826992592,467092.210310,98297.120879
9,26854,721191024,80435,8966,7133,0.795561,3721.131116904,7152.221576578,5739.902165994,0.520276263,0.648291732,3198.314627548,2395.951830850,1112.603139520,1.334882691,2.874623047,479417.159509,102796.351606
9,26854,721191024,80435,8966,7467,0.832813,2519.734696972,7185.342709800,5765.152210003,0.350677038,0.437062996,3178.862401345,2400.055573685,1112.715214159,1.324495331,2.856851745,491964.057791,104424.528225
9,26854,721191024,80435,8966,7816,0.871738,3188.364772457,7215.233365554,5788.057187853,0.441893507,0.550852327,3145.308518392,2403.259481404,1112.827909906,1.308767756,2.826410526,504155.671117,105810.608542
9,26854,721191024,80435,8966,8182,0.912559,2224.618005308,7264.506653133,5825.360448190,0.306231120,0.381885040,2972.160345296,2408.230591499,1112.947388403,1.234167673,2.670530859,520258.907035,107617.124366
9,26854,721191024,80435,8966,8565,0.955275,1754.326353371,7306.162296041,5856.913957027,0.240115985,0.299530839,2990.544901561,2432.119596585,1113.049830482,1.229604377,2.686802351,535476.297925,112618.838926
9,26854,721191024,80435,8966,8966,1.000000,2690.294226481,7340.370248223,5882.839346109,0.366506611,0.457312204,2893.735442209,2445.164408773,1113.151482425,1.183452299,2.599588185,549598.137208,116199.607724
9,29237,854860643,80435,10627,1,0.000094,-1363.577446528,1363.577446528,1363.577446528,1.000000000,1.000000000,-170.855136484,170.855136484,170.855136484,1.000000000,1.000000000,1363.577447,170.855136
9,29237,854860643,80435,10627,2,0.000188,-170.855136484,1811.609770772,1811.609770772,0.094311225,0.094311225,-170.855136484,170.855136484,224.757174147,1.000000000,0.760176564,2556.299757,170.855136
9,29237,854860643,80435,10627,3,0.000282,875.838718567,2092.247114410,2092.247114410,0.418611507,0.418611507,-187.855996590,171.698884409,225.399238186,1.094101439,0.833436697,3602.993612,187.855997
9,29237,854860643,80435,10627,4,0.000376,875.838718567,2347.114065147,2092.247114410,0.373155584,0.418611507,68.525836674,308.564663135,341.374370747,0.222079340,0.200735153,4666.688327,444.237830
9,29237,854860643,80435,10627,5,0.000470,1683.151600460,2482.075446895,2242.599401816,0.678122658,0.750536007,96.467756344,309.827213476,341.660136278,0.311359855,0.282350049,5474.001209,472.179750
9,29237,854860643,80435,10627,6,0.000565,889.809678402,2605.780099965,2378.790340135,0.341475353,0.374059733,48.064768748,313.585317607,345.071728674,0.153274934,0.139289211,6267.343131,520.582737
9,29237,854860643,80435,10627,7,0.000659,1731.554588055,2738.361631031,2523.326767434,0.632332329,0.686218927,402.604399631,473.322407334,387.942116039,0.850592310,1.037795029,7109.088040,875.122368
9,29237,854860643,80435,10627,8,0.000753,1731.554588055,2817.827456238,2523.326767434,0.614499864,0.686218927,437.711236745,474.622577736,388.339037311,0.922230120,1.127136844,7773.563135,910.229205
9,29237,854860643,80435,10627,9,0.000847,1731.554588055,2891.134591741,2523.326767434,0.598918706,0.686218927,422.643220244,474.861702413,388.412112556,0.890034337,1.088130896,8420.484810,925.297222
9,29237,854860643,80435,10627,10,0.000941,1077.098904150,2964.282623125,2606.816107332,0.363359045,0.413185610,471.293287299,477.347321604,391.447056707,0.987317339,1.203977088,9074.940494,973.947289
9,29237,854860643,80435,10627,11,0.001035,1682.904521001,3025.553158543,2676.282993791,0.556230359,0.628821588,638.947886828,505.933325831,400.322138271,1.262909269,1.596084317,9680.746111,1141.601888
9,29237,854860643,80435,10627,12,0.001129,1682.904521001,3070.249709498,2676.282993791,0.548132784,0.628821588,217.695840264,658.347793283,452.350678206,0.330669963,0.481254590,10202.724428,1562.853935
9,29237,854860643,80435,10627,13,0.001223,2415.508861369,3156.444581836,2774.743192149,0.765262560,0.870534206,1020.683392311,1038.369310826,525.608560877,0.982967603,1.941907854,10935.328768,2365.841487
9,29237,854860643,80435,10627,14,0.001317,1950.567038350,3190.503611813,2813.426857264,0.611366504,0.693306468,905.840454069,1044.700783061,528.735836107,0.867081244,1.713219328,11400.270591,2480.684425
9,29237,854860643,80435,10627,15,0.001411,1428.203746209,3232.982633107,2861.509058198,0.441760414,0.499108588,1004.659118295,1049.364023839,537.890985966,0.957398096,1.867774595,11922.633884,2579.503089
9,29237,854860643,80435,10627,16,0.001506,1428.203746209,3260.608341676,2861.509058198,0.438017571,0.499108588,957.835739215,1050.408150843,539.925125931,0.911870056,1.774015865,12346.178512,2626.326468
9,29237,854860643,80435,10627,17,0.001600,1898.571753204,3294.360760422,2899.910369676,0.576309606,0.654700150,1120.369610063,1062.908529709,546.006828167,1.054060231,2.051933332,12816.546519,2788.860339
9,29237,854860643,80435,10627,18,0.001694,1898.571753204,3317.259782367,2899.910369676,0.572331345,0.654700150,897.916430785,1085.937364446,557.220612188,0.826858399,1.611419985,13205.647590,3011.313518
9,29237,854860643,80435,10627,19,0.001788,2398.899414413,3354.778715844,2942.755158134,0.715069344,0.815188246,1125.828854613,1109.596337609,562.375652306,1.014629209,2.001916068,13705.975251,3239.225942
9,29237,854860643,80435,10627,20,0.001882,2398.899414413,3381.511344235,2942.755158134,0.709416344,0.815188246,1249.775222850,1116.497530062,563.891249460,1.119371238,2.216340871,14130.332105,3363.172311
9,29237,854860643,80435,10627,21,0.001976,2015.858017225,3403.136741765,2967.579591634,0.592352929,0.679293665,1136.177572980,1122.261627558,566.744605384,1.012399912,2.004743516,14513.373502,3476.769960
9,29237,854860643,80435,10627,22,0.002070,1576.017795103,3431.442714683,2999.998008946,0.459287223,0.525339614,1045.119796115,1125.949678901,574.013036837,0.928211816,1.820724843,14953.213724,3567.827737
9,29237,854860643,80435,10627,23,0.002164,2106.915794090,3472.268968481,3046.611353456,0.606783580,0.691560409,1003.754501866,1126.709264622,574.385531113,0.890872680,1.747527484,15484.111723,3609.193032
9,29237,854860643,80435,10627,24,0.002258,2106.915794090,3515.806166250,3046.611353456,0.599269611,0.691560409,1258.839037803,1155.223739134,588.375533541,1.089692841,2.139516289,16035.692369,3864.277567
9,29237,854860643,80435,10627,25,0.002352,2106.915794090,3541.285295593,3046.611353456,0.594957937,0.691560409,1369.197998763,1160.483083773,590.957311094,1.179851751,2.316915237,16459.730747,3974.636528
9,29237,854860643,80435,10627,26,0.002447,1738.056896427,3560.443572249,3068.859336202,0.488157405,0.566352741,1369.736232612,1160.483208590,590.957556201,1.180315426,2.317825059,16828.589645,3975.174762
9,29237,854860643,80435,10627,27,0.002541,1738.056896427,3579.443887332,3068.859336202,0.485566180,0.566352741,1428.883320958,1161.989524686,593.910103712,1.229686921,2.405891585,17196.910309,4034.321851
9,29237,854860643,80435,10627,29,0.002729,2204.568980139,3622.932564454,3104.115195937,0.608504006,0.710208495,1466.989943172,1188.769893914,622.120822046,1.234040289,2.358046687,17972.595968,4387.105489
9,29237,854860643,80435,10627,30,0.002823,2573.358498623,3641.654304780,3125.945754262,0.706645465,0.823225577,1356.796317343,1193.866196795,623.204219264,1.136472681,2.177129543,18341.385486,4497.299115
9,29237,854860643,80435,10627,31,0.002917,2978.879225717,3664.163360936,3152.139577920,0.812976642,0.945034048,1596.400497195,1217.672640265,626.076380401,1.311026005,2.549849423,18746.906213,4736.903295
9,29237,854860643,80435,10627,33,0.003105,2563.528119936,3703.790307425,3179.386805622,0.692136408,0.806296395,1540.388356705,1268.943125032,634.314801137,1.213914419,2.428428840,19507.877001,5238.742544
9,29237,854860643,80435,10627,34,0.003199,2222.481532192,3719.459022007,3197.626187467,0.597528167,0.695041072,1585.246050435,1269.735747017,634.711210010,1.248485013,2.497586344,19848.923589,5283.600237
9,29237,854860643,80435,10627,36,0.003388,1903.863791313,3754.161494856,3213.460829009,0.507134228,0.592465224,1549.077542417,1272.880078502,640.978273508,1.216986241,2.416739547,20564.826930,5404.767448
9,29237,854860643,80435,10627,38,0.003576,1811.004062927,3797.366025661,3263.830679273,0.476910588,0.554870715,1519.113078916,1295.752688132,666.134891890,1.172378875,2.280488678,21367.259156,5746.241898
9,29237,854860643,80435,10627,40,0.003764,1519.113078916,3826.301770796,3276.856885723,0.397018628,0.463588473,1519.113078916,1295.752688132,671.186365337,1.172378875,2.263325296,22027.112315,5746.241898
9,29237,854860643,80435,10627,42,0.003952,2197.808469810,3856.282087639,3311.814811815,0.569929383,0.663626620,1551.416759381,1296.299722162,671.464440151,1.196804051,2.310497275,22705.807706,5788.578100
9,29237,854860643,80435,10627,44,0.004140,2521.004325024,3880.108161996,3327.547581716,0.649725270,0.757616311,1701.860094061,1302.319837195,672.757545741,1.306791193,2.529678195,23311.620348,5939.021435
9,29237,854860643,80435,10627,46,0.004329,2194.954887360,3903.345082994,3343.483384792,0.562326630,0.656487452,1527.815984888,1312.076773238,674.883997579,1.164425753,2.263820139,23910.717863,6113.065544
9,29237,854860643,80435,10627,48,0.004517,2528.524338596,3924.744137675,3360.081803049,0.644252020,0.752518685,1738.247549228,1345.884913493,682.241113553,1.291527628,2.547849308,24481.447873,6481.087337
9,29237,854860643,80435,10627,50,0.004705,2528.524338596,3941.987239901,3360.081803049,0.641433923,0.752518685,1453.511933916,1379.649187981,689.694144347,1.053537339,2.107473212,25002.271621,6801.987621
9,29237,854860643,80435,10627,52,0.004893,2170.186870369,3974.042359907,3379.135313111,0.546090523,0.642231420,1474.464438620,1379.731295459,689.735205851,1.068660574,2.137725356,25714.647982,6822.940126
9,29237,854860643,80435,10627,55,0.005175,2154.513897183,4021.641950853,3416.389906969,0.535729914,0.630640517,1482.205275032,1381.228277043,690.369730405,1.073106669,2.146973150,26783.012252,6924.718801
9,29237,854860643,80435,10627,58,0.005458,1540.499770690,4059.023387645,3443.949354473,0.379524734,0.447306163,1540.499770690,1381.856808366,691.838947612,1.114804198,2.226673962,27733.180689,6983.013297
9,29237,854860643,80435,10627,60,0.005646,1803.273385529,4081.371766358,3453.959630458,0.441830220,0.522088727,1487.074446567,1383.935156728,695.980896744,1.074526100,2.136659862,28331.922548,7075.977231
9,29237,854860643,80435,10627,63,0.005928,1826.059446695,4120.557076084,3480.791578749,0.443158392,0.524610395,1533.010432613,1388.701877236,704.306879628,1.103916152,2.176622829,29309.396073,7270.810878
9,29237,854860643,80435,10627,66,0.006211,1750.976124556,4147.286730154,3500.146981897,0.422197991,0.500257884,1566.177660805,1389.140283550,709.156900480,1.127443844,2.208506552,30116.838181,7307.356494
9,29237,854860643,80435,10627,69,0.006493,1727.537046105,4163.416655942,3511.202392496,0.414932540,0.492007254,1472.844308512,1395.200963287,713.260698150,1.055650295,2.064945275,30747.650726,7518.845835
9,29237,854860643,80435,10627,73,0.006869,2454.921074722,4192.275777508,3536.260325798,0.585581962,0.694213901,1473.130701861,1398.334822928,713.979306217,1.053489249,2.063268065,31729.088082,7702.176826
9,29237,854860643,80435,10627,76,0.007152,2209.473481507,4216.370602901,3544.768202976,0.524022599,0.623305490,1527.227240483,1408.047337504,716.097066279,1.084641972,2.132709813,32507.070469,7981.921804
9,29237,854860643,80435,10627,80,0.007528,2515.372739458,4246.325541956,3572.094761571,0.592364555,0.704173015,1377.036163497,1431.174286563,719.558886300,0.962172236,1.913722684,33510.741235,8454.430638
9,29237,854860643,80435,10627,84,0.007904,2534.807290345,4291.211932613,3600.801008064,0.590697297,0.703956504,1280.628790054,1438.551944984,720.592448351,0.890220749,1.777188747,34747.119640,8711.416562
9,29237,854860643,80435,10627,88,0.008281,1710.046667436,4324.262906081,3632.621985576,0.395453908,0.470747211,1487.903067028,1445.414222845,723.118731845,1.029395618,2.057619311,35805.493704,8923.557845
9,29237,854860643,80435,10627,92,0.008657,1705.115622797,4350.150608708,3646.485042300,0.391967032,0.467605270,1460.319705585,1450.212623802,725.632511525,1.006969379,2.012478331,36750.718689,9106.333164
9,29237,854860643,80435,10627,96,0.009034,1020.747409630,4374.515582332,3668.134866065,0.233339530,0.278274231,1400.980304502,1456.553489519,730.692958417,0.961846108,1.917331060,37667.930261,9338.675218
9,29237,854860643,80435,10627,101,0.009504,1495.899081984,4403.460541419,3684.101347502,0.339709887,0.406041784,1495.899081984,1457.822224045,734.186273844,1.026118999,2.037492575,38780.169236,9444.128697
9,29237,854860643,80435,10627,106,0.009975,2048.029595206,4438.079144566,3717.612405754,0.461467569,0.550899172,1644.720045100,1468.650354033,737.174054607,1.119885370,2.231114938,40014.284831,9732.657384
9,29237,854860643,80435,10627,111,0.010445,2528.626927520,4464.461683034,3743.734663034,0.566390106,0.675428991,1705.802826152,1490.935333629,739.481789605,1.144115903,2.306754338,41093.588515,10142.390009
9,29237,854860643,80435,10627,116,0.010916,2779.284382882,4487.490148317,3761.398205334,0.619340498,0.738896610,1916.939180250,1504.551628901,740.364170523,1.274093320,2.589184156,42105.258680,10470.946528
9,29237,854860643,80435,10627,121,0.011386,2408.471364125,4503.499209503,3770.538865808,0.534799997,0.638760519,1849.570303610,1516.714517202,742.972960219,1.219458430,2.489418058,42949.162437,10843.754427
9,29237,854860643,80435,10627,127,0.011951,2273.464257776,4534.124071962,3787.181778177,0.501412009,0.600305027,1739.764649516,1518.604339455,745.090481716,1.145633925,2.334970976,44229.365867,10967.213774
9,29237,854860643,80435,10627,133,0.012515,2319.040774539,4577.416006678,3819.910141575,0.506626614,0.607093018,1845.940071075,1523.259625175,746.982572921,1.211835488,2.471195632,45765.492842,11201.375073
9,29237,854860643,80435,10627,140,0.013174,2812.397902820,4616.767233042,3850.406593307,0.609170392,0.730415824,1898.377467738,1527.245736851,752.055546609,1.243007214,2.524251668,47347.721920,11448.914798
9,29237,854860643,80435,10627,146,0.013739,1675.246374220,4648.648968024,3883.956127747,0.360372742,0.431324742,1917.675430651,1529.211290546,754.341854143,1.254029082,2.542183521,48674.381431,11602.529225
9,29237,854860643,80435,10627,153,0.014397,2132.746896445,4685.911329837,3897.405608918,0.455140259,0.547222206,1937.156120559,1529.473932112,755.108744787,1.266550596,2.565400194,50231.288498,11655.777444
9,29237,854860643,80435,10627,160,0.015056,2017.301999934,4705.098567036,3914.423249386,0.428748085,0.515351016,2017.301999934,1531.462402785,756.271352235,1.317238997,2.667431464,51348.720011,11770.553537
9,29237,854860643,80435,10627,168,0.015809,2211.647615299,4725.739559697,3930.580828706,0.468000318,0.562677047,2072.365000160,1531.974209255,757.767349918,1.352741441,2.734830156,52591.216329,11843.457383
9,29237,854860643,80435,10627,176,0.016562,2666.123446477,4747.782586677,3939.385235543,0.561551292,0.676786678,1788.006227195,1541.054243695,759.196950521,1.160248729,2.355128305,53863.603856,12146.145715
9,29237,854860643,80435,10627,185,0.017408,2391.973455994,4783.720225812,3973.310892620,0.500023694,0.602010142,1826.421694984,1555.906751391,760.882865844,1.173863211,2.400397981,55613.185390,12593.715041
9,29237,854860643,80435,10627,193,0.018161,2946.477113753,4813.064298377,3995.310820096,0.612183202,0.737483827,1463.310123013,1580.496148198,762.917807728,0.925854913,1.918044261,57110.380791,13163.130689
9,29237,854860643,80435,10627,203,0.019102,2857.980669849,4856.034031429,4030.494865550,0.588542142,0.709089272,2073.627997244,1626.105055254,765.011015675,1.275211580,2.710585802,59125.417058,14083.303185
9,29237,854860643,80435,10627,212,0.019949,2308.169414301,4882.738150356,4048.687004651,0.472720294,0.570103199,1899.051781932,1638.241234441,768.158326945,1.159201552,2.472214015,60647.540844,14617.365046
9,29237,854860643,80435,10627,222,0.020890,1224.863430688,4913.590590685,4078.741112424,0.249280726,0.300304284,1842.292941528,1642.031727069,769.296678352,1.121959406,2.394775635,62378.512887,14862.754585
9,29237,854860643,80435,10627,233,0.021925,2080.152359430,4947.138496763,4104.441850058,0.420475869,0.506805172,1872.001925693,1647.875241118,771.938156871,1.136009498,2.425067227,64274.707328,15195.367392
9,29237,854860643,80435,10627,244,0.022960,2360.210450339,4993.469942177,4131.593073165,0.472659389,0.571259175,2019.622707967,1649.231299803,774.003783205,1.224584270,2.609318910,66516.108066,15349.497747
9,29237,854860643,80435,10627,256,0.024090,2214.964724939,5013.676273192,4145.583181576,0.441784552,0.534295087,2104.132887819,1653.753325022,777.605640332,1.272337812,2.705912584,68055.924519,15635.211850
9,29237,854860643,80435,10627,268,0.025219,2204.833176285,5030.269173308,4158.994416448,0.438313160,0.530136123,2039.886560723,1655.318854455,778.763390157,1.232322435,2.619391957,69460.457838,15853.783127
9,29237,854860643,80435,10627,281,0.026442,2689.272991677,5067.733452877,4182.317713928,0.530665833,0.643010210,2011.235155656,1661.290147121,780.160389492,1.210646532,2.577976507,71671.491409,16322.855562
9,29237,854860643,80435,10627,294,0.027665,3337.164821475,5100.263395035,4206.764577157,0.654312251,0.793285377,2127.767264540,1681.785685051,780.980098085,1.265183360,2.724483338,73741.422781,17093.673394
9,29237,854860643,80435,10627,308,0.028983,2582.852237447,5127.296521225,4224.654993645,0.503745439,0.611375897,2257.375737746,1700.333226216,783.164727932,1.327607849,2.882376666,75683.336235,17742.388579
9,29237,854860643,80435,10627,323,0.030394,2750.514882478,5160.346338863,4254.155421714,0.533009744,0.646547813,2257.868703403,1705.831795621,784.145841311,1.323617434,2.879398939,77936.041400,18161.952628
9,29237,854860643,80435,10627,338,0.031806,2076.998916354,5200.201653365,4278.833470373,0.399407380,0.485412422,2261.327457313,1706.545295907,785.266010396,1.325090792,2.879696087,80416.838553,18299.835231
9,29237,854860643,80435,10627,354,0.033311,2382.303423762,5243.705352128,4304.865288235,0.454316798,0.553397903,2226.317314044,1707.989520683,786.014095617,1.303472467,2.832413981,83109.781099,18512.636356
9,29237,854860643,80435,10627,371,0.034911,2364.406378455,5278.952559713,4329.482764659,0.447893091,0.546117517,2242.282694981,1708.179095292,786.635056151,1.312674240,2.850473898,85607.474567,18573.663587
9,29237,854860643,80435,10627,389,0.036605,2617.494477027,5305.322752179,4348.311019354,0.493371393,0.601956591,2276.767256876,1713.601807888,788.356378754,1.328644290,2.887992434,87835.195507,19009.238998
9,29237,854860643,80435,10627,407,0.038299,2316.382922195,5327.116272799,4367.950795567,0.434828677,0.530313419,2316.382922195,1714.265801419,788.976346084,1.351239067,2.935934561,89870.645711,19116.721432
9,29237,854860643,80435,10627,427,0.040181,2301.161397105,5349.462831515,4384.644223186,0.430166817,0.524822832,2301.161397105,1714.902564389,789.797770439,1.341861307,2.913608373,92045.813466,19220.232313
9,29237,854860643,80435,10627,447,0.042063,3039.025114450,5375.941055781,4406.901307425,0.565301048,0.689605894,2280.997020357,1742.343052870,791.298820680,1.309154943,2.882598787,94409.950795,20256.725883
9,29237,854860643,80435,10627,469,0.044133,3068.900177999,5411.547960973,4434.715368757,0.567102094,0.692017395,2145.520230773,1767.780981973,792.737945130,1.213679892,2.706468441,97301.812928,21360.660506
9,29237,854860643,80435,10627,491,0.046203,2872.910823152,5458.085805234,4469.262904107,0.526358677,0.642815356,2086.008704507,1780.364778091,793.966406251,1.171674889,2.627326154,100629.507776,22155.008671
9,29237,854860643,80435,10627,514,0.048367,2590.324389173,5495.092204862,4496.021698709,0.471388703,0.576136986,2188.090513474,1794.646758234,795.471737153,1.219231865,2.750682911,103671.693663,23087.251436
9,29237,854860643,80435,10627,539,0.050720,2046.100898126,5534.960446325,4524.174985215,0.369668567,0.452259452,2172.724885674,1797.371671398,796.976358312,1.208834500,2.726209960,106980.503904,23410.835525
9,29237,854860643,80435,10627,565,0.053166,1630.183395258,5560.781529463,4543.434860890,0.293157245,0.358799773,2009.917552563,1803.450431919,797.963634983,1.114484500,2.518808457,109685.303007,24022.603506
9,29237,854860643,80435,10627,591,0.055613,1403.485302844,5585.648999922,4562.280196652,0.251266290,0.307628037,2211.532987079,1822.732583101,799.347356926,1.213306333,2.766673297,112352.464068,25223.897131
9,29237,854860643,80435,10627,620,0.058342,2833.945765221,5621.978211928,4590.040101841,0.504083377,0.617411984,2204.542934249,1829.128830301,800.663572908,1.205242024,2.753394820,115772.293231,25859.415160
9,29237,854860643,80435,10627,649,0.061071,2881.756756608,5657.845068982,4616.078852788,0.509338224,0.624286727,2168.295167957,1839.162550158,801.846217898,1.178957873,2.704128447,119187.776522,26458.198730
9,29237,854860643,80435,10627,680,0.063988,3409.230656470,5685.794629588,4636.702465321,0.599604959,0.735270525,2213.264747360,1882.995595243,802.850183580,1.175395605,2.756759346,122313.354800,28268.117634
9,29237,854860643,80435,10627,713,0.067093,2707.733337725,5714.809570781,4660.112047528,0.473809898,0.581044685,2450.470707990,1915.822682569,804.109342299,1.279069681,3.047434695,125579.076415,29809.442985
9,29237,854860643,80435,10627,747,0.070293,2723.354768761,5742.958463500,4678.693319191,0.474207638,0.582075931,2377.240003669,1918.673178455,804.929145516,1.239002051,2.953353120,128816.919497,30225.890844
9,29237,854860643,80435,10627,782,0.073586,2552.455957371,5780.749713312,4707.919982904,0.441544105,0.542162137,2421.312392067,1923.008118038,806.137484645,1.259127494,3.003597325,132707.357219,30802.346604
9,29237,854860643,80435,10627,820,0.077162,2079.039496526,5832.891792690,4747.411335319,0.356433750,0.437931190,2404.190471612,1924.149908489,807.252471485,1.249481894,2.978238601,137487.163930,31072.822739
9,29237,854860643,80435,10627,859,0.080832,2646.617608807,5871.033441863,4773.524451393,0.450792460,0.554436797,2380.913598957,1925.266965051,808.003152759,1.236666728,2.946663749,141637.132119,31366.804234
9,29237,854860643,80435,10627,900,0.084690,2315.278040273,5910.652008801,4802.830972521,0.391712799,0.482065276,2411.069817758,1926.017229521,808.695261050,1.251842289,2.981431862,145985.064003,31584.497482
9,29237,854860643,80435,10627,943,0.088736,2163.061408803,5933.987686291,4821.546510044,0.364520711,0.448623985,2446.055086360,1930.911105132,809.638177815,1.266788036,3.021170633,149417.367544,32081.624794
9,29237,854860643,80435,10627,987,0.092877,2325.377474586,5957.909428637,4838.911441960,0.390300910,0.480557973,2412.632666961,1933.079210393,810.415485182,1.248077499,2.977031796,152943.736305,32573.971599
9,29237,854860643,80435,10627,1035,0.097393,2949.459631495,5986.651885015,4859.753623344,0.492672647,0.606915465,2418.809914134,1935.184424260,811.135847391,1.249911835,2.982003473,156981.746930,32996.612667
9,29237,854860643,80435,10627,1084,0.102004,2729.206840482,6016.650067868,4880.854535429,0.453609037,0.559165781,2260.519388031,1944.186352370,811.611081723,1.162707158,2.785224893,161175.488355,34001.985470
9,29237,854860643,80435,10627,1136,0.106898,3386.683413013,6058.739529112,4913.379668611,0.558974915,0.689277776,2099.853146560,1968.332294938,812.037405193,1.066818419,2.585906921,166301.370410,35848.303674
9,29237,854860643,80435,10627,1190,0.111979,2695.396062080,6096.633777038,4943.143024954,0.442112182,0.545279804,2164.497205592,1981.496932085,812.793665319,1.092354558,2.663034049,171252.218969,37139.870363
9,29237,854860643,80435,10627,1246,0.117249,2488.488358438,6133.523209893,4971.534477857,0.405719237,0.500547340,2206.855950484,1985.499747190,813.726856912,1.111486392,2.712035288,176262.156070,37762.117525
9,29237,854860643,80435,10627,1306,0.122895,2232.528131602,6179.406119930,5006.657041608,0.361285225,0.445911935,2232.528131602,1986.144410344,814.385282945,1.124051262,2.741366007,182076.657687,37967.017511
9,29237,854860643,80435,10627,1368,0.128729,1636.097805541,6219.619798803,5037.782951816,0.263054312,0.324765442,2091.334110126,1990.102086859,815.117183939,1.050867754,2.565685218,187592.279761,38608.155161
9,29237,854860643,80435,10627,1433,0.134845,1611.479262654,6243.206686290,5055.058507443,0.258117237,0.318785482,2158.372255634,2007.776594456,815.639544281,1.075006184,2.646232972,191948.980193,40316.598074
9,29237,854860643,80435,10627,1502,0.141338,2294.228126941,6277.196633560,5081.573481309,0.365486102,0.451479868,2196.501944362,2013.067488957,816.322192386,1.091121861,2.690729181,197339.693316,41125.378208
9,29237,854860643,80435,10627,1573,0.148019,2501.195194634,6315.978330653,5110.719807632,0.396010731,0.489401746,2204.194462215,2014.070295268,816.977079182,1.094397980,2.697988130,203209.053878,41501.544428
9,29237,854860643,80435,10627,1648,0.155077,3024.290120792,6341.379965822,5129.928867427,0.476913564,0.589538413,2216.375350490,2033.135058035,817.437826029,1.090126965,2.711368718,208103.924389,43339.977538
9,29237,854860643,80435,10627,1727,0.162511,2711.921176809,6374.869582902,5153.637158551,0.425408103,0.526215000,2179.730834913,2059.436237839,817.989561411,1.058411421,2.664741627,213888.835737,45729.892110
9,29237,854860643,80435,10627,1809,0.170227,2600.237343179,6412.545150609,5181.940814213,0.405492247,0.501788314,2207.058763061,2074.293553197,818.474226887,1.064005025,2.696552549,220151.863776,47455.997019
9,29237,854860643,80435,10627,1896,0.178413,2421.848211489,6461.669046585,5216.577384081,0.374802268,0.464259999,2224.282007885,2076.611470027,818.967277334,1.071111298,2.715959562,227508.140517,48105.148574
9,29237,854860643,80435,10627,1986,0.186882,1803.252284223,6493.024749259,5241.255627133,0.277721456,0.344049673,2385.279457823,2079.240005335,819.367393386,1.147188132,2.911123236,233508.674443,48836.795750
9,29237,854860643,80435,10627,2081,0.195822,1776.027373487,6543.231019372,5278.077096925,0.271429722,0.336491366,2357.787011016,2086.014315373,819.858959160,1.130283236,2.875844662,241383.772907,50020.926307
9,29237,854860643,80435,10627,2180,0.205138,2223.526418176,6584.662573738,5309.867707692,0.337682667,0.418753638,2372.801660963,2086.780532910,820.297166961,1.137063349,2.892612283,248638.630758,50382.918205
9,29237,854860643,80435,10627,2284,0.214924,2108.991591189,6628.642854031,5344.282066554,0.318163407,0.394625801,2336.798123425,2095.655553291,820.687168310,1.115067846,2.847367686,256396.555871,51913.858827
9,29237,854860643,80435,10627,2393,0.225181,2852.813430505,6658.357291131,5366.518218663,0.428456045,0.531594847,2331.719697063,2099.358889316,821.225367260,1.110681794,2.839317671,262866.874689,52685.645226
9,29237,854860643,80435,10627,2507,0.235909,2396.190771002,6680.718903473,5384.086120332,0.358672593,0.445050602,2279.491129698,2117.694851939,821.708860279,1.076402074,2.774086103,268667.105755,54903.727356
9,29237,854860643,80435,10627,2627,0.247201,1837.632527352,6704.501911128,5401.628145655,0.274089344,0.340199747,2327.057589869,2121.865964756,822.172450884,1.096703387,2.830376507,274833.975250,55850.651133
9,29237,854860643,80435,10627,2752,0.258963,3507.211892975,6749.894842904,5435.504945129,0.519595042,0.645241229,2421.098176997,2131.289433286,822.462108697,1.135978126,2.943720022,283481.577546,57518.480313
9,29237,854860643,80435,10627,2883,0.271290,3902.047235830,6811.009073509,5480.525118612,0.572902957,0.711984190,2298.688684345,2177.096804406,822.741253773,1.055850470,2.793938767,293867.461099,61600.959473
9,29237,854860643,80435,10627,3021,0.284276,3094.316400866,6854.776109689,5513.983072704,0.451410280,0.561176260,2662.810938896,2206.146977645,823.107276863,1.206996164,3.235071556,302881.584275,64705.129857
9,29237,854860643,80435,10627,3165,0.297826,2164.900887859,6887.076939201,5538.891409143,0.314342486,0.390854546,2715.053060346,2209.426627765,823.394839500,1.228849615,3.297388968,310853.149798,65725.102946
9,29237,854860643,80435,10627,3316,0.312035,1568.210466973,6929.706544526,5570.904211475,0.226302580,0.281500167,2677.877406758,2236.234369899,823.777958547,1.197494074,3.250727188,320239.195595,69157.679296
9,29237,854860643,80435,10627,3474,0.326903,2055.041371330,6963.949217978,5597.233405449,0.295097122,0.367153060,2695.015078641,2261.454866385,824.068431047,1.191717385,3.270377771,328884.718981,72558.452930
9,29237,854860643,80435,10627,3640,0.342524,3165.272530911,7009.873690935,5631.008099004,0.451544874,0.562114718,2787.773801354,2266.431249906,824.299574036,1.230027958,3.381991074,339177.559832,73841.767746
9,29237,854860643,80435,10627,3813,0.358803,3052.123907942,7040.120799126,5653.435479923,0.433532889,0.539870654,2727.414081309,2271.058615558,824.575380062,1.200943940,3.307658884,347688.080784,75349.765869
9,29237,854860643,80435,10627,3995,0.375929,3329.029292805,7079.116617408,5683.340195617,0.470260553,0.585752247,2799.144034983,2284.014226956,824.899952716,1.225537040,3.393313366,357665.508414,77886.026329
9,29237,854860643,80435,10627,4185,0.393808,3320.405213650,7116.249709912,5711.196983624,0.466594815,0.581385167,2657.373492695,2303.827794417,825.167043035,1.153460124,3.220406723,367571.234752,81101.893905
9,29237,854860643,80435,10627,4385,0.412628,3241.631822743,7155.658963231,5741.004002960,0.453016534,0.564645456,2780.534778121,2317.550562267,825.460155167,1.199773081,3.368466377,378154.638745,83838.261799
9,29237,854860643,80435,10627,4594,0.432295,2825.713080324,7190.681259504,5767.743643641,0.392968758,0.489916552,2779.679793261,2321.591180091,825.729136353,1.197316658,3.366333669,388382.905973,85330.655101
9,29237,854860643,80435,10627,4813,0.452903,2341.949519013,7240.866850721,5805.830716001,0.323434965,0.403378885,2831.745742137,2323.733387046,825.976071543,1.218619037,3.428362927,400927.712339,86275.482262
9,29237,854860643,80435,10627,5043,0.474546,3127.748036840,7300.185880728,5850.983010453,0.428447726,0.534567957,2787.893586722,2338.313673461,826.211892615,1.192266726,3.374308227,414983.331850,89040.413127
9,29237,854860643,80435,10627,5283,0.497130,2816.783008719,7347.917604264,5885.799842932,0.383344392,0.478572681,2860.183403899,2338.873718272,826.446719821,1.222889197,3.460820081,427841.853981,89578.582359
9,29237,854860643,80435,10627,5535,0.520843,2589.216038676,7378.662406938,5909.343845829,0.350905882,0.438156267,2770.420105456,2343.446824018,826.645164419,1.182198835,3.351401816,438475.323840,91259.700525
9,29237,854860643,80435,10627,5799,0.545686,2607.992087023,7411.265894347,5933.968645380,0.351895631,0.439502168,2900.622691690,2349.519812135,826.873239698,1.234559792,3.507941184,449647.981072,93359.955444
9,29237,854860643,80435,10627,6076,0.571751,2962.114630144,7448.086677716,5961.814863718,0.397701418,0.496847805,2962.114630144,2350.904535341,827.070163481,1.259989330,3.581455070,461858.297542,94237.830833
9,29237,854860643,80435,10627,6366,0.599040,4015.129078653,7484.894441122,5990.076357272,0.536430956,0.670296811,2942.617060106,2359.902865078,827.270148707,1.246922958,3.557020720,474424.641500,96495.131468
9,29237,854860643,80435,10627,6669,0.627552,3593.971540015,7526.017218907,6021.263210899,0.477539638,0.596879992,2942.853614223,2382.216208678,827.480462180,1.235342789,3.556402536,488077.326872,101066.830177
9,29237,854860643,80435,10627,6987,0.657476,4219.585216725,7569.389098609,6054.035306796,0.557453866,0.696987216,3054.513401143,2403.102798033,827.677313853,1.271070636,3.690464085,502483.691236,105679.648110
9,29237,854860643,80435,10627,7321,0.688906,2390.228050402,7624.849910392,6096.278910461,0.313478702,0.392079838,2848.089681290,2419.539339372,827.869478676,1.177120634,3.440264141,519227.446732,108951.826820
9,29237,854860643,80435,10627,7670,0.721746,2580.042846035,7678.581872692,6137.626440539,0.336005123,0.420364920,2770.842500811,2426.216895989,828.054720126,1.142042373,3.346207000,536131.354735,111340.164311
9,29237,854860643,80435,10627,8035,0.756093,2532.858123247,7723.936954600,6171.980994481,0.327923200,0.410380091,2854.869833304,2427.108972415,828.228805369,1.176242956,3.446957912,552048.265067,112166.448802
9,29237,854860643,80435,10627,8419,0.792227,1895.872032886,7762.232704359,6201.092191164,0.244243133,0.305731954,2853.597409424,2444.831961552,828.402947795,1.167195723,3.444697314,567045.473166,116443.825513
9,29237,854860643,80435,10627,8820,0.829961,2352.128735140,7800.114414195,6230.257262788,0.301550543,0.377533164,2725.225750288,2477.327700423,828.573906238,1.100066717,3.289055725,582376.628597,122254.250192
9,29237,854860643,80435,10627,9241,0.869577,2836.664010890,7832.109898694,6254.771185154,0.362183888,0.453520029,2717.047964881,2478.409675836,828.742619604,1.096286861,3.278518445,596827.165604,123190.102978
9,29237,854860643,80435,10627,9682,0.911076,3543.783643498,7886.631715730,6295.638171312,0.449340577,0.562895063,2605.244119625,2490.066903251,828.898447637,1.046254667,3.143019663,616199.185418,126660.238384
9,29237,854860643,80435,10627,10143,0.954456,3522.323073599,7933.206734544,6331.152469618,0.443997389,0.556347851,2806.295230213,2533.399842836,829.040378782,1.107719035,3.384992218,634592.074904,134585.645378
9,29237,854860643,80435,10627,10627,1.000000,3590.680728037,7971.275712109,6360.250769615,0.450452457,0.564550182,2776.915865125,2561.757516684,829.185271088,1.083988569,3.348969117,651647.974160,141652.016860
9,31621,999950883,80435,12431,1,0.000080,-1705.770102188,1705.770102188,1705.770102188,1.000000000,1.000000000,-734.772397399,734.772397399,734.772397399,1.000000000,1.000000000,1705.770102,734.772397
9,31621,999950883,80435,12431,2,0.000161,-734.772397399,1962.775632675,1962.775632675,0.374353739,0.374353739,-734.772397399,734.772397399,756.516700972,1.000000000,0.971257338,2676.767807,734.772397
9,31621,999950883,80435,12431,3,0.000241,416.300410807,2275.402556476,2275.402556476,0.182956818,0.182956818,-415.000028178,801.339406305,821.323253638,0.517882966,0.505282209,3827.840615,1054.544767
9,31621,999950883,80435,12431,4,0.000322,416.300410807,2422.502262924,2275.402556476,0.171847274,0.182956818,-627.531925138,829.044420596,848.375915613,0.756934019,0.739686162,4659.141054,1267.076664
9,31621,999950883,80435,12431,5,0.000402,1460.132746752,2637.821669377,2503.406227439,0.553537324,0.583258414,-378.888610642,865.527670941,857.436626611,0.437754474,0.441885265,5702.973390,1515.719978
9,31621,999950883,80435,12431,6,0.000483,540.622068055,2793.492983287,2666.935062543,0.193529059,0.202712873,-308.308044547,868.400694078,860.336669545,0.355029708,0.358357438,6622.484069,1586.300544
9,31621,999950883,80435,12431,7,0.000563,1389.552180657,2919.637885725,2798.789910640,0.475933056,0.496483203,-170.558996756,879.257963082,863.089152409,0.193980611,0.197614576,7471.414181,1724.049592
9,31621,999950883,80435,12431,8,0.000644,1389.552180657,3022.047667597,2798.789910640,0.459804852,0.496483203,467.735846292,1086.515012462,920.205391025,0.430491839,0.508295051,8251.469770,2362.344435
9,31621,999950883,80435,12431,9,0.000724,1389.552180657,3056.993366660,2798.789910640,0.454548641,0.496483203,-111.792213758,1231.408804862,964.749270416,0.090783997,0.115876961,8712.377937,2941.872495
9,31621,999950883,80435,12431,10,0.000804,638.879983449,3147.811492365,2897.711806161,0.202960052,0.220477406,-115.505275760,1231.414402839,964.756415681,0.093798867,0.119724807,9463.050135,2945.585557
9,31621,999950883,80435,12431,11,0.000885,1393.265242659,3236.945212817,2994.299722953,0.430425958,0.465305872,245.884418141,1283.348722046,981.532255869,0.191595950,0.250510787,10217.435394,3306.975251
9,31621,999950883,80435,12431,12,0.000965,1393.265242659,3287.390302337,2994.299722953,0.423821060,0.465305872,299.823694464,1284.481758496,981.902709383,0.233419971,0.305349697,10791.125806,3360.914527
9,31621,999950883,80435,12431,13,0.001046,1939.986016756,3332.542363531,3043.802627587,0.582133940,0.637356049,366.769487840,1286.225146372,982.156251175,0.285151856,0.373432931,11337.846580,3427.860321
9,31621,999950883,80435,12431,14,0.001126,1415.580507117,3373.550020863,3088.646236500,0.419611536,0.458317463,374.645010698,1286.249256956,982.164144981,0.291269370,0.381448470,11862.252090,3435.735844
9,31621,999950883,80435,12431,15,0.001207,895.112758907,3413.462526555,3132.191285852,0.262230141,0.285778446,272.674193694,1290.284929207,987.443393419,0.211328667,0.276141595,12382.719838,3537.706661
9,31621,999950883,80435,12431,16,0.001287,895.112758907,3469.748721112,3132.191285852,0.257976249,0.285778446,462.861594534,1304.226378348,1005.592214889,0.354893600,0.460287568,13005.158403,3727.894061
9,31621,999950883,80435,12431,17,0.001368,1327.363923280,3496.569355348,3161.876550448,0.379618932,0.419802577,-0.962614965,1384.246850564,1031.987852145,0.000695407,0.000932777,13437.409568,4191.718271
9,31621,999950883,80435,12431,18,0.001448,1327.363923280,3559.088381146,3161.876550448,0.372950537,0.419802577,404.138444826,1442.305866292,1051.677538096,0.280203010,0.384279810,14101.572837,4596.819331
9,31621,999950883,80435,12431,19,0.001528,1788.976662508,3588.899054839,3195.395068108,0.498475057,0.559860870,493.460037522,1445.069049859,1052.098915087,0.341478518,0.469024376,14563.185576,4686.140923
9,31621,999950883,80435,12431,20,0.001609,1788.976662508,3614.786472225,3195.395068108,0.494905211,0.559860870,618.300006313,1450.451507865,1052.921552525,0.426281060,0.587223241,14995.024451,4810.980892
9,31621,999950883,80435,12431,21,0.001689,1398.751110443,3635.788390606,3219.134297101,0.384717415,0.434511574,663.785630660,1451.164538807,1053.167143087,0.457415829,0.630275674,15385.250003,4856.466516
9,31621,999950883,80435,12431,22,0.001770,1031.268370552,3654.312628305,3240.041540921,0.282205842,0.318288626,526.716084334,1457.623606841,1062.049477100,0.361352603,0.495943076,15752.732743,4993.536063
9,31621,999950883,80435,12431,23,0.001850,1535.820656769,3688.980048050,3279.091672463,0.416326637,0.468367710,603.127982056,1459.625074235,1062.736461375,0.413207469,0.567523562,16257.285029,5069.947961
9,31621,999950883,80435,12431,24,0.001931,1535.820656769,3718.340046483,3279.091672463,0.413039323,0.468367710,789.549421436,1471.481671784,1066.816303120,0.536567622,0.740098758,16723.631366,5256.369400
9,31621,999950883,80435,12431,25,0.002011,1535.820656769,3737.015238188,3279.091672463,0.410975219,0.468367710,555.416265150,1489.992162821,1073.220204953,0.372764555,0.517523116,17096.766984,5490.502556
9,31621,999950883,80435,12431,26,0.002092,1045.618460960,3769.029196388,3315.530182218,0.277423816,0.315369912,437.779505242,1494.628734017,1079.648098040,0.292901839,0.405483515,17586.969180,5608.139316
9,31621,999950883,80435,12431,28,0.002252,1045.618460960,3860.788156601,3315.530182218,0.270830312,0.315369912,540.268841093,1496.611280092,1082.391004560,0.360994767,0.499143876,18769.817623,5710.628652
9,31621,999950883,80435,12431,29,0.002333,1550.968080826,3893.721026018,3353.821496069,0.398325425,0.462448011,989.849856612,1562.679881874,1105.486797357,0.633430985,0.895397267,19275.167243,6160.209667
9,31621,999950883,80435,12431,30,0.002413,1831.527192933,3903.815677493,3365.535922090,0.469163338,0.544200756,715.983776824,1586.496467967,1109.249604304,0.451298689,0.645466786,19555.726355,6434.075747
9,31621,999950883,80435,12431,32,0.002574,2203.374998303,3935.385656647,3386.015775693,0.559887948,0.650727919,1137.784170013,1615.565404763,1111.868795333,0.704263762,1.023307943,20258.047506,6855.876140
9,31621,999950883,80435,12431,33,0.002655,1936.977291230,3944.391968970,3396.479143403,0.491071198,0.570289765,725.262868197,1667.400792107,1120.339422118,0.434966129,0.647359946,20524.445213,7268.397442
9,31621,999950883,80435,12431,35,0.002816,1188.489116528,3979.962913819,3437.724154447,0.298618138,0.345719745,819.284236486,1671.797761007,1122.178984376,0.490061810,0.730083389,21272.933388,7411.661837
9,31621,999950883,80435,12431,37,0.002976,1551.086178067,4013.464048407,3456.793889011,0.386470680,0.448706584,618.294677574,1684.650731779,1126.988688505,0.367016537,0.548625451,22004.735330,7625.867033
9,31621,999950883,80435,12431,38,0.003057,1084.690427820,4040.472579254,3488.115391863,0.268456327,0.310967473,644.294219276,1684.851347820,1127.288552318,0.382404193,0.571543300,22471.131080,7651.866574
9,31621,999950883,80435,12431,40,0.003218,644.294219276,4080.752241480,3515.806850135,0.157886140,0.183256432,644.294219276,1684.851347820,1130.550518211,0.382404193,0.569894232,23276.453818,7651.866574
9,31621,999950883,80435,12431,42,0.003379,1367.398663048,4113.002410518,3553.188396362,0.332457540,0.384837084,582.953512157,1686.573337502,1133.053747747,0.345643738,0.514497669,23999.558262,7740.457966
9,31621,999950883,80435,12431,44,0.003540,1759.621238493,4149.139242601,3574.770807860,0.424093079,0.492233302,645.520223910,1687.163392285,1133.151350441,0.382606822,0.569668142,24772.213587,7803.024678
9,31621,999950883,80435,12431,46,0.003700,1424.686681357,4179.168704941,3590.427201085,0.340901931,0.396801439,694.294189758,1691.782876346,1134.140677365,0.410392019,0.612176429,25478.515149,7972.845398
9,31621,999950883,80435,12431,49,0.003942,1789.882927156,4224.274662830,3608.952172617,0.423713672,0.495956400,915.330848720,1699.285225398,1135.386212364,0.538656392,0.806184573,26544.425012,8193.882057
9,31621,999950883,80435,12431,51,0.004103,1428.015505641,4249.756090490,3627.048912683,0.336022933,0.393712779,762.817481165,1713.341477184,1137.940078492,0.445222095,0.670349428,27197.809793,8463.469062
9,31621,999950883,80435,12431,53,0.004264,1711.424872851,4272.162192734,3638.104545559,0.400599227,0.470416628,732.227615715,1721.002773160,1139.813738868,0.425465680,0.642409887,27813.818172,8690.817507
9,31621,999950883,80435,12431,56,0.004505,1420.447307240,4304.828645973,3649.722267256,0.329966051,0.389193260,967.636406200,1730.325026542,1142.650665019,0.559222338,0.846834851,28729.482542,8955.466912
9,31621,999950883,80435,12431,59,0.004746,1199.249573812,4336.791412894,3687.367993008,0.276529226,0.325231866,827.520263018,1733.919188792,1148.097869683,0.477254228,0.720775018,29626.614613,9095.583055
9,31621,999950883,80435,12431,62,0.004988,1243.718935065,4382.715145318,3722.758697715,0.283778182,0.334085294,935.514379171,1736.516220722,1149.438548888,0.538730573,0.813888120,30721.200540,9227.444526
9,31621,999950883,80435,12431,65,0.005229,883.810076854,4420.752367923,3740.115868209,0.199923000,0.236305534,883.810076854,1736.903104115,1150.170271642,0.508842476,0.768416728,31721.481109,9279.148829
9,31621,999950883,80435,12431,68,0.005470,1531.574390689,4454.969147508,3768.141030060,0.343790123,0.406453574,990.946185218,1738.679172953,1151.245451496,0.569941943,0.860760131,32674.660701,9386.284937
9,31621,999950883,80435,12431,71,0.005712,1884.239481208,4484.857501808,3803.430494789,0.420133634,0.495405262,1101.001445318,1747.460987085,1153.231335119,0.630057812,0.954709963,33567.953997,9615.544697
9,31621,999950883,80435,12431,75,0.006033,1847.468172492,4526.733454684,3831.856060793,0.408123913,0.482134022,950.263104221,1764.830671867,1155.711666544,0.538444350,0.822231991,34790.443642,10055.636344
9,31621,999950883,80435,12431,78,0.006275,1783.758804227,4547.212326631,3844.411939781,0.392275239,0.463987427,1110.840128447,1779.616407011,1159.201199075,0.624202004,0.958280693,35523.914692,10449.970742
9,31621,999950883,80435,12431,82,0.006596,1751.528028880,4572.111748198,3859.485416231,0.383089506,0.453824238,1035.269995942,1791.211351068,1160.376454057,0.577971994,0.892184594,36473.435239,10751.702721
9,31621,999950883,80435,12431,86,0.006918,1552.957830770,4595.688427227,3879.412023987,0.337916257,0.400307526,975.487721379,1810.298438535,1165.926763888,0.538854644,0.836662946,37398.380856,11165.634534
9,31621,999950883,80435,12431,90,0.007240,1511.568021043,4624.324139670,3897.997595417,0.326873285,0.387780645,1008.137144437,1812.872754144,1167.202119400,0.556099231,0.863721139,38420.518878,11336.875227
9,31621,999950883,80435,12431,94,0.007562,732.099367949,4653.600048198,3924.145223817,0.157318927,0.186562761,1011.865471235,1813.136304352,1169.244461588,0.558074685,0.865401124,39459.003314,11385.200555
9,31621,999950883,80435,12431,99,0.007964,789.343599469,4705.508692805,3948.513742653,0.167748835,0.199909042,1124.177820057,1815.706247093,1171.124917758,0.619140801,0.959912818,41013.856380,11578.620957
9,31621,999950883,80435,12431,104,0.008366,1524.374363723,4742.451734994,3971.351983478,0.321431709,0.383842674,1016.535984872,1817.298949028,1173.815679861,0.559366408,0.866009888,42320.463091,11690.117013
9,31621,999950883,80435,12431,109,0.008768,2023.388765035,4772.842834711,4002.639406012,0.423937857,0.505513627,1064.109938532,1833.633276413,1176.516019889,0.580328658,0.904458520,43517.283319,12134.534470
9,31621,999950883,80435,12431,114,0.009171,2399.705042488,4794.325020300,4023.799174735,0.500530321,0.596377935,1184.503739883,1856.584003473,1177.865179587,0.638001694,1.005636095,44522.789339,12691.795758
9,31621,999950883,80435,12431,120,0.009653,1664.184225688,4830.213522380,4046.684040982,0.344536368,0.411246396,910.659021933,1899.899999082,1181.157283986,0.479319450,0.770988787,45950.266803,13423.024598
9,31621,999950883,80435,12431,126,0.010136,1157.885770406,4864.232673120,4062.509475548,0.238040786,0.285017371,943.601668136,1900.788710794,1181.765590452,0.496426385,0.798467713,47351.894082,13541.823983
9,31621,999950883,80435,12431,132,0.010619,1557.438346465,4895.693781388,4085.649471159,0.318124134,0.381197251,904.320874057,1904.948345347,1183.206074688,0.474721992,0.764297018,48705.995786,13826.548204
9,31621,999950883,80435,12431,138,0.011101,1476.359672948,4919.447929784,4104.106659196,0.300106779,0.359727413,907.298059683,1905.970512768,1184.053898705,0.476029432,0.766264155,49883.559257,13951.659266
9,31621,999950883,80435,12431,145,0.011664,1011.118822639,4941.000596366,4121.742840881,0.204638474,0.245313418,1011.118822639,1914.459699304,1186.790626726,0.528148398,0.851977425,51095.010390,14281.772034
9,31621,999950883,80435,12431,152,0.012227,1244.576620171,4983.284121943,4142.143294124,0.249750283,0.300466819,972.115584635,1915.161963512,1188.749976295,0.507589229,0.817762864,52805.974509,14391.027619
9,31621,999950883,80435,12431,159,0.012791,1068.792870275,5023.140052750,4173.872135082,0.212773854,0.256067468,1068.792870275,1916.683994858,1191.489282614,0.557626021,0.897022647,54459.629465,14547.507052
9,31621,999950883,80435,12431,167,0.013434,1308.093839262,5063.691841885,4202.087854515,0.258328089,0.311296166,1109.274973839,1916.919289562,1192.803546323,0.578675889,0.929972901,56262.075987,14603.076064
9,31621,999950883,80435,12431,175,0.014078,2040.720900594,5106.345091588,4223.436703154,0.399644142,0.483189650,1043.153717008,1925.583582428,1195.051467512,0.541733803,0.872894386,58116.169584,14963.216728
9,31621,999950883,80435,12431,183,0.014721,1994.683310508,5136.290746209,4247.649026320,0.388350934,0.469597017,1407.392790877,1936.892401918,1196.394459588,0.726624148,1.176361843,59657.711023,15498.860963
9,31621,999950883,80435,12431,192,0.015445,2166.752578191,5155.651598339,4260.424006144,0.420267455,0.508576746,1298.395374395,1945.006955468,1197.230744925,0.667553075,1.084498857,60994.156957,15931.541791
9,31621,999950883,80435,12431,202,0.016250,2316.250125090,5178.199139416,4280.637733829,0.447308043,0.541099310,1334.433943917,1980.356940459,1198.382837312,0.673835063,1.113528918,62514.720647,16920.814682
9,31621,999950883,80435,12431,211,0.016974,1515.067419836,5209.266736154,4305.708743728,0.290840822,0.351874107,1136.200883770,2014.941319487,1201.393598331,0.563887828,0.945735757,64203.688680,17627.617310
9,31621,999950883,80435,12431,222,0.017859,304.215951413,5248.171922792,4339.448120183,0.057966080,0.070104756,1011.187160707,2026.134157953,1202.416958589,0.499072165,0.840962158,66314.805895,18029.545004
9,31621,999950883,80435,12431,232,0.018663,1189.565529931,5291.433091180,4373.489496516,0.224809708,0.271994601,1189.565529931,2033.809444098,1203.880174554,0.584895273,0.988109577,68437.220704,18444.859879
9,31621,999950883,80435,12431,244,0.019628,1617.778668340,5326.771937660,4396.279519133,0.303707140,0.367988128,1315.016093766,2035.604030953,1206.002576930,0.646007806,1.090392441,70549.375993,18653.487247
9,31621,999950883,80435,12431,255,0.020513,1479.471486525,5357.451140624,4418.487482817,0.276152119,0.334836636,1295.740246825,2040.168093409,1208.337125679,0.635114455,1.072333390,72436.313873,18988.120056
9,31621,999950883,80435,12431,268,0.021559,1470.944125743,5391.244292459,4444.705962324,0.272839450,0.330942955,1294.365266080,2042.816556228,1210.839167268,0.633617963,1.068981993,74599.679198,19317.634630
9,31621,999950883,80435,12431,281,0.022605,2045.361438185,5437.953427173,4477.121755200,0.376127061,0.456847401,1146.214256606,2055.932377522,1212.830027150,0.557515543,0.945074108,77147.362962,19974.910005
9,31621,999950883,80435,12431,294,0.023651,2771.327506790,5466.131883196,4500.868911156,0.506999752,0.615731665,1722.083145618,2101.009786809,1214.380003944,0.819645466,1.418076006,79076.666721,21353.380653
9,31621,999950883,80435,12431,309,0.024857,1949.740060752,5485.533548885,4514.614277046,0.355433076,0.431873011,1835.510211283,2109.129472182,1215.081641485,0.870269102,1.510606488,80847.345075,21841.913873
9,31621,999950883,80435,12431,324,0.026064,2188.479847946,5519.283451283,4541.535453075,0.396515212,0.481881045,1658.435982135,2118.518367145,1216.322994880,0.782828229,1.363483211,83187.041407,22454.675563
9,31621,999950883,80435,12431,339,0.027271,1280.632708863,5559.141511132,4571.334804418,0.230365193,0.280144151,1570.746628309,2122.243190785,1217.637148865,0.740135077,1.289995652,85749.281027,22730.729395
9,31621,999950883,80435,12431,356,0.028638,1521.875611151,5587.428462496,4587.934354966,0.272374961,0.331712595,1521.875611151,2124.442228997,1219.103725344,0.716364790,1.248356132,88047.401450,23041.784444
9,31621,999950883,80435,12431,373,0.030006,1780.371741389,5623.129506817,4613.819821136,0.316615817,0.385878038,1453.776679538,2124.731442725,1219.797562910,0.684216673,1.191817990,90645.042078,23127.473467
9,31621,999950883,80435,12431,391,0.031454,1656.352477104,5661.793611833,4644.274730188,0.292549074,0.356643948,1474.007223181,2129.081666973,1221.202861014,0.692320659,1.207012586,93435.480099,23567.790054
9,31621,999950883,80435,12431,410,0.032982,1874.929724937,5710.133865646,4684.585958005,0.328351273,0.400233818,1533.451108026,2129.934667414,1221.962116420,0.719952180,1.254908878,96663.406266,23715.641000
9,31621,999950883,80435,12431,430,0.034591,1869.788925342,5753.131768468,4715.906008290,0.325003668,0.396485622,1604.554658320,2130.637195548,1222.722351003,0.753086758,1.312280467,99799.671111,23854.436932
9,31621,999950883,80435,12431,451,0.036280,2309.845750253,5781.649166406,4738.568164440,0.399513302,0.487456478,1652.414027198,2161.981418590,1223.952088693,0.764305379,1.350064306,102411.693940,25209.253490
9,31621,999950883,80435,12431,473,0.038050,2159.177439157,5805.784062020,4759.314788810,0.371901093,0.453674013,1569.237705169,2182.473285707,1225.119039706,0.719018059,1.280885901,104882.442211,26294.155543
9,31621,999950883,80435,12431,496,0.039900,2146.740859855,5830.247484408,4774.553973941,0.368207502,0.449621236,1582.497717806,2188.867423242,1225.556941367,0.722975590,1.291247811,107431.034379,26919.833469
9,31621,999950883,80435,12431,520,0.041831,1709.861186969,5859.533336428,4798.553269626,0.291808424,0.356328479,1594.747822553,2201.248487204,1226.664380612,0.724474239,1.300068583,110272.816081,27758.796634
9,31621,999950883,80435,12431,545,0.043842,1158.172931187,5894.367839903,4822.544605984,0.196488065,0.240158055,1545.206939535,2202.411291415,1227.310570263,0.701597810,1.259018684,113455.745800,28031.699016
9,31621,999950883,80435,12431,572,0.046014,843.288679979,5946.851924979,4859.263062329,0.141804217,0.173542504,1642.125336425,2212.633628997,1228.038926869,0.742158718,1.337193228,117540.486481,28851.255302
9,31621,999950883,80435,12431,599,0.048186,933.898877842,5987.640283314,4890.495581773,0.155971106,0.190962012,1502.268594098,2223.064183758,1228.721604819,0.675764832,1.222627313,121152.130890,29791.404075
9,31621,999950883,80435,12431,628,0.050519,1964.598560133,6031.334803304,4921.449184496,0.325731969,0.399191069,1586.749816518,2227.289788020,1229.849373719,0.712412828,1.290198499,125045.225261,30332.914345
9,31621,999950883,80435,12431,659,0.053013,2655.618667061,6061.383567345,4943.297463936,0.438120874,0.537216036,1936.969971196,2236.567421643,1230.513197823,0.866045867,1.574115560,128374.512479,31066.700707
9,31621,999950883,80435,12431,691,0.055587,2526.774126833,6088.300272826,4965.125123864,0.415021273,0.508904421,1469.113275760,2292.351128610,1231.447244645,0.640876198,1.192997331,131582.877850,33370.791887
9,31621,999950883,80435,12431,724,0.058241,1586.745727127,6126.595669942,4993.270403699,0.258993055,0.317776847,1476.047907689,2299.621232511,1232.217246132,0.641865663,1.197879605,135491.304647,34218.084494
9,31621,999950883,80435,12431,760,0.061137,1858.185082182,6167.064560835,5020.448834120,0.301307869,0.370123298,1526.648949157,2301.778532668,1232.982391577,0.663247540,1.238175792,139713.485059,34685.273948
9,31621,999950883,80435,12431,796,0.064033,1561.174051297,6196.672933862,5043.632607904,0.251937462,0.309533658,1561.174051297,2303.122090171,1233.572754766,0.677851191,1.265571119,143333.950647,35005.751539
9,31621,999950883,80435,12431,835,0.067171,1839.080477491,6227.530934898,5068.202214214,0.295314547,0.362866437,1632.935990796,2304.531255776,1234.267323442,0.708576196,1.323000261,147155.654491,35349.785404
9,31621,999950883,80435,12431,876,0.070469,1393.451653843,6259.510827388,5088.536944199,0.222613506,0.273841316,1506.611354554,2305.736875950,1234.903123436,0.653418597,1.220023924,151114.534284,35688.783166
9,31621,999950883,80435,12431,918,0.073848,1397.974889390,6302.866312539,5124.057362983,0.221799864,0.272825769,1527.609905849,2305.986478096,1235.570852318,0.662453974,1.236359617,155872.952393,35828.580894
9,31621,999950883,80435,12431,963,0.077468,1177.651764433,6357.855268083,5163.712616361,0.185227835,0.228062995,1484.455739137,2310.352475873,1236.257990508,0.642523491,1.200765334,161443.615176,36533.290399
9,31621,999950883,80435,12431,1009,0.081168,1352.700711830,6400.946469897,5198.436543796,0.211328234,0.260212989,1476.738434208,2311.679432523,1236.836439680,0.638816271,1.193964203,166438.285470,36917.290331
9,31621,999950883,80435,12431,1058,0.085110,1992.014607390,6441.176111790,5227.288765678,0.309262559,0.381079886,1601.333742175,2318.704417909,1237.479509330,0.690615729,1.294028491,171438.895923,37829.015810
9,31621,999950883,80435,12431,1110,0.089293,2801.226695712,6467.644435772,5246.990192018,0.433113899,0.533873057,1593.155759010,2339.077827574,1237.908707522,0.681104211,1.286973546,175638.110920,39487.436481
9,31621,999950883,80435,12431,1163,0.093556,2199.591845861,6494.028968044,5268.222068760,0.338709891,0.417520715,1640.689288350,2364.622952115,1238.494816601,0.693848162,1.324744574,179880.053010,41512.065341
9,31621,999950883,80435,12431,1220,0.098142,1732.676566403,6524.397757178,5290.578888420,0.265568813,0.327502264,1732.676566403,2368.879393636,1238.901843921,0.731433002,1.398558389,184603.499006,42343.212497
9,31621,999950883,80435,12431,1279,0.102888,1789.222811707,6559.270084461,5316.907223443,0.272777731,0.336515710,1789.222811707,2369.981655441,1239.446701674,0.754952178,1.443565753,189781.490554,42712.776944
9,31621,999950883,80435,12431,1341,0.107875,1670.642918766,6608.879604661,5355.389889657,0.252787616,0.311955423,1773.793850870,2370.377263516,1239.800226742,0.748317105,1.430709410,196124.189656,42924.305485
9,31621,999950883,80435,12431,1406,0.113104,811.315470505,6645.260355460,5384.705535174,0.122089343,0.150670351,1679.896392245,2380.767817699,1240.246057422,0.705611181,1.354486380,201708.196267,44306.445946
9,31621,999950883,80435,12431,1474,0.118575,1616.576969101,6689.203830445,5416.425150999,0.241669563,0.298458286,1940.595948935,2400.962871326,1240.778567823,0.808257375,1.564014724,208007.854782,45958.932180
9,31621,999950883,80435,12431,1546,0.124367,1921.483286371,6740.378687675,5455.850963593,0.285070524,0.352187642,1921.483286371,2402.039673337,1241.199757766,0.799938197,1.548085451,215034.983593,46321.455148
9,31621,999950883,80435,12431,1621,0.130400,2921.029184580,6776.579499634,5483.481608959,0.431047726,0.532696085,2065.949329480,2408.404833861,1241.547256768,0.857808164,1.664011835,220982.269419,47453.105012
9,31621,999950883,80435,12431,1700,0.136755,2831.760504800,6804.936428106,5503.301405089,0.416133278,0.514556681,2030.686207727,2442.890159265,1242.001829901,0.831263821,1.635010641,226484.634738,50336.006546
9,31621,999950883,80435,12431,1782,0.143351,2254.774006959,6847.271537292,5535.084494050,0.329295252,0.407360359,1799.725243204,2461.664342157,1242.390443200,0.731100992,1.448598750,233346.568411,52381.386390
9,31621,999950883,80435,12431,1868,0.150269,1904.831333914,6884.182852743,5561.473533593,0.276696795,0.342504792,1837.875291301,2467.053918256,1242.857593810,0.744967622,1.478749698,239922.197826,53327.488496
9,31621,999950883,80435,12431,1959,0.157590,1676.464632660,6914.662112949,5585.258077181,0.242450695,0.300158848,1823.153297722,2469.017484784,1243.184223585,0.738412469,1.466519011,246070.530905,54037.228878
9,31621,999950883,80435,12431,2054,0.165232,1259.292191880,6952.738671041,5614.500776842,0.181121749,0.224292816,1879.305618212,2471.955460287,1243.526648228,0.760250599,1.511270885,253131.085647,54979.971929
9,31621,999950883,80435,12431,2154,0.173276,2147.244960228,6999.969004681,5649.452685020,0.306750638,0.380080174,1852.751469946,2475.463462150,1243.884533747,0.748446300,1.489488308,261188.306401,55740.722827
9,31621,999950883,80435,12431,2258,0.181643,1142.255105788,7042.310137649,5682.044445530,0.162198921,0.201028893,1754.223491086,2484.900616689,1244.262641789,0.705953179,1.409849844,268918.998771,57310.032941
9,31621,999950883,80435,12431,2368,0.190492,1953.080699660,7086.101699928,5714.418301537,0.275621319,0.341781192,1700.750772807,2486.647122419,1244.540995513,0.683953408,1.366568702,277105.910754,57958.131288
9,31621,999950883,80435,12431,2483,0.199743,2089.326069764,7143.040374460,5759.754275352,0.292498146,0.362745695,1715.934064623,2507.177704259,1244.919760244,0.684408633,1.378349127,286743.829397,60601.827390
9,31621,999950883,80435,12431,2603,0.209396,1208.498661693,7184.535427521,5790.599800531,0.168208324,0.208700083,1662.255428904,2508.430268003,1245.145136815,0.662667585,1.334989295,295142.132538,61175.685477
9,31621,999950883,80435,12431,2730,0.219612,2455.207532664,7227.218043902,5822.936285564,0.339716820,0.421644238,1696.943566400,2518.603268864,1245.444375804,0.673763743,1.362520558,303905.353585,63140.649923
9,31621,999950883,80435,12431,2862,0.230231,2989.476382978,7251.828087697,5841.195394730,0.412237624,0.511791882,1798.874612669,2573.876635325,1245.733618742,0.698896982,1.444028310,310699.857517,67867.860918
9,31621,999950883,80435,12431,3001,0.241413,2208.745988253,7278.797000685,5861.773884931,0.303449318,0.376805048,1832.592581966,2607.656230655,1245.993839136,0.702773840,1.470787836,318064.297060,71647.020147
9,31621,999950883,80435,12431,3146,0.253077,1479.734574725,7309.856169964,5886.176310007,0.202430053,0.251391480,1897.468387317,2610.576724687,1246.214764377,0.726838775,1.522585385,326125.356501,72764.250982
9,31621,999950883,80435,12431,3299,0.265385,427.399230283,7371.035964612,5932.012112448,0.057983604,0.072049622,2119.759697474,2633.696468637,1246.435141020,0.804861047,1.700657842,337826.814363,75943.143803
9,31621,999950883,80435,12431,3459,0.278256,774.192697385,7435.195323369,5981.739512247,0.104125401,0.129426013,1932.292631926,2663.543676206,1246.682507958,0.725459338,1.549947657,350076.229911,79795.842200
9,31621,999950883,80435,12431,3627,0.291771,2025.892568517,7473.584131839,6009.729641998,0.271073762,0.337102114,1745.579408019,2672.230070254,1246.942736697,0.653229461,1.399887386,359830.767063,81737.860340
9,31621,999950883,80435,12431,3803,0.305929,2145.039418317,7514.546124591,6039.943893363,0.285451627,0.355142276,1591.687273952,2677.814599634,1247.184476176,0.594397862,1.276224411,370143.449026,83517.337856
9,31621,999950883,80435,12431,3987,0.320730,2236.606263412,7555.927661985,6071.536102648,0.296006839,0.368375684,1683.842560669,2689.249134595,1247.389631206,0.626138553,1.349893023,380809.119213,86200.998392
9,31621,999950883,80435,12431,4181,0.336337,2415.727135804,7601.111142738,6105.640105343,0.317812369,0.395655016,1556.637667172,2706.977474929,1247.595626538,0.575046406,1.247710103,392284.714328,89756.681275
9,31621,999950883,80435,12431,4384,0.352667,2288.843164723,7638.937072475,6134.104595200,0.299628488,0.373134029,1713.488940910,2718.497472290,1247.787419084,0.630307351,1.373221844,402929.417601,92601.819626
9,31621,999950883,80435,12431,4596,0.369721,1725.544611967,7679.993066285,6165.619739874,0.224680491,0.279865558,1725.544611967,2722.605710231,1247.998153080,0.633784248,1.382649972,414449.430606,94153.703101
9,31621,999950883,80435,12431,4819,0.387660,1361.243119660,7716.685855791,6193.550052614,0.176402557,0.219783986,1841.989437222,2725.135200763,1248.167382090,0.675925890,1.475755146,425595.274256,95237.133215
9,31621,999950883,80435,12431,5053,0.406484,1948.969723111,7764.110283914,6229.084026785,0.251022931,0.312882234,1744.840472022,2740.872554928,1248.359063115,0.636600366,1.397707217,438657.936919,98373.364395
9,31621,999950883,80435,12431,5298,0.426193,1891.300106703,7803.575549919,6258.990490927,0.242363272,0.302173347,1733.926554753,2741.214283723,1248.515129002,0.632539588,1.388790984,450906.651671,98803.939212
9,31621,999950883,80435,12431,5556,0.446947,1457.081570514,7851.603760901,6295.099799164,0.185577573,0.231462823,1863.977720239,2745.418427565,1248.670805548,0.678941214,1.492769521,464765.384346,100613.311124
9,31621,999950883,80435,12431,5825,0.468587,1670.086963888,7914.480809842,6342.486585194,0.211016617,0.263317382,1925.512052430,2750.925206698,1248.819375250,0.699950710,1.541865934,481052.938841,102772.401156
9,31621,999950883,80435,12431,6108,0.491352,2083.523085534,7973.842884863,6388.555382067,0.261294725,0.326133681,1895.914079490,2752.226950642,1248.968940252,0.688865458,1.517983369,497290.318130,103721.393956
9,31621,999950883,80435,12431,6404,0.515164,2905.013351722,8011.027275861,6416.920328652,0.362626821,0.452711457,2077.088791997,2765.190889263,1249.128226142,0.751155662,1.662830723,510514.198020,106896.863797
9,31621,999950883,80435,12431,6715,0.540182,2743.640247171,8041.511415413,6440.173122360,0.341184649,0.426019642,1792.454269809,2782.804125787,1249.276727975,0.644118015,1.434793613,522779.253524,111036.984828
9,31621,999950883,80435,12431,7040,0.566326,2997.621769475,8085.961376350,6473.354386050,0.370719279,0.463070858,2139.435622702,2803.624140485,1249.402535193,0.763096448,1.712366961,537953.387557,115958.158620
9,31621,999950883,80435,12431,7382,0.593838,1600.358428286,8121.877367223,6500.860816853,0.197042920,0.246176387,2091.425354922,2811.063554024,1249.544067490,0.743997891,1.673750778,552016.318023,118400.170486
9,31621,999950883,80435,12431,7740,0.622637,2279.393661020,8168.068923687,6536.477453174,0.279061512,0.348718966,2059.724539571,2817.407869983,1249.683278199,0.731070770,1.648197248,568389.508473,120887.180639
9,31621,999950883,80435,12431,8116,0.652884,1529.408630284,8215.863247267,6572.812410663,0.186153126,0.232687096,2041.372490948,2819.886146570,1249.815111553,0.723920181,1.633339581,585519.988453,122341.761122
9,31621,999950883,80435,12431,8509,0.684498,469.299715249,8273.710708228,6616.723892431,0.056721794,0.070926296,2159.591145040,2841.955364822,1249.940213506,0.759896222,1.727755553,604826.229451,127827.877944
9,31621,999950883,80435,12431,8922,0.717722,1553.542404760,8333.444397393,6662.830769326,0.186422604,0.233165521,2037.360256026,2867.501063506,1250.073279223,0.710500262,1.629792661,625022.609389,133064.288919
9,31621,999950883,80435,12431,9355,0.752554,2240.072814457,8384.766757803,6701.580288824,0.267159824,0.334260386,2094.312129614,2868.255902452,1250.196179182,0.730169204,1.675186794,644241.584667,133935.579039
9,31621,999950883,80435,12431,9809,0.789076,3356.596646891,8427.048152538,6733.700518185,0.398312266,0.498477269,2157.117916680,2892.767524135,1250.318300778,0.745693492,1.725255013,662095.885165,139506.323224
9,31621,999950883,80435,12431,10285,0.827367,3113.724442362,8469.108424366,6765.559210110,0.367656698,0.460231645,2204.340495734,2929.774631973,1250.432825945,0.752392512,1.762861987,680451.903501,146821.092675
9,31621,999950883,80435,12431,10784,0.867509,2801.908976093,8503.125622615,6791.201895168,0.329515181,0.412579249,2117.515201986,2957.460572845,1250.547055303,0.715991017,1.693271111,697366.726150,154169.723071
9,31621,999950883,80435,12431,11307,0.909581,1898.852147318,8562.031300979,6835.932143314,0.221775894,0.277775160,2037.860128924,2960.120888391,1250.657858117,0.688438143,1.629430556,720212.525430,156035.072926
9,31621,999950883,80435,12431,11856,0.953745,844.435885876,8613.629081206,6874.949856930,0.098034856,0.122827934,1988.995909069,2979.126108963,1250.766618071,0.667644080,1.590221453,742219.729177,162037.788663
9,31621,999950883,80435,12431,12431,1.000000,1359.190582607,8655.441584634,6907.089444950,0.157033072,0.196781958,1969.514229791,2995.526263580,1250.868356572,0.657485215,1.574517590,762521.501794,168486.320064
