k,n,x,K,Kext,Kprime,Kprime_over_K,S,sqrt_sumR2_all,sqrt_sumR2_sf,c_all,c_sf
6,173,30275,42,2295,1,0.023810,-28.517068589,28.517068589,28.517068589,1.000000000,1.000000000
6,173,30275,42,2295,1,0.023810,-28.517068589,28.517068589,28.517068589,1.000000000,1.000000000
6,173,30275,42,2295,1,0.023810,-28.517068589,28.517068589,28.517068589,1.000000000,1.000000000
6,173,30275,42,2295,1,0.023810,-28.517068589,28.517068589,28.517068589,1.000000000,1.000000000
6,173,30275,42,2295,1,0.023810,-28.517068589,28.517068589,28.517068589,1.000000000,1.000000000
6,173,30275,42,2295,1,0.023810,-28.517068589,28.517068589,28.517068589,1.000000000,1.000000000
6,173,30275,42,2295,1,0.023810,-28.517068589,28.517068589,28.517068589,1.000000000,1.000000000
6,173,30275,42,2295,1,0.023810,-28.517068589,28.517068589,28.517068589,1.000000000,1.000000000
6,173,30275,42,2295,1,0.023810,-28.517068589,28.517068589,28.517068589,1.000000000,1.000000000
6,173,30275,42,2295,1,0.023810,-28.517068589,28.517068589,28.517068589,1.000000000,1.000000000
6,173,30275,42,2295,1,0.023810,-28.517068589,28.517068589,28.517068589,1.000000000,1.000000000
6,173,30275,42,2295,1,0.023810,-28.517068589,28.517068589,28.517068589,1.000000000,1.000000000
6,173,30275,42,2295,1,0.023810,-28.517068589,28.517068589,28.517068589,1.000000000,1.000000000
6,173,30275,42,2295,1,0.023810,-28.517068589,28.517068589,28.517068589,1.000000000,1.000000000
6,173,30275,42,2295,1,0.023810,-28.517068589,28.517068589,28.517068589,1.000000000,1.000000000
6,173,30275,42,2295,1,0.023810,-28.517068589,28.517068589,28.517068589,1.000000000,1.000000000
6,173,30275,42,2295,1,0.023810,-28.517068589,28.517068589,28.517068589,1.000000000,1.000000000
6,173,30275,42,2295,1,0.023810,-28.517068589,28.517068589,28.517068589,1.000000000,1.000000000
6,173,30275,42,2295,1,0.023810,-28.517068589,28.517068589,28.517068589,1.000000000,1.000000000
6,173,30275,42,2295,1,0.023810,-28.517068589,28.517068589,28.517068589,1.000000000,1.000000000
6,173,30275,42,2295,1,0.023810,-28.517068589,28.517068589,28.517068589,1.000000000,1.000000000
6,173,30275,42,2295,1,0.023810,-28.517068589,28.517068589,28.517068589,1.000000000,1.000000000
6,173,30275,42,2295,1,0.023810,-28.517068589,28.517068589,28.517068589,1.000000000,1.000000000
6,173,30275,42,2295,1,0.023810,-28.517068589,28.517068589,28.517068589,1.000000000,1.000000000
6,173,30275,42,2295,1,0.023810,-28.517068589,28.517068589,28.517068589,1.000000000,1.000000000
6,173,30275,42,2295,1,0.023810,-28.517068589,28.517068589,28.517068589,1.000000000,1.000000000
6,173,30275,42,2295,1,0.023810,-28.517068589,28.517068589,28.517068589,1.000000000,1.000000000
6,173,30275,42,2295,1,0.023810,-28.517068589,28.517068589,28.517068589,1.000000000,1.000000000
6,173,30275,42,2295,1,0.023810,-28.517068589,28.517068589,28.517068589,1.000000000,1.000000000
6,173,30275,42,2295,1,0.023810,-28.517068589,28.517068589,28.517068589,1.000000000,1.000000000
6,173,30275,42,2295,1,0.023810,-28.517068589,28.517068589,28.517068589,1.000000000,1.000000000
6,173,30275,42,2295,1,0.023810,-28.517068589,28.517068589,28.517068589,1.000000000,1.000000000
6,173,30275,42,2295,1,0.023810,-28.517068589,28.517068589,28.517068589,1.000000000,1.000000000
6,173,30275,42,2295,1,0.023810,-28.517068589,28.517068589,28.517068589,1.000000000,1.000000000
6,173,30275,42,2295,1,0.023810,-28.517068589,28.517068589,28.517068589,1.000000000,1.000000000
6,173,30275,42,2295,1,0.023810,-28.517068589,28.517068589,28.517068589,1.000000000,1.000000000
6,173,30275,42,2295,1,0.023810,-28.517068589,28.517068589,28.517068589,1.000000000,1.000000000
6,173,30275,42,2295,1,0.023810,-28.517068589,28.517068589,28.517068589,1.000000000,1.000000000
6,173,30275,42,2295,1,0.023810,-28.517068589,28.517068589,28.517068589,1.000000000,1.000000000
6,173,30275,42,2295,1,0.023810,-28.517068589,28.517068589,28.517068589,1.000000000,1.000000000
6,173,30275,42,2295,1,0.023810,-28.517068589,28.517068589,28.517068589,1.000000000,1.000000000
6,173,30275,42,2295,1,0.023810,-28.517068589,28.517068589,28.517068589,1.000000000,1.000000000
6,173,30275,42,2295,1,0.023810,-28.517068589,28.517068589,28.517068589,1.000000000,1.000000000
6,173,30275,42,2295,1,0.023810,-28.517068589,28.517068589,28.517068589,1.000000000,1.000000000
6,173,30275,42,2295,1,0.023810,-28.517068589,28.517068589,28.517068589,1.000000000,1.000000000
6,173,30275,42,2295,1,0.023810,-28.517068589,28.517068589,28.517068589,1.000000000,1.000000000
6,173,30275,42,2295,1,0.023810,-28.517068589,28.517068589,28.517068589,1.000000000,1.000000000
6,173,30275,42,2295,1,0.023810,-28.517068589,28.517068589,28.517068589,1.000000000,1.000000000
6,173,30275,42,2295,1,0.023810,-28.517068589,28.517068589,28.517068589,1.000000000,1.000000000
6,173,30275,42,2295,1,0.023810,-28.517068589,28.517068589,28.517068589,1.000000000,1.000000000
6,173,30275,42,2295,1,0.023810,-28.517068589,28.517068589,28.517068589,1.000000000,1.000000000
6,173,30275,42,2295,1,0.023810,-28.517068589,28.517068589,28.517068589,1.000000000,1.000000000
6,173,30275,42,2295,1,0.023810,-28.517068589,28.517068589,28.517068589,1.000000000,1.000000000
6,173,30275,42,2295,1,0.023810,-28.517068589,28.517068589,28.517068589,1.000000000,1.000000000
6,173,30275,42,2295,1,0.023810,-28.517068589,28.517068589,28.517068589,1.000000000,1.000000000
6,173,30275,42,2295,1,0.023810,-28.517068589,28.517068589,28.517068589,1.000000000,1.000000000
6,173,30275,42,2295,1,0.023810,-28.517068589,28.517068589,28.517068589,1.000000000,1.000000000
6,173,30275,42,2295,1,0.023810,-28.517068589,28.517068589,28.517068589,1.000000000,1.000000000
6,173,30275,42,2295,1,0.023810,-28.517068589,28.517068589,28.517068589,1.000000000,1.000000000
6,173,30275,42,2295,1,0.023810,-28.517068589,28.517068589,28.517068589,1.000000000,1.000000000
6,173,30275,42,2295,1,0.023810,-28.517068589,28.517068589,28.517068589,1.000000000,1.000000000
6,173,30275,42,2295,1,0.023810,-28.517068589,28.517068589,28.517068589,1.000000000,1.000000000
6,173,30275,42,2295,1,0.023810,-28.517068589,28.517068589,28.517068589,1.000000000,1.000000000
6,173,30275,42,2295,1,0.023810,-28.517068589,28.517068589,28.517068589,1.000000000,1.000000000
6,173,30275,42,2295,1,0.023810,-28.517068589,28.517068589,28.517068589,1.000000000,1.000000000
6,173,30275,42,2295,1,0.023810,-28.517068589,28.517068589,28.517068589,1.000000000,1.000000000
6,173,30275,42,2295,1,0.023810,-28.517068589,28.517068589,28.517068589,1.000000000,1.000000000
6,173,30275,42,2295,1,0.023810,-28.517068589,28.517068589,28.517068589,1.000000000,1.000000000
6,173,30275,42,2295,1,0.023810,-28.517068589,28.517068589,28.517068589,1.000000000,1.000000000
6,173,30275,42,2295,1,0.023810,-28.517068589,28.517068589,28.517068589,1.000000000,1.000000000
6,173,30275,42,2295,2,0.047619,-6.697732564,35.906916123,35.906916123,0.186530432,0.186530432
6,173,30275,42,2295,2,0.047619,-6.697732564,35.906916123,35.906916123,0.186530432,0.186530432
6,173,30275,42,2295,2,0.047619,-6.697732564,35.906916123,35.906916123,0.186530432,0.186530432
6,173,30275,42,2295,2,0.047619,-6.697732564,35.906916123,35.906916123,0.186530432,0.186530432
6,173,30275,42,2295,2,0.047619,-6.697732564,35.906916123,35.906916123,0.186530432,0.186530432
6,173,30275,42,2295,2,0.047619,-6.697732564,35.906916123,35.906916123,0.186530432,0.186530432
6,173,30275,42,2295,2,0.047619,-6.697732564,35.906916123,35.906916123,0.186530432,0.186530432
6,173,30275,42,2295,2,0.047619,-6.697732564,35.906916123,35.906916123,0.186530432,0.186530432
6,173,30275,42,2295,2,0.047619,-6.697732564,35.906916123,35.906916123,0.186530432,0.186530432
6,173,30275,42,2295,2,0.047619,-6.697732564,35.906916123,35.906916123,0.186530432,0.186530432
6,173,30275,42,2295,3,0.071429,10.268736183,39.713570567,39.713570567,0.258569956,0.258569956
6,173,30275,42,2295,3,0.071429,10.268736183,39.713570567,39.713570567,0.258569956,0.258569956
6,173,30275,42,2295,3,0.071429,10.268736183,39.713570567,39.713570567,0.258569956,0.258569956
6,173,30275,42,2295,3,0.071429,10.268736183,39.713570567,39.713570567,0.258569956,0.258569956
6,173,30275,42,2295,3,0.071429,10.268736183,39.713570567,39.713570567,0.258569956,0.258569956
6,173,30275,42,2295,3,0.071429,10.268736183,39.713570567,39.713570567,0.258569956,0.258569956
6,173,30275,42,2295,3,0.071429,10.268736183,39.713570567,39.713570567,0.258569956,0.258569956
6,173,30275,42,2295,4,0.095238,10.268736183,43.260089339,39.713570567,0.237372052,0.258569956
6,173,30275,42,2295,4,0.095238,10.268736183,43.260089339,39.713570567,0.237372052,0.258569956
6,173,30275,42,2295,4,0.095238,10.268736183,43.260089339,39.713570567,0.237372052,0.258569956
6,173,30275,42,2295,4,0.095238,10.268736183,43.260089339,39.713570567,0.237372052,0.258569956
6,173,30275,42,2295,4,0.095238,10.268736183,43.260089339,39.713570567,0.237372052,0.258569956
6,173,30275,42,2295,5,0.119048,25.955577412,46.016435297,42.699469258,0.564050154,0.607866511
6,173,30275,42,2295,5,0.119048,25.955577412,46.016435297,42.699469258,0.564050154,0.607866511
6,173,30275,42,2295,5,0.119048,25.955577412,46.016435297,42.699469258,0.564050154,0.607866511
6,173,30275,42,2295,5,0.119048,25.955577412,46.016435297,42.699469258,0.564050154,0.607866511
6,173,30275,42,2295,6,0.142857,12.440171229,47.960176414,44.787396433,0.259385435,0.277760536
6,173,30275,42,2295,6,0.142857,12.440171229,47.960176414,44.787396433,0.259385435,0.277760536
6,173,30275,42,2295,6,0.142857,12.440171229,47.960176414,44.787396433,0.259385435,0.277760536
6,173,30275,42,2295,7,0.166667,25.757568842,49.774808898,46.725410200,0.517482024,0.551253991
6,173,30275,42,2295,7,0.166667,25.757568842,49.774808898,46.725410200,0.517482024,0.551253991
6,173,30275,42,2295,7,0.166667,25.757568842,49.774808898,46.725410200,0.517482024,0.551253991
6,173,30275,42,2295,8,0.190476,25.757568842,51.245505916,46.725410200,0.502630785,0.551253991
6,173,30275,42,2295,8,0.190476,25.757568842,51.245505916,46.725410200,0.502630785,0.551253991
6,173,30275,42,2295,9,0.214286,25.757568842,52.801919785,46.725410200,0.487815006,0.551253991
6,173,30275,42,2295,9,0.214286,25.757568842,52.801919785,46.725410200,0.487815006,0.551253991
6,173,30275,42,2295,10,0.238095,14.674021623,53.952643605,48.021963489,0.271979659,0.305568964
6,173,30275,42,2295,10,0.238095,14.674021623,53.952643605,48.021963489,0.271979659,0.305568964
6,173,30275,42,2295,11,0.261905,24.246102983,54.795186773,48.966659258,0.442485999,0.495155343
6,173,30275,42,2295,11,0.261905,24.246102983,54.795186773,48.966659258,0.442485999,0.495155343
6,173,30275,42,2295,12,0.285714,24.246102983,56.174791770,48.966659258,0.431618921,0.495155343
6,173,30275,42,2295,12,0.285714,24.246102983,56.174791770,48.966659258,0.431618921,0.495155343
6,173,30275,42,2295,13,0.309524,36.725916440,57.544356581,50.531964763,0.638219256,0.726785840
6,173,30275,42,2295,14,0.333333,27.759356071,58.238751525,51.321327610,0.476647513,0.540893180
6,173,30275,42,2295,14,0.333333,27.759356071,58.238751525,51.321327610,0.476647513,0.540893180
6,173,30275,42,2295,15,0.357143,17.629449961,59.113172618,52.311506053,0.298232174,0.337009031
6,173,30275,42,2295,16,0.380952,17.629449961,59.872095775,52.311506053,0.294451860,0.337009031
6,173,30275,42,2295,17,0.404762,27.228884324,60.636762716,53.184986656,0.449049110,0.511965614
6,173,30275,42,2295,18,0.428571,27.228884324,61.205104031,53.184986656,0.444879308,0.511965614
6,173,30275,42,2295,19,0.452381,36.659268113,61.927351774,54.014580846,0.591972159,0.678692078
6,173,30275,42,2295,20,0.476190,36.659268113,62.513805805,54.014580846,0.586418754,0.678692078
6,173,30275,42,2295,21,0.500000,25.982692778,63.418965437,55.059642252,0.409699096,0.471900865
6,173,30275,42,2295,22,0.523810,16.271427739,64.158193910,55.909506111,0.253614180,0.291031506
6,173,30275,42,2295,23,0.547619,23.654895943,64.581649472,56.394933072,0.366278906,0.419450732
6,173,30275,42,2295,24,0.571429,23.654895943,65.165434141,56.394933072,0.362997596,0.419450732
6,173,30275,42,2295,25,0.595238,23.654895943,65.880499354,56.394933072,0.359057630,0.419450732
6,173,30275,42,2295,27,0.642857,15.613556404,66.730697367,56.965354540,0.233978619,0.274088637
6,173,30275,42,2295,28,0.666667,15.613556404,67.235442592,56.965354540,0.232222111,0.274088637
6,173,30275,42,2295,30,0.714286,32.248605465,68.261028191,58.172285901,0.472430702,0.554363731
6,173,30275,42,2295,31,0.738095,41.331725251,68.862696975,58.877142525,0.600204858,0.701999511
6,173,30275,42,2295,33,0.785714,32.858524236,69.927227575,59.483720860,0.469895996,0.552395240
6,173,30275,42,2295,35,0.833333,19.534962060,70.559366445,60.225576662,0.276858524,0.324363221
6,173,30275,42,2295,36,0.857143,19.534962060,70.916944723,60.225576662,0.275462545,0.324363221
6,173,30275,42,2295,38,0.904762,19.821839148,71.975516867,61.468545320,0.275396968,0.322471258
6,173,30275,42,2295,40,0.952381,13.269737969,72.665433943,61.816762238,0.182614171,0.214662455
6,173,30275,42,2295,42,1.000000,28.178824753,73.428010382,62.711398582,0.383761246,0.449341354
6,173,30275,42,2295,45,1.071429,34.831967569,74.297511805,63.063331830,0.468817417,0.552333132
6,173,30275,42,2295,47,1.119048,34.670968316,74.867752926,63.734166577,0.463096152,0.543993437
6,173,30275,42,2295,49,1.166667,34.670968316,75.479501050,63.734166577,0.459342839,0.543993437
6,173,30275,42,2295,52,1.238095,27.165820512,76.606110643,64.174537262,0.354616887,0.423311514
6,173,30275,42,2295,55,1.309524,26.484010123,77.763005315,65.021841608,0.340573387,0.407309444
6,173,30275,42,2295,58,1.380952,13.656489483,78.713806642,65.652800360,0.173495478,0.208010769
6,173,30275,42,2295,61,1.452381,25.595525745,79.348804525,66.193628948,0.322569772,0.386676575
6,173,30275,42,2295,64,1.523810,19.782439697,79.934161362,66.448389617,0.247484171,0.297711349
6,173,30275,42,2295,67,1.595238,26.439468688,80.524747796,67.157675196,0.328339665,0.393692435
6,173,30275,42,2295,71,1.690476,33.140298129,81.558698761,68.146328742,0.406336769,0.486310836
6,173,30275,42,2295,74,1.761905,33.970890394,82.316736010,68.726311517,0.412685100,0.494292355
6,173,30275,42,2295,78,1.857143,34.133007194,83.222258377,69.298388198,0.410142765,0.492551242
6,173,30275,42,2295,83,1.976190,39.810300537,84.339157490,70.076113676,0.472026301,0.568100861
6,173,30275,42,2295,87,2.071429,21.155833553,85.211395240,70.899725107,0.248274700,0.298390911
6,173,30275,42,2295,91,2.166667,21.531094130,86.164682847,71.412135797,0.249883054,0.301504694
6,173,30275,42,2295,96,2.285714,6.343604383,86.983476410,71.953595846,0.072928844,0.088162437
6,173,30275,42,2295,101,2.404762,16.839913035,87.882629647,72.335628794,0.191618220,0.232802470
6,173,30275,42,2295,107,2.547619,30.127983917,88.490972644,72.921861065,0.340463925,0.413154347
6,173,30275,42,2295,112,2.666667,34.889657942,89.098301656,73.334847720,0.391586117,0.475758238
6,173,30275,42,2295,118,2.809524,35.224507466,89.980161688,74.065578559,0.391469706,0.475585395
6,173,30275,42,2295,124,2.952381,20.441145908,90.770653257,74.556507064,0.225195536,0.274169844
6,173,30275,42,2295,131,3.119048,31.190886944,91.630485456,75.205463858,0.340398578,0.414742299
6,173,30275,42,2295,138,3.285714,31.786263523,92.819384798,76.050247272,0.342452857,0.417963973
6,173,30275,42,2295,145,3.452381,18.897428201,93.694764937,76.780223364,0.201691399,0.246123642
6,173,30275,42,2295,153,3.642857,21.292058121,94.270309336,77.063570750,0.225861761,0.276292130
6,173,30275,42,2295,161,3.833333,11.554304474,95.172936560,77.898105143,0.121403257,0.148325873
6,173,30275,42,2295,169,4.023810,19.567007236,95.868513702,78.282265281,0.204102541,0.249954535
6,173,30275,42,2295,178,4.238095,23.874742576,96.813229755,78.917417858,0.246606199,0.302528177
6,173,30275,42,2295,187,4.452381,28.253414918,97.677341174,79.762801101,0.289252498,0.354217938
6,173,30275,42,2295,197,4.690476,45.044482326,98.634497469,80.473136595,0.456680811,0.559745578
6,173,30275,42,2295,208,4.952381,26.418019610,99.701016294,81.191988610,0.264972420,0.325377172
6,173,30275,42,2295,218,5.190476,3.730428005,100.431567510,81.924578187,0.037143979,0.045534906
6,173,30275,42,2295,230,5.476190,11.551743385,101.450743440,82.768188638,0.113865537,0.139567430
6,173,30275,42,2295,242,5.761905,24.331217076,102.474697577,83.463503832,0.237436339,0.291519238
6,173,30275,42,2295,255,6.071429,20.993408561,103.300006941,83.950741789,0.203227562,0.250068172
6,173,30275,42,2295,268,6.380952,21.835267167,103.657559413,84.204389846,0.210648093,0.259312694
6,173,30275,42,2295,282,6.714286,31.321690712,104.071614199,84.490496722,0.300962861,0.370712588
6,173,30275,42,2295,297,7.071429,37.287057276,104.803834485,84.961943972,0.355779514,0.438867751
6,173,30275,42,2295,313,7.452381,26.086550007,105.852755086,85.846472779,0.246441861,0.303874454
6,173,30275,42,2295,329,7.833333,12.557437125,106.896138880,86.646040314,0.117473253,0.144927998
6,173,30275,42,2295,346,8.238095,3.351591663,107.634893689,87.121262148,0.031138523,0.038470421
6,173,30275,42,2295,365,8.690476,9.460584500,108.294397641,87.559024840,0.087359870,0.108048080
6,173,30275,42,2295,384,9.142857,18.496133195,108.959439039,88.018008353,0.169752463,0.210140329
6,173,30275,42,2295,404,9.619048,12.143862043,109.674835465,88.634921118,0.110726057,0.137009904
6,173,30275,42,2295,425,10.119048,12.376567701,110.242192172,89.037117315,0.112267068,0.139004587
6,173,30275,42,2295,448,10.666667,31.273420838,111.174162446,89.841205627,0.281301160,0.348096629
6,173,30275,42,2295,471,11.214286,31.274303783,112.151849352,90.678570818,0.278856782,0.344891891
6,173,30275,42,2295,496,11.809524,28.627548236,112.816367345,91.102326720,0.253753501,0.314235094
6,173,30275,42,2295,522,12.428571,19.095304079,113.860763805,91.962367806,0.167707500,0.207642588
6,173,30275,42,2295,549,13.071429,4.922553371,114.881567166,92.649256142,0.042848940,0.053131062
6,173,30275,42,2295,578,13.761905,2.983753330,115.658479580,93.184707257,0.025797964,0.032019775
6,173,30275,42,2295,609,14.500000,13.564312712,116.530333774,93.854391240,0.116401561,0.144525073
6,173,30275,42,2295,641,15.261905,15.988273039,117.022046098,94.226510670,0.136626162,0.169679137
6,173,30275,42,2295,674,16.047619,33.361041094,117.696828810,94.779372360,0.283448938,0.351986305
6,173,30275,42,2295,710,16.904762,26.100575422,118.214650069,95.203319914,0.220789686,0.274156148
6,173,30275,42,2295,747,17.785714,22.896123730,119.062897855,95.797662684,0.192302759,0.239005035
6,173,30275,42,2295,786,18.714286,17.855144530,120.099423577,96.580851545,0.148669694,0.184872511
6,173,30275,42,2295,828,19.714286,23.160886214,120.964702615,97.251253477,0.191468137,0.238155143
6,173,30275,42,2295,871,20.738095,14.916849930,122.034396627,97.992259684,0.122234799,0.152224778
6,173,30275,42,2295,917,21.833333,17.617456443,122.762839896,98.558584710,0.143508056,0.178751110
6,173,30275,42,2295,965,22.976190,13.520154174,123.173875164,98.849484509,0.109764787,0.136775161
6,173,30275,42,2295,1016,24.190476,22.104533853,123.847592162,99.396921774,0.178481741,0.222386503
6,173,30275,42,2295,1069,25.452381,35.976438383,124.748215442,100.050545489,0.288392409,0.359582631
6,173,30275,42,2295,1125,26.785714,43.696168706,125.761826062,100.811953279,0.347451767,0.433442338
6,250,63000,87,3977,1,0.011494,-33.868362017,33.868362017,33.868362017,1.000000000,1.000000000
6,250,63000,87,3977,1,0.011494,-33.868362017,33.868362017,33.868362017,1.000000000,1.000000000
6,250,63000,87,3977,1,0.011494,-33.868362017,33.868362017,33.868362017,1.000000000,1.000000000
6,250,63000,87,3977,1,0.011494,-33.868362017,33.868362017,33.868362017,1.000000000,1.000000000
6,250,63000,87,3977,1,0.011494,-33.868362017,33.868362017,33.868362017,1.000000000,1.000000000
6,250,63000,87,3977,1,0.011494,-33.868362017,33.868362017,33.868362017,1.000000000,1.000000000
6,250,63000,87,3977,1,0.011494,-33.868362017,33.868362017,33.868362017,1.000000000,1.000000000
6,250,63000,87,3977,1,0.011494,-33.868362017,33.868362017,33.868362017,1.000000000,1.000000000
6,250,63000,87,3977,1,0.011494,-33.868362017,33.868362017,33.868362017,1.000000000,1.000000000
6,250,63000,87,3977,1,0.011494,-33.868362017,33.868362017,33.868362017,1.000000000,1.000000000
6,250,63000,87,3977,1,0.011494,-33.868362017,33.868362017,33.868362017,1.000000000,1.000000000
6,250,63000,87,3977,1,0.011494,-33.868362017,33.868362017,33.868362017,1.000000000,1.000000000
6,250,63000,87,3977,1,0.011494,-33.868362017,33.868362017,33.868362017,1.000000000,1.000000000
6,250,63000,87,3977,1,0.011494,-33.868362017,33.868362017,33.868362017,1.000000000,1.000000000
6,250,63000,87,3977,1,0.011494,-33.868362017,33.868362017,33.868362017,1.000000000,1.000000000
6,250,63000,87,3977,1,0.011494,-33.868362017,33.868362017,33.868362017,1.000000000,1.000000000
6,250,63000,87,3977,1,0.011494,-33.868362017,33.868362017,33.868362017,1.000000000,1.000000000
6,250,63000,87,3977,1,0.011494,-33.868362017,33.868362017,33.868362017,1.000000000,1.000000000
6,250,63000,87,3977,1,0.011494,-33.868362017,33.868362017,33.868362017,1.000000000,1.000000000
6,250,63000,87,3977,1,0.011494,-33.868362017,33.868362017,33.868362017,1.000000000,1.000000000
6,250,63000,87,3977,1,0.011494,-33.868362017,33.868362017,33.868362017,1.000000000,1.000000000
6,250,63000,87,3977,1,0.011494,-33.868362017,33.868362017,33.868362017,1.000000000,1.000000000
6,250,63000,87,3977,1,0.011494,-33.868362017,33.868362017,33.868362017,1.000000000,1.000000000
6,250,63000,87,3977,1,0.011494,-33.868362017,33.868362017,33.868362017,1.000000000,1.000000000
6,250,63000,87,3977,1,0.011494,-33.868362017,33.868362017,33.868362017,1.000000000,1.000000000
6,250,63000,87,3977,1,0.011494,-33.868362017,33.868362017,33.868362017,1.000000000,1.000000000
6,250,63000,87,3977,1,0.011494,-33.868362017,33.868362017,33.868362017,1.000000000,1.000000000
6,250,63000,87,3977,1,0.011494,-33.868362017,33.868362017,33.868362017,1.000000000,1.000000000
6,250,63000,87,3977,1,0.011494,-33.868362017,33.868362017,33.868362017,1.000000000,1.000000000
6,250,63000,87,3977,1,0.011494,-33.868362017,33.868362017,33.868362017,1.000000000,1.000000000
6,250,63000,87,3977,1,0.011494,-33.868362017,33.868362017,33.868362017,1.000000000,1.000000000
6,250,63000,87,3977,1,0.011494,-33.868362017,33.868362017,33.868362017,1.000000000,1.000000000
6,250,63000,87,3977,1,0.011494,-33.868362017,33.868362017,33.868362017,1.000000000,1.000000000
6,250,63000,87,3977,1,0.011494,-33.868362017,33.868362017,33.868362017,1.000000000,1.000000000
6,250,63000,87,3977,1,0.011494,-33.868362017,33.868362017,33.868362017,1.000000000,1.000000000
6,250,63000,87,3977,1,0.011494,-33.868362017,33.868362017,33.868362017,1.000000000,1.000000000
6,250,63000,87,3977,1,0.011494,-33.868362017,33.868362017,33.868362017,1.000000000,1.000000000
6,250,63000,87,3977,1,0.011494,-33.868362017,33.868362017,33.868362017,1.000000000,1.000000000
6,250,63000,87,3977,1,0.011494,-33.868362017,33.868362017,33.868362017,1.000000000,1.000000000
6,250,63000,87,3977,1,0.011494,-33.868362017,33.868362017,33.868362017,1.000000000,1.000000000
6,250,63000,87,3977,1,0.011494,-33.868362017,33.868362017,33.868362017,1.000000000,1.000000000
6,250,63000,87,3977,1,0.011494,-33.868362017,33.868362017,33.868362017,1.000000000,1.000000000
6,250,63000,87,3977,1,0.011494,-33.868362017,33.868362017,33.868362017,1.000000000,1.000000000
6,250,63000,87,3977,1,0.011494,-33.868362017,33.868362017,33.868362017,1.000000000,1.000000000
6,250,63000,87,3977,1,0.011494,-33.868362017,33.868362017,33.868362017,1.000000000,1.000000000
6,250,63000,87,3977,1,0.011494,-33.868362017,33.868362017,33.868362017,1.000000000,1.000000000
6,250,63000,87,3977,1,0.011494,-33.868362017,33.868362017,33.868362017,1.000000000,1.000000000
6,250,63000,87,3977,1,0.011494,-33.868362017,33.868362017,33.868362017,1.000000000,1.000000000
6,250,63000,87,3977,1,0.011494,-33.868362017,33.868362017,33.868362017,1.000000000,1.000000000
6,250,63000,87,3977,1,0.011494,-33.868362017,33.868362017,33.868362017,1.000000000,1.000000000
6,250,63000,87,3977,1,0.011494,-33.868362017,33.868362017,33.868362017,1.000000000,1.000000000
6,250,63000,87,3977,1,0.011494,-33.868362017,33.868362017,33.868362017,1.000000000,1.000000000
6,250,63000,87,3977,1,0.011494,-33.868362017,33.868362017,33.868362017,1.000000000,1.000000000
6,250,63000,87,3977,1,0.011494,-33.868362017,33.868362017,33.868362017,1.000000000,1.000000000
6,250,63000,87,3977,1,0.011494,-33.868362017,33.868362017,33.868362017,1.000000000,1.000000000
6,250,63000,87,3977,1,0.011494,-33.868362017,33.868362017,33.868362017,1.000000000,1.000000000
6,250,63000,87,3977,2,0.022989,-1.856748218,46.602675499,46.602675499,0.039842095,0.039842095
6,250,63000,87,3977,2,0.022989,-1.856748218,46.602675499,46.602675499,0.039842095,0.039842095
6,250,63000,87,3977,2,0.022989,-1.856748218,46.602675499,46.602675499,0.039842095,0.039842095
6,250,63000,87,3977,2,0.022989,-1.856748218,46.602675499,46.602675499,0.039842095,0.039842095
6,250,63000,87,3977,2,0.022989,-1.856748218,46.602675499,46.602675499,0.039842095,0.039842095
6,250,63000,87,3977,2,0.022989,-1.856748218,46.602675499,46.602675499,0.039842095,0.039842095
6,250,63000,87,3977,2,0.022989,-1.856748218,46.602675499,46.602675499,0.039842095,0.039842095
6,250,63000,87,3977,2,0.022989,-1.856748218,46.602675499,46.602675499,0.039842095,0.039842095
6,250,63000,87,3977,2,0.022989,-1.856748218,46.602675499,46.602675499,0.039842095,0.039842095
6,250,63000,87,3977,2,0.022989,-1.856748218,46.602675499,46.602675499,0.039842095,0.039842095
6,250,63000,87,3977,3,0.034483,26.435813750,54.518606240,54.518606240,0.484895260,0.484895260
6,250,63000,87,3977,3,0.034483,26.435813750,54.518606240,54.518606240,0.484895260,0.484895260
6,250,63000,87,3977,3,0.034483,26.435813750,54.518606240,54.518606240,0.484895260,0.484895260
6,250,63000,87,3977,3,0.034483,26.435813750,54.518606240,54.518606240,0.484895260,0.484895260
6,250,63000,87,3977,3,0.034483,26.435813750,54.518606240,54.518606240,0.484895260,0.484895260
6,250,63000,87,3977,3,0.034483,26.435813750,54.518606240,54.518606240,0.484895260,0.484895260
6,250,63000,87,3977,3,0.034483,26.435813750,54.518606240,54.518606240,0.484895260,0.484895260
6,250,63000,87,3977,4,0.045977,26.435813750,56.925103817,54.518606240,0.464396408,0.484895260
6,250,63000,87,3977,4,0.045977,26.435813750,56.925103817,54.518606240,0.464396408,0.484895260
6,250,63000,87,3977,4,0.045977,26.435813750,56.925103817,54.518606240,0.464396408,0.484895260
6,250,63000,87,3977,4,0.045977,26.435813750,56.925103817,54.518606240,0.464396408,0.484895260
6,250,63000,87,3977,4,0.045977,26.435813750,56.925103817,54.518606240,0.464396408,0.484895260
6,250,63000,87,3977,5,0.057471,46.201864828,60.259142209,57.991164858,0.766719590,0.796705238
6,250,63000,87,3977,5,0.057471,46.201864828,60.259142209,57.991164858,0.766719590,0.796705238
6,250,63000,87,3977,5,0.057471,46.201864828,60.259142209,57.991164858,0.766719590,0.796705238
6,250,63000,87,3977,6,0.068966,30.968366982,62.154836307,59.958607874,0.498245492,0.516495764
6,250,63000,87,3977,6,0.068966,30.968366982,62.154836307,59.958607874,0.498245492,0.516495764
6,250,63000,87,3977,6,0.068966,30.968366982,62.154836307,59.958607874,0.498245492,0.516495764
6,250,63000,87,3977,6,0.068966,30.968366982,62.154836307,59.958607874,0.498245492,0.516495764
6,250,63000,87,3977,7,0.080460,49.871123258,64.965666865,62.867709144,0.767653526,0.793270885
6,250,63000,87,3977,7,0.080460,49.871123258,64.965666865,62.867709144,0.767653526,0.793270885
6,250,63000,87,3977,8,0.091954,49.871123258,67.268279379,62.867709144,0.741376526,0.793270885
6,250,63000,87,3977,8,0.091954,49.871123258,67.268279379,62.867709144,0.741376526,0.793270885
6,250,63000,87,3977,8,0.091954,49.871123258,67.268279379,62.867709144,0.741376526,0.793270885
6,250,63000,87,3977,9,0.103448,49.871123258,68.567512902,62.867709144,0.727328747,0.793270885
6,250,63000,87,3977,9,0.103448,49.871123258,68.567512902,62.867709144,0.727328747,0.793270885
6,250,63000,87,3977,10,0.114943,35.115596743,70.137218282,64.576113353,0.500669938,0.543786161
6,250,63000,87,3977,10,0.114943,35.115596743,70.137218282,64.576113353,0.500669938,0.543786161
6,250,63000,87,3977,11,0.126437,50.018868562,71.703116385,66.273538661,0.697582910,0.754733632
6,250,63000,87,3977,11,0.126437,50.018868562,71.703116385,66.273538661,0.697582910,0.754733632
6,250,63000,87,3977,12,0.137931,50.018868562,73.359874313,66.273538661,0.681828711,0.754733632
6,250,63000,87,3977,13,0.149425,65.139436927,74.901954226,67.976565921,0.869662716,0.958263131
6,250,63000,87,3977,13,0.149425,65.139436927,74.901954226,67.976565921,0.869662716,0.958263131
6,250,63000,87,3977,14,0.160920,50.969132880,76.230573025,69.437821331,0.668617995,0.734025520
6,250,63000,87,3977,15,0.172414,36.608241668,77.571486128,70.907307293,0.471929100,0.516283061
6,250,63000,87,3977,15,0.172414,36.608241668,77.571486128,70.907307293,0.471929100,0.516283061
6,250,63000,87,3977,16,0.183908,36.608241668,78.308075473,70.907307293,0.467489993,0.516283061
6,250,63000,87,3977,17,0.195402,48.195844890,79.160768267,71.847886371,0.608834982,0.670803935
6,250,63000,87,3977,18,0.206897,48.195844890,80.487675730,71.847886371,0.598797822,0.670803935
6,250,63000,87,3977,19,0.218391,63.005316224,81.838782894,73.358293445,0.769871130,0.858871073
6,250,63000,87,3977,20,0.229885,63.005316224,83.094429175,73.358293445,0.758237548,0.858871073
6,250,63000,87,3977,21,0.241379,51.292196475,83.915918241,74.287525140,0.611233215,0.690455044
6,250,63000,87,3977,22,0.252874,42.740210148,84.350564932,74.778157650,0.506697379,0.571560085
6,250,63000,87,3977,23,0.264368,52.670404146,84.933071045,75.434618143,0.620140111,0.698225900
6,250,63000,87,3977,24,0.275862,52.670404146,85.997596288,75.434618143,0.612463678,0.698225900
6,250,63000,87,3977,26,0.298851,43.968607713,87.426451464,75.934859423,0.502921107,0.579030607
6,250,63000,87,3977,27,0.310345,43.968607713,88.263195526,75.934859423,0.498153363,0.579030607
6,250,63000,87,3977,28,0.321839,43.968607713,89.129530469,75.934859423,0.493311336,0.579030607
6,250,63000,87,3977,30,0.344828,64.114174246,90.261130638,77.259959733,0.710318758,0.829849957
6,250,63000,87,3977,32,0.367816,74.082962141,91.672884160,77.900437162,0.808122956,0.950995461
6,250,63000,87,3977,33,0.379310,64.328600405,92.190375111,78.508761822,0.697780005,0.819381161
6,250,63000,87,3977,35,0.402299,43.865003820,93.328966682,79.842698111,0.470004173,0.549392804
6,250,63000,87,3977,37,0.425287,52.011629019,94.076522579,80.257236083,0.552865131,0.648061553
6,250,63000,87,3977,39,0.448276,36.513305276,94.713881781,81.003402676,0.385511655,0.450762611
6,250,63000,87,3977,41,0.471264,46.194123702,95.630586088,81.579835073,0.483047585,0.566244387
6,250,63000,87,3977,43,0.494253,63.933004105,96.462309286,82.553241049,0.662777043,0.774445719
6,250,63000,87,3977,45,0.517241,63.933004105,97.746153515,82.553241049,0.654071816,0.774445719
6,250,63000,87,3977,47,0.540230,61.911461541,98.533415134,83.483896523,0.628329602,0.741597651
6,250,63000,87,3977,50,0.574713,61.911461541,99.553236210,83.483896523,0.621893008,0.741597651
6,250,63000,87,3977,53,0.609195,62.291308869,100.700655919,84.294898143,0.618578978,0.738968908
6,250,63000,87,3977,55,0.632184,53.944466601,101.388317634,84.707140364,0.532058011,0.636834939
6,250,63000,87,3977,58,0.666667,38.352612447,102.205933379,85.436900113,0.375248395,0.448899859
6,250,63000,87,3977,61,0.701149,53.755160632,103.080598143,86.131016630,0.521486697,0.624109209
6,250,63000,87,3977,65,0.747126,35.812354932,104.536636874,87.060564735,0.342581855,0.411349904
6,250,63000,87,3977,68,0.781609,52.533078592,105.572021180,87.862343090,0.497604176,0.597902090
6,250,63000,87,3977,72,0.827586,58.688392904,106.662414558,88.782923219,0.550225617,0.661032446
6,250,63000,87,3977,75,0.862069,56.465268468,107.454449779,89.450582433,0.525480970,0.631245398
6,250,63000,87,3977,79,0.908046,64.525185317,108.729913284,90.683155709,0.593444650,0.711545433
6,250,63000,87,3977,83,0.954023,64.169335965,109.644493182,91.248803130,0.585249054,0.703234824
6,250,63000,87,3977,88,1.011494,41.287599047,110.944359500,92.201294493,0.372146896,0.447798475
6,250,63000,87,3977,92,1.057471,42.577556242,111.687099825,92.658068029,0.381221791,0.459512670
6,250,63000,87,3977,97,1.114943,31.447929179,112.486231411,93.408012213,0.279571364,0.336672716
6,250,63000,87,3977,102,1.172414,43.885370796,113.517019211,93.821127449,0.386597279,0.467755739
6,250,63000,87,3977,108,1.241379,58.863180631,115.035793669,95.037055454,0.511694480,0.619370838
6,250,63000,87,3977,113,1.298851,72.484790149,116.365384330,96.256100645,0.622906808,0.753040999
6,250,63000,87,3977,119,1.367816,59.853881410,117.762237818,97.329092175,0.508260394,0.614963934
6,250,63000,87,3977,126,1.448276,47.863016656,118.827789051,97.698761062,0.402793126,0.489904029
6,250,63000,87,3977,132,1.517241,59.839166096,119.690309382,98.410266366,0.499949966,0.608058166
6,250,63000,87,3977,139,1.597701,68.404834305,120.612779935,99.277893330,0.567144165,0.689023830
6,250,63000,87,3977,147,1.689655,38.422589054,121.864818806,100.181905518,0.315288608,0.383528232
6,250,63000,87,3977,154,1.770115,57.520280968,123.062798332,100.792073882,0.467405924,0.570682582
6,250,63000,87,3977,162,1.862069,38.078660864,124.277870032,101.715953917,0.306399368,0.374362717
6,250,63000,87,3977,171,1.965517,57.289922128,125.647753032,102.652470047,0.455956599,0.558095895
6,250,63000,87,3977,180,2.068966,64.455148695,126.933936541,103.506355820,0.507784998,0.622716820
6,250,63000,87,3977,189,2.172414,64.510764281,128.420646197,104.753757762,0.502339508,0.615832459
6,250,63000,87,3977,199,2.287356,91.836852125,129.556215101,105.755864943,0.708857171,0.868385429
6,250,63000,87,3977,210,2.413793,53.607433512,130.841062816,106.746525381,0.409714140,0.502193709
6,250,63000,87,3977,221,2.540230,29.492337917,131.621630045,107.425638691,0.224069083,0.274537236
6,250,63000,87,3977,232,2.666667,50.443739950,132.412811863,108.019549477,0.380958151,0.466987135
6,250,63000,87,3977,245,2.816092,59.715297260,133.675093728,108.745998294,0.446719696,0.549126388
6,250,63000,87,3977,257,2.954023,59.445473382,134.814851097,109.692572731,0.440941579,0.541927971
6,250,63000,87,3977,271,3.114943,64.179397092,135.878884732,110.562129279,0.472327965,0.580482644
6,250,63000,87,3977,285,3.275862,86.946644192,137.420373092,111.656567656,0.632705633,0.778697089
6,250,63000,87,3977,300,3.448276,78.454324539,138.798753029,112.595760239,0.565237964,0.696778674
6,250,63000,87,3977,316,3.632184,68.027366706,139.669636916,113.308082689,0.487059093,0.600375234
6,250,63000,87,3977,333,3.827586,54.704200155,140.843207417,114.216238778,0.388404959,0.478952912
6,250,63000,87,3977,350,4.022989,48.917368069,141.906822732,114.921770127,0.344714702,0.425657976
6,250,63000,87,3977,369,4.241379,58.845274892,143.253841234,115.844925030,0.410776244,0.507965928
6,250,63000,87,3977,388,4.459770,63.438915712,144.457801256,116.673690465,0.439151885,0.543729400
6,250,63000,87,3977,408,4.689655,53.772100105,145.745879989,117.797937972,0.368944221,0.456477431
6,250,63000,87,3977,430,4.942529,65.082332614,147.187296080,118.892228791,0.442173573,0.547406111
6,250,63000,87,3977,452,5.195402,83.912734019,148.330297991,119.817960896,0.565715401,0.700335187
6,250,63000,87,3977,476,5.471264,85.303108871,149.713741642,120.968075301,0.569774744,0.705170423
6,250,63000,87,3977,501,5.758621,81.102045174,151.131914222,122.048583032,0.536630834,0.664506241
6,250,63000,87,3977,528,6.068966,66.505481181,152.388633676,122.978632162,0.436420221,0.540788916
6,250,63000,87,3977,555,6.379310,52.360469077,152.927974418,123.366509458,0.342386468,0.424430174
6,250,63000,87,3977,585,6.724138,47.770332787,153.507790809,123.775218455,0.311191585,0.385944241
6,250,63000,87,3977,615,7.068966,71.681937615,154.435854708,124.542494986,0.464153468,0.575562081
6,250,63000,87,3977,648,7.448276,88.030237501,155.873483732,125.551166427,0.564754411,0.701150296
6,250,63000,87,3977,682,7.839080,104.983866206,157.437089028,126.793629815,0.666830585,0.827990068
6,250,63000,87,3977,717,8.241379,82.137058676,158.483723706,127.602346086,0.518268102,0.643695521
6,250,63000,87,3977,755,8.678161,78.923639501,159.419743116,128.228113023,0.495068164,0.615494041
6,250,63000,87,3977,795,9.137931,73.570252743,160.346628822,128.958416252,0.458820078,0.570495939
6,250,63000,87,3977,837,9.620690,79.559714443,161.393771982,129.749668530,0.492954056,0.613178556
6,250,63000,87,3977,881,10.126437,67.489199656,162.182550134,130.279418934,0.416131079,0.518034239
6,250,63000,87,3977,927,10.655172,57.665646472,163.463608743,131.288830552,0.352773605,0.439227360
6,250,63000,87,3977,976,11.218391,61.272468093,164.841265440,132.299980051,0.371705883,0.463132860
6,250,63000,87,3977,1027,11.804598,75.704756341,165.818078895,133.067085035,0.456553090,0.568921731
6,250,63000,87,3977,1081,12.425287,81.951254620,167.208368898,134.060840354,0.490114551,0.611298977
6,250,63000,87,3977,1138,13.080460,96.167749781,168.747497804,135.272624423,0.569891412,0.710918046
6,250,63000,87,3977,1198,13.770115,81.000759715,169.827991854,136.117263009,0.476957649,0.595080726
6,250,63000,87,3977,1261,14.494253,67.364225375,171.104459146,137.101860462,0.393702337,0.491344356
6,250,63000,87,3977,1327,15.252874,70.049986708,171.838744263,137.668774415,0.407649550,0.508829885
6,250,63000,87,3977,1397,16.057471,46.033423480,172.789426262,138.398500430,0.266413429,0.332615045
6,250,63000,87,3977,1470,16.896552,54.951351850,173.469150269,138.901946809,0.316778815,0.395612539
6,250,63000,87,3977,1547,17.781609,67.148408981,174.624874851,139.832750100,0.384529461,0.480205166
6,250,63000,87,3977,1629,18.724138,100.197299049,176.174257196,140.991886100,0.568739728,0.710660037
6,250,63000,87,3977,1714,19.701149,88.319181156,177.315531932,141.848418123,0.498090495,0.622630709
6,250,63000,87,3977,1804,20.735632,81.356690046,178.917307679,143.059785807,0.454716713,0.568690143
6,250,63000,87,3977,1899,21.827586,72.262941746,179.971101793,143.804107923,0.401525251,0.502509579
6,250,63000,87,3977,1999,22.977011,60.078132420,180.601819539,144.294022149,0.332655189,0.416359122
6,250,63000,87,3977,2104,24.183908,63.502868685,181.513454088,144.988392617,0.349852131,0.437985880
6,250,63000,87,3977,2215,25.459770,49.485716267,182.711224449,145.894102039,0.270841140,0.339189286
6,250,63000,87,3977,2331,26.793103,59.889732319,184.208519827,147.044652290,0.325119231,0.407289428
6,327,107583,150,5940,1,0.006667,-47.306630433,47.306630433,47.306630433,1.000000000,1.000000000
6,327,107583,150,5940,1,0.006667,-47.306630433,47.306630433,47.306630433,1.000000000,1.000000000
6,327,107583,150,5940,1,0.006667,-47.306630433,47.306630433,47.306630433,1.000000000,1.000000000
6,327,107583,150,5940,1,0.006667,-47.306630433,47.306630433,47.306630433,1.000000000,1.000000000
6,327,107583,150,5940,1,0.006667,-47.306630433,47.306630433,47.306630433,1.000000000,1.000000000
6,327,107583,150,5940,1,0.006667,-47.306630433,47.306630433,47.306630433,1.000000000,1.000000000
6,327,107583,150,5940,1,0.006667,-47.306630433,47.306630433,47.306630433,1.000000000,1.000000000
6,327,107583,150,5940,1,0.006667,-47.306630433,47.306630433,47.306630433,1.000000000,1.000000000
6,327,107583,150,5940,1,0.006667,-47.306630433,47.306630433,47.306630433,1.000000000,1.000000000
6,327,107583,150,5940,1,0.006667,-47.306630433,47.306630433,47.306630433,1.000000000,1.000000000
6,327,107583,150,5940,1,0.006667,-47.306630433,47.306630433,47.306630433,1.000000000,1.000000000
6,327,107583,150,5940,1,0.006667,-47.306630433,47.306630433,47.306630433,1.000000000,1.000000000
6,327,107583,150,5940,1,0.006667,-47.306630433,47.306630433,47.306630433,1.000000000,1.000000000
6,327,107583,150,5940,1,0.006667,-47.306630433,47.306630433,47.306630433,1.000000000,1.000000000
6,327,107583,150,5940,1,0.006667,-47.306630433,47.306630433,47.306630433,1.000000000,1.000000000
6,327,107583,150,5940,1,0.006667,-47.306630433,47.306630433,47.306630433,1.000000000,1.000000000
6,327,107583,150,5940,1,0.006667,-47.306630433,47.306630433,47.306630433,1.000000000,1.000000000
6,327,107583,150,5940,1,0.006667,-47.306630433,47.306630433,47.306630433,1.000000000,1.000000000
6,327,107583,150,5940,1,0.006667,-47.306630433,47.306630433,47.306630433,1.000000000,1.000000000
6,327,107583,150,5940,1,0.006667,-47.306630433,47.306630433,47.306630433,1.000000000,1.000000000
6,327,107583,150,5940,1,0.006667,-47.306630433,47.306630433,47.306630433,1.000000000,1.000000000
6,327,107583,150,5940,1,0.006667,-47.306630433,47.306630433,47.306630433,1.000000000,1.000000000
6,327,107583,150,5940,1,0.006667,-47.306630433,47.306630433,47.306630433,1.000000000,1.000000000
6,327,107583,150,5940,1,0.006667,-47.306630433,47.306630433,47.306630433,1.000000000,1.000000000
6,327,107583,150,5940,1,0.006667,-47.306630433,47.306630433,47.306630433,1.000000000,1.000000000
6,327,107583,150,5940,1,0.006667,-47.306630433,47.306630433,47.306630433,1.000000000,1.000000000
6,327,107583,150,5940,1,0.006667,-47.306630433,47.306630433,47.306630433,1.000000000,1.000000000
6,327,107583,150,5940,1,0.006667,-47.306630433,47.306630433,47.306630433,1.000000000,1.000000000
6,327,107583,150,5940,1,0.006667,-47.306630433,47.306630433,47.306630433,1.000000000,1.000000000
6,327,107583,150,5940,1,0.006667,-47.306630433,47.306630433,47.306630433,1.000000000,1.000000000
6,327,107583,150,5940,1,0.006667,-47.306630433,47.306630433,47.306630433,1.000000000,1.000000000
6,327,107583,150,5940,1,0.006667,-47.306630433,47.306630433,47.306630433,1.000000000,1.000000000
6,327,107583,150,5940,1,0.006667,-47.306630433,47.306630433,47.306630433,1.000000000,1.000000000
6,327,107583,150,5940,1,0.006667,-47.306630433,47.306630433,47.306630433,1.000000000,1.000000000
6,327,107583,150,5940,1,0.006667,-47.306630433,47.306630433,47.306630433,1.000000000,1.000000000
6,327,107583,150,5940,1,0.006667,-47.306630433,47.306630433,47.306630433,1.000000000,1.000000000
6,327,107583,150,5940,1,0.006667,-47.306630433,47.306630433,47.306630433,1.000000000,1.000000000
6,327,107583,150,5940,1,0.006667,-47.306630433,47.306630433,47.306630433,1.000000000,1.000000000
6,327,107583,150,5940,1,0.006667,-47.306630433,47.306630433,47.306630433,1.000000000,1.000000000
6,327,107583,150,5940,1,0.006667,-47.306630433,47.306630433,47.306630433,1.000000000,1.000000000
6,327,107583,150,5940,1,0.006667,-47.306630433,47.306630433,47.306630433,1.000000000,1.000000000
6,327,107583,150,5940,1,0.006667,-47.306630433,47.306630433,47.306630433,1.000000000,1.000000000
6,327,107583,150,5940,1,0.006667,-47.306630433,47.306630433,47.306630433,1.000000000,1.000000000
6,327,107583,150,5940,1,0.006667,-47.306630433,47.306630433,47.306630433,1.000000000,1.000000000
6,327,107583,150,5940,1,0.006667,-47.306630433,47.306630433,47.306630433,1.000000000,1.000000000
6,327,107583,150,5940,2,0.013333,-13.621424165,58.074180186,58.074180186,0.234552156,0.234552156
6,327,107583,150,5940,2,0.013333,-13.621424165,58.074180186,58.074180186,0.234552156,0.234552156
6,327,107583,150,5940,2,0.013333,-13.621424165,58.074180186,58.074180186,0.234552156,0.234552156
6,327,107583,150,5940,2,0.013333,-13.621424165,58.074180186,58.074180186,0.234552156,0.234552156
6,327,107583,150,5940,2,0.013333,-13.621424165,58.074180186,58.074180186,0.234552156,0.234552156
6,327,107583,150,5940,2,0.013333,-13.621424165,58.074180186,58.074180186,0.234552156,0.234552156
6,327,107583,150,5940,2,0.013333,-13.621424165,58.074180186,58.074180186,0.234552156,0.234552156
6,327,107583,150,5940,2,0.013333,-13.621424165,58.074180186,58.074180186,0.234552156,0.234552156
6,327,107583,150,5940,2,0.013333,-13.621424165,58.074180186,58.074180186,0.234552156,0.234552156
6,327,107583,150,5940,2,0.013333,-13.621424165,58.074180186,58.074180186,0.234552156,0.234552156
6,327,107583,150,5940,3,0.020000,16.758062367,65.540244172,65.540244172,0.255691180,0.255691180
6,327,107583,150,5940,3,0.020000,16.758062367,65.540244172,65.540244172,0.255691180,0.255691180
6,327,107583,150,5940,3,0.020000,16.758062367,65.540244172,65.540244172,0.255691180,0.255691180
6,327,107583,150,5940,3,0.020000,16.758062367,65.540244172,65.540244172,0.255691180,0.255691180
6,327,107583,150,5940,3,0.020000,16.758062367,65.540244172,65.540244172,0.255691180,0.255691180
6,327,107583,150,5940,3,0.020000,16.758062367,65.540244172,65.540244172,0.255691180,0.255691180
6,327,107583,150,5940,3,0.020000,16.758062367,65.540244172,65.540244172,0.255691180,0.255691180
6,327,107583,150,5940,4,0.026667,16.758062367,69.159744432,65.540244172,0.242309489,0.255691180
6,327,107583,150,5940,4,0.026667,16.758062367,69.159744432,65.540244172,0.242309489,0.255691180
6,327,107583,150,5940,4,0.026667,16.758062367,69.159744432,65.540244172,0.242309489,0.255691180
6,327,107583,150,5940,4,0.026667,16.758062367,69.159744432,65.540244172,0.242309489,0.255691180
6,327,107583,150,5940,4,0.026667,16.758062367,69.159744432,65.540244172,0.242309489,0.255691180
6,327,107583,150,5940,5,0.033333,43.834669515,74.271211816,70.913089489,0.590197311,0.618146379
6,327,107583,150,5940,5,0.033333,43.834669515,74.271211816,70.913089489,0.590197311,0.618146379
6,327,107583,150,5940,5,0.033333,43.834669515,74.271211816,70.913089489,0.590197311,0.618146379
6,327,107583,150,5940,5,0.033333,43.834669515,74.271211816,70.913089489,0.590197311,0.618146379
6,327,107583,150,5940,6,0.040000,22.424271209,77.295653566,74.074769095,0.290110377,0.302724821
6,327,107583,150,5940,6,0.040000,22.424271209,77.295653566,74.074769095,0.290110377,0.302724821
6,327,107583,150,5940,6,0.040000,22.424271209,77.295653566,74.074769095,0.290110377,0.302724821
6,327,107583,150,5940,7,0.046667,41.328686090,79.573833402,76.448991612,0.519375331,0.540604725
6,327,107583,150,5940,7,0.046667,41.328686090,79.573833402,76.448991612,0.519375331,0.540604725
6,327,107583,150,5940,7,0.046667,41.328686090,79.573833402,76.448991612,0.519375331,0.540604725
6,327,107583,150,5940,8,0.053333,41.328686090,82.089313250,76.448991612,0.503460005,0.540604725
6,327,107583,150,5940,8,0.053333,41.328686090,82.089313250,76.448991612,0.503460005,0.540604725
6,327,107583,150,5940,9,0.060000,41.328686090,84.998677793,76.448991612,0.486227400,0.540604725
6,327,107583,150,5940,9,0.060000,41.328686090,84.998677793,76.448991612,0.486227400,0.540604725
6,327,107583,150,5940,10,0.066667,25.267410190,86.502831226,78.117942254,0.292099228,0.323452071
6,327,107583,150,5940,10,0.066667,25.267410190,86.502831226,78.117942254,0.292099228,0.323452071
6,327,107583,150,5940,11,0.073333,41.443560630,88.002316181,79.775188781,0.470937157,0.519504388
6,327,107583,150,5940,11,0.073333,41.443560630,88.002316181,79.775188781,0.470937157,0.519504388
6,327,107583,150,5940,12,0.080000,41.443560630,89.835932793,79.775188781,0.461324988,0.519504388
6,327,107583,150,5940,12,0.080000,41.443560630,89.835932793,79.775188781,0.461324988,0.519504388
6,327,107583,150,5940,13,0.086667,59.355231095,91.604163440,81.761290865,0.647953421,0.725957607
6,327,107583,150,5940,14,0.093333,43.224602587,93.013547054,83.337301732,0.464712980,0.518670532
6,327,107583,150,5940,14,0.093333,43.224602587,93.013547054,83.337301732,0.464712980,0.518670532
6,327,107583,150,5940,15,0.100000,26.539642735,94.498189511,84.991139216,0.280848161,0.312263643
6,327,107583,150,5940,16,0.106667,26.539642735,95.669883774,84.991139216,0.277408540,0.312263643
6,327,107583,150,5940,17,0.113333,40.494977751,96.682356388,86.129234994,0.418845581,0.470165302
6,327,107583,150,5940,18,0.120000,40.494977751,97.934187707,86.129234994,0.413491741,0.470165302
6,327,107583,150,5940,19,0.126667,54.881408426,98.985223692,87.322474245,0.554440414,0.628491221
6,327,107583,150,5940,19,0.126667,54.881408426,98.985223692,87.322474245,0.554440414,0.628491221
6,327,107583,150,5940,21,0.140000,42.225921570,101.686197028,88.234776907,0.415257162,0.478563250
6,327,107583,150,5940,22,0.146667,25.923050544,102.984786594,89.728253407,0.251717282,0.288906220
6,327,107583,150,5940,23,0.153333,39.086728461,103.822679055,90.688708646,0.376475822,0.430998843
6,327,107583,150,5940,24,0.160000,39.086728461,104.766350646,90.688708646,0.373084757,0.430998843
6,327,107583,150,5940,25,0.166667,39.086728461,105.310206519,90.688708646,0.371158027,0.430998843
6,327,107583,150,5940,27,0.180000,27.284053749,106.812006967,91.453512815,0.255439950,0.298337952
6,327,107583,150,5940,28,0.186667,27.284053749,107.627319080,91.453512815,0.253504909,0.298337952
6,327,107583,150,5940,29,0.193333,38.358394698,108.195567561,92.121582887,0.354528338,0.416388793
6,327,107583,150,5940,31,0.206667,63.312420241,109.626418914,93.797957961,0.577528855,0.674987192
6,327,107583,150,5940,33,0.220000,50.294859951,111.099692058,94.696957679,0.452700264,0.531113788
6,327,107583,150,5940,34,0.226667,35.166429612,112.124979286,95.897774730,0.313635997,0.366707462
6,327,107583,150,5940,36,0.240000,23.349284088,113.302287297,96.623124181,0.206079547,0.241653168
6,327,107583,150,5940,38,0.253333,22.895005432,114.235556704,97.715823873,0.200419257,0.234301923
6,327,107583,150,5940,40,0.266667,13.565460449,115.202006688,98.160188696,0.117753682,0.138197172
6,327,107583,150,5940,42,0.280000,38.147985452,116.513667300,99.696313711,0.327412108,0.382641885
6,327,107583,150,5940,44,0.293333,49.838670183,117.485317557,100.379415604,0.424211903,0.496502892
6,327,107583,150,5940,47,0.313333,48.513227410,119.106562123,101.833417388,0.407309442,0.476397912
6,327,107583,150,5940,49,0.326667,48.513227410,120.358894176,101.833417388,0.403071395,0.476397912
6,327,107583,150,5940,52,0.346667,37.459929585,121.803028485,102.431539526,0.307545141,0.365706986
6,327,107583,150,5940,54,0.360000,47.034811842,122.838144940,102.878076673,0.382900701,0.457189844
6,327,107583,150,5940,57,0.380000,26.228996951,124.150093734,103.927732556,0.211268443,0.252377265
6,327,107583,150,5940,60,0.400000,24.104841404,125.304449024,104.973575193,0.192370196,0.229627707
6,327,107583,150,5940,63,0.420000,23.854781505,126.181864216,105.651985912,0.189050793,0.225786400
6,327,107583,150,5940,67,0.446667,30.535243658,127.240488268,106.600169601,0.239980560,0.286446483
6,327,107583,150,5940,70,0.466667,31.403599250,128.224039816,107.400995831,0.244911947,0.292395792
6,327,107583,150,5940,74,0.493333,40.963654246,129.501433850,108.632678655,0.316318152,0.377084085
6,327,107583,150,5940,78,0.520000,39.475958045,131.412247577,109.720036611,0.300397861,0.359788050
6,327,107583,150,5940,82,0.546667,42.422948978,132.332343501,110.345006800,0.320578839,0.384457351
6,327,107583,150,5940,86,0.573333,33.594109640,133.513274519,111.365738556,0.251616251,0.301655698
6,327,107583,150,5940,91,0.606667,26.066727522,134.939164973,112.378706150,0.193173920,0.231954330
6,327,107583,150,5940,95,0.633333,3.454710487,135.857365957,113.141803149,0.025428952,0.030534342
6,327,107583,150,5940,100,0.666667,9.678645598,136.815960452,113.312863295,0.070742080,0.085415242
6,327,107583,150,5940,106,0.706667,31.316892591,138.121027243,114.641880829,0.226735156,0.273171483
6,327,107583,150,5940,111,0.740000,48.591850194,139.542220103,116.002824843,0.348223284,0.418885060
6,327,107583,150,5940,117,0.780000,56.350826569,141.117559612,116.969731796,0.399318318,0.481755628
6,327,107583,150,5940,123,0.820000,24.865176415,142.331140952,118.029096976,0.174699481,0.210669886
6,327,107583,150,5940,130,0.866667,33.124044980,143.673596977,118.738709425,0.230550677,0.278965850
6,327,107583,150,5940,137,0.913333,31.517330728,145.383704554,119.953154817,0.216787231,0.262746993
6,327,107583,150,5940,144,0.960000,24.397048672,146.508246800,120.877723643,0.166523381,0.201832463
6,327,107583,150,5940,151,1.006667,23.871309273,147.846020077,121.748618544,0.161460615,0.196070473
6,327,107583,150,5940,159,1.060000,17.879053060,148.943224937,122.536019339,0.120039385,0.145908551
6,327,107583,150,5940,168,1.120000,24.706042514,150.181594834,123.330728712,0.164507792,0.200323494
6,327,107583,150,5940,177,1.180000,36.876946122,151.533900481,123.992624760,0.243357731,0.297412416
6,327,107583,150,5940,186,1.240000,44.225591648,153.245859456,125.556010998,0.288592408,0.352237948
6,327,107583,150,5940,196,1.306667,59.959691418,155.247200044,127.066357506,0.386220759,0.471876999
6,327,107583,150,5940,206,1.373333,43.717295555,156.844236134,128.415440216,0.278730648,0.340436442
6,327,107583,150,5940,217,1.446667,13.929058760,158.098575690,129.312281146,0.088103632,0.107716441
6,327,107583,150,5940,228,1.520000,8.044071174,159.256614953,130.226914315,0.050510123,0.061769652
6,327,107583,150,5940,240,1.600000,27.393409806,160.434950839,131.127563412,0.170744652,0.208906572
6,327,107583,150,5940,253,1.686667,27.518843375,162.069825694,132.086977376,0.169796218,0.208338808
6,327,107583,150,5940,266,1.773333,34.386015778,163.728412347,133.478289443,0.210018623,0.257615047
6,327,107583,150,5940,280,1.866667,42.259492297,165.282853814,134.485175084,0.255679832,0.314231604
6,327,107583,150,5940,295,1.966667,67.351829581,167.048734370,135.911299873,0.403186710,0.495557247
6,327,107583,150,5940,310,2.066667,37.693987368,168.665423358,137.117893172,0.223483786,0.274902031
6,327,107583,150,5940,326,2.173333,38.473184216,170.541101802,138.567989133,0.225594791,0.277648427
6,327,107583,150,5940,344,2.293333,11.357455371,171.970567906,139.486938639,0.066043018,0.081423074
6,327,107583,150,5940,362,2.413333,28.768635002,173.607826167,140.708888807,0.165710473,0.204454994
6,327,107583,150,5940,381,2.540000,36.533747434,174.533583203,141.293314765,0.209322165,0.258566709
6,327,107583,150,5940,401,2.673333,29.897372889,175.802789982,142.404826388,0.170061993,0.209946346
6,327,107583,150,5940,422,2.813333,30.435091802,177.358567213,143.685761908,0.171602039,0.211817033
6,327,107583,150,5940,444,2.960000,73.615218437,178.732950763,144.706809786,0.411872674,0.508719794
6,327,107583,150,5940,467,3.113333,65.106118364,180.124097928,145.904368240,0.361451461,0.446224600
6,327,107583,150,5940,492,3.280000,56.189656058,182.336971706,147.416638178,0.308163811,0.381162240
6,327,107583,150,5940,518,3.453333,40.303741980,183.990950001,148.760649556,0.219052850,0.270930129
6,327,107583,150,5940,545,3.633333,23.142265394,184.983413868,149.448575644,0.125104543,0.154851027
6,327,107583,150,5940,574,3.826667,13.742350180,186.582232962,150.659850660,0.073653048,0.091214415
6,327,107583,150,5940,604,4.026667,26.819499300,187.983759998,151.614863500,0.142669235,0.176892283
6,327,107583,150,5940,635,4.233333,35.020713961,189.606175439,152.913214767,0.184702391,0.229023463
6,327,107583,150,5940,669,4.460000,76.994384372,191.279486359,154.155603231,0.402522957,0.499458876
6,327,107583,150,5940,704,4.693333,50.479079200,192.907281790,155.414999945,0.261675343,0.324801848
6,327,107583,150,5940,741,4.940000,45.021332077,194.787844314,156.710327715,0.231130090,0.287290141
6,327,107583,150,5940,780,5.200000,37.735340833,196.244211096,157.810359037,0.192287664,0.239118275
6,327,107583,150,5940,821,5.473333,25.851234281,197.982917898,159.257349239,0.130573054,0.162323650
6,327,107583,150,5940,864,5.760000,48.444341797,199.904521792,160.555359619,0.242337399,0.301729833
6,327,107583,150,5940,910,6.066667,35.727534806,201.321442013,161.654194431,0.177465125,0.221012111
6,327,107583,150,5940,957,6.380000,30.463793924,201.966222373,162.139843318,0.150836083,0.187885922
6,327,107583,150,5940,1008,6.720000,27.681742919,202.759987609,162.756518221,0.136524682,0.170080702
6,327,107583,150,5940,1061,7.073333,50.880182196,204.060179590,163.709375173,0.249339103,0.310795775
6,327,107583,150,5940,1117,7.446667,77.997092478,206.017669364,165.206851911,0.378594189,0.472117782
6,327,107583,150,5940,1175,7.833333,48.288777453,207.871437330,166.639561977,0.232301167,0.289779791
6,327,107583,150,5940,1237,8.246667,44.738634435,209.278173477,167.719277675,0.213775922,0.266747121
6,327,107583,150,5940,1302,8.680000,36.989834389,210.399648998,168.610578603,0.175807491,0.219380271
6,327,107583,150,5940,1371,9.140000,20.299759418,211.666742599,169.598885347,0.095904341,0.119692764
6,327,107583,150,5940,1443,9.620000,21.393858826,212.919961904,170.564937239,0.100478408,0.125429406
6,327,107583,150,5940,1518,10.120000,36.205297651,214.008278265,171.411664619,0.169177090,0.211218401
6,327,107583,150,5940,1598,10.653333,54.447624524,215.662287650,172.639200760,0.252467064,0.315383901
6,327,107583,150,5940,1682,11.213333,70.239122270,217.505436265,173.997134467,0.322930422,0.403679765
6,327,107583,150,5940,1771,11.806667,59.587815491,218.735288188,174.938394751,0.272419764,0.340621712
6,327,107583,150,5940,1864,12.426667,39.092460139,220.710078757,176.280574693,0.177121318,0.221762722
6,327,107583,150,5940,1962,13.080000,33.771424472,222.545416593,177.723262272,0.151750708,0.190022533
6,327,107583,150,5940,2065,13.766667,22.728656499,224.031522747,178.852854150,0.101452939,0.127080200
6,327,107583,150,5940,2173,14.486667,36.119210687,225.520720033,180.008506872,0.160159167,0.200652799
6,327,107583,150,5940,2288,15.253333,28.945669048,226.403032515,180.682182271,0.127850183,0.160202122
6,327,107583,150,5940,2408,16.053333,60.374276805,227.680943511,181.657846472,0.265170532,0.332351605
6,327,107583,150,5940,2535,16.900000,43.521297672,228.681407662,182.423384241,0.190314106,0.238573020
6,327,107583,150,5940,2668,17.786667,29.277059218,230.329705698,183.654137950,0.127109350,0.159414101
6,327,107583,150,5940,2808,18.720000,107.154552526,232.178578781,185.064447792,0.461517824,0.579012089
6,327,107583,150,5940,2956,19.706667,92.801501315,233.824771986,186.330074629,0.396884815,0.498048968
6,327,107583,150,5940,3111,20.740000,39.441033734,235.741131341,187.846362614,0.167306543,0.209964320
6,327,107583,150,5940,3275,21.833333,13.033645410,237.019548628,188.803527658,0.054989749,0.069032849
6,327,107583,150,5940,3447,22.980000,18.000532756,237.751578740,189.376314144,0.075711517,0.095051659
6,327,107583,150,5940,3628,24.186667,54.198160028,239.028730413,190.318238020,0.226743287,0.284776491
6,327,107583,150,5940,3819,25.460000,56.157342209,240.807093041,191.668936881,0.233204685,0.292991359
6,327,107583,150,5940,4019,26.793333,71.583157588,242.577393982,193.023767980,0.295094099,0.370851519
6,404,164024,229,8150,1,0.004367,-46.219701452,46.219701452,46.219701452,1.000000000,1.000000000
6,404,164024,229,8150,1,0.004367,-46.219701452,46.219701452,46.219701452,1.000000000,1.000000000
6,404,164024,229,8150,1,0.004367,-46.219701452,46.219701452,46.219701452,1.000000000,1.000000000
6,404,164024,229,8150,1,0.004367,-46.219701452,46.219701452,46.219701452,1.000000000,1.000000000
6,404,164024,229,8150,1,0.004367,-46.219701452,46.219701452,46.219701452,1.000000000,1.000000000
6,404,164024,229,8150,1,0.004367,-46.219701452,46.219701452,46.219701452,1.000000000,1.000000000
6,404,164024,229,8150,1,0.004367,-46.219701452,46.219701452,46.219701452,1.000000000,1.000000000
6,404,164024,229,8150,1,0.004367,-46.219701452,46.219701452,46.219701452,1.000000000,1.000000000
6,404,164024,229,8150,1,0.004367,-46.219701452,46.219701452,46.219701452,1.000000000,1.000000000
6,404,164024,229,8150,1,0.004367,-46.219701452,46.219701452,46.219701452,1.000000000,1.000000000
6,404,164024,229,8150,1,0.004367,-46.219701452,46.219701452,46.219701452,1.000000000,1.000000000
6,404,164024,229,8150,1,0.004367,-46.219701452,46.219701452,46.219701452,1.000000000,1.000000000
6,404,164024,229,8150,1,0.004367,-46.219701452,46.219701452,46.219701452,1.000000000,1.000000000
6,404,164024,229,8150,1,0.004367,-46.219701452,46.219701452,46.219701452,1.000000000,1.000000000
6,404,164024,229,8150,1,0.004367,-46.219701452,46.219701452,46.219701452,1.000000000,1.000000000
6,404,164024,229,8150,1,0.004367,-46.219701452,46.219701452,46.219701452,1.000000000,1.000000000
6,404,164024,229,8150,1,0.004367,-46.219701452,46.219701452,46.219701452,1.000000000,1.000000000
6,404,164024,229,8150,1,0.004367,-46.219701452,46.219701452,46.219701452,1.000000000,1.000000000
6,404,164024,229,8150,1,0.004367,-46.219701452,46.219701452,46.219701452,1.000000000,1.000000000
6,404,164024,229,8150,1,0.004367,-46.219701452,46.219701452,46.219701452,1.000000000,1.000000000
6,404,164024,229,8150,1,0.004367,-46.219701452,46.219701452,46.219701452,1.000000000,1.000000000
6,404,164024,229,8150,1,0.004367,-46.219701452,46.219701452,46.219701452,1.000000000,1.000000000
6,404,164024,229,8150,1,0.004367,-46.219701452,46.219701452,46.219701452,1.000000000,1.000000000
6,404,164024,229,8150,1,0.004367,-46.219701452,46.219701452,46.219701452,1.000000000,1.000000000
6,404,164024,229,8150,1,0.004367,-46.219701452,46.219701452,46.219701452,1.000000000,1.000000000
6,404,164024,229,8150,1,0.004367,-46.219701452,46.219701452,46.219701452,1.000000000,1.000000000
6,404,164024,229,8150,1,0.004367,-46.219701452,46.219701452,46.219701452,1.000000000,1.000000000
6,404,164024,229,8150,1,0.004367,-46.219701452,46.219701452,46.219701452,1.000000000,1.000000000
6,404,164024,229,8150,1,0.004367,-46.219701452,46.219701452,46.219701452,1.000000000,1.000000000
6,404,164024,229,8150,1,0.004367,-46.219701452,46.219701452,46.219701452,1.000000000,1.000000000
6,404,164024,229,8150,1,0.004367,-46.219701452,46.219701452,46.219701452,1.000000000,1.000000000
6,404,164024,229,8150,1,0.004367,-46.219701452,46.219701452,46.219701452,1.000000000,1.000000000
6,404,164024,229,8150,1,0.004367,-46.219701452,46.219701452,46.219701452,1.000000000,1.000000000
6,404,164024,229,8150,1,0.004367,-46.219701452,46.219701452,46.219701452,1.000000000,1.000000000
6,404,164024,229,8150,1,0.004367,-46.219701452,46.219701452,46.219701452,1.000000000,1.000000000
6,404,164024,229,8150,1,0.004367,-46.219701452,46.219701452,46.219701452,1.000000000,1.000000000
6,404,164024,229,8150,1,0.004367,-46.219701452,46.219701452,46.219701452,1.000000000,1.000000000
6,404,164024,229,8150,2,0.008734,-13.034936986,56.898940192,56.898940192,0.229089276,0.229089276
6,404,164024,229,8150,2,0.008734,-13.034936986,56.898940192,56.898940192,0.229089276,0.229089276
6,404,164024,229,8150,2,0.008734,-13.034936986,56.898940192,56.898940192,0.229089276,0.229089276
6,404,164024,229,8150,2,0.008734,-13.034936986,56.898940192,56.898940192,0.229089276,0.229089276
6,404,164024,229,8150,2,0.008734,-13.034936986,56.898940192,56.898940192,0.229089276,0.229089276
6,404,164024,229,8150,2,0.008734,-13.034936986,56.898940192,56.898940192,0.229089276,0.229089276
6,404,164024,229,8150,2,0.008734,-13.034936986,56.898940192,56.898940192,0.229089276,0.229089276
6,404,164024,229,8150,2,0.008734,-13.034936986,56.898940192,56.898940192,0.229089276,0.229089276
6,404,164024,229,8150,2,0.008734,-13.034936986,56.898940192,56.898940192,0.229089276,0.229089276
6,404,164024,229,8150,2,0.008734,-13.034936986,56.898940192,56.898940192,0.229089276,0.229089276
6,404,164024,229,8150,3,0.013100,18.651844559,65.127118158,65.127118158,0.286391369,0.286391369
6,404,164024,229,8150,3,0.013100,18.651844559,65.127118158,65.127118158,0.286391369,0.286391369
6,404,164024,229,8150,3,0.013100,18.651844559,65.127118158,65.127118158,0.286391369,0.286391369
6,404,164024,229,8150,3,0.013100,18.651844559,65.127118158,65.127118158,0.286391369,0.286391369
6,404,164024,229,8150,3,0.013100,18.651844559,65.127118158,65.127118158,0.286391369,0.286391369
6,404,164024,229,8150,3,0.013100,18.651844559,65.127118158,65.127118158,0.286391369,0.286391369
6,404,164024,229,8150,3,0.013100,18.651844559,65.127118158,65.127118158,0.286391369,0.286391369
6,404,164024,229,8150,4,0.017467,18.651844559,74.313038652,65.127118158,0.250990202,0.286391369
6,404,164024,229,8150,4,0.017467,18.651844559,74.313038652,65.127118158,0.250990202,0.286391369
6,404,164024,229,8150,4,0.017467,18.651844559,74.313038652,65.127118158,0.250990202,0.286391369
6,404,164024,229,8150,4,0.017467,18.651844559,74.313038652,65.127118158,0.250990202,0.286391369
6,404,164024,229,8150,4,0.017467,18.651844559,74.313038652,65.127118158,0.250990202,0.286391369
6,404,164024,229,8150,5,0.021834,46.312078656,79.293860191,70.757544261,0.584056301,0.654517891
6,404,164024,229,8150,5,0.021834,46.312078656,79.293860191,70.757544261,0.584056301,0.654517891
6,404,164024,229,8150,5,0.021834,46.312078656,79.293860191,70.757544261,0.584056301,0.654517891
6,404,164024,229,8150,5,0.021834,46.312078656,79.293860191,70.757544261,0.584056301,0.654517891
6,404,164024,229,8150,6,0.026201,20.931678797,83.256717213,75.171768417,0.251411291,0.278451329
6,404,164024,229,8150,6,0.026201,20.931678797,83.256717213,75.171768417,0.251411291,0.278451329
6,404,164024,229,8150,6,0.026201,20.931678797,83.256717213,75.171768417,0.251411291,0.278451329
6,404,164024,229,8150,7,0.030568,43.230605607,86.191200815,78.409418463,0.501566345,0.551344551
6,404,164024,229,8150,7,0.030568,43.230605607,86.191200815,78.409418463,0.501566345,0.551344551
6,404,164024,229,8150,7,0.030568,43.230605607,86.191200815,78.409418463,0.501566345,0.551344551
6,404,164024,229,8150,8,0.034934,43.230605607,89.826079736,78.409418463,0.481270091,0.551344551
6,404,164024,229,8150,8,0.034934,43.230605607,89.826079736,78.409418463,0.481270091,0.551344551
6,404,164024,229,8150,9,0.039301,43.230605607,91.897797363,78.409418463,0.470420476,0.551344551
6,404,164024,229,8150,9,0.039301,43.230605607,91.897797363,78.409418463,0.470420476,0.551344551
6,404,164024,229,8150,10,0.043668,22.533529526,94.199650310,81.095042154,0.239210331,0.277865686
6,404,164024,229,8150,10,0.043668,22.533529526,94.199650310,81.095042154,0.239210331,0.277865686
6,404,164024,229,8150,11,0.048035,42.853773395,96.366417539,83.602142155,0.444696135,0.512591810
6,404,164024,229,8150,11,0.048035,42.853773395,96.366417539,83.602142155,0.444696135,0.512591810
6,404,164024,229,8150,12,0.052402,42.853773395,99.165128895,83.602142155,0.432145593,0.512591810
6,404,164024,229,8150,12,0.052402,42.853773395,99.165128895,83.602142155,0.432145593,0.512591810
6,404,164024,229,8150,13,0.056769,61.420266377,100.888242379,85.638967968,0.608795088,0.717199983
6,404,164024,229,8150,14,0.061135,36.642021271,103.886471116,89.151524188,0.352712157,0.411008355
6,404,164024,229,8150,15,0.065502,17.638779634,105.610236595,91.154360608,0.167017708,0.193504507
6,404,164024,229,8150,15,0.065502,17.638779634,105.610236595,91.154360608,0.167017708,0.193504507
6,404,164024,229,8150,16,0.069869,17.638779634,106.861682270,91.154360608,0.165061781,0.193504507
6,404,164024,229,8150,17,0.074236,33.437903078,108.023291189,92.513403134,0.309543458,0.361438472
6,404,164024,229,8150,18,0.078603,33.437903078,109.544978474,92.513403134,0.305243595,0.361438472
6,404,164024,229,8150,19,0.082969,53.830918832,111.427004808,94.734391068,0.483104782,0.568229956
6,404,164024,229,8150,20,0.087336,53.830918832,113.155843099,94.734391068,0.475723722,0.568229956
6,404,164024,229,8150,21,0.091703,36.630013147,114.455738099,96.283311157,0.320036494,0.380439899
6,404,164024,229,8150,22,0.096070,15.138011439,116.456095252,98.652836476,0.129989001,0.153447300
6,404,164024,229,8150,23,0.100437,29.203292399,117.302405132,99.650460477,0.248957320,0.293057275
6,404,164024,229,8150,24,0.104803,29.203292399,118.196424633,99.650460477,0.247074245,0.293057275
6,404,164024,229,8150,26,0.113537,14.533369349,120.228028423,100.724480220,0.120881707,0.144288353
6,404,164024,229,8150,27,0.117904,14.533369349,121.270681848,100.724480220,0.119842398,0.144288353
6,404,164024,229,8150,28,0.122271,14.533369349,121.967911878,100.724480220,0.119157319,0.144288353
6,404,164024,229,8150,30,0.131004,47.000810099,124.112149524,103.310575679,0.378696286,0.454946745
6,404,164024,229,8150,31,0.135371,63.287727051,125.176233061,104.586513045,0.505589004,0.605123215
6,404,164024,229,8150,33,0.144105,48.576501255,126.695114802,105.616091934,0.383412583,0.459934659
6,404,164024,229,8150,35,0.152838,21.820567247,128.100104379,107.297453384,0.170339965,0.203365192
6,404,164024,229,8150,37,0.161572,36.018808046,129.623661586,108.232774816,0.277872169,0.332790212
6,404,164024,229,8150,38,0.165939,23.776534592,130.200487335,108.922939750,0.182614790,0.218287669
6,404,164024,229,8150,40,0.174672,9.816369805,131.438354948,109.813901691,0.074684211,0.089390957
6,404,164024,229,8150,43,0.187773,50.811309541,133.556715085,112.340767300,0.380447434,0.452296266
6,404,164024,229,8150,45,0.196507,50.811309541,134.494412035,112.340767300,0.377794949,0.452296266
6,404,164024,229,8150,47,0.205240,53.506909939,135.928309286,114.053524252,0.393640664,0.469138593
6,404,164024,229,8150,50,0.218341,53.506909939,137.941451665,114.053524252,0.387895801,0.469138593
6,404,164024,229,8150,52,0.227074,38.933074101,139.505829005,114.980881390,0.279078476,0.338604763
6,404,164024,229,8150,55,0.240175,39.900105064,140.820567467,116.020557155,0.283340039,0.343905477
6,404,164024,229,8150,58,0.253275,19.438380830,141.902970307,116.919302898,0.136983608,0.166254676
6,404,164024,229,8150,61,0.266376,42.022895058,143.102859740,118.016829487,0.293655173,0.356075445
6,404,164024,229,8150,64,0.279476,26.994484481,144.994685470,118.969849822,0.186175682,0.226901896
6,404,164024,229,8150,68,0.296943,33.046434098,146.418591661,120.343132810,0.225698347,0.274601744
6,404,164024,229,8150,71,0.310044,44.825504342,147.680786560,121.875675792,0.303529697,0.367796971
6,404,164024,229,8150,75,0.327511,44.716456160,149.539015615,123.038542414,0.299028691,0.363434541
6,404,164024,229,8150,79,0.344978,55.797175209,151.023933170,124.481223874,0.369459158,0.448237682
6,404,164024,229,8150,83,0.362445,57.637150247,152.743259546,125.579695266,0.377346604,0.458968706
6,404,164024,229,8150,87,0.379913,27.172814844,154.114062934,126.814620629,0.176316258,0.214271940
6,404,164024,229,8150,92,0.401747,29.500703328,155.818278892,127.565097035,0.189327616,0.231259992
6,404,164024,229,8150,97,0.423581,13.554546794,157.056954142,128.764318682,0.086303385,0.105266326
6,404,164024,229,8150,102,0.445415,28.647181017,157.991175362,129.212328306,0.181321399,0.221706252
6,404,164024,229,8150,107,0.467249,46.118591445,159.390796684,130.592161263,0.289342876,0.353149768
6,404,164024,229,8150,113,0.493450,62.399675175,161.068267996,131.947061274,0.387411350,0.472914475
6,404,164024,229,8150,119,0.519651,40.415931534,163.431267250,133.824908711,0.247296201,0.302006046
6,404,164024,229,8150,125,0.545852,25.391477575,164.656658053,134.250290796,0.154208629,0.189135364
6,404,164024,229,8150,132,0.576419,40.331626703,166.226862584,135.405320219,0.242630018,0.297858508
6,404,164024,229,8150,138,0.602620,41.188971210,167.554878380,136.434766910,0.245823766,0.301894980
6,404,164024,229,8150,146,0.637555,13.621983790,168.991759441,137.758240913,0.080607385,0.098883259
6,404,164024,229,8150,153,0.668122,29.500096152,170.134536024,138.222242291,0.173392756,0.213425102
6,404,164024,229,8150,161,0.703057,11.161017509,171.602549969,139.614925660,0.065039928,0.079941435
6,404,164024,229,8150,170,0.742358,38.755163885,173.736611488,141.074961046,0.223068492,0.274713270
6,404,164024,229,8150,179,0.781659,46.368502827,175.509016131,142.281228676,0.264194421,0.325893326
6,404,164024,229,8150,188,0.820961,48.635874099,176.983302508,143.527165732,0.274804874,0.338861803
6,404,164024,229,8150,198,0.864629,77.717051357,178.571534895,144.695751643,0.435215228,0.537106656
6,404,164024,229,8150,209,0.912664,35.163155267,180.687648058,146.354863991,0.194607410,0.240259560
6,404,164024,229,8150,220,0.960699,-7.239730683,182.130890751,147.681862409,0.039750153,0.049022477
6,404,164024,229,8150,231,1.008734,21.137690157,183.768755703,149.148153712,0.115023308,0.141722775
6,404,164024,229,8150,243,1.061135,33.480301350,185.035221549,149.919231209,0.180940153,0.223322259
6,404,164024,229,8150,256,1.117904,26.649137007,186.419172043,150.789997429,0.142952770,0.176730138
6,404,164024,229,8150,270,1.179039,34.914608862,188.173204317,152.178023826,0.185545062,0.229432660
6,404,164024,229,8150,284,1.240175,64.790490715,190.382150894,153.778630867,0.340318094,0.421323108
6,404,164024,229,8150,299,1.305677,57.429385800,192.846788581,155.543284869,0.297797989,0.369218034
6,404,164024,229,8150,314,1.371179,39.482395439,194.755504094,157.058936626,0.202728008,0.251385857
6,404,164024,229,8150,331,1.445415,22.198078542,196.303965076,158.276798774,0.113080133,0.140248468
6,404,164024,229,8150,348,1.519651,11.113961714,197.733150711,159.111165352,0.056206871,0.069850294
6,404,164024,229,8150,366,1.598253,21.420859179,199.184666649,160.126471699,0.107542712,0.133774628
6,404,164024,229,8150,386,1.685590,32.383190046,201.219225733,161.701821876,0.160934871,0.200264843
6,404,164024,229,8150,406,1.772926,22.363616345,203.291081116,163.395876410,0.110007858,0.136867691
6,404,164024,229,8150,427,1.864629,14.824954656,205.163151341,164.823541528,0.072259344,0.089944401
6,404,164024,229,8150,450,1.965066,59.615176119,207.357741308,166.607822153,0.287499158,0.357817390
6,404,164024,229,8150,474,2.069869,53.450289522,209.518622994,168.565197148,0.255109970,0.317089710
6,404,164024,229,8150,498,2.174672,47.024655401,211.784731653,170.076036627,0.222039875,0.276491952
6,404,164024,229,8150,525,2.292576,38.605497229,213.455480647,171.330311288,0.180859714,0.225327888
6,404,164024,229,8150,552,2.410480,-0.128544268,215.414674361,172.683454465,0.000596729,0.000744392
6,404,164024,229,8150,581,2.537118,-8.652203433,216.583527282,173.609251040,0.039948576,0.049837226
6,404,164024,229,8150,612,2.672489,24.989077740,218.140908549,174.805523811,0.114554752,0.142953593
6,404,164024,229,8150,644,2.812227,41.361447467,220.065350377,176.218810512,0.187950749,0.234716415
6,404,164024,229,8150,678,2.960699,79.325882466,221.754222757,177.583695885,0.357719828,0.446695751
6,404,164024,229,8150,713,3.113537,42.108301841,223.499144964,178.969091924,0.188404756,0.235282536
6,404,164024,229,8150,751,3.279476,37.635547690,226.192928439,180.801680133,0.166386933,0.208159281
6,404,164024,229,8150,790,3.449782,31.862534067,228.166963914,182.405886505,0.139645694,0.174679308
6,404,164024,229,8150,832,3.633188,32.355722547,229.418007172,183.410944621,0.141033927,0.176411078
6,404,164024,229,8150,876,3.825328,15.599048856,231.414834899,184.711374934,0.067407299,0.084450938
6,404,164024,229,8150,922,4.026201,10.380868656,233.160983461,186.175064672,0.044522323,0.055758641
6,404,164024,229,8150,970,4.235808,7.829928432,235.157518501,187.622883170,0.033296526,0.041732268
6,404,164024,229,8150,1021,4.458515,26.374185556,237.193086713,189.219906085,0.111192893,0.139383779
6,404,164024,229,8150,1075,4.694323,56.700152412,239.221233897,190.676354769,0.237019731,0.297363312
6,404,164024,229,8150,1131,4.938865,81.182327842,241.552133506,192.539188638,0.336086155,0.421640542
6,404,164024,229,8150,1191,5.200873,44.715830555,243.337978565,193.938190922,0.183760179,0.230567432
6,404,164024,229,8150,1253,5.471616,29.220004865,245.474531586,195.559744215,0.119034772,0.149417279
6,404,164024,229,8150,1319,5.759825,25.609777014,247.862159916,197.525526480,0.103322657,0.129653000
6,404,164024,229,8150,1389,6.065502,-9.211476301,249.574146726,198.808993378,0.036908776,0.046333298
6,404,164024,229,8150,1462,6.384279,4.634364013,250.389411891,199.450773036,0.018508626,0.023235628
6,404,164024,229,8150,1539,6.720524,4.718128124,251.380906825,200.227574006,0.018768840,0.023563828
6,404,164024,229,8150,1619,7.069869,51.487961946,252.966731779,201.476287628,0.203536495,0.255553458
6,404,164024,229,8150,1705,7.445415,58.948280022,255.426276754,203.253490425,0.230783930,0.290023457
6,404,164024,229,8150,1794,7.834061,35.019046350,257.687600256,204.969922220,0.135897289,0.170849684
6,404,164024,229,8150,1889,8.248908,33.446262409,259.421285276,206.212684674,0.128926439,0.162193041
6,404,164024,229,8150,1988,8.681223,-1.247164556,260.806401400,207.298532930,0.004781955,0.006016273
6,404,164024,229,8150,2092,9.135371,15.308266571,262.340296999,208.482113912,0.058352707,0.073427242
6,404,164024,229,8150,2202,9.615721,-3.625473400,263.867484155,209.674770784,0.013739751,0.017290938
6,404,164024,229,8150,2318,10.122271,26.068804631,265.261270267,210.743708841,0.098275955,0.123699088
6,404,164024,229,8150,2440,10.655022,55.451309033,267.271464055,212.278976035,0.207471865,0.261219034
6,404,164024,229,8150,2568,11.213974,17.196286573,269.531846935,214.024461656,0.063800574,0.080347295
6,404,164024,229,8150,2703,11.803493,34.509104963,271.044100764,215.205443908,0.127319152,0.160354238
6,404,164024,229,8150,2845,12.423581,78.866524050,273.483543622,217.032371156,0.288377586,0.363385995
6,404,164024,229,8150,2995,13.078603,35.164865632,275.724777463,218.751222141,0.127536110,0.160752773
6,404,164024,229,8150,3152,13.764192,-5.066930694,277.566890816,220.187425622,0.018254809,0.023011899
6,404,164024,229,8150,3318,14.489083,-34.901902385,279.390451435,221.594237988,0.124921601,0.157503655
6,404,164024,229,8150,3493,15.253275,-14.306634415,280.479800045,222.433272848,0.051007718,0.064318770
6,404,164024,229,8150,3676,16.052402,22.615862675,282.043589118,223.621160550,0.080185700,0.101134716
6,404,164024,229,8150,3869,16.895197,30.407186775,283.279432978,224.572878289,0.107339903,0.135400085
6,404,164024,229,8150,4073,17.786026,46.169719613,285.337061237,226.153350907,0.161807651,0.204152268
6,404,164024,229,8150,4287,18.720524,37.442106791,287.592937493,227.877917670,0.130191329,0.164307745
6,404,164024,229,8150,4512,19.703057,22.894625643,289.627657274,229.425964126,0.079048479,0.099790910
6,404,164024,229,8150,4750,20.742358,5.283681068,291.978243500,231.247204620,0.018096146,0.022848627
6,404,164024,229,8150,4999,21.829694,6.116022787,293.522590324,232.438664944,0.020836634,0.026312416
6,404,164024,229,8150,5262,22.978166,10.793048441,294.418792742,233.110406579,0.036658830,0.046300157
6,404,164024,229,8150,5539,24.187773,-6.317704064,296.007086110,234.329275380,0.021343084,0.026960797
6,404,164024,229,8150,5830,25.458515,9.102401733,298.225669393,236.023120598,0.030521859,0.038565721
6,404,164024,229,8150,6136,26.794760,20.970093210,300.380090295,237.711451416,0.069811861,0.088216588
6,482,233288,325,10615,1,0.003077,-50.681803410,50.681803410,50.681803410,1.000000000,1.000000000
6,482,233288,325,10615,1,0.003077,-50.681803410,50.681803410,50.681803410,1.000000000,1.000000000
6,482,233288,325,10615,1,0.003077,-50.681803410,50.681803410,50.681803410,1.000000000,1.000000000
6,482,233288,325,10615,1,0.003077,-50.681803410,50.681803410,50.681803410,1.000000000,1.000000000
6,482,233288,325,10615,1,0.003077,-50.681803410,50.681803410,50.681803410,1.000000000,1.000000000
6,482,233288,325,10615,1,0.003077,-50.681803410,50.681803410,50.681803410,1.000000000,1.000000000
6,482,233288,325,10615,1,0.003077,-50.681803410,50.681803410,50.681803410,1.000000000,1.000000000
6,482,233288,325,10615,1,0.003077,-50.681803410,50.681803410,50.681803410,1.000000000,1.000000000
6,482,233288,325,10615,1,0.003077,-50.681803410,50.681803410,50.681803410,1.000000000,1.000000000
6,482,233288,325,10615,1,0.003077,-50.681803410,50.681803410,50.681803410,1.000000000,1.000000000
6,482,233288,325,10615,1,0.003077,-50.681803410,50.681803410,50.681803410,1.000000000,1.000000000
6,482,233288,325,10615,1,0.003077,-50.681803410,50.681803410,50.681803410,1.000000000,1.000000000
6,482,233288,325,10615,1,0.003077,-50.681803410,50.681803410,50.681803410,1.000000000,1.000000000
6,482,233288,325,10615,1,0.003077,-50.681803410,50.681803410,50.681803410,1.000000000,1.000000000
6,482,233288,325,10615,1,0.003077,-50.681803410,50.681803410,50.681803410,1.000000000,1.000000000
6,482,233288,325,10615,1,0.003077,-50.681803410,50.681803410,50.681803410,1.000000000,1.000000000
6,482,233288,325,10615,1,0.003077,-50.681803410,50.681803410,50.681803410,1.000000000,1.000000000
6,482,233288,325,10615,1,0.003077,-50.681803410,50.681803410,50.681803410,1.000000000,1.000000000
6,482,233288,325,10615,1,0.003077,-50.681803410,50.681803410,50.681803410,1.000000000,1.000000000
6,482,233288,325,10615,1,0.003077,-50.681803410,50.681803410,50.681803410,1.000000000,1.000000000
6,482,233288,325,10615,1,0.003077,-50.681803410,50.681803410,50.681803410,1.000000000,1.000000000
6,482,233288,325,10615,1,0.003077,-50.681803410,50.681803410,50.681803410,1.000000000,1.000000000
6,482,233288,325,10615,1,0.003077,-50.681803410,50.681803410,50.681803410,1.000000000,1.000000000
6,482,233288,325,10615,1,0.003077,-50.681803410,50.681803410,50.681803410,1.000000000,1.000000000
6,482,233288,325,10615,1,0.003077,-50.681803410,50.681803410,50.681803410,1.000000000,1.000000000
6,482,233288,325,10615,1,0.003077,-50.681803410,50.681803410,50.681803410,1.000000000,1.000000000
6,482,233288,325,10615,1,0.003077,-50.681803410,50.681803410,50.681803410,1.000000000,1.000000000
6,482,233288,325,10615,1,0.003077,-50.681803410,50.681803410,50.681803410,1.000000000,1.000000000
6,482,233288,325,10615,1,0.003077,-50.681803410,50.681803410,50.681803410,1.000000000,1.000000000
6,482,233288,325,10615,1,0.003077,-50.681803410,50.681803410,50.681803410,1.000000000,1.000000000
6,482,233288,325,10615,2,0.006154,0.935106195,72.339135701,72.339135701,0.012926698,0.012926698
6,482,233288,325,10615,2,0.006154,0.935106195,72.339135701,72.339135701,0.012926698,0.012926698
6,482,233288,325,10615,2,0.006154,0.935106195,72.339135701,72.339135701,0.012926698,0.012926698
6,482,233288,325,10615,2,0.006154,0.935106195,72.339135701,72.339135701,0.012926698,0.012926698
6,482,233288,325,10615,2,0.006154,0.935106195,72.339135701,72.339135701,0.012926698,0.012926698
6,482,233288,325,10615,2,0.006154,0.935106195,72.339135701,72.339135701,0.012926698,0.012926698
6,482,233288,325,10615,2,0.006154,0.935106195,72.339135701,72.339135701,0.012926698,0.012926698
6,482,233288,325,10615,2,0.006154,0.935106195,72.339135701,72.339135701,0.012926698,0.012926698
6,482,233288,325,10615,2,0.006154,0.935106195,72.339135701,72.339135701,0.012926698,0.012926698
6,482,233288,325,10615,2,0.006154,0.935106195,72.339135701,72.339135701,0.012926698,0.012926698
6,482,233288,325,10615,3,0.009231,33.621503327,79.381050078,79.381050078,0.423545711,0.423545711
6,482,233288,325,10615,3,0.009231,33.621503327,79.381050078,79.381050078,0.423545711,0.423545711
6,482,233288,325,10615,3,0.009231,33.621503327,79.381050078,79.381050078,0.423545711,0.423545711
6,482,233288,325,10615,3,0.009231,33.621503327,79.381050078,79.381050078,0.423545711,0.423545711
6,482,233288,325,10615,3,0.009231,33.621503327,79.381050078,79.381050078,0.423545711,0.423545711
6,482,233288,325,10615,3,0.009231,33.621503327,79.381050078,79.381050078,0.423545711,0.423545711
6,482,233288,325,10615,3,0.009231,33.621503327,79.381050078,79.381050078,0.423545711,0.423545711
6,482,233288,325,10615,4,0.012308,33.621503327,82.955453846,79.381050078,0.405295876,0.423545711
6,482,233288,325,10615,4,0.012308,33.621503327,82.955453846,79.381050078,0.405295876,0.423545711
6,482,233288,325,10615,4,0.012308,33.621503327,82.955453846,79.381050078,0.405295876,0.423545711
6,482,233288,325,10615,4,0.012308,33.621503327,82.955453846,79.381050078,0.405295876,0.423545711
6,482,233288,325,10615,4,0.012308,33.621503327,82.955453846,79.381050078,0.405295876,0.423545711
6,482,233288,325,10615,5,0.015385,68.170163798,89.862212654,86.573443109,0.758607670,0.787425813
6,482,233288,325,10615,5,0.015385,68.170163798,89.862212654,86.573443109,0.758607670,0.787425813
6,482,233288,325,10615,5,0.015385,68.170163798,89.862212654,86.573443109,0.758607670,0.787425813
6,482,233288,325,10615,5,0.015385,68.170163798,89.862212654,86.573443109,0.758607670,0.787425813
6,482,233288,325,10615,6,0.018462,37.945464626,94.809016993,91.697837989,0.400230546,0.413809807
6,482,233288,325,10615,6,0.018462,37.945464626,94.809016993,91.697837989,0.400230546,0.413809807
6,482,233288,325,10615,6,0.018462,37.945464626,94.809016993,91.697837989,0.400230546,0.413809807
6,482,233288,325,10615,7,0.021538,67.768014080,99.388802987,96.425504654,0.681847573,0.702801757
6,482,233288,325,10615,7,0.021538,67.768014080,99.388802987,96.425504654,0.681847573,0.702801757
6,482,233288,325,10615,7,0.021538,67.768014080,99.388802987,96.425504654,0.681847573,0.702801757
6,482,233288,325,10615,8,0.024615,67.768014080,102.572180815,96.425504654,0.660686100,0.702801757
6,482,233288,325,10615,8,0.024615,67.768014080,102.572180815,96.425504654,0.660686100,0.702801757
6,482,233288,325,10615,9,0.027692,67.768014080,105.894457744,96.425504654,0.639958082,0.702801757
6,482,233288,325,10615,9,0.027692,67.768014080,105.894457744,96.425504654,0.639958082,0.702801757
6,482,233288,325,10615,10,0.030769,47.807434283,107.759273043,98.469806000,0.443650304,0.485503488
6,482,233288,325,10615,10,0.030769,47.807434283,107.759273043,98.469806000,0.443650304,0.485503488
6,482,233288,325,10615,11,0.033846,72.989375609,110.662509892,101.638737018,0.659567325,0.718125567
6,482,233288,325,10615,11,0.033846,72.989375609,110.662509892,101.638737018,0.659567325,0.718125567
6,482,233288,325,10615,12,0.036923,72.989375609,114.135496690,101.638737018,0.639497595,0.718125567
6,482,233288,325,10615,12,0.036923,72.989375609,114.135496690,101.638737018,0.639497595,0.718125567
6,482,233288,325,10615,13,0.040000,94.931222403,116.225454378,103.980178416,0.816785126,0.912974221
6,482,233288,325,10615,14,0.043077,75.363138916,117.861215575,105.805422331,0.639422719,0.712280498
6,482,233288,325,10615,14,0.043077,75.363138916,117.861215575,105.805422331,0.639422719,0.712280498
6,482,233288,325,10615,15,0.046154,56.487201604,119.363173325,107.475989896,0.473238102,0.525579729
6,482,233288,325,10615,16,0.049231,56.487201604,121.719907841,107.475989896,0.464075291,0.525579729
6,482,233288,325,10615,17,0.052308,75.549704316,123.203550981,109.153412286,0.613210445,0.692142396
6,482,233288,325,10615,18,0.055385,75.549704316,124.635521167,109.153412286,0.606165109,0.692142396
6,482,233288,325,10615,19,0.058462,97.164192079,126.495846643,111.272878524,0.768121600,0.873206422
6,482,233288,325,10615,20,0.061538,97.164192079,128.794892572,111.272878524,0.754410289,0.873206422
6,482,233288,325,10615,21,0.064615,77.466440110,130.292462503,113.002897873,0.594558109,0.685526138
6,482,233288,325,10615,22,0.067692,60.006769809,131.457087569,114.343758092,0.456474207,0.524792702
6,482,233288,325,10615,23,0.070769,75.503539226,132.367351468,115.389102072,0.570409080,0.654338563
6,482,233288,325,10615,24,0.073846,75.503539226,133.409636056,115.389102072,0.565952666,0.654338563
6,482,233288,325,10615,25,0.076923,75.503539226,134.643210105,115.389102072,0.560767522,0.654338563
6,482,233288,325,10615,27,0.083077,58.676549202,137.348444638,116.609572807,0.427209419,0.503188098
6,482,233288,325,10615,28,0.086154,58.676549202,138.410946138,116.609572807,0.423929977,0.503188098
6,482,233288,325,10615,30,0.092308,93.347886088,140.591901689,119.190122409,0.663963464,0.783184749
6,482,233288,325,10615,31,0.095385,112.686260639,141.915663514,120.748739166,0.794036809,0.933229294
6,482,233288,325,10615,33,0.101538,99.612530820,143.522676170,121.454437636,0.694054302,0.820163781
6,482,233288,325,10615,34,0.104615,84.045324953,144.364457099,122.448022933,0.582174634,0.686375516
6,482,233288,325,10615,36,0.110769,67.702410228,145.988398131,123.533838205,0.463751991,0.548047492
6,482,233288,325,10615,38,0.116923,66.704654518,147.488053147,125.302524372,0.452271578,0.532348848
6,482,233288,325,10615,40,0.123077,51.521114485,149.026908700,126.219105138,0.345716857,0.408187924
6,482,233288,325,10615,42,0.129231,81.905875572,150.570805976,128.038316912,0.543969165,0.639698159
6,482,233288,325,10615,44,0.135385,98.799023707,152.418839166,129.147934755,0.648207428,0.765006610
6,482,233288,325,10615,47,0.144615,100.123805812,154.644330671,130.934136601,0.647445693,0.764688327
6,482,233288,325,10615,49,0.150769,100.123805812,156.177519894,130.934136601,0.641089741,0.764688327
6,482,233288,325,10615,52,0.160000,86.164911084,157.895744904,131.676113511,0.545707620,0.654370096
6,482,233288,325,10615,55,0.169231,87.278126347,159.444836231,132.922482913,0.547387601,0.656609209
6,482,233288,325,10615,57,0.175385,74.882632532,160.315094312,133.499193746,0.467096582,0.560921983
6,482,233288,325,10615,60,0.184615,74.680997847,161.557602916,134.381308972,0.462256164,0.555739473
6,482,233288,325,10615,64,0.196923,74.204449136,163.265714608,135.499130503,0.454501114,0.547637825
6,482,233288,325,10615,67,0.206154,89.704646896,164.927608868,137.497043485,0.543903156,0.652411460
6,482,233288,325,10615,71,0.218462,104.898753258,167.284744085,139.515301842,0.627067064,0.751879915
6,482,233288,325,10615,74,0.227692,104.232033136,169.130884811,140.975367086,0.616280304,0.739363445
6,482,233288,325,10615,78,0.240000,104.362827786,170.726448340,141.894017796,0.611286821,0.735498433
6,482,233288,325,10615,82,0.252308,106.035897300,171.892046084,142.602001789,0.616874950,0.743579304
6,482,233288,325,10615,87,0.267692,81.249934540,173.514373789,144.225803786,0.468260541,0.563352274
6,482,233288,325,10615,91,0.280000,82.628920238,175.515895303,145.272853515,0.470777419,0.568784313
6,482,233288,325,10615,96,0.295385,52.105770027,177.148505886,146.348785550,0.294136097,0.356038281
6,482,233288,325,10615,101,0.310769,72.524406685,178.908290847,147.063820003,0.405371972,0.493149210
6,482,233288,325,10615,106,0.326154,95.646548224,180.947152734,149.095432782,0.528588302,0.641512261
6,482,233288,325,10615,112,0.344615,116.537723590,182.722019589,150.492293961,0.637786972,0.774376684
6,482,233288,325,10615,118,0.363077,115.330986981,184.782302821,152.186134785,0.624145198,0.757828479
6,482,233288,325,10615,124,0.381538,83.653178485,186.597482228,153.285455210,0.448308184,0.545734612
6,482,233288,325,10615,130,0.400000,92.851713988,188.283222070,154.131943999,0.493149166,0.602417069
6,482,233288,325,10615,137,0.421538,93.228795490,189.717662042,155.134283859,0.491408098,0.600955464
6,482,233288,325,10615,144,0.443077,88.358913507,190.876907474,156.168841233,0.462910441,0.565790927
6,482,233288,325,10615,152,0.467692,90.321874614,192.623669780,157.254640170,0.468903301,0.574366992
6,482,233288,325,10615,160,0.492308,79.537320440,194.440688389,158.697693001,0.409056978,0.501187629
6,482,233288,325,10615,168,0.516923,91.778876239,197.094075323,160.731501981,0.465660249,0.571007395
6,482,233288,325,10615,177,0.544615,110.826796433,198.847483004,161.660453435,0.557345734,0.685552923
6,482,233288,325,10615,187,0.575385,110.587519814,200.774576369,163.521401292,0.550804399,0.676287745
6,482,233288,325,10615,196,0.603077,138.018610216,202.452298880,164.716260188,0.681733974,0.837917338
6,482,233288,325,10615,207,0.636923,116.340334864,204.195930682,166.074089205,0.569748547,0.700532729
6,482,233288,325,10615,218,0.670769,70.862600175,205.657158503,167.385684197,0.344566660,0.423349228
6,482,233288,325,10615,229,0.704615,81.860081882,207.353177860,168.738134530,0.394785760,0.485130893
6,482,233288,325,10615,241,0.741538,118.040233879,209.562437260,170.518337815,0.563269999,0.692243634
6,482,233288,325,10615,254,0.781538,99.774552692,211.852664966,171.774822632,0.470961990,0.580845034
6,482,233288,325,10615,267,0.821538,107.517743553,213.581521498,173.313166414,0.503403772,0.620366853
6,482,233288,325,10615,281,0.864615,128.224597477,215.419524781,174.439041266,0.595232013,0.735068231
6,482,233288,325,10615,296,0.910769,153.771140029,217.749995679,176.150825324,0.706182058,0.872951573
6,482,233288,325,10615,312,0.960000,126.892224043,219.553269206,177.540409439,0.577956432,0.714723056
6,482,233288,325,10615,328,1.009231,110.964693123,221.523233119,179.076383815,0.500916728,0.619650066
6,482,233288,325,10615,345,1.061538,91.460328341,223.046517992,180.092380537,0.410050465,0.507852293
6,482,233288,325,10615,363,1.116923,102.593029578,224.589066623,181.161801434,0.456803312,0.566306080
6,482,233288,325,10615,382,1.175385,108.220468708,226.559807933,182.648192514,0.477668434,0.592507745
6,482,233288,325,10615,403,1.240000,97.863153788,229.229702368,185.075212084,0.426921785,0.528775046
6,482,233288,325,10615,424,1.304615,98.334754645,232.152317105,187.212628562,0.423578605,0.525257059
6,482,233288,325,10615,446,1.372308,150.391240382,234.486765814,189.168398538,0.641363447,0.795012494
6,482,233288,325,10615,469,1.443077,143.634662285,236.234250015,190.513820006,0.608017941,0.753933034
6,482,233288,325,10615,494,1.520000,136.010364618,238.012341917,191.816617946,0.571442487,0.709064554
6,482,233288,325,10615,520,1.600000,110.836708385,239.721874370,193.051455542,0.462355422,0.574130395
6,482,233288,325,10615,547,1.683077,83.588662565,241.988151592,194.756760304,0.345424609,0.429195179
6,482,233288,325,10615,576,1.772308,73.035141480,244.494162603,196.483630384,0.298719367,0.371711075
6,482,233288,325,10615,607,1.867692,102.838604226,246.814551317,198.242264099,0.416663457,0.518752168
6,482,233288,325,10615,638,1.963077,110.581415570,249.228518991,200.071039916,0.443694871,0.552710755
6,482,233288,325,10615,672,2.067692,164.147278703,251.693069983,201.972091664,0.652172421,0.812722576
6,482,233288,325,10615,707,2.175385,121.833044128,254.493832668,204.279497588,0.478726902,0.596403680
6,482,233288,325,10615,745,2.292308,126.520515618,256.499130282,205.660793092,0.493259043,0.615190254
6,482,233288,325,10615,784,2.412308,111.561599386,258.873462255,207.435017982,0.430950312,0.537814688
6,482,233288,325,10615,825,2.538462,105.206645709,260.248545877,208.583099010,0.404254500,0.504387202
6,482,233288,325,10615,868,2.670769,106.632494909,261.983914544,209.707618093,0.407019244,0.508481742
6,482,233288,325,10615,914,2.812308,93.548010367,264.311567093,211.575029353,0.353930823,0.442150525
6,482,233288,325,10615,962,2.960000,83.152891337,266.352039184,213.066767275,0.312191683,0.390266828
6,482,233288,325,10615,1012,3.113846,94.369393877,268.363606488,214.698925211,0.351647510,0.439542926
6,482,233288,325,10615,1066,3.280000,145.032293806,271.526060966,216.961219824,0.534137656,0.668471047
6,482,233288,325,10615,1122,3.452308,158.096924543,273.942355729,218.825807690,0.577117489,0.722478423
6,482,233288,325,10615,1181,3.633846,139.406425357,275.418717233,219.915024953,0.506161770,0.633910418
6,482,233288,325,10615,1243,3.824615,119.495691807,277.705076669,221.734570796,0.430297110,0.538913221
6,482,233288,325,10615,1308,4.024615,119.765131950,279.753781869,223.316468929,0.428109072,0.536302282
6,482,233288,325,10615,1377,4.236923,93.325183253,282.195373294,225.185581714,0.330711245,0.414436762
6,482,233288,325,10615,1449,4.458462,99.494907206,284.585427570,227.072346692,0.349613499,0.438163910
6,482,233288,325,10615,1525,4.692308,118.872726454,286.992579029,228.913661458,0.414201395,0.519290660
6,482,233288,325,10615,1606,4.941538,161.173579694,289.768671154,231.093112307,0.556214649,0.697439998
6,482,233288,325,10615,1690,5.200000,162.211628189,291.875223265,232.596258937,0.555756759,0.697395689
6,482,233288,325,10615,1779,5.473846,150.797749938,294.431114000,234.535289183,0.512166489,0.642964010
6,482,233288,325,10615,1872,5.760000,128.400858598,297.243163127,236.558765642,0.431972454,0.542786306
6,482,233288,325,10615,1971,6.064615,107.128310559,299.333071335,238.170728943,0.357889992,0.449796291
6,482,233288,325,10615,2074,6.381538,106.473415955,300.301112200,238.924452618,0.354555517,0.445636329
6,482,233288,325,10615,2184,6.720000,105.035483139,301.434493840,239.792001024,0.348452102,0.438027468
6,482,233288,325,10615,2298,7.070769,130.317622453,303.323919246,241.279858961,0.429631869,0.540109825
6,482,233288,325,10615,2419,7.443077,170.577764111,306.147251027,243.501875965,0.557175554,0.700519302
6,482,233288,325,10615,2546,7.833846,132.011390320,308.921782756,245.595697869,0.427329498,0.537515076
6,482,233288,325,10615,2680,8.246154,112.145662035,310.962268224,247.145041578,0.360640738,0.453764564
6,482,233288,325,10615,2821,8.680000,181.497277548,312.608976737,248.417842095,0.580588822,0.730612890
6,482,233288,325,10615,2969,9.135385,166.473252937,314.424454428,249.804448631,0.529453898,0.666414285
6,482,233288,325,10615,3126,9.618462,111.678894134,316.292873729,251.254680355,0.353086975,0.444484831
6,482,233288,325,10615,3290,10.123077,67.474347064,317.875550044,252.469575089,0.212266552,0.267257340
6,482,233288,325,10615,3463,10.655385,89.267335592,320.297190443,254.384246468,0.278701588,0.350915345
6,482,233288,325,10615,3645,11.215385,150.715350628,322.984870345,256.397832474,0.466632850,0.587818349
6,482,233288,325,10615,3836,11.803077,149.715373784,324.743678701,257.717574197,0.461026291,0.580928073
6,482,233288,325,10615,4038,12.424615,162.807668336,327.620546474,259.957745557,0.496939737,0.626285122
6,482,233288,325,10615,4250,13.076923,167.480272851,330.320737915,261.994032912,0.507023186,0.639252242
6,482,233288,325,10615,4474,13.766154,146.008595812,332.476135039,263.672648583,0.439155116,0.553749494
6,482,233288,325,10615,4709,14.489231,131.994556180,334.686389772,265.354067827,0.394382802,0.497428049
6,482,233288,325,10615,4957,15.252308,107.896168706,335.980082419,266.361549409,0.321138586,0.405074114
6,482,233288,325,10615,5217,16.052308,138.216542236,337.848264765,267.762599484,0.409108338,0.516190620
6,482,233288,325,10615,5492,16.898462,119.428736706,339.286733848,268.850619957,0.351999429,0.444219681
6,482,233288,325,10615,5780,17.784615,118.698914762,341.668983874,270.668527989,0.347409102,0.438539773
6,482,233288,325,10615,6084,18.720000,143.843882259,344.399558006,272.784806936,0.417665699,0.527316326
6,482,233288,325,10615,6404,19.704615,191.656946108,346.774360808,274.614132430,0.552684880,0.697913630
6,482,233288,325,10615,6741,20.741538,178.184355512,349.609224570,276.789361932,0.509667203,0.643754349
6,482,233288,325,10615,7095,21.830769,178.059162926,351.487947256,278.228821278,0.506586824,0.639973825
6,482,233288,325,10615,7468,22.978462,124.433910221,352.568343259,279.057031982,0.352935573,0.445908528
6,482,233288,325,10615,7861,24.187692,156.125456482,354.424957378,280.502823687,0.440503563,0.556591390
6,482,233288,325,10615,8274,25.458462,123.193196192,356.987122390,282.476692725,0.345091429,0.436118092
6,482,233288,325,10615,8709,26.796923,125.215323264,359.609246116,284.488743361,0.348198286,0.440141574
6,559,313599,437,13252,1,0.002288,-80.039666038,80.039666038,80.039666038,1.000000000,1.000000000
6,559,313599,437,13252,1,0.002288,-80.039666038,80.039666038,80.039666038,1.000000000,1.000000000
6,559,313599,437,13252,1,0.002288,-80.039666038,80.039666038,80.039666038,1.000000000,1.000000000
6,559,313599,437,13252,1,0.002288,-80.039666038,80.039666038,80.039666038,1.000000000,1.000000000
6,559,313599,437,13252,1,0.002288,-80.039666038,80.039666038,80.039666038,1.000000000,1.000000000
6,559,313599,437,13252,1,0.002288,-80.039666038,80.039666038,80.039666038,1.000000000,1.000000000
6,559,313599,437,13252,1,0.002288,-80.039666038,80.039666038,80.039666038,1.000000000,1.000000000
6,559,313599,437,13252,1,0.002288,-80.039666038,80.039666038,80.039666038,1.000000000,1.000000000
6,559,313599,437,13252,1,0.002288,-80.039666038,80.039666038,80.039666038,1.000000000,1.000000000
6,559,313599,437,13252,1,0.002288,-80.039666038,80.039666038,80.039666038,1.000000000,1.000000000
6,559,313599,437,13252,1,0.002288,-80.039666038,80.039666038,80.039666038,1.000000000,1.000000000
6,559,313599,437,13252,1,0.002288,-80.039666038,80.039666038,80.039666038,1.000000000,1.000000000
6,559,313599,437,13252,1,0.002288,-80.039666038,80.039666038,80.039666038,1.000000000,1.000000000
6,559,313599,437,13252,1,0.002288,-80.039666038,80.039666038,80.039666038,1.000000000,1.000000000
6,559,313599,437,13252,1,0.002288,-80.039666038,80.039666038,80.039666038,1.000000000,1.000000000
6,559,313599,437,13252,1,0.002288,-80.039666038,80.039666038,80.039666038,1.000000000,1.000000000
6,559,313599,437,13252,1,0.002288,-80.039666038,80.039666038,80.039666038,1.000000000,1.000000000
6,559,313599,437,13252,1,0.002288,-80.039666038,80.039666038,80.039666038,1.000000000,1.000000000
6,559,313599,437,13252,1,0.002288,-80.039666038,80.039666038,80.039666038,1.000000000,1.000000000
6,559,313599,437,13252,1,0.002288,-80.039666038,80.039666038,80.039666038,1.000000000,1.000000000
6,559,313599,437,13252,1,0.002288,-80.039666038,80.039666038,80.039666038,1.000000000,1.000000000
6,559,313599,437,13252,1,0.002288,-80.039666038,80.039666038,80.039666038,1.000000000,1.000000000
6,559,313599,437,13252,1,0.002288,-80.039666038,80.039666038,80.039666038,1.000000000,1.000000000
6,559,313599,437,13252,1,0.002288,-80.039666038,80.039666038,80.039666038,1.000000000,1.000000000
6,559,313599,437,13252,1,0.002288,-80.039666038,80.039666038,80.039666038,1.000000000,1.000000000
6,559,313599,437,13252,2,0.004577,-38.636774287,90.114080946,90.114080946,0.428754018,0.428754018
6,559,313599,437,13252,2,0.004577,-38.636774287,90.114080946,90.114080946,0.428754018,0.428754018
6,559,313599,437,13252,2,0.004577,-38.636774287,90.114080946,90.114080946,0.428754018,0.428754018
6,559,313599,437,13252,2,0.004577,-38.636774287,90.114080946,90.114080946,0.428754018,0.428754018
6,559,313599,437,13252,2,0.004577,-38.636774287,90.114080946,90.114080946,0.428754018,0.428754018
6,559,313599,437,13252,2,0.004577,-38.636774287,90.114080946,90.114080946,0.428754018,0.428754018
6,559,313599,437,13252,2,0.004577,-38.636774287,90.114080946,90.114080946,0.428754018,0.428754018
6,559,313599,437,13252,2,0.004577,-38.636774287,90.114080946,90.114080946,0.428754018,0.428754018
6,559,313599,437,13252,2,0.004577,-38.636774287,90.114080946,90.114080946,0.428754018,0.428754018
6,559,313599,437,13252,2,0.004577,-38.636774287,90.114080946,90.114080946,0.428754018,0.428754018
6,559,313599,437,13252,3,0.006865,5.095814062,100.165297726,100.165297726,0.050874047,0.050874047
6,559,313599,437,13252,3,0.006865,5.095814062,100.165297726,100.165297726,0.050874047,0.050874047
6,559,313599,437,13252,3,0.006865,5.095814062,100.165297726,100.165297726,0.050874047,0.050874047
6,559,313599,437,13252,3,0.006865,5.095814062,100.165297726,100.165297726,0.050874047,0.050874047
6,559,313599,437,13252,3,0.006865,5.095814062,100.165297726,100.165297726,0.050874047,0.050874047
6,559,313599,437,13252,3,0.006865,5.095814062,100.165297726,100.165297726,0.050874047,0.050874047
6,559,313599,437,13252,4,0.009153,5.095814062,107.573875950,100.165297726,0.047370368,0.050874047
6,559,313599,437,13252,4,0.009153,5.095814062,107.573875950,100.165297726,0.047370368,0.050874047
6,559,313599,437,13252,4,0.009153,5.095814062,107.573875950,100.165297726,0.047370368,0.050874047
6,559,313599,437,13252,4,0.009153,5.095814062,107.573875950,100.165297726,0.047370368,0.050874047
6,559,313599,437,13252,4,0.009153,5.095814062,107.573875950,100.165297726,0.047370368,0.050874047
6,559,313599,437,13252,5,0.011442,39.531219299,112.951033287,105.919233392,0.349985460,0.373220406
6,559,313599,437,13252,5,0.011442,39.531219299,112.951033287,105.919233392,0.349985460,0.373220406
6,559,313599,437,13252,5,0.011442,39.531219299,112.951033287,105.919233392,0.349985460,0.373220406
6,559,313599,437,13252,5,0.011442,39.531219299,112.951033287,105.919233392,0.349985460,0.373220406
6,559,313599,437,13252,6,0.013730,8.030214331,117.261456731,110.504286416,0.068481277,0.072668804
6,559,313599,437,13252,6,0.013730,8.030214331,117.261456731,110.504286416,0.068481277,0.072668804
6,559,313599,437,13252,6,0.013730,8.030214331,117.261456731,110.504286416,0.068481277,0.072668804
6,559,313599,437,13252,7,0.016018,34.425712680,120.195555524,113.613025879,0.286414190,0.303008501
6,559,313599,437,13252,7,0.016018,34.425712680,120.195555524,113.613025879,0.286414190,0.303008501
6,559,313599,437,13252,7,0.016018,34.425712680,120.195555524,113.613025879,0.286414190,0.303008501
6,559,313599,437,13252,8,0.018307,34.425712680,123.715999548,113.613025879,0.278264031,0.303008501
6,559,313599,437,13252,8,0.018307,34.425712680,123.715999548,113.613025879,0.278264031,0.303008501
6,559,313599,437,13252,9,0.020595,34.425712680,125.886060755,113.613025879,0.273467233,0.303008501
6,559,313599,437,13252,9,0.020595,34.425712680,125.886060755,113.613025879,0.273467233,0.303008501
6,559,313599,437,13252,9,0.020595,34.425712680,125.886060755,113.613025879,0.273467233,0.303008501
6,559,313599,437,13252,10,0.022883,7.030050152,128.832537109,116.869337188,0.054567350,0.060153076
6,559,313599,437,13252,10,0.022883,7.030050152,128.832537109,116.869337188,0.054567350,0.060153076
6,559,313599,437,13252,11,0.025172,37.895793654,132.478363289,120.876532448,0.286052701,0.313508279
6,559,313599,437,13252,12,0.027460,37.895793654,135.057368542,120.876532448,0.280590345,0.313508279
6,559,313599,437,13252,12,0.027460,37.895793654,135.057368542,120.876532448,0.280590345,0.313508279
6,559,313599,437,13252,13,0.029748,51.770439497,135.768179611,121.670217777,0.381314971,0.425498043
6,559,313599,437,13252,14,0.032037,30.365418618,137.445165480,123.538725964,0.220927513,0.245796760
6,559,313599,437,13252,14,0.032037,30.365418618,137.445165480,123.538725964,0.220927513,0.245796760
6,559,313599,437,13252,15,0.034325,3.520058548,140.042303862,126.421873780,0.025135680,0.027843746
6,559,313599,437,13252,16,0.036613,3.520058548,142.090003421,126.421873780,0.024773443,0.027843746
6,559,313599,437,13252,17,0.038902,20.639818608,143.117627344,127.575767113,0.144215768,0.161784789
6,559,313599,437,13252,17,0.038902,20.639818608,143.117627344,127.575767113,0.144215768,0.161784789
6,559,313599,437,13252,18,0.041190,20.639818608,144.718684771,127.575767113,0.142620275,0.161784789
6,559,313599,437,13252,19,0.043478,39.946382431,146.000825781,129.028368049,0.273603812,0.309593797
6,559,313599,437,13252,20,0.045767,39.946382431,146.878008706,129.028368049,0.271969798,0.309593797
6,559,313599,437,13252,21,0.048055,19.336997535,148.316877621,130.663944939,0.130376245,0.147990309
6,559,313599,437,13252,23,0.052632,17.365901341,151.495868943,134.261567944,0.114629537,0.129343800
6,559,313599,437,13252,24,0.054920,17.365901341,152.449787863,134.261567944,0.113912270,0.129343800
6,559,313599,437,13252,25,0.057208,17.365901341,153.720876719,134.261567944,0.112970351,0.129343800
6,559,313599,437,13252,26,0.059497,-5.179854016,155.365437031,136.141396024,0.033339809,0.038047605
6,559,313599,437,13252,28,0.064073,-5.179854016,158.123481345,136.141396024,0.032758285,0.038047605
6,559,313599,437,13252,29,0.066362,12.804344246,159.142912942,137.324109676,0.080458149,0.093241779
6,559,313599,437,13252,31,0.070938,44.638320526,160.727353632,139.157200906,0.277726968,0.320776217
6,559,313599,437,13252,32,0.073227,44.638320526,161.448618503,139.157200906,0.276486234,0.320776217
6,559,313599,437,13252,34,0.077803,13.295034356,162.980277430,140.931334269,0.081574498,0.094336965
6,559,313599,437,13252,36,0.082380,-5.103563032,165.124458200,142.127229497,0.030907372,0.035908411
6,559,313599,437,13252,38,0.086957,-4.412467718,167.231113797,144.569388497,0.026385447,0.030521452
6,559,313599,437,13252,40,0.091533,-23.343515177,169.199981386,145.803609861,0.137964053,0.160102450
6,559,313599,437,13252,42,0.096110,13.487863928,171.223771243,148.147354974,0.078773314,0.091043569
6,559,313599,437,13252,44,0.100686,30.789250120,172.715080672,149.154204601,0.178266136,0.206425626
6,559,313599,437,13252,46,0.105263,14.204833988,174.128497319,150.073380746,0.081576733,0.094652589
6,559,313599,437,13252,49,0.112128,31.342737993,176.078391473,151.048758228,0.178004454,0.207500799
6,559,313599,437,13252,51,0.116705,15.871578179,177.345601534,151.839007334,0.089495189,0.104528991
6,559,313599,437,13252,54,0.123570,28.576020775,179.234154549,152.369573767,0.159434014,0.187544141
6,559,313599,437,13252,57,0.130435,-1.046164249,181.088476059,153.807972522,0.005777089,0.006801756
6,559,313599,437,13252,60,0.137300,-3.643828579,183.520381820,155.771276184,0.019855171,0.023392173
6,559,313599,437,13252,63,0.144165,-3.038340523,185.209509008,157.086907369,0.016404884,0.019341781
6,559,313599,437,13252,66,0.151030,-2.653178783,187.030893722,158.280899427,0.014185778,0.016762470
6,559,313599,437,13252,70,0.160183,10.140621676,189.118237303,160.100479505,0.053620538,0.063339109
6,559,313599,437,13252,73,0.167048,35.046433762,190.389511587,161.084549632,0.184077544,0.217565458
6,559,313599,437,13252,77,0.176201,9.262923299,192.115404794,162.113065928,0.048215412,0.057138660
6,559,313599,437,13252,81,0.185355,32.571073454,193.585438652,162.948741414,0.168251671,0.199885394
6,559,313599,437,13252,86,0.196796,8.949829910,195.412840051,164.749181618,0.045799600,0.054323972
6,559,313599,437,13252,90,0.205950,11.045779002,197.388353058,165.996519757,0.055959629,0.066542232
6,559,313599,437,13252,95,0.217391,-46.200106118,199.908885996,168.464686783,0.231105815,0.274242080
6,559,313599,437,13252,100,0.228833,-32.645674382,202.334393482,169.009092396,0.161345157,0.193159279
6,559,313599,437,13252,105,0.240275,14.138795705,204.015776168,170.625516906,0.069302463,0.082864486
6,559,313599,437,13252,111,0.254005,24.088038246,205.482106938,172.110094807,0.117226938,0.139957149
6,559,313599,437,13252,116,0.265446,33.594827973,206.748666146,172.986369934,0.162491147,0.194205058
6,559,313599,437,13252,123,0.281465,-19.026714903,209.741559466,174.988796991,0.090715045,0.108731046
6,559,313599,437,13252,129,0.295195,-19.157311477,211.354477835,175.521593809,0.090640670,0.109145041
6,559,313599,437,13252,136,0.311213,-23.263057272,213.276681621,176.696018880,0.109074546,0.131655809
6,559,313599,437,13252,143,0.327231,-23.374505134,215.617170852,179.114469642,0.108407438,0.130500373
6,559,313599,437,13252,150,0.343249,-30.953367052,217.208978548,179.865982659,0.142505007,0.172091279
6,559,313599,437,13252,158,0.361556,-20.797562945,219.552610515,181.674040383,0.094727013,0.114477351
6,559,313599,437,13252,167,0.382151,-24.073609392,221.915686659,183.610027009,0.108480882,0.131112716
6,559,313599,437,13252,175,0.400458,4.463141439,223.712735501,184.358546645,0.019950323,0.024209029
6,559,313599,437,13252,185,0.423341,-4.960516641,225.436238142,185.806696151,0.022004078,0.026697190
6,559,313599,437,13252,194,0.443936,10.403305421,226.610175388,186.763988541,0.045908377,0.055702952
6,559,313599,437,13252,204,0.466819,8.433837429,228.445723818,188.121880359,0.036918342,0.044831773
6,559,313599,437,13252,215,0.491991,-46.705740529,230.573785264,189.991067611,0.202563099,0.245831244
6,559,313599,437,13252,227,0.519451,-70.435391654,233.821891354,192.632845533,0.301235232,0.365645804
6,559,313599,437,13252,238,0.544622,-38.009383683,235.491168455,193.952099825,0.161404710,0.195973045
6,559,313599,437,13252,251,0.574371,-23.591822804,237.532979548,195.088996320,0.099320199,0.120928516
6,559,313599,437,13252,264,0.604119,-21.825510669,239.541963419,196.618261106,0.091113517,0.111004494
6,559,313599,437,13252,278,0.636156,-13.620151682,241.468280518,198.126699067,0.056405552,0.068744656
6,559,313599,437,13252,293,0.670481,21.065936236,243.123843377,199.334646002,0.086646937,0.105681258
6,559,313599,437,13252,308,0.704805,-25.144399932,245.016734967,200.521500844,0.102623194,0.125395032
6,559,313599,437,13252,324,0.741419,-14.664397808,247.538238771,202.648110061,0.059240939,0.072363852
6,559,313599,437,13252,341,0.780320,-66.185666840,249.993288746,204.387039341,0.264749775,0.323825165
6,559,313599,437,13252,359,0.821510,-36.841391310,252.102377802,205.834695014,0.146136628,0.178985332
6,559,313599,437,13252,378,0.864989,-25.611621223,254.247790969,207.097169535,0.100734882,0.123669586
6,559,313599,437,13252,398,0.910755,-58.073272074,256.903243857,209.343040802,0.226051144,0.277407225
6,559,313599,437,13252,419,0.958810,-41.269002176,258.918509989,211.034509612,0.159389926,0.195555704
6,559,313599,437,13252,441,1.009153,10.604195917,261.160636813,212.666907138,0.040604113,0.049862934
6,559,313599,437,13252,464,1.061785,5.401580770,262.875116006,214.033006278,0.020548087,0.025237139
6,559,313599,437,13252,489,1.118993,-9.255523880,264.718413463,215.469842075,0.034963657,0.042955078
6,559,313599,437,13252,514,1.176201,-15.532991804,266.896009625,217.050737644,0.058198666,0.071563875
6,559,313599,437,13252,541,1.237986,-40.137698006,269.857754362,219.040688872,0.148736500,0.183243114
6,559,313599,437,13252,570,1.304348,-87.846820868,273.234632714,221.590336772,0.321506904,0.396437959
6,559,313599,437,13252,600,1.372998,-76.229019112,275.958966681,223.570234757,0.276233166,0.340962290
6,559,313599,437,13252,631,1.443936,-32.180473247,277.948386100,225.050723576,0.115778594,0.142992090
6,559,313599,437,13252,664,1.519451,13.679367962,279.957752418,226.538036253,0.048862258,0.060384420
6,559,313599,437,13252,699,1.599542,-27.558934417,281.893974696,228.127072353,0.097763475,0.120805190
6,559,313599,437,13252,736,1.684211,-37.233741465,284.534578457,229.852471505,0.130858406,0.161989737
6,559,313599,437,13252,775,1.773455,-39.414694688,287.414040452,232.072440017,0.137135592,0.169837895
6,559,313599,437,13252,816,1.867277,-57.858118454,289.996107855,234.170459218,0.199513431,0.247076931
6,559,313599,437,13252,858,1.963387,-45.806875337,292.796124153,235.951664956,0.156446317,0.194136690
6,559,313599,437,13252,904,2.068650,-50.787022241,295.632008465,238.176146160,0.171791351,0.213233034
6,559,313599,437,13252,951,2.176201,-70.627716436,298.807778733,240.616189803,0.236365053,0.293528530
6,559,313599,437,13252,1001,2.290618,-61.121344842,301.034121489,242.251358437,0.203037930,0.252305478
6,559,313599,437,13252,1054,2.411899,-13.998391286,303.780998088,244.304092231,0.046080536,0.057299045
6,559,313599,437,13252,1109,2.537757,13.815693827,305.354400794,245.422851157,0.045244784,0.056293429
6,559,313599,437,13252,1167,2.670481,-32.025503571,307.341747867,247.048210080,0.104201606,0.129632607
6,559,313599,437,13252,1229,2.812357,-45.050258403,310.009820796,249.033036431,0.145318811,0.180900731
6,559,313599,437,13252,1293,2.958810,-61.472300600,312.326284588,250.785795467,0.196820772,0.245118750
6,559,313599,437,13252,1361,3.114416,-90.968389544,314.670246510,252.617127324,0.289091169,0.360103808
6,559,313599,437,13252,1433,3.279176,-103.555670689,318.265052625,255.358031461,0.325375563,0.405531285
6,559,313599,437,13252,1508,3.450801,-51.527417172,321.017781825,257.474894207,0.160512657,0.200125986
6,559,313599,437,13252,1588,3.633867,-34.810181861,322.735741757,258.799058148,0.107859705,0.134506602
6,559,313599,437,13252,1671,3.823799,-8.891336184,325.366072474,260.837984384,0.027327177,0.034087582
6,559,313599,437,13252,1759,4.025172,-10.876879103,327.748051585,262.478263589,0.033186709,0.041439161
6,559,313599,437,13252,1851,4.235698,-62.207077816,330.518280551,264.552603480,0.188210703,0.235140675
6,559,313599,437,13252,1949,4.459954,-76.372046386,333.302852612,266.651503013,0.229137092,0.286411460
6,559,313599,437,13252,2051,4.693364,-103.714664091,336.046688841,268.756744181,0.308631710,0.385905345
6,559,313599,437,13252,2159,4.940503,-58.955549973,339.211480267,271.195545532,0.173801753,0.217391292
6,559,313599,437,13252,2273,5.201373,-84.708238461,341.653115075,273.072923125,0.247936386,0.310203727
6,559,313599,437,13252,2392,5.473684,-29.357944490,344.559501301,275.272123964,0.085204281,0.106650627
6,559,313599,437,13252,2518,5.762014,-71.448299573,347.807344214,277.852789151,0.205424931,0.257144439
6,559,313599,437,13252,2650,6.064073,-99.185586191,350.175451634,279.564165450,0.283245401,0.354786480
6,559,313599,437,13252,2789,6.382151,-29.800329673,351.289332481,280.414281915,0.084831297,0.106272510
6,559,313599,437,13252,2936,6.718535,-44.190600272,352.586288837,281.373222402,0.125332725,0.157053325
6,559,313599,437,13252,3090,7.070938,-74.425845320,354.766168087,283.088223916,0.209788452,0.262906893
6,559,313599,437,13252,3253,7.443936,-140.978070157,358.034986266,285.583699945,0.393755012,0.493648868
6,559,313599,437,13252,3424,7.835240,-141.854338099,361.218799848,288.099835951,0.392710286,0.492379101
6,559,313599,437,13252,3604,8.247140,-102.259395265,363.565682100,289.861068218,0.281268008,0.352787616
6,559,313599,437,13252,3793,8.679634,-69.453318391,365.448206395,291.246723105,0.190049690,0.238469012
6,559,313599,437,13252,3993,9.137300,-64.270490553,367.553993224,292.866279427,0.174859998,0.219453365
6,559,313599,437,13252,4203,9.617849,-63.290826019,369.685627609,294.509501204,0.171201749,0.214902493
6,559,313599,437,13252,4424,10.123570,-68.993027518,371.518788564,295.896139935,0.185705352,0.233166366
6,559,313599,437,13252,4656,10.654462,-77.283072832,374.292338637,298.003719085,0.206477838,0.259335934
6,559,313599,437,13252,4901,11.215103,-152.643807932,377.382197036,300.415759364,0.404480681,0.508108524
6,559,313599,437,13252,5159,11.805492,-92.652944665,379.426584183,301.939656100,0.244192022,0.306859145
6,559,313599,437,13252,5430,12.425629,-140.863306651,382.733685782,304.450391174,0.368045228,0.462680656
6,559,313599,437,13252,5715,13.077803,-132.060848275,385.831712843,306.809975581,0.342275774,0.430432055
6,559,313599,437,13252,6016,13.766590,-118.573286317,388.317748947,308.726236455,0.305351189,0.384072593
6,559,313599,437,13252,6332,14.489703,-73.825171421,390.853468035,310.674868326,0.188881966,0.237628399
6,559,313599,437,13252,6665,15.251716,-82.339544743,392.336940410,311.815106865,0.209869467,0.264065284
6,559,313599,437,13252,7015,16.052632,-54.094846502,394.489083787,313.448830377,0.137126346,0.172579513
6,559,313599,437,13252,7384,16.897025,-116.959522917,396.143785269,314.720665620,0.295245129,0.371629625
6,559,313599,437,13252,7772,17.784897,-88.512784355,398.896655390,316.859632650,0.221894025,0.279343833
6,559,313599,437,13252,8181,18.720824,-142.875493056,402.035832858,319.256900569,0.355379997,0.447525152
6,559,313599,437,13252,8611,19.704805,-165.819923843,404.777792174,321.390871686,0.409656673,0.515944722
6,559,313599,437,13252,9064,20.741419,-99.267018430,408.034322665,323.863012117,0.243281050,0.306509279
6,559,313599,437,13252,9540,21.830664,-55.661264831,410.193187480,325.535005631,0.135695244,0.170983961
6,559,313599,437,13252,10042,22.979405,-59.108382201,411.435731118,326.494561943,0.143663707,0.181039408
6,559,313599,437,13252,10569,24.185355,-50.315745135,413.573382533,328.126222161,0.121660985,0.153342652
6,559,313599,437,13252,11125,25.457666,-92.076706615,416.537582566,330.369069965,0.221052578,0.278708617
6,559,313599,437,13252,11710,26.796339,-142.560790043,419.551122916,332.688729016,0.339793609,0.428511030
6,636,405768,566,16077,1,0.001767,-82.486106539,82.486106539,82.486106539,1.000000000,1.000000000
6,636,405768,566,16077,1,0.001767,-82.486106539,82.486106539,82.486106539,1.000000000,1.000000000
6,636,405768,566,16077,1,0.001767,-82.486106539,82.486106539,82.486106539,1.000000000,1.000000000
6,636,405768,566,16077,1,0.001767,-82.486106539,82.486106539,82.486106539,1.000000000,1.000000000
6,636,405768,566,16077,1,0.001767,-82.486106539,82.486106539,82.486106539,1.000000000,1.000000000
6,636,405768,566,16077,1,0.001767,-82.486106539,82.486106539,82.486106539,1.000000000,1.000000000
6,636,405768,566,16077,1,0.001767,-82.486106539,82.486106539,82.486106539,1.000000000,1.000000000
6,636,405768,566,16077,1,0.001767,-82.486106539,82.486106539,82.486106539,1.000000000,1.000000000
6,636,405768,566,16077,1,0.001767,-82.486106539,82.486106539,82.486106539,1.000000000,1.000000000
6,636,405768,566,16077,1,0.001767,-82.486106539,82.486106539,82.486106539,1.000000000,1.000000000
6,636,405768,566,16077,1,0.001767,-82.486106539,82.486106539,82.486106539,1.000000000,1.000000000
6,636,405768,566,16077,1,0.001767,-82.486106539,82.486106539,82.486106539,1.000000000,1.000000000
6,636,405768,566,16077,1,0.001767,-82.486106539,82.486106539,82.486106539,1.000000000,1.000000000
6,636,405768,566,16077,1,0.001767,-82.486106539,82.486106539,82.486106539,1.000000000,1.000000000
6,636,405768,566,16077,1,0.001767,-82.486106539,82.486106539,82.486106539,1.000000000,1.000000000
6,636,405768,566,16077,1,0.001767,-82.486106539,82.486106539,82.486106539,1.000000000,1.000000000
6,636,405768,566,16077,1,0.001767,-82.486106539,82.486106539,82.486106539,1.000000000,1.000000000
6,636,405768,566,16077,1,0.001767,-82.486106539,82.486106539,82.486106539,1.000000000,1.000000000
6,636,405768,566,16077,1,0.001767,-82.486106539,82.486106539,82.486106539,1.000000000,1.000000000
6,636,405768,566,16077,1,0.001767,-82.486106539,82.486106539,82.486106539,1.000000000,1.000000000
6,636,405768,566,16077,2,0.003534,-26.343024770,99.779774516,99.779774516,0.264011669,0.264011669
6,636,405768,566,16077,2,0.003534,-26.343024770,99.779774516,99.779774516,0.264011669,0.264011669
6,636,405768,566,16077,2,0.003534,-26.343024770,99.779774516,99.779774516,0.264011669,0.264011669
6,636,405768,566,16077,2,0.003534,-26.343024770,99.779774516,99.779774516,0.264011669,0.264011669
6,636,405768,566,16077,2,0.003534,-26.343024770,99.779774516,99.779774516,0.264011669,0.264011669
6,636,405768,566,16077,2,0.003534,-26.343024770,99.779774516,99.779774516,0.264011669,0.264011669
6,636,405768,566,16077,2,0.003534,-26.343024770,99.779774516,99.779774516,0.264011669,0.264011669
6,636,405768,566,16077,2,0.003534,-26.343024770,99.779774516,99.779774516,0.264011669,0.264011669
6,636,405768,566,16077,2,0.003534,-26.343024770,99.779774516,99.779774516,0.264011669,0.264011669
6,636,405768,566,16077,3,0.005300,26.275669941,112.803946897,112.803946897,0.232932186,0.232932186
6,636,405768,566,16077,3,0.005300,26.275669941,112.803946897,112.803946897,0.232932186,0.232932186
6,636,405768,566,16077,3,0.005300,26.275669941,112.803946897,112.803946897,0.232932186,0.232932186
6,636,405768,566,16077,3,0.005300,26.275669941,112.803946897,112.803946897,0.232932186,0.232932186
6,636,405768,566,16077,3,0.005300,26.275669941,112.803946897,112.803946897,0.232932186,0.232932186
6,636,405768,566,16077,3,0.005300,26.275669941,112.803946897,112.803946897,0.232932186,0.232932186
6,636,405768,566,16077,3,0.005300,26.275669941,112.803946897,112.803946897,0.232932186,0.232932186
6,636,405768,566,16077,4,0.007067,26.275669941,119.664407116,112.803946897,0.219577990,0.232932186
6,636,405768,566,16077,4,0.007067,26.275669941,119.664407116,112.803946897,0.219577990,0.232932186
6,636,405768,566,16077,4,0.007067,26.275669941,119.664407116,112.803946897,0.219577990,0.232932186
6,636,405768,566,16077,4,0.007067,26.275669941,119.664407116,112.803946897,0.219577990,0.232932186
6,636,405768,566,16077,4,0.007067,26.275669941,119.664407116,112.803946897,0.219577990,0.232932186
6,636,405768,566,16077,5,0.008834,61.505681085,124.742631107,118.177341824,0.493060636,0.520452399
6,636,405768,566,16077,5,0.008834,61.505681085,124.742631107,118.177341824,0.493060636,0.520452399
6,636,405768,566,16077,5,0.008834,61.505681085,124.742631107,118.177341824,0.493060636,0.520452399
6,636,405768,566,16077,5,0.008834,61.505681085,124.742631107,118.177341824,0.493060636,0.520452399
6,636,405768,566,16077,6,0.010601,28.200761160,129.112128426,122.780706187,0.218420698,0.229683979
6,636,405768,566,16077,6,0.010601,28.200761160,129.112128426,122.780706187,0.218420698,0.229683979
6,636,405768,566,16077,6,0.010601,28.200761160,129.112128426,122.780706187,0.218420698,0.229683979
6,636,405768,566,16077,7,0.012367,54.839126853,131.831499398,125.637193293,0.415978936,0.436487997
6,636,405768,566,16077,7,0.012367,54.839126853,131.831499398,125.637193293,0.415978936,0.436487997
6,636,405768,566,16077,7,0.012367,54.839126853,131.831499398,125.637193293,0.415978936,0.436487997
6,636,405768,566,16077,8,0.014134,54.839126853,136.422562629,125.637193293,0.401979891,0.436487997
6,636,405768,566,16077,8,0.014134,54.839126853,136.422562629,125.637193293,0.401979891,0.436487997
6,636,405768,566,16077,9,0.015901,54.839126853,139.284817523,125.637193293,0.393719343,0.436487997
6,636,405768,566,16077,9,0.015901,54.839126853,139.284817523,125.637193293,0.393719343,0.436487997
6,636,405768,566,16077,9,0.015901,54.839126853,139.284817523,125.637193293,0.393719343,0.436487997
6,636,405768,566,16077,10,0.017668,20.553748701,143.442488640,130.231299977,0.143289125,0.157824952
6,636,405768,566,16077,10,0.017668,20.553748701,143.442488640,130.231299977,0.143289125,0.157824952
6,636,405768,566,16077,11,0.019435,46.728008655,145.810971574,132.835550128,0.320469771,0.351773366
6,636,405768,566,16077,12,0.021201,46.728008655,147.409411987,132.835550128,0.316994743,0.351773366
6,636,405768,566,16077,12,0.021201,46.728008655,147.409411987,132.835550128,0.316994743,0.351773366
6,636,405768,566,16077,13,0.022968,77.922019788,150.673823449,136.449073681,0.517156982,0.571070347
6,636,405768,566,16077,14,0.024735,53.885527996,152.579009075,138.550000527,0.353164753,0.388924777
6,636,405768,566,16077,14,0.024735,53.885527996,152.579009075,138.550000527,0.353164753,0.388924777
6,636,405768,566,16077,15,0.026502,30.514834422,154.358489655,140.507266588,0.197688086,0.217176201
6,636,405768,566,16077,16,0.028269,30.514834422,156.394719555,140.507266588,0.195114225,0.217176201
6,636,405768,566,16077,17,0.030035,52.105947639,157.878068377,142.156491706,0.330039176,0.366539347
6,636,405768,566,16077,18,0.031802,52.105947639,159.643549857,142.156491706,0.326389307,0.366539347
6,636,405768,566,16077,18,0.031802,52.105947639,159.643549857,142.156491706,0.326389307,0.366539347
6,636,405768,566,16077,19,0.033569,79.138955091,161.916171221,144.704013856,0.488764986,0.546902280
6,636,405768,566,16077,20,0.035336,79.138955091,163.778403125,144.704013856,0.483207514,0.546902280
6,636,405768,566,16077,22,0.038869,33.336179538,167.171817980,148.533844704,0.199412676,0.224434906
6,636,405768,566,16077,23,0.040636,54.317242551,168.483298080,150.008359859,0.322389478,0.362094770
6,636,405768,566,16077,24,0.042403,54.317242551,169.998917189,150.008359859,0.319515227,0.362094770
6,636,405768,566,16077,25,0.044170,54.317242551,170.843321775,150.008359859,0.317936001,0.362094770
6,636,405768,566,16077,26,0.045936,34.847582614,171.949144380,151.266571607,0.202662146,0.230372000
6,636,405768,566,16077,28,0.049470,34.847582614,175.142911848,151.266571607,0.198966560,0.230372000
6,636,405768,566,16077,29,0.051237,55.222280066,176.324042225,152.632578377,0.313186332,0.361798776
6,636,405768,566,16077,31,0.054770,94.044624280,178.448196293,155.081574907,0.527013588,0.606420359
6,636,405768,566,16077,32,0.056537,94.044624280,179.377612992,155.081574907,0.524282951,0.606420359
6,636,405768,566,16077,34,0.060071,49.494303344,182.125824286,158.252275512,0.271758843,0.312755714
6,636,405768,566,16077,36,0.063604,27.852253214,184.514238093,159.725267376,0.150949073,0.174376000
6,636,405768,566,16077,38,0.067138,29.855664029,186.161105039,161.624917661,0.160375413,0.184721913
6,636,405768,566,16077,40,0.070671,14.995448362,187.413179130,162.306623459,0.080012774,0.092389627
6,636,405768,566,16077,42,0.074205,44.004511458,188.535076119,163.600780054,0.233402253,0.268974949
6,636,405768,566,16077,44,0.077739,59.668201664,189.969651683,164.348916714,0.314093336,0.363058077
6,636,405768,566,16077,46,0.081272,42.446664347,191.484390582,165.248745147,0.221671668,0.256865275
6,636,405768,566,16077,49,0.086572,62.950015318,194.356263883,166.515870636,0.323889820,0.378042135
6,636,405768,566,16077,51,0.090106,47.477070276,195.814742963,167.233212019,0.242459120,0.283897377
6,636,405768,566,16077,54,0.095406,63.477483347,198.174891255,167.996905985,0.320310424,0.377849122
6,636,405768,566,16077,57,0.100707,30.138445020,200.133499869,169.649622496,0.150591705,0.177651118
6,636,405768,566,16077,60,0.106007,30.683812813,201.789117852,170.818839897,0.152058808,0.179627802
6,636,405768,566,16077,63,0.111307,30.850601130,203.794046158,172.636888541,0.151381268,0.178702254
6,636,405768,566,16077,66,0.116608,30.084965135,205.439402066,174.066776626,0.146442040,0.172835769
6,636,405768,566,16077,70,0.123675,50.200435392,207.492008250,175.881900193,0.241939127,0.285421270
6,636,405768,566,16077,74,0.130742,65.421247350,209.872714265,177.748690508,0.311718689,0.368054736
6,636,405768,566,16077,77,0.136042,48.700921633,211.991763801,178.533375786,0.229730253,0.272783290
6,636,405768,566,16077,82,0.144876,61.648605182,214.512544403,180.435846357,0.287389278,0.341664954
6,636,405768,566,16077,86,0.151943,48.192642955,216.738364651,182.522202302,0.222354003,0.264037155
6,636,405768,566,16077,90,0.159011,49.746401442,218.497574790,183.506905030,0.227674845,0.271087355
6,636,405768,566,16077,95,0.167845,1.613077648,220.236845478,185.085756421,0.007324286,0.008715299
6,636,405768,566,16077,100,0.176678,13.935798263,221.887938540,185.495516586,0.062805569,0.075127413
6,636,405768,566,16077,105,0.185512,61.812446235,223.579015442,187.038242920,0.276468013,0.330480255
6,636,405768,566,16077,111,0.196113,74.122458432,225.683616677,189.108827932,0.328435265,0.391956628
6,636,405768,566,16077,117,0.206714,83.481695477,228.100865967,190.481719643,0.365985877,0.438266179
6,636,405768,566,16077,123,0.217314,24.392897418,230.778447409,192.775529168,0.105698334,0.126535238
6,636,405768,566,16077,129,0.227915,24.595237144,233.344967765,193.771127771,0.105402904,0.126929318
6,636,405768,566,16077,136,0.240283,26.028223369,235.280738918,195.118246899,0.110626239,0.133397177
6,636,405768,566,16077,143,0.252650,28.262771323,236.726203624,196.607426977,0.119390126,0.143752308
6,636,405768,566,16077,151,0.266784,31.170517208,238.504359440,197.718722718,0.130691604,0.157650812
6,636,405768,566,16077,159,0.280919,21.166673629,241.462881831,199.778753493,0.087660155,0.105950574
6,636,405768,566,16077,167,0.295053,27.599034752,243.362883958,201.125757943,0.113406919,0.137222776
6,636,405768,566,16077,176,0.310954,62.215404707,245.543193445,202.127852613,0.253378657,0.307802235
6,636,405768,566,16077,185,0.326855,52.489427421,248.316849625,204.757822403,0.211380853,0.256348826
6,636,405768,566,16077,195,0.344523,87.209889998,250.410171300,206.663877432,0.348268162,0.421989034
6,636,405768,566,16077,205,0.362191,64.164279841,252.858492168,208.413087852,0.253755685,0.307870684
6,636,405768,566,16077,216,0.381625,10.210839409,255.320717847,210.353485244,0.039992209,0.048541337
6,636,405768,566,16077,227,0.401060,-14.287988131,257.472075261,212.312056770,0.055493351,0.067297111
6,636,405768,566,16077,239,0.422261,20.369612789,259.226529433,213.685937645,0.078578426,0.095325004
6,636,405768,566,16077,252,0.445230,31.146878716,260.746440730,214.350615180,0.119452747,0.145308091
6,636,405768,566,16077,265,0.468198,21.941007357,262.896585419,216.200385922,0.083458700,0.101484589
6,636,405768,566,16077,279,0.492933,38.483339316,265.248833237,217.857702061,0.145083916,0.176644383
6,636,405768,566,16077,293,0.517668,93.809536082,268.613731989,220.474929327,0.349235817,0.425488451
6,636,405768,566,16077,309,0.545936,32.754688175,270.766171294,221.861468644,0.120970386,0.147635767
6,636,405768,566,16077,325,0.574205,46.651882718,273.063785691,223.589366046,0.170846100,0.208649828
6,636,405768,566,16077,342,0.604240,-3.995734382,275.364688115,225.218653345,0.014510700,0.017741578
6,636,405768,566,16077,360,0.636042,30.059792290,277.492747596,226.647608037,0.108326407,0.132627882
6,636,405768,566,16077,379,0.669611,46.796391601,279.305015831,227.805207606,0.167545833,0.205422835
6,636,405768,566,16077,399,0.704947,16.155954846,281.514217193,229.704655300,0.057389481,0.070333598
6,636,405768,566,16077,420,0.742049,25.175105907,284.413698363,231.906672259,0.088515800,0.108557057
6,636,405768,566,16077,442,0.780919,93.447326961,287.194919996,234.147835431,0.325379456,0.399095412
6,636,405768,566,16077,465,0.821555,86.663731895,289.518277634,236.008164713,0.299337688,0.367206499
6,636,405768,566,16077,490,0.865724,64.920544602,291.958216874,237.750776282,0.222362451,0.273061336
6,636,405768,566,16077,516,0.911661,48.694407909,294.958444758,240.026914561,0.165089045,0.202870616
6,636,405768,566,16077,543,0.959364,20.441572712,297.181813526,241.690217541,0.068784736,0.084577576
6,636,405768,566,16077,571,1.008834,-2.017441713,299.662586840,243.548268566,0.006732378,0.008283540
6,636,405768,566,16077,601,1.061837,7.660702255,301.621304554,244.988345548,0.025398412,0.031269660
6,636,405768,566,16077,633,1.118375,35.296439365,303.669465439,246.440848804,0.116233087,0.143224792
6,636,405768,566,16077,666,1.176678,101.190340443,306.193637629,248.323396580,0.330478260,0.407494186
6,636,405768,566,16077,701,1.238516,46.054778159,309.510137170,251.006002268,0.148798933,0.183480784
6,636,405768,566,16077,738,1.303887,13.279980245,313.282633303,253.516207661,0.042389775,0.052383161
6,636,405768,566,16077,777,1.372792,29.944497926,316.361405355,255.918283801,0.094652816,0.117008044
6,636,405768,566,16077,818,1.445230,-7.882491127,318.657973235,257.849812251,0.024736526,0.030570087
6,636,405768,566,16077,861,1.521201,25.141502894,320.882366084,259.264440112,0.078351152,0.096972430
6,636,405768,566,16077,906,1.600707,11.122305860,323.110844880,261.069031197,0.034422571,0.042602931
6,636,405768,566,16077,953,1.683746,0.167213000,326.038010808,263.203283383,0.000512864,0.000635300
6,636,405768,566,16077,1004,1.773852,6.884364757,329.296932490,265.694908056,0.020906252,0.025910789
6,636,405768,566,16077,1056,1.865724,50.807009293,332.158065422,267.756433827,0.152960336,0.189750844
6,636,405768,566,16077,1112,1.964664,93.988500689,335.418880536,270.100083416,0.280212314,0.347976570
6,636,405768,566,16077,1170,2.067138,40.763422834,338.532631472,272.560489180,0.120412093,0.149557344
6,636,405768,566,16077,1232,2.176678,29.746394621,342.185310450,275.336182151,0.086930659,0.108036635
6,636,405768,566,16077,1297,2.291519,19.462847574,344.694922327,277.263438082,0.056463981,0.070196228
6,636,405768,566,16077,1365,2.411661,-20.379605943,347.779645429,279.664071271,0.058599191,0.072871734
6,636,405768,566,16077,1437,2.538869,-24.624509280,349.583545175,281.054156699,0.070439555,0.087614820
6,636,405768,566,16077,1512,2.671378,18.827564073,351.871763144,282.800327464,0.053506891,0.066575468
6,636,405768,566,16077,1592,2.812721,25.249486895,354.886299903,285.111899247,0.071148103,0.088559920
6,636,405768,566,16077,1675,2.959364,62.928034297,357.489025649,287.078060979,0.176027877,0.219201823
6,636,405768,566,16077,1763,3.114841,50.248826846,360.167127642,289.033438024,0.139515306,0.173851258
6,636,405768,566,16077,1856,3.279152,6.162038470,364.259267791,291.986194121,0.016916628,0.021103869
6,636,405768,566,16077,1954,3.452297,-5.620667791,367.373915243,294.317558126,0.015299583,0.019097290
6,636,405768,566,16077,2056,3.632509,-23.893041044,369.259963250,295.794734523,0.064705203,0.080775748
6,636,405768,566,16077,2164,3.823322,22.692033488,372.250143449,298.077429310,0.060959099,0.076127983
6,636,405768,566,16077,2278,4.024735,-6.589079203,374.949022456,300.103824041,0.017573267,0.021955999
6,636,405768,566,16077,2398,4.236749,53.635031466,378.089308858,302.509320497,0.141858101,0.177300426
6,636,405768,566,16077,2524,4.459364,4.291234851,381.219878605,304.954643247,0.011256587,0.014071715
6,636,405768,566,16077,2657,4.694346,-42.731075826,384.334960772,307.245805924,0.111181860,0.139077817
6,636,405768,566,16077,2796,4.939929,103.367210037,387.908957600,309.931263454,0.266472862,0.333516564
6,636,405768,566,16077,2943,5.199647,78.265599472,390.648091666,312.006390221,0.200348091,0.250846143
6,636,405768,566,16077,3098,5.473498,6.048219509,393.970018746,314.613639735,0.015351979,0.019224276
6,636,405768,566,16077,3261,5.761484,-55.212138714,397.650068295,317.407842283,0.138846044,0.173946990
6,636,405768,566,16077,3432,6.063604,-56.248078840,400.298397430,319.469976420,0.140515374,0.176066870
6,636,405768,566,16077,3613,6.383392,-19.129973747,401.569122750,320.441058304,0.047638059,0.059698885
6,636,405768,566,16077,3803,6.719081,2.691346085,403.056820257,321.550457239,0.006677337,0.008369903
6,636,405768,566,16077,4003,7.072438,5.525166141,405.531936149,323.463444994,0.013624491,0.017081269
6,636,405768,566,16077,4213,7.443463,9.522971009,409.243035998,326.275771331,0.023269720,0.029186878
6,636,405768,566,16077,4435,7.835689,-2.901126550,412.817111841,329.014412834,0.007027632,0.008817628
6,636,405768,566,16077,4668,8.247350,-6.896805176,415.469631544,331.014175045,0.016600022,0.020835377
6,636,405768,566,16077,4913,8.680212,-66.469275734,417.611736701,332.678169125,0.159165248,0.199800534
6,636,405768,566,16077,5171,9.136042,-9.038133101,419.989890074,334.467934041,0.021519883,0.027022420
6,636,405768,566,16077,5443,9.616608,-39.119187002,422.380993242,336.289251486,0.092615879,0.116326011
6,636,405768,566,16077,5729,10.121908,-34.406936354,424.482672492,337.888537692,0.081056162,0.101829250
6,636,405768,566,16077,6031,10.655477,-21.848303629,427.617788341,340.270556197,0.051093065,0.064208622
6,636,405768,566,16077,6348,11.215548,40.956366985,431.119498813,342.990615381,0.095000034,0.119409585
6,636,405768,566,16077,6681,11.803887,33.554728840,433.436549170,344.744794257,0.077415550,0.097332083
6,636,405768,566,16077,7033,12.425795,69.910466996,437.211513858,347.600598760,0.159900791,0.201122976
6,636,405768,566,16077,7402,13.077739,-41.564762887,440.690244177,350.283716983,0.094317411,0.118660277
6,636,405768,566,16077,7791,13.765018,-9.689409352,443.519056089,352.471107175,0.021846658,0.027489939
6,636,405768,566,16077,8201,14.489399,-64.884523865,446.369767493,354.649121411,0.145360480,0.182954137
6,636,405768,566,16077,8632,15.250883,-62.042252702,448.033611235,355.922123257,0.138476782,0.174314123
6,636,405768,566,16077,9086,16.053004,-12.697562091,450.484933634,357.809598750,0.028186430,0.035486924
6,636,405768,566,16077,9564,16.897527,36.326722075,452.385033897,359.258885180,0.080300451,0.101115723
6,636,405768,566,16077,10067,17.786219,9.608631389,455.538039653,361.673727674,0.021092929,0.026567126
6,636,405768,566,16077,10596,18.720848,8.672727523,459.062767394,364.360370104,0.018892248,0.023802609
6,636,405768,566,16077,11153,19.704947,-25.127644019,462.200326408,366.730997656,0.054365267,0.068517917
6,636,405768,566,16077,11739,20.740283,-95.710989506,465.858261453,369.539873529,0.205450879,0.259000439
6,636,405768,566,16077,12356,21.830389,-69.303601182,468.283318957,371.390289016,0.147995024,0.186605852
6,636,405768,566,16077,13006,22.978799,-31.268433990,469.682712582,372.460524780,0.066573525,0.083951001
6,636,405768,566,16077,13690,24.187279,-61.682072055,472.128340773,374.333094160,0.130646832,0.164778570
6,636,405768,566,16077,14409,25.457597,-77.513158768,475.526788806,376.936873269,0.163004820,0.205639629
6,636,405768,566,16077,15167,26.796820,-63.440489170,478.909731373,379.556614347,0.132468574,0.167143680
6,713,509795,712,19079,1,0.001404,-76.125347969,76.125347969,76.125347969,1.000000000,1.000000000
6,713,509795,712,19079,1,0.001404,-76.125347969,76.125347969,76.125347969,1.000000000,1.000000000
6,713,509795,712,19079,1,0.001404,-76.125347969,76.125347969,76.125347969,1.000000000,1.000000000
6,713,509795,712,19079,1,0.001404,-76.125347969,76.125347969,76.125347969,1.000000000,1.000000000
6,713,509795,712,19079,1,0.001404,-76.125347969,76.125347969,76.125347969,1.000000000,1.000000000
6,713,509795,712,19079,1,0.001404,-76.125347969,76.125347969,76.125347969,1.000000000,1.000000000
6,713,509795,712,19079,1,0.001404,-76.125347969,76.125347969,76.125347969,1.000000000,1.000000000
6,713,509795,712,19079,1,0.001404,-76.125347969,76.125347969,76.125347969,1.000000000,1.000000000
6,713,509795,712,19079,1,0.001404,-76.125347969,76.125347969,76.125347969,1.000000000,1.000000000
6,713,509795,712,19079,1,0.001404,-76.125347969,76.125347969,76.125347969,1.000000000,1.000000000
6,713,509795,712,19079,1,0.001404,-76.125347969,76.125347969,76.125347969,1.000000000,1.000000000
6,713,509795,712,19079,1,0.001404,-76.125347969,76.125347969,76.125347969,1.000000000,1.000000000
6,713,509795,712,19079,1,0.001404,-76.125347969,76.125347969,76.125347969,1.000000000,1.000000000
6,713,509795,712,19079,1,0.001404,-76.125347969,76.125347969,76.125347969,1.000000000,1.000000000
6,713,509795,712,19079,1,0.001404,-76.125347969,76.125347969,76.125347969,1.000000000,1.000000000
6,713,509795,712,19079,2,0.002809,-16.473856822,96.712817141,96.712817141,0.170337886,0.170337886
6,713,509795,712,19079,2,0.002809,-16.473856822,96.712817141,96.712817141,0.170337886,0.170337886
6,713,509795,712,19079,2,0.002809,-16.473856822,96.712817141,96.712817141,0.170337886,0.170337886
6,713,509795,712,19079,2,0.002809,-16.473856822,96.712817141,96.712817141,0.170337886,0.170337886
6,713,509795,712,19079,2,0.002809,-16.473856822,96.712817141,96.712817141,0.170337886,0.170337886
6,713,509795,712,19079,2,0.002809,-16.473856822,96.712817141,96.712817141,0.170337886,0.170337886
6,713,509795,712,19079,2,0.002809,-16.473856822,96.712817141,96.712817141,0.170337886,0.170337886
6,713,509795,712,19079,2,0.002809,-16.473856822,96.712817141,96.712817141,0.170337886,0.170337886
6,713,509795,712,19079,2,0.002809,-16.473856822,96.712817141,96.712817141,0.170337886,0.170337886
6,713,509795,712,19079,2,0.002809,-16.473856822,96.712817141,96.712817141,0.170337886,0.170337886
6,713,509795,712,19079,3,0.004213,48.949844991,116.763135271,116.763135271,0.419223455,0.419223455
6,713,509795,712,19079,3,0.004213,48.949844991,116.763135271,116.763135271,0.419223455,0.419223455
6,713,509795,712,19079,3,0.004213,48.949844991,116.763135271,116.763135271,0.419223455,0.419223455
6,713,509795,712,19079,3,0.004213,48.949844991,116.763135271,116.763135271,0.419223455,0.419223455
6,713,509795,712,19079,3,0.004213,48.949844991,116.763135271,116.763135271,0.419223455,0.419223455
6,713,509795,712,19079,3,0.004213,48.949844991,116.763135271,116.763135271,0.419223455,0.419223455
6,713,509795,712,19079,3,0.004213,48.949844991,116.763135271,116.763135271,0.419223455,0.419223455
6,713,509795,712,19079,4,0.005618,48.949844991,127.458310171,116.763135271,0.384045928,0.419223455
6,713,509795,712,19079,4,0.005618,48.949844991,127.458310171,116.763135271,0.384045928,0.419223455
6,713,509795,712,19079,4,0.005618,48.949844991,127.458310171,116.763135271,0.384045928,0.419223455
6,713,509795,712,19079,4,0.005618,48.949844991,127.458310171,116.763135271,0.384045928,0.419223455
6,713,509795,712,19079,5,0.007022,85.725671927,132.657763732,122.417691553,0.646216773,0.700271920
6,713,509795,712,19079,5,0.007022,85.725671927,132.657763732,122.417691553,0.646216773,0.700271920
6,713,509795,712,19079,5,0.007022,85.725671927,132.657763732,122.417691553,0.646216773,0.700271920
6,713,509795,712,19079,5,0.007022,85.725671927,132.657763732,122.417691553,0.646216773,0.700271920
6,713,509795,712,19079,6,0.008427,44.960689772,138.779919471,129.026644439,0.323971148,0.348460506
6,713,509795,712,19079,6,0.008427,44.960689772,138.779919471,129.026644439,0.323971148,0.348460506
6,713,509795,712,19079,6,0.008427,44.960689772,138.779919471,129.026644439,0.323971148,0.348460506
6,713,509795,712,19079,6,0.008427,44.960689772,138.779919471,129.026644439,0.323971148,0.348460506
6,713,509795,712,19079,7,0.009831,82.158143111,143.678518169,134.281515891,0.571819254,0.611835088
6,713,509795,712,19079,7,0.009831,82.158143111,143.678518169,134.281515891,0.571819254,0.611835088
6,713,509795,712,19079,8,0.011236,82.158143111,146.645531098,134.281515891,0.560249893,0.611835088
6,713,509795,712,19079,8,0.011236,82.158143111,146.645531098,134.281515891,0.560249893,0.611835088
6,713,509795,712,19079,8,0.011236,82.158143111,146.645531098,134.281515891,0.560249893,0.611835088
6,713,509795,712,19079,9,0.012640,82.158143111,150.287246950,134.281515891,0.546674084,0.611835088
6,713,509795,712,19079,9,0.012640,82.158143111,150.287246950,134.281515891,0.546674084,0.611835088
6,713,509795,712,19079,10,0.014045,46.256261550,154.516024073,138.998095705,0.299362230,0.332783419
6,713,509795,712,19079,10,0.014045,46.256261550,154.516024073,138.998095705,0.299362230,0.332783419
6,713,509795,712,19079,11,0.015449,80.774177280,158.324629169,143.219960606,0.510180745,0.563986870
6,713,509795,712,19079,11,0.015449,80.774177280,158.324629169,143.219960606,0.510180745,0.563986870
6,713,509795,712,19079,12,0.016854,80.774177280,159.780613534,143.219960606,0.505531776,0.563986870
6,713,509795,712,19079,13,0.018258,110.590139797,162.538721793,146.290631063,0.680392577,0.755961875
6,713,509795,712,19079,13,0.018258,110.590139797,162.538721793,146.290631063,0.680392577,0.755961875
6,713,509795,712,19079,14,0.019663,79.614484333,165.463975878,149.534076278,0.481159019,0.532417000
6,713,509795,712,19079,15,0.021067,56.476068734,167.073976399,151.313668400,0.338030314,0.373238382
6,713,509795,712,19079,15,0.021067,56.476068734,167.073976399,151.313668400,0.338030314,0.373238382
6,713,509795,712,19079,16,0.022472,56.476068734,170.290603966,151.313668400,0.331645243,0.373238382
6,713,509795,712,19079,17,0.023876,87.068045193,173.016643196,154.375176982,0.503235085,0.564002885
6,713,509795,712,19079,18,0.025281,87.068045193,175.193620662,154.375176982,0.496981824,0.564002885
6,713,509795,712,19079,19,0.026685,111.873073943,176.940934133,156.355315610,0.632262255,0.715505408
6,713,509795,712,19079,20,0.028090,111.873073943,178.680521356,156.355315610,0.626106713,0.715505408
6,713,509795,712,19079,21,0.029494,95.940073936,179.389490219,157.165025400,0.534814352,0.610441628
6,713,509795,712,19079,22,0.030899,75.495616831,180.550727020,158.489182707,0.418140752,0.476345550
6,713,509795,712,19079,23,0.032303,94.527584371,181.551041903,159.627807175,0.520666714,0.592174923
6,713,509795,712,19079,24,0.033708,94.527584371,183.332311344,159.627807175,0.515607880,0.592174923
6,713,509795,712,19079,26,0.036517,70.682297014,186.429156092,161.398991796,0.379137569,0.437935183
6,713,509795,712,19079,27,0.037921,70.682297014,188.131439157,161.398991796,0.375706992,0.437935183
6,713,509795,712,19079,28,0.039326,70.682297014,189.252453324,161.398991796,0.373481536,0.437935183
6,713,509795,712,19079,30,0.042135,112.700260262,191.571635368,164.112263226,0.588293043,0.686726623
6,713,509795,712,19079,32,0.044944,132.827371989,193.216477519,165.341874816,0.687453646,0.803349860
6,713,509795,712,19079,33,0.046348,114.730208286,194.062140870,166.329320631,0.591203456,0.689777412
6,713,509795,712,19079,35,0.049157,71.607837388,196.445650220,169.104174618,0.364517297,0.423453990
6,713,509795,712,19079,37,0.051966,90.547264746,198.466648647,170.161463857,0.456234160,0.532125563
6,713,509795,712,19079,39,0.054775,53.192828124,200.222889969,172.206616668,0.265668067,0.308889572
6,713,509795,712,19079,41,0.057584,75.364505211,202.250102943,173.628056745,0.372630244,0.434057183
6,713,509795,712,19079,43,0.060393,121.600129086,204.876661208,176.680627847,0.593528459,0.688248228
6,713,509795,712,19079,45,0.063202,121.600129086,207.052338505,176.680627847,0.587291745,0.688248228
6,713,509795,712,19079,48,0.067416,121.230192956,209.628128830,178.868602396,0.578310714,0.677761168
6,713,509795,712,19079,50,0.070225,121.230192956,210.628526169,178.868602396,0.575563981,0.677761168
6,713,509795,712,19079,53,0.074438,123.210581285,212.435525102,180.396724264,0.579990476,0.682997886
6,713,509795,712,19079,55,0.077247,104.811466030,213.696537956,181.332582751,0.490468713,0.578006801
6,713,509795,712,19079,58,0.081461,69.472701986,215.921660833,183.046227454,0.321749572,0.379536377
6,713,509795,712,19079,61,0.085674,109.744965153,218.843653813,185.255083645,0.501476571,0.592399210
6,713,509795,712,19079,65,0.091292,73.828793215,221.632984647,186.993980127,0.333112841,0.394819091
6,713,509795,712,19079,68,0.095506,103.060295896,223.499391209,188.132903727,0.461121148,0.547805800
6,713,509795,712,19079,72,0.101124,117.736734747,225.954802900,190.578865906,0.521063209,0.617784843
6,713,509795,712,19079,75,0.105337,116.364843378,227.345514939,191.614362098,0.511841386,0.607286646
6,713,509795,712,19079,79,0.110955,130.916897052,229.336777437,193.383253420,0.570849990,0.676981562
6,713,509795,712,19079,84,0.117978,131.324832893,231.738478336,194.616246691,0.566694119,0.674788642
6,713,509795,712,19079,88,0.123596,90.192861142,233.487510855,196.081952920,0.386285591,0.459975331
6,713,509795,712,19079,93,0.130618,74.370944920,235.876339289,197.861756079,0.315296333,0.375873268
6,713,509795,712,19079,97,0.136236,55.769437042,238.200139730,200.026512300,0.234128482,0.278810226
6,713,509795,712,19079,103,0.144663,100.645193594,240.959843481,201.705231475,0.417684508,0.498971657
6,713,509795,712,19079,108,0.151685,117.515584722,243.441420515,203.334353437,0.482726335,0.577942599
6,713,509795,712,19079,114,0.160112,160.856805388,245.900117295,205.847011041,0.654155058,0.781438626
6,713,509795,712,19079,120,0.168539,123.640570774,247.818342374,206.984129219,0.498916140,0.597343242
6,713,509795,712,19079,126,0.176966,100.274346005,249.681742907,207.642537000,0.401608643,0.482918132
6,713,509795,712,19079,132,0.185393,125.810939014,251.421386770,208.936379900,0.500398716,0.602149511
6,713,509795,712,19079,139,0.195225,138.806519151,253.445799282,210.683558925,0.547677332,0.658838876
6,713,509795,712,19079,147,0.206461,71.266571176,256.235640256,212.854419079,0.278129034,0.334813679
6,713,509795,712,19079,154,0.216292,112.645668602,258.829942227,214.200518724,0.435211118,0.525888869
6,713,509795,712,19079,163,0.228933,81.465822561,262.431159877,217.146325347,0.310427400,0.375165559
6,713,509795,712,19079,171,0.240169,104.370946030,264.503463498,218.366608774,0.394591982,0.477962023
6,713,509795,712,19079,180,0.252809,116.466001169,266.209914255,219.461544700,0.437496858,0.530689790
6,713,509795,712,19079,190,0.266854,127.787954086,268.224686265,221.134058975,0.476421301,0.577875496
6,713,509795,712,19079,200,0.280899,181.734693587,271.656867483,223.633425147,0.668986193,0.812645487
6,713,509795,712,19079,210,0.294944,106.126005928,273.746232584,225.489479883,0.387680243,0.470647260
6,713,509795,712,19079,221,0.310393,37.678476982,276.113271987,227.654294794,0.136460217,0.165507429
6,713,509795,712,19079,233,0.327247,108.969416024,279.335478279,230.141815054,0.390102312,0.473488123
6,713,509795,712,19079,245,0.344101,118.811560846,281.608022178,231.169734476,0.421904035,0.513958114
6,713,509795,712,19079,258,0.362360,132.099554272,284.450453788,233.576975317,0.464402684,0.565550410
6,713,509795,712,19079,271,0.380618,126.890493429,286.965162151,235.460311307,0.442180829,0.538903957
6,713,509795,712,19079,286,0.401685,172.029010129,289.573852528,237.347791768,0.594076463,0.724797180
6,713,509795,712,19079,301,0.422753,136.534409224,291.555096567,238.667525523,0.468297110,0.572069488
6,713,509795,712,19079,317,0.445225,134.453182624,293.186644666,239.904844035,0.458592453,0.560443801
6,713,509795,712,19079,333,0.467697,96.892114667,295.502113951,241.659074814,0.327889751,0.400945484
6,713,509795,712,19079,351,0.492978,90.443388611,298.162108110,243.295441587,0.303336293,0.371743046
6,713,509795,712,19079,369,0.518258,111.106256389,301.979044223,245.987560228,0.367927042,0.451674289
6,713,509795,712,19079,389,0.546348,129.032622932,304.302392084,247.664377327,0.424027633,0.520997910
6,713,509795,712,19079,409,0.574438,120.704440477,306.832694327,249.786519354,0.393388458,0.483230403
6,713,509795,712,19079,430,0.603933,131.252997057,309.372187539,251.763592749,0.424255969,0.521334303
6,713,509795,712,19079,453,0.636236,160.103093239,311.726635141,253.652179414,0.513600941,0.631191475
6,713,509795,712,19079,477,0.669944,166.614576972,313.781293719,255.275190457,0.530989515,0.652686133
6,713,509795,712,19079,502,0.705056,149.800545023,316.249881895,257.189475892,0.473677790,0.582452079
6,713,509795,712,19079,528,0.741573,123.966908365,319.393007499,259.378325166,0.388132819,0.477938580
6,713,509795,712,19079,556,0.780899,73.319849355,322.548448612,261.561764412,0.227314221,0.280315625
6,713,509795,712,19079,585,0.821629,64.317328856,325.147319560,263.448177279,0.197809808,0.244136549
6,713,509795,712,19079,616,0.865169,127.480703599,327.865172218,265.595592748,0.388820510,0.479980493
6,713,509795,712,19079,649,0.911517,154.372875551,331.296951028,268.135797507,0.465965277,0.575726468
6,713,509795,712,19079,683,0.959270,195.407003328,333.813507405,270.129968627,0.585377760,0.723381431
6,713,509795,712,19079,719,1.009831,129.767700445,336.669441309,272.363907837,0.385445439,0.476449694
6,713,509795,712,19079,756,1.061798,124.344814468,338.814453178,273.683249541,0.366999735,0.454338417
6,713,509795,712,19079,796,1.117978,111.919319014,341.125971111,275.519344708,0.328087945,0.406212199
6,713,509795,712,19079,838,1.176966,123.323501123,343.948165818,277.658042263,0.358552577,0.444156057
6,713,509795,712,19079,882,1.238764,99.596014291,347.680426999,280.131064434,0.286458502,0.355533630
6,713,509795,712,19079,928,1.303371,75.185482999,351.885516425,283.427302028,0.213664614,0.265272549
6,713,509795,712,19079,977,1.372191,88.241990348,355.315689214,286.023278608,0.248348139,0.308513317
6,713,509795,712,19079,1029,1.445225,116.551120192,357.910142644,287.941436574,0.325643524,0.404773698
6,713,509795,712,19079,1083,1.521067,130.459508960,360.391423952,289.785937596,0.361993933,0.450192684
6,713,509795,712,19079,1140,1.601124,147.196177198,362.918743609,291.763217290,0.405589901,0.504505601
6,713,509795,712,19079,1199,1.683989,119.225587577,366.208442097,294.348267291,0.325567556,0.405049395
6,713,509795,712,19079,1262,1.772472,88.060683440,369.797777896,297.128286044,0.238131997,0.296372603
6,713,509795,712,19079,1329,1.866573,91.610550330,373.069041392,299.613335228,0.245559240,0.305762593
6,713,509795,712,19079,1399,1.964888,44.684646248,376.702570990,302.454636230,0.118620497,0.147739994
6,713,509795,712,19079,1472,2.067416,75.857693381,380.218234030,304.989055486,0.199510930,0.248722674
6,713,509795,712,19079,1550,2.176966,107.592094743,384.278638701,308.189306959,0.279984584,0.349110408
6,713,509795,712,19079,1631,2.290730,165.747722914,387.038156828,310.321234354,0.428246466,0.534116601
6,713,509795,712,19079,1717,2.411517,139.172076380,390.478409390,312.756489600,0.356414268,0.444985415
6,713,509795,712,19079,1807,2.537921,123.238751459,392.469759375,314.291573264,0.314008273,0.392115990
6,713,509795,712,19079,1902,2.671348,123.250525296,395.084776705,316.158264288,0.311959692,0.389838063
6,713,509795,712,19079,2002,2.811798,73.169076813,398.415364814,318.743089808,0.183650239,0.229555021
6,713,509795,712,19079,2107,2.959270,77.454790712,401.311619434,320.912035594,0.193004107,0.241358323
6,713,509795,712,19079,2218,3.115169,47.437468300,404.332387181,323.228546111,0.117322950,0.146761383
6,713,509795,712,19079,2335,3.279494,92.934203044,408.934457148,326.780749577,0.227259409,0.284393139
6,713,509795,712,19079,2457,3.450843,155.503169346,412.354008222,329.409624917,0.377110847,0.472066259
6,713,509795,712,19079,2587,3.633427,94.110347513,414.480320849,331.055027289,0.227056250,0.284274032
6,713,509795,712,19079,2723,3.824438,166.653648308,417.874824180,333.669103606,0.398812368,0.499457836
6,713,509795,712,19079,2866,4.025281,212.315959395,420.885854037,335.901038188,0.504450215,0.632078902
6,713,509795,712,19079,3016,4.235955,143.750093106,424.361855072,338.526523534,0.338744143,0.424634654
6,713,509795,712,19079,3175,4.459270,82.814167714,427.889277771,341.325040577,0.193541115,0.242625527
6,713,509795,712,19079,3342,4.693820,38.698887342,431.346943192,343.928373148,0.089716382,0.112520194
6,713,509795,712,19079,3518,4.941011,70.743505812,435.391704016,347.038817250,0.162482439,0.203848971
6,713,509795,712,19079,3703,5.200843,151.714103701,438.445393482,349.319818030,0.346027364,0.434312901
6,713,509795,712,19079,3897,5.473315,158.923713210,442.173099688,352.110500181,0.359415155,0.451346135
6,713,509795,712,19079,4102,5.761236,196.891956212,446.283124700,355.306366707,0.441181719,0.554146997
6,713,509795,712,19079,4318,6.064607,153.738776886,449.212854611,357.543339237,0.342240377,0.429986410
6,713,509795,712,19079,4545,6.383427,143.411300658,450.619783847,358.610488440,0.318253450,0.399908272
6,713,509795,712,19079,4784,6.719101,102.542211822,452.314878912,359.907251070,0.226705370,0.284912881
6,713,509795,712,19079,5035,7.071629,145.469370511,455.076825410,362.049795603,0.319658929,0.401793820
6,713,509795,712,19079,5300,7.443820,141.296116019,459.298415775,365.204472131,0.307634669,0.386895908
6,713,509795,712,19079,5578,7.834270,114.713192222,463.231636798,368.169685143,0.247636783,0.311576963
6,713,509795,712,19079,5872,8.247191,145.499123659,466.208761369,370.467680284,0.312090067,0.392744445
6,713,509795,712,19079,6180,8.679775,131.761781830,468.609171917,372.300955994,0.281176276,0.353912016
6,713,509795,712,19079,6505,9.136236,165.104331645,471.284156098,374.378199190,0.350328628,0.441009471
6,713,509795,712,19079,6847,9.616573,167.880204728,473.917199489,376.413429292,0.354239527,0.445999509
6,713,509795,712,19079,7207,10.122191,136.254163615,476.332915886,378.249308661,0.286048180,0.360223166
6,713,509795,712,19079,7586,10.654494,123.704031112,479.799409695,380.913320412,0.257824475,0.324756380
6,713,509795,712,19079,7985,11.214888,135.697594282,483.730732904,383.955621086,0.280522996,0.353419997
6,713,509795,712,19079,8405,11.804775,67.627546984,486.351187630,385.975700775,0.139050852,0.175211929
6,713,509795,712,19079,8847,12.425562,125.479934914,490.593674880,389.254263650,0.255771612,0.322359821
6,713,509795,712,19079,9312,13.078652,146.215352405,494.452719571,392.207263569,0.295711494,0.372801235
6,713,509795,712,19079,9801,13.765449,223.335441208,497.658259317,394.675933873,0.448772701,0.565870432
6,713,509795,712,19079,10317,14.490169,216.818885055,500.803177627,397.068336909,0.432942311,0.546049294
6,713,509795,712,19079,10859,15.251404,178.121094380,502.680053494,398.506119025,0.354342873,0.446972044
6,713,509795,712,19079,11430,16.053371,134.250790772,505.398624447,400.564103374,0.265633471,0.335154323
6,713,509795,712,19079,12031,16.897472,130.330595353,507.557302111,402.234841029,0.256780062,0.324016177
6,713,509795,712,19079,12663,17.785112,170.118444521,511.119046421,404.932878210,0.332835267,0.420115169
6,713,509795,712,19079,13329,18.720506,213.320686561,515.031033484,407.962091780,0.414189967,0.522893403
6,713,509795,712,19079,14030,19.705056,138.165582813,518.585422602,410.689126046,0.266427818,0.336423767
6,713,509795,712,19079,14767,20.740169,190.972527712,522.637981222,413.812276432,0.365401166,0.461495559
6,713,509795,712,19079,15544,21.831461,209.700148027,525.319994351,415.881028671,0.399185545,0.504231099
6,713,509795,712,19079,16361,22.978933,225.799495411,526.872203141,417.075319679,0.428565967,0.541387814
6,713,509795,712,19079,17221,24.186798,212.820880942,529.636518304,419.206310579,0.401824409,0.507675757
6,713,509795,712,19079,18126,25.457865,191.801343002,533.508763723,422.178398822,0.359509264,0.454313493
6,713,509795,712,19079,19079,26.796348,91.166303010,537.245362414,425.047396680,0.169692117,0.214485029
7,714,511224,164,19119,1,0.006098,-74.851069093,74.851069093,74.851069093,1.000000000,1.000000000
7,714,511224,164,19119,1,0.006098,-74.851069093,74.851069093,74.851069093,1.000000000,1.000000000
7,714,511224,164,19119,1,0.006098,-74.851069093,74.851069093,74.851069093,1.000000000,1.000000000
7,714,511224,164,19119,1,0.006098,-74.851069093,74.851069093,74.851069093,1.000000000,1.000000000
7,714,511224,164,19119,1,0.006098,-74.851069093,74.851069093,74.851069093,1.000000000,1.000000000
7,714,511224,164,19119,1,0.006098,-74.851069093,74.851069093,74.851069093,1.000000000,1.000000000
7,714,511224,164,19119,1,0.006098,-74.851069093,74.851069093,74.851069093,1.000000000,1.000000000
7,714,511224,164,19119,1,0.006098,-74.851069093,74.851069093,74.851069093,1.000000000,1.000000000
7,714,511224,164,19119,1,0.006098,-74.851069093,74.851069093,74.851069093,1.000000000,1.000000000
7,714,511224,164,19119,1,0.006098,-74.851069093,74.851069093,74.851069093,1.000000000,1.000000000
7,714,511224,164,19119,1,0.006098,-74.851069093,74.851069093,74.851069093,1.000000000,1.000000000
7,714,511224,164,19119,1,0.006098,-74.851069093,74.851069093,74.851069093,1.000000000,1.000000000
7,714,511224,164,19119,1,0.006098,-74.851069093,74.851069093,74.851069093,1.000000000,1.000000000
7,714,511224,164,19119,1,0.006098,-74.851069093,74.851069093,74.851069093,1.000000000,1.000000000
7,714,511224,164,19119,1,0.006098,-74.851069093,74.851069093,74.851069093,1.000000000,1.000000000
7,714,511224,164,19119,1,0.006098,-74.851069093,74.851069093,74.851069093,1.000000000,1.000000000
7,714,511224,164,19119,1,0.006098,-74.851069093,74.851069093,74.851069093,1.000000000,1.000000000
7,714,511224,164,19119,1,0.006098,-74.851069093,74.851069093,74.851069093,1.000000000,1.000000000
7,714,511224,164,19119,1,0.006098,-74.851069093,74.851069093,74.851069093,1.000000000,1.000000000
7,714,511224,164,19119,1,0.006098,-74.851069093,74.851069093,74.851069093,1.000000000,1.000000000
7,714,511224,164,19119,1,0.006098,-74.851069093,74.851069093,74.851069093,1.000000000,1.000000000
7,714,511224,164,19119,1,0.006098,-74.851069093,74.851069093,74.851069093,1.000000000,1.000000000
7,714,511224,164,19119,1,0.006098,-74.851069093,74.851069093,74.851069093,1.000000000,1.000000000
7,714,511224,164,19119,1,0.006098,-74.851069093,74.851069093,74.851069093,1.000000000,1.000000000
7,714,511224,164,19119,1,0.006098,-74.851069093,74.851069093,74.851069093,1.000000000,1.000000000
7,714,511224,164,19119,1,0.006098,-74.851069093,74.851069093,74.851069093,1.000000000,1.000000000
7,714,511224,164,19119,1,0.006098,-74.851069093,74.851069093,74.851069093,1.000000000,1.000000000
7,714,511224,164,19119,1,0.006098,-74.851069093,74.851069093,74.851069093,1.000000000,1.000000000
7,714,511224,164,19119,1,0.006098,-74.851069093,74.851069093,74.851069093,1.000000000,1.000000000
7,714,511224,164,19119,1,0.006098,-74.851069093,74.851069093,74.851069093,1.000000000,1.000000000
7,714,511224,164,19119,1,0.006098,-74.851069093,74.851069093,74.851069093,1.000000000,1.000000000
7,714,511224,164,19119,1,0.006098,-74.851069093,74.851069093,74.851069093,1.000000000,1.000000000
7,714,511224,164,19119,1,0.006098,-74.851069093,74.851069093,74.851069093,1.000000000,1.000000000
7,714,511224,164,19119,1,0.006098,-74.851069093,74.851069093,74.851069093,1.000000000,1.000000000
7,714,511224,164,19119,1,0.006098,-74.851069093,74.851069093,74.851069093,1.000000000,1.000000000
7,714,511224,164,19119,1,0.006098,-74.851069093,74.851069093,74.851069093,1.000000000,1.000000000
7,714,511224,164,19119,1,0.006098,-74.851069093,74.851069093,74.851069093,1.000000000,1.000000000
7,714,511224,164,19119,1,0.006098,-74.851069093,74.851069093,74.851069093,1.000000000,1.000000000
7,714,511224,164,19119,1,0.006098,-74.851069093,74.851069093,74.851069093,1.000000000,1.000000000
7,714,511224,164,19119,1,0.006098,-74.851069093,74.851069093,74.851069093,1.000000000,1.000000000
7,714,511224,164,19119,1,0.006098,-74.851069093,74.851069093,74.851069093,1.000000000,1.000000000
7,714,511224,164,19119,2,0.012195,-20.769932812,92.344203098,92.344203098,0.224918643,0.224918643
7,714,511224,164,19119,2,0.012195,-20.769932812,92.344203098,92.344203098,0.224918643,0.224918643
7,714,511224,164,19119,2,0.012195,-20.769932812,92.344203098,92.344203098,0.224918643,0.224918643
7,714,511224,164,19119,2,0.012195,-20.769932812,92.344203098,92.344203098,0.224918643,0.224918643
7,714,511224,164,19119,2,0.012195,-20.769932812,92.344203098,92.344203098,0.224918643,0.224918643
7,714,511224,164,19119,2,0.012195,-20.769932812,92.344203098,92.344203098,0.224918643,0.224918643
7,714,511224,164,19119,2,0.012195,-20.769932812,92.344203098,92.344203098,0.224918643,0.224918643
7,714,511224,164,19119,2,0.012195,-20.769932812,92.344203098,92.344203098,0.224918643,0.224918643
7,714,511224,164,19119,2,0.012195,-20.769932812,92.344203098,92.344203098,0.224918643,0.224918643
7,714,511224,164,19119,3,0.018293,38.256743301,109.597446771,109.597446771,0.349066009,0.349066009
7,714,511224,164,19119,3,0.018293,38.256743301,109.597446771,109.597446771,0.349066009,0.349066009
7,714,511224,164,19119,3,0.018293,38.256743301,109.597446771,109.597446771,0.349066009,0.349066009
7,714,511224,164,19119,3,0.018293,38.256743301,109.597446771,109.597446771,0.349066009,0.349066009
7,714,511224,164,19119,3,0.018293,38.256743301,109.597446771,109.597446771,0.349066009,0.349066009
7,714,511224,164,19119,3,0.018293,38.256743301,109.597446771,109.597446771,0.349066009,0.349066009
7,714,511224,164,19119,4,0.024390,38.256743301,119.471156343,109.597446771,0.320217402,0.349066009
7,714,511224,164,19119,4,0.024390,38.256743301,119.471156343,109.597446771,0.320217402,0.349066009
7,714,511224,164,19119,4,0.024390,38.256743301,119.471156343,109.597446771,0.320217402,0.349066009
7,714,511224,164,19119,4,0.024390,38.256743301,119.471156343,109.597446771,0.320217402,0.349066009
7,714,511224,164,19119,4,0.024390,38.256743301,119.471156343,109.597446771,0.320217402,0.349066009
7,714,511224,164,19119,5,0.030488,68.742719504,123.299440156,113.758494556,0.557526615,0.604286473
7,714,511224,164,19119,5,0.030488,68.742719504,123.299440156,113.758494556,0.557526615,0.604286473
7,714,511224,164,19119,5,0.030488,68.742719504,123.299440156,113.758494556,0.557526615,0.604286473
7,714,511224,164,19119,6,0.036585,29.923065257,129.266072497,120.199669881,0.231484292,0.248944654
7,714,511224,164,19119,6,0.036585,29.923065257,129.266072497,120.199669881,0.231484292,0.248944654
7,714,511224,164,19119,6,0.036585,29.923065257,129.266072497,120.199669881,0.231484292,0.248944654
7,714,511224,164,19119,7,0.042683,64.428588396,133.792184472,125.054355249,0.481557190,0.515204675
7,714,511224,164,19119,7,0.042683,64.428588396,133.792184472,125.054355249,0.481557190,0.515204675
7,714,511224,164,19119,7,0.042683,64.428588396,133.792184472,125.054355249,0.481557190,0.515204675
7,714,511224,164,19119,8,0.048780,64.428588396,136.799950105,125.054355249,0.470969385,0.515204675
7,714,511224,164,19119,8,0.048780,64.428588396,136.799950105,125.054355249,0.470969385,0.515204675
7,714,511224,164,19119,9,0.054878,64.428588396,140.586695341,125.054355249,0.458283682,0.515204675
7,714,511224,164,19119,9,0.054878,64.428588396,140.586695341,125.054355249,0.458283682,0.515204675
7,714,511224,164,19119,10,0.060976,25.335518829,145.920824405,131.022363949,0.173625108,0.193367896
7,714,511224,164,19119,10,0.060976,25.335518829,145.920824405,131.022363949,0.173625108,0.193367896
7,714,511224,164,19119,11,0.067073,60.858729088,150.182507177,135.752562855,0.405231809,0.448306299
7,714,511224,164,19119,11,0.067073,60.858729088,150.182507177,135.752562855,0.405231809,0.448306299
7,714,511224,164,19119,12,0.073171,60.858729088,151.900334816,135.752562855,0.400649078,0.448306299
7,714,511224,164,19119,13,0.079268,88.978899196,154.481247031,138.634419567,0.575985117,0.641824011
7,714,511224,164,19119,13,0.079268,88.978899196,154.481247031,138.634419567,0.575985117,0.641824011
7,714,511224,164,19119,14,0.085366,57.197543275,157.716550395,142.230646743,0.362660375,0.402146405
7,714,511224,164,19119,15,0.091463,31.955238116,159.723774805,144.453213334,0.200065633,0.221215142
7,714,511224,164,19119,16,0.097561,31.955238116,164.072345119,144.453213334,0.194763097,0.221215142
7,714,511224,164,19119,17,0.103659,63.791689354,167.132564332,147.919878549,0.381683184,0.431258395
7,714,511224,164,19119,17,0.103659,63.791689354,167.132564332,147.919878549,0.381683184,0.431258395
7,714,511224,164,19119,18,0.109756,63.791689354,170.044704508,147.919878549,0.375146580,0.431258395
7,714,511224,164,19119,20,0.121951,85.950589698,173.748135291,149.570409288,0.494684962,0.574649692
7,714,511224,164,19119,21,0.128049,67.184974376,174.758584440,150.743011954,0.384444487,0.445692132
7,714,511224,164,19119,22,0.134146,47.274207465,175.889173841,152.052274866,0.268772696,0.310907597
7,714,511224,164,19119,23,0.140244,69.501425118,177.288044377,153.668290472,0.392025449,0.452282152
7,714,511224,164,19119,24,0.146341,69.501425118,179.410532296,153.668290472,0.387387653,0.452282152
7,714,511224,164,19119,26,0.158537,42.092176189,182.912939471,156.093595075,0.230121370,0.269659855
7,714,511224,164,19119,27,0.164634,42.092176189,184.700293323,156.093595075,0.227894474,0.269659855
7,714,511224,164,19119,29,0.176829,61.641400963,186.589528628,157.313008402,0.330358308,0.391839185
7,714,511224,164,19119,30,0.182927,82.946991840,187.801971226,158.749207290,0.441672637,0.522503345
7,714,511224,164,19119,32,0.195122,101.811890741,189.393984237,159.866179118,0.537566656,0.636856972
7,714,511224,164,19119,34,0.207317,60.935139116,191.605407774,162.479987226,0.318024109,0.375031659
7,714,511224,164,19119,36,0.219512,36.387208100,194.436882568,164.323909295,0.187141491,0.221435872
7,714,511224,164,19119,38,0.231707,35.516167006,196.356336429,166.590686170,0.180876093,0.213194194
7,714,511224,164,19119,40,0.243902,17.057884441,198.215074267,167.610157550,0.086057453,0.101771186
7,714,511224,164,19119,42,0.256098,61.186598954,200.658675711,170.492971660,0.304928749,0.358880477
7,714,511224,164,19119,44,0.268293,85.309527447,203.331500527,172.191083000,0.419558835,0.495435222
7,714,511224,164,19119,47,0.286585,83.947289618,205.965635047,174.181375522,0.407579107,0.481953305
7,714,511224,164,19119,50,0.304878,83.947289618,207.814356978,174.181375522,0.403953273,0.481953305
7,714,511224,164,19119,52,0.317073,67.250729627,209.003384580,174.979789388,0.321768615,0.384334270
7,714,511224,164,19119,55,0.335366,65.587245397,210.743538540,176.496295819,0.311218298,0.371606923
7,714,511224,164,19119,59,0.359756,49.671787257,214.225176249,179.630887828,0.231867179,0.276521415
7,714,511224,164,19119,62,0.378049,50.629403589,216.865590681,181.439652357,0.233459828,0.279042662
7,714,511224,164,19119,65,0.396341,32.406154318,219.111048514,182.352500014,0.147898312,0.177711599
7,714,511224,164,19119,69,0.420732,43.113094921,222.008382182,184.792157179,0.194195798,0.233305870
7,714,511224,164,19119,73,0.445122,90.000318559,224.224629979,186.801145576,0.401384623,0.481797466
7,714,511224,164,19119,77,0.469512,58.725314839,226.431607060,188.108642056,0.259351226,0.312188288
7,714,511224,164,19119,81,0.493902,88.721393365,228.123509613,189.303453020,0.388918238,0.468672874
7,714,511224,164,19119,86,0.524390,60.227634179,230.655103760,191.659393044,0.261115550,0.314243060
7,714,511224,164,19119,91,0.554878,44.821375897,233.047323630,193.305488445,0.192327357,0.231868098
7,714,511224,164,19119,96,0.585366,-6.617131820,236.051972390,195.583662591,0.028032521,0.033832743
7,714,511224,164,19119,101,0.615854,23.611520899,238.408248147,196.763284468,0.099038188,0.119999628
7,714,511224,164,19119,107,0.652439,71.547169341,241.370255818,199.598373483,0.296420821,0.358455673
7,714,511224,164,19119,113,0.689024,98.248137795,243.607225645,201.423029511,0.403305516,0.487770133
7,714,511224,164,19119,119,0.725610,72.883266503,245.727651846,203.105898756,0.296601811,0.358843672
7,714,511224,164,19119,126,0.768293,47.637597196,247.939307435,203.890312683,0.192134106,0.233643259
7,714,511224,164,19119,133,0.810976,57.487670796,250.097898458,205.668410907,0.229860671,0.279516288
7,714,511224,164,19119,141,0.859756,67.093299114,252.434401881,207.368901877,0.265785086,0.323545616
7,714,511224,164,19119,149,0.908537,26.489554176,255.607610995,209.788966086,0.103633668,0.126267623
7,714,511224,164,19119,157,0.957317,52.037514728,258.735538883,211.864684795,0.201122408,0.245616747
7,714,511224,164,19119,166,1.012195,23.185799010,261.947522873,214.387106219,0.088513145,0.108149223
7,714,511224,164,19119,176,1.073171,68.142054385,264.127959014,215.562814778,0.257988797,0.316112287
7,714,511224,164,19119,185,1.128049,57.018063373,265.700960081,217.049152685,0.214594871,0.262696549
7,714,511224,164,19119,196,1.195122,97.235987286,268.900960047,219.530789767,0.361605207,0.442926422
7,714,511224,164,19119,207,1.262195,64.040203082,271.715677900,221.791756512,0.235688288,0.288740231
7,714,511224,164,19119,219,1.335366,-10.782175716,274.107118294,224.014096118,0.039335628,0.048131684
7,714,511224,164,19119,231,1.408537,36.762050375,277.187219291,226.504814493,0.132625344,0.162301408
7,714,511224,164,19119,244,1.487805,58.650078672,279.768164573,227.920424188,0.209638144,0.257326999
7,714,511224,164,19119,258,1.573171,73.731105074,282.860133889,230.340529998,0.260662767,0.320096099
7,714,511224,164,19119,272,1.658537,72.263072956,285.598742212,232.314331646,0.253023078,0.311057318
7,714,511224,164,19119,288,1.756098,107.002986842,288.428360869,234.430130358,0.370986357,0.456438712
7,714,511224,164,19119,304,1.853659,61.893997566,290.535840059,235.911698923,0.213033950,0.262360866
7,714,511224,164,19119,321,1.957317,67.998004440,292.311932369,237.382414086,0.232621378,0.286449208
7,714,511224,164,19119,339,2.067073,21.519666436,294.936296155,239.336988735,0.072963778,0.089913668
7,714,511224,164,19119,358,2.182927,44.082548485,298.149460578,241.607144075,0.147853860,0.182455484
7,714,511224,164,19119,379,2.310976,74.758572098,302.171523141,244.134985213,0.247404426,0.306218185
7,714,511224,164,19119,400,2.439024,45.902014209,304.259357507,245.819406587,0.150864758,0.186730636
7,714,511224,164,19119,423,2.579268,57.964230909,307.164807458,248.198390144,0.188707266,0.233539915
7,714,511224,164,19119,446,2.719512,117.650238681,309.896964449,250.433656729,0.379643082,0.469786051
7,714,511224,164,19119,472,2.878049,107.164919967,312.070683014,252.186724640,0.343399511,0.424942749
7,714,511224,164,19119,498,3.036585,98.934182638,314.522542865,253.963952855,0.314553551,0.389559942
7,714,511224,164,19119,526,3.207317,72.561301629,317.885118993,256.479907867,0.228262656,0.282912226
7,714,511224,164,19119,556,3.390244,13.219266847,321.340202524,258.903596103,0.041137918,0.051058645
7,714,511224,164,19119,588,3.585366,2.067893068,324.264266050,261.099433037,0.006377185,0.007919945
7,714,511224,164,19119,621,3.786585,85.737868052,327.135576604,263.361436533,0.262086652,0.325552097
7,714,511224,164,19119,656,4.000000,106.392819399,330.704123543,266.021194385,0.321716035,0.399941139
7,714,511224,164,19119,693,4.225610,112.993623496,333.418009849,268.106575960,0.338894781,0.421450399
7,714,511224,164,19119,732,4.463415,60.632779179,336.419127425,270.352126120,0.180229881,0.224273358
7,714,511224,164,19119,773,4.713415,62.467455276,338.603723731,272.065016748,0.184485435,0.229604879
7,714,511224,164,19119,817,4.981707,33.415978017,341.486902241,274.346971869,0.097854348,0.121801884
7,714,511224,164,19119,863,5.262195,67.920335129,344.844947088,276.680721240,0.196959056,0.245482717
7,714,511224,164,19119,912,5.560976,50.874132809,349.192664884,279.964537073,0.145690726,0.181716346
7,714,511224,164,19119,963,5.871951,20.357205750,353.540057528,283.176212725,0.057581044,0.071888827
7,714,511224,164,19119,1018,6.207317,36.339656507,356.297013244,285.392487879,0.101992594,0.127332211
7,714,511224,164,19119,1075,6.554878,88.315074561,359.061934462,287.354130917,0.245960560,0.307338803
7,714,511224,164,19119,1136,6.926829,98.734814511,361.691876230,289.361769246,0.272980459,0.341215824
7,714,511224,164,19119,1200,7.317073,48.365579847,365.209970580,292.127620098,0.132432255,0.165563187
7,714,511224,164,19119,1268,7.731707,18.204372177,369.055080047,295.159298980,0.049326979,0.061676431
7,714,511224,164,19119,1339,8.164634,19.396276231,372.558252997,297.891003694,0.052062398,0.065111991
7,714,511224,164,19119,1415,8.628049,-42.133383447,376.501122385,300.995123513,0.111907723,0.139980286
7,714,511224,164,19119,1495,9.115854,37.159864301,380.617893277,304.030777225,0.097630366,0.122224022
7,714,511224,164,19119,1579,9.628049,49.062089978,384.617702719,307.123664121,0.127560665,0.159747020
7,714,511224,164,19119,1668,10.170732,88.037470839,387.685109176,309.437122639,0.227084994,0.284508433
7,714,511224,164,19119,1763,10.750000,71.760038252,390.840376255,311.689807170,0.183604465,0.230229018
7,714,511224,164,19119,1862,11.353659,34.623308285,393.101934939,313.295600587,0.088077176,0.110513228
7,714,511224,164,19119,1967,11.993902,9.868446859,396.444051079,315.892660451,0.024892407,0.031239874
7,714,511224,164,19119,2078,12.670732,-4.381296897,399.898862547,318.516611762,0.010956012,0.013755317
7,714,511224,164,19119,2196,13.390244,-11.594119208,402.860079965,320.805996801,0.028779519,0.036140594
7,714,511224,164,19119,2320,14.146341,49.228847553,407.473737108,324.372001546,0.120814774,0.151766636
7,714,511224,164,19119,2451,14.945122,100.647570416,411.435442681,327.440971065,0.244625426,0.307376228
7,714,511224,164,19119,2589,15.786585,33.518658359,413.817534235,329.257302558,0.080998642,0.101800805
7,714,511224,164,19119,2735,16.676829,117.374020672,417.419185918,332.055134736,0.281189808,0.353477505
7,714,511224,164,19119,2890,17.621951,147.656448953,420.755722279,334.480515260,0.350931529,0.441450076
7,714,511224,164,19119,3053,18.615854,73.157090262,424.339266467,337.275111201,0.172402358,0.216906282
7,714,511224,164,19119,3225,19.664634,8.324458608,428.221950716,340.279750492,0.019439589,0.024463573
7,714,511224,164,19119,3407,20.774390,-3.517396155,431.876533101,343.172575921,0.008144448,0.010249642
7,714,511224,164,19119,3600,21.951220,57.631350919,436.248863520,346.478231448,0.132106593,0.166334695
7,714,511224,164,19119,3803,23.189024,83.999040901,439.889455275,349.182874217,0.190954886,0.240558879
7,714,511224,164,19119,4018,24.500000,109.597491367,443.792469445,352.205552802,0.246956627,0.311174797
7,714,511224,164,19119,4244,25.878049,107.551933934,447.854913302,355.308381045,0.240149054,0.302700245
7,714,511224,164,19119,4484,27.341463,86.307877458,449.762796852,356.788964373,0.191896435,0.241901757
7,714,511224,164,19119,4737,28.884146,69.725003162,451.331238920,358.004264531,0.154487430,0.194760259
7,714,511224,164,19119,5005,30.518293,68.067621449,454.118343640,360.161356162,0.149889610,0.188992018
7,714,511224,164,19119,5287,32.237805,73.525779516,458.357375653,363.363131819,0.160411468,0.202347935
7,714,511224,164,19119,5586,34.060976,43.182741481,462.763126389,366.701318321,0.093315001,0.117759984
7,714,511224,164,19119,5901,35.981707,90.937608038,465.950910304,369.160822853,0.195165641,0.246336021
7,714,511224,164,19119,6235,38.018293,90.579275696,468.624473730,371.248888106,0.193287549,0.243985312
7,714,511224,164,19119,6587,40.164634,128.004436021,471.560178058,373.512608947,0.271448782,0.342704458
7,714,511224,164,19119,6958,42.426829,106.467388436,474.010255467,375.362368156,0.224609884,0.283638951
7,714,511224,164,19119,7351,44.823171,44.318353602,477.346512028,377.954632460,0.092843150,0.117258395
7,714,511224,164,19119,7766,47.353659,67.842445424,481.208407822,380.958615613,0.140983500,0.178083505
7,714,511224,164,19119,8205,50.030488,-5.791587882,484.730934166,383.651315134,0.011948047,0.015095968
7,714,511224,164,19119,8668,52.853659,-13.701835629,487.952376110,386.130294129,0.028080272,0.035485006
7,714,511224,164,19119,9158,55.841463,66.572889237,492.918336711,389.959703314,0.135058658,0.170717355
7,1057,1119363,359,34413,1,0.002786,-102.560514848,102.560514848,102.560514848,1.000000000,1.000000000
7,1057,1119363,359,34413,1,0.002786,-102.560514848,102.560514848,102.560514848,1.000000000,1.000000000
7,1057,1119363,359,34413,1,0.002786,-102.560514848,102.560514848,102.560514848,1.000000000,1.000000000
7,1057,1119363,359,34413,1,0.002786,-102.560514848,102.560514848,102.560514848,1.000000000,1.000000000
7,1057,1119363,359,34413,1,0.002786,-102.560514848,102.560514848,102.560514848,1.000000000,1.000000000
7,1057,1119363,359,34413,1,0.002786,-102.560514848,102.560514848,102.560514848,1.000000000,1.000000000
7,1057,1119363,359,34413,1,0.002786,-102.560514848,102.560514848,102.560514848,1.000000000,1.000000000
7,1057,1119363,359,34413,1,0.002786,-102.560514848,102.560514848,102.560514848,1.000000000,1.000000000
7,1057,1119363,359,34413,1,0.002786,-102.560514848,102.560514848,102.560514848,1.000000000,1.000000000
7,1057,1119363,359,34413,1,0.002786,-102.560514848,102.560514848,102.560514848,1.000000000,1.000000000
7,1057,1119363,359,34413,1,0.002786,-102.560514848,102.560514848,102.560514848,1.000000000,1.000000000
7,1057,1119363,359,34413,1,0.002786,-102.560514848,102.560514848,102.560514848,1.000000000,1.000000000
7,1057,1119363,359,34413,1,0.002786,-102.560514848,102.560514848,102.560514848,1.000000000,1.000000000
7,1057,1119363,359,34413,1,0.002786,-102.560514848,102.560514848,102.560514848,1.000000000,1.000000000
7,1057,1119363,359,34413,1,0.002786,-102.560514848,102.560514848,102.560514848,1.000000000,1.000000000
7,1057,1119363,359,34413,1,0.002786,-102.560514848,102.560514848,102.560514848,1.000000000,1.000000000
7,1057,1119363,359,34413,1,0.002786,-102.560514848,102.560514848,102.560514848,1.000000000,1.000000000
7,1057,1119363,359,34413,1,0.002786,-102.560514848,102.560514848,102.560514848,1.000000000,1.000000000
7,1057,1119363,359,34413,1,0.002786,-102.560514848,102.560514848,102.560514848,1.000000000,1.000000000
7,1057,1119363,359,34413,1,0.002786,-102.560514848,102.560514848,102.560514848,1.000000000,1.000000000
7,1057,1119363,359,34413,1,0.002786,-102.560514848,102.560514848,102.560514848,1.000000000,1.000000000
7,1057,1119363,359,34413,1,0.002786,-102.560514848,102.560514848,102.560514848,1.000000000,1.000000000
7,1057,1119363,359,34413,1,0.002786,-102.560514848,102.560514848,102.560514848,1.000000000,1.000000000
7,1057,1119363,359,34413,1,0.002786,-102.560514848,102.560514848,102.560514848,1.000000000,1.000000000
7,1057,1119363,359,34413,1,0.002786,-102.560514848,102.560514848,102.560514848,1.000000000,1.000000000
7,1057,1119363,359,34413,1,0.002786,-102.560514848,102.560514848,102.560514848,1.000000000,1.000000000
7,1057,1119363,359,34413,1,0.002786,-102.560514848,102.560514848,102.560514848,1.000000000,1.000000000
7,1057,1119363,359,34413,2,0.005571,-18.073517894,132.878560573,132.878560573,0.136015305,0.136015305
7,1057,1119363,359,34413,2,0.005571,-18.073517894,132.878560573,132.878560573,0.136015305,0.136015305
7,1057,1119363,359,34413,2,0.005571,-18.073517894,132.878560573,132.878560573,0.136015305,0.136015305
7,1057,1119363,359,34413,2,0.005571,-18.073517894,132.878560573,132.878560573,0.136015305,0.136015305
7,1057,1119363,359,34413,2,0.005571,-18.073517894,132.878560573,132.878560573,0.136015305,0.136015305
7,1057,1119363,359,34413,2,0.005571,-18.073517894,132.878560573,132.878560573,0.136015305,0.136015305
7,1057,1119363,359,34413,2,0.005571,-18.073517894,132.878560573,132.878560573,0.136015305,0.136015305
7,1057,1119363,359,34413,2,0.005571,-18.073517894,132.878560573,132.878560573,0.136015305,0.136015305
7,1057,1119363,359,34413,2,0.005571,-18.073517894,132.878560573,132.878560573,0.136015305,0.136015305
7,1057,1119363,359,34413,3,0.008357,58.159510062,153.193297541,153.193297541,0.379647876,0.379647876
7,1057,1119363,359,34413,3,0.008357,58.159510062,153.193297541,153.193297541,0.379647876,0.379647876
7,1057,1119363,359,34413,3,0.008357,58.159510062,153.193297541,153.193297541,0.379647876,0.379647876
7,1057,1119363,359,34413,3,0.008357,58.159510062,153.193297541,153.193297541,0.379647876,0.379647876
7,1057,1119363,359,34413,3,0.008357,58.159510062,153.193297541,153.193297541,0.379647876,0.379647876
7,1057,1119363,359,34413,3,0.008357,58.159510062,153.193297541,153.193297541,0.379647876,0.379647876
7,1057,1119363,359,34413,4,0.011142,58.159510062,165.165234529,153.193297541,0.352129249,0.379647876
7,1057,1119363,359,34413,4,0.011142,58.159510062,165.165234529,153.193297541,0.352129249,0.379647876
7,1057,1119363,359,34413,4,0.011142,58.159510062,165.165234529,153.193297541,0.352129249,0.379647876
7,1057,1119363,359,34413,4,0.011142,58.159510062,165.165234529,153.193297541,0.352129249,0.379647876
7,1057,1119363,359,34413,4,0.011142,58.159510062,165.165234529,153.193297541,0.352129249,0.379647876
7,1057,1119363,359,34413,5,0.013928,109.767063920,173.040152312,161.652485371,0.634344471,0.679031094
7,1057,1119363,359,34413,5,0.013928,109.767063920,173.040152312,161.652485371,0.634344471,0.679031094
7,1057,1119363,359,34413,5,0.013928,109.767063920,173.040152312,161.652485371,0.634344471,0.679031094
7,1057,1119363,359,34413,6,0.016713,58.965334773,180.343311483,169.447164954,0.326961584,0.347986553
7,1057,1119363,359,34413,6,0.016713,58.965334773,180.343311483,169.447164954,0.326961584,0.347986553
7,1057,1119363,359,34413,6,0.016713,58.965334773,180.343311483,169.447164954,0.326961584,0.347986553
7,1057,1119363,359,34413,7,0.019499,102.128671897,185.436737644,174.858272274,0.550746703,0.584065429
7,1057,1119363,359,34413,7,0.019499,102.128671897,185.436737644,174.858272274,0.550746703,0.584065429
7,1057,1119363,359,34413,7,0.019499,102.128671897,185.436737644,174.858272274,0.550746703,0.584065429
7,1057,1119363,359,34413,8,0.022284,102.128671897,190.313078167,174.858272274,0.536635069,0.584065429
7,1057,1119363,359,34413,8,0.022284,102.128671897,190.313078167,174.858272274,0.536635069,0.584065429
7,1057,1119363,359,34413,9,0.025070,102.128671897,194.733503771,174.858272274,0.524453522,0.584065429
7,1057,1119363,359,34413,9,0.025070,102.128671897,194.733503771,174.858272274,0.524453522,0.584065429
7,1057,1119363,359,34413,10,0.027855,55.756451764,200.178720875,180.902731275,0.278533360,0.308212327
7,1057,1119363,359,34413,10,0.027855,55.756451764,200.178720875,180.902731275,0.278533360,0.308212327
7,1057,1119363,359,34413,11,0.030641,92.274975041,203.482487781,184.551891686,0.453478705,0.499994740
7,1057,1119363,359,34413,11,0.030641,92.274975041,203.482487781,184.551891686,0.453478705,0.499994740
7,1057,1119363,359,34413,12,0.033426,92.274975041,206.356642686,184.551891686,0.447162611,0.499994740
7,1057,1119363,359,34413,13,0.036212,137.333472971,211.218683398,189.972811109,0.650195668,0.722911201
7,1057,1119363,359,34413,13,0.036212,137.333472971,211.218683398,189.972811109,0.650195668,0.722911201
7,1057,1119363,359,34413,14,0.038997,97.240972031,214.990094767,194.157352661,0.452304429,0.500835898
7,1057,1119363,359,34413,15,0.041783,60.712683539,218.071219348,197.563644056,0.278407594,0.307306963
7,1057,1119363,359,34413,16,0.044568,60.712683539,223.219196732,197.563644056,0.271986838,0.307306963
7,1057,1119363,359,34413,17,0.047354,93.419352337,225.602606309,200.252639524,0.414088090,0.466507471
7,1057,1119363,359,34413,18,0.050139,93.419352337,227.745134927,200.252639524,0.410192527,0.466507471
7,1057,1119363,359,34413,19,0.052925,121.338960603,229.450105706,202.189574811,0.528825037,0.600124713
7,1057,1119363,359,34413,20,0.055710,121.338960603,231.836057666,202.189574811,0.523382608,0.600124713
7,1057,1119363,359,34413,21,0.058496,88.472459642,234.154146919,204.843430570,0.377838534,0.431902841
7,1057,1119363,359,34413,22,0.061281,52.704938363,236.870175619,207.942652253,0.222505591,0.253459008
7,1057,1119363,359,34413,23,0.064067,89.851907089,239.765254746,211.234570825,0.374749491,0.425365539
7,1057,1119363,359,34413,25,0.069638,89.851907089,243.808115822,211.234570825,0.368535341,0.425365539
7,1057,1119363,359,34413,26,0.072423,70.877539137,244.545341358,212.085054992,0.289833937,0.334193935
7,1057,1119363,359,34413,28,0.077994,70.877539137,248.584582457,212.085054992,0.285124437,0.334193935
7,1057,1119363,359,34413,29,0.080780,105.314696120,250.958587055,214.862719735,0.419649701,0.490148762
7,1057,1119363,359,34413,31,0.086351,160.711739655,253.997500309,218.404455262,0.632729611,0.735844603
7,1057,1119363,359,34413,32,0.089136,160.711739655,255.154828006,218.404455262,0.629859685,0.735844603
7,1057,1119363,359,34413,34,0.094708,107.893290466,257.923938611,221.633205843,0.418314372,0.486810133
7,1057,1119363,359,34413,36,0.100279,71.477012294,262.402993202,224.605038341,0.272394043,0.318234234
7,1057,1119363,359,34413,38,0.105850,78.825198911,264.961150010,227.588451864,0.297497195,0.346349730
7,1057,1119363,359,34413,40,0.111421,55.248438941,267.240851217,228.806396398,0.206736503,0.241463699
7,1057,1119363,359,34413,43,0.119777,130.489134971,270.760428228,232.907500883,0.481935768,0.560261625
7,1057,1119363,359,34413,45,0.125348,130.489134971,273.173351868,232.907500883,0.477678859,0.560261625
7,1057,1119363,359,34413,48,0.133705,133.244624072,275.462853643,234.635983362,0.483711768,0.567878047
7,1057,1119363,359,34413,50,0.139276,133.244624072,277.294379428,234.635983362,0.480516858,0.567878047
7,1057,1119363,359,34413,53,0.147632,137.256360216,280.737391944,237.373971037,0.488913711,0.578228353
7,1057,1119363,359,34413,56,0.155989,112.176728359,284.555295025,238.695182314,0.394217680,0.469958075
7,1057,1119363,359,34413,59,0.164345,84.129655128,288.577287626,243.475922971,0.291532490,0.345535830
7,1057,1119363,359,34413,63,0.175487,81.305182425,291.520558033,245.065482171,0.278900339,0.331769214
7,1057,1119363,359,34413,66,0.183844,82.628220238,293.953722081,247.111908622,0.281092614,0.334375711
7,1057,1119363,359,34413,70,0.194986,100.669375361,296.220351537,249.097357423,0.339846249,0.404136665
7,1057,1119363,359,34413,74,0.206128,113.090972296,298.744288926,251.357154963,0.378554424,0.449921437
7,1057,1119363,359,34413,78,0.217270,112.567045649,302.528224872,253.849228980,0.372087747,0.443440565
7,1057,1119363,359,34413,83,0.231198,132.235743475,305.977193087,256.423123849,0.432175164,0.515693520
7,1057,1119363,359,34413,87,0.242340,77.896586812,308.196826390,258.345797536,0.252749477,0.301520627
7,1057,1119363,359,34413,92,0.256267,75.275513963,311.565002139,259.996209431,0.241604524,0.289525429
7,1057,1119363,359,34413,97,0.270195,22.185467381,316.069952890,264.308689364,0.070191637,0.083937715
7,1057,1119363,359,34413,103,0.286908,77.191715919,319.563909810,266.218863840,0.241553297,0.289955846
7,1057,1119363,359,34413,109,0.303621,107.255566313,321.853535115,268.108818383,0.333243400,0.400044903
7,1057,1119363,359,34413,115,0.320334,117.253223012,324.047871057,270.298501247,0.361839202,0.433791614
7,1057,1119363,359,34413,121,0.337047,85.742744698,326.456443856,271.225088766,0.262646813,0.316131318
7,1057,1119363,359,34413,128,0.356546,67.101924731,329.911114451,273.099914662,0.203393950,0.245704671
7,1057,1119363,359,34413,135,0.376045,48.307588232,333.983907938,276.749579566,0.144640466,0.174553430
7,1057,1119363,359,34413,143,0.398329,56.641847317,337.854200244,280.136262031,0.167651748,0.202193914
7,1057,1119363,359,34413,151,0.420613,64.143775140,341.466191124,282.457362142,0.187848100,0.227091886
7,1057,1119363,359,34413,160,0.445682,51.704678116,344.499613173,284.250103174,0.150086317,0.181898538
7,1057,1119363,359,34413,169,0.470752,67.282822729,347.682379928,286.366448385,0.193518069,0.234953582
7,1057,1119363,359,34413,178,0.495822,80.636148882,350.265436586,288.032278788,0.230214404,0.279955251
7,1057,1119363,359,34413,188,0.523677,98.077637906,353.764957301,291.146152801,0.277239551,0.336867367
7,1057,1119363,359,34413,199,0.554318,171.712545956,357.183520594,293.879602400,0.480740393,0.584295557
7,1057,1119363,359,34413,210,0.584958,60.248417786,361.213202489,296.893096497,0.166794617,0.202929669
7,1057,1119363,359,34413,222,0.618384,-13.974255352,364.809801632,300.174763576,0.038305592,0.046553732
7,1057,1119363,359,34413,234,0.651811,62.737424077,368.633507390,302.958805226,0.170189152,0.207082359
7,1057,1119363,359,34413,248,0.690808,75.429990440,372.162831913,305.050539120,0.202680074,0.247270471
7,1057,1119363,359,34413,262,0.729805,63.942165067,375.313327537,307.566042253,0.170370089,0.207897350
7,1057,1119363,359,34413,276,0.768802,85.140440717,378.192660963,309.590359166,0.225124519,0.275009987
7,1057,1119363,359,34413,292,0.813370,131.337220741,381.453498546,312.036951816,0.344307291,0.420902781
7,1057,1119363,359,34413,308,0.857939,70.440543541,384.570727940,314.223858803,0.183166680,0.224173122
7,1057,1119363,359,34413,326,0.908078,67.982858931,389.105312355,317.853878698,0.174715833,0.213880854
7,1057,1119363,359,34413,344,0.958217,-1.532810948,393.513714307,320.561803489,0.003895191,0.004781639
7,1057,1119363,359,34413,364,1.013928,46.193388594,398.221502234,323.858758121,0.115999232,0.142634366
7,1057,1119363,359,34413,384,1.069638,69.735642433,401.239228661,326.115970751,0.173800659,0.213836944
7,1057,1119363,359,34413,406,1.130919,60.672663667,403.785578019,328.208245757,0.150259610,0.184860266
7,1057,1119363,359,34413,429,1.194986,65.324531634,408.206280087,331.433518101,0.160028238,0.197096938
7,1057,1119363,359,34413,453,1.261838,124.868796862,412.365228185,334.882885601,0.302811169,0.372873032
7,1057,1119363,359,34413,479,1.334262,131.853531419,415.629588088,337.479473592,0.317238077,0.390700892
7,1057,1119363,359,34413,506,1.409471,118.235527182,420.286585706,341.105088924,0.281321201,0.346624929
7,1057,1119363,359,34413,534,1.487465,84.739618215,423.991532689,343.577034032,0.199861581,0.246639355
7,1057,1119363,359,34413,564,1.571031,19.715390889,428.319001927,346.826505466,0.046029690,0.056845110
7,1057,1119363,359,34413,596,1.660167,6.719395041,432.621422514,350.015255731,0.015531813,0.019197435
7,1057,1119363,359,34413,630,1.754875,85.484780605,436.549458826,352.994127881,0.195819234,0.242170546
7,1057,1119363,359,34413,665,1.852368,174.462231510,439.635410899,355.408635854,0.396833893,0.490877863
7,1057,1119363,359,34413,703,1.958217,112.166809769,442.307509355,357.453040178,0.253594631,0.313794533
7,1057,1119363,359,34413,743,2.069638,122.438571366,446.157668970,360.138899226,0.274428929,0.339975969
7,1057,1119363,359,34413,785,2.186630,76.610158544,450.918155995,363.633634558,0.169898146,0.210679517
7,1057,1119363,359,34413,829,2.309192,106.088584029,456.514922827,368.245319038,0.232387987,0.288092145
7,1057,1119363,359,34413,876,2.440111,72.861107494,459.562201139,370.210710721,0.158544605,0.196809831
7,1057,1119363,359,34413,925,2.576602,53.656341392,463.742566364,373.602136348,0.115702860,0.143618936
7,1057,1119363,359,34413,977,2.721448,56.172531560,467.839398753,376.605301339,0.120067980,0.149154915
7,1057,1119363,359,34413,1033,2.877437,114.962434596,470.904501826,378.906907323,0.244131101,0.303405487
7,1057,1119363,359,34413,1091,3.038997,151.418443079,474.516856474,381.526763723,0.319100241,0.396875023
7,1057,1119363,359,34413,1152,3.208914,117.220923916,479.362342425,385.313757753,0.244535112,0.304222005
7,1057,1119363,359,34413,1218,3.392758,71.445562816,484.406133665,389.209679972,0.147491037,0.183565740
7,1057,1119363,359,34413,1286,3.582173,62.140242386,488.537884111,392.387322526,0.127196364,0.158364552
7,1057,1119363,359,34413,1359,3.785515,17.982528788,492.758851669,395.693204422,0.036493568,0.045445635
7,1057,1119363,359,34413,1436,4.000000,20.987459937,497.956021545,399.686291907,0.042147216,0.052509832
7,1057,1119363,359,34413,1517,4.225627,69.891782648,501.884805767,402.769537399,0.139258614,0.173527976
7,1057,1119363,359,34413,1602,4.462396,122.448914262,506.253335339,406.051525791,0.241872805,0.301560040
7,1057,1119363,359,34413,1693,4.715877,129.058802142,509.489125989,408.404712473,0.253310219,0.316007133
7,1057,1119363,359,34413,1788,4.980501,122.710790355,513.642316702,411.513015909,0.238903195,0.298194190
7,1057,1119363,359,34413,1889,5.261838,125.720886590,518.506746676,415.063305118,0.242467215,0.302895691
7,1057,1119363,359,34413,1996,5.559889,16.044516695,524.848373117,419.933774535,0.030569813,0.038207255
7,1057,1119363,359,34413,2109,5.874652,50.063533927,531.241794645,424.749799297,0.094238696,0.117865939
7,1057,1119363,359,34413,2228,6.206128,5.269815431,535.214949234,427.757382994,0.009846166,0.012319636
7,1057,1119363,359,34413,2354,6.557103,90.374631965,539.296226473,430.956940209,0.167578832,0.209706872
7,1057,1119363,359,34413,2486,6.924791,95.501979059,543.067104838,433.925007027,0.175856682,0.220088673
7,1057,1119363,359,34413,2627,7.317549,-6.468606347,548.222714420,437.809259829,0.011799231,0.014774942
7,1057,1119363,359,34413,2775,7.729805,170.446160709,553.828368210,442.063591570,0.307759895,0.385569325
7,1057,1119363,359,34413,2932,8.167131,165.136464285,558.978712257,445.872950462,0.295425319,0.370366635
7,1057,1119363,359,34413,3097,8.626741,64.344731113,564.675231957,450.340013975,0.113949980,0.142880333
7,1057,1119363,359,34413,3272,9.114206,-36.231097024,570.664109620,454.844929818,0.063489356,0.079655932
7,1057,1119363,359,34413,3457,9.629526,-21.128039624,576.547285956,459.449927146,0.036645805,0.045985511
7,1057,1119363,359,34413,3652,10.172702,67.648504159,581.017047615,462.765785493,0.116431186,0.146183029
7,1057,1119363,359,34413,3858,10.746518,113.839317072,585.607176826,466.254165372,0.194395358,0.244157212
7,1057,1119363,359,34413,4076,11.353760,110.123967026,588.930666123,468.775993558,0.186989697,0.234918103
7,1057,1119363,359,34413,4306,11.994429,84.881483528,593.808742532,472.532104500,0.142944146,0.179631146
7,1057,1119363,359,34413,4550,12.674095,50.606359849,598.886140579,476.398835174,0.084500803,0.106226876
7,1057,1119363,359,34413,4807,13.389972,-7.311889241,603.195763454,479.680355158,0.012121917,0.015243253
7,1057,1119363,359,34413,5078,14.144847,72.711977835,609.910512745,484.685233774,0.119217453,0.150018966
7,1057,1119363,359,34413,5365,14.944290,14.719282439,615.729734599,489.154188770,0.023905427,0.030091294
7,1057,1119363,359,34413,5667,15.785515,-2.073063774,619.228903952,491.829351423,0.003347815,0.004215006
7,1057,1119363,359,34413,5987,16.676880,71.804192683,624.493145912,495.862214794,0.114979953,0.144806744
7,1057,1119363,359,34413,6326,17.621170,150.860000404,629.372896976,499.672719573,0.239698915,0.301917624
7,1057,1119363,359,34413,6683,18.615599,122.164787549,634.633759132,503.704968807,0.192496516,0.242532425
7,1057,1119363,359,34413,7060,19.665738,166.939115933,640.325297320,508.004590977,0.260709856,0.328617337
7,1057,1119363,359,34413,7459,20.777159,-16.834681979,645.678503967,512.152373378,0.026072855,0.032870456
7,1057,1119363,359,34413,7880,21.949861,69.388918016,652.075127633,517.096746382,0.106412459,0.134189431
7,1057,1119363,359,34413,8325,23.189415,14.680228375,657.405190102,521.198652637,0.022330564,0.028166282
7,1057,1119363,359,34413,8795,24.498607,35.808170277,663.129040743,525.604920554,0.053998797,0.068127540
7,1057,1119363,359,34413,9291,25.880223,102.342964710,669.104017032,530.192236442,0.152955239,0.193029919
7,1057,1119363,359,34413,9816,27.342618,180.847090957,671.907737377,532.321631846,0.269154649,0.339732748
7,1057,1119363,359,34413,10370,28.885794,165.294121444,674.207815396,534.078925557,0.245167911,0.309493810
7,1057,1119363,359,34413,10956,30.518106,107.967856472,678.276364260,537.160913826,0.159179742,0.200997231
7,1057,1119363,359,34413,11574,32.239554,-1.800678015,684.487466284,541.919610316,0.002630695,0.003322777
7,1057,1119363,359,34413,12228,34.061281,-14.604987094,690.958816072,546.862737297,0.021137276,0.026706861
7,1057,1119363,359,34413,12918,35.983287,44.478498614,695.639030028,550.467154553,0.063939050,0.080801367
7,1057,1119363,359,34413,13648,38.016713,27.086346502,699.550573617,553.483515211,0.038719640,0.048937946
7,1057,1119363,359,34413,14418,40.161560,5.652849620,703.852633748,556.776314851,0.008031297,0.010152820
7,1057,1119363,359,34413,15232,42.428969,38.823106391,707.468450065,559.586920347,0.054876096,0.069378152
7,1057,1119363,359,34413,16092,44.824513,129.278074079,712.349030394,563.324734549,0.181481365,0.229491208
7,1057,1119363,359,34413,17001,47.356546,94.798719578,718.019792481,567.696975505,0.132028003,0.166988241
7,1057,1119363,359,34413,17961,50.030641,50.754567285,723.196783365,571.673668393,0.070180853,0.088782412
7,1057,1119363,359,34413,18975,52.855153,-62.959993618,727.901412192,575.289172033,0.086495221,0.109440603
7,1057,1119363,359,34413,20046,55.838440,-35.384614300,735.195239796,580.895604392,0.048129548,0.060913896
7,1399,1959999,629,52383,1,0.001590,-108.828731375,108.828731375,108.828731375,1.000000000,1.000000000
7,1399,1959999,629,52383,1,0.001590,-108.828731375,108.828731375,108.828731375,1.000000000,1.000000000
7,1399,1959999,629,52383,1,0.001590,-108.828731375,108.828731375,108.828731375,1.000000000,1.000000000
7,1399,1959999,629,52383,1,0.001590,-108.828731375,108.828731375,108.828731375,1.000000000,1.000000000
7,1399,1959999,629,52383,1,0.001590,-108.828731375,108.828731375,108.828731375,1.000000000,1.000000000
7,1399,1959999,629,52383,1,0.001590,-108.828731375,108.828731375,108.828731375,1.000000000,1.000000000
7,1399,1959999,629,52383,1,0.001590,-108.828731375,108.828731375,108.828731375,1.000000000,1.000000000
7,1399,1959999,629,52383,1,0.001590,-108.828731375,108.828731375,108.828731375,1.000000000,1.000000000
7,1399,1959999,629,52383,1,0.001590,-108.828731375,108.828731375,108.828731375,1.000000000,1.000000000
7,1399,1959999,629,52383,1,0.001590,-108.828731375,108.828731375,108.828731375,1.000000000,1.000000000
7,1399,1959999,629,52383,1,0.001590,-108.828731375,108.828731375,108.828731375,1.000000000,1.000000000
7,1399,1959999,629,52383,1,0.001590,-108.828731375,108.828731375,108.828731375,1.000000000,1.000000000
7,1399,1959999,629,52383,1,0.001590,-108.828731375,108.828731375,108.828731375,1.000000000,1.000000000
7,1399,1959999,629,52383,1,0.001590,-108.828731375,108.828731375,108.828731375,1.000000000,1.000000000
7,1399,1959999,629,52383,1,0.001590,-108.828731375,108.828731375,108.828731375,1.000000000,1.000000000
7,1399,1959999,629,52383,1,0.001590,-108.828731375,108.828731375,108.828731375,1.000000000,1.000000000
7,1399,1959999,629,52383,2,0.003180,1.897656154,155.254712224,155.254712224,0.012222857,0.012222857
7,1399,1959999,629,52383,2,0.003180,1.897656154,155.254712224,155.254712224,0.012222857,0.012222857
7,1399,1959999,629,52383,2,0.003180,1.897656154,155.254712224,155.254712224,0.012222857,0.012222857
7,1399,1959999,629,52383,2,0.003180,1.897656154,155.254712224,155.254712224,0.012222857,0.012222857
7,1399,1959999,629,52383,2,0.003180,1.897656154,155.254712224,155.254712224,0.012222857,0.012222857
7,1399,1959999,629,52383,2,0.003180,1.897656154,155.254712224,155.254712224,0.012222857,0.012222857
7,1399,1959999,629,52383,2,0.003180,1.897656154,155.254712224,155.254712224,0.012222857,0.012222857
7,1399,1959999,629,52383,2,0.003180,1.897656154,155.254712224,155.254712224,0.012222857,0.012222857
7,1399,1959999,629,52383,2,0.003180,1.897656154,155.254712224,155.254712224,0.012222857,0.012222857
7,1399,1959999,629,52383,2,0.003180,1.897656154,155.254712224,155.254712224,0.012222857,0.012222857
7,1399,1959999,629,52383,3,0.004769,100.311535105,183.818707530,183.818707530,0.545709065,0.545709065
7,1399,1959999,629,52383,3,0.004769,100.311535105,183.818707530,183.818707530,0.545709065,0.545709065
7,1399,1959999,629,52383,3,0.004769,100.311535105,183.818707530,183.818707530,0.545709065,0.545709065
7,1399,1959999,629,52383,3,0.004769,100.311535105,183.818707530,183.818707530,0.545709065,0.545709065
7,1399,1959999,629,52383,3,0.004769,100.311535105,183.818707530,183.818707530,0.545709065,0.545709065
7,1399,1959999,629,52383,3,0.004769,100.311535105,183.818707530,183.818707530,0.545709065,0.545709065
7,1399,1959999,629,52383,4,0.006359,100.311535105,199.110850863,183.818707530,0.503797431,0.545709065
7,1399,1959999,629,52383,4,0.006359,100.311535105,199.110850863,183.818707530,0.503797431,0.545709065
7,1399,1959999,629,52383,4,0.006359,100.311535105,199.110850863,183.818707530,0.503797431,0.545709065
7,1399,1959999,629,52383,4,0.006359,100.311535105,199.110850863,183.818707530,0.503797431,0.545709065
7,1399,1959999,629,52383,5,0.007949,174.132642803,212.355096179,198.088044010,0.820006894,0.879066900
7,1399,1959999,629,52383,5,0.007949,174.132642803,212.355096179,198.088044010,0.820006894,0.879066900
7,1399,1959999,629,52383,5,0.007949,174.132642803,212.355096179,198.088044010,0.820006894,0.879066900
7,1399,1959999,629,52383,5,0.007949,174.132642803,212.355096179,198.088044010,0.820006894,0.879066900
7,1399,1959999,629,52383,6,0.009539,121.280614639,218.833324140,205.017584760,0.554214561,0.591562011
7,1399,1959999,629,52383,6,0.009539,121.280614639,218.833324140,205.017584760,0.554214561,0.591562011
7,1399,1959999,629,52383,6,0.009539,121.280614639,218.833324140,205.017584760,0.554214561,0.591562011
7,1399,1959999,629,52383,7,0.011129,184.694038604,227.836094799,214.600727864,0.810644331,0.860640318
7,1399,1959999,629,52383,7,0.011129,184.694038604,227.836094799,214.600727864,0.810644331,0.860640318
7,1399,1959999,629,52383,7,0.011129,184.694038604,227.836094799,214.600727864,0.810644331,0.860640318
7,1399,1959999,629,52383,8,0.012719,184.694038604,234.927054658,214.600727864,0.786176113,0.860640318
7,1399,1959999,629,52383,8,0.012719,184.694038604,234.927054658,214.600727864,0.786176113,0.860640318
7,1399,1959999,629,52383,9,0.014308,184.694038604,241.810195510,214.600727864,0.763797565,0.860640318
7,1399,1959999,629,52383,9,0.014308,184.694038604,241.810195510,214.600727864,0.763797565,0.860640318
7,1399,1959999,629,52383,10,0.015898,135.746380668,246.714498702,220.112120560,0.550216470,0.616714701
7,1399,1959999,629,52383,10,0.015898,135.746380668,246.714498702,220.112120560,0.550216470,0.616714701
7,1399,1959999,629,52383,11,0.017488,201.851538026,255.417179726,229.824362170,0.790281759,0.878286080
7,1399,1959999,629,52383,12,0.019078,201.851538026,259.826376148,229.824362170,0.776870851,0.878286080
7,1399,1959999,629,52383,12,0.019078,201.851538026,259.826376148,229.824362170,0.776870851,0.878286080
7,1399,1959999,629,52383,13,0.020668,246.365865094,263.611970624,234.095627385,0.934577684,1.052415493
7,1399,1959999,629,52383,14,0.022258,205.893509541,266.700736070,237.568462396,0.772002030,0.866670211
7,1399,1959999,629,52383,14,0.022258,205.893509541,266.700736070,237.568462396,0.772002030,0.866670211
7,1399,1959999,629,52383,15,0.023847,167.331949662,269.474073931,240.677726899,0.620957509,0.695253158
7,1399,1959999,629,52383,16,0.025437,167.331949662,272.947507589,240.677726899,0.613055423,0.695253158
7,1399,1959999,629,52383,17,0.027027,221.179052782,278.208289620,246.627814205,0.795012446,0.896813093
7,1399,1959999,629,52383,18,0.028617,221.179052782,281.966606787,246.627814205,0.784415769,0.896813093
7,1399,1959999,629,52383,19,0.030207,257.784105911,284.332722805,249.329518217,0.906628345,1.033909293
7,1399,1959999,629,52383,20,0.031797,257.784105911,286.705041980,249.329518217,0.899126517,1.033909293
7,1399,1959999,629,52383,21,0.033386,225.831567214,288.480061401,251.368600632,0.782832498,0.898408022
7,1399,1959999,629,52383,22,0.034976,179.393173429,292.193891523,255.622177835,0.613952511,0.701790333
7,1399,1959999,629,52383,24,0.038156,218.357911572,297.043799728,258.574841428,0.735103415,0.844466965
7,1399,1959999,629,52383,25,0.039746,218.357911572,299.623214847,258.574841428,0.728775011,0.844466965
7,1399,1959999,629,52383,26,0.041335,180.125369027,302.052641413,261.386066822,0.596337672,0.689116184
7,1399,1959999,629,52383,28,0.044515,180.125369027,308.402284202,261.386066822,0.584059776,0.689116184
7,1399,1959999,629,52383,29,0.046105,213.653808672,310.219479024,263.527668745,0.688718224,0.810745261
7,1399,1959999,629,52383,31,0.049285,290.513146487,314.944260941,269.073585711,0.922427180,1.079679173
7,1399,1959999,629,52383,33,0.052464,267.909039603,317.393825153,270.021369850,0.844090270,0.992177174
7,1399,1959999,629,52383,35,0.055644,204.352733027,320.575283748,273.753926877,0.637456296,0.746483294
7,1399,1959999,629,52383,37,0.058824,238.798218882,324.271688458,275.912493331,0.736414024,0.865485343
7,1399,1959999,629,52383,39,0.062003,173.508146142,327.542369916,279.749137856,0.529727333,0.620227635
7,1399,1959999,629,52383,41,0.065183,208.627924035,331.592687208,281.944992738,0.629169255,0.739959671
7,1399,1959999,629,52383,43,0.068362,274.366417890,334.841880547,285.759258272,0.819390984,0.960131334
7,1399,1959999,629,52383,46,0.073132,251.023598763,338.047275084,286.711075637,0.742569508,0.875528084
7,1399,1959999,629,52383,48,0.076312,281.288691601,341.250754606,288.304035243,0.824287383,0.975666856
7,1399,1959999,629,52383,51,0.081081,250.667742117,345.082487524,289.925609915,0.726399488,0.864593308
7,1399,1959999,629,52383,54,0.085851,274.684911181,347.933125279,290.918689146,0.789476170,0.944198229
7,1399,1959999,629,52383,57,0.090620,226.407709950,350.504717421,292.916788582,0.645947683,0.772942074
7,1399,1959999,629,52383,60,0.095390,230.414563577,353.385800138,294.995657935,0.652019870,0.781077814
7,1399,1959999,629,52383,63,0.100159,234.465413445,358.002095359,298.644724326,0.654927489,0.785098126
7,1399,1959999,629,52383,67,0.106518,253.427488216,362.506165624,302.085856542,0.699098422,0.838925367
7,1399,1959999,629,52383,71,0.112878,279.407899031,366.711198420,306.296929481,0.761929006,0.912212537
7,1399,1959999,629,52383,75,0.119237,278.026893636,370.103048110,308.214081955,0.751214817,0.902057725
7,1399,1959999,629,52383,79,0.125596,301.731921836,373.535167443,311.207276992,0.807773801,0.969552913
7,1399,1959999,629,52383,83,0.131955,305.148206964,375.440989931,312.586728057,0.812772753,0.976203337
7,1399,1959999,629,52383,88,0.139905,240.363520654,378.498003163,314.833830096,0.635045677,0.763461540
7,1399,1959999,629,52383,93,0.147854,213.990989337,382.742523612,317.865429209,0.559099071,0.673212529
7,1399,1959999,629,52383,98,0.155803,182.850507837,386.886156004,321.047252766,0.472620964,0.569543911
7,1399,1959999,629,52383,104,0.165342,270.667202776,392.587817970,325.029539779,0.689443713,0.832746473
7,1399,1959999,629,52383,110,0.174881,335.040590941,395.617692586,328.094590430,0.846879695,1.021170725
7,1399,1959999,629,52383,116,0.184420,338.391506436,399.204702019,331.012806111,0.847664130,1.022291284
7,1399,1959999,629,52383,123,0.195548,264.234497687,402.303423986,333.110306711,0.656803999,0.793234230
7,1399,1959999,629,52383,130,0.206677,284.620224789,405.544187540,335.150322913,0.701822967,0.849231540
7,1399,1959999,629,52383,137,0.217806,279.639401406,410.466630892,338.498412196,0.681271948,0.826117321
7,1399,1959999,629,52383,145,0.230525,243.577074744,414.444329687,342.045718142,0.587719646,0.712118474
7,1399,1959999,629,52383,153,0.243243,261.090656205,417.734311056,343.517312865,0.625016067,0.760050939
7,1399,1959999,629,52383,161,0.255962,215.872695173,422.076384981,347.417196575,0.511454094,0.621364450
7,1399,1959999,629,52383,171,0.271860,281.764319785,428.228256191,351.215198015,0.657976945,0.802255487
7,1399,1959999,629,52383,180,0.286169,299.988838895,431.895982701,353.654277821,0.694585851,0.848254518
7,1399,1959999,629,52383,190,0.302067,315.845271824,435.026252777,356.428113859,0.726037267,0.886140177
7,1399,1959999,629,52383,201,0.319555,361.715179343,437.960297276,358.710713650,0.825908608,1.008375734
7,1399,1959999,629,52383,212,0.337043,284.055476140,441.237460759,361.259938011,0.643770082,0.786291106
7,1399,1959999,629,52383,224,0.356121,195.006734756,445.497292772,365.207664819,0.437728215,0.533961232
7,1399,1959999,629,52383,237,0.376789,240.837391401,451.164364115,369.597186311,0.533812975,0.651621279
7,1399,1959999,629,52383,250,0.397456,278.511249107,455.868486263,372.134157710,0.610946485,0.748416245
7,1399,1959999,629,52383,265,0.421304,275.847283379,460.985256903,376.221314744,0.598386346,0.733204825
7,1399,1959999,629,52383,280,0.445151,310.696498820,464.831422465,378.830010640,0.668406833,0.820147533
7,1399,1959999,629,52383,295,0.468998,371.415874766,468.691008428,382.001768531,0.792453595,0.972288365
7,1399,1959999,629,52383,312,0.496025,309.834486963,472.336291281,384.610132828,0.655961637,0.805580666
7,1399,1959999,629,52383,330,0.524642,253.993552668,476.909807573,388.265876082,0.532581944,0.654174287
7,1399,1959999,629,52383,348,0.553259,243.555557858,480.972687930,390.774185339,0.506381264,0.623264195
7,1399,1959999,629,52383,368,0.585056,288.458828587,486.443225795,394.474122575,0.592995880,0.731249053
7,1399,1959999,629,52383,389,0.618442,316.822214075,491.076060111,397.658883493,0.645159151,0.796718563
7,1399,1959999,629,52383,411,0.653418,296.717321427,496.239042165,402.298406122,0.597932239,0.737555300
7,1399,1959999,629,52383,434,0.689984,346.653822615,500.745083952,405.609043127,0.692276038,0.854650133
7,1399,1959999,629,52383,458,0.728140,346.620460993,504.792603263,408.913152567,0.686659152,0.847662783
7,1399,1959999,629,52383,484,0.769475,349.972519400,508.722556275,411.861053977,0.687943782,0.849734434
7,1399,1959999,629,52383,511,0.812401,335.294361206,512.678494036,414.959201832,0.654005122,0.808017655
7,1399,1959999,629,52383,540,0.858506,276.927850896,516.761623391,417.584365337,0.535890899,0.663166234
7,1399,1959999,629,52383,571,0.907790,227.262909935,522.546940485,422.151809879,0.434913866,0.538344038
7,1399,1959999,629,52383,603,0.958665,272.588661461,528.489364027,426.481564959,0.515788358,0.639156962
7,1399,1959999,629,52383,637,1.012719,310.034295747,534.424800454,430.791779882,0.580127074,0.719684800
7,1399,1959999,629,52383,673,1.069952,434.052784055,538.463600271,434.015059649,0.806094941,1.000086920
7,1399,1959999,629,52383,711,1.130366,379.856382219,541.800725993,436.640163498,0.701099803,0.869952913
7,1399,1959999,629,52383,751,1.193959,365.362739280,547.543021998,440.616090699,0.667276770,0.829208799
7,1399,1959999,629,52383,794,1.262321,325.255937073,553.166971361,445.105376587,0.587988716,0.730739178
7,1399,1959999,629,52383,839,1.333863,373.149072942,557.387150360,448.410644560,0.669461204,0.832159266
7,1399,1959999,629,52383,886,1.408585,331.642841657,563.396049705,452.459718210,0.588649569,0.732977607
7,1399,1959999,629,52383,936,1.488076,281.407071447,568.321716600,456.257359107,0.495154528,0.616772674
7,1399,1959999,629,52383,989,1.572337,312.197336409,574.018543036,460.667178093,0.543880229,0.677706924
7,1399,1959999,629,52383,1045,1.661367,397.434551120,579.564293559,464.869378475,0.685747130,0.854938117
7,1399,1959999,629,52383,1104,1.755167,454.382341836,584.646559963,468.427582775,0.777191508,0.970016196
7,1399,1959999,629,52383,1166,1.853736,400.403528987,588.692432750,471.675382295,0.680157425,0.848896389
7,1399,1959999,629,52383,1232,1.958665,375.453154236,592.131910777,474.259968243,0.634070124,0.791661071
7,1399,1959999,629,52383,1301,2.068362,365.869911424,597.074219421,478.054990142,0.612771243,0.765330180
7,1399,1959999,629,52383,1375,2.186010,305.568081609,603.313891116,482.867239467,0.506482755,0.632820073
7,1399,1959999,629,52383,1452,2.308426,312.955125422,610.648708952,488.417187065,0.512496171,0.640753712
7,1399,1959999,629,52383,1534,2.438792,351.426647002,614.651656534,491.518454941,0.571749288,0.714981591
7,1399,1959999,629,52383,1621,2.577107,456.822307319,620.211506989,495.829014973,0.736558903,0.921330325
7,1399,1959999,629,52383,1712,2.721781,437.021005373,625.579669623,499.663814291,0.698585690,0.874630087
7,1399,1959999,629,52383,1809,2.875994,381.649118852,629.524739844,502.650582906,0.606249595,0.759273205
7,1399,1959999,629,52383,1911,3.038156,387.558345035,634.286310602,506.161160985,0.611014834,0.765681713
7,1399,1959999,629,52383,2019,3.209857,324.538765423,640.697024831,511.129618671,0.506540147,0.634944158
7,1399,1959999,629,52383,2133,3.391097,325.462296924,647.227068783,516.015505494,0.502856436,0.630721933
7,1399,1959999,629,52383,2254,3.583466,289.277668821,652.731632767,520.271680335,0.443180098,0.556012714
7,1399,1959999,629,52383,2381,3.785374,398.465760845,658.252043208,524.510603241,0.605339193,0.759690573
7,1399,1959999,629,52383,2515,3.998410,361.553471442,665.037574767,529.877231405,0.543658712,0.682334416
7,1399,1959999,629,52383,2657,4.224165,268.801696833,670.201898291,533.695218276,0.401075702,0.503661430
7,1399,1959999,629,52383,2807,4.462639,533.667217975,675.942049851,538.148025926,0.789516229,0.991673652
7,1399,1959999,629,52383,2966,4.715421,474.311917047,680.161429969,541.350568611,0.697351976,0.876164069
7,1399,1959999,629,52383,3133,4.980922,360.182080291,685.625757399,545.633976911,0.525333356,0.660116663
7,1399,1959999,629,52383,3310,5.262321,255.191519317,692.051877011,550.546449551,0.368746228,0.463524049
7,1399,1959999,629,52383,3497,5.559618,313.025692354,700.348065710,556.991653793,0.446957317,0.561993506
7,1399,1959999,629,52383,3695,5.874404,454.721065377,708.720940848,563.342651360,0.641608056,0.807183806
7,1399,1959999,629,52383,3903,6.205087,456.335431564,713.935763152,567.223793640,0.639182760,0.804506857
7,1399,1959999,629,52383,4124,6.556439,501.871012403,719.300712378,571.324822676,0.697720722,0.878433760
7,1399,1959999,629,52383,4357,6.926868,487.335081863,724.291442918,575.197539887,0.672843904,0.847248203
7,1399,1959999,629,52383,4602,7.316375,404.278104650,731.036026333,580.328011654,0.553020768,0.696637241
7,1399,1959999,629,52383,4862,7.729730,287.559702293,738.395947913,586.041413037,0.389438354,0.490681539
7,1399,1959999,629,52383,5137,8.166932,413.292396922,745.163715086,591.100092768,0.554633014,0.699191900
7,1399,1959999,629,52383,5427,8.627981,355.050183949,752.662808980,596.815324631,0.471725426,0.594907954
7,1399,1959999,629,52383,5733,9.114467,364.805044126,760.539872693,602.867773831,0.479665902,0.605116180
7,1399,1959999,629,52383,6057,9.629571,402.301593826,768.232513721,608.762127174,0.523671658,0.660851876
7,1399,1959999,629,52383,6399,10.173291,556.457749970,774.162934311,613.374173882,0.718786350,0.907207662
7,1399,1959999,629,52383,6760,10.747218,496.413705083,780.147545957,617.990787608,0.636307462,0.803270397
7,1399,1959999,629,52383,7142,11.354531,462.722942891,784.533710520,621.348397942,0.589806323,0.744707711
7,1399,1959999,629,52383,7545,11.995231,374.455886258,790.960300851,626.335365922,0.473419318,0.597852056
7,1399,1959999,629,52383,7971,12.672496,463.073050885,797.607420256,631.499881855,0.580577662,0.733290796
7,1399,1959999,629,52383,8421,13.387917,322.990121396,803.286972370,635.866793940,0.402085596,0.507952490
7,1399,1959999,629,52383,8897,14.144674,437.557211547,812.175909093,642.781171563,0.538746849,0.680724998
7,1399,1959999,629,52383,9399,14.942766,485.591479703,819.779397930,648.577358744,0.592344088,0.748702484
7,1399,1959999,629,52383,9930,15.786963,615.449924980,824.369659569,652.088829480,0.746570325,0.943813016
7,1399,1959999,629,52383,10491,16.678855,545.460369193,831.331039961,657.403725211,0.656128958,0.829719012
7,1399,1959999,629,52383,11083,17.620032,460.791875131,837.736377531,662.295411340,0.550044008,0.695749762
7,1399,1959999,629,52383,11709,18.615262,347.494328819,844.644366834,667.603814375,0.411409041,0.520509801
7,1399,1959999,629,52383,12370,19.666137,375.207170950,852.145003435,673.364578495,0.440309066,0.557212516
7,1399,1959999,629,52383,13068,20.775835,492.471804195,859.194195670,678.792289178,0.573178691,0.725511783
7,1399,1959999,629,52383,13806,21.949126,459.247042984,867.598573361,685.239181841,0.529331257,0.670199625
7,1399,1959999,629,52383,14586,23.189189,445.462738738,874.635992822,690.694555280,0.509312151,0.644948965
7,1399,1959999,629,52383,15409,24.497615,467.017575420,882.148567384,696.491311769,0.529409209,0.670528932
7,1399,1959999,629,52383,16279,25.880763,589.903886878,890.003097809,702.557803774,0.662811049,0.839651746
7,1399,1959999,629,52383,17198,27.341812,549.429368360,893.651169461,705.378003391,0.614814132,0.778914803
7,1399,1959999,629,52383,18169,28.885533,533.092691326,896.696876044,707.729200208,0.594507136,0.753243884
7,1399,1959999,629,52383,19195,30.516693,341.157944530,902.085620288,711.864060485,0.378187987,0.479245917
7,1399,1959999,629,52383,20279,32.240064,438.866506541,910.307951404,718.193200450,0.482107737,0.611070261
7,1399,1959999,629,52383,21424,34.060413,418.320616731,918.772328367,724.730056739,0.455303892,0.577208869
7,1399,1959999,629,52383,22634,35.984102,544.222407779,924.939840517,729.454085171,0.588386816,0.746068079
7,1399,1959999,629,52383,23912,38.015898,622.871869477,930.088881836,733.438815564,0.669690695,0.849248576
7,1399,1959999,629,52383,25262,40.162162,535.533086194,935.764066006,737.786783697,0.572294989,0.725864299
7,1399,1959999,629,52383,26688,42.429253,498.062290750,940.489353694,741.440822367,0.529577808,0.671749215
7,1399,1959999,629,52383,28195,44.825119,508.683114137,946.969805597,746.437318833,0.537169307,0.681481353
7,1399,1959999,629,52383,29787,47.356121,416.887911462,954.441419563,752.230062096,0.436787322,0.554202673
7,1399,1959999,629,52383,31469,50.030207,383.167141604,961.226797244,757.439283312,0.398623033,0.505871758
7,1399,1959999,629,52383,33246,52.855326,493.696971831,967.492224014,762.265377777,0.510285209,0.647670728
7,1399,1959999,629,52383,35123,55.839428,575.980084441,977.060110476,769.680894922,0.589503223,0.748336211
7,1742,3038048,974,72769,1,0.001027,-176.577694335,176.577694335,176.577694335,1.000000000,1.000000000
7,1742,3038048,974,72769,1,0.001027,-176.577694335,176.577694335,176.577694335,1.000000000,1.000000000
7,1742,3038048,974,72769,1,0.001027,-176.577694335,176.577694335,176.577694335,1.000000000,1.000000000
7,1742,3038048,974,72769,1,0.001027,-176.577694335,176.577694335,176.577694335,1.000000000,1.000000000
7,1742,3038048,974,72769,1,0.001027,-176.577694335,176.577694335,176.577694335,1.000000000,1.000000000
7,1742,3038048,974,72769,1,0.001027,-176.577694335,176.577694335,176.577694335,1.000000000,1.000000000
7,1742,3038048,974,72769,1,0.001027,-176.577694335,176.577694335,176.577694335,1.000000000,1.000000000
7,1742,3038048,974,72769,1,0.001027,-176.577694335,176.577694335,176.577694335,1.000000000,1.000000000
7,1742,3038048,974,72769,2,0.002053,-98.385475081,193.115782080,193.115782080,0.509463670,0.509463670
7,1742,3038048,974,72769,2,0.002053,-98.385475081,193.115782080,193.115782080,0.509463670,0.509463670
7,1742,3038048,974,72769,2,0.002053,-98.385475081,193.115782080,193.115782080,0.509463670,0.509463670
7,1742,3038048,974,72769,2,0.002053,-98.385475081,193.115782080,193.115782080,0.509463670,0.509463670
7,1742,3038048,974,72769,2,0.002053,-98.385475081,193.115782080,193.115782080,0.509463670,0.509463670
7,1742,3038048,974,72769,2,0.002053,-98.385475081,193.115782080,193.115782080,0.509463670,0.509463670
7,1742,3038048,974,72769,2,0.002053,-98.385475081,193.115782080,193.115782080,0.509463670,0.509463670
7,1742,3038048,974,72769,2,0.002053,-98.385475081,193.115782080,193.115782080,0.509463670,0.509463670
7,1742,3038048,974,72769,2,0.002053,-98.385475081,193.115782080,193.115782080,0.509463670,0.509463670
7,1742,3038048,974,72769,2,0.002053,-98.385475081,193.115782080,193.115782080,0.509463670,0.509463670
7,1742,3038048,974,72769,3,0.003080,-2.347923811,215.677807255,215.677807255,0.010886256,0.010886256
7,1742,3038048,974,72769,3,0.003080,-2.347923811,215.677807255,215.677807255,0.010886256,0.010886256
7,1742,3038048,974,72769,3,0.003080,-2.347923811,215.677807255,215.677807255,0.010886256,0.010886256
7,1742,3038048,974,72769,3,0.003080,-2.347923811,215.677807255,215.677807255,0.010886256,0.010886256
7,1742,3038048,974,72769,3,0.003080,-2.347923811,215.677807255,215.677807255,0.010886256,0.010886256
7,1742,3038048,974,72769,3,0.003080,-2.347923811,215.677807255,215.677807255,0.010886256,0.010886256
7,1742,3038048,974,72769,4,0.004107,-2.347923811,244.358044126,215.677807255,0.009608539,0.010886256
7,1742,3038048,974,72769,4,0.004107,-2.347923811,244.358044126,215.677807255,0.009608539,0.010886256
7,1742,3038048,974,72769,4,0.004107,-2.347923811,244.358044126,215.677807255,0.009608539,0.010886256
7,1742,3038048,974,72769,4,0.004107,-2.347923811,244.358044126,215.677807255,0.009608539,0.010886256
7,1742,3038048,974,72769,5,0.005133,68.065543011,254.300825871,226.880966263,0.267657578,0.300005523
7,1742,3038048,974,72769,5,0.005133,68.065543011,254.300825871,226.880966263,0.267657578,0.300005523
7,1742,3038048,974,72769,5,0.005133,68.065543011,254.300825871,226.880966263,0.267657578,0.300005523
7,1742,3038048,974,72769,5,0.005133,68.065543011,254.300825871,226.880966263,0.267657578,0.300005523
7,1742,3038048,974,72769,6,0.006160,-5.165668781,264.635070275,238.406760040,0.019519971,0.021667459
7,1742,3038048,974,72769,6,0.006160,-5.165668781,264.635070275,238.406760040,0.019519971,0.021667459
7,1742,3038048,974,72769,6,0.006160,-5.165668781,264.635070275,238.406760040,0.019519971,0.021667459
7,1742,3038048,974,72769,7,0.007187,63.278093864,273.342768450,248.036956677,0.231497230,0.255115587
7,1742,3038048,974,72769,7,0.007187,63.278093864,273.342768450,248.036956677,0.231497230,0.255115587
7,1742,3038048,974,72769,7,0.007187,63.278093864,273.342768450,248.036956677,0.231497230,0.255115587
7,1742,3038048,974,72769,8,0.008214,63.278093864,281.926471721,248.036956677,0.224448926,0.255115587
7,1742,3038048,974,72769,8,0.008214,63.278093864,281.926471721,248.036956677,0.224448926,0.255115587
7,1742,3038048,974,72769,9,0.009240,63.278093864,286.111670278,248.036956677,0.221165721,0.255115587
7,1742,3038048,974,72769,9,0.009240,63.278093864,286.111670278,248.036956677,0.221165721,0.255115587
7,1742,3038048,974,72769,10,0.010267,-15.845681318,296.850904779,260.351500239,0.053379259,0.060862646
7,1742,3038048,974,72769,10,0.010267,-15.845681318,296.850904779,260.351500239,0.053379259,0.060862646
7,1742,3038048,974,72769,11,0.011294,38.396455550,301.765917691,265.941935559,0.127239205,0.144379093
7,1742,3038048,974,72769,12,0.012320,38.396455550,306.896753468,265.941935559,0.125111964,0.144379093
7,1742,3038048,974,72769,12,0.012320,38.396455550,306.896753468,265.941935559,0.125111964,0.144379093
7,1742,3038048,974,72769,13,0.013347,89.085556385,311.054661166,270.729566232,0.286398397,0.329057360
7,1742,3038048,974,72769,14,0.014374,30.782479125,316.471564364,276.936358844,0.097267757,0.111153621
7,1742,3038048,974,72769,14,0.014374,30.782479125,316.471564364,276.936358844,0.097267757,0.111153621
7,1742,3038048,974,72769,15,0.015400,-24.881605771,321.329645999,282.475197491,0.077433272,0.088084214
7,1742,3038048,974,72769,16,0.016427,-24.881605771,324.747691659,282.475197491,0.076618268,0.088084214
7,1742,3038048,974,72769,17,0.017454,35.805968413,330.369558069,288.920783015,0.108381561,0.123930055
7,1742,3038048,974,72769,18,0.018480,35.805968413,336.478103306,288.920783015,0.106413963,0.123930055
7,1742,3038048,974,72769,19,0.019507,78.967830252,339.235110685,292.126967559,0.232782008,0.270320234
7,1742,3038048,974,72769,20,0.020534,78.967830252,340.985607517,292.126967559,0.231586989,0.270320234
7,1742,3038048,974,72769,21,0.021561,30.014193786,344.481702065,296.200310092,0.087128558,0.101330730
7,1742,3038048,974,72769,22,0.022587,-11.513107826,346.975733786,299.097209077,0.033181306,0.038492863
7,1742,3038048,974,72769,24,0.024641,36.786717730,353.033187135,302.971968384,0.104201868,0.121419542
7,1742,3038048,974,72769,25,0.025667,36.786717730,356.004641316,302.971968384,0.103332130,0.121419542
7,1742,3038048,974,72769,26,0.026694,-15.314273999,359.796912129,307.419138906,0.042563662,0.049815617
7,1742,3038048,974,72769,28,0.028747,-15.314273999,365.644804069,307.419138906,0.041882925,0.049815617
7,1742,3038048,974,72769,29,0.029774,24.057807569,367.758458162,309.930133696,0.065417415,0.077623325
7,1742,3038048,974,72769,31,0.031828,102.877506630,371.973606391,314.920256691,0.276572060,0.326677959
7,1742,3038048,974,72769,33,0.033881,58.054658179,376.407684104,318.094098998,0.154233457,0.182507813
7,1742,3038048,974,72769,35,0.035934,-31.918375502,381.780580624,324.434158046,0.083603979,0.098381674
7,1742,3038048,974,72769,37,0.037988,1.838919472,385.258248889,326.185649395,0.004773212,0.005637647
7,1742,3038048,974,72769,39,0.040041,-72.484201078,388.841093837,330.409678718,0.186410856,0.219376749
7,1742,3038048,974,72769,41,0.042094,-30.850340536,392.877024511,333.022422870,0.078524166,0.092637427
7,1742,3038048,974,72769,43,0.044148,47.966263466,396.855959872,337.707315039,0.120865675,0.142035015
7,1742,3038048,974,72769,46,0.047228,13.235992132,401.860442787,339.488471642,0.032936788,0.038988046
7,1742,3038048,974,72769,48,0.049281,50.245383784,405.566857293,341.499805927,0.123889275,0.147131515
7,1742,3038048,974,72769,51,0.052361,29.631688294,408.179135337,342.121384731,0.072594814,0.086611623
7,1742,3038048,974,72769,54,0.055441,55.430568966,411.143569327,343.092734015,0.134820469,0.161561477
7,1742,3038048,974,72769,57,0.058522,-12.339017423,415.746526361,346.428670168,0.029679183,0.035617772
7,1742,3038048,974,72769,60,0.061602,-11.123894670,419.523021430,349.484169332,0.026515576,0.031829467
7,1742,3038048,974,72769,63,0.064682,-15.732716442,424.168309003,353.124489404,0.037090740,0.044552890
7,1742,3038048,974,72769,67,0.068789,11.628490045,429.476697877,357.467422933,0.027075951,0.032530209
7,1742,3038048,974,72769,71,0.072895,31.082385957,432.558203584,360.076615745,0.071857118,0.086321590
7,1742,3038048,974,72769,75,0.077002,28.048349177,437.146601287,363.056906246,0.064162341,0.077256068
7,1742,3038048,974,72769,79,0.081109,61.195380309,441.093699125,366.614084118,0.138735558,0.166920429
7,1742,3038048,974,72769,83,0.085216,66.680389424,444.329135031,368.505546901,0.150069811,0.180948130
7,1742,3038048,974,72769,88,0.090349,-12.123766505,448.173089719,371.352847841,0.027051527,0.032647566
7,1742,3038048,974,72769,93,0.095483,-40.677531627,452.301648956,374.461458480,0.089934520,0.108629422
7,1742,3038048,974,72769,98,0.100616,-84.257158358,458.373147742,379.012517617,0.183817832,0.222307060
7,1742,3038048,974,72769,104,0.106776,-0.022578209,463.801113940,382.169392800,0.000048681,0.000059079
7,1742,3038048,974,72769,110,0.112936,85.594543384,468.424826791,386.967748267,0.182728452,0.221192964
7,1742,3038048,974,72769,116,0.119097,84.958044576,472.287175830,390.245274483,0.179886410,0.217704224
7,1742,3038048,974,72769,122,0.125257,5.002748029,476.725397784,392.968676371,0.010493983,0.012730653
7,1742,3038048,974,72769,129,0.132444,-24.061149726,479.724015122,394.776182403,0.050156234,0.060948838
7,1742,3038048,974,72769,137,0.140657,-10.888553486,483.704919636,397.611094216,0.022510735,0.027384934
7,1742,3038048,974,72769,144,0.147844,-42.646157933,488.345943923,401.589426561,0.087327761,0.106193428
7,1742,3038048,974,72769,152,0.156057,-47.717645426,493.690522970,404.815052531,0.096654976,0.117875176
7,1742,3038048,974,72769,161,0.165298,-95.730575308,500.335618218,410.336844385,0.191332721,0.233297537
7,1742,3038048,974,72769,170,0.174538,-32.547766692,503.960271917,412.770853316,0.064583993,0.078851902
7,1742,3038048,974,72769,180,0.184805,-9.375778920,508.966518583,415.769715798,0.018421210,0.022550413
7,1742,3038048,974,72769,190,0.195072,10.399805543,512.585428090,419.089236505,0.020288922,0.024815253
7,1742,3038048,974,72769,201,0.206366,63.050573076,516.428731695,422.165235940,0.122089592,0.149350462
7,1742,3038048,974,72769,212,0.217659,-46.856506845,522.222010320,426.712292149,0.089725262,0.109808196
7,1742,3038048,974,72769,224,0.229979,-147.502303250,527.133635735,431.339571386,0.279819562,0.341963300
7,1742,3038048,974,72769,237,0.243326,-114.718343812,531.458551383,434.528212976,0.215855674,0.264006664
7,1742,3038048,974,72769,250,0.256674,-81.694493602,536.870507310,437.463918404,0.152167967,0.186745672
7,1742,3038048,974,72769,264,0.271047,-53.405785407,543.640589851,442.945600994,0.098237303,0.120569626
7,1742,3038048,974,72769,279,0.286448,-34.875530007,548.822429264,446.877929281,0.063546109,0.078042633
7,1742,3038048,974,72769,295,0.302875,29.000303696,552.643513215,449.857563466,0.052475607,0.064465524
7,1742,3038048,974,72769,311,0.319302,-35.737440999,556.071082629,452.527203103,0.064267757,0.078973023
7,1742,3038048,974,72769,329,0.337782,-90.063556008,560.383177446,455.715305306,0.160717808,0.197631185
7,1742,3038048,974,72769,347,0.356263,-126.204618872,565.472604141,459.135608212,0.223184320,0.274874387
7,1742,3038048,974,72769,367,0.376797,-65.494367617,572.288310054,463.668955182,0.114442959,0.141252432
7,1742,3038048,974,72769,388,0.398357,-46.776729780,578.236923830,467.434834533,0.080895439,0.100071125
7,1742,3038048,974,72769,410,0.420945,-33.083766926,584.063913035,472.530266811,0.056644087,0.070014069
7,1742,3038048,974,72769,433,0.444559,-21.882463505,588.851081419,476.020133774,0.037161286,0.045969618
7,1742,3038048,974,72769,457,0.469199,5.639812930,593.582748482,479.940761500,0.009501309,0.011751061
7,1742,3038048,974,72769,483,0.495893,-7.727956537,598.080784780,483.733886536,0.012921259,0.015975636
7,1742,3038048,974,72769,510,0.523614,-4.824563359,603.748328979,487.909609226,0.007991017,0.009888232
7,1742,3038048,974,72769,539,0.553388,-88.171229386,608.812578698,491.301535558,0.144824914,0.179464592
7,1742,3038048,974,72769,570,0.585216,-165.231781259,615.541954524,496.543737417,0.268433013,0.332763801
7,1742,3038048,974,72769,602,0.618070,-108.111433963,621.274855832,501.007289161,0.174015467,0.215788146
7,1742,3038048,974,72769,636,0.652977,-77.888206896,627.653161227,505.717086362,0.124094343,0.154015375
7,1742,3038048,974,72769,672,0.689938,61.305875385,633.193377153,509.895372032,0.096820146,0.120232265
7,1742,3038048,974,72769,710,0.728953,-2.411268161,638.246703363,514.005997108,0.003777956,0.004691128
7,1742,3038048,974,72769,750,0.770021,-44.844645150,642.941227923,517.062260460,0.069749214,0.086729681
7,1742,3038048,974,72769,792,0.813142,-54.782622891,647.850254702,521.009450686,0.084560626,0.105147081
7,1742,3038048,974,72769,837,0.859343,-31.770134319,652.910562954,524.907977542,0.048659244,0.060525150
7,1742,3038048,974,72769,884,0.907598,-78.741468787,659.875201923,529.669925464,0.119327819,0.148661393
7,1742,3038048,974,72769,934,0.958932,-169.224073999,667.265704665,535.610739617,0.253608230,0.315946006
7,1742,3038048,974,72769,987,1.013347,-97.139614262,674.569452816,541.187490309,0.144002391,0.179493458
7,1742,3038048,974,72769,1042,1.069815,-18.761281503,679.478821596,544.868251812,0.027611282,0.034432693
7,1742,3038048,974,72769,1101,1.130390,24.270704147,683.571496510,547.820606467,0.035505729,0.044304110
7,1742,3038048,974,72769,1163,1.194045,-45.921958778,690.525307008,553.379303753,0.066502934,0.082984597
7,1742,3038048,974,72769,1229,1.261807,-98.705206908,697.473869722,558.605936425,0.141518143,0.176699173
7,1742,3038048,974,72769,1298,1.332649,-102.844654642,702.499369792,562.558370388,0.146398216,0.182815971
7,1742,3038048,974,72769,1372,1.408624,-199.493864907,710.064598143,568.414366962,0.280951713,0.350965557
7,1742,3038048,974,72769,1449,1.487680,-162.420457956,716.138428038,573.005007023,0.226800367,0.283453820
7,1742,3038048,974,72769,1531,1.571869,-123.784076283,723.079263908,578.281031723,0.171190190,0.214055225
7,1742,3038048,974,72769,1617,1.660164,7.264137504,729.934078247,583.604774583,0.009951772,0.012447015
7,1742,3038048,974,72769,1709,1.754620,1.996826326,736.234354422,588.250849827,0.002712216,0.003394515
7,1742,3038048,974,72769,1805,1.853183,-55.818880081,741.215483041,591.990503196,0.075307224,0.094290161
7,1742,3038048,974,72769,1907,1.957906,-74.923260225,745.412053212,595.159367270,0.100512542,0.125887727
7,1742,3038048,974,72769,2015,2.068789,-131.934128411,751.596744931,599.901766113,0.175538451,0.219926221
7,1742,3038048,974,72769,2129,2.185832,-139.235907118,759.108715528,605.617152366,0.183420246,0.229907470
7,1742,3038048,974,72769,2249,2.309035,-195.031969365,768.293468395,612.711258098,0.253850875,0.318309753
7,1742,3038048,974,72769,2376,2.439425,-124.036385303,773.198025249,616.366883103,0.160419946,0.201237913
7,1742,3038048,974,72769,2510,2.577002,-108.000946521,779.998965890,621.860805708,0.138462936,0.173673828
7,1742,3038048,974,72769,2652,2.722793,-225.010838314,786.669206903,626.715681471,0.286029803,0.359031767
7,1742,3038048,974,72769,2801,2.875770,8.853018589,791.479986855,630.341942659,0.011185398,0.014044787
7,1742,3038048,974,72769,2960,3.039014,-48.459753195,797.411258637,634.915189321,0.060771343,0.076324766
7,1742,3038048,974,72769,3127,3.210472,-216.739399822,805.267316428,641.065401830,0.269152113,0.338092493
7,1742,3038048,974,72769,3303,3.391170,-340.758195793,813.282871452,647.161679373,0.418990990,0.526542604
7,1742,3038048,974,72769,3490,3.583162,-282.259584703,820.058915916,652.395609922,0.344194276,0.432650957
7,1742,3038048,974,72769,3687,3.785421,-147.300302834,826.895167438,657.621666009,0.178136611,0.223989431
7,1742,3038048,974,72769,3895,3.998973,-118.147598549,835.295666472,663.871459116,0.141444046,0.177967582
7,1742,3038048,974,72769,4115,4.224846,-88.782868478,841.624908427,668.701634738,0.105489830,0.132769032
7,1742,3038048,974,72769,4347,4.463039,-126.263468560,848.749128589,674.188263277,0.148764180,0.187282211
7,1742,3038048,974,72769,4593,4.715606,-164.847480144,853.987382889,678.181097070,0.193032688,0.243072950
7,1742,3038048,974,72769,4852,4.981520,-299.789048759,860.710457329,683.304834489,0.348304178,0.438733979
7,1742,3038048,974,72769,5126,5.262834,-166.740773752,868.565795857,689.253823073,0.191972531,0.241914906
7,1742,3038048,974,72769,5415,5.559548,-263.646091670,878.780301957,697.104046632,0.300013657,0.378201924
7,1742,3038048,974,72769,5721,5.873717,-226.652066403,889.174719830,705.023229532,0.254901609,0.321481700
7,1742,3038048,974,72769,6044,6.205339,-206.908371510,895.643093637,709.984619099,0.231016543,0.291426555
7,1742,3038048,974,72769,6385,6.555441,-52.879191754,902.248524983,715.083228295,0.058608233,0.073948304
7,1742,3038048,974,72769,6746,6.926078,-90.140965247,908.416570613,719.825684591,0.099228667,0.125226103
7,1742,3038048,974,72769,7127,7.317248,-115.205936566,916.731337929,726.136907469,0.125670337,0.158655944
7,1742,3038048,974,72769,7529,7.729979,-276.704174352,925.851153648,733.175038227,0.298864643,0.377405340
7,1742,3038048,974,72769,7954,8.166324,-173.470429961,934.182247780,739.598741367,0.185692278,0.234546681
7,1742,3038048,974,72769,8404,8.628337,-346.923576835,943.484192691,746.806517399,0.367704705,0.464542781
7,1742,3038048,974,72769,8878,9.114990,-225.795457524,953.180977267,754.276094155,0.236886240,0.299353856
7,1742,3038048,974,72769,9379,9.629363,-180.657841198,962.749481202,761.637568121,0.187647820,0.237196599
7,1742,3038048,974,72769,9909,10.173511,-21.000689097,970.019277894,767.242335125,0.021649765,0.027371651
7,1742,3038048,974,72769,10468,10.747433,-111.404336664,977.517006394,772.965994333,0.113966648,0.144125793
7,1742,3038048,974,72769,11059,11.354209,-223.595469902,982.918468683,777.094147044,0.227481197,0.287732794
7,1742,3038048,974,72769,11684,11.995893,-344.031920387,990.861248732,783.147468007,0.347204940,0.439293919
7,1742,3038048,974,72769,12344,12.673511,-307.388686056,999.104348358,789.474156939,0.307664246,0.389358769
7,1742,3038048,974,72769,13040,13.388090,-183.293520190,1006.081195069,794.844345996,0.182185614,0.230603037
7,1742,3038048,974,72769,13777,14.144764,-269.378410763,1017.014276901,803.256488831,0.264871808,0.335357902
7,1742,3038048,974,72769,14555,14.943532,-295.060583312,1026.516981444,810.577858030,0.287438580,0.364012637
7,1742,3038048,974,72769,15376,15.786448,-232.387809660,1032.248228848,815.009405650,0.225127836,0.285135126
7,1742,3038048,974,72769,16245,16.678645,-105.966808073,1040.800813774,821.594259934,0.101812764,0.128977055
7,1742,3038048,974,72769,17162,17.620123,-160.099175197,1048.717028189,827.717538410,0.152661939,0.193422475
7,1742,3038048,974,72769,18131,18.614990,-202.417864578,1057.317563647,834.355689405,0.191444720,0.242603805
7,1742,3038048,974,72769,19155,19.666324,-437.015892382,1066.586222070,841.491863469,0.409733300,0.519334662
7,1742,3038048,974,72769,20236,20.776181,-362.976148110,1075.282412399,848.174702193,0.337563550,0.427949746
7,1742,3038048,974,72769,21379,21.949692,-394.468133994,1085.733876953,856.254911640,0.363319357,0.460690069
7,1742,3038048,974,72769,22586,23.188912,-235.529677128,1094.401668287,862.895973976,0.215213193,0.272952574
7,1742,3038048,974,72769,23861,24.497947,-161.743594499,1103.739703244,870.100968566,0.146541430,0.185890604
7,1742,3038048,974,72769,25208,25.880903,-268.271938785,1113.500942223,877.613850870,0.240926549,0.305683346
7,1742,3038048,974,72769,26631,27.341889,-312.571412025,1118.097780119,881.159069349,0.279556419,0.354727566
7,1742,3038048,974,72769,28135,28.886037,-295.811124352,1121.835910327,884.045173182,0.263684842,0.334610870
7,1742,3038048,974,72769,29724,30.517454,-342.368217218,1128.437562520,889.171295253,0.303400231,0.385041914
7,1742,3038048,974,72769,31402,32.240246,-400.403134995,1138.541478131,896.943708822,0.351680762,0.446408321
7,1742,3038048,974,72769,33175,34.060575,-315.314624147,1149.133720188,905.052292333,0.274393327,0.348393819
7,1742,3038048,974,72769,35048,35.983573,-274.082022373,1156.778877511,910.961399389,0.236935535,0.300871170
7,1742,3038048,974,72769,37027,38.015400,-236.591604702,1163.154182975,915.878999663,0.203405196,0.258321901
7,1742,3038048,974,72769,39118,40.162218,-288.773487965,1170.188342057,921.275539286,0.246775222,0.313449642
7,1742,3038048,974,72769,41326,42.429158,-264.369494158,1176.117860663,925.859716439,0.224781464,0.285539472
7,1742,3038048,974,72769,43660,44.825462,-248.731699422,1184.048125936,932.023762315,0.210068910,0.266872702
7,1742,3038048,974,72769,46125,47.356263,-454.118671601,1193.293971648,939.178839678,0.380558925,0.483527367
7,1742,3038048,974,72769,48729,50.029774,-584.825934877,1201.775641603,945.738840546,0.486634871,0.618379948
7,1742,3038048,974,72769,51480,52.854209,-455.417708440,1209.429847870,951.655046454,0.376555705,0.478553348
7,1742,3038048,974,72769,54387,55.838809,-421.975853930,1221.362654831,960.871801049,0.345495953,0.439159369
7,2085,4351395,1396,95273,1,0.000716,-227.880451539,227.880451539,227.880451539,1.000000000,1.000000000
7,2085,4351395,1396,95273,1,0.000716,-227.880451539,227.880451539,227.880451539,1.000000000,1.000000000
7,2085,4351395,1396,95273,2,0.001433,-115.784323803,253.958740836,253.958740836,0.455917853,0.455917853
7,2085,4351395,1396,95273,2,0.001433,-115.784323803,253.958740836,253.958740836,0.455917853,0.455917853
7,2085,4351395,1396,95273,2,0.001433,-115.784323803,253.958740836,253.958740836,0.455917853,0.455917853
7,2085,4351395,1396,95273,2,0.001433,-115.784323803,253.958740836,253.958740836,0.455917853,0.455917853
7,2085,4351395,1396,95273,2,0.001433,-115.784323803,253.958740836,253.958740836,0.455917853,0.455917853
7,2085,4351395,1396,95273,2,0.001433,-115.784323803,253.958740836,253.958740836,0.455917853,0.455917853
7,2085,4351395,1396,95273,2,0.001433,-115.784323803,253.958740836,253.958740836,0.455917853,0.455917853
7,2085,4351395,1396,95273,2,0.001433,-115.784323803,253.958740836,253.958740836,0.455917853,0.455917853
7,2085,4351395,1396,95273,2,0.001433,-115.784323803,253.958740836,253.958740836,0.455917853,0.455917853
7,2085,4351395,1396,95273,3,0.002149,-3.071691081,277.847403483,277.847403483,0.011055317,0.011055317
7,2085,4351395,1396,95273,3,0.002149,-3.071691081,277.847403483,277.847403483,0.011055317,0.011055317
7,2085,4351395,1396,95273,3,0.002149,-3.071691081,277.847403483,277.847403483,0.011055317,0.011055317
7,2085,4351395,1396,95273,3,0.002149,-3.071691081,277.847403483,277.847403483,0.011055317,0.011055317
7,2085,4351395,1396,95273,3,0.002149,-3.071691081,277.847403483,277.847403483,0.011055317,0.011055317
7,2085,4351395,1396,95273,3,0.002149,-3.071691081,277.847403483,277.847403483,0.011055317,0.011055317
7,2085,4351395,1396,95273,4,0.002865,-3.071691081,307.004030635,277.847403483,0.010005377,0.011055317
7,2085,4351395,1396,95273,4,0.002865,-3.071691081,307.004030635,277.847403483,0.010005377,0.011055317
7,2085,4351395,1396,95273,4,0.002865,-3.071691081,307.004030635,277.847403483,0.010005377,0.011055317
7,2085,4351395,1396,95273,4,0.002865,-3.071691081,307.004030635,277.847403483,0.010005377,0.011055317
7,2085,4351395,1396,95273,4,0.002865,-3.071691081,307.004030635,277.847403483,0.010005377,0.011055317
7,2085,4351395,1396,95273,5,0.003582,68.482575313,315.232434666,286.913214511,0.217244699,0.238687421
7,2085,4351395,1396,95273,5,0.003582,68.482575313,315.232434666,286.913214511,0.217244699,0.238687421
7,2085,4351395,1396,95273,5,0.003582,68.482575313,315.232434666,286.913214511,0.217244699,0.238687421
7,2085,4351395,1396,95273,6,0.004298,-13.411102506,325.696273132,298.371860482,0.041176715,0.044947612
7,2085,4351395,1396,95273,6,0.004298,-13.411102506,325.696273132,298.371860482,0.041176715,0.044947612
7,2085,4351395,1396,95273,6,0.004298,-13.411102506,325.696273132,298.371860482,0.041176715,0.044947612
7,2085,4351395,1396,95273,6,0.004298,-13.411102506,325.696273132,298.371860482,0.041176715,0.044947612
7,2085,4351395,1396,95273,7,0.005014,49.715366661,331.757461772,304.976586375,0.149854555,0.163013716
7,2085,4351395,1396,95273,7,0.005014,49.715366661,331.757461772,304.976586375,0.149854555,0.163013716
7,2085,4351395,1396,95273,8,0.005731,49.715366661,338.000374220,304.976586375,0.147086721,0.163013716
7,2085,4351395,1396,95273,8,0.005731,49.715366661,338.000374220,304.976586375,0.147086721,0.163013716
7,2085,4351395,1396,95273,9,0.006447,49.715366661,345.037333490,304.976586375,0.144086920,0.163013716
7,2085,4351395,1396,95273,9,0.006447,49.715366661,345.037333490,304.976586375,0.144086920,0.163013716
7,2085,4351395,1396,95273,10,0.007163,-13.002292475,350.691126590,311.358672602,0.037076195,0.041759853
7,2085,4351395,1396,95273,10,0.007163,-13.002292475,350.691126590,311.358672602,0.037076195,0.041759853
7,2085,4351395,1396,95273,11,0.007880,44.847363132,355.430512088,316.687236336,0.126177584,0.141614053
7,2085,4351395,1396,95273,11,0.007880,44.847363132,355.430512088,316.687236336,0.126177584,0.141614053
7,2085,4351395,1396,95273,12,0.008596,44.847363132,360.379430974,316.687236336,0.124444847,0.141614053
7,2085,4351395,1396,95273,13,0.009312,96.584875984,364.074311790,320.885611853,0.265288906,0.300994723
7,2085,4351395,1396,95273,13,0.009312,96.584875984,364.074311790,320.885611853,0.265288906,0.300994723
7,2085,4351395,1396,95273,14,0.010029,18.757737497,372.299836140,330.188793540,0.050383416,0.056809128
7,2085,4351395,1396,95273,15,0.010745,-46.296014816,377.940681431,336.536224008,0.122495453,0.137566216
7,2085,4351395,1396,95273,16,0.011461,-46.296014816,381.623895931,336.536224008,0.121313197,0.137566216
7,2085,4351395,1396,95273,17,0.012178,5.053436231,385.063065054,340.431191568,0.013123659,0.014844222
7,2085,4351395,1396,95273,17,0.012178,5.053436231,385.063065054,340.431191568,0.013123659,0.014844222
7,2085,4351395,1396,95273,18,0.012894,5.053436231,389.996044109,340.431191568,0.012957660,0.014844222
7,2085,4351395,1396,95273,19,0.013610,54.171221382,393.076927889,343.956324278,0.137813282,0.157494477
7,2085,4351395,1396,95273,21,0.015043,-6.582393817,401.859075063,349.280624671,0.016379856,0.018845574
7,2085,4351395,1396,95273,22,0.015759,-56.448705925,404.941187450,352.822340355,0.139399764,0.159991870
7,2085,4351395,1396,95273,23,0.016476,-3.988309607,408.325187168,356.701131250,0.009767484,0.011181096
7,2085,4351395,1396,95273,24,0.017192,-3.988309607,412.360887503,356.701131250,0.009671891,0.011181096
7,2085,4351395,1396,95273,26,0.018625,-56.877865603,419.977514671,360.600890416,0.135430740,0.157730796
7,2085,4351395,1396,95273,27,0.019341,-56.877865603,422.142596176,360.600890416,0.134736144,0.157730796
7,2085,4351395,1396,95273,29,0.020774,-11.844488315,426.227497187,363.401991242,0.027789123,0.032593350
7,2085,4351395,1396,95273,30,0.021490,35.917953343,428.895243843,366.527295125,0.083745282,0.097995303
7,2085,4351395,1396,95273,32,0.022923,78.443317283,433.442708884,368.985995195,0.180977360,0.212591584
7,2085,4351395,1396,95273,34,0.024355,-14.959113133,438.445721634,374.850281558,0.034118506,0.039906901
7,2085,4351395,1396,95273,36,0.025788,-59.123485387,443.543525358,377.443009421,0.133298046,0.156642152
7,2085,4351395,1396,95273,38,0.027221,-58.727206727,449.543177354,384.475532095,0.130637522,0.152746279
7,2085,4351395,1396,95273,40,0.028653,-107.957133765,454.868620576,387.614525651,0.237336956,0.278516739
7,2085,4351395,1396,95273,42,0.030086,-22.728171505,458.847257333,392.275877506,0.049533197,0.057939253
7,2085,4351395,1396,95273,44,0.031519,18.777508867,462.518191229,394.465569570,0.040598422,0.047602403
7,2085,4351395,1396,95273,47,0.033668,23.918044928,466.800913430,398.075533295,0.051238214,0.060084187
7,2085,4351395,1396,95273,50,0.035817,23.918044928,473.249526706,398.075533295,0.050540029,0.060084187
7,2085,4351395,1396,95273,52,0.037249,-15.206810700,476.113715002,399.993605619,0.031939451,0.038017634
7,2085,4351395,1396,95273,55,0.039398,-25.984201633,481.158323699,403.742586090,0.054003434,0.064358338
7,2085,4351395,1396,95273,58,0.041547,-102.465104577,485.486133429,407.351240326,0.211056707,0.251539935
7,2085,4351395,1396,95273,62,0.044413,-67.622913712,492.168279722,413.637452704,0.137397952,0.163483537
7,2085,4351395,1396,95273,65,0.046562,-107.398795976,496.329591615,415.545500625,0.216386042,0.258452554
7,2085,4351395,1396,95273,69,0.049427,-70.790763034,501.366585850,420.371742406,0.141195614,0.168400384
7,2085,4351395,1396,95273,73,0.052292,15.026867188,504.548540090,423.338328598,0.029782798,0.035496118
7,2085,4351395,1396,95273,77,0.055158,-42.607793247,507.618107621,425.333148712,0.083936709,0.100175106
7,2085,4351395,1396,95273,81,0.058023,29.899699321,512.686242716,428.425167544,0.058319683,0.069789783
7,2085,4351395,1396,95273,86,0.061605,-42.064668110,518.547723995,434.187224714,0.081120148,0.096881404
7,2085,4351395,1396,95273,91,0.065186,-76.380546973,524.451480185,438.185747557,0.145638920,0.174310888
7,2085,4351395,1396,95273,96,0.068768,-177.833655759,529.913805151,442.084357431,0.335589777,0.402261814
7,2085,4351395,1396,95273,101,0.072350,-130.956668422,533.336804698,443.353850743,0.245542155,0.295377311
7,2085,4351395,1396,95273,107,0.076648,-46.713522535,538.894717497,448.795539630,0.086683950,0.104086423
7,2085,4351395,1396,95273,113,0.080946,13.355090754,543.767034706,452.732822349,0.024560317,0.029498835
7,2085,4351395,1396,95273,119,0.085244,-38.735656042,547.960616317,456.313346381,0.070690584,0.084888282
7,2085,4351395,1396,95273,126,0.090258,-92.811018552,552.559234492,457.914128580,0.167965736,0.202682147
7,2085,4351395,1396,95273,133,0.095272,-65.114790535,557.124095256,461.807794484,0.116876637,0.140999765
7,2085,4351395,1396,95273,141,0.101003,-35.607943645,564.547269131,466.882270573,0.063073449,0.076267500
7,2085,4351395,1396,95273,149,0.106734,-135.327867525,570.190996544,471.641599516,0.237337784,0.286929456
7,2085,4351395,1396,95273,157,0.112464,-79.332775976,575.309537918,474.812891443,0.137895812,0.167082186
7,2085,4351395,1396,95273,166,0.118911,-130.824231403,580.350006905,478.970000835,0.225422986,0.273136587
7,2085,4351395,1396,95273,175,0.125358,-26.656636490,585.663760856,481.798115032,0.045515257,0.055327399
7,2085,4351395,1396,95273,185,0.132521,-55.332164325,589.198456276,484.814314179,0.093910912,0.114130633
7,2085,4351395,1396,95273,196,0.140401,8.863248749,593.601599119,488.268271206,0.014931309,0.018152416
7,2085,4351395,1396,95273,207,0.148281,-73.149411025,599.261530538,492.544727972,0.122065922,0.148513235
7,2085,4351395,1396,95273,218,0.156160,-226.247304745,605.313934842,497.901698183,0.373768538,0.454401553
7,2085,4351395,1396,95273,231,0.165473,-156.545366305,613.052330396,504.153316562,0.255354002,0.310511428
7,2085,4351395,1396,95273,244,0.174785,-110.479239033,617.504768258,506.493567253,0.178912366,0.218125651
7,2085,4351395,1396,95273,258,0.184814,-85.392404259,622.994088675,510.791688413,0.137067760,0.167176574
7,2085,4351395,1396,95273,272,0.194842,-88.394813670,627.271788570,514.044165434,0.140919479,0.171959570
7,2085,4351395,1396,95273,288,0.206304,-10.880435390,631.792307271,517.543397819,0.017221538,0.021023233
7,2085,4351395,1396,95273,304,0.217765,-134.861738260,638.626737391,522.211205473,0.211174588,0.258251330
7,2085,4351395,1396,95273,321,0.229943,-120.939381400,644.159387437,526.663286736,0.187747604,0.229633211
7,2085,4351395,1396,95273,339,0.242837,-207.493248982,649.038695241,530.224514186,0.319693187,0.391330924
7,2085,4351395,1396,95273,358,0.256447,-162.151352922,655.586774747,534.501169187,0.247337743,0.303369501
7,2085,4351395,1396,95273,378,0.270774,-113.629476440,663.590720938,539.562277103,0.171234276,0.210595665
7,2085,4351395,1396,95273,400,0.286533,-177.627941088,669.756358223,544.809336321,0.265212773,0.326036889
7,2085,4351395,1396,95273,422,0.302292,-158.837763108,674.006745680,548.467845934,0.235661978,0.289602689
7,2085,4351395,1396,95273,446,0.319484,-48.983641377,678.132204088,551.672426413,0.072233174,0.088791172
7,2085,4351395,1396,95273,471,0.337393,-72.124481240,683.060390396,555.869214865,0.105590197,0.129750811
7,2085,4351395,1396,95273,498,0.356734,-86.101379028,689.268354470,560.032091394,0.124917064,0.153743652
7,2085,4351395,1396,95273,526,0.376791,-152.930077450,697.079555363,565.947736948,0.219386835,0.270219435
7,2085,4351395,1396,95273,556,0.398281,-277.260535259,703.988487453,570.797845394,0.393842428,0.485742085
7,2085,4351395,1396,95273,587,0.420487,-295.553881604,710.666972232,575.816218124,0.415882394,0.513278147
7,2085,4351395,1396,95273,620,0.444126,-133.589672609,716.404002486,580.215651159,0.186472538,0.230241415
7,2085,4351395,1396,95273,655,0.469198,-72.634380888,722.185210002,584.598790111,0.100575836,0.124246547
7,2085,4351395,1396,95273,692,0.495702,-55.207453472,727.352203825,588.506410811,0.075901954,0.093809434
7,2085,4351395,1396,95273,732,0.524355,-165.716019642,734.167497697,593.316451101,0.225719635,0.279304609
7,2085,4351395,1396,95273,773,0.553725,-173.930615005,740.127615295,598.013156049,0.235000845,0.290847473
7,2085,4351395,1396,95273,816,0.584527,-213.277467965,747.849745329,603.862142374,0.285187592,0.353189003
7,2085,4351395,1396,95273,863,0.618195,-150.671533337,754.716468885,608.592751201,0.199639917,0.247573657
7,2085,4351395,1396,95273,911,0.652579,-173.773517487,762.050956555,614.313878168,0.228033986,0.282874152
7,2085,4351395,1396,95273,963,0.689828,-232.009428870,768.653070616,619.111538916,0.301838941,0.374745768
7,2085,4351395,1396,95273,1017,0.728510,-185.755932881,774.642567318,623.829872448,0.239795669,0.297766973
7,2085,4351395,1396,95273,1075,0.770057,-86.111671779,780.327614664,627.922179896,0.110353229,0.137137490
7,2085,4351395,1396,95273,1135,0.813037,-48.025754269,786.093818791,632.318204769,0.061094176,0.075951877
7,2085,4351395,1396,95273,1199,0.858883,-151.762261212,791.988488842,636.898658891,0.191621802,0.238283217
7,2085,4351395,1396,95273,1267,0.907593,-220.001365115,800.197781838,643.398883651,0.274933735,0.341936193
7,2085,4351395,1396,95273,1339,0.959169,-222.481117336,808.934941540,649.948778229,0.275029679,0.342305617
7,2085,4351395,1396,95273,1414,1.012894,-340.643931588,817.483986092,656.454303451,0.416697987,0.518914919
7,2085,4351395,1396,95273,1494,1.070201,-217.478259664,823.399439322,660.770711034,0.264122429,0.329128177
7,2085,4351395,1396,95273,1578,1.130372,-204.990017943,828.202788841,664.466292103,0.247511866,0.308503261
7,2085,4351395,1396,95273,1667,1.194126,-114.568004235,836.487347765,670.827829743,0.136963224,0.170786004
7,2085,4351395,1396,95273,1762,1.262178,-146.679702967,844.643631741,676.506628251,0.173658686,0.216819314
7,2085,4351395,1396,95273,1861,1.333095,-245.115788916,850.642462231,680.923046133,0.288153719,0.359975757
7,2085,4351395,1396,95273,1966,1.408309,-288.843673761,859.452294811,687.571393773,0.336078774,0.420092628
7,2085,4351395,1396,95273,2077,1.487822,-325.158987595,866.661433419,693.051192930,0.375185713,0.469170230
7,2085,4351395,1396,95273,2194,1.571633,-348.762362772,874.848099586,699.450554403,0.398654764,0.498623327
7,2085,4351395,1396,95273,2318,1.660458,-252.781544173,882.992099344,705.670616286,0.286278376,0.358214638
7,2085,4351395,1396,95273,2449,1.754298,-154.469882238,890.423221233,711.428771914,0.173479171,0.217126279
7,2085,4351395,1396,95273,2587,1.853152,-287.037491222,896.333335315,715.832554309,0.320235207,0.400984126
7,2085,4351395,1396,95273,2734,1.958453,-165.965767073,901.371831933,719.708668150,0.184125753,0.230601317
7,2085,4351395,1396,95273,2888,2.068768,-104.791724499,908.655532628,725.128628596,0.115326128,0.144514670
7,2085,4351395,1396,95273,3051,2.185530,-257.642990312,917.602731543,731.948509225,0.280778360,0.351996059
7,2085,4351395,1396,95273,3223,2.308739,-420.059547537,928.424176214,740.472668382,0.452443569,0.567285689
7,2085,4351395,1396,95273,3405,2.439112,-448.699371525,934.254992702,744.945348345,0.480275059,0.602325221
7,2085,4351395,1396,95273,3598,2.577364,-305.430932519,942.369956348,751.146562586,0.324109370,0.406619624
7,2085,4351395,1396,95273,3801,2.722779,-246.982702047,950.247364430,756.940174058,0.259914114,0.326290915
7,2085,4351395,1396,95273,4015,2.876074,-214.302967457,955.969791787,761.402810379,0.224173368,0.281458073
7,2085,4351395,1396,95273,4242,3.038682,-217.443531306,962.954234522,766.613611733,0.225808791,0.283641626
7,2085,4351395,1396,95273,4481,3.209885,-289.387698838,972.282125444,773.796986926,0.297637580,0.373984008
7,2085,4351395,1396,95273,4734,3.391117,-316.765265773,981.823305042,781.128622206,0.322629606,0.405522544
7,2085,4351395,1396,95273,5002,3.583095,-351.490760821,989.865627300,787.321996557,0.355089369,0.446438385
7,2085,4351395,1396,95273,5284,3.785100,-352.921757586,997.967754274,793.385402257,0.353640442,0.444830163
7,2085,4351395,1396,95273,5583,3.999284,-399.219819363,1007.962563556,800.997449954,0.396066118,0.498403359
7,2085,4351395,1396,95273,5898,4.224928,-283.655516718,1015.502017690,806.779665769,0.279325409,0.351589819
7,2085,4351395,1396,95273,6231,4.463467,-287.298290892,1023.926652344,813.351840555,0.280584835,0.353227566
7,2085,4351395,1396,95273,6583,4.715616,-221.324918249,1030.103034239,818.097891220,0.214857069,0.270535984
7,2085,4351395,1396,95273,6954,4.981375,-266.798941279,1038.115398784,824.176023010,0.257003163,0.323715971
7,2085,4351395,1396,95273,7347,5.262894,-429.433570142,1047.520190920,831.471274858,0.409952547,0.516474331
7,2085,4351395,1396,95273,7762,5.560172,-338.337496934,1059.694630664,840.865520132,0.319278297,0.402368142
7,2085,4351395,1396,95273,8200,5.873926,-563.437594469,1071.967447681,850.238751692,0.525610732,0.662681621
7,2085,4351395,1396,95273,8663,6.205587,-575.185271976,1079.639580485,856.170335084,0.532756748,0.671811728
7,2085,4351395,1396,95273,9152,6.555874,-436.177440212,1087.483083996,862.153271239,0.401088943,0.505916355
7,2085,4351395,1396,95273,9669,6.926218,-336.993716035,1094.808329910,867.716522815,0.307810698,0.388368444
7,2085,4351395,1396,95273,10215,7.317335,-302.032297139,1104.724073855,875.357319114,0.273400666,0.345038866
7,2085,4351395,1396,95273,10791,7.729943,-334.701676767,1115.532458545,883.568411375,0.300037596,0.378806748
7,2085,4351395,1396,95273,11401,8.166905,-518.332393744,1125.467563490,891.138127968,0.460548496,0.581652134
7,2085,4351395,1396,95273,12044,8.627507,-538.431776739,1136.487599707,899.617550955,0.473768281,0.598511863
7,2085,4351395,1396,95273,12725,9.115330,-496.260198061,1148.089607088,908.479073920,0.432248663,0.546253857
7,2085,4351395,1396,95273,13443,9.629656,-431.425441993,1159.413969129,917.217525058,0.372106472,0.470363278
7,2085,4351395,1396,95273,14202,10.173352,-531.626646857,1168.105209001,923.907957290,0.455118805,0.575410832
7,2085,4351395,1396,95273,15004,10.747851,-406.311187637,1176.957282280,930.723576289,0.345221695,0.436554094
7,2085,4351395,1396,95273,15851,11.354585,-329.998089163,1183.391960173,935.681232914,0.278857809,0.352682172
7,2085,4351395,1396,95273,16746,11.995702,-370.957684654,1192.850509685,943.004673779,0.310984219,0.393378416
7,2085,4351395,1396,95273,17692,12.673352,-455.736113451,1202.645888817,950.505589871,0.378944557,0.479467052
7,2085,4351395,1396,95273,18690,13.388252,-471.199426522,1210.983908430,956.963560547,0.389104614,0.492390145
7,2085,4351395,1396,95273,19746,14.144699,-715.844831132,1224.047255492,966.969505389,0.584817970,0.740297214
7,2085,4351395,1396,95273,20861,14.943410,-649.001645333,1235.294091787,975.643212366,0.525382295,0.665203875
7,2085,4351395,1396,95273,22039,15.787249,-481.944006066,1242.078142765,980.868210150,0.388014240,0.491344302
7,2085,4351395,1396,95273,23283,16.678367,-416.076512046,1252.300174354,988.723867253,0.332249824,0.420821754
7,2085,4351395,1396,95273,24597,17.619628,-306.332618211,1261.734549278,995.969029357,0.242786899,0.307572434
7,2085,4351395,1396,95273,25986,18.614613,-504.618996200,1271.937179158,1003.835599986,0.396732641,0.502690875
7,2085,4351395,1396,95273,27454,19.666189,-548.017534595,1282.993537683,1012.386189412,0.427139747,0.541312733
7,2085,4351395,1396,95273,29004,20.776504,-445.380509621,1293.384885741,1020.342548100,0.344352647,0.436500968
7,2085,4351395,1396,95273,30641,21.949140,-700.518005760,1305.793964265,1029.951686826,0.536469018,0.680146472
7,2085,4351395,1396,95273,32371,23.188395,-727.676292003,1316.145000463,1037.873202284,0.552884592,0.701122536
7,2085,4351395,1396,95273,34199,24.497851,-456.064633982,1327.251692262,1046.471875803,0.343615786,0.435811649
7,2085,4351395,1396,95273,36130,25.881089,-528.820389814,1338.858622888,1055.397049914,0.394978514,0.501062979
7,2085,4351395,1396,95273,38170,27.342407,-481.088189533,1344.275545963,1059.567219762,0.357879150,0.454042160
7,2085,4351395,1396,95273,40325,28.886103,-503.641130433,1348.755209588,1063.010061113,0.373411815,0.473787736
7,2085,4351395,1396,95273,42602,30.517192,-320.598821030,1356.679250440,1069.141408975,0.236311435,0.299865685
7,2085,4351395,1396,95273,45007,32.239971,-590.857508485,1368.782150046,1078.513150184,0.431666579,0.547844510
7,2085,4351395,1396,95273,47549,34.060888,-808.792418716,1381.324278105,1088.228535144,0.585519585,0.743219271
7,2085,4351395,1396,95273,50233,35.983524,-643.891143132,1390.428696032,1095.243301900,0.463088215,0.587897814
7,2085,4351395,1396,95273,53070,38.015759,-670.246642745,1398.037390148,1101.104801832,0.479419683,0.608703769
7,2085,4351395,1396,95273,56066,40.161891,-636.194080786,1406.415600608,1107.564791197,0.452351411,0.574408004
7,2085,4351395,1396,95273,59232,42.429799,-408.333868437,1413.426443595,1112.966667728,0.288896440,0.366887779
7,2085,4351395,1396,95273,62576,44.825215,-541.729202000,1422.958766033,1120.342738574,0.380706184,0.483538817
7,2085,4351395,1396,95273,66109,47.356017,-670.656240477,1433.991450444,1128.839396415,0.467684964,0.594111299
7,2085,4351395,1396,95273,69842,50.030086,-859.091872566,1444.046563120,1136.609287748,0.594919786,0.755837456
7,2085,4351395,1396,95273,73785,52.854585,-783.519894862,1453.252349866,1143.724496796,0.539149236,0.685059992
7,2085,4351395,1396,95273,77951,55.838825,-644.682296487,1467.431915036,1154.666838231,0.439326888,0.558327541
7,2428,5900040,1893,119713,2,0.001057,-77.861859078,287.290173954,287.290173954,0.271021657,0.271021657
7,2428,5900040,1893,119713,2,0.001057,-77.861859078,287.290173954,287.290173954,0.271021657,0.271021657
7,2428,5900040,1893,119713,2,0.001057,-77.861859078,287.290173954,287.290173954,0.271021657,0.271021657
7,2428,5900040,1893,119713,2,0.001057,-77.861859078,287.290173954,287.290173954,0.271021657,0.271021657
7,2428,5900040,1893,119713,2,0.001057,-77.861859078,287.290173954,287.290173954,0.271021657,0.271021657
7,2428,5900040,1893,119713,2,0.001057,-77.861859078,287.290173954,287.290173954,0.271021657,0.271021657
7,2428,5900040,1893,119713,3,0.001585,36.038485607,309.045195028,309.045195028,0.116612347,0.116612347
7,2428,5900040,1893,119713,3,0.001585,36.038485607,309.045195028,309.045195028,0.116612347,0.116612347
7,2428,5900040,1893,119713,3,0.001585,36.038485607,309.045195028,309.045195028,0.116612347,0.116612347
7,2428,5900040,1893,119713,3,0.001585,36.038485607,309.045195028,309.045195028,0.116612347,0.116612347
7,2428,5900040,1893,119713,3,0.001585,36.038485607,309.045195028,309.045195028,0.116612347,0.116612347
7,2428,5900040,1893,119713,3,0.001585,36.038485607,309.045195028,309.045195028,0.116612347,0.116612347
7,2428,5900040,1893,119713,4,0.002113,36.038485607,329.312473059,309.045195028,0.109435532,0.116612347
7,2428,5900040,1893,119713,4,0.002113,36.038485607,329.312473059,309.045195028,0.109435532,0.116612347
7,2428,5900040,1893,119713,4,0.002113,36.038485607,329.312473059,309.045195028,0.109435532,0.116612347
7,2428,5900040,1893,119713,4,0.002113,36.038485607,329.312473059,309.045195028,0.109435532,0.116612347
7,2428,5900040,1893,119713,5,0.002641,122.394814774,340.446942268,320.883698803,0.359512158,0.381430454
7,2428,5900040,1893,119713,5,0.002641,122.394814774,340.446942268,320.883698803,0.359512158,0.381430454
7,2428,5900040,1893,119713,5,0.002641,122.394814774,340.446942268,320.883698803,0.359512158,0.381430454
7,2428,5900040,1893,119713,5,0.002641,122.394814774,340.446942268,320.883698803,0.359512158,0.381430454
7,2428,5900040,1893,119713,6,0.003170,5.514501109,359.951563717,341.507475584,0.015320120,0.016147527
7,2428,5900040,1893,119713,6,0.003170,5.514501109,359.951563717,341.507475584,0.015320120,0.016147527
7,2428,5900040,1893,119713,6,0.003170,5.514501109,359.951563717,341.507475584,0.015320120,0.016147527
7,2428,5900040,1893,119713,7,0.003698,89.062210564,369.520429715,351.578690530,0.241021073,0.253320844
7,2428,5900040,1893,119713,7,0.003698,89.062210564,369.520429715,351.578690530,0.241021073,0.253320844
7,2428,5900040,1893,119713,7,0.003698,89.062210564,369.520429715,351.578690530,0.241021073,0.253320844
7,2428,5900040,1893,119713,8,0.004226,89.062210564,379.131580394,351.578690530,0.234911084,0.253320844
7,2428,5900040,1893,119713,8,0.004226,89.062210564,379.131580394,351.578690530,0.234911084,0.253320844
7,2428,5900040,1893,119713,9,0.004754,89.062210564,389.832752983,351.578690530,0.228462616,0.253320844
7,2428,5900040,1893,119713,9,0.004754,89.062210564,389.832752983,351.578690530,0.228462616,0.253320844
7,2428,5900040,1893,119713,10,0.005283,20.069031081,395.890937144,358.284292776,0.050693333,0.056014264
7,2428,5900040,1893,119713,10,0.005283,20.069031081,395.890937144,358.284292776,0.050693333,0.056014264
7,2428,5900040,1893,119713,11,0.005811,89.213511788,401.883805752,364.895318772,0.221988322,0.244490700
7,2428,5900040,1893,119713,12,0.006339,89.213511788,408.467704660,364.895318772,0.218410197,0.244490700
7,2428,5900040,1893,119713,12,0.006339,89.213511788,408.467704660,364.895318772,0.218410197,0.244490700
7,2428,5900040,1893,119713,13,0.006867,167.652118946,415.930860652,373.230771447,0.403076893,0.449191577
7,2428,5900040,1893,119713,14,0.007396,86.039177315,423.862186429,382.049579238,0.202988566,0.225204220
7,2428,5900040,1893,119713,14,0.007396,86.039177315,423.862186429,382.049579238,0.202988566,0.225204220
7,2428,5900040,1893,119713,15,0.007924,25.419507423,428.175078049,386.828935544,0.059367088,0.065712528
7,2428,5900040,1893,119713,16,0.008452,25.419507423,431.386279088,386.828935544,0.058925164,0.065712528
7,2428,5900040,1893,119713,17,0.008980,78.737889909,434.668806905,390.486203706,0.181144560,0.201640645
7,2428,5900040,1893,119713,18,0.009509,78.737889909,437.601727150,390.486203706,0.179930483,0.201640645
7,2428,5900040,1893,119713,19,0.010037,157.029127704,444.550097875,398.257445882,0.353231567,0.394290501
7,2428,5900040,1893,119713,20,0.010565,157.029127704,450.516716009,398.257445882,0.348553388,0.394290501
7,2428,5900040,1893,119713,21,0.011094,99.485173302,454.176857723,402.393215510,0.219045008,0.247233724
7,2428,5900040,1893,119713,22,0.011622,47.756873984,457.113153433,405.704469829,0.104474950,0.117713453
7,2428,5900040,1893,119713,24,0.012678,99.991923397,463.810486519,409.053318317,0.215587888,0.244447164
7,2428,5900040,1893,119713,25,0.013207,99.991923397,467.432444643,409.053318317,0.213917379,0.244447164
7,2428,5900040,1893,119713,26,0.013735,47.769932787,470.340543232,412.373318159,0.101564565,0.115841473
7,2428,5900040,1893,119713,28,0.014791,47.769932787,476.578117049,412.373318159,0.100235263,0.115841473
7,2428,5900040,1893,119713,30,0.015848,153.981609902,482.459639283,419.156719399,0.319159568,0.367360471
7,2428,5900040,1893,119713,31,0.016376,203.583915914,485.002775558,422.081442590,0.419758249,0.482333255
7,2428,5900040,1893,119713,33,0.017433,139.198659036,492.425134315,426.963939323,0.282679842,0.326019708
7,2428,5900040,1893,119713,35,0.018489,12.651590512,500.490423345,436.241167747,0.025278387,0.029001368
7,2428,5900040,1893,119713,37,0.019546,62.338782854,505.147615208,439.061696712,0.123407062,0.141981829
7,2428,5900040,1893,119713,39,0.020602,-18.312410736,508.359865175,442.753670668,0.036022534,0.041360269
7,2428,5900040,1893,119713,41,0.021659,25.244835620,512.492484582,444.891050259,0.049258938,0.056743860
7,2428,5900040,1893,119713,43,0.022715,102.953206327,515.431522877,448.273526569,0.199741773,0.229666041
7,2428,5900040,1893,119713,46,0.024300,53.704951877,521.796555662,450.970669988,0.102923163,0.119087461
7,2428,5900040,1893,119713,48,0.025357,98.719717545,525.671066553,453.211732325,0.187797510,0.217822511
7,2428,5900040,1893,119713,51,0.026941,45.158801090,532.896140521,456.365693374,0.084742218,0.098953102
7,2428,5900040,1893,119713,54,0.028526,91.618374418,538.485913636,458.724468546,0.170140708,0.199724193
7,2428,5900040,1893,119713,57,0.030111,10.978900151,543.215698307,462.271432798,0.020210940,0.023749900
7,2428,5900040,1893,119713,60,0.031696,10.345531043,547.275288528,465.236361352,0.018903706,0.022237151
7,2428,5900040,1893,119713,64,0.033809,10.335008987,552.392224504,467.794675938,0.018709548,0.022093045
7,2428,5900040,1893,119713,67,0.035394,53.831281670,557.256712733,473.529020261,0.096600508,0.113681061
7,2428,5900040,1893,119713,71,0.037507,85.445569818,562.575144759,478.003489724,0.151882945,0.178755117
7,2428,5900040,1893,119713,75,0.039620,81.140781611,567.672953755,481.200110499,0.142935789,0.168621702
7,2428,5900040,1893,119713,79,0.041733,118.651497726,572.793455591,485.887934518,0.207145345,0.244195193
7,2428,5900040,1893,119713,84,0.044374,124.086277917,579.748142364,489.124537143,0.214034800,0.253690560
7,2428,5900040,1893,119713,88,0.046487,10.263187275,584.852334047,493.556430571,0.017548339,0.020794354
7,2428,5900040,1893,119713,93,0.049128,-26.128123177,590.864891406,498.135872125,0.044220131,0.052451800
7,2428,5900040,1893,119713,99,0.052298,-64.905274941,595.077036863,500.886431819,0.109070374,0.129580821
7,2428,5900040,1893,119713,104,0.054939,9.318890807,598.121295845,502.718050699,0.015580269,0.018537013
7,2428,5900040,1893,119713,110,0.058109,108.255921205,604.300524192,509.071257193,0.179142524,0.212653768
7,2428,5900040,1893,119713,116,0.061278,101.178541963,610.169350092,513.540145421,0.165820427,0.197021680
7,2428,5900040,1893,119713,123,0.064976,-37.928718238,617.166694928,518.250155124,0.061456197,0.073186120
7,2428,5900040,1893,119713,130,0.068674,-6.802482511,623.809068214,521.267716234,0.010904751,0.013049883
7,2428,5900040,1893,119713,137,0.072372,-14.919402343,627.795946197,523.802766594,0.023764732,0.028482863
7,2428,5900040,1893,119713,145,0.076598,-102.860609045,633.647165819,528.895417741,0.162331049,0.194481944
7,2428,5900040,1893,119713,153,0.080824,-75.288804528,639.724694493,531.865268464,0.117689383,0.141556159
7,2428,5900040,1893,119713,162,0.085578,-132.520402711,644.910660953,535.868860202,0.205486451,0.247300063
7,2428,5900040,1893,119713,171,0.090333,-50.007704072,649.579542120,539.081785668,0.076984728,0.092764596
7,2428,5900040,1893,119713,181,0.095615,1.477899184,655.371775733,543.330833539,0.002255055,0.002720072
7,2428,5900040,1893,119713,191,0.100898,31.790380702,663.192257894,549.937350347,0.047935392,0.057807277
7,2428,5900040,1893,119713,202,0.106709,67.409237313,669.778164289,554.816649226,0.100644125,0.121498224
7,2428,5900040,1893,119713,213,0.112520,-63.751276766,675.509017081,559.103395742,0.094375168,0.114024127
7,2428,5900040,1893,119713,225,0.118859,-168.382834530,681.238166709,563.785189905,0.247171757,0.298664877
7,2428,5900040,1893,119713,238,0.125726,-93.765498288,687.661116944,569.178737344,0.136354224,0.164738231
7,2428,5900040,1893,119713,251,0.132594,-48.886995485,691.435057368,571.540347614,0.070703669,0.085535511
7,2428,5900040,1893,119713,265,0.139989,-67.800224437,696.440474552,575.314409965,0.097352505,0.117848994
7,2428,5900040,1893,119713,280,0.147913,-21.505175605,702.931711998,579.154907208,0.030593549,0.037131992
7,2428,5900040,1893,119713,296,0.156366,93.013910775,710.361527975,585.066600743,0.130938835,0.158980039
7,2428,5900040,1893,119713,313,0.165346,14.715325728,719.365503605,591.827791457,0.020455979,0.024864202
7,2428,5900040,1893,119713,331,0.174855,-73.496622740,724.454930797,595.942094957,0.101450925,0.123328463
7,2428,5900040,1893,119713,349,0.184363,-94.392318861,730.443756535,599.454431180,0.129225992,0.157463710
7,2428,5900040,1893,119713,369,0.194929,-60.561996397,735.515363280,602.409850566,0.082339540,0.100532879
7,2428,5900040,1893,119713,390,0.206022,-49.425059951,740.447329259,606.050674378,0.066750271,0.081552685
7,2428,5900040,1893,119713,412,0.217644,-63.087949779,748.524183859,612.759845417,0.084283115,0.102957056
7,2428,5900040,1893,119713,435,0.229794,30.738867560,754.969925272,618.052841543,0.040715354,0.049735015
7,2428,5900040,1893,119713,460,0.243001,15.232348037,760.837709846,622.341036999,0.020020496,0.024475886
7,2428,5900040,1893,119713,486,0.256735,-9.691913293,768.394433041,628.183401157,0.012613201,0.015428477
7,2428,5900040,1893,119713,513,0.270998,-15.895803142,777.735450995,635.018426990,0.020438573,0.025032034
7,2428,5900040,1893,119713,542,0.286318,-115.449580450,784.729089422,640.016518612,0.147120302,0.180385314
7,2428,5900040,1893,119713,573,0.302694,-204.358912600,789.941663929,643.952431868,0.258701271,0.317350945
7,2428,5900040,1893,119713,605,0.319599,-148.210026383,794.678583942,647.189331149,0.186503109,0.229005670
7,2428,5900040,1893,119713,639,0.337559,-104.267128646,800.465404613,651.539109987,0.130258132,0.160032033
7,2428,5900040,1893,119713,675,0.356577,55.759935017,807.530285567,657.098903237,0.069049961,0.084857751
7,2428,5900040,1893,119713,713,0.376651,-65.425294562,816.610765847,664.103697147,0.080118090,0.098516685
7,2428,5900040,1893,119713,754,0.398310,-92.792728498,824.710281178,669.781806078,0.112515547,0.138541728
7,2428,5900040,1893,119713,796,0.420497,-149.873372293,832.452596485,676.013416745,0.180038326,0.221701772
7,2428,5900040,1893,119713,841,0.444268,-100.765603788,839.103836943,681.089900597,0.120087168,0.147947582
7,2428,5900040,1893,119713,889,0.469625,-144.266865408,845.950923307,685.841882010,0.170538103,0.210350037
7,2428,5900040,1893,119713,939,0.496038,-186.585112296,851.972338121,690.768210358,0.219003721,0.270112477
7,2428,5900040,1893,119713,992,0.524036,-141.230574128,859.626180670,696.292233201,0.164293012,0.202832327
7,2428,5900040,1893,119713,1048,0.553619,-63.850443002,866.474824852,701.604293636,0.073689900,0.091006346
7,2428,5900040,1893,119713,1107,0.584786,108.435124776,875.457595379,708.050331800,0.123861082,0.153146069
7,2428,5900040,1893,119713,1170,0.618067,-37.018447563,883.397799081,714.378925970,0.041904618,0.051819064
7,2428,5900040,1893,119713,1236,0.652932,-80.085373451,892.085148526,720.844306735,0.089773239,0.111099405
7,2428,5900040,1893,119713,1305,0.689382,-97.301366766,899.623349950,726.570990195,0.108157894,0.133918596
7,2428,5900040,1893,119713,1379,0.728473,-179.130881744,906.603731534,732.030400648,0.197584541,0.244704157
7,2428,5900040,1893,119713,1457,0.769678,-155.709297975,913.069399080,736.942311290,0.170533914,0.211291027
7,2428,5900040,1893,119713,1539,0.812995,-137.461752040,919.761521641,742.030022604,0.149453689,0.185250930
7,2428,5900040,1893,119713,1626,0.858954,37.147817006,926.633625905,747.305428024,0.040089002,0.049709015
7,2428,5900040,1893,119713,1718,0.907554,-43.553483562,936.171088037,754.029061811,0.046522996,0.057761014
7,2428,5900040,1893,119713,1815,0.958796,-70.868691111,946.283105974,761.538576015,0.074891637,0.093059883
7,2428,5900040,1893,119713,1918,1.013207,-93.914368478,956.316457914,768.854417912,0.098204279,0.122148441
7,2428,5900040,1893,119713,2026,1.070259,-184.521368570,963.077575830,773.921023100,0.191595540,0.238424029
7,2428,5900040,1893,119713,2140,1.130481,-141.455675002,968.642206625,778.209537219,0.146035011,0.181770678
7,2428,5900040,1893,119713,2261,1.194400,-239.426872031,978.297366785,785.462714690,0.244738338,0.304822708
7,2428,5900040,1893,119713,2389,1.262018,-44.961421496,987.700577786,792.740874082,0.045521307,0.056716416
7,2428,5900040,1893,119713,2524,1.333333,-144.756019216,994.711286849,798.203903374,0.145525663,0.181352182
7,2428,5900040,1893,119713,2666,1.408347,-248.666312414,1004.891330227,805.691174492,0.247455924,0.308637255
7,2428,5900040,1893,119713,2817,1.488114,68.955306652,1013.264956276,811.999167553,0.068052592,0.084920415
7,2428,5900040,1893,119713,2976,1.572108,4.705564430,1022.801912875,819.176029547,0.004600661,0.005744265
7,2428,5900040,1893,119713,3144,1.660856,-243.744597016,1032.210103466,826.589867823,0.236138550,0.294879730
7,2428,5900040,1893,119713,3321,1.754358,-368.332363766,1040.788739960,833.038193913,0.353897337,0.442155434
7,2428,5900040,1893,119713,3509,1.853671,-306.877378060,1047.683237579,838.328814559,0.292910459,0.366058488
7,2428,5900040,1893,119713,3707,1.958267,-150.489744554,1053.477622113,842.655169432,0.142850443,0.178589950
7,2428,5900040,1893,119713,3916,2.068674,-136.751918009,1061.939129308,849.040160806,0.128775665,0.161066489
7,2428,5900040,1893,119713,4137,2.185420,-93.600450313,1072.328388540,856.952425673,0.087287114,0.109224792
7,2428,5900040,1893,119713,4371,2.309033,-132.396981280,1084.900800002,866.598046363,0.122036025,0.152777844
7,2428,5900040,1893,119713,4618,2.439514,-211.362174732,1091.668097827,871.687733154,0.193613952,0.242474646
7,2428,5900040,1893,119713,4878,2.576862,-363.580215283,1101.002320676,878.797410109,0.330226566,0.413724723
7,2428,5900040,1893,119713,5154,2.722662,-167.496417794,1110.156010469,885.625782177,0.150876468,0.189127757
7,2428,5900040,1893,119713,5445,2.876387,-260.281447365,1116.826190943,890.684346194,0.233054570,0.292226363
7,2428,5900040,1893,119713,5752,3.038563,-199.741449407,1124.918067266,896.773802654,0.177560887,0.222733368
7,2428,5900040,1893,119713,6077,3.210248,-176.148554667,1135.765338381,905.130032982,0.155092385,0.194611325
7,2428,5900040,1893,119713,6420,3.391442,6.447001355,1146.818118150,913.640947574,0.005621642,0.007056384
7,2428,5900040,1893,119713,6783,3.583201,-12.587273661,1156.133097355,920.873530070,0.010887392,0.013668841
7,2428,5900040,1893,119713,7165,3.784997,-97.507874864,1165.523789767,927.896765810,0.083660133,0.105084831
7,2428,5900040,1893,119713,7570,3.998943,-155.533374308,1177.119709055,936.856525586,0.132130465,0.166016215
7,2428,5900040,1893,119713,7997,4.224511,-108.987139021,1185.876158978,943.560622864,0.091904317,0.115506239
7,2428,5900040,1893,119713,8449,4.463286,-256.789671399,1195.677323306,951.082968159,0.214765026,0.269997130
7,2428,5900040,1893,119713,8926,4.715267,-219.497151894,1202.850566042,956.617788710,0.182480815,0.229451255
7,2428,5900040,1893,119713,9430,4.981511,-64.131141476,1212.171102531,963.716618104,0.052906014,0.066545642
7,2428,5900040,1893,119713,9962,5.262546,77.631281284,1223.074618761,972.065318608,0.063472236,0.079862207
7,2428,5900040,1893,119713,10525,5.559958,-12.481078166,1237.214420076,982.809437034,0.010088048,0.012699388
7,2428,5900040,1893,119713,11119,5.873745,-200.556583548,1251.470044342,993.655541855,0.160256799,0.201837131
7,2428,5900040,1893,119713,11747,6.205494,-386.184785661,1260.385557618,1000.477077971,0.306402103,0.386000633
7,2428,5900040,1893,119713,12410,6.555732,-292.533375853,1269.501033181,1007.465360250,0.230431775,0.290365691
7,2428,5900040,1893,119713,13111,6.926043,-130.202808661,1278.012288661,1013.991199533,0.101879152,0.128406251
7,2428,5900040,1893,119713,13851,7.316957,-226.898066580,1289.536397606,1022.747558426,0.175953208,0.221851487
7,2428,5900040,1893,119713,14633,7.730058,-217.892414618,1302.102117471,1032.480573873,0.167338960,0.211037786
7,2428,5900040,1893,119713,15460,8.166931,-140.531250689,1313.646013847,1041.352311733,0.106978021,0.134950726
7,2428,5900040,1893,119713,16333,8.628104,1.047579749,1326.459031472,1051.186561447,0.000789757,0.000996569
7,2428,5900040,1893,119713,17255,9.115161,-91.764079691,1339.928062487,1061.524868674,0.068484333,0.086445530
7,2428,5900040,1893,119713,18229,9.629688,-105.308359808,1353.088506062,1071.663989235,0.077828139,0.098266211
7,2428,5900040,1893,119713,19258,10.173270,-415.359024150,1363.189156898,1079.361798556,0.304696543,0.384819089
7,2428,5900040,1893,119713,20346,10.748019,-321.946432235,1373.469741514,1087.270810715,0.234403731,0.296105100
7,2428,5900040,1893,119713,21494,11.354464,-311.509794315,1380.946269186,1093.010642822,0.225577056,0.285001611
7,2428,5900040,1893,119713,22708,11.995774,-82.615112144,1391.941741350,1101.390508775,0.059352421,0.075009828
7,2428,5900040,1893,119713,23990,12.673006,33.282156117,1403.316153878,1110.184622705,0.023716791,0.029978938
7,2428,5900040,1893,119713,25345,13.388801,-168.970068859,1413.022984684,1117.610519732,0.119580552,0.151188689
7,2428,5900040,1893,119713,26776,14.144744,-158.668940301,1428.201465477,1129.259977946,0.111097029,0.140507008
7,2428,5900040,1893,119713,28287,14.942948,-200.359717943,1441.252875473,1139.328717333,0.139017740,0.175857691
7,2428,5900040,1893,119713,29885,15.787110,-249.750506017,1449.135888033,1145.431780074,0.172344435,0.218040490
7,2428,5900040,1893,119713,31572,16.678288,-338.181835740,1461.025710813,1154.503145683,0.231468778,0.292924135
7,2428,5900040,1893,119713,33355,17.620180,-140.671268731,1471.999026842,1162.939442667,0.095564784,0.120961818
7,2428,5900040,1893,119713,35238,18.614897,-71.587490412,1483.846758821,1172.066292600,0.048244531,0.061078022
7,2428,5900040,1893,119713,37227,19.665610,-71.348781765,1496.691673248,1181.968309889,0.047670995,0.060364378
7,2428,5900040,1893,119713,39329,20.776017,-43.048285585,1508.774512266,1191.263705711,0.028531954,0.036136655
7,2428,5900040,1893,119713,41550,21.949287,-87.338973033,1523.198383998,1202.372196481,0.057339198,0.072638883
7,2428,5900040,1893,119713,43896,23.188590,-134.993643442,1535.240654179,1211.706428333,0.087929956,0.111407879
7,2428,5900040,1893,119713,46374,24.497623,-359.372964467,1548.142531588,1221.669587468,0.232131704,0.294165434
7,2428,5900040,1893,119713,48993,25.881141,-496.218078310,1561.631197355,1232.060071135,0.317756253,0.402754776
7,2428,5900040,1893,119713,51759,27.342314,-326.540714711,1567.917362719,1236.900867258,0.208263983,0.263999099
7,2428,5900040,1893,119713,54682,28.886424,-293.257042907,1573.132445018,1240.917756712,0.186415990,0.236322707
7,2428,5900040,1893,119713,57769,30.517169,-151.978106893,1582.353658840,1248.004681031,0.096045600,0.121776872
7,2428,5900040,1893,119713,61031,32.240359,-17.946529477,1596.438028787,1258.865731106,0.011241607,0.014256111
7,2428,5900040,1893,119713,64477,34.060750,-177.252759884,1611.001007344,1270.100106490,0.110026474,0.139558102
7,2428,5900040,1893,119713,68117,35.983624,-352.486699896,1621.587716161,1278.274538935,0.217371343,0.275751952
7,2428,5900040,1893,119713,71963,38.015320,-346.041503787,1630.431606730,1285.098535353,0.212239202,0.269272351
7,2428,5900040,1893,119713,76026,40.161648,-287.173187049,1640.173985944,1292.587776214,0.175087027,0.222169196
7,2428,5900040,1893,119713,80319,42.429477,-288.715528162,1648.317115968,1298.865570879,0.175157757,0.222282840
7,2428,5900040,1893,119713,84854,44.825145,-371.581546104,1659.413859838,1307.440852737,0.223923371,0.284205244
7,2428,5900040,1893,119713,89645,47.356049,-352.477470837,1672.244011789,1317.363947938,0.210781123,0.267562712
7,2428,5900040,1893,119713,94707,50.030111,-89.178509287,1683.926963705,1326.382505563,0.052958656,0.067234383
7,2428,5900040,1893,119713,100054,52.854728,-246.088564769,1694.649264888,1334.657774947,0.145215042,0.184383270
7,2428,5900040,1893,119713,105703,55.838880,-258.412590359,1711.124825375,1347.395934586,0.151019135,0.191786678
7,2770,7678440,2464,145866,2,0.000812,-41.714763618,271.005109598,271.005109598,0.153926115,0.153926115
7,2770,7678440,2464,145866,3,0.001218,140.520962261,326.578672321,326.578672321,0.430282116,0.430282116
7,2770,7678440,2464,145866,3,0.001218,140.520962261,326.578672321,326.578672321,0.430282116,0.430282116
7,2770,7678440,2464,145866,3,0.001218,140.520962261,326.578672321,326.578672321,0.430282116,0.430282116
7,2770,7678440,2464,145866,3,0.001218,140.520962261,326.578672321,326.578672321,0.430282116,0.430282116
7,2770,7678440,2464,145866,3,0.001218,140.520962261,326.578672321,326.578672321,0.430282116,0.430282116
7,2770,7678440,2464,145866,3,0.001218,140.520962261,326.578672321,326.578672321,0.430282116,0.430282116
7,2770,7678440,2464,145866,4,0.001623,140.520962261,345.957733819,326.578672321,0.406179566,0.430282116
7,2770,7678440,2464,145866,4,0.001623,140.520962261,345.957733819,326.578672321,0.406179566,0.430282116
7,2770,7678440,2464,145866,4,0.001623,140.520962261,345.957733819,326.578672321,0.406179566,0.430282116
7,2770,7678440,2464,145866,4,0.001623,140.520962261,345.957733819,326.578672321,0.406179566,0.430282116
7,2770,7678440,2464,145866,5,0.002029,252.016547849,363.480424775,345.086793170,0.693342834,0.730299023
7,2770,7678440,2464,145866,5,0.002029,252.016547849,363.480424775,345.086793170,0.693342834,0.730299023
7,2770,7678440,2464,145866,5,0.002029,252.016547849,363.480424775,345.086793170,0.693342834,0.730299023
7,2770,7678440,2464,145866,5,0.002029,252.016547849,363.480424775,345.086793170,0.693342834,0.730299023
7,2770,7678440,2464,145866,6,0.002435,152.178089197,376.942617676,359.238935315,0.403716858,0.423612460
7,2770,7678440,2464,145866,6,0.002435,152.178089197,376.942617676,359.238935315,0.403716858,0.423612460
7,2770,7678440,2464,145866,6,0.002435,152.178089197,376.942617676,359.238935315,0.403716858,0.423612460
7,2770,7678440,2464,145866,7,0.002841,271.242747462,395.300050428,378.456081328,0.686169271,0.716708651
7,2770,7678440,2464,145866,7,0.002841,271.242747462,395.300050428,378.456081328,0.686169271,0.716708651
7,2770,7678440,2464,145866,7,0.002841,271.242747462,395.300050428,378.456081328,0.686169271,0.716708651
7,2770,7678440,2464,145866,8,0.003247,271.242747462,410.264172246,378.456081328,0.661141688,0.716708651
7,2770,7678440,2464,145866,8,0.003247,271.242747462,410.264172246,378.456081328,0.661141688,0.716708651
7,2770,7678440,2464,145866,9,0.003653,271.242747462,419.794961825,378.456081328,0.646131498,0.716708651
7,2770,7678440,2464,145866,9,0.003653,271.242747462,419.794961825,378.456081328,0.646131498,0.716708651
7,2770,7678440,2464,145866,10,0.004058,178.283826776,429.964150725,389.705486783,0.414648120,0.457483492
7,2770,7678440,2464,145866,10,0.004058,178.283826776,429.964150725,389.705486783,0.414648120,0.457483492
7,2770,7678440,2464,145866,11,0.004464,264.256051334,438.475078316,399.075919875,0.602670629,0.662169873
7,2770,7678440,2464,145866,11,0.004464,264.256051334,438.475078316,399.075919875,0.602670629,0.662169873
7,2770,7678440,2464,145866,12,0.004870,264.256051334,448.684506778,399.075919875,0.588957379,0.662169873
7,2770,7678440,2464,145866,13,0.005276,334.787692597,454.194340610,405.260783007,0.737102299,0.826104342
7,2770,7678440,2464,145866,14,0.005682,250.767737871,461.900261782,413.878792687,0.542904516,0.605896563
7,2770,7678440,2464,145866,14,0.005682,250.767737871,461.900261782,413.878792687,0.542904516,0.605896563
7,2770,7678440,2464,145866,15,0.006088,176.795425005,467.786014012,420.437341475,0.377940810,0.420503622
7,2770,7678440,2464,145866,16,0.006494,176.795425005,473.490376040,420.437341475,0.373387579,0.420503622
7,2770,7678440,2464,145866,17,0.006899,240.069756221,477.699463255,425.171964148,0.502553958,0.564641549
7,2770,7678440,2464,145866,18,0.007305,240.069756221,485.735387465,425.171964148,0.494239791,0.564641549
7,2770,7678440,2464,145866,19,0.007711,318.537442804,492.032564444,432.352144594,0.647390977,0.736754626
7,2770,7678440,2464,145866,20,0.008117,318.537442804,498.047619796,432.352144594,0.639572262,0.736754626
7,2770,7678440,2464,145866,21,0.008523,265.865657700,500.825067793,435.548727333,0.530855332,0.610415416
7,2770,7678440,2464,145866,22,0.008929,213.021503007,503.605255349,438.742747594,0.422993010,0.485527121
7,2770,7678440,2464,145866,23,0.009334,261.811089420,505.963118179,441.447190850,0.517450937,0.593074539
7,2770,7678440,2464,145866,25,0.010146,261.811089420,514.079414077,441.447190850,0.509281411,0.593074539
7,2770,7678440,2464,145866,26,0.010552,188.167088714,519.327529425,447.547831130,0.362328354,0.420440176
7,2770,7678440,2464,145866,28,0.011364,188.167088714,525.664149608,447.547831130,0.357960665,0.420440176
7,2770,7678440,2464,145866,29,0.011769,257.943387662,530.274957053,452.954515425,0.486433282,0.569468631
7,2770,7678440,2464,145866,31,0.012581,368.135306635,535.999219565,459.642715965,0.686820602,0.800916220
7,2770,7678440,2464,145866,33,0.013393,322.649517639,541.976848480,461.887847145,0.595319742,0.698545155
7,2770,7678440,2464,145866,34,0.013799,272.667812594,544.276653116,464.584281030,0.500972825,0.586907099
7,2770,7678440,2464,145866,36,0.014610,212.679347435,549.665226361,468.441213102,0.386925236,0.454015021
7,2770,7678440,2464,145866,38,0.015422,217.214223007,554.628160478,474.254895026,0.391639369,0.458011557
7,2770,7678440,2464,145866,41,0.016640,209.771977131,561.363944204,479.270000125,0.373682669,0.437690607
7,2770,7678440,2464,145866,43,0.017451,329.266808778,567.707327021,486.684563472,0.579993939,0.676550755
7,2770,7678440,2464,145866,45,0.018263,329.266808778,574.001931160,486.684563472,0.573633625,0.676550755
7,2770,7678440,2464,145866,48,0.019481,318.708894392,580.508232375,492.288656230,0.549017011,0.647402475
7,2770,7678440,2464,145866,51,0.020698,275.975624366,584.550234760,494.139912798,0.472116181,0.558496930
7,2770,7678440,2464,145866,53,0.021510,326.433382950,588.660483101,496.709410845,0.554535921,0.657191863
7,2770,7678440,2464,145866,56,0.022727,283.962397993,592.566361505,498.521838423,0.479207759,0.569608744
7,2770,7678440,2464,145866,60,0.024351,232.321608629,599.890289925,505.037663058,0.387273494,0.460008482
7,2770,7678440,2464,145866,63,0.025568,235.394507883,605.113123662,508.822539397,0.389009094,0.462625945
7,2770,7678440,2464,145866,67,0.027192,289.665858314,613.471958640,516.144479691,0.472174570,0.561210804
7,2770,7678440,2464,145866,70,0.028409,284.832183731,618.605889150,519.659882176,0.460442082,0.548112705
7,2770,7678440,2464,145866,74,0.030032,329.852962242,624.861730555,525.308497927,0.527881523,0.627922380
7,2770,7678440,2464,145866,78,0.031656,334.671146989,629.483458131,528.184670721,0.531659955,0.633625256
7,2770,7678440,2464,145866,83,0.033685,372.903295952,634.008828065,531.590821942,0.588167356,0.701485580
7,2770,7678440,2464,145866,88,0.035714,242.604055459,641.238982680,536.910938058,0.378336411,0.451851580
7,2770,7678440,2464,145866,92,0.037338,244.590569770,645.696065474,539.888163378,0.378801394,0.453039326
7,2770,7678440,2464,145866,98,0.039773,182.874516059,652.001706379,544.789030330,0.280481653,0.335679512
7,2770,7678440,2464,145866,103,0.041802,295.532619986,657.531927672,548.660943315,0.449457445,0.538643444
7,2770,7678440,2464,145866,109,0.044237,377.122394822,664.654623783,554.131131231,0.567396030,0.680565255
7,2770,7678440,2464,145866,115,0.046672,415.430659650,671.749102805,561.350880962,0.618431283,0.740055238
7,2770,7678440,2464,145866,122,0.049513,302.547782264,678.482135705,565.131458725,0.445918568,0.535358238
7,2770,7678440,2464,145866,129,0.052354,274.900135343,682.555705533,567.031902734,0.402751209,0.484805412
7,2770,7678440,2464,145866,136,0.055195,273.984754953,686.501045695,569.220114075,0.399103187,0.481333579
7,2770,7678440,2464,145866,143,0.058036,278.865844035,692.767409543,575.732279667,0.402538919,0.484367220
7,2770,7678440,2464,145866,152,0.061688,278.562184979,700.317726114,579.874944406,0.397765435,0.480383206
7,2770,7678440,2464,145866,160,0.064935,237.668450830,706.882072914,585.140530440,0.336220793,0.406173284
7,2770,7678440,2464,145866,169,0.068588,273.737675235,714.423484595,590.656041575,0.383158842,0.463446839
7,2770,7678440,2464,145866,179,0.072646,328.424531706,719.338312600,593.961069013,0.456564771,0.552939492
7,2770,7678440,2464,145866,189,0.076705,312.972883535,725.872315346,598.577803272,0.431167957,0.522860824
7,2770,7678440,2464,145866,200,0.081169,468.542964779,732.772474617,604.061710855,0.639411251,0.775654137
7,2770,7678440,2464,145866,211,0.085633,304.433134199,738.166852929,609.136370121,0.412417779,0.499778291
7,2770,7678440,2464,145866,223,0.090503,166.234896369,743.732358360,614.288576783,0.223514406,0.270613687
7,2770,7678440,2464,145866,235,0.095373,250.142192001,749.490002771,618.360547996,0.333749871,0.404524824
7,2770,7678440,2464,145866,249,0.101055,284.620943624,759.042050517,624.425694008,0.374973881,0.455812351
7,2770,7678440,2464,145866,263,0.106737,318.717669805,766.183166361,629.920008989,0.415981039,0.505965306
7,2770,7678440,2464,145866,277,0.112419,383.859161332,772.633344729,634.457627273,0.496819305,0.605019382
7,2770,7678440,2464,145866,293,0.118912,476.103912910,779.513892444,639.446676872,0.610770273,0.744556083
7,2770,7678440,2464,145866,310,0.125812,322.529009070,786.566593651,644.422835762,0.410046666,0.500492830
7,2770,7678440,2464,145866,327,0.132711,289.466589471,790.927235566,647.853860392,0.365983843,0.446808466
7,2770,7678440,2464,145866,346,0.140422,197.432724745,796.679239421,651.590937975,0.247819593,0.303001029
7,2770,7678440,2464,145866,365,0.148133,244.997399150,803.950230926,656.232206899,0.304741997,0.373339493
7,2770,7678440,2464,145866,386,0.156656,327.938110819,812.673475098,662.928078757,0.403529980,0.494681280
7,2770,7678440,2464,145866,407,0.165179,284.549226932,822.470813912,670.853600794,0.345968783,0.424159946
7,2770,7678440,2464,145866,430,0.174513,335.790946471,828.065567230,675.116834069,0.405512510,0.497381978
7,2770,7678440,2464,145866,455,0.184659,401.624204037,835.504304321,681.430357249,0.480696750,0.589384080
7,2770,7678440,2464,145866,480,0.194805,429.080622991,841.032481493,685.576137828,0.510183177,0.625868666
7,2770,7678440,2464,145866,508,0.206169,418.592956750,846.874985436,689.856179917,0.494279515,0.606782934
7,2770,7678440,2464,145866,536,0.217532,335.576437942,855.894583808,696.054802978,0.392076833,0.482112093
7,2770,7678440,2464,145866,566,0.229708,185.259627451,863.262820453,701.964550662,0.214603969,0.263915930
7,2770,7678440,2464,145866,598,0.242695,209.368984782,869.794753310,706.694001673,0.240710793,0.296265405
7,2770,7678440,2464,145866,632,0.256494,366.382108795,878.460006467,712.939800393,0.417073180,0.513903290
7,2770,7678440,2464,145866,668,0.271104,562.322253659,889.179270094,721.091057860,0.632405942,0.779821421
7,2770,7678440,2464,145866,706,0.286526,429.199604311,897.190117708,727.642017204,0.478382002,0.589849946
7,2770,7678440,2464,145866,746,0.302760,407.419696224,902.960383422,731.656155888,0.451204398,0.556845853
7,2770,7678440,2464,145866,788,0.319805,391.111782539,908.349359188,735.627960823,0.430574182,0.531670632
7,2770,7678440,2464,145866,832,0.337662,405.902018097,914.842902765,740.802355907,0.443684940,0.547922148
7,2770,7678440,2464,145866,879,0.356737,318.215346102,922.962463188,746.160495782,0.344776043,0.426470375
7,2770,7678440,2464,145866,929,0.377029,305.053592587,933.471257215,754.311078479,0.326794843,0.404413512
7,2770,7678440,2464,145866,981,0.398133,324.303190859,942.516627374,761.018380559,0.344082196,0.426143703
7,2770,7678440,2464,145866,1037,0.420860,480.913196761,951.635159540,767.701613006,0.505354591,0.626432443
7,2770,7678440,2464,145866,1095,0.444399,560.408449858,959.072090830,773.394002262,0.584323593,0.724609252
7,2770,7678440,2464,145866,1157,0.469562,451.675240224,966.861303242,779.445112744,0.467156187,0.579483062
7,2770,7678440,2464,145866,1222,0.495942,438.725200754,973.727165288,784.645408697,0.450562762,0.559138174
7,2770,7678440,2464,145866,1291,0.523945,403.466032835,982.479788448,791.208915905,0.410660899,0.509936156
7,2770,7678440,2464,145866,1364,0.553571,307.021057232,990.293337648,797.252001374,0.310030418,0.385099136
7,2770,7678440,2464,145866,1441,0.584821,282.247444456,1000.620146456,805.224906949,0.282072518,0.350520013
7,2770,7678440,2464,145866,1522,0.617695,394.594815991,1009.569170081,811.867122303,0.390854661,0.486033743
7,2770,7678440,2464,145866,1608,0.652597,564.437239430,1019.383147952,819.436077153,0.553704699,0.688811800
7,2770,7678440,2464,145866,1699,0.689529,608.614396209,1028.046983076,825.731270144,0.592010294,0.737061097
7,2770,7678440,2464,145866,1795,0.728490,532.712469127,1036.011709204,831.706610622,0.514195413,0.640505272
7,2770,7678440,2464,145866,1897,0.769886,469.917965804,1043.482675629,837.060727990,0.450336145,0.561390530
7,2770,7678440,2464,145866,2004,0.813312,391.046560344,1051.143751052,842.874340013,0.372020059,0.463944080
7,2770,7678440,2464,145866,2117,0.859172,436.623502219,1058.947446609,848.747440772,0.412318386,0.514432776
7,2770,7678440,2464,145866,2236,0.907468,266.265387060,1069.726014571,856.975857665,0.248909892,0.310703487
7,2770,7678440,2464,145866,2363,0.959010,443.025327830,1081.323540855,866.022908672,0.409706541,0.511563058
7,2770,7678440,2464,145866,2496,1.012987,467.501639443,1092.674997417,874.790196893,0.427850587,0.534415727
7,2770,7678440,2464,145866,2637,1.070211,354.647879530,1100.396655914,880.542769080,0.322290946,0.402760538
7,2770,7678440,2464,145866,2786,1.130682,600.970549507,1106.755626625,885.322529669,0.543002028,0.678815380
7,2770,7678440,2464,145866,2943,1.194399,527.714080604,1117.739469318,893.550871453,0.472126193,0.590580903
7,2770,7678440,2464,145866,3109,1.261769,285.016661815,1128.424298514,901.859727365,0.252579338,0.316032142
7,2770,7678440,2464,145866,3285,1.333198,145.334056060,1136.440062397,907.778214812,0.127885368,0.160098638
7,2770,7678440,2464,145866,3470,1.408279,249.291873092,1148.051816560,916.983632241,0.217143398,0.271860766
7,2770,7678440,2464,145866,3666,1.487825,390.272623948,1157.548105266,924.018847333,0.337154562,0.422364354
7,2770,7678440,2464,145866,3873,1.571834,430.912369482,1168.404946979,932.134604526,0.368803958,0.462285562
7,2770,7678440,2464,145866,4092,1.660714,529.987126992,1179.162015975,940.402072694,0.449460820,0.563575031
7,2770,7678440,2464,145866,4323,1.754464,414.164709963,1188.981125885,947.970812750,0.348335815,0.436896057
7,2770,7678440,2464,145866,4567,1.853490,407.792605643,1196.798293194,953.849380150,0.340736286,0.427523060
7,2770,7678440,2464,145866,4825,1.958198,305.440199895,1203.408389459,958.899484542,0.253812590,0.318532031
7,2770,7678440,2464,145866,5097,2.068588,414.710993107,1213.033393183,966.080011151,0.341879288,0.429271891
7,2770,7678440,2464,145866,5385,2.185471,273.773541341,1224.917476913,975.163048647,0.223503662,0.280746427
7,2770,7678440,2464,145866,5689,2.308847,309.976501992,1239.224092119,986.004108482,0.250137569,0.314376481
7,2770,7678440,2464,145866,6010,2.439123,342.945900027,1246.948416243,991.974712465,0.275028137,0.345720406
7,2770,7678440,2464,145866,6350,2.577110,473.096800825,1257.643776987,1000.235659869,0.376177110,0.472985337
7,2770,7678440,2464,145866,6708,2.722403,496.803830640,1268.027996095,1008.202706647,0.391792478,0.492761850
7,2770,7678440,2464,145866,7087,2.876218,479.699792168,1275.643840315,1013.951072407,0.376045238,0.473099546
7,2770,7678440,2464,145866,7487,3.038555,213.497488015,1284.871681996,1021.059690019,0.166162498,0.209094033
7,2770,7678440,2464,145866,7910,3.210227,335.130940597,1297.247057306,1030.677648594,0.258340105,0.325155921
7,2770,7678440,2464,145866,8357,3.391640,188.716276690,1309.850904353,1040.249900856,0.144074624,0.181414366
7,2770,7678440,2464,145866,8828,3.582792,285.810726581,1320.423762906,1048.401605674,0.216453789,0.272615689
7,2770,7678440,2464,145866,9327,3.785308,375.539610684,1331.174655519,1056.589894602,0.282111449,0.355426086
7,2770,7678440,2464,145866,9853,3.998782,654.339977521,1344.361913013,1066.682617223,0.486729036,0.613434556
7,2770,7678440,2464,145866,10410,4.224838,553.979382808,1354.371742683,1074.407112094,0.409030523,0.515614032
7,2770,7678440,2464,145866,10998,4.463474,446.399834548,1365.525573742,1082.833243729,0.326906975,0.412251690
7,2770,7678440,2464,145866,11619,4.715503,318.404634686,1373.688864557,1089.092522855,0.231788029,0.292357746
7,2770,7678440,2464,145866,12275,4.981737,274.824780795,1384.330657721,1097.229209789,0.198525388,0.250471623
7,2770,7678440,2464,145866,12968,5.262987,443.560144423,1396.795157537,1106.801707466,0.317555614,0.400758457
7,2770,7678440,2464,145866,13700,5.560065,396.888957008,1412.893725372,1119.138741829,0.280905032,0.354637850
7,2770,7678440,2464,145866,14473,5.873782,306.195831687,1429.117289813,1131.604584684,0.214255215,0.270585535
7,2770,7678440,2464,145866,15290,6.205357,440.859492983,1439.266442623,1139.479741492,0.306308464,0.386895420
7,2770,7678440,2464,145866,16154,6.556006,636.089455296,1449.664105096,1147.436294672,0.438784028,0.554357099
7,2770,7678440,2464,145866,17066,6.926136,555.950912228,1459.354577719,1154.907594941,0.380956706,0.481381294
7,2770,7678440,2464,145866,18029,7.316964,470.010617853,1472.498124349,1164.984336123,0.319192677,0.403448015
7,2770,7678440,2464,145866,19047,7.730114,161.160879559,1486.817416964,1176.051833093,0.108393188,0.137035524
7,2770,7678440,2464,145866,20123,8.166802,273.971174702,1499.973021752,1186.117288069,0.182650735,0.230981521
7,2770,7678440,2464,145866,21259,8.627841,187.080072454,1514.570192555,1197.348654557,0.123520239,0.156245277
7,2770,7678440,2464,145866,22459,9.114854,570.596494526,1529.922915769,1209.077632614,0.372957676,0.471927095
7,2770,7678440,2464,145866,23727,9.629464,604.073110737,1544.914405626,1220.665564747,0.391007494,0.494871919
7,2770,7678440,2464,145866,25067,10.173295,476.338416410,1556.452906207,1229.513902573,0.306041008,0.387420114
7,2770,7678440,2464,145866,26483,10.747971,374.471314152,1568.142417620,1238.516482975,0.238799302,0.302354728
7,2770,7678440,2464,145866,27978,11.354708,383.240689165,1576.673411741,1245.081415017,0.243069165,0.307803718
7,2770,7678440,2464,145866,29557,11.995536,309.663554030,1589.206359003,1254.752803907,0.194854213,0.246792478
7,2770,7678440,2464,145866,31226,12.672890,216.901245086,1602.169794817,1264.699651724,0.135379687,0.171504155
7,2770,7678440,2464,145866,32989,13.388393,331.194708744,1613.242359727,1273.186827500,0.205297553,0.260130486
7,2770,7678440,2464,145866,34852,14.144481,572.347954464,1630.563117079,1286.554082092,0.351012450,0.444868943
7,2770,7678440,2464,145866,36820,14.943182,477.754659239,1645.432507962,1298.028200184,0.290352024,0.368061849
7,2770,7678440,2464,145866,38899,15.786932,546.496203454,1654.397999381,1304.880543121,0.330329343,0.418809374
7,2770,7678440,2464,145866,41095,16.678166,455.720594763,1667.968696551,1315.366618053,0.273218913,0.346458994
7,2770,7678440,2464,145866,43416,17.620130,603.206671512,1680.482199571,1325.072240962,0.358948563,0.455225499
7,2770,7678440,2464,145866,45867,18.614854,373.928254487,1693.976851357,1335.494967957,0.220739884,0.279992260
7,2770,7678440,2464,145866,48457,19.665990,37.825264664,1708.631777061,1346.802477150,0.022137751,0.028085235
7,2770,7678440,2464,145866,51193,20.776380,324.781369321,1722.415343279,1357.435942671,0.188561586,0.239260918
7,2770,7678440,2464,145866,54083,21.949269,359.301970642,1738.840379548,1370.080667932,0.206633096,0.262248770
7,2770,7678440,2464,145866,57137,23.188718,741.136865086,1752.583307684,1380.651115908,0.422882531,0.536802424
7,2770,7678440,2464,145866,60363,24.497971,759.038416624,1767.285137045,1391.983831662,0.429494031,0.545292553
7,2770,7678440,2464,145866,63771,25.881088,708.946578487,1782.653745401,1403.883776238,0.397691689,0.504989509
7,2770,7678440,2464,145866,67372,27.342532,417.372967990,1789.799455582,1409.381563022,0.233195382,0.296139086
7,2770,7678440,2464,145866,71176,28.886364,373.295711836,1795.755040114,1413.976351694,0.207876745,0.264004212
7,2770,7678440,2464,145866,75194,30.517045,403.322550139,1806.287588512,1422.105005786,0.223288115,0.283609543
7,2770,7678440,2464,145866,79440,32.240260,486.191995646,1822.366587127,1434.492497490,0.266791544,0.338929619
7,2770,7678440,2464,145866,83925,34.060471,581.603801696,1838.942366371,1447.317852876,0.316270815,0.401849394
7,2770,7678440,2464,145866,88664,35.983766,462.281432938,1851.014608071,1456.657782718,0.249744886,0.317357610
7,2770,7678440,2464,145866,93670,38.015422,713.005886070,1861.095657181,1464.446252839,0.383110821,0.486877470
7,2770,7678440,2464,145866,98959,40.161932,742.610682037,1872.208702207,1473.031269673,0.396649519,0.504137758
7,2770,7678440,2464,145866,104546,42.429383,572.091592012,1881.472362447,1480.201932807,0.304065903,0.386495639
7,2770,7678440,2464,145866,110449,44.825081,523.224115278,1894.150893160,1490.010525299,0.276231486,0.351154644
7,2770,7678440,2464,145866,116685,47.355925,319.465530286,1908.783535435,1501.288980896,0.167366034,0.212794162
7,2770,7678440,2464,145866,123274,50.030032,453.740934218,1922.085975439,1511.559441088,0.236066929,0.300180676
7,2770,7678440,2464,145866,130234,52.854708,517.957927468,1934.344373585,1521.062356041,0.267769242,0.340523796
7,2770,7678440,2464,145866,137587,55.838880,754.139465546,1953.106959094,1535.536333643,0.386122973,0.491124468
7,3113,9696995,3112,173771,3,0.000964,107.066395962,324.374445483,324.374445483,0.330070378,0.330070378
7,3113,9696995,3112,173771,3,0.000964,107.066395962,324.374445483,324.374445483,0.330070378,0.330070378
7,3113,9696995,3112,173771,3,0.000964,107.066395962,324.374445483,324.374445483,0.330070378,0.330070378
7,3113,9696995,3112,173771,4,0.001285,107.066395962,359.729467557,324.374445483,0.297630318,0.330070378
7,3113,9696995,3112,173771,4,0.001285,107.066395962,359.729467557,324.374445483,0.297630318,0.330070378
7,3113,9696995,3112,173771,4,0.001285,107.066395962,359.729467557,324.374445483,0.297630318,0.330070378
7,3113,9696995,3112,173771,4,0.001285,107.066395962,359.729467557,324.374445483,0.297630318,0.330070378
7,3113,9696995,3112,173771,5,0.001607,216.555584370,376.022834689,342.354587030,0.575910728,0.632547635
7,3113,9696995,3112,173771,5,0.001607,216.555584370,376.022834689,342.354587030,0.575910728,0.632547635
7,3113,9696995,3112,173771,5,0.001607,216.555584370,376.022834689,342.354587030,0.575910728,0.632547635
7,3113,9696995,3112,173771,5,0.001607,216.555584370,376.022834689,342.354587030,0.575910728,0.632547635
7,3113,9696995,3112,173771,6,0.001928,78.557341392,400.545487145,369.120818060,0.196125893,0.212822842
7,3113,9696995,3112,173771,6,0.001928,78.557341392,400.545487145,369.120818060,0.196125893,0.212822842
7,3113,9696995,3112,173771,6,0.001928,78.557341392,400.545487145,369.120818060,0.196125893,0.212822842
7,3113,9696995,3112,173771,7,0.002249,200.647539049,418.739422118,388.788110272,0.479170406,0.516084555
7,3113,9696995,3112,173771,7,0.002249,200.647539049,418.739422118,388.788110272,0.479170406,0.516084555
7,3113,9696995,3112,173771,7,0.002249,200.647539049,418.739422118,388.788110272,0.479170406,0.516084555
7,3113,9696995,3112,173771,8,0.002571,200.647539049,429.885279859,388.788110272,0.466746708,0.516084555
7,3113,9696995,3112,173771,8,0.002571,200.647539049,429.885279859,388.788110272,0.466746708,0.516084555
7,3113,9696995,3112,173771,9,0.002892,200.647539049,449.915240343,388.788110272,0.445967420,0.516084555
7,3113,9696995,3112,173771,9,0.002892,200.647539049,449.915240343,388.788110272,0.445967420,0.516084555
7,3113,9696995,3112,173771,10,0.003213,96.837445594,461.736135683,402.408660682,0.209724642,0.240644536
7,3113,9696995,3112,173771,10,0.003213,96.837445594,461.736135683,402.408660682,0.209724642,0.240644536
7,3113,9696995,3112,173771,11,0.003535,162.748380122,466.416670249,407.770746232,0.348933455,0.399117351
7,3113,9696995,3112,173771,12,0.003856,162.748380122,475.140240063,407.770746232,0.342527040,0.399117351
7,3113,9696995,3112,173771,12,0.003856,162.748380122,475.140240063,407.770746232,0.342527040,0.399117351
7,3113,9696995,3112,173771,13,0.004177,275.284730729,488.285447188,423.014670775,0.563778282,0.650768755
7,3113,9696995,3112,173771,14,0.004499,183.586509733,496.821136496,432.839433768,0.369522342,0.424144603
7,3113,9696995,3112,173771,14,0.004499,183.586509733,496.821136496,432.839433768,0.369522342,0.424144603
7,3113,9696995,3112,173771,15,0.004820,86.226183994,506.270949885,443.654154103,0.170316278,0.194354506
7,3113,9696995,3112,173771,16,0.005141,86.226183994,510.716323103,443.654154103,0.168833813,0.194354506
7,3113,9696995,3112,173771,17,0.005463,177.851912199,518.870346766,453.016867812,0.342767540,0.392594459
7,3113,9696995,3112,173771,18,0.005784,177.851912199,523.248741772,453.016867812,0.339899360,0.392594459
7,3113,9696995,3112,173771,19,0.006105,250.576849125,528.278489262,458.817173799,0.474327186,0.546136595
7,3113,9696995,3112,173771,20,0.006427,250.576849125,533.339527178,458.817173799,0.469826136,0.546136595
7,3113,9696995,3112,173771,21,0.006748,158.119049485,541.294278525,468.040215886,0.292112915,0.337832186
7,3113,9696995,3112,173771,22,0.007069,90.755608831,545.469824189,472.863063501,0.166380622,0.191927887
7,3113,9696995,3112,173771,24,0.007712,175.034793147,557.388566672,480.314956807,0.314026522,0.364416703
7,3113,9696995,3112,173771,25,0.008033,175.034793147,563.213107990,480.314956807,0.310778976,0.364416703
7,3113,9696995,3112,173771,27,0.008676,101.273077661,569.680181539,485.945725780,0.177771811,0.208404092
7,3113,9696995,3112,173771,28,0.008997,101.273077661,572.456132975,485.945725780,0.176909761,0.208404092
7,3113,9696995,3112,173771,30,0.009640,213.400647966,577.929764977,492.382003600,0.369250142,0.433404646
7,3113,9696995,3112,173771,31,0.009961,293.775378569,583.491997002,498.898922417,0.503477991,0.588847491
7,3113,9696995,3112,173771,33,0.010604,218.336325278,594.298553902,504.570297927,0.367384918,0.432717356
7,3113,9696995,3112,173771,35,0.011247,115.407900382,598.741366322,509.795682726,0.192750838,0.226380694
7,3113,9696995,3112,173771,37,0.011889,185.425301090,605.049413559,514.581455678,0.306463071,0.360341981
7,3113,9696995,3112,173771,39,0.012532,82.195119284,609.438598089,519.735208083,0.134870222,0.158148068
7,3113,9696995,3112,173771,41,0.013175,143.572684948,615.520337469,523.346818170,0.233254169,0.274335641
7,3113,9696995,3112,173771,43,0.013817,231.967745674,618.752402100,527.144326874,0.374895911,0.440045987
7,3113,9696995,3112,173771,46,0.014781,187.747289072,624.711762748,528.995831872,0.300534263,0.354912606
7,3113,9696995,3112,173771,48,0.015424,243.784519998,629.324974647,531.955600955,0.387374615,0.458279826
7,3113,9696995,3112,173771,51,0.016388,196.483313591,634.724169757,534.054459316,0.309557006,0.367908759
7,3113,9696995,3112,173771,54,0.017352,250.586819864,641.080554592,536.787998102,0.390881954,0.466826421
7,3113,9696995,3112,173771,57,0.018316,121.098206464,650.208499658,544.541487627,0.186245191,0.222385639
7,3113,9696995,3112,173771,60,0.019280,115.292213409,655.523358593,549.071633226,0.175878116,0.209976634
7,3113,9696995,3112,173771,64,0.020566,120.524063089,660.995609796,552.584795516,0.182337161,0.218109626
7,3113,9696995,3112,173771,67,0.021530,173.948567711,666.245656703,558.854216358,0.261087732,0.311259292
7,3113,9696995,3112,173771,71,0.022815,209.820829448,670.774922436,563.098176786,0.312803628,0.372618556
7,3113,9696995,3112,173771,75,0.024100,210.067533845,676.926946206,566.751376106,0.310325265,0.370652005
7,3113,9696995,3112,173771,80,0.025707,254.955975413,684.904503693,571.819228015,0.372250400,0.445868140
7,3113,9696995,3112,173771,84,0.026992,258.895665048,692.565643741,576.125030140,0.373821121,0.449374097
7,3113,9696995,3112,173771,89,0.028599,155.611155142,700.579908279,583.976850639,0.222117639,0.266468020
7,3113,9696995,3112,173771,94,0.030206,36.057916389,706.634264236,588.054242620,0.051027693,0.061317331
7,3113,9696995,3112,173771,99,0.031812,39.467567419,711.593336371,590.182202699,0.055463655,0.066873530
7,3113,9696995,3112,173771,105,0.033740,187.476266720,717.191196259,594.921208398,0.261403469,0.315127893
7,3113,9696995,3112,173771,111,0.035668,235.654455055,724.907108228,602.560797635,0.325082279,0.391088262
7,3113,9696995,3112,173771,117,0.037596,279.405285326,730.605682998,606.392976394,0.382429663,0.460766032
7,3113,9696995,3112,173771,123,0.039524,127.420250163,736.827172883,611.164776669,0.172930987,0.208487555
7,3113,9696995,3112,173771,130,0.041774,165.478256807,743.625829189,614.850585793,0.222528926,0.269135723
7,3113,9696995,3112,173771,138,0.044344,225.288765389,752.535746265,621.571525070,0.299372842,0.362450267
7,3113,9696995,3112,173771,145,0.046594,127.077354856,759.551251722,627.711388961,0.167305833,0.202445514
7,3113,9696995,3112,173771,154,0.049486,198.429258967,767.449776937,632.204628618,0.258556670,0.313868722
7,3113,9696995,3112,173771,162,0.052057,109.698441060,771.719285489,635.561258450,0.142148114,0.172600893
7,3113,9696995,3112,173771,172,0.055270,185.273451615,776.479581603,637.951454283,0.238606985,0.290419358
7,3113,9696995,3112,173771,181,0.058162,259.366627696,783.676759223,643.751946962,0.330961235,0.402898397
7,3113,9696995,3112,173771,191,0.061375,298.182962042,791.197902762,649.958966658,0.376875319,0.458771980
7,3113,9696995,3112,173771,202,0.064910,329.381883110,799.765751861,656.526061711,0.411847947,0.501704201
7,3113,9696995,3112,173771,214,0.068766,117.713419343,808.726795576,663.913826849,0.145553999,0.177302256
7,3113,9696995,3112,173771,226,0.072622,7.401303843,813.985536552,668.470657343,0.009092672,0.011071995
7,3113,9696995,3112,173771,239,0.076799,152.319817603,821.512242782,674.773692993,0.185413935,0.225734671
7,3113,9696995,3112,173771,252,0.080977,186.238720222,828.672625537,678.034269999,0.224743420,0.274674494
7,3113,9696995,3112,173771,266,0.085476,179.633957589,834.995319075,683.585199871,0.215131694,0.262782105
7,3113,9696995,3112,173771,281,0.090296,237.342000199,841.282140411,687.796358324,0.282119385,0.345075977
7,3113,9696995,3112,173771,297,0.095437,307.234338172,848.039017178,692.218183403,0.362287975,0.443840317
7,3113,9696995,3112,173771,314,0.100900,173.795515347,858.042433574,700.706543831,0.202548858,0.248028960
7,3113,9696995,3112,173771,332,0.106684,102.209300513,866.620206208,706.963094487,0.117940131,0.144575157
7,3113,9696995,3112,173771,350,0.112468,74.817805986,874.042572587,711.288271619,0.085599727,0.105186334
7,3113,9696995,3112,173771,370,0.118895,156.296699674,881.454164496,716.115355047,0.177316877,0.218256317
7,3113,9696995,3112,173771,391,0.125643,134.466946725,889.343222064,722.074456055,0.151198034,0.186223104
7,3113,9696995,3112,173771,413,0.132712,91.577638904,894.387455370,726.227184007,0.102391462,0.126100538
7,3113,9696995,3112,173771,436,0.140103,221.549354071,900.469511169,730.765373925,0.246037596,0.303174400
7,3113,9696995,3112,173771,461,0.148136,216.586320923,908.969424981,737.209003730,0.238276795,0.293792289
7,3113,9696995,3112,173771,487,0.156491,195.766012698,918.356367948,744.912335957,0.213169984,0.262804096
7,3113,9696995,3112,173771,515,0.165488,115.043718801,929.596046831,753.411599120,0.123756678,0.152697037
7,3113,9696995,3112,173771,544,0.174807,20.518278056,935.897906548,757.851871409,0.021923629,0.027074259
7,3113,9696995,3112,173771,574,0.184447,-41.471168724,943.791599929,764.029740663,0.043941023,0.054279521
7,3113,9696995,3112,173771,607,0.195051,36.714548135,950.331971911,768.538417402,0.038633393,0.047771910
7,3113,9696995,3112,173771,641,0.205977,63.751558518,956.578134751,772.888183901,0.066645427,0.082484840
7,3113,9696995,3112,173771,677,0.217545,265.422262346,966.751446144,780.911284512,0.274550675,0.339887856
7,3113,9696995,3112,173771,715,0.229756,136.546976288,975.068507929,787.814505541,0.140038341,0.173323765
7,3113,9696995,3112,173771,756,0.242931,91.471701684,982.434899241,792.681333105,0.093107138,0.115395302
7,3113,9696995,3112,173771,799,0.256748,28.933127926,992.036058996,800.722234606,0.029165399,0.036133789
7,3113,9696995,3112,173771,844,0.271208,86.086698957,1003.940701369,809.376390052,0.085748789,0.106361762
7,3113,9696995,3112,173771,891,0.286311,79.309473777,1012.685534854,815.313929478,0.078315994,0.097274769
7,3113,9696995,3112,173771,942,0.302699,20.128838262,1019.276578499,820.626573490,0.019748161,0.024528621
7,3113,9696995,3112,173771,995,0.319730,24.866619976,1025.316648193,825.196587265,0.024252625,0.030134177
7,3113,9696995,3112,173771,1051,0.337725,151.501049035,1032.679333256,830.812265813,0.146706770,0.182352928
7,3113,9696995,3112,173771,1110,0.356684,287.710576184,1041.671202682,837.277539535,0.276200950,0.343626292
7,3113,9696995,3112,173771,1173,0.376928,129.172638789,1053.308942616,846.393648797,0.122635092,0.152615321
7,3113,9696995,3112,173771,1239,0.398136,68.524078570,1063.449002972,854.130501235,0.064435698,0.080226708
7,3113,9696995,3112,173771,1309,0.420630,67.371884380,1073.545322308,862.046257424,0.062756442,0.078153445
7,3113,9696995,3112,173771,1383,0.444409,-68.276575716,1081.997332895,868.589684862,0.063102351,0.078606247
7,3113,9696995,3112,173771,1461,0.469473,-7.746275882,1090.614658423,874.929216426,0.007102670,0.008853603
7,3113,9696995,3112,173771,1544,0.496144,45.184537128,1098.328356757,880.904153211,0.041139370,0.051293364
7,3113,9696995,3112,173771,1631,0.524100,270.091000840,1108.102951922,888.497162097,0.243741793,0.303986340
7,3113,9696995,3112,173771,1723,0.553663,204.206584056,1116.868660407,894.798948721,0.182838494,0.228215047
7,3113,9696995,3112,173771,1820,0.584833,111.812336655,1128.313851155,903.204347435,0.099096840,0.123795171
7,3113,9696995,3112,173771,1923,0.617931,89.840276974,1138.402018571,910.826471590,0.078917883,0.098635997
7,3113,9696995,3112,173771,2031,0.652635,4.419514503,1149.370954364,919.376922804,0.003845159,0.004807076
7,3113,9696995,3112,173771,2146,0.689589,91.763543425,1159.057576497,926.758698847,0.079170824,0.099015573
7,3113,9696995,3112,173771,2267,0.728470,-48.623913993,1167.911018035,933.535201628,0.041633235,0.052085785
7,3113,9696995,3112,173771,2395,0.769602,150.680288556,1176.211173526,939.856263519,0.128106493,0.160322694
7,3113,9696995,3112,173771,2531,0.813303,55.882513552,1184.882039526,946.533599959,0.047162934,0.059039123
7,3113,9696995,3112,173771,2673,0.858933,-59.564617575,1193.580950880,953.046542567,0.049904129,0.062499170
7,3113,9696995,3112,173771,2824,0.907455,336.385200337,1205.733291204,962.307281910,0.278988067,0.349561109
7,3113,9696995,3112,173771,2984,0.958869,174.178371339,1218.675467427,972.081517490,0.142924327,0.179180828
7,3113,9696995,3112,173771,3152,1.012853,-78.099769994,1231.388347702,982.006648271,0.063424159,0.079530796
7,3113,9696995,3112,173771,3330,1.070051,-197.608445505,1240.081010714,988.611102145,0.159351239,0.199884914
7,3113,9696995,3112,173771,3518,1.130463,-113.201769869,1247.215334623,994.091653565,0.090763613,0.113874580
7,3113,9696995,3112,173771,3717,1.194409,81.388944035,1259.562777751,1003.387682221,0.064616822,0.081114155
7,3113,9696995,3112,173771,3927,1.261889,164.380713269,1271.517758616,1012.339108940,0.129279133,0.162377124
7,3113,9696995,3112,173771,4149,1.333226,178.318129701,1280.472883633,1019.187146152,0.139259591,0.174961125
7,3113,9696995,3112,173771,4383,1.408419,134.452190270,1293.528135940,1029.141796219,0.103942223,0.130644961
7,3113,9696995,3112,173771,4630,1.487789,29.782763175,1304.158478955,1037.258276061,0.022836767,0.028712968
7,3113,9696995,3112,173771,4892,1.571979,-203.747255384,1316.383057148,1046.711448669,0.154778090,0.194654654
7,3113,9696995,3112,173771,5168,1.660668,67.669072085,1328.412799242,1055.734040613,0.050939792,0.064096704
7,3113,9696995,3112,173771,5460,1.754499,-40.854181099,1339.415658433,1064.152848583,0.030501496,0.038391272
7,3113,9696995,3112,173771,5768,1.853470,-33.095509914,1348.177088847,1070.822402041,0.024548340,0.030906628
7,3113,9696995,3112,173771,6094,1.958226,61.449295207,1355.587787045,1076.564500205,0.045330369,0.057079065
7,3113,9696995,3112,173771,6438,2.068766,192.138299649,1366.393200758,1084.815546214,0.140617137,0.177116101
7,3113,9696995,3112,173771,6801,2.185411,196.517407106,1379.697640207,1095.126543320,0.142435126,0.179447214
7,3113,9696995,3112,173771,7185,2.308805,59.245372480,1395.731702714,1107.145300958,0.042447537,0.053511831
7,3113,9696995,3112,173771,7591,2.439267,138.071496615,1404.403100980,1113.846086676,0.098313295,0.123959224
7,3113,9696995,3112,173771,8020,2.577121,84.031435285,1416.375483348,1123.072349126,0.059328502,0.074822816
7,3113,9696995,3112,173771,8472,2.722365,-112.548738015,1428.016943847,1132.018366694,0.078814708,0.099423067
7,3113,9696995,3112,173771,8951,2.876285,-23.562514405,1436.568538632,1138.697178213,0.016401942,0.020692520
7,3113,9696995,3112,173771,9456,3.038560,164.762896370,1446.902981097,1146.535819998,0.113872802,0.143704971
7,3113,9696995,3112,173771,9990,3.210154,239.881472987,1460.768763711,1157.160350206,0.164215911,0.207301843
7,3113,9696995,3112,173771,10554,3.391388,190.740074651,1474.895270313,1167.926298162,0.129324487,0.163315164
7,3113,9696995,3112,173771,11150,3.582905,36.460057660,1486.768376600,1176.984754699,0.024523025,0.030977511
7,3113,9696995,3112,173771,11780,3.785347,-297.550823740,1498.816041930,1186.200438951,0.198523912,0.250843630
7,3113,9696995,3112,173771,12445,3.999036,-89.880377039,1513.616150738,1197.619234452,0.059381222,0.075049210
7,3113,9696995,3112,173771,13147,4.224614,75.511963617,1524.822301368,1206.253430961,0.049521812,0.062600414
7,3113,9696995,3112,173771,13890,4.463368,54.522307300,1537.334208511,1215.763533384,0.035465488,0.044846145
7,3113,9696995,3112,173771,14674,4.715296,0.095135629,1546.486408113,1222.859610554,0.000061517,0.000077798
7,3113,9696995,3112,173771,15503,4.981684,84.371093534,1558.431421876,1232.076639953,0.054138470,0.068478771
7,3113,9696995,3112,173771,16378,5.262853,208.072904911,1572.420552414,1242.802720791,0.132326498,0.167422312
7,3113,9696995,3112,173771,17303,5.560090,98.864672798,1590.491809763,1256.720934935,0.062159813,0.078668756
7,3113,9696995,3112,173771,18280,5.874036,130.694885652,1608.695058350,1270.745127561,0.081242797,0.102849016
7,3113,9696995,3112,173771,19312,6.205656,-287.250970862,1620.077300318,1279.492329536,0.177306954,0.224503863
7,3113,9696995,3112,173771,20402,6.555913,-132.209016995,1631.729436215,1288.484408708,0.081023860,0.102608162
7,3113,9696995,3112,173771,21554,6.926093,-92.295581107,1642.609361501,1296.860019556,0.056188393,0.071168499
7,3113,9696995,3112,173771,22771,7.317159,113.691226572,1657.376828697,1308.203555347,0.068597089,0.086906373
7,3113,9696995,3112,173771,24057,7.730398,287.796344755,1673.439469811,1320.588689681,0.171978939,0.217930342
7,3113,9696995,3112,173771,25415,8.166774,-11.787735695,1688.193928633,1331.926358788,0.006982454,0.008850141
7,3113,9696995,3112,173771,26850,8.627892,28.029416391,1704.575429625,1344.577493272,0.016443635,0.020846263
7,3113,9696995,3112,173771,28366,9.115039,-70.307827106,1721.809504895,1357.886497991,0.040833685,0.051777396
7,3113,9696995,3112,173771,29968,9.629820,-161.380705870,1738.625149335,1370.879029556,0.092820874,0.117720603
7,3113,9696995,3112,173771,31660,10.173522,-311.194513700,1751.581127523,1380.813026813,0.177664916,0.225370494
7,3113,9696995,3112,173771,33447,10.747751,-60.290144849,1764.674350141,1390.911515110,0.034165026,0.043345780
7,3113,9696995,3112,173771,35336,11.354756,57.641726582,1774.257687351,1398.275894443,0.032487799,0.041223429
7,3113,9696995,3112,173771,37331,11.995823,77.421592171,1788.329912583,1409.143915372,0.043292679,0.054942289
7,3113,9696995,3112,173771,39439,12.673201,22.086356472,1802.875552004,1420.341037256,0.012250627,0.015550038
7,3113,9696995,3112,173771,41665,13.388496,17.826060313,1815.302686801,1429.942888226,0.009819883,0.012466274
7,3113,9696995,3112,173771,44018,14.144602,-28.743303902,1834.751848272,1445.037271224,0.015666044,0.019891047
7,3113,9696995,3112,173771,46503,14.943123,-301.256373608,1851.423647612,1457.916613551,0.162716067,0.206634845
7,3113,9696995,3112,173771,49129,15.786954,-455.522593753,1861.480640142,1465.690277152,0.244709821,0.310790486
7,3113,9696995,3112,173771,51903,16.678342,-185.161899259,1876.723704506,1477.446232234,0.098662312,0.125325643
7,3113,9696995,3112,173771,54833,17.619859,-187.083203804,1890.764114377,1488.283729807,0.098945819,0.125703990
7,3113,9696995,3112,173771,57929,18.614717,147.307596801,1905.909503160,1499.968118513,0.077289922,0.098207152
7,3113,9696995,3112,173771,61200,19.665810,116.518186116,1922.360604868,1512.669833152,0.060612034,0.077028168
7,3113,9696995,3112,173771,64656,20.776350,-69.668673190,1937.838396219,1524.608502368,0.035951746,0.045696107
7,3113,9696995,3112,173771,68306,21.949229,-296.872106252,1956.270694426,1538.879681260,0.151754104,0.192914436
7,3113,9696995,3112,173771,72163,23.188625,-248.472462762,1971.705929237,1550.813303565,0.126019027,0.160220745
7,3113,9696995,3112,173771,76237,24.497751,-111.001703418,1988.206497252,1563.535622096,0.055830068,0.070994035
7,3113,9696995,3112,173771,80542,25.881105,-168.854228672,2005.457366594,1576.841165922,0.084197366,0.107083854
7,3113,9696995,3112,173771,85089,27.342224,-143.257819403,2013.466205873,1583.049538218,0.071149850,0.090494843
7,3113,9696995,3112,173771,89894,28.886247,-98.992348551,2020.157113593,1588.228531893,0.049002302,0.062328781
7,3113,9696995,3112,173771,94969,30.517031,268.135194409,2031.991792988,1597.404616313,0.131956829,0.167856779
7,3113,9696995,3112,173771,100332,32.240360,-74.878574295,2050.055948789,1611.350687141,0.036525137,0.046469446
7,3113,9696995,3112,173771,105997,34.060733,-83.102356664,2068.651111245,1625.748705107,0.040172244,0.051116360
7,3113,9696995,3112,173771,111981,35.983612,-250.157738651,2082.199986203,1636.225176261,0.120141072,0.152887110
7,3113,9696995,3112,173771,118304,38.015424,-389.634592462,2093.518034155,1644.962232243,0.186114753,0.236865373
7,3113,9696995,3112,173771,124984,40.161954,-247.441057605,2105.997095841,1654.637075022,0.117493542,0.149544007
7,3113,9696995,3112,173771,132041,42.429627,-174.707282026,2116.387787096,1662.684970812,0.082549750,0.105075396
7,3113,9696995,3112,173771,139496,44.825193,117.799145199,2130.637333707,1673.706784980,0.055288220,0.070382188
7,3113,9696995,3112,173771,147372,47.356041,-23.237179714,2147.067527334,1686.424882595,0.010822752,0.013778959
7,3113,9696995,3112,173771,155693,50.029884,11.927215046,2161.991324077,1697.973114447,0.005516773,0.007024384
7,3113,9696995,3112,173771,164484,52.854756,-199.630506591,2175.775411344,1708.627865996,0.091751431,0.116836738
7,3113,9696995,3112,173771,173771,55.839010,-468.914649773,2196.829180292,1724.941319105,0.213450665,0.271843827
8,3114,9703224,649,173855,1,0.001541,-243.619220864,243.619220864,243.619220864,1.000000000,1.000000000
8,3114,9703224,649,173855,1,0.001541,-243.619220864,243.619220864,243.619220864,1.000000000,1.000000000
8,3114,9703224,649,173855,1,0.001541,-243.619220864,243.619220864,243.619220864,1.000000000,1.000000000
8,3114,9703224,649,173855,1,0.001541,-243.619220864,243.619220864,243.619220864,1.000000000,1.000000000
8,3114,9703224,649,173855,1,0.001541,-243.619220864,243.619220864,243.619220864,1.000000000,1.000000000
8,3114,9703224,649,173855,1,0.001541,-243.619220864,243.619220864,243.619220864,1.000000000,1.000000000
8,3114,9703224,649,173855,1,0.001541,-243.619220864,243.619220864,243.619220864,1.000000000,1.000000000
8,3114,9703224,649,173855,1,0.001541,-243.619220864,243.619220864,243.619220864,1.000000000,1.000000000
8,3114,9703224,649,173855,1,0.001541,-243.619220864,243.619220864,243.619220864,1.000000000,1.000000000
8,3114,9703224,649,173855,1,0.001541,-243.619220864,243.619220864,243.619220864,1.000000000,1.000000000
8,3114,9703224,649,173855,1,0.001541,-243.619220864,243.619220864,243.619220864,1.000000000,1.000000000
8,3114,9703224,649,173855,1,0.001541,-243.619220864,243.619220864,243.619220864,1.000000000,1.000000000
8,3114,9703224,649,173855,1,0.001541,-243.619220864,243.619220864,243.619220864,1.000000000,1.000000000
8,3114,9703224,649,173855,1,0.001541,-243.619220864,243.619220864,243.619220864,1.000000000,1.000000000
8,3114,9703224,649,173855,1,0.001541,-243.619220864,243.619220864,243.619220864,1.000000000,1.000000000
8,3114,9703224,649,173855,2,0.003082,-38.909516088,318.208089155,318.208089155,0.122276955,0.122276955
8,3114,9703224,649,173855,2,0.003082,-38.909516088,318.208089155,318.208089155,0.122276955,0.122276955
8,3114,9703224,649,173855,2,0.003082,-38.909516088,318.208089155,318.208089155,0.122276955,0.122276955
8,3114,9703224,649,173855,2,0.003082,-38.909516088,318.208089155,318.208089155,0.122276955,0.122276955
8,3114,9703224,649,173855,2,0.003082,-38.909516088,318.208089155,318.208089155,0.122276955,0.122276955
8,3114,9703224,649,173855,2,0.003082,-38.909516088,318.208089155,318.208089155,0.122276955,0.122276955
8,3114,9703224,649,173855,2,0.003082,-38.909516088,318.208089155,318.208089155,0.122276955,0.122276955
8,3114,9703224,649,173855,2,0.003082,-38.909516088,318.208089155,318.208089155,0.122276955,0.122276955
8,3114,9703224,649,173855,3,0.004622,67.787867800,335.619903659,335.619903659,0.201978092,0.201978092
8,3114,9703224,649,173855,3,0.004622,67.787867800,335.619903659,335.619903659,0.201978092,0.201978092
8,3114,9703224,649,173855,3,0.004622,67.787867800,335.619903659,335.619903659,0.201978092,0.201978092
8,3114,9703224,649,173855,3,0.004622,67.787867800,335.619903659,335.619903659,0.201978092,0.201978092
8,3114,9703224,649,173855,3,0.004622,67.787867800,335.619903659,335.619903659,0.201978092,0.201978092
8,3114,9703224,649,173855,3,0.004622,67.787867800,335.619903659,335.619903659,0.201978092,0.201978092
8,3114,9703224,649,173855,4,0.006163,67.787867800,370.313322104,335.619903659,0.183055439,0.201978092
8,3114,9703224,649,173855,4,0.006163,67.787867800,370.313322104,335.619903659,0.183055439,0.201978092
8,3114,9703224,649,173855,4,0.006163,67.787867800,370.313322104,335.619903659,0.183055439,0.201978092
8,3114,9703224,649,173855,4,0.006163,67.787867800,370.313322104,335.619903659,0.183055439,0.201978092
8,3114,9703224,649,173855,5,0.007704,171.268351743,384.499892178,351.210663690,0.445431469,0.487651343
8,3114,9703224,649,173855,5,0.007704,171.268351743,384.499892178,351.210663690,0.445431469,0.487651343
8,3114,9703224,649,173855,5,0.007704,171.268351743,384.499892178,351.210663690,0.445431469,0.487651343
8,3114,9703224,649,173855,5,0.007704,171.268351743,384.499892178,351.210663690,0.445431469,0.487651343
8,3114,9703224,649,173855,6,0.009245,29.591867227,409.771147532,378.709858010,0.072215595,0.078138624
8,3114,9703224,649,173855,6,0.009245,29.591867227,409.771147532,378.709858010,0.072215595,0.078138624
8,3114,9703224,649,173855,6,0.009245,29.591867227,409.771147532,378.709858010,0.072215595,0.078138624
8,3114,9703224,649,173855,7,0.010786,145.545628533,425.861090158,396.063670784,0.341767848,0.367480381
8,3114,9703224,649,173855,7,0.010786,145.545628533,425.861090158,396.063670784,0.341767848,0.367480381
8,3114,9703224,649,173855,8,0.012327,145.545628533,436.299436514,396.063670784,0.333591145,0.367480381
8,3114,9703224,649,173855,8,0.012327,145.545628533,436.299436514,396.063670784,0.333591145,0.367480381
8,3114,9703224,649,173855,9,0.013867,145.545628533,456.307774214,396.063670784,0.318963727,0.367480381
8,3114,9703224,649,173855,9,0.013867,145.545628533,456.307774214,396.063670784,0.318963727,0.367480381
8,3114,9703224,649,173855,10,0.015408,45.541687349,467.137638240,408.493842754,0.097490940,0.111486839
8,3114,9703224,649,173855,10,0.015408,45.541687349,467.137638240,408.493842754,0.097490940,0.111486839
8,3114,9703224,649,173855,11,0.016949,118.797416743,472.846671712,415.010387167,0.251238771,0.286251671
8,3114,9703224,649,173855,12,0.018490,118.797416743,481.496642960,415.010387167,0.246725327,0.286251671
8,3114,9703224,649,173855,12,0.018490,118.797416743,481.496642960,415.010387167,0.246725327,0.286251671
8,3114,9703224,649,173855,13,0.020031,226.755694539,493.451119085,428.822353897,0.459530206,0.528787020
8,3114,9703224,649,173855,14,0.021572,132.968502171,502.284823958,438.958595603,0.264727294,0.302918096
8,3114,9703224,649,173855,15,0.023112,30.590799262,512.612171560,450.739218070,0.059676303,0.067868067
8,3114,9703224,649,173855,16,0.024653,30.590799262,517.568074053,450.739218070,0.059104881,0.067868067
8,3114,9703224,649,173855,17,0.026194,115.829930089,524.540199320,458.728189815,0.220821836,0.252502315
8,3114,9703224,649,173855,18,0.027735,115.829930089,529.038395937,458.728189815,0.218944279,0.252502315
8,3114,9703224,649,173855,19,0.029276,190.510721443,534.283487460,464.767439402,0.356572355,0.409905482
8,3114,9703224,649,173855,20,0.030817,190.510721443,539.966087564,464.767439402,0.352819790,0.409905482
8,3114,9703224,649,173855,21,0.032357,91.282303778,549.007882085,475.242097883,0.166267747,0.192075374
8,3114,9703224,649,173855,22,0.033898,24.143944026,553.097833969,479.961051493,0.043652212,0.050303965
8,3114,9703224,649,173855,24,0.036980,107.346291389,564.715275059,487.119329895,0.190089229,0.220369599
8,3114,9703224,649,173855,25,0.038521,107.346291389,570.802443071,487.119329895,0.188062074,0.220369599
8,3114,9703224,649,173855,26,0.040062,33.955706628,575.501178928,492.616909463,0.059001976,0.068929235
8,3114,9703224,649,173855,28,0.043143,33.955706628,579.379433718,492.616909463,0.058607028,0.068929235
8,3114,9703224,649,173855,30,0.046225,147.223335793,584.904910527,499.103842534,0.251704735,0.294975360
8,3114,9703224,649,173855,32,0.049307,227.482798959,596.653498799,505.515802977,0.381264502,0.450001360
8,3114,9703224,649,173855,33,0.050847,150.033189946,601.659238743,511.414380905,0.249365721,0.293369126
8,3114,9703224,649,173855,36,0.055470,43.412683748,608.488259416,516.941980629,0.071345146,0.083979799
8,3114,9703224,649,173855,38,0.058552,58.097454347,614.704495824,524.244853743,0.094512818,0.110821220
8,3114,9703224,649,173855,40,0.061633,8.694281410,619.624399008,526.567507706,0.014031535,0.016511238
8,3114,9703224,649,173855,42,0.064715,110.198972309,624.034678363,531.750151975,0.176591103,0.207238253
8,3114,9703224,649,173855,45,0.069337,160.578780693,630.723507880,534.131396960,0.254594571,0.300635352
8,3114,9703224,649,173855,48,0.073960,175.169759385,636.502665668,538.621185545,0.275206639,0.325218844
8,3114,9703224,649,173855,51,0.078582,123.832208986,642.113613072,541.062219711,0.192850932,0.228868704
8,3114,9703224,649,173855,54,0.083205,178.591289036,648.459803306,543.826150940,0.275408419,0.328397759
8,3114,9703224,649,173855,57,0.087827,55.615886315,656.794736222,550.741126841,0.084677728,0.100983717
8,3114,9703224,649,173855,60,0.092450,45.739292239,662.097054142,555.047924968,0.069082458,0.082406023
8,3114,9703224,649,173855,64,0.098613,52.126779668,667.509239831,558.840991725,0.078091473,0.093276586
8,3114,9703224,649,173855,68,0.104777,104.219865805,673.874578819,565.103396392,0.154657660,0.184426189
8,3114,9703224,649,173855,72,0.110940,138.458772613,679.118779587,569.135102528,0.203880053,0.243279271
8,3114,9703224,649,173855,76,0.117103,138.782022313,685.369150207,572.776330556,0.202492368,0.242297062
8,3114,9703224,649,173855,81,0.124807,184.419609595,693.580667128,577.975881879,0.265894968,0.319078383
8,3114,9703224,649,173855,86,0.132512,86.126430696,703.131820569,586.950056861,0.122489735,0.146735535
8,3114,9703224,649,173855,91,0.140216,38.357462884,710.474846732,591.963659805,0.053988488,0.064796989
8,3114,9703224,649,173855,97,0.149461,-35.490729137,716.916386281,596.670569213,0.049504698,0.059481280
8,3114,9703224,649,173855,102,0.157165,28.172797797,720.888029140,598.380687888,0.039080685,0.047081730
8,3114,9703224,649,173855,109,0.167951,153.156856945,728.912166988,605.558425737,0.210117026,0.252918382
8,3114,9703224,649,173855,115,0.177196,188.674751681,735.589192688,612.415345617,0.256494730,0.308082991
8,3114,9703224,649,173855,122,0.187982,75.975223051,742.019085433,615.924996000,0.102389850,0.123351420
8,3114,9703224,649,173855,130,0.200308,74.784287576,749.698729879,620.778378607,0.099752453,0.120468576
8,3114,9703224,649,173855,138,0.212635,136.629211991,758.452393797,627.501886229,0.180142107,0.217735142
8,3114,9703224,649,173855,146,0.224961,-4.389177458,766.964527896,635.154003160,0.005722791,0.006910415
8,3114,9703224,649,173855,155,0.238829,69.654211684,774.221834867,639.103779627,0.089966736,0.108987326
8,3114,9703224,649,173855,164,0.252696,36.853554880,778.446979748,642.034479448,0.047342408,0.057401208
8,3114,9703224,649,173855,174,0.268105,167.504384314,784.122293938,646.048541000,0.213620229,0.259275230
8,3114,9703224,649,173855,185,0.285054,134.746124604,792.583524684,652.605834588,0.170008738,0.206473981
8,3114,9703224,649,173855,196,0.302003,237.457245940,800.530140164,658.592304436,0.296624991,0.360552719
8,3114,9703224,649,173855,208,0.320493,126.392868065,810.425852181,665.759954100,0.155958584,0.189847508
8,3114,9703224,649,173855,220,0.338983,-78.732461388,817.022762770,671.965624849,0.096365077,0.117167394
8,3114,9703224,649,173855,234,0.360555,60.755602262,823.368977976,676.918384435,0.073789035,0.089753216
8,3114,9703224,649,173855,248,0.382126,92.294636695,831.720162511,681.985611845,0.110968377,0.135332234
8,3114,9703224,649,173855,263,0.405239,88.491849826,838.599439531,687.424649698,0.105523383,0.128729527
8,3114,9703224,649,173855,279,0.429892,121.126292804,845.618797720,692.360519864,0.143239830,0.174946851
8,3114,9703224,649,173855,296,0.456086,215.766250166,852.462009482,697.139404433,0.253109520,0.309502302
8,3114,9703224,649,173855,314,0.483821,81.340543578,863.167744825,705.777101530,0.094234920,0.115249621
8,3114,9703224,649,173855,333,0.513097,11.312217000,871.919268332,711.925721406,0.012973927,0.015889603
8,3114,9703224,649,173855,353,0.543914,8.749323603,880.336582153,716.582517335,0.009938612,0.012209792
8,3114,9703224,649,173855,374,0.576271,82.983658826,887.721041692,722.193412609,0.093479432,0.114905034
8,3114,9703224,649,173855,397,0.611710,-11.279224612,895.599754720,727.941579245,0.012594046,0.015494684
8,3114,9703224,649,173855,421,0.648690,13.643705580,900.977919829,732.283751550,0.015143219,0.018631720
8,3114,9703224,649,173855,446,0.687211,146.305998099,908.027879585,737.744516239,0.161125007,0.198315263
8,3114,9703224,649,173855,474,0.730354,116.233305230,918.512274399,746.462723985,0.126545185,0.155712136
8,3114,9703224,649,173855,502,0.773498,57.672798540,929.014489481,754.007854105,0.062079547,0.076488326
8,3114,9703224,649,173855,533,0.821263,-11.977418228,937.800173699,760.244158554,0.012771823,0.015754699
8,3114,9703224,649,173855,565,0.870570,-146.220120522,946.017480472,766.585507943,0.154563868,0.190742088
8,3114,9703224,649,173855,599,0.922958,-132.692939751,953.634432735,772.267417751,0.139144451,0.171822528
8,3114,9703224,649,173855,636,0.979969,-86.554492304,959.768610718,776.621445882,0.090182666,0.111450041
8,3114,9703224,649,173855,674,1.038521,134.237713004,970.085027452,784.759187126,0.138377265,0.171055931
8,3114,9703224,649,173855,715,1.101695,28.497841814,979.460726324,792.042890174,0.029095441,0.035980175
8,3114,9703224,649,173855,758,1.167951,-11.674868252,987.184708725,797.346122193,0.011826427,0.014642158
8,3114,9703224,649,173855,804,1.238829,-126.930569886,997.703545151,805.586715014,0.127222731,0.157562889
8,3114,9703224,649,173855,853,1.314330,-49.591429994,1010.240475489,814.303532001,0.049088738,0.060900424
8,3114,9703224,649,173855,905,1.394453,-71.120382719,1019.120296077,821.288227798,0.069786053,0.086596131
8,3114,9703224,649,173855,960,1.479199,-117.751070147,1025.714683613,826.191965663,0.114799049,0.142522652
8,3114,9703224,649,173855,1018,1.568567,-53.293794972,1032.400115876,831.410582765,0.051621260,0.064100453
8,3114,9703224,649,173855,1080,1.664099,54.011062168,1041.363583676,837.770219030,0.051865711,0.064470019
8,3114,9703224,649,173855,1145,1.764253,14.511676586,1052.894921275,846.807563795,0.013782645,0.017136924
8,3114,9703224,649,173855,1215,1.872111,-76.870778026,1064.463524236,855.653772781,0.072215512,0.089838648
8,3114,9703224,649,173855,1288,1.984592,-109.808141994,1073.454156050,862.371918918,0.102294207,0.127332697
8,3114,9703224,649,173855,1366,2.104777,-215.236972619,1084.626064072,871.618009675,0.198443482,0.246939566
8,3114,9703224,649,173855,1449,2.232666,-143.805838578,1093.090254863,877.973303127,0.131558980,0.163792951
8,3114,9703224,649,173855,1537,2.368259,-68.084472311,1101.658887683,884.611328349,0.061801773,0.076965409
8,3114,9703224,649,173855,1630,2.511556,165.546570876,1112.031334298,892.523112216,0.148868621,0.185481551
8,3114,9703224,649,173855,1729,2.664099,71.208792375,1121.550604803,899.284502246,0.063491377,0.079183831
8,3114,9703224,649,173855,1834,2.825886,16.608719654,1133.869964201,908.477750409,0.014647817,0.018281922
8,3114,9703224,649,173855,1945,2.996918,-123.966137979,1144.064053512,916.047877532,0.108355942,0.135327138
8,3114,9703224,649,173855,2063,3.178737,-155.085643370,1155.978924194,925.195647799,0.134159577,0.167624701
8,3114,9703224,649,173855,2188,3.371341,-123.844050038,1166.377574755,933.137743979,0.106178353,0.132717866
8,3114,9703224,649,173855,2321,3.576271,-66.240610002,1175.444031660,940.235818360,0.056353691,0.070451060
8,3114,9703224,649,173855,2461,3.791988,50.592260653,1184.085112920,946.883187213,0.042726878,0.053430308
8,3114,9703224,649,173855,2611,4.023112,-155.464854369,1193.556097015,954.012047457,0.130253496,0.162959005
8,3114,9703224,649,173855,2769,4.266564,157.053631612,1204.377562608,962.223468487,0.130402323,0.163219498
8,3114,9703224,649,173855,2937,4.525424,130.265601930,1218.055740897,972.427991491,0.106945518,0.133959124
8,3114,9703224,649,173855,3115,4.799692,-148.141189527,1232.784232440,984.001315231,0.120167979,0.150549788
8,3114,9703224,649,173855,3304,5.090909,-296.943630511,1242.598050813,991.351174928,0.238969979,0.299534250
8,3114,9703224,649,173855,3504,5.399076,-237.309980605,1250.195170774,997.225851485,0.189818347,0.237970145
8,3114,9703224,649,173855,3716,5.725732,-29.604112647,1262.867209500,1006.821071093,0.023441984,0.029403549
8,3114,9703224,649,173855,3942,6.073960,55.520136453,1275.538401670,1016.261352020,0.043526825,0.054631750
8,3114,9703224,649,173855,4181,6.442219,46.378622033,1285.724906409,1024.012863834,0.036071964,0.045291054
8,3114,9703224,649,173855,4434,6.832049,-11.886371387,1299.834769988,1034.907813508,0.009144525,0.011485440
8,3114,9703224,649,173855,4703,7.246533,-86.706028510,1310.915534288,1043.338847384,0.066141583,0.083104380
8,3114,9703224,649,173855,4988,7.685670,-135.785036729,1324.760215586,1053.972772747,0.102497822,0.128831636
8,3114,9703224,649,173855,5290,8.151002,-75.387837899,1337.284334444,1063.393753354,0.056373829,0.070893625
8,3114,9703224,649,173855,5611,8.645609,-206.606998371,1346.975292786,1070.756857382,0.153385886,0.192954168
8,3114,9703224,649,173855,5951,9.169492,-60.430781988,1355.420543290,1077.213030339,0.044584526,0.056099193
8,3114,9703224,649,173855,6312,9.725732,132.633514168,1365.742515380,1085.268566824,0.097114582,0.122212619
8,3114,9703224,649,173855,6695,10.315871,105.131332244,1378.059963431,1094.708656931,0.076289374,0.096035901
8,3114,9703224,649,173855,7101,10.941448,95.958201178,1395.929311957,1108.179903464,0.068741447,0.086590815
8,3114,9703224,649,173855,7531,11.604006,-121.988420626,1405.625318142,1115.679144733,0.086785873,0.109340056
8,3114,9703224,649,173855,7988,12.308166,30.070491876,1418.430677500,1125.410456451,0.021199832,0.026719577
8,3114,9703224,649,173855,8472,13.053929,-211.412605713,1431.087477075,1135.169052825,0.147728639,0.186238874
8,3114,9703224,649,173855,8986,13.845917,-88.755186327,1440.443998403,1142.327398429,0.061616548,0.077696803
8,3114,9703224,649,173855,9531,14.685670,109.054114413,1451.670999751,1150.988927018,0.075123161,0.094748187
8,3114,9703224,649,173855,10109,15.576271,74.702194778,1467.119176061,1162.693932221,0.050917605,0.064249234
8,3114,9703224,649,173855,10721,16.519260,72.201769322,1481.701411967,1173.891008988,0.048728960,0.061506365
8,3114,9703224,649,173855,11372,17.522342,-110.146339431,1493.851407286,1183.132071407,0.073733130,0.093097248
8,3114,9703224,649,173855,12061,18.583975,-198.878741353,1508.662144144,1194.494995526,0.131824572,0.166496086
8,3114,9703224,649,173855,12792,19.710324,-153.191482613,1521.759392027,1204.529461734,0.100667348,0.127179523
8,3114,9703224,649,173855,13568,20.906009,-105.434335521,1535.421121216,1215.053469899,0.068668025,0.086773412
8,3114,9703224,649,173855,14390,22.172573,-170.268172389,1546.195398397,1223.317216721,0.110120734,0.139185626
8,3114,9703224,649,173855,15263,23.517720,-91.674752227,1557.713097677,1232.212585414,0.058852142,0.074398487
8,3114,9703224,649,173855,16188,24.942989,147.675667753,1571.404387530,1242.678504134,0.093976871,0.118836583
8,3114,9703224,649,173855,17170,26.456086,31.647242542,1590.399733705,1257.347742846,0.019898923,0.025169841
8,3114,9703224,649,173855,18211,28.060092,-37.758251982,1610.512600410,1272.866845608,0.023444866,0.029663945
8,3114,9703224,649,173855,19315,29.761171,-384.480500419,1622.911318644,1282.359307337,0.236907893,0.299822755
8,3114,9703224,649,173855,20486,31.565485,-238.175013053,1635.318335529,1291.919334979,0.145644434,0.184357496
8,3114,9703224,649,173855,21728,33.479199,-104.983706245,1647.268833273,1301.117081838,0.063731981,0.080687363
8,3114,9703224,649,173855,23045,35.508475,71.242400874,1663.249601298,1313.387421668,0.042833259,0.054243249
8,3114,9703224,649,173855,24443,37.662558,241.676502348,1680.233646007,1326.459219643,0.143835057,0.182196707
8,3114,9703224,649,173855,25924,39.944530,-84.492170504,1696.706396276,1339.182179157,0.049797756,0.063092365
8,3114,9703224,649,173855,27496,42.366718,-167.398680137,1713.600760061,1352.191158409,0.097688262,0.123798088
8,3114,9703224,649,173855,29163,44.935285,-99.580505017,1733.130288809,1367.253776056,0.057457022,0.072832496
8,3114,9703224,649,173855,30931,47.659476,-338.418218128,1747.643715248,1378.440178644,0.193642569,0.245508092
8,3114,9703224,649,173855,32807,50.550077,-210.192204352,1763.694997101,1390.742071104,0.119177185,0.151136727
8,3114,9703224,649,173855,34796,53.614792,-18.520711378,1773.580929411,1398.377340005,0.010442552,0.013244430
8,3114,9703224,649,173855,36906,56.865948,-95.381814676,1787.516983195,1409.141573011,0.053359949,0.067687886
8,3114,9703224,649,173855,39143,60.312789,-139.349274196,1803.632563437,1421.509488937,0.077260345,0.098029085
8,3114,9703224,649,173855,41516,63.969183,-118.824339095,1817.050620882,1431.865523258,0.065394072,0.082985683
8,3114,9703224,649,173855,44033,67.847458,-82.011877611,1837.345009469,1447.617193596,0.044636079,0.056653014
8,3114,9703224,649,173855,46703,71.961479,-370.148716102,1855.096230005,1461.343017222,0.199530736,0.253293520
8,3114,9703224,649,173855,49535,76.325116,-418.414606213,1865.938430517,1469.704725774,0.224238163,0.284692972
8,3114,9703224,649,173855,52538,80.952234,-330.281163719,1882.424384142,1482.415959173,0.175455209,0.222799250
8,3114,9703224,649,173855,55723,85.859784,-307.278797059,1897.742018047,1494.263073602,0.161918108,0.205639022
8,3114,9703224,649,173855,59102,91.066256,181.859831552,1914.232179039,1506.938271136,0.095004061,0.120681673
8,3114,9703224,649,173855,62685,96.587057,-49.969343701,1931.921926415,1520.632835667,0.025865095,0.032860887
8,3114,9703224,649,173855,66486,102.443760,-403.628596422,1950.700071830,1535.101985184,0.206914739,0.262932756
8,3114,9703224,649,173855,70517,108.654854,-434.877981540,1966.178012271,1547.065114358,0.221179353,0.281098693
8,3114,9703224,649,173855,74792,115.241911,-348.201598066,1984.821047996,1561.462443622,0.175432238,0.222997101
8,3114,9703224,649,173855,79327,122.229584,-269.462081299,2004.146368281,1576.376176635,0.134452296,0.170937677
8,4803,23078415,1544,332970,2,0.001295,-47.372594721,419.932319338,419.932319338,0.112810071,0.112810071
8,4803,23078415,1544,332970,2,0.001295,-47.372594721,419.932319338,419.932319338,0.112810071,0.112810071
8,4803,23078415,1544,332970,2,0.001295,-47.372594721,419.932319338,419.932319338,0.112810071,0.112810071
8,4803,23078415,1544,332970,2,0.001295,-47.372594721,419.932319338,419.932319338,0.112810071,0.112810071
8,4803,23078415,1544,332970,2,0.001295,-47.372594721,419.932319338,419.932319338,0.112810071,0.112810071
8,4803,23078415,1544,332970,2,0.001295,-47.372594721,419.932319338,419.932319338,0.112810071,0.112810071
8,4803,23078415,1544,332970,2,0.001295,-47.372594721,419.932319338,419.932319338,0.112810071,0.112810071
8,4803,23078415,1544,332970,2,0.001295,-47.372594721,419.932319338,419.932319338,0.112810071,0.112810071
8,4803,23078415,1544,332970,2,0.001295,-47.372594721,419.932319338,419.932319338,0.112810071,0.112810071
8,4803,23078415,1544,332970,3,0.001943,152.007110014,464.860645232,464.860645232,0.326995007,0.326995007
8,4803,23078415,1544,332970,3,0.001943,152.007110014,464.860645232,464.860645232,0.326995007,0.326995007
8,4803,23078415,1544,332970,3,0.001943,152.007110014,464.860645232,464.860645232,0.326995007,0.326995007
8,4803,23078415,1544,332970,3,0.001943,152.007110014,464.860645232,464.860645232,0.326995007,0.326995007
8,4803,23078415,1544,332970,3,0.001943,152.007110014,464.860645232,464.860645232,0.326995007,0.326995007
8,4803,23078415,1544,332970,4,0.002591,152.007110014,522.642217716,464.860645232,0.290843535,0.326995007
8,4803,23078415,1544,332970,4,0.002591,152.007110014,522.642217716,464.860645232,0.290843535,0.326995007
8,4803,23078415,1544,332970,4,0.002591,152.007110014,522.642217716,464.860645232,0.290843535,0.326995007
8,4803,23078415,1544,332970,4,0.002591,152.007110014,522.642217716,464.860645232,0.290843535,0.326995007
8,4803,23078415,1544,332970,4,0.002591,152.007110014,522.642217716,464.860645232,0.290843535,0.326995007
8,4803,23078415,1544,332970,5,0.003238,335.838837022,554.029775006,499.889511132,0.606174708,0.671826133
8,4803,23078415,1544,332970,5,0.003238,335.838837022,554.029775006,499.889511132,0.606174708,0.671826133
8,4803,23078415,1544,332970,5,0.003238,335.838837022,554.029775006,499.889511132,0.606174708,0.671826133
8,4803,23078415,1544,332970,6,0.003886,183.512002110,574.588945445,522.582996254,0.319379625,0.351163362
8,4803,23078415,1544,332970,6,0.003886,183.512002110,574.588945445,522.582996254,0.319379625,0.351163362
8,4803,23078415,1544,332970,6,0.003886,183.512002110,574.588945445,522.582996254,0.319379625,0.351163362
8,4803,23078415,1544,332970,7,0.004534,290.699511426,584.501170556,533.462416790,0.497346329,0.544929694
8,4803,23078415,1544,332970,7,0.004534,290.699511426,584.501170556,533.462416790,0.497346329,0.544929694
8,4803,23078415,1544,332970,8,0.005181,290.699511426,600.176347069,533.462416790,0.484356828,0.544929694
8,4803,23078415,1544,332970,8,0.005181,290.699511426,600.176347069,533.462416790,0.484356828,0.544929694
8,4803,23078415,1544,332970,9,0.005829,290.699511426,623.708742393,533.462416790,0.466082150,0.544929694
8,4803,23078415,1544,332970,9,0.005829,290.699511426,623.708742393,533.462416790,0.466082150,0.544929694
8,4803,23078415,1544,332970,10,0.006477,166.640147325,635.927135102,547.697796187,0.262042832,0.304255647
8,4803,23078415,1544,332970,10,0.006477,166.640147325,635.927135102,547.697796187,0.262042832,0.304255647
8,4803,23078415,1544,332970,11,0.007124,293.357141695,648.429269713,562.165520652,0.452411937,0.521834106
8,4803,23078415,1544,332970,11,0.007124,293.357141695,648.429269713,562.165520652,0.452411937,0.521834106
8,4803,23078415,1544,332970,12,0.007772,293.357141695,658.963524787,562.165520652,0.445179635,0.521834106
8,4803,23078415,1544,332970,13,0.008420,456.513699305,678.861539116,585.363250385,0.672469529,0.779881038
8,4803,23078415,1544,332970,14,0.009067,316.130209016,693.224720878,601.961509773,0.456028470,0.525166815
8,4803,23078415,1544,332970,14,0.009067,316.130209016,693.224720878,601.961509773,0.456028470,0.525166815
8,4803,23078415,1544,332970,15,0.009715,212.955822629,700.860519392,610.739398806,0.303849078,0.348685254
8,4803,23078415,1544,332970,16,0.010363,212.955822629,709.774993214,610.739398806,0.300032862,0.348685254
8,4803,23078415,1544,332970,17,0.011010,338.599024229,720.809791208,623.529331597,0.469748092,0.543036241
8,4803,23078415,1544,332970,18,0.011658,338.599024229,727.586318934,623.529331597,0.465372995,0.543036241
8,4803,23078415,1544,332970,19,0.012306,426.382358584,732.862719266,629.678283850,0.581803860,0.677143185
8,4803,23078415,1544,332970,21,0.013601,295.786810434,754.163514279,643.078485373,0.392205145,0.459954449
8,4803,23078415,1544,332970,22,0.014249,183.422161856,762.488308447,652.821378786,0.240557343,0.280968375
8,4803,23078415,1544,332970,23,0.014896,294.646482167,770.557765484,662.228511942,0.382380784,0.444931737
8,4803,23078415,1544,332970,25,0.016192,294.646482167,783.196611140,662.228511942,0.376210109,0.444931737
8,4803,23078415,1544,332970,26,0.016839,217.270817495,787.009482271,666.733526615,0.276071410,0.325873544
8,4803,23078415,1544,332970,28,0.018135,217.270817495,796.558331521,666.733526615,0.272761967,0.325873544
8,4803,23078415,1544,332970,29,0.018782,298.980629472,800.738202467,671.721734712,0.373381248,0.445095959
8,4803,23078415,1544,332970,31,0.020078,489.680837671,812.027400291,685.140072408,0.603034870,0.714716388
8,4803,23078415,1544,332970,33,0.021373,394.732815211,822.502563167,691.687823941,0.479916821,0.570680590
8,4803,23078415,1544,332970,35,0.022668,190.776819291,835.052081051,706.564616606,0.228460983,0.270006189
8,4803,23078415,1544,332970,37,0.023964,257.277802703,843.373901352,709.687211548,0.305057819,0.362522811
8,4803,23078415,1544,332970,39,0.025259,115.437868642,849.355707176,716.785545380,0.135912278,0.161049381
8,4803,23078415,1544,332970,42,0.027202,282.836616301,861.435270526,726.499176377,0.328331827,0.389314435
8,4803,23078415,1544,332970,44,0.028497,349.752552677,866.437901807,729.574393614,0.403667189,0.479392582
8,4803,23078415,1544,332970,47,0.030440,361.878331581,875.780170322,736.337224946,0.413206811,0.491457337
8,4803,23078415,1544,332970,50,0.032383,361.878331581,887.234023593,736.337224946,0.407872469,0.491457337
8,4803,23078415,1544,332970,53,0.034326,350.689523553,893.597025633,741.847605808,0.392447058,0.472724480
8,4803,23078415,1544,332970,56,0.036269,275.934225414,904.308265988,745.604603555,0.305132924,0.370081172
8,4803,23078415,1544,332970,59,0.038212,195.527722756,913.879744580,757.184899786,0.213953448,0.258229823
8,4803,23078415,1544,332970,63,0.040803,188.930833478,924.546083951,764.717079246,0.204349828,0.247059780
8,4803,23078415,1544,332970,67,0.043394,255.535496311,929.944242214,769.125651018,0.274785826,0.332241547
8,4803,23078415,1544,332970,71,0.045984,306.095691795,935.777860888,774.402761372,0.327102942,0.395266788
8,4803,23078415,1544,332970,75,0.048575,300.612206228,946.681702698,782.766920065,0.317543062,0.384037954
8,4803,23078415,1544,332970,80,0.051813,358.830394139,962.465059925,794.367567132,0.372824333,0.451718334
8,4803,23078415,1544,332970,85,0.055052,309.681976446,970.409181179,800.118744914,0.319125151,0.387045021
8,4803,23078415,1544,332970,90,0.058290,248.601033696,979.683671130,806.787722982,0.253756433,0.308136858
8,4803,23078415,1544,332970,95,0.061528,15.676309240,988.326086672,815.163589877,0.015861475,0.019230875
8,4803,23078415,1544,332970,101,0.065415,142.795397371,998.087762677,820.176007249,0.143068979,0.174103358
8,4803,23078415,1544,332970,107,0.069301,300.809889963,1007.005747837,829.246588048,0.298717153,0.362750832
8,4803,23078415,1544,332970,113,0.073187,392.187634833,1015.392380346,835.770456962,0.386242444,0.469252809
8,4803,23078415,1544,332970,120,0.077720,294.310065463,1024.320413808,841.989139951,0.287322269,0.349541403
8,4803,23078415,1544,332970,128,0.082902,259.454384987,1035.501538238,847.514238076,0.250559150,0.306135724
8,4803,23078415,1544,332970,135,0.087435,202.288660921,1048.016476857,858.693841017,0.193020497,0.235577165
8,4803,23078415,1544,332970,144,0.093264,227.763241906,1059.811844046,868.288280900,0.214909131,0.262312929
8,4803,23078415,1544,332970,152,0.098446,208.768818317,1065.743917019,872.127290104,0.195890227,0.239378839
8,4803,23078415,1544,332970,162,0.104922,111.372867707,1075.929638884,879.892234815,0.103513151,0.126575577
8,4803,23078415,1544,332970,171,0.110751,238.702066460,1083.311984771,884.895801568,0.220344711,0.269751609
8,4803,23078415,1544,332970,182,0.117876,390.616731790,1094.022644004,892.918935805,0.357046295,0.437460464
8,4803,23078415,1544,332970,193,0.125000,455.344357850,1105.187202604,901.897896928,0.412006542,0.504873511
8,4803,23078415,1544,332970,204,0.132124,406.080539497,1117.129315944,911.254004535,0.363503610,0.445628263
8,4803,23078415,1544,332970,217,0.140544,94.425628550,1128.663429076,920.899483638,0.083661458,0.102536303
8,4803,23078415,1544,332970,230,0.148964,145.035675724,1137.589498935,929.022458040,0.127493859,0.156116437
8,4803,23078415,1544,332970,244,0.158031,232.811404278,1145.452035906,933.749292187,0.203248497,0.249329671
8,4803,23078415,1544,332970,259,0.167746,244.118043746,1156.537343352,943.053906956,0.211076664,0.258859056
8,4803,23078415,1544,332970,274,0.177461,275.450471961,1167.422426265,950.149313290,0.235947559,0.289902301
8,4803,23078415,1544,332970,291,0.188472,421.157069175,1177.555356946,957.692753875,0.357653733,0.439762197
8,4803,23078415,1544,332970,309,0.200130,188.703375336,1189.078111253,965.824007412,0.158697207,0.195380705
8,4803,23078415,1544,332970,327,0.211788,176.740813138,1200.576942245,975.239582762,0.147213233,0.181228096
8,4803,23078415,1544,332970,347,0.224741,58.850308255,1213.904285620,984.825969767,0.048480188,0.059757064
8,4803,23078415,1544,332970,368,0.238342,167.394877161,1224.973339271,992.187366731,0.136651853,0.168712970
8,4803,23078415,1544,332970,391,0.253238,175.452654135,1232.133362470,997.430890269,0.142397454,0.175904572
8,4803,23078415,1544,332970,414,0.268135,154.944055890,1240.289132567,1003.819745576,0.124925755,0.154354461
8,4803,23078415,1544,332970,439,0.284326,393.463011893,1252.668827604,1014.099960993,0.314099787,0.387992335
8,4803,23078415,1544,332970,466,0.301813,358.409280013,1264.736215396,1023.590793211,0.283386587,0.350148988
8,4803,23078415,1544,332970,494,0.319948,323.136905733,1279.239671829,1034.190402729,0.252600754,0.312453978
8,4803,23078415,1544,332970,524,0.339378,253.837447119,1289.943607131,1042.207540184,0.196781817,0.243557485
8,4803,23078415,1544,332970,556,0.360104,58.285165777,1298.832424180,1048.210920234,0.044875047,0.055604425
8,4803,23078415,1544,332970,590,0.382124,33.333076672,1311.790306293,1058.308079229,0.025410370,0.031496572
8,4803,23078415,1544,332970,625,0.404793,291.547798269,1322.087794173,1065.930908154,0.220520755,0.273514724
8,4803,23078415,1544,332970,663,0.429404,510.343890869,1332.986930720,1074.456566333,0.382857385,0.474978614
8,4803,23078415,1544,332970,704,0.455959,319.436895020,1343.335368382,1082.210425486,0.237793854,0.295170780
8,4803,23078415,1544,332970,746,0.483161,281.245685047,1359.228366225,1094.114081229,0.206915697,0.257053346
8,4803,23078415,1544,332970,791,0.512306,222.162296641,1372.856660033,1104.621569028,0.161824831,0.201120730
8,4803,23078415,1544,332970,839,0.543394,278.852777477,1385.672414969,1114.392783353,0.201240044,0.250228449
8,4803,23078415,1544,332970,890,0.576425,219.760502364,1397.219873102,1122.210346096,0.157284123,0.195828263
8,4803,23078415,1544,332970,944,0.611399,119.236836051,1409.145741303,1131.437965463,0.084616397,0.105385217
8,4803,23078415,1544,332970,1002,0.648964,190.467010404,1417.476598224,1137.798216384,0.134370480,0.167399639
8,4803,23078415,1544,332970,1062,0.687824,305.071030841,1428.361155504,1145.592735259,0.213581159,0.266299725
8,4803,23078415,1544,332970,1127,0.729922,456.282201142,1443.856980717,1157.412063464,0.316016203,0.394226236
8,4803,23078415,1544,332970,1195,0.773964,320.589458005,1460.031794479,1170.349346463,0.219577039,0.273926293
8,4803,23078415,1544,332970,1267,0.820596,146.900803272,1473.031875017,1180.292110667,0.099726833,0.124461396
8,4803,23078415,1544,332970,1344,0.870466,144.747462122,1485.590412382,1189.713305133,0.097434300,0.121665835
8,4803,23078415,1544,332970,1426,0.923575,-44.574491605,1497.360011523,1198.847590086,0.029768720,0.037181116
8,4803,23078415,1544,332970,1512,0.979275,171.094842681,1506.279493203,1205.767116550,0.113587713,0.141897088
8,4803,23078415,1544,332970,1604,1.038860,259.681284594,1522.210763103,1217.870115489,0.170594829,0.213225763
8,4803,23078415,1544,332970,1701,1.101684,414.794622238,1536.350694582,1228.247214289,0.269986940,0.337712651
8,4803,23078415,1544,332970,1804,1.168394,304.526510525,1548.183604088,1237.398809009,0.196699222,0.246102153
8,4803,23078415,1544,332970,1914,1.239637,279.427594729,1564.165907392,1249.087536565,0.178643195,0.223705374
8,4803,23078415,1544,332970,2030,1.314767,97.062449118,1583.121030512,1263.699141733,0.061310820,0.076808194
8,4803,23078415,1544,332970,2153,1.394430,174.399739753,1596.483257045,1273.856720109,0.109239943,0.136906873
8,4803,23078415,1544,332970,2283,1.478627,84.525377490,1606.484266985,1281.572002970,0.052615129,0.065954451
8,4803,23078415,1544,332970,2422,1.568653,360.108788943,1616.733697749,1289.336416414,0.222738469,0.279297772
8,4803,23078415,1544,332970,2568,1.663212,119.188319260,1630.232885917,1299.481258354,0.073111223,0.091719922
8,4803,23078415,1544,332970,2724,1.764249,374.933549760,1647.922114168,1313.186039581,0.227518975,0.285514419
8,4803,23078415,1544,332970,2889,1.871114,532.405229260,1665.406676045,1326.081391821,0.319684817,0.401487595
8,4803,23078415,1544,332970,3065,1.985104,289.150291135,1679.331439679,1337.079438675,0.172181789,0.216255132
8,4803,23078415,1544,332970,3250,2.104922,-75.926017110,1696.199764035,1350.050228349,0.044762426,0.056239402
8,4803,23078415,1544,332970,3447,2.232513,-53.092565660,1709.005821160,1360.149597848,0.031066346,0.039034358
8,4803,23078415,1544,332970,3656,2.367876,244.508674011,1722.040221355,1369.924272083,0.141987783,0.178483350
8,4803,23078415,1544,332970,3878,2.511658,348.271240853,1737.900073610,1381.971865025,0.200397736,0.252010370
8,4803,23078415,1544,332970,4113,2.663860,419.372137398,1752.380941767,1393.144947740,0.239315623,0.301025488
8,4803,23078415,1544,332970,4363,2.825777,330.498674099,1771.143642415,1407.670295872,0.186601847,0.234784150
8,4803,23078415,1544,332970,4627,2.996762,160.445315500,1786.698892338,1419.393968061,0.089799863,0.113037901
8,4803,23078415,1544,332970,4908,3.178756,-141.670756156,1804.883778270,1433.522074707,0.078493008,0.098827049
8,4803,23078415,1544,332970,5205,3.371114,128.809138563,1820.720074924,1445.396850835,0.070746262,0.089116798
8,4803,23078415,1544,332970,5521,3.575777,48.289123886,1834.499082091,1456.010200225,0.026322784,0.033165375
8,4803,23078415,1544,332970,5856,3.792746,100.250377288,1847.745751035,1466.009316801,0.054255504,0.068383179
8,4803,23078415,1544,332970,6211,4.022668,177.034283489,1862.149780000,1477.243128735,0.095069841,0.119840993
8,4803,23078415,1544,332970,6587,4.266192,412.805708265,1878.632270769,1489.907435087,0.219737367,0.277068024
8,4803,23078415,1544,332970,6986,4.524611,466.120561246,1899.483996190,1505.692914909,0.245393255,0.309572129
8,4803,23078415,1544,332970,7410,4.799223,-79.548084391,1921.969118484,1522.959650415,0.041388846,0.052232562
8,4803,23078415,1544,332970,7859,5.090026,70.873818730,1936.890289008,1534.629797990,0.036591550,0.046183007
8,4803,23078415,1544,332970,8336,5.398964,-105.387854781,1948.568207865,1543.559170881,0.054084766,0.068275876
8,4803,23078415,1544,332970,8841,5.726036,183.545602698,1967.979140031,1558.587178493,0.093266031,0.117764091
8,4803,23078415,1544,332970,9377,6.073187,269.613203971,1987.215709696,1573.305830458,0.135673849,0.171367320
8,4803,23078415,1544,332970,9946,6.441710,536.677341441,2002.787167407,1585.310310508,0.267965239,0.338531414
8,4803,23078415,1544,332970,10549,6.832254,431.421970328,2024.357294257,1601.769277100,0.213115526,0.269340895
8,4803,23078415,1544,332970,11188,7.246114,212.771273925,2041.254974988,1614.572713053,0.104235520,0.131781785
8,4803,23078415,1544,332970,11867,7.685881,-147.580117214,2062.441737479,1630.839673530,0.071556018,0.090493333
8,4803,23078415,1544,332970,12586,8.151554,180.802543662,2081.568295870,1645.545069035,0.086858809,0.109873954
8,4803,23078415,1544,332970,13349,8.645725,284.166825745,2096.356655403,1656.947190159,0.135552710,0.171500231
8,4803,23078415,1544,332970,14159,9.170337,57.035618941,2109.244117265,1666.843988405,0.027040786,0.034217731
8,4803,23078415,1544,332970,15017,9.726036,222.368425419,2125.065316829,1679.125659943,0.104640749,0.132431080
8,4803,23078415,1544,332970,15927,10.315415,340.396262077,2143.899505818,1693.606189478,0.158774355,0.200989028
8,4803,23078415,1544,332970,16893,10.941062,286.390615667,2171.231913738,1714.702422604,0.131902361,0.167020593
8,4803,23078415,1544,332970,17917,11.604275,242.603511456,2186.087034958,1726.167728190,0.110976145,0.140544576
8,4803,23078415,1544,332970,19004,12.308290,-90.234335024,2205.666539760,1741.230976362,0.040910234,0.051822151
8,4803,23078415,1544,332970,20156,13.054404,20.590684997,2225.041248218,1756.085212631,0.009254069,0.011725334
8,4803,23078415,1544,332970,21378,13.845855,-3.618538373,2239.329854056,1767.152874674,0.001615902,0.002047666
8,4803,23078415,1544,332970,22674,14.685233,375.013012671,2256.522223004,1780.307465714,0.166190702,0.210645082
8,4803,23078415,1544,332970,24049,15.575777,615.712699861,2280.164053594,1798.610652895,0.270030000,0.342326839
8,4803,23078415,1544,332970,25507,16.520078,211.622195172,2302.516836697,1815.812797364,0.091909076,0.116544060
8,4803,23078415,1544,332970,27053,17.521373,282.190113355,2321.062804178,1830.094856851,0.121577974,0.154194255
8,4803,23078415,1544,332970,28694,18.584197,274.022346378,2343.791611207,1847.690816778,0.116914125,0.148305303
8,4803,23078415,1544,332970,30433,19.710492,83.544718123,2363.798478296,1863.142711556,0.035343418,0.044840751
8,4803,23078415,1544,332970,32278,20.905440,-208.341638275,2384.718469219,1879.178469288,0.087365297,0.110868468
8,4803,23078415,1544,332970,34235,22.172927,329.615982973,2401.204087358,1891.958323375,0.137271124,0.174219473
8,4803,23078415,1544,332970,36311,23.517487,196.773983206,2418.863308496,1905.590797890,0.081349774,0.103261405
8,4803,23078415,1544,332970,38513,24.943653,273.084502277,2439.868916172,1921.785865329,0.111925891,0.142099340
8,4803,23078415,1544,332970,40848,26.455959,167.434953997,2468.981553674,1944.171447966,0.067815393,0.086121496
8,4803,23078415,1544,332970,43324,28.059585,528.456226347,2499.759497450,1968.087192949,0.211402828,0.268512609
8,4803,23078415,1544,332970,45951,29.761010,57.135855644,2518.752305696,1982.768493777,0.022684190,0.028816201
8,4803,23078415,1544,332970,48737,31.565415,-273.456585300,2537.761135554,1997.447058484,0.107755053,0.136903045
8,4803,23078415,1544,332970,51692,33.479275,25.862256513,2556.101392705,2011.611798942,0.010117852,0.012856485
8,4803,23078415,1544,332970,54826,35.509067,73.527703557,2580.624902498,2030.557611374,0.028492209,0.036210597
8,4803,23078415,1544,332970,58150,37.661917,578.571034175,2606.668997729,2050.645435638,0.221957999,0.282140942
8,4803,23078415,1544,332970,61675,39.944948,600.017222334,2631.923484923,2070.190047882,0.227976697,0.289836782
8,4803,23078415,1544,332970,65415,42.367228,121.344749725,2657.849425095,2090.224815373,0.045655239,0.058053444
8,4803,23078415,1544,332970,69381,44.935881,-283.592162855,2687.786837685,2113.300744228,0.105511404,0.134193945
8,4803,23078415,1544,332970,73587,47.659974,-32.200173678,2710.002694727,2130.503027306,0.011881971,0.015113883
8,4803,23078415,1544,332970,78049,50.549870,228.226035642,2734.621048352,2149.523971317,0.083458012,0.106175153
8,4803,23078415,1544,332970,82781,53.614637,405.499092258,2749.791501116,2161.242549695,0.147465396,0.187623130
8,4803,23078415,1544,332970,87800,56.865285,100.335365384,2771.217211383,2177.814707111,0.036206244,0.046071580
8,4803,23078415,1544,332970,93123,60.312824,414.288094722,2795.925807335,2196.988456421,0.148175640,0.188570902
8,4803,23078415,1544,332970,98769,63.969560,430.436395008,2816.500425611,2212.879151357,0.152826675,0.194514190
8,4803,23078415,1544,332970,104758,67.848446,186.483334662,2847.731629014,2237.046493565,0.065484870,0.083361403
8,4803,23078415,1544,332970,111109,71.961788,137.954309548,2874.902116826,2258.106681571,0.047985741,0.061092911
8,4803,23078415,1544,332970,117845,76.324482,-204.473915712,2891.529724637,2270.954702342,0.070714789,0.090038747
8,4803,23078415,1544,332970,124990,80.952073,120.093794603,2916.838435937,2290.569974301,0.041172591,0.052429655
8,4803,23078415,1544,332970,132569,85.860751,388.317343421,2940.363592835,2308.780614264,0.132064397,0.168191530
8,4803,23078415,1544,332970,140606,91.066062,633.429702707,2965.682231070,2328.373062288,0.213586505,0.272048201
8,4803,23078415,1544,332970,149131,96.587435,499.338982556,2992.847784173,2349.428740301,0.166844096,0.212536339
8,4803,23078415,1544,332970,158173,102.443653,508.125789275,3021.695443782,2371.745761165,0.168159167,0.214241255
8,4803,23078415,1544,332970,167763,108.654793,133.145394497,3045.434511939,2390.128377350,0.043719671,0.055706378
8,4803,23078415,1544,332970,177934,115.242228,-23.612905242,3074.091993695,2412.340276225,0.007681262,0.009788381
8,4803,23078415,1544,332970,188722,122.229275,135.589067571,3103.749544707,2435.321685086,0.043685570,0.055676040
8,6491,42146063,2821,523080,3,0.001063,150.134056085,671.416461327,671.416461327,0.223607946,0.223607946
8,6491,42146063,2821,523080,3,0.001063,150.134056085,671.416461327,671.416461327,0.223607946,0.223607946
8,6491,42146063,2821,523080,3,0.001063,150.134056085,671.416461327,671.416461327,0.223607946,0.223607946
8,6491,42146063,2821,523080,3,0.001063,150.134056085,671.416461327,671.416461327,0.223607946,0.223607946
8,6491,42146063,2821,523080,4,0.001418,150.134056085,734.797869701,671.416461327,0.204320211,0.223607946
8,6491,42146063,2821,523080,4,0.001418,150.134056085,734.797869701,671.416461327,0.204320211,0.223607946
8,6491,42146063,2821,523080,4,0.001418,150.134056085,734.797869701,671.416461327,0.204320211,0.223607946
8,6491,42146063,2821,523080,4,0.001418,150.134056085,734.797869701,671.416461327,0.204320211,0.223607946
8,6491,42146063,2821,523080,5,0.001772,407.135717021,778.445735451,718.922748468,0.523011044,0.566313582
8,6491,42146063,2821,523080,5,0.001772,407.135717021,778.445735451,718.922748468,0.523011044,0.566313582
8,6491,42146063,2821,523080,5,0.001772,407.135717021,778.445735451,718.922748468,0.523011044,0.566313582
8,6491,42146063,2821,523080,5,0.001772,407.135717021,778.445735451,718.922748468,0.523011044,0.566313582
8,6491,42146063,2821,523080,6,0.002127,223.072340675,799.910675984,742.111342574,0.278871563,0.300591472
8,6491,42146063,2821,523080,6,0.002127,223.072340675,799.910675984,742.111342574,0.278871563,0.300591472
8,6491,42146063,2821,523080,6,0.002127,223.072340675,799.910675984,742.111342574,0.278871563,0.300591472
8,6491,42146063,2821,523080,7,0.002481,436.322618128,827.848277396,772.143073278,0.527056261,0.565080013
8,6491,42146063,2821,523080,7,0.002481,436.322618128,827.848277396,772.143073278,0.527056261,0.565080013
8,6491,42146063,2821,523080,8,0.002836,436.322618128,839.859144915,772.143073278,0.519518804,0.565080013
8,6491,42146063,2821,523080,8,0.002836,436.322618128,839.859144915,772.143073278,0.519518804,0.565080013
8,6491,42146063,2821,523080,9,0.003190,436.322618128,861.488746759,772.143073278,0.506475122,0.565080013
8,6491,42146063,2821,523080,9,0.003190,436.322618128,861.488746759,772.143073278,0.506475122,0.565080013
8,6491,42146063,2821,523080,10,0.003545,272.396205186,876.946252431,789.352135913,0.310619042,0.345088323
8,6491,42146063,2821,523080,10,0.003545,272.396205186,876.946252431,789.352135913,0.310619042,0.345088323
8,6491,42146063,2821,523080,11,0.003899,427.148741503,890.495972562,804.378730430,0.479675096,0.531029384
8,6491,42146063,2821,523080,12,0.004254,427.148741503,908.100719891,804.378730430,0.470375953,0.531029384
8,6491,42146063,2821,523080,12,0.004254,427.148741503,908.100719891,804.378730430,0.470375953,0.531029384
8,6491,42146063,2821,523080,13,0.004608,527.566042307,913.635896715,810.622462228,0.577435764,0.650815968
8,6491,42146063,2821,523080,14,0.004963,367.590926894,927.535761746,826.257111206,0.396309169,0.444886854
8,6491,42146063,2821,523080,15,0.005317,219.107505548,939.345471982,839.492787482,0.233255508,0.260999867
8,6491,42146063,2821,523080,16,0.005672,219.107505548,950.832034551,839.492787482,0.230437656,0.260999867
8,6491,42146063,2821,523080,16,0.005672,219.107505548,950.832034551,839.492787482,0.230437656,0.260999867
8,6491,42146063,2821,523080,17,0.006026,398.380778151,967.584861497,858.421252360,0.411726965,0.464085409
8,6491,42146063,2821,523080,19,0.006735,529.020160932,987.753462817,868.305070144,0.535579151,0.609256100
8,6491,42146063,2821,523080,20,0.007090,529.020160932,994.102581882,868.305070144,0.532158522,0.609256100
8,6491,42146063,2821,523080,21,0.007444,407.921495242,1001.451361843,876.708949235,0.407330312,0.465287249
8,6491,42146063,2821,523080,22,0.007799,293.962391738,1007.914434567,884.084418447,0.291654114,0.332504889
8,6491,42146063,2821,523080,23,0.008153,414.120578144,1015.051475132,892.212558027,0.407979879,0.464150134
8,6491,42146063,2821,523080,25,0.008862,414.120578144,1031.542618044,892.212558027,0.401457556,0.464150134
8,6491,42146063,2821,523080,26,0.009217,275.801065864,1040.774932595,902.870719527,0.264995877,0.305471271
8,6491,42146063,2821,523080,28,0.009926,275.801065864,1049.071701975,902.870719527,0.262900110,0.305471271
8,6491,42146063,2821,523080,30,0.010635,501.370287762,1061.139896881,916.865301473,0.472482742,0.546830911
8,6491,42146063,2821,523080,32,0.011343,627.424760255,1074.914076749,925.489984323,0.583697594,0.677937926
8,6491,42146063,2821,523080,33,0.011698,532.568329405,1079.091291257,930.338354339,0.493534082,0.572445849
8,6491,42146063,2821,523080,35,0.012407,341.618769491,1087.836359521,940.467641008,0.314035072,0.363243513
8,6491,42146063,2821,523080,38,0.013470,341.142104233,1102.240530764,952.940117564,0.309498784,0.357989026
8,6491,42146063,2821,523080,40,0.014179,215.238084574,1115.933088548,961.221457224,0.192877231,0.223921431
8,6491,42146063,2821,523080,42,0.014888,423.094258565,1125.616685736,972.446890540,0.375877742,0.435082124
8,6491,42146063,2821,523080,45,0.015952,535.113947725,1139.259176220,978.877605056,0.469703434,0.546660732
8,6491,42146063,2821,523080,48,0.017015,521.987994937,1147.847452898,985.371761190,0.454753803,0.529737116
8,6491,42146063,2821,523080,50,0.017724,521.987994937,1154.704035688,985.371761190,0.452053495,0.529737116
8,6491,42146063,2821,523080,54,0.019142,539.935041640,1167.054586298,991.397370880,0.462647633,0.544620207
8,6491,42146063,2821,523080,57,0.020206,371.147855763,1177.972989598,998.637253121,0.315073316,0.371654327
8,6491,42146063,2821,523080,60,0.021269,374.018510760,1188.155468022,1005.822438213,0.314789201,0.371853417
8,6491,42146063,2821,523080,64,0.022687,370.329078747,1205.023591123,1015.408702803,0.307321020,0.364709380
8,6491,42146063,2821,523080,68,0.024105,449.751917640,1215.586214180,1026.063321237,0.369987675,0.438327643
8,6491,42146063,2821,523080,72,0.025523,525.423874083,1224.292697926,1033.311516571,0.429165244,0.508485453
8,6491,42146063,2821,523080,76,0.026941,509.836480744,1236.943958848,1041.211800675,0.412174276,0.489656841
8,6491,42146063,2821,523080,81,0.028713,557.829616914,1247.053540955,1049.396166624,0.447318097,0.531571998
8,6491,42146063,2821,523080,86,0.030486,412.896823630,1257.291328477,1059.630732624,0.328401870,0.389661050
8,6491,42146063,2821,523080,91,0.032258,317.192349654,1271.069654997,1069.967966922,0.249547575,0.296450323
8,6491,42146063,2821,523080,96,0.034030,114.754177501,1280.762209616,1076.426498867,0.089598347,0.106606608
8,6491,42146063,2821,523080,102,0.036157,349.684767595,1295.276470486,1085.081917958,0.269969212,0.322265777
8,6491,42146063,2821,523080,108,0.038284,498.769717169,1308.202123350,1094.358145433,0.381263498,0.455764613
8,6491,42146063,2821,523080,115,0.040766,663.132976261,1320.596111801,1107.042581699,0.502146697,0.599013071
8,6491,42146063,2821,523080,122,0.043247,502.607901040,1328.549973266,1110.986467425,0.378313132,0.452397861
8,6491,42146063,2821,523080,129,0.045728,446.195858621,1335.865969101,1114.611399479,0.334012445,0.400315176
8,6491,42146063,2821,523080,137,0.048564,485.973171769,1351.048394467,1124.858008562,0.359700788,0.432030681
8,6491,42146063,2821,523080,146,0.051755,272.363286683,1370.304863742,1142.943934975,0.198761089,0.238299779
8,6491,42146063,2821,523080,154,0.054591,441.224505185,1379.208808774,1147.100934458,0.319911316,0.384643140
8,6491,42146063,2821,523080,164,0.058135,307.359725392,1392.719278933,1156.953970382,0.220690365,0.265662881
8,6491,42146063,2821,523080,174,0.061680,536.095023348,1404.199936062,1165.201175919,0.381779695,0.460087953
8,6491,42146063,2821,523080,184,0.065225,506.184706941,1415.277097290,1172.256049772,0.357657669,0.431803877
8,6491,42146063,2821,523080,195,0.069124,627.740021746,1427.342500116,1182.843578858,0.439796350,0.530704172
8,6491,42146063,2821,523080,207,0.073378,449.328321876,1438.831966497,1190.987536020,0.312286863,0.377273740
8,6491,42146063,2821,523080,220,0.077987,87.772965687,1451.001818023,1201.027360197,0.060491286,0.073081570
8,6491,42146063,2821,523080,233,0.082595,373.654597594,1464.202725501,1211.797601601,0.255193213,0.308347365
8,6491,42146063,2821,523080,247,0.087558,427.985899439,1481.602922056,1222.580262999,0.288866803,0.350067732
8,6491,42146063,2821,523080,262,0.092875,359.735755632,1496.123612195,1233.237109772,0.240445210,0.291700398
8,6491,42146063,2821,523080,278,0.098547,437.900752869,1504.781023736,1239.924220510,0.291006297,0.353167351
8,6491,42146063,2821,523080,295,0.104573,630.026790844,1517.003253700,1248.691369222,0.415310112,0.504549648
8,6491,42146063,2821,523080,313,0.110954,524.057861893,1527.413271413,1256.762186874,0.343101551,0.416990475
8,6491,42146063,2821,523080,332,0.117689,336.774620039,1540.307144270,1266.901563975,0.218641211,0.265825404
8,6491,42146063,2821,523080,352,0.124778,306.238475897,1554.179817124,1274.313562603,0.197041856,0.240316422
8,6491,42146063,2821,523080,373,0.132223,458.867754262,1570.869234607,1287.202920967,0.292110727,0.356484395
8,6491,42146063,2821,523080,396,0.140376,291.699523421,1585.007264251,1297.504332470,0.184036711,0.224815838
8,6491,42146063,2821,523080,420,0.148883,373.979612508,1596.997481227,1307.358221054,0.234176708,0.286057491
8,6491,42146063,2821,523080,446,0.158100,611.254299122,1607.218945809,1315.600241145,0.380318003,0.464620087
8,6491,42146063,2821,523080,473,0.167671,529.634398337,1621.127071970,1327.085449020,0.326707516,0.399095928
8,6491,42146063,2821,523080,501,0.177597,517.487355387,1635.789697541,1336.911677902,0.316353231,0.387076696
8,6491,42146063,2821,523080,532,0.188586,419.847713768,1648.655549386,1345.382852195,0.254660662,0.312065605
8,6491,42146063,2821,523080,564,0.199929,175.909258921,1663.161806859,1356.526746946,0.105767977,0.129676219
8,6491,42146063,2821,523080,598,0.211982,154.023649482,1678.973615870,1368.651630992,0.091736790,0.112536781
8,6491,42146063,2821,523080,634,0.224743,408.468567113,1695.833499719,1381.056066094,0.240865962,0.295765376
8,6491,42146063,2821,523080,673,0.238568,762.339506953,1710.564358697,1392.149032816,0.445665492,0.547599064
8,6491,42146063,2821,523080,713,0.252747,557.025367800,1719.309573772,1398.724127656,0.323982008,0.398238192
8,6491,42146063,2821,523080,757,0.268345,552.067972560,1730.472260337,1406.572078078,0.319027346,0.392491776
8,6491,42146063,2821,523080,803,0.284651,355.960986645,1746.804262859,1419.634807483,0.203778405,0.250741236
8,6491,42146063,2821,523080,851,0.301666,447.592587745,1762.091929299,1429.913950904,0.254012053,0.313020645
8,6491,42146063,2821,523080,903,0.320099,478.993522227,1781.440903205,1444.872347618,0.268879827,0.331512692
8,6491,42146063,2821,523080,958,0.339596,379.088938962,1795.672344517,1455.301382423,0.211112534,0.260488270
8,6491,42146063,2821,523080,1016,0.360156,494.706292401,1807.101622938,1463.930067456,0.273756764,0.337930276
8,6491,42146063,2821,523080,1077,0.381780,712.056907123,1823.814373809,1475.614558445,0.390421809,0.482549391
8,6491,42146063,2821,523080,1143,0.405175,733.798321595,1838.002385182,1486.410078821,0.399236871,0.493671519
8,6491,42146063,2821,523080,1212,0.429635,582.028222559,1852.119098842,1497.121594917,0.314249890,0.388764830
8,6491,42146063,2821,523080,1285,0.455512,571.348740332,1865.359788610,1507.280347822,0.306294123,0.379059371
8,6491,42146063,2821,523080,1363,0.483162,392.445983848,1886.641456553,1524.120073733,0.208013018,0.257490201
8,6491,42146063,2821,523080,1446,0.512584,384.803555417,1904.600670442,1537.828237077,0.202038969,0.250225315
8,6491,42146063,2821,523080,1534,0.543779,577.810315945,1921.520588537,1550.443446862,0.300704723,0.372674229
8,6491,42146063,2821,523080,1627,0.576746,889.650257825,1936.579137408,1562.149312660,0.459392669,0.569503984
8,6491,42146063,2821,523080,1725,0.611485,777.467999211,1952.057988275,1572.825740015,0.398281201,0.494312866
8,6491,42146063,2821,523080,1830,0.648706,623.770198379,1962.923362399,1580.992096774,0.317776134,0.394543527
8,6491,42146063,2821,523080,1941,0.688054,515.010266953,1977.389804379,1591.626986018,0.260449541,0.323574727
8,6491,42146063,2821,523080,2058,0.729529,411.498330337,1997.585005744,1607.153013707,0.205997907,0.256041787
8,6491,42146063,2821,523080,2183,0.773839,395.173201676,2019.048589524,1623.538970966,0.195722482,0.243402351
8,6491,42146063,2821,523080,2316,0.820985,465.810064693,2036.431350652,1636.738342571,0.228738408,0.284596537
8,6491,42146063,2821,523080,2456,0.870613,653.845992620,2053.035419347,1649.532905468,0.318477697,0.396382510
8,6491,42146063,2821,523080,2605,0.923431,276.682697277,2068.505520663,1661.175939581,0.133759709,0.166558334
8,6491,42146063,2821,523080,2763,0.979440,621.707454898,2080.503917923,1670.276587029,0.298825419,0.372218266
8,6491,42146063,2821,523080,2930,1.038639,704.736237921,2101.499916204,1685.942245529,0.335349163,0.418007343
8,6491,42146063,2821,523080,3108,1.101737,182.574602812,2120.241686395,1700.443542887,0.086110279,0.107368812
8,6491,42146063,2821,523080,3296,1.168380,-94.982206022,2135.888091751,1712.261188122,0.044469655,0.055471798
8,6491,42146063,2821,523080,3496,1.239277,136.955590664,2156.972434752,1728.588173011,0.063494363,0.079229740
8,6491,42146063,2821,523080,3708,1.314428,580.259317791,2182.056967119,1747.297231862,0.265923084,0.332089645
8,6491,42146063,2821,523080,3933,1.394186,676.481197161,2199.817668221,1760.712612021,0.307516940,0.384208753
8,6491,42146063,2821,523080,4172,1.478908,644.855133926,2213.130907623,1770.810167551,0.291376860,0.364158251
8,6491,42146063,2821,523080,4425,1.568593,550.853956074,2226.651092596,1781.129841066,0.247391232,0.309272207
8,6491,42146063,2821,523080,4693,1.663594,450.864953149,2244.719118859,1794.864416873,0.200855844,0.251197221
8,6491,42146063,2821,523080,4977,1.764268,348.334496953,2268.068347942,1812.752557681,0.153582011,0.192157774
8,6491,42146063,2821,523080,5279,1.871322,411.293185015,2291.206280769,1830.111457699,0.179509452,0.224736687
8,6491,42146063,2821,523080,5599,1.984757,292.130475497,2309.640950377,1843.960322563,0.126483069,0.158425576
8,6491,42146063,2821,523080,5939,2.105282,507.507822166,2332.126690785,1861.206811496,0.217615889,0.272676749
8,6491,42146063,2821,523080,6299,2.232896,672.353436919,2349.153868374,1874.312795482,0.286210897,0.358719974
8,6491,42146063,2821,523080,6681,2.368309,701.384696346,2366.471163261,1887.406477227,0.296384214,0.371612954
8,6491,42146063,2821,523080,7086,2.511875,781.464428933,2387.469087531,1903.343920253,0.327319182,0.410574474
8,6491,42146063,2821,523080,7515,2.663949,369.891176293,2406.747639072,1918.130607651,0.153689224,0.192839411
8,6491,42146063,2821,523080,7971,2.825594,691.410648384,2431.680365022,1937.403037152,0.284334511,0.356874969
8,6491,42146063,2821,523080,8454,2.996810,279.159784409,2452.414231482,1953.167099000,0.113830600,0.142926729
8,6491,42146063,2821,523080,8967,3.178660,467.406390129,2476.577746521,1971.810389776,0.188730756,0.237044288
8,6491,42146063,2821,523080,9510,3.371145,795.985836786,2497.673304814,1988.060755415,0.318690933,0.400383054
8,6491,42146063,2821,523080,10087,3.575682,695.071322141,2515.949380915,2001.920632733,0.276266020,0.347202237
8,6491,42146063,2821,523080,10698,3.792272,732.151985582,2533.557809696,2015.341935897,0.288981756,0.363289213
8,6491,42146063,2821,523080,11347,4.022333,436.783548407,2552.757333457,2029.951470867,0.171102652,0.215169453
8,6491,42146063,2821,523080,12035,4.266218,319.261158333,2574.832468186,2046.843688502,0.123992983,0.155977303
8,6491,42146063,2821,523080,12765,4.524991,364.122137817,2602.692477723,2068.099330712,0.139902098,0.176066078
8,6491,42146063,2821,523080,13539,4.799362,534.438315089,2632.569181260,2091.055989561,0.203010169,0.255582977
8,6491,42146063,2821,523080,14359,5.090039,417.288485305,2652.414081555,2106.196223122,0.157324035,0.198124221
8,6491,42146063,2821,523080,15230,5.398795,472.048706683,2667.949987490,2118.172419323,0.176933117,0.222856601
8,6491,42146063,2821,523080,16153,5.725984,940.562935319,2693.958574434,2137.974847358,0.349137861,0.439931712
8,6491,42146063,2821,523080,17133,6.073378,700.817198323,2719.528733383,2157.663990141,0.257698030,0.324803677
8,6491,42146063,2821,523080,18172,6.441687,678.101963642,2740.378768345,2173.670116946,0.247448262,0.311961764
8,6491,42146063,2821,523080,19273,6.831974,-109.580168476,2769.158004193,2195.637262341,0.039571656,0.049908138
8,6491,42146063,2821,523080,20442,7.246367,154.179244597,2791.797160720,2213.068697225,0.055225805,0.069667627
8,6491,42146063,2821,523080,21681,7.685572,406.999876565,2820.056738284,2234.754484602,0.144323294,0.182122859
8,6491,42146063,2821,523080,22996,8.151719,632.779056648,2845.587956520,2254.257352702,0.222371990,0.280704000
8,6491,42146063,2821,523080,24390,8.645870,922.411529508,2865.324646157,2269.408562772,0.321922171,0.406454591
8,6491,42146063,2821,523080,25869,9.170152,540.349127454,2882.471909347,2282.603178726,0.187460327,0.236724952
8,6491,42146063,2821,523080,27437,9.725984,463.764099603,2903.733015919,2298.999160737,0.159713065,0.201724345
8,6491,42146063,2821,523080,29101,10.315845,593.482831986,2928.979951999,2318.368981149,0.202624409,0.255991534
8,6491,42146063,2821,523080,30865,10.941156,43.110323461,2965.495364150,2346.466260918,0.014537309,0.018372445
8,6491,42146063,2821,523080,32736,11.604396,197.023299912,2985.325711233,2361.621290061,0.065997254,0.083427136
8,6491,42146063,2821,523080,34721,12.308047,763.421189873,3011.500947327,2381.780763173,0.253501893,0.320525382
8,6491,42146063,2821,523080,36826,13.054236,477.771627522,3037.382607468,2401.685144784,0.157297150,0.198931833
8,6491,42146063,2821,523080,39059,13.845799,401.834994267,3056.507817485,2416.285057904,0.131468662,0.166302810
8,6491,42146063,2821,523080,41427,14.685218,485.846570318,3079.585028660,2434.068152935,0.157763649,0.199602698
8,6491,42146063,2821,523080,43939,15.575682,482.454750090,3111.210801052,2458.575236137,0.155069772,0.196233470
8,6491,42146063,2821,523080,46603,16.520028,106.533633618,3141.154270785,2481.653547440,0.033915441,0.042928488
8,6491,42146063,2821,523080,49428,17.521446,-75.744498904,3166.015805330,2500.782383962,0.023924233,0.030288321
8,6491,42146063,2821,523080,52425,18.583836,341.444011227,3196.450567925,2524.161372131,0.106819738,0.135270278
8,6491,42146063,2821,523080,55604,19.710741,157.093645457,3223.157594019,2544.720880280,0.048739052,0.061733154
8,6491,42146063,2821,523080,58975,20.905707,969.658698477,3251.208245085,2566.237437234,0.298245645,0.377852292
8,6491,42146063,2821,523080,62551,22.173343,703.549277389,3273.233516662,2583.243047486,0.214940142,0.272351174
8,6491,42146063,2821,523080,66343,23.517547,118.402216245,3296.961207911,2601.466010772,0.035912529,0.045513651
8,6491,42146063,2821,523080,70365,24.943283,-64.756484077,3325.152373504,2623.187355661,0.019474742,0.024686183
8,6491,42146063,2821,523080,74632,26.455867,147.164852704,3364.221758805,2653.257416954,0.043744100,0.055465727
8,6491,42146063,2821,523080,79156,28.059553,307.077074316,3405.408974303,2684.976329990,0.090173332,0.114368634
8,6491,42146063,2821,523080,83956,29.761078,514.040173260,3430.827649126,2704.596646584,0.149829786,0.190061677
8,6491,42146063,2821,523080,89046,31.565402,285.185353018,3456.274294188,2724.258173161,0.082512361,0.104683673
8,6491,42146063,2821,523080,94445,33.479263,967.864368139,3480.919661882,2743.302590549,0.278048465,0.352809920
8,6491,42146063,2821,523080,100171,35.509039,623.751267332,3513.883698105,2768.722384101,0.177510504,0.225284872
8,6491,42146063,2821,523080,106244,37.661822,499.742501404,3548.837062392,2795.699470694,0.140818666,0.178754014
8,6491,42146063,2821,523080,112686,39.945409,115.307255879,3582.675411766,2821.821397843,0.032184678,0.040862705
8,6491,42146063,2821,523080,119518,42.367246,-388.499429714,3617.493305068,2848.626885578,0.107394651,0.136381297
8,6491,42146063,2821,523080,126764,44.935838,363.780048404,3657.640752182,2879.682130797,0.099457567,0.126326460
8,6491,42146063,2821,523080,134450,47.660404,483.229998721,3687.362235435,2902.630053358,0.131050319,0.166480051
8,6491,42146063,2821,523080,142601,50.549805,1009.856631003,3720.400811302,2928.158048631,0.271437590,0.344877774
8,6491,42146063,2821,523080,151247,53.614676,690.344581711,3740.775574402,2943.899251021,0.184545843,0.234500070
8,6491,42146063,2821,523080,160417,56.865296,802.518390034,3769.664427397,2966.175214549,0.212888549,0.270556637
8,6491,42146063,2821,523080,170143,60.313010,45.655418471,3802.780146092,2991.788807664,0.012005800,0.015260241
8,6491,42146063,2821,523080,180459,63.969869,161.931062190,3830.367302264,3013.096638656,0.042275596,0.053742406
8,6491,42146063,2821,523080,191400,67.848281,58.680997900,3872.507781782,3045.679607264,0.015153229,0.019266964
8,6491,42146063,2821,523080,203004,71.961716,424.738991721,3908.844473556,3073.736765639,0.108661011,0.138183268
8,6491,42146063,2821,523080,215312,76.324708,592.958485267,3931.165504181,3090.997827829,0.150835289,0.191834003
8,6491,42146063,2821,523080,228367,80.952499,710.809741831,3965.167092312,3117.304048963,0.179263503,0.228020665
8,6491,42146063,2821,523080,242212,85.860333,661.778339545,3996.789145695,3141.759128475,0.165577496,0.210639426
8,6491,42146063,2821,523080,256897,91.065934,763.941156237,4030.831243618,3168.074554430,0.189524470,0.241137367
8,6491,42146063,2821,523080,272473,96.587380,677.667457356,4067.353928996,3196.313261181,0.166611382,0.212015345
8,6491,42146063,2821,523080,288993,102.443460,-127.950811935,4106.164840050,3226.385139454,0.031160661,0.039657637
8,6491,42146063,2821,523080,306514,108.654378,-220.222338612,4137.998682077,3251.015262008,0.053219528,0.067739559
8,6491,42146063,2821,523080,325098,115.242113,813.709249417,4176.588181663,3280.862352052,0.194826307,0.248016882
8,6491,42146063,2821,523080,344809,122.229351,1171.573652239,4216.405304205,3311.705526734,0.277860777,0.353767460
8,8180,66928760,4480,739962,4,0.000893,114.141907536,806.587448686,710.490792211,0.141512130,0.160652198
8,8180,66928760,4480,739962,5,0.001116,404.433282781,857.235320620,767.506513561,0.471787936,0.526944431
8,8180,66928760,4480,739962,5,0.001116,404.433282781,857.235320620,767.506513561,0.471787936,0.526944431
8,8180,66928760,4480,739962,5,0.001116,404.433282781,857.235320620,767.506513561,0.471787936,0.526944431
8,8180,66928760,4480,739962,6,0.001339,140.515170479,896.942119047,811.615067849,0.156660243,0.173130313
8,8180,66928760,4480,739962,6,0.001339,140.515170479,896.942119047,811.615067849,0.156660243,0.173130313
8,8180,66928760,4480,739962,6,0.001339,140.515170479,896.942119047,811.615067849,0.156660243,0.173130313
8,8180,66928760,4480,739962,7,0.001563,398.305902627,933.253034552,851.572122571,0.426793043,0.467730087
8,8180,66928760,4480,739962,7,0.001563,398.305902627,933.253034552,851.572122571,0.426793043,0.467730087
8,8180,66928760,4480,739962,8,0.001786,398.305902627,965.951224321,851.572122571,0.412345771,0.467730087
8,8180,66928760,4480,739962,8,0.001786,398.305902627,965.951224321,851.572122571,0.412345771,0.467730087
8,8180,66928760,4480,739962,9,0.002009,398.305902627,983.733518896,851.572122571,0.404892072,0.467730087
8,8180,66928760,4480,739962,9,0.002009,398.305902627,983.733518896,851.572122571,0.404892072,0.467730087
8,8180,66928760,4480,739962,10,0.002232,127.925539679,1020.214279878,893.465511706,0.125390854,0.143179046
8,8180,66928760,4480,739962,10,0.002232,127.925539679,1020.214279878,893.465511706,0.125390854,0.143179046
8,8180,66928760,4480,739962,11,0.002455,363.744099449,1047.113924079,924.062234777,0.347377770,0.393635932
8,8180,66928760,4480,739962,11,0.002455,363.744099449,1047.113924079,924.062234777,0.347377770,0.393635932
8,8180,66928760,4480,739962,12,0.002679,363.744099449,1064.086735450,924.062234777,0.341836889,0.393635932
8,8180,66928760,4480,739962,13,0.002902,516.236588235,1074.957924617,936.560181129,0.480238879,0.551204929
8,8180,66928760,4480,739962,14,0.003125,306.826292888,1095.165380887,959.686221988,0.280164346,0.319715221
8,8180,66928760,4480,739962,15,0.003348,133.623266275,1108.777028947,975.190716271,0.120514100,0.137022701
8,8180,66928760,4480,739962,15,0.003348,133.623266275,1108.777028947,975.190716271,0.120514100,0.137022701
8,8180,66928760,4480,739962,16,0.003571,133.623266275,1122.584503736,975.190716271,0.119031811,0.137022701
8,8180,66928760,4480,739962,17,0.003795,299.439592725,1134.764743083,989.187538953,0.263878125,0.302712662
8,8180,66928760,4480,739962,18,0.004018,299.439592725,1148.183427928,989.187538953,0.260794212,0.302712662
8,8180,66928760,4480,739962,20,0.004464,487.016473944,1170.223194094,1006.815312551,0.416174005,0.483719773
8,8180,66928760,4480,739962,21,0.004687,330.108911268,1180.695687813,1018.968624057,0.279588479,0.323963764
8,8180,66928760,4480,739962,22,0.004911,150.313348074,1194.306808054,1034.709380143,0.125858236,0.145271079
8,8180,66928760,4480,739962,23,0.005134,290.515571032,1202.507968825,1044.164816817,0.241591389,0.278227696
8,8180,66928760,4480,739962,25,0.005580,290.515571032,1223.769447749,1044.164816817,0.237394038,0.278227696
8,8180,66928760,4480,739962,26,0.005804,114.018873933,1236.431455977,1058.976510016,0.092216090,0.107668936
8,8180,66928760,4480,739962,28,0.006250,114.018873933,1256.182612057,1058.976510016,0.090766162,0.107668936
8,8180,66928760,4480,739962,29,0.006473,237.286027760,1262.216124936,1066.126652879,0.187991599,0.222568329
8,8180,66928760,4480,739962,31,0.006920,458.026086988,1272.123690479,1077.838196488,0.360048390,0.424948836
8,8180,66928760,4480,739962,33,0.007366,354.367439701,1281.891472118,1082.811291485,0.276441062,0.327266110
8,8180,66928760,4480,739962,35,0.007812,116.061926623,1292.927395596,1095.853912235,0.089766778,0.105910035
8,8180,66928760,4480,739962,37,0.008259,263.332738324,1307.998720263,1105.705425934,0.201324920,0.238158132
8,8180,66928760,4480,739962,40,0.008929,-27.466810902,1330.911752206,1124.863363161,0.020637590,0.024417909
8,8180,66928760,4480,739962,42,0.009375,243.990618611,1344.708268275,1141.153723382,0.181445020,0.213810474
8,8180,66928760,4480,739962,44,0.009821,352.588546611,1351.491811687,1146.309439180,0.260888408,0.307585836
8,8180,66928760,4480,739962,47,0.010491,380.409489149,1366.965100749,1159.670415206,0.278287638,0.328032417
8,8180,66928760,4480,739962,50,0.011161,380.409489149,1383.572328761,1159.670415206,0.274947309,0.328032417
8,8180,66928760,4480,739962,53,0.011830,380.270507699,1395.027507043,1169.340001860,0.272589971,0.325200974
8,8180,66928760,4480,739962,56,0.012500,291.111117906,1404.051000779,1172.734171387,0.207336570,0.248232826
8,8180,66928760,4480,739962,60,0.013393,171.045008439,1420.373174319,1188.301895176,0.120422584,0.143940702
8,8180,66928760,4480,739962,63,0.014063,153.124316153,1438.435278758,1201.776985309,0.106452003,0.127414918
8,8180,66928760,4480,739962,67,0.014955,288.136351276,1453.828444013,1216.021521589,0.198191439,0.236950043
8,8180,66928760,4480,739962,71,0.015848,359.534599436,1467.666391089,1226.525469509,0.244970248,0.293132600
8,8180,66928760,4480,739962,76,0.016964,350.471387396,1479.769984824,1234.097423166,0.236841800,0.283990049
8,8180,66928760,4480,739962,80,0.017857,452.606364029,1489.115721910,1242.833962757,0.303943043,0.364172832
8,8180,66928760,4480,739962,85,0.018973,342.357456802,1500.977952411,1252.216595952,0.228089597,0.273401150
8,8180,66928760,4480,739962,90,0.020089,259.919885769,1517.264492306,1263.818147494,0.171308224,0.205662410
8,8180,66928760,4480,739962,96,0.021429,-86.277721348,1532.004634307,1275.851940581,0.056316880,0.067623616
8,8180,66928760,4480,739962,101,0.022545,96.586503406,1546.895634902,1282.427811748,0.062438927,0.075315353
8,8180,66928760,4480,739962,108,0.024107,335.972198548,1563.717575899,1296.515627972,0.214854782,0.259134708
8,8180,66928760,4480,739962,114,0.025446,553.603253781,1573.328224908,1306.232001652,0.351867617,0.423816943
8,8180,66928760,4480,739962,121,0.027009,297.543826295,1589.109994676,1314.616578112,0.187239289,0.226335063
8,8180,66928760,4480,739962,128,0.028571,204.016531834,1598.592271702,1319.864404104,0.127622619,0.154573857
8,8180,66928760,4480,739962,136,0.030357,140.809243109,1611.658259972,1330.121798455,0.087369169,0.105861917
8,8180,66928760,4480,739962,144,0.032143,118.065472058,1628.295459341,1344.525324619,0.072508629,0.087812011
8,8180,66928760,4480,739962,153,0.034152,81.014916581,1642.777818902,1353.594201371,0.049315809,0.059851702
8,8180,66928760,4480,739962,162,0.036161,-90.416836959,1660.652223807,1367.127910571,0.054446582,0.066136340
8,8180,66928760,4480,739962,172,0.038393,125.757369774,1677.404771190,1377.180635784,0.074971391,0.091315087
8,8180,66928760,4480,739962,183,0.040848,273.825859937,1693.695777220,1390.425149790,0.161673580,0.196936786
8,8180,66928760,4480,739962,194,0.043304,312.740337330,1702.205883125,1397.366652336,0.183726505,0.223806928
8,8180,66928760,4480,739962,206,0.045982,210.910825890,1712.277254728,1405.863628793,0.123175628,0.150022251
8,8180,66928760,4480,739962,218,0.048661,-220.449915961,1729.829958625,1420.796945399,0.127440223,0.155159340
8,8180,66928760,4480,739962,231,0.051562,-10.624200247,1752.202264669,1439.251990780,0.006063341,0.007381751
8,8180,66928760,4480,739962,245,0.054688,124.770520249,1765.163264053,1445.938735739,0.070684974,0.086290323
8,8180,66928760,4480,739962,260,0.058036,126.969238821,1780.982719778,1459.201089027,0.071291674,0.087012845
8,8180,66928760,4480,739962,276,0.061607,160.646235132,1795.534319378,1469.003387675,0.089469877,0.109357294
8,8180,66928760,4480,739962,293,0.065402,461.139716302,1810.099272363,1480.904147472,0.254759351,0.311390658
8,8180,66928760,4480,739962,310,0.069196,141.314608562,1824.172106394,1491.163033280,0.077467805,0.094768047
8,8180,66928760,4480,739962,329,0.073438,-6.562695536,1838.797289375,1502.365196377,0.003569015,0.004368243
8,8180,66928760,4480,739962,349,0.077902,-66.580700804,1852.938919744,1511.362206538,0.035932485,0.044053438
8,8180,66928760,4480,739962,370,0.082589,71.353015150,1869.054463443,1521.153279883,0.038175996,0.046907183
8,8180,66928760,4480,739962,393,0.087723,-63.845629758,1891.166722713,1537.680758811,0.033759916,0.041520731
8,8180,66928760,4480,739962,417,0.093080,-160.373256970,1909.003984538,1552.586671263,0.084008864,0.103294238
8,8180,66928760,4480,739962,442,0.098661,251.873707836,1919.579994060,1561.032671168,0.131212926,0.161350696
8,8180,66928760,4480,739962,469,0.104688,175.028916279,1935.024539361,1573.378273617,0.090453073,0.111244015
8,8180,66928760,4480,739962,497,0.110937,95.037115278,1947.806932636,1582.197759935,0.048791856,0.060066521
8,8180,66928760,4480,739962,527,0.117634,-40.080955513,1963.975588894,1594.952483553,0.020408072,0.025129874
8,8180,66928760,4480,739962,559,0.124777,-322.964762101,1981.492503157,1607.421164398,0.162990656,0.200921059
8,8180,66928760,4480,739962,593,0.132366,-371.314973114,2002.536132046,1623.277106103,0.185422359,0.228744046
8,8180,66928760,4480,739962,629,0.140402,-1.240452870,2019.902509946,1636.421785877,0.000614115,0.000758028
8,8180,66928760,4480,739962,667,0.148884,356.515356949,2034.652366662,1647.277435199,0.175221754,0.216427026
8,8180,66928760,4480,739962,708,0.158036,96.915565464,2047.248894861,1657.116529396,0.047339415,0.058484460
8,8180,66928760,4480,739962,750,0.167411,41.996629739,2064.166245632,1668.059873813,0.020345566,0.025176932
8,8180,66928760,4480,739962,796,0.177679,-45.772118510,2083.346931230,1683.668126311,0.021970473,0.027185951
8,8180,66928760,4480,739962,844,0.188393,-15.691603615,2098.848252040,1695.259530368,0.007476293,0.009256166
8,8180,66928760,4480,739962,895,0.199777,-72.839586393,2116.785674425,1707.543548670,0.034410468,0.042657528
8,8180,66928760,4480,739962,950,0.212054,-142.149106877,2136.703680212,1722.885821239,0.066527291,0.082506400
8,8180,66928760,4480,739962,1007,0.224777,-157.574763565,2157.742040594,1739.257060104,0.073027619,0.090598893
8,8180,66928760,4480,739962,1068,0.238393,193.830452804,2175.870063154,1752.125902478,0.089081814,0.110625870
8,8180,66928760,4480,739962,1133,0.252902,381.420068101,2187.058915901,1760.543746163,0.174398625,0.216649015
8,8180,66928760,4480,739962,1202,0.268304,142.904635246,2200.720152459,1771.164427811,0.064935396,0.080684003
8,8180,66928760,4480,739962,1275,0.284598,-70.618597847,2221.006056007,1786.163950463,0.031795770,0.039536459
8,8180,66928760,4480,739962,1352,0.301786,-198.707319666,2240.271179507,1801.023241219,0.088697887,0.110330236
8,8180,66928760,4480,739962,1434,0.320089,-257.827766691,2264.306733371,1819.701547310,0.113866095,0.141686843
8,8180,66928760,4480,739962,1521,0.339509,-43.213538050,2282.020534359,1833.150959221,0.018936525,0.023573366
8,8180,66928760,4480,739962,1613,0.360045,268.961762978,2296.270893193,1844.197377849,0.117129805,0.145842178
8,8180,66928760,4480,739962,1711,0.381920,282.553572713,2317.423473977,1859.617663992,0.121925740,0.151941756
8,8180,66928760,4480,739962,1815,0.405134,122.825171718,2334.876365711,1872.535252346,0.052604572,0.065592982
8,8180,66928760,4480,739962,1925,0.429688,32.501035653,2352.454798201,1885.229949113,0.013815796,0.017239826
8,8180,66928760,4480,739962,2041,0.455580,-96.199452214,2368.977829116,1898.164827347,0.040608000,0.050680242
8,8180,66928760,4480,739962,2165,0.483259,90.264086955,2395.535877296,1918.519774945,0.037680123,0.047048818
8,8180,66928760,4480,739962,2296,0.512500,-87.243581730,2417.923579117,1935.291341955,0.036082026,0.045080335
8,8180,66928760,4480,739962,2436,0.543750,182.076555027,2439.202702398,1951.528968617,0.074645930,0.093299437
8,8180,66928760,4480,739962,2583,0.576562,-195.029146469,2457.954013398,1965.722823854,0.079346133,0.099214978
8,8180,66928760,4480,739962,2740,0.611607,228.040185697,2477.442154648,1980.700065130,0.092046624,0.115131104
8,8180,66928760,4480,739962,2906,0.648661,299.268886584,2490.950793406,1990.714852914,0.120142432,0.150332372
8,8180,66928760,4480,739962,3082,0.687946,14.544844375,2509.055756333,2004.874616705,0.005796939,0.007254740
8,8180,66928760,4480,739962,3269,0.729688,-538.497307660,2534.488658246,2024.263686733,0.212467831,0.266021325
8,8180,66928760,4480,739962,3467,0.773884,-420.282655185,2561.335190757,2045.299699665,0.164087331,0.205487076
8,8180,66928760,4480,739962,3677,0.820759,-5.432461632,2583.012278284,2061.458741537,0.002103150,0.002635251
8,8180,66928760,4480,739962,3900,0.870536,31.236220922,2603.849532958,2077.014995524,0.011996170,0.015038996
8,8180,66928760,4480,739962,4137,0.923438,135.655707058,2623.289272475,2091.986418822,0.051712066,0.064845405
8,8180,66928760,4480,739962,4388,0.979464,-34.019629517,2638.261925409,2103.462097079,0.012894713,0.016173160
8,8180,66928760,4480,739962,4654,1.038839,-46.615812490,2664.662311774,2123.621075230,0.017494079,0.021951097
8,8180,66928760,4480,739962,4936,1.101786,-469.510788244,2688.036559873,2141.640678463,0.174666816,0.219229487
8,8180,66928760,4480,739962,5235,1.168527,-131.535675991,2707.600944535,2156.464847629,0.048580156,0.060995975
8,8180,66928760,4480,739962,5552,1.239286,-356.731985745,2734.007336218,2176.365062055,0.130479528,0.163911833
8,8180,66928760,4480,739962,5889,1.314509,42.763439328,2765.429235819,2200.290131524,0.015463581,0.019435364
8,8180,66928760,4480,739962,6246,1.394196,-42.674211478,2787.644757276,2217.466612473,0.015308339,0.019244579
8,8180,66928760,4480,739962,6625,1.478795,106.345703890,2804.311530805,2230.276541875,0.037922215,0.047682743
8,8180,66928760,4480,739962,7027,1.568527,320.606160171,2821.255587583,2242.980335140,0.113639530,0.142937571
8,8180,66928760,4480,739962,7453,1.663616,-462.701142500,2843.871325353,2260.353371045,0.162701153,0.204703012
8,8180,66928760,4480,739962,7904,1.764286,-187.694336843,2873.155888513,2283.057986920,0.065326889,0.082211813
8,8180,66928760,4480,739962,8384,1.871429,-551.608981631,2902.184818950,2305.116518905,0.190066800,0.239297657
8,8180,66928760,4480,739962,8892,1.984821,-340.727055543,2925.314242005,2323.033791494,0.116475369,0.146673310
8,8180,66928760,4480,739962,9431,2.105134,9.192901052,2953.441482666,2344.422299462,0.003112606,0.003921180
8,8180,66928760,4480,739962,10003,2.232813,121.615026240,2974.824224913,2360.818368062,0.040881416,0.051513927
8,8180,66928760,4480,739962,10609,2.368080,54.216586528,2996.534523582,2377.331505699,0.018093096,0.022805648
8,8180,66928760,4480,739962,11253,2.511830,-222.375323529,3022.882732250,2397.296902400,0.073563993,0.092760860
8,8180,66928760,4480,739962,11935,2.664062,-537.485043723,3047.108851465,2415.844111169,0.176391809,0.222483330
8,8180,66928760,4480,739962,12658,2.825446,-216.769717696,3078.341433394,2439.640027953,0.070417698,0.088853157
8,8180,66928760,4480,739962,13426,2.996875,-39.279251330,3104.384476152,2459.744856817,0.012652831,0.015968832
8,8180,66928760,4480,739962,14240,3.178571,-427.871331942,3134.671423336,2483.024674607,0.136496390,0.172318598
8,8180,66928760,4480,739962,15103,3.371205,-186.314000458,3161.168881838,2503.524749898,0.058938325,0.074420674
8,8180,66928760,4480,739962,16019,3.575670,131.408948332,3184.094448745,2521.083697258,0.041270430,0.052123993
8,8180,66928760,4480,739962,16990,3.792411,84.569819850,3206.200853411,2538.072610773,0.026376956,0.033320489
8,8180,66928760,4480,739962,18020,4.022321,-56.178228418,3230.300033983,2556.606879092,0.017391025,0.021973745
8,8180,66928760,4480,739962,19113,4.266295,-857.632378235,3258.045578856,2577.877183792,0.263235230,0.332689386
8,8180,66928760,4480,739962,20272,4.525000,-434.667592257,3293.020151857,2604.707014154,0.131996639,0.166877729
8,8180,66928760,4480,739962,21501,4.799330,-503.616848587,3330.509666854,2633.581937022,0.151213147,0.191228851
8,8180,66928760,4480,739962,22804,5.090179,37.180927051,3355.428113231,2652.693030262,0.011080830,0.014016295
8,8180,66928760,4480,739962,24187,5.398884,519.237182698,3374.920595133,2667.713551301,0.153851674,0.194637532
8,8180,66928760,4480,739962,25653,5.726116,-129.803018336,3407.602605403,2692.791381158,0.038092182,0.048203890
8,8180,66928760,4480,739962,27209,6.073437,-226.180059896,3439.680347206,2717.516421911,0.065756128,0.083230430
8,8180,66928760,4480,739962,28858,6.441518,23.133720218,3465.853263157,2737.671030746,0.006674755,0.008450146
8,8180,66928760,4480,739962,30608,6.832143,-672.666945134,3502.033641692,2765.687887745,0.192078950,0.243218676
8,8180,66928760,4480,739962,32464,7.246429,-741.303391345,3530.460580154,2787.368954763,0.209973564,0.265950939
8,8180,66928760,4480,739962,34432,7.685714,-109.429919848,3565.944269675,2814.804049490,0.030687501,0.038876568
8,8180,66928760,4480,739962,36519,8.151563,-360.967125982,3597.980160734,2839.517900386,0.100324935,0.127122680
8,8180,66928760,4480,739962,38734,8.645982,-93.228988380,3622.784635115,2858.531505689,0.025734069,0.032614295
8,8180,66928760,4480,739962,41082,9.170089,-252.782129405,3644.309996153,2875.132253686,0.069363509,0.087920174
8,8180,66928760,4480,739962,43573,9.726116,0.246574610,3671.038828994,2895.887344556,0.000067168,0.000085146
8,8180,66928760,4480,739962,46214,10.315625,-686.366611860,3702.742436722,2920.378844095,0.185367096,0.235026566
8,8180,66928760,4480,739962,49016,10.941071,-1146.846061678,3748.626103300,2955.728825843,0.305937704,0.388007875
8,8180,66928760,4480,739962,51988,11.604464,-527.729452371,3773.541806147,2974.982359860,0.139849902,0.177389103
8,8180,66928760,4480,739962,55140,12.308036,-572.725634860,3806.426217032,3000.334024226,0.150462823,0.190887291
8,8180,66928760,4480,739962,58483,13.054241,110.561247482,3838.939730882,3025.288070427,0.028799944,0.036545692
8,8180,66928760,4480,739962,62029,13.845759,117.552572107,3862.965551331,3043.870404539,0.030430655,0.038619441
8,8180,66928760,4480,739962,65790,14.685268,-385.430532340,3891.973282675,3066.210916397,0.099032163,0.125702550
8,8180,66928760,4480,739962,69779,15.575670,-1135.063195808,3931.708764564,3096.892696200,0.288694627,0.366516798
8,8180,66928760,4480,739962,74010,16.520089,-936.028276190,3969.340525245,3125.898585328,0.235814557,0.299442944
8,8180,66928760,4480,739962,78497,17.521652,-699.862770601,4000.595629918,3150.031203640,0.174939643,0.222176456
8,8180,66928760,4480,739962,83256,18.583929,-318.063717998,4038.840129524,3179.539622546,0.078751252,0.100034519
8,8180,66928760,4480,739962,88304,19.710714,-946.175329423,4072.390191045,3205.474984825,0.232339065,0.295174766
8,8180,66928760,4480,739962,93657,20.905580,-215.224883600,4107.650705180,3232.733823502,0.052396102,0.066576741
8,8180,66928760,4480,739962,99336,22.173214,-172.682140277,4135.331494285,3254.119247907,0.041757750,0.053065708
8,8180,66928760,4480,739962,105359,23.517634,-313.591936157,4165.168572182,3277.187892950,0.075289134,0.095689337
8,8180,66928760,4480,739962,111746,24.943304,-678.398754281,4200.616297284,3304.590083669,0.161499815,0.205289835
8,8180,66928760,4480,739962,118522,26.455804,-1344.170702621,4249.725793590,3342.437171255,0.316295867,0.402152870
8,8180,66928760,4480,739962,125707,28.059598,-517.068955778,4301.498547661,3382.545482776,0.120206702,0.152863859
8,8180,66928760,4480,739962,133329,29.760938,-248.707343925,4333.445149966,3407.234086576,0.057392521,0.072993912
8,8180,66928760,4480,739962,141413,31.565402,72.881583417,4365.440889994,3431.976778652,0.016695125,0.021236036
8,8180,66928760,4480,739962,149986,33.479018,-140.630505303,4396.431642158,3455.939732863,0.031987420,0.040692407
8,8180,66928760,4480,739962,159080,35.508929,-45.680553430,4437.888437902,3488.001187240,0.010293308,0.013096484
8,8180,66928760,4480,739962,168725,37.661830,-1075.731334736,4481.844584007,3521.948307070,0.240019776,0.305436435
8,8180,66928760,4480,739962,178955,39.945312,-998.740120296,4524.386779595,3554.901513111,0.220745964,0.280947339
8,8180,66928760,4480,739962,189805,42.367188,-699.836036980,4568.176443790,3588.790466900,0.153198119,0.195006101
8,8180,66928760,4480,739962,201312,44.935714,-549.533935006,4618.661942113,3627.823823514,0.118981199,0.151477569
8,8180,66928760,4480,739962,213518,47.660268,-417.960685955,4656.028661644,3656.770323427,0.089767636,0.114297768
8,8180,66928760,4480,739962,226463,50.549777,-139.873097416,4697.580162597,3688.942519205,0.029775564,0.037916855
8,8180,66928760,4480,739962,240194,53.614732,-177.739993588,4723.208126804,3708.785809975,0.037631201,0.047924038
8,8180,66928760,4480,739962,254756,56.865179,-129.156394422,4759.554626545,3736.906640297,0.027136235,0.034562382
8,8180,66928760,4480,739962,270202,60.312946,-39.169327144,4801.200362232,3769.148722233,0.008158236,0.010392089
8,8180,66928760,4480,739962,286584,63.969643,-750.003269875,4835.893776438,3796.052175043,0.155090931,0.197574542
8,8180,66928760,4480,739962,303960,67.848214,-1062.308578977,4888.923350759,3837.114234267,0.217288859,0.276850913
8,8180,66928760,4480,739962,322389,71.961830,-315.155682419,4934.615251262,3872.524554461,0.063866313,0.081382488
8,8180,66928760,4480,739962,341935,76.324777,417.224939596,4962.692000239,3894.291776970,0.084072302,0.107137565
8,8180,66928760,4480,739962,362666,80.952232,255.913797475,5005.462782827,3927.413168824,0.051126900,0.065160905
8,8180,66928760,4480,739962,384655,85.860491,-369.087458096,5045.248007815,3958.222391468,0.073155464,0.093245761
8,8180,66928760,4480,739962,407976,91.066071,-718.752546782,5088.076676621,3991.375968263,0.141262130,0.180076383
8,8180,66928760,4480,739962,432712,96.587500,-384.722531508,5134.027099423,4026.993126116,0.074935820,0.095535930
8,8180,66928760,4480,739962,458947,102.443527,-918.833834008,5182.861212803,4064.850583917,0.177283125,0.226043692
8,8180,66928760,4480,739962,486772,108.654464,-582.281303103,5222.905262825,4095.910615385,0.111486093,0.142161624
8,8180,66928760,4480,739962,516285,115.242188,-387.806182801,5271.465278342,4133.555260196,0.073567056,0.093819039
8,8180,66928760,4480,739962,547587,122.229241,-529.154695093,5321.556246429,4172.400381046,0.099436080,0.126822607
8,9869,97416899,6521,980564,7,0.001073,328.621537839,1149.483707813,1099.934827705,0.285886208,0.298764554
8,9869,97416899,6521,980564,7,0.001073,328.621537839,1149.483707813,1099.934827705,0.285886208,0.298764554
8,9869,97416899,6521,980564,7,0.001073,328.621537839,1149.483707813,1099.934827705,0.285886208,0.298764554
8,9869,97416899,6521,980564,8,0.001227,328.621537839,1175.401775407,1099.934827705,0.279582305,0.298764554
8,9869,97416899,6521,980564,8,0.001227,328.621537839,1175.401775407,1099.934827705,0.279582305,0.298764554
8,9869,97416899,6521,980564,9,0.001380,328.621537839,1209.537126332,1099.934827705,0.271691981,0.298764554
8,9869,97416899,6521,980564,9,0.001380,328.621537839,1209.537126332,1099.934827705,0.271691981,0.298764554
8,9869,97416899,6521,980564,10,0.001534,101.379322352,1230.698616427,1123.163233772,0.082375426,0.090262323
8,9869,97416899,6521,980564,10,0.001534,101.379322352,1230.698616427,1123.163233772,0.082375426,0.090262323
8,9869,97416899,6521,980564,11,0.001687,291.288421062,1245.264851446,1139.105401388,0.233916842,0.255716829
8,9869,97416899,6521,980564,12,0.001840,291.288421062,1274.117029990,1139.105401388,0.228619832,0.255716829
8,9869,97416899,6521,980564,12,0.001840,291.288421062,1274.117029990,1139.105401388,0.228619832,0.255716829
8,9869,97416899,6521,980564,13,0.001994,499.205545232,1290.970075809,1157.925146974,0.386690253,0.431120739
8,9869,97416899,6521,980564,14,0.002147,324.531031698,1302.733634444,1171.025973953,0.249115416,0.277133931
8,9869,97416899,6521,980564,15,0.002300,47.906243325,1331.779334520,1203.255212004,0.035971607,0.039813867
8,9869,97416899,6521,980564,16,0.002454,47.906243325,1353.021621653,1203.255212004,0.035406857,0.039813867
8,9869,97416899,6521,980564,17,0.002607,254.387950488,1368.686305935,1220.843069607,0.185862859,0.208370721
8,9869,97416899,6521,980564,18,0.002760,254.387950488,1376.663146282,1220.843069607,0.184785909,0.208370721
8,9869,97416899,6521,980564,19,0.002914,396.425394259,1383.971117388,1229.077880380,0.286440511,0.322538873
8,9869,97416899,6521,980564,20,0.003067,396.425394259,1398.034703759,1229.077880380,0.283559051,0.322538873
8,9869,97416899,6521,980564,21,0.003220,204.902428721,1411.092512645,1243.910560438,0.145208359,0.164724406
8,9869,97416899,6521,980564,22,0.003374,-9.171048769,1427.238428928,1262.196869008,0.006425730,0.007265942
8,9869,97416899,6521,980564,24,0.003680,160.380393572,1445.811311031,1273.533913068,0.110927610,0.125933351
8,9869,97416899,6521,980564,25,0.003834,160.380393572,1453.830277086,1273.533913068,0.110315761,0.125933351
8,9869,97416899,6521,980564,27,0.004140,6.425205382,1475.796637080,1282.805841780,0.004353720,0.005008712
8,9869,97416899,6521,980564,28,0.004294,6.425205382,1482.605770543,1282.805841780,0.004333725,0.005008712
8,9869,97416899,6521,980564,30,0.004601,273.059300904,1495.011656188,1297.124053048,0.182646938,0.210511323
8,9869,97416899,6521,980564,32,0.004907,451.993846830,1515.351935369,1309.407644976,0.298276484,0.345189558
8,9869,97416899,6521,980564,34,0.005214,171.438680758,1528.408636971,1324.496075593,0.112168092,0.129436911
8,9869,97416899,6521,980564,36,0.005521,1.330236963,1544.113101565,1335.375129659,0.000861489,0.000996152
8,9869,97416899,6521,980564,38,0.005827,-20.706309340,1560.796777307,1354.632070541,0.013266499,0.015285560
8,9869,97416899,6521,980564,40,0.006134,-195.992206487,1579.094266490,1365.925763824,0.124116850,0.143486719
8,9869,97416899,6521,980564,43,0.006594,225.994773219,1598.111448264,1387.866957201,0.141413650,0.162836050
8,9869,97416899,6521,980564,45,0.006901,225.994773219,1605.550990998,1387.866957201,0.140758390,0.162836050
8,9869,97416899,6521,980564,48,0.007361,221.252296288,1615.682039698,1396.049835909,0.136940494,0.158484526
8,9869,97416899,6521,980564,51,0.007821,101.111702335,1628.374357872,1401.209801085,0.062093647,0.072160288
8,9869,97416899,6521,980564,54,0.008281,247.725713794,1646.737682954,1408.859316970,0.150434229,0.175834245
8,9869,97416899,6521,980564,58,0.008894,-154.622710975,1670.141599451,1428.272576225,0.092580600,0.108258545
8,9869,97416899,6521,980564,61,0.009354,129.286787556,1687.900143061,1442.317456402,0.076596230,0.089638233
8,9869,97416899,6521,980564,65,0.009968,-79.144052457,1700.345136704,1449.885309873,0.046545875,0.054586423
8,9869,97416899,6521,980564,69,0.010581,45.296097687,1716.651061497,1463.897672393,0.026386316,0.030942120
8,9869,97416899,6521,980564,73,0.011195,394.551500297,1732.878063518,1477.780468108,0.227685668,0.266989251
8,9869,97416899,6521,980564,77,0.011808,176.057170802,1746.247765252,1485.859677610,0.100820270,0.118488424
8,9869,97416899,6521,980564,82,0.012575,317.299262919,1757.294778661,1494.721050658,0.180561205,0.212279919
8,9869,97416899,6521,980564,87,0.013342,82.211224422,1774.591388505,1510.825559829,0.046326847,0.054414769
8,9869,97416899,6521,980564,92,0.014108,75.506394777,1794.727705791,1520.734393401,0.042071226,0.049651271
8,9869,97416899,6521,980564,98,0.015028,-107.790449815,1814.356353237,1534.739305478,0.059409746,0.070233719
8,9869,97416899,6521,980564,104,0.015948,170.374816405,1829.694371379,1543.141119624,0.093116544,0.110407800
8,9869,97416899,6521,980564,110,0.016869,387.007777635,1839.636427931,1552.510970855,0.210371882,0.249278611
8,9869,97416899,6521,980564,117,0.017942,405.466801621,1852.978146373,1562.530344070,0.218818987,0.259493714
8,9869,97416899,6521,980564,124,0.019015,72.057197251,1866.399499085,1571.521599822,0.038607596,0.045851866
8,9869,97416899,6521,980564,131,0.020089,261.751868190,1884.523994020,1583.856915350,0.138895482,0.165262320
8,9869,97416899,6521,980564,139,0.021316,362.565677636,1900.359554804,1595.895519871,0.190787936,0.227186350
8,9869,97416899,6521,980564,148,0.022696,-119.060905015,1922.224858264,1610.386368642,0.061939114,0.073933130
8,9869,97416899,6521,980564,157,0.024076,137.553707790,1938.955988145,1621.182850395,0.070942151,0.084847744
8,9869,97416899,6521,980564,166,0.025456,5.678379876,1949.797021094,1629.435721388,0.002912293,0.003484875
8,9869,97416899,6521,980564,176,0.026990,328.963139654,1968.143444450,1637.439493017,0.167143884,0.200900944
8,9869,97416899,6521,980564,187,0.028677,235.607596838,1981.706570904,1650.858478550,0.118891263,0.142718228
8,9869,97416899,6521,980564,198,0.030363,555.693257523,1997.055656457,1661.103792434,0.278256270,0.334532532
8,9869,97416899,6521,980564,210,0.032204,69.234969375,2017.271970025,1676.867169312,0.034321088,0.041288285
8,9869,97416899,6521,980564,223,0.034197,-209.937027567,2033.904302958,1692.570187546,0.103218734,0.124034459
8,9869,97416899,6521,980564,236,0.036191,28.797935598,2054.448694097,1706.579032659,0.014017354,0.016874657
8,9869,97416899,6521,980564,251,0.038491,218.427569898,2075.239110076,1720.954078048,0.105254170,0.126922370
8,9869,97416899,6521,980564,266,0.040791,205.527569674,2092.995653992,1735.206497689,0.098197800,0.118445597
8,9869,97416899,6521,980564,282,0.043245,367.618218215,2104.000478925,1742.476781476,0.174723448,0.210974529
8,9869,97416899,6521,980564,299,0.045852,373.090763790,2114.989029990,1750.580570889,0.176403167,0.213124017
8,9869,97416899,6521,980564,317,0.048612,359.689697717,2136.244421727,1766.107807239,0.168374786,0.203662368
8,9869,97416899,6521,980564,337,0.051679,-10.239523805,2163.677427043,1787.591347958,0.004732463,0.005728112
8,9869,97416899,6521,980564,357,0.054746,100.044392293,2178.857850748,1796.492569695,0.045915979,0.055688731
8,9869,97416899,6521,980564,379,0.058120,228.331341101,2197.491094921,1809.143686788,0.103905468,0.126209622
8,9869,97416899,6521,980564,402,0.061647,150.948165618,2213.941854445,1823.150239737,0.068180727,0.082795242
8,9869,97416899,6521,980564,426,0.065327,146.405615449,2230.991669994,1835.559273695,0.065623560,0.079760767
8,9869,97416899,6521,980564,452,0.069315,384.275948735,2248.478307428,1849.776546050,0.170904895,0.207741821
8,9869,97416899,6521,980564,479,0.073455,359.394628533,2265.079814868,1863.047260761,0.158667534,0.192906877
8,9869,97416899,6521,980564,508,0.077902,316.000369106,2281.987562005,1874.906696680,0.138475938,0.168541917
8,9869,97416899,6521,980564,539,0.082656,-16.844960461,2301.530621778,1888.737751957,0.007319025,0.008918634
8,9869,97416899,6521,980564,572,0.087717,-261.155179402,2327.395917511,1908.081523699,0.112209177,0.136867936
8,9869,97416899,6521,980564,606,0.092931,-86.005888929,2348.246495559,1922.846194482,0.036625580,0.044728429
8,9869,97416899,6521,980564,643,0.098605,121.793153672,2360.914980937,1932.716229102,0.051587268,0.063016573
8,9869,97416899,6521,980564,682,0.104585,431.271812677,2379.121448088,1946.910864806,0.181273559,0.221515951
8,9869,97416899,6521,980564,723,0.110873,-0.115726533,2394.063902685,1958.475303435,0.000048339,0.000059090
8,9869,97416899,6521,980564,767,0.117620,47.588453948,2413.395150691,1971.732021865,0.019718468,0.024135356
8,9869,97416899,6521,980564,814,0.124827,-42.320338204,2434.358531401,1988.160940155,0.017384595,0.021286173
8,9869,97416899,6521,980564,863,0.132342,77.194770507,2459.374647349,2005.138284506,0.031387967,0.038498477
8,9869,97416899,6521,980564,916,0.140469,-68.951485457,2480.455147043,2021.059916846,0.027797917,0.034116497
8,9869,97416899,6521,980564,971,0.148904,-102.703224129,2497.855295240,2033.884883256,0.041116563,0.050496085
8,9869,97416899,6521,980564,1030,0.157951,68.272391482,2512.714879489,2044.640017971,0.027170767,0.033390910
8,9869,97416899,6521,980564,1092,0.167459,339.685216617,2532.896320881,2058.846724901,0.134109404,0.164988104
8,9869,97416899,6521,980564,1159,0.177733,117.541183370,2555.637114746,2077.536888478,0.045992908,0.056577182
8,9869,97416899,6521,980564,1229,0.188468,52.560406200,2574.127287668,2091.179847219,0.020418728,0.025134331
8,9869,97416899,6521,980564,1303,0.199816,7.682723382,2595.436806785,2107.951583374,0.002960089,0.003644639
8,9869,97416899,6521,980564,1382,0.211931,-206.734494534,2618.803039862,2125.148619669,0.078942361,0.097280017
8,9869,97416899,6521,980564,1466,0.224812,-180.923070423,2644.265285834,2144.708814938,0.068420923,0.084357871
8,9869,97416899,6521,980564,1555,0.238460,13.909207597,2665.884587667,2161.181224072,0.005217483,0.006435928
8,9869,97416899,6521,980564,1649,0.252875,243.074988976,2679.193499102,2171.038915736,0.090726925,0.111962520
8,9869,97416899,6521,980564,1749,0.268210,256.636952326,2695.399617811,2182.545973852,0.095212951,0.117586046
8,9869,97416899,6521,980564,1855,0.284466,-158.409522683,2719.592879636,2200.248629009,0.058247513,0.071996192
8,9869,97416899,6521,980564,1968,0.301794,-367.437329799,2742.722051537,2217.451003510,0.133968125,0.165702570
8,9869,97416899,6521,980564,2087,0.320043,-245.533636431,2771.315143757,2238.997250247,0.088598237,0.109662322
8,9869,97416899,6521,980564,2214,0.339518,-363.647700511,2792.552715837,2254.991192717,0.130220532,0.161263468
8,9869,97416899,6521,980564,2348,0.360067,-142.237412066,2809.638756501,2268.410252342,0.050624804,0.062703566
8,9869,97416899,6521,980564,2490,0.381843,-44.967347965,2834.726444493,2287.722689003,0.015863029,0.019655944
8,9869,97416899,6521,980564,2641,0.404999,-361.459204536,2855.534587200,2302.864895961,0.126581974,0.156960665
8,9869,97416899,6521,980564,2801,0.429535,514.768872193,2876.589347797,2318.363581800,0.178951115,0.222039751
8,9869,97416899,6521,980564,2971,0.455605,359.785694878,2896.378695752,2333.431259436,0.124219148,0.154187398
8,9869,97416899,6521,980564,3151,0.483208,-435.736465182,2927.808907523,2357.615407628,0.148826812,0.184820842
8,9869,97416899,6521,980564,3342,0.512498,-736.229553613,2954.515726480,2377.639806064,0.249187895,0.309647219
8,9869,97416899,6521,980564,3545,0.543628,-367.759126718,2979.716386883,2397.047070989,0.123420849,0.153421738
8,9869,97416899,6521,980564,3760,0.576599,-119.671041498,3002.241232579,2413.159334615,0.039860568,0.049591024
8,9869,97416899,6521,980564,3988,0.611563,14.614059027,3025.471900695,2431.061845024,0.004830340,0.006011389
8,9869,97416899,6521,980564,4230,0.648674,26.787724971,3041.619845059,2443.315709310,0.008807059,0.010963677
8,9869,97416899,6521,980564,4486,0.687931,-106.699569616,3063.157249923,2459.656567684,0.034833200,0.043379865
8,9869,97416899,6521,980564,4758,0.729643,-339.446240919,3093.434504702,2482.858202323,0.109731187,0.136715919
8,9869,97416899,6521,980564,5047,0.773961,-60.339014397,3125.526155955,2506.977430968,0.019305234,0.024068431
8,9869,97416899,6521,980564,5353,0.820886,-211.504463238,3151.391732549,2526.209454953,0.067114621,0.083724041
8,9869,97416899,6521,980564,5677,0.870572,-425.532990309,3176.191850315,2544.943551440,0.133975846,0.167207241
8,9869,97416899,6521,980564,6021,0.923325,-177.251875417,3199.294606578,2562.599659273,0.055403424,0.069168774
8,9869,97416899,6521,980564,6387,0.979451,258.967434222,3217.203692343,2576.280119451,0.080494572,0.100519906
8,9869,97416899,6521,980564,6774,1.038798,145.238633960,3248.687741528,2600.347417697,0.044706862,0.055853550
8,9869,97416899,6521,980564,7184,1.101672,-230.509399193,3276.585112079,2621.017681078,0.070350499,0.087946526
8,9869,97416899,6521,980564,7620,1.168532,-177.664746947,3300.015612926,2639.021126370,0.053837547,0.067322215
8,9869,97416899,6521,980564,8082,1.239380,-541.118081672,3331.609509345,2663.169697309,0.162419419,0.203185731
8,9869,97416899,6521,980564,8572,1.314522,-958.768103175,3369.099965574,2691.814978879,0.284576924,0.356179050
8,9869,97416899,6521,980564,9092,1.394265,-361.090796502,3395.689505903,2711.952603079,0.106337990,0.133147901
8,9869,97416899,6521,980564,9643,1.478761,-54.444437319,3415.575179611,2727.178893411,0.015940049,0.019963647
8,9869,97416899,6521,980564,10228,1.568471,-20.395454219,3435.851326881,2742.697995725,0.005936070,0.007436274
8,9869,97416899,6521,980564,10848,1.663549,-274.284796381,3462.903718692,2763.147498130,0.079206590,0.099265347
8,9869,97416899,6521,980564,11505,1.764300,-664.858812879,3497.950455385,2789.737543797,0.190070963,0.238323069
8,9869,97416899,6521,980564,12203,1.871339,-859.689946719,3532.624266876,2816.249369925,0.243357312,0.305260591
8,9869,97416899,6521,980564,12943,1.984818,-402.092696742,3560.304398391,2837.327913502,0.112937730,0.141715272
8,9869,97416899,6521,980564,13728,2.105199,-466.398540971,3593.982082484,2863.013034076,0.129772083,0.162904791
8,9869,97416899,6521,980564,14560,2.232786,-482.140021287,3619.538477371,2882.500625329,0.133204834,0.167264498
8,9869,97416899,6521,980564,15443,2.368195,-344.781292169,3645.525912945,2902.465016948,0.094576558,0.118789129
8,9869,97416899,6521,980564,16379,2.511731,35.119089465,3677.010907608,2926.486667110,0.009550989,0.012000427
8,9869,97416899,6521,980564,17372,2.664009,-151.534338280,3705.999280369,2948.713314473,0.040888928,0.051389987
8,9869,97416899,6521,980564,18425,2.825487,-35.116283405,3743.402434400,2977.359801725,0.009380846,0.011794437
8,9869,97416899,6521,980564,19542,2.996780,-741.905585366,3774.553827028,3001.028047922,0.196554512,0.247217145
8,9869,97416899,6521,980564,20727,3.178500,-908.686008039,3810.829377991,3028.769060622,0.238448358,0.300018255
8,9869,97416899,6521,980564,21984,3.371262,-298.793106373,3842.580296283,3053.199402893,0.077758455,0.097862297
8,9869,97416899,6521,980564,23317,3.575679,13.967048528,3870.018821763,3074.222884308,0.003609039,0.004543278
8,9869,97416899,6521,980564,24730,3.792363,50.933835233,3896.492065562,3094.385361636,0.013071715,0.016460081
8,9869,97416899,6521,980564,26230,4.022389,-414.284966397,3925.370306821,3116.506279416,0.105540353,0.132932499
8,9869,97416899,6521,980564,27820,4.266217,-488.114275788,3958.596404697,3142.060646227,0.123304885,0.155348458
8,9869,97416899,6521,980564,29507,4.524919,-505.865423344,4000.493169604,3174.163755407,0.126450765,0.159369668
8,9869,97416899,6521,980564,31296,4.799264,-879.313113717,4045.421765566,3208.581087579,0.217360059,0.274050457
8,9869,97416899,6521,980564,33193,5.090170,-510.306167165,4075.289893631,3231.394071628,0.125219599,0.157921366
8,9869,97416899,6521,980564,35206,5.398865,-292.460612411,4098.650170482,3249.342351095,0.071355349,0.090006094
8,9869,97416899,6521,980564,37340,5.726116,-71.234008617,4137.840933465,3279.328178890,0.017215260,0.021722135
8,9869,97416899,6521,980564,39604,6.073302,-301.685603090,4176.263608117,3308.673759086,0.072238161,0.091180221
8,9869,97416899,6521,980564,42005,6.441497,-40.322023796,4207.647262809,3332.856767999,0.009583033,0.012098337
8,9869,97416899,6521,980564,44552,6.832081,-597.186178087,4251.018153208,3366.253797111,0.140480741,0.177403789
8,9869,97416899,6521,980564,47253,7.246281,-1236.640830234,4285.098578176,3392.536082996,0.288590988,0.364518107
8,9869,97416899,6521,980564,50118,7.685631,-739.734737319,4327.663301215,3425.191555719,0.170931675,0.215968866
8,9869,97416899,6521,980564,53157,8.151664,-716.491622615,4366.099463798,3454.621936238,0.164103367,0.207400878
8,9869,97416899,6521,980564,56380,8.645913,-555.041757390,4395.839735764,3477.473745052,0.126265240,0.159610625
8,9869,97416899,6521,980564,59798,9.170066,269.992538428,4421.659648708,3497.290476354,0.061061357,0.077200490
8,9869,97416899,6521,980564,63424,9.726116,-223.337980077,4453.737314887,3521.958611093,0.050146195,0.063413005
8,9869,97416899,6521,980564,67269,10.315749,-936.440066202,4491.791321470,3551.166944263,0.208478088,0.263699252
8,9869,97416899,6521,980564,71347,10.941113,-990.533990378,4546.838792047,3593.489502240,0.217851135,0.275646830
8,9869,97416899,6521,980564,75673,11.604509,-801.634783503,4576.739214166,3616.501245754,0.175154132,0.221660309
8,9869,97416899,6521,980564,80261,12.308082,-708.047954971,4616.201166557,3646.761038822,0.153383254,0.194158034
8,9869,97416899,6521,980564,85127,13.054286,-877.288050636,4655.225692664,3676.910332836,0.188452313,0.238593811
8,9869,97416899,6521,980564,90289,13.845883,-653.231352350,4684.064620266,3699.099060942,0.139458228,0.176592014
8,9869,97416899,6521,980564,95763,14.685324,140.607393421,4718.891406733,3725.956426830,0.029796700,0.037737262
8,9869,97416899,6521,980564,101569,15.575679,-505.796887455,4766.590087941,3762.707170177,0.106112940,0.134423665
8,9869,97416899,6521,980564,107727,16.520012,-816.281490684,4811.766612119,3797.518549423,0.169642785,0.214951285
8,9869,97416899,6521,980564,114258,17.521546,-1476.076507753,4849.298597139,3826.411346538,0.304389692,0.385760017
8,9869,97416899,6521,980564,121186,18.583960,-1329.119142145,4895.231690558,3861.744725968,0.271513020,0.344175816
8,9869,97416899,6521,980564,128533,19.710627,-1209.852514941,4935.509113632,3892.878695632,0.245132262,0.310786081
8,9869,97416899,6521,980564,136326,20.905689,-694.890093862,4977.867950892,3925.480426742,0.139595928,0.177020395
8,9869,97416899,6521,980564,144591,22.173133,-440.837159924,5011.103451182,3951.128706774,0.087972073,0.111572463
8,9869,97416899,6521,980564,153358,23.517559,-124.168351658,5046.952164905,3978.723085187,0.024602641,0.031208091
8,9869,97416899,6521,980564,162656,24.943414,-697.175317993,5089.554368165,4011.554318140,0.136981603,0.173791818
8,9869,97416899,6521,980564,172518,26.455758,-1441.423300087,5148.545526635,4057.102814817,0.279967088,0.355283897
8,9869,97416899,6521,980564,182977,28.059653,-1246.822143626,5210.746255401,4105.096356712,0.239278998,0.303725427
8,9869,97416899,6521,980564,194071,29.760926,-983.493332884,5249.125807757,4134.695129394,0.187363262,0.237863567
8,9869,97416899,6521,980564,205837,31.565251,-1074.140323349,5287.568353309,4164.387168760,0.203144480,0.257934788
8,9869,97416899,6521,980564,218317,33.479068,-1018.747772257,5324.818602951,4193.128824153,0.191320653,0.242956469
8,9869,97416899,6521,980564,231554,35.508971,-301.651544910,5374.648460320,4231.597931597,0.056124888,0.071285493
8,9869,97416899,6521,980564,245593,37.661862,-999.887739888,5427.481055885,4272.365139676,0.184226850,0.234036115
8,9869,97416899,6521,980564,260483,39.945254,-1070.110219177,5478.607567430,4311.892477676,0.195325218,0.248176462
8,9869,97416899,6521,980564,276276,42.367122,-1059.893238876,5531.250139966,4352.530884802,0.191619112,0.243511940
8,9869,97416899,6521,980564,293026,44.935746,-1723.631633726,5591.939992860,4399.476987070,0.308235002,0.391781032
8,9869,97416899,6521,980564,310792,47.660175,-2154.991115573,5636.851230284,4434.179070115,0.382304061,0.485995509
8,9869,97416899,6521,980564,329636,50.549916,-892.976254444,5686.811015240,4472.786152697,0.157025836,0.199646534
8,9869,97416899,6521,980564,349621,53.614630,-378.061655457,5717.622871671,4496.631738704,0.066122174,0.084076633
8,9869,97416899,6521,980564,370819,56.865358,-1152.518297159,5761.343691042,4530.400594010,0.200043316,0.254396554
8,9869,97416899,6521,980564,393301,60.312989,-1407.226771289,5811.412322911,4569.092218591,0.242148843,0.307988262
8,9869,97416899,6521,980564,417147,63.969790,-2126.932791418,5853.128247077,4601.348892148,0.363383938,0.462241147
8,9869,97416899,6521,980564,442438,67.848183,-1130.756595804,5916.920185951,4650.669347104,0.191105602,0.243138463
8,9869,97416899,6521,980564,469263,71.961816,-1823.137802117,5971.856707669,4693.189323863,0.305288270,0.388464576
8,9869,97416899,6521,980564,497714,76.324797,-1247.884145759,6005.623924917,4719.312573146,0.207785929,0.264420745
8,9869,97416899,6521,980564,527890,80.952308,-587.481088100,6057.069037365,4759.114425877,0.096990984,0.123443363
8,9869,97416899,6521,980564,559896,85.860451,-1311.181441943,6104.923640416,4796.148379719,0.214774421,0.273382168
8,9869,97416899,6521,980564,593842,91.066094,-585.759628786,6156.448617029,4836.002076153,0.095145703,0.121124768
8,9869,97416899,6521,980564,629846,96.587333,-1127.392292740,6211.725743060,4878.815932159,0.181494216,0.231079079
8,9869,97416899,6521,980564,668034,102.443490,-2192.799751076,6270.480993334,4924.291910208,0.349702001,0.445302551
8,9869,97416899,6521,980564,708536,108.654501,-2054.968657738,6318.650152395,4961.577485850,0.325222731,0.414176472
8,9869,97416899,6521,980564,751494,115.242141,-1847.479018134,6377.081794440,5006.810181215,0.289706025,0.368993221
8,9869,97416899,6521,980564,797057,122.229259,-1092.161547635,6437.347137270,5053.478861225,0.169660191,0.216120731
8,11558,133610480,8944,1242740,9,0.001006,619.423081476,1340.802406128,1233.979941940,0.461979393,0.501971759
8,11558,133610480,8944,1242740,9,0.001006,619.423081476,1340.802406128,1233.979941940,0.461979393,0.501971759
8,11558,133610480,8944,1242740,10,0.001118,322.667335566,1373.249818864,1269.161325380,0.234966232,0.254236659
8,11558,133610480,8944,1242740,11,0.001230,555.991340992,1392.930420559,1290.430378342,0.399152271,0.430857294
8,11558,133610480,8944,1242740,11,0.001230,555.991340992,1392.930420559,1290.430378342,0.399152271,0.430857294
8,11558,133610480,8944,1242740,12,0.001342,555.991340992,1418.513221279,1290.430378342,0.391953584,0.430857294
8,11558,133610480,8944,1242740,13,0.001453,864.539117039,1451.682296181,1326.805295231,0.595542922,0.651594563
8,11558,133610480,8944,1242740,14,0.001565,604.661793352,1474.760222007,1352.016462481,0.410006850,0.447229609
8,11558,133610480,8944,1242740,14,0.001565,604.661793352,1474.760222007,1352.016462481,0.410006850,0.447229609
8,11558,133610480,8944,1242740,15,0.001677,375.403441975,1492.473485221,1371.316122014,0.251531063,0.273754123
8,11558,133610480,8944,1242740,16,0.001789,375.403441975,1510.014608595,1371.316122014,0.248609146,0.273754123
8,11558,133610480,8944,1242740,17,0.001901,591.068348366,1525.337821606,1388.171192016,0.387499962,0.425789234
8,11558,133610480,8944,1242740,18,0.002013,591.068348366,1538.230927066,1388.171192016,0.384252025,0.425789234
8,11558,133610480,8944,1242740,19,0.002124,754.060018360,1546.842160490,1397.707245038,0.487483492,0.539497825
8,11558,133610480,8944,1242740,20,0.002236,754.060018360,1569.446977957,1397.707245038,0.480462245,0.539497825
8,11558,133610480,8944,1242740,22,0.002460,320.456854223,1599.156769384,1430.987106609,0.200391144,0.223941119
8,11558,133610480,8944,1242740,23,0.002572,561.090867613,1617.160196600,1451.078505003,0.346960597,0.386671614
8,11558,133610480,8944,1242740,24,0.002683,561.090867613,1629.438385373,1451.078505003,0.344346170,0.386671614
8,11558,133610480,8944,1242740,26,0.002907,411.484556921,1641.947037491,1458.770330066,0.250607692,0.282076313
8,11558,133610480,8944,1242740,27,0.003019,411.484556921,1649.972361445,1458.770330066,0.249388757,0.282076313
8,11558,133610480,8944,1242740,29,0.003242,609.178597809,1673.493855731,1472.105230506,0.364016035,0.413814573
8,11558,133610480,8944,1242740,31,0.003466,1000.488125074,1696.304011353,1497.985121236,0.589804727,0.667889227
8,11558,133610480,8944,1242740,33,0.003690,853.285252266,1712.288488920,1505.200355171,0.498330309,0.566891477
8,11558,133610480,8944,1242740,35,0.003913,537.006762709,1726.876147391,1521.774447266,0.310970050,0.352881969
8,11558,133610480,8944,1242740,37,0.004137,732.355142170,1747.543172377,1534.261534976,0.419076995,0.477333965
8,11558,133610480,8944,1242740,39,0.004360,441.245821248,1760.031216128,1548.470600345,0.250703406,0.284955892
8,11558,133610480,8944,1242740,41,0.004584,551.289569212,1768.181887376,1552.375865117,0.311783292,0.355126346
8,11558,133610480,8944,1242740,44,0.004919,899.552321209,1794.066207385,1571.789639751,0.501404194,0.572310886
8,11558,133610480,8944,1242740,46,0.005143,751.238391074,1807.137091980,1578.771577367,0.415706365,0.475837291
8,11558,133610480,8944,1242740,49,0.005479,857.902722220,1823.865501678,1582.370681301,0.470376089,0.542162928
8,11558,133610480,8944,1242740,52,0.005814,694.004747164,1846.381471841,1590.836106979,0.375872894,0.436251569
8,11558,133610480,8944,1242740,55,0.006149,720.921062293,1869.833457794,1608.867372877,0.385553622,0.448092288
8,11558,133610480,8944,1242740,59,0.006597,581.685868072,1890.418827107,1624.012597884,0.307702113,0.358178175
8,11558,133610480,8944,1242740,62,0.006932,574.828874793,1901.947886810,1631.505788304,0.302231664,0.352330270
8,11558,133610480,8944,1242740,66,0.007379,559.170753251,1915.565895254,1638.381453394,0.291908910,0.341294606
8,11558,133610480,8944,1242740,70,0.007826,711.400321382,1930.789258989,1652.543460107,0.368450528,0.430488116
8,11558,133610480,8944,1242740,74,0.008274,806.909072341,1950.162958556,1669.718899464,0.413764947,0.483260429
8,11558,133610480,8944,1242740,79,0.008833,918.098658237,1975.561180699,1686.924116304,0.464728031,0.544244195
8,11558,133610480,8944,1242740,84,0.009392,928.007839808,1996.592158928,1696.356453353,0.464795895,0.547059457
8,11558,133610480,8944,1242740,89,0.009951,694.427479347,2009.628889404,1709.978837090,0.345550108,0.406102967
8,11558,133610480,8944,1242740,94,0.010510,337.015551800,2025.864052600,1722.589996622,0.166356450,0.195644670
8,11558,133610480,8944,1242740,100,0.011181,345.062651564,2047.889040665,1731.258081228,0.168496752,0.199313237
8,11558,133610480,8944,1242740,106,0.011852,638.395573081,2062.756095541,1745.744843341,0.309486698,0.365686644
8,11558,133610480,8944,1242740,112,0.012522,847.984465479,2075.789676894,1755.678381431,0.408511746,0.482995334
8,11558,133610480,8944,1242740,119,0.013305,693.334830854,2094.301910381,1770.298796469,0.331057727,0.391648479
8,11558,133610480,8944,1242740,126,0.014088,446.700562600,2119.333605324,1778.883999924,0.210774067,0.251112812
8,11558,133610480,8944,1242740,134,0.014982,408.465964669,2141.776586978,1798.946705015,0.190713619,0.227058402
8,11558,133610480,8944,1242740,142,0.015877,532.430878001,2161.531919167,1811.723945625,0.246321081,0.293880798
8,11558,133610480,8944,1242740,151,0.016883,430.978041267,2175.047954882,1820.956286576,0.198146455,0.236676764
8,11558,133610480,8944,1242740,160,0.017889,340.023861360,2190.237236017,1831.441135505,0.155245220,0.185659181
8,11558,133610480,8944,1242740,170,0.019007,532.523415211,2207.297547337,1843.743826572,0.241255836,0.288827226
8,11558,133610480,8944,1242740,180,0.020125,600.292509938,2230.712812717,1858.050592949,0.269103448,0.323076515
8,11558,133610480,8944,1242740,191,0.021355,798.571646053,2249.904672792,1875.553391573,0.354935769,0.425779212
8,11558,133610480,8944,1242740,202,0.022585,922.217064646,2271.623592036,1892.705995818,0.405972657,0.487247923
8,11558,133610480,8944,1242740,215,0.024038,336.683244355,2293.921529762,1909.910450736,0.146771910,0.176282215
8,11558,133610480,8944,1242740,228,0.025492,197.256143764,2307.310801995,1919.905788008,0.085491796,0.102742616
8,11558,133610480,8944,1242740,242,0.027057,585.082669251,2328.583390722,1936.438105810,0.251261205,0.302143749
8,11558,133610480,8944,1242740,256,0.028623,530.355195613,2342.728791996,1944.527543059,0.226383522,0.272742445
8,11558,133610480,8944,1242740,272,0.030411,665.841367802,2361.256063263,1958.267057240,0.281986091,0.340015610
8,11558,133610480,8944,1242740,288,0.032200,1002.586376862,2384.086903725,1975.721113714,0.420532647,0.507453390
8,11558,133610480,8944,1242740,306,0.034213,620.504783103,2403.871659479,1988.802305960,0.258127251,0.311999227
8,11558,133610480,8944,1242740,324,0.036225,775.073754136,2427.814725989,2008.220915918,0.319247489,0.385950444
8,11558,133610480,8944,1242740,344,0.038462,318.058431045,2451.165540691,2022.285688941,0.129758038,0.157276706
8,11558,133610480,8944,1242740,365,0.040809,516.244751211,2472.016998509,2037.377366864,0.208835437,0.253386908
8,11558,133610480,8944,1242740,387,0.043269,692.753725144,2484.345423102,2046.551128366,0.278847586,0.338498128
8,11558,133610480,8944,1242740,410,0.045841,701.344293382,2497.048102795,2057.360876170,0.280869356,0.340895125
8,11558,133610480,8944,1242740,435,0.048636,1049.759190375,2522.099128480,2076.507664187,0.416224398,0.505540725
8,11558,133610480,8944,1242740,462,0.051655,979.983889950,2553.222460787,2100.575902258,0.383822368,0.466531054
8,11558,133610480,8944,1242740,490,0.054785,934.985757066,2570.971996600,2113.322637778,0.363670144,0.442424522
8,11558,133610480,8944,1242740,519,0.058028,728.619443436,2591.886215392,2129.707787917,0.281115521,0.342121791
8,11558,133610480,8944,1242740,551,0.061606,431.231251636,2611.458011934,2142.250539730,0.165130456,0.201298235
8,11558,133610480,8944,1242740,584,0.065295,307.693824190,2630.979384017,2157.273223651,0.116950298,0.142630901
8,11558,133610480,8944,1242740,620,0.069320,911.187162383,2651.761591406,2173.450146216,0.343615793,0.419235364
8,11558,133610480,8944,1242740,657,0.073457,1137.560814071,2671.177920820,2186.986282260,0.425864861,0.520149954
8,11558,133610480,8944,1242740,697,0.077929,1064.810356976,2690.638129438,2202.551451356,0.395746401,0.483444033
8,11558,133610480,8944,1242740,739,0.082625,855.725467692,2712.765107928,2217.454859199,0.315443997,0.385904346
8,11558,133610480,8944,1242740,784,0.087657,783.134068072,2742.324309901,2239.164521562,0.285573105,0.349743871
8,11558,133610480,8944,1242740,832,0.093023,845.340845453,2767.699254891,2260.129625361,0.305430890,0.374023169
8,11558,133610480,8944,1242740,882,0.098614,685.793184758,2782.196259392,2269.123242468,0.246493461,0.302228267
8,11558,133610480,8944,1242740,936,0.104651,478.463392201,2803.646412816,2285.766831664,0.170657537,0.209322922
8,11558,133610480,8944,1242740,992,0.110912,627.666587399,2820.984032932,2298.547028740,0.222499163,0.273071022
8,11558,133610480,8944,1242740,1052,0.117621,909.282649146,2843.202888075,2315.401654805,0.319809273,0.392710546
8,11558,133610480,8944,1242740,1116,0.124776,1184.848128240,2867.458001843,2333.093202714,0.413205050,0.507844319
8,11558,133610480,8944,1242740,1184,0.132379,918.674566259,2896.979935105,2355.155631890,0.317114577,0.390069579
8,11558,133610480,8944,1242740,1256,0.140429,621.635924922,2921.290491301,2373.987026386,0.212794971,0.261853126
8,11558,133610480,8944,1242740,1332,0.148927,559.673491236,2941.436612124,2389.436565294,0.190272158,0.234228227
8,11558,133610480,8944,1242740,1413,0.157983,220.438595926,2958.631928790,2403.081657089,0.074506935,0.091731629
8,11558,133610480,8944,1242740,1498,0.167487,753.810030559,2982.153156326,2420.367917416,0.252773748,0.311444399
8,11558,133610480,8944,1242740,1589,0.177661,900.717680058,3008.210720586,2440.315235520,0.299419743,0.369098904
8,11558,133610480,8944,1242740,1685,0.188394,1002.524996868,3029.617388350,2455.639276365,0.330908121,0.408254179
8,11558,133610480,8944,1242740,1788,0.199911,958.407442507,3054.787407111,2474.366934586,0.313739490,0.387334404
8,11558,133610480,8944,1242740,1896,0.211986,782.710502172,3081.971792395,2494.099082238,0.253964200,0.313824943
8,11558,133610480,8944,1242740,2011,0.224843,527.964173589,3111.578509780,2516.649997963,0.169677279,0.209788478
8,11558,133610480,8944,1242740,2133,0.238484,599.661232835,3136.699677400,2535.347451996,0.191175852,0.236520337
8,11558,133610480,8944,1242740,2262,0.252907,381.229697924,3152.156831881,2547.028711595,0.120942491,0.149676247
8,11558,133610480,8944,1242740,2399,0.268225,1002.408041637,3171.072268122,2561.570996480,0.316110122,0.391325496
8,11558,133610480,8944,1242740,2545,0.284548,646.223342016,3199.477170563,2582.617787771,0.201977794,0.250220278
8,11558,133610480,8944,1242740,2699,0.301767,776.571839229,3226.263810011,2602.961426185,0.240703143,0.298341662
8,11558,133610480,8944,1242740,2863,0.320103,1306.035010075,3259.615043900,2627.990862165,0.400671549,0.496970910
8,11558,133610480,8944,1242740,3036,0.339445,828.185186392,3284.146199944,2646.544723907,0.252176711,0.312930735
8,11558,133610480,8944,1242740,3220,0.360018,400.057499101,3304.088968217,2661.639270754,0.121079518,0.150304928
8,11558,133610480,8944,1242740,3416,0.381932,309.053143242,3333.481912883,2684.110255973,0.092711810,0.115141747
8,11558,133610480,8944,1242740,3623,0.405076,850.657225947,3357.702730903,2702.619620415,0.253345008,0.314752849
8,11558,133610480,8944,1242740,3842,0.429562,910.445802254,3382.228956611,2720.763475435,0.269185148,0.334628795
8,11558,133610480,8944,1242740,4075,0.455613,1063.556276516,3405.259267092,2738.351549348,0.312327548,0.388392892
8,11558,133610480,8944,1242740,4322,0.483229,757.327025179,3441.989258716,2766.510240059,0.220025970,0.273748137
8,11558,133610480,8944,1242740,4584,0.512522,733.028006331,3473.165969948,2789.668139545,0.211054701,0.262765307
8,11558,133610480,8944,1242740,4862,0.543605,113.973130627,3502.513880097,2812.311683172,0.032540379,0.040526493
8,11558,133610480,8944,1242740,5157,0.576588,666.814457142,3528.784099350,2831.744827133,0.188964368,0.235478300
8,11558,133610480,8944,1242740,5470,0.611583,329.585557330,3555.878242520,2852.375263745,0.092687526,0.115547755
8,11558,133610480,8944,1242740,5801,0.648591,436.184032033,3574.662626627,2866.549052274,0.122021035,0.152163463
8,11558,133610480,8944,1242740,6153,0.687947,772.412445898,3599.851249578,2885.794998858,0.214567879,0.267660193
8,11558,133610480,8944,1242740,6526,0.729651,894.424201251,3635.179733781,2912.633159297,0.246046762,0.307084398
8,11558,133610480,8944,1242740,6922,0.773927,1083.213854073,3672.608796409,2940.829744651,0.294943980,0.368336132
8,11558,133610480,8944,1242740,7342,0.820886,567.650918540,3702.800734834,2963.693875469,0.153303124,0.191534937
8,11558,133610480,8944,1242740,7787,0.870640,736.062134749,3731.813092824,2985.879760192,0.197239818,0.246514325
8,11558,133610480,8944,1242740,8259,0.923412,376.921840245,3758.793893095,3006.378521361,0.100277337,0.125374046
8,11558,133610480,8944,1242740,8760,0.979428,411.898642054,3779.647832248,3022.259039674,0.108978048,0.136288332
8,11558,133610480,8944,1242740,9291,1.038797,875.929520458,3816.469093945,3050.633068753,0.229513065,0.287130409
8,11558,133610480,8944,1242740,9854,1.101744,1615.026322772,3849.076067157,3075.201266706,0.419588050,0.525177438
8,11558,133610480,8944,1242740,10451,1.168493,1230.229057667,3876.381911581,3095.911393201,0.317365287,0.397372179
8,11558,133610480,8944,1242740,11085,1.239378,793.462832963,3913.299526871,3123.748368084,0.202760568,0.254009843
8,11558,133610480,8944,1242740,11757,1.314513,-35.767437117,3957.086987552,3156.969412157,0.009038830,0.011329675
8,11558,133610480,8944,1242740,12470,1.394231,310.551679125,3988.098727353,3180.637120452,0.077869607,0.097638199
8,11558,133610480,8944,1242740,13226,1.478757,708.104797159,4011.337388043,3198.327510223,0.176525864,0.221398464
8,11558,133610480,8944,1242740,14028,1.568426,334.904512550,4034.992653349,3216.310367096,0.083000030,0.104126926
8,11558,133610480,8944,1242740,14878,1.663462,867.940183436,4066.540919055,3240.446218653,0.213434514,0.267845884
8,11558,133610480,8944,1242740,15781,1.764423,1053.100799744,4107.561739993,3271.925569477,0.256381003,0.321859644
8,11558,133610480,8944,1242740,16737,1.871310,1011.068171642,4148.027581407,3302.866043656,0.243746733,0.306118431
8,11558,133610480,8944,1242740,17752,1.984794,824.733827971,4180.354969411,3327.462528339,0.197287990,0.247856684
8,11558,133610480,8944,1242740,18828,2.105098,654.097023900,4219.646507573,3357.485675599,0.155012280,0.194817517
8,11558,133610480,8944,1242740,19970,2.232782,269.786742890,4249.521153994,3380.338190274,0.063486387,0.079810577
8,11558,133610480,8944,1242740,21181,2.368180,298.728462831,4279.862782902,3403.529975335,0.069798608,0.087770187
8,11558,133610480,8944,1242740,22465,2.511740,1276.452047259,4316.661285752,3431.571111398,0.295703546,0.371973072
8,11558,133610480,8944,1242740,23827,2.664021,1564.913123327,4350.535566324,3457.530567539,0.359705857,0.452610062
8,11558,133610480,8944,1242740,25271,2.825470,957.589180688,4394.219293108,3490.777002555,0.217920208,0.274319780
8,11558,133610480,8944,1242740,26804,2.996869,982.654006300,4430.626799924,3518.704131168,0.221786680,0.279265880
8,11558,133610480,8944,1242740,28429,3.178555,665.550367046,4472.990689917,3551.336293164,0.148793148,0.187408432
8,11558,133610480,8944,1242740,30152,3.371199,654.127945200,4510.073655518,3579.711912479,0.145037087,0.182732008
8,11558,133610480,8944,1242740,31981,3.575693,-149.928816171,4542.147968273,3604.207135839,0.033008351,0.041598280
8,11558,133610480,8944,1242740,33919,3.792375,982.985137781,4573.083983207,3628.038626845,0.214950161,0.270941200
8,11558,133610480,8944,1242740,35976,4.022361,705.647202457,4606.825052206,3653.805266388,0.153174300,0.193126659
8,11558,133610480,8944,1242740,38157,4.266212,966.261852798,4645.664554543,3683.602425637,0.207992170,0.262314371
8,11558,133610480,8944,1242740,40471,4.524933,653.532398986,4694.636521999,3721.092942040,0.139208306,0.175629152
8,11558,133610480,8944,1242740,42924,4.799195,1758.265858036,4747.122639213,3761.521290768,0.370385598,0.467434775
8,11558,133610480,8944,1242740,45527,5.090228,773.961443993,4782.047720608,3788.363961895,0.161847286,0.204299653
8,11558,133610480,8944,1242740,48287,5.398815,-29.805780132,4809.340334155,3809.324716492,0.006197478,0.007824426
8,11558,133610480,8944,1242740,51215,5.726185,650.849594092,4855.180334023,3844.536328320,0.134052610,0.169292091
8,11558,133610480,8944,1242740,54320,6.073345,625.734559383,4900.075943935,3878.983080485,0.127698951,0.161314073
8,11558,133610480,8944,1242740,57613,6.441525,1522.758083373,4936.772540334,3907.073975144,0.308452146,0.389743858
8,11558,133610480,8944,1242740,61106,6.832066,1744.921899287,4987.467583045,3946.032666812,0.349861301,0.442196517
8,11558,133610480,8944,1242740,64811,7.246310,992.530403834,5027.317829676,3976.609346468,0.197427423,0.249592132
8,11558,133610480,8944,1242740,68741,7.685711,425.608963015,5077.082013402,4014.937855645,0.083829444,0.106006364
8,11558,133610480,8944,1242740,72908,8.151610,616.578146767,5121.998485393,4049.468827963,0.120378432,0.152261487
8,11558,133610480,8944,1242740,77329,8.645908,735.699864292,5156.768151091,4076.133532437,0.142666849,0.180489638
8,11558,133610480,8944,1242740,82017,9.170058,1061.709244947,5186.950468622,4099.320351217,0.204688526,0.258996408
8,11558,133610480,8944,1242740,86990,9.726073,377.047119151,5224.462034891,4128.212774660,0.072169559,0.091334226
8,11558,133610480,8944,1242740,92264,10.315742,844.355752779,5268.961101050,4162.533250705,0.160250899,0.202846609
8,11558,133610480,8944,1242740,97858,10.941190,1504.125369294,5333.332321004,4212.067173426,0.282023560,0.357099093
8,11558,133610480,8944,1242740,103791,11.604539,827.593021843,5368.288284367,4238.980837644,0.154163297,0.195233962
8,11558,133610480,8944,1242740,110084,12.308140,1185.315496454,5414.432750552,4274.573727534,0.218917761,0.277294433
8,11558,133610480,8944,1242740,116758,13.054338,118.605503638,5460.062339410,4309.639218922,0.021722372,0.027520982
8,11558,133610480,8944,1242740,123837,13.845818,713.037024249,5493.778714999,4335.623652806,0.129789906,0.164460083
8,11558,133610480,8944,1242740,131345,14.685264,834.829658643,5534.510105120,4367.047911476,0.150840751,0.191165674
8,11558,133610480,8944,1242740,139309,15.575693,1815.929103646,5590.297612943,4409.973836063,0.324835855,0.411777750
8,11558,133610480,8944,1242740,147755,16.520013,1432.025337086,5643.131803967,4450.718988878,0.253764290,0.321751461
8,11558,133610480,8944,1242740,156713,17.521579,1285.885180802,5687.032580200,4484.541103326,0.226108285,0.286737294
8,11558,133610480,8944,1242740,166214,18.583855,655.279598325,5740.744109845,4525.919552653,0.114145411,0.144783749
8,11558,133610480,8944,1242740,176292,19.710644,282.400330869,5787.846795262,4562.254845053,0.048791950,0.061899289
8,11558,133610480,8944,1242740,186980,20.905635,503.995442294,5837.389247182,4600.485179207,0.086339187,0.109552672
8,11558,133610480,8944,1242740,198317,22.173189,821.168769430,5876.258778460,4630.419989314,0.139743466,0.177342179
8,11558,133610480,8944,1242740,210341,23.517554,1468.247492898,5918.195740054,4662.808435313,0.248090391,0.314884798
8,11558,133610480,8944,1242740,223094,24.943426,1381.309704192,5968.037242164,4701.260915003,0.231451254,0.293816857
8,11558,133610480,8944,1242740,236620,26.455725,1045.626912526,6037.036433175,4754.543355224,0.173202021,0.219921627
8,11558,133610480,8944,1242740,250966,28.059705,799.997229356,6109.790355297,4810.659968444,0.130936936,0.166296773
8,11558,133610480,8944,1242740,266182,29.760957,719.400150875,6154.675863232,4845.340536909,0.116886765,0.148472568
8,11558,133610480,8944,1242740,282320,31.565295,523.384314501,6199.641720120,4880.091537053,0.084421703,0.107248872
8,11558,133610480,8944,1242740,299437,33.479092,-564.969790227,6243.221721156,4913.713265458,0.090493309,0.114978176
8,11558,133610480,8944,1242740,317592,35.508945,143.286205047,6301.519400206,4958.791013101,0.022738358,0.028895391
8,11558,133610480,8944,1242740,336847,37.661784,2070.742285646,6363.323821241,5006.538456833,0.325418342,0.413607586
8,11558,133610480,8944,1242740,357270,39.945215,2215.849768468,6423.128990151,5052.765834984,0.344979802,0.438541947
8,11558,133610480,8944,1242740,378931,42.367062,992.878324304,6484.718751561,5100.309310959,0.153110468,0.194670218
8,11558,133610480,8944,1242740,401906,44.935823,923.465748043,6555.719515339,5155.160507389,0.140864133,0.179134238
8,11558,133610480,8944,1242740,426273,47.660219,183.083654410,6608.250197925,5195.771940602,0.027705315,0.035237046
8,11558,133610480,8944,1242740,452118,50.549866,909.509733332,6666.697941101,5240.979686538,0.136425820,0.173538115
8,11558,133610480,8944,1242740,479529,53.614602,679.646939612,6702.747692255,5268.859609010,0.101398258,0.128993177
8,11558,133610480,8944,1242740,508603,56.865273,1144.513816836,6753.909743375,5308.426095597,0.169459448,0.215603231
8,11558,133610480,8944,1242740,539439,60.312947,1059.453189099,6812.484610968,5353.764010934,0.155516416,0.197889408
8,11558,133610480,8944,1242740,572145,63.969700,869.714618002,6861.288468756,5391.502154876,0.126756749,0.161312115
8,11558,133610480,8944,1242740,606834,67.848166,1860.431049488,6935.947651039,5449.249128688,0.268230261,0.341410533
8,11558,133610480,8944,1242740,643626,71.961762,460.920387303,7000.210045921,5499.023280137,0.065843794,0.083818592
8,11558,133610480,8944,1242740,682649,76.324799,320.181764053,7039.719596968,5529.603469207,0.045482176,0.057903205
8,11558,133610480,8944,1242740,724038,80.952370,764.840065939,7099.915108614,5576.194441226,0.107725241,0.137161656
8,11558,133610480,8944,1242740,767936,85.860465,754.226713528,7155.908529297,5619.515352747,0.105399155,0.134215616
8,11558,133610480,8944,1242740,814495,91.066078,1481.664104576,7216.202393013,5666.207731876,0.205324633,0.261491314
8,11558,133610480,8944,1242740,863878,96.587433,1727.742612540,7280.886196063,5716.289820099,0.237298396,0.302248953
8,11558,133610480,8944,1242740,916254,102.443426,2025.887020876,7349.641093348,5769.532477372,0.275644347,0.351135387
8,11558,133610480,8944,1242740,971806,108.654517,1464.512299918,7406.000974836,5813.193240931,0.197746706,0.251929058
8,11558,133610480,8944,1242740,1030726,115.242174,1061.501699555,7474.383758329,5866.162458733,0.142018624,0.180953342
8,11558,133610480,8944,1242740,1093219,122.229316,440.358658733,7544.900847392,5920.779475007,0.058365069,0.074375116
8,13246,175483008,11747,1524672,12,0.001022,1276.943474228,1637.363448187,1462.951110784,0.779877843,0.872854510
8,13246,175483008,11747,1524672,12,0.001022,1276.943474228,1637.363448187,1462.951110784,0.779877843,0.872854510
8,13246,175483008,11747,1524672,13,0.001107,1610.985042518,1671.090311983,1500.603119379,0.964032303,1.073558372
8,13246,175483008,11747,1524672,14,0.001192,1396.609167079,1684.784807260,1515.838625270,0.828954037,0.921344227
8,13246,175483008,11747,1524672,15,0.001277,1161.033655867,1701.174790625,1534.034732118,0.682489338,0.756849654
8,13246,175483008,11747,1524672,16,0.001362,1161.033655867,1718.121196270,1534.034732118,0.675757716,0.756849654
8,13246,175483008,11747,1524672,17,0.001447,1509.976180116,1753.197459017,1573.220723412,0.861269889,0.959799320
8,13246,175483008,11747,1524672,18,0.001532,1509.976180116,1766.951715745,1573.220723412,0.854565615,0.959799320
8,13246,175483008,11747,1524672,19,0.001617,1731.197966557,1780.746316737,1588.698373943,0.972175514,1.089695813
8,13246,175483008,11747,1524672,20,0.001703,1731.197966557,1787.888736998,1588.698373943,0.968291779,1.089695813
8,13246,175483008,11747,1524672,21,0.001788,1503.453783138,1802.335581673,1604.939231388,0.834169729,0.936766797
8,13246,175483008,11747,1524672,22,0.001873,1293.403379869,1814.534298623,1618.626302876,0.712801836,0.799074732
8,13246,175483008,11747,1524672,24,0.002043,1495.565341836,1835.034088955,1631.202184657,0.815006844,0.916848540
8,13246,175483008,11747,1524672,25,0.002128,1495.565341836,1844.080607375,1631.202184657,0.811008660,0.916848540
8,13246,175483008,11747,1524672,27,0.002298,1261.119617722,1878.528958721,1647.964005913,0.671333605,0.765259201
8,13246,175483008,11747,1524672,28,0.002384,1261.119617722,1893.906430927,1647.964005913,0.665882747,0.765259201
8,13246,175483008,11747,1524672,30,0.002554,1743.628909260,1924.446610202,1682.973128483,0.906041716,1.036040849
8,13246,175483008,11747,1524672,32,0.002724,1978.670469904,1944.830733521,1699.306648733,1.017399836,1.164398710
8,13246,175483008,11747,1524672,34,0.002894,1672.712971476,1956.829046077,1713.025516433,0.854807922,0.976467049
8,13246,175483008,11747,1524672,36,0.003065,1529.069442957,1972.062610780,1719.037487443,0.775365566,0.889491622
8,13246,175483008,11747,1524672,38,0.003235,1509.390803796,1988.878112604,1738.302358393,0.758915689,0.868313154
8,13246,175483008,11747,1524672,40,0.003405,1343.056958631,2008.510897858,1746.242261899,0.668682933,0.769112619
8,13246,175483008,11747,1524672,43,0.003661,1868.961597435,2031.541640030,1772.683684588,0.919972085,1.054311953
8,13246,175483008,11747,1524672,45,0.003831,1868.961597435,2046.571214464,1772.683684588,0.913216009,1.054311953
8,13246,175483008,11747,1524672,48,0.004086,1831.172992009,2069.284951839,1786.529956400,0.884930319,1.024988686
8,13246,175483008,11747,1524672,51,0.004342,1730.007024644,2092.888124133,1789.392030291,0.826612280,0.966812747
8,13246,175483008,11747,1524672,54,0.004597,1847.462895009,2104.282382467,1793.242794368,0.877953886,1.030235783
8,13246,175483008,11747,1524672,58,0.004937,1353.867966775,2129.832344597,1815.856880647,0.635668798,0.745580768
8,13246,175483008,11747,1524672,61,0.005193,1661.206708373,2145.844965683,1828.999204939,0.774150386,0.908259940
8,13246,175483008,11747,1524672,65,0.005533,1388.908059290,2166.512413970,1839.109220239,0.641080130,0.755206947
8,13246,175483008,11747,1524672,69,0.005874,1495.916886860,2188.911606982,1858.539117483,0.683406713,0.804888567
8,13246,175483008,11747,1524672,73,0.006214,1978.343384889,2213.177196975,1879.317747610,0.893892901,1.052692333
8,13246,175483008,11747,1524672,77,0.006555,1731.113652271,2228.497018256,1887.871286151,0.776807704,0.916965931
8,13246,175483008,11747,1524672,82,0.006981,1888.270200593,2245.615565140,1902.093524955,0.840869751,0.992732574
8,13246,175483008,11747,1524672,87,0.007406,1717.206058538,2257.950038887,1913.335073912,0.760515525,0.897493639
8,13246,175483008,11747,1524672,92,0.007832,1747.263916656,2274.437689290,1920.539544988,0.768217975,0.909777631
8,13246,175483008,11747,1524672,98,0.008343,1506.759001689,2300.344076799,1939.464357752,0.655014620,0.776894402
8,13246,175483008,11747,1524672,104,0.008853,1913.482028955,2325.790030431,1953.813020542,0.822723463,0.979357804
8,13246,175483008,11747,1524672,110,0.009364,2314.456840520,2348.387915958,1975.715613932,0.985551333,1.171452422
8,13246,175483008,11747,1524672,117,0.009960,2337.613362702,2364.035147875,1987.200770079,0.988823438,1.176334771
8,13246,175483008,11747,1524672,124,0.010556,1885.643969294,2382.866501302,2000.096204705,0.791334289,0.942776635
8,13246,175483008,11747,1524672,131,0.011152,2118.123154671,2403.608196228,2014.275217011,0.881226465,1.051555982
8,13246,175483008,11747,1524672,139,0.011833,2190.873955596,2421.261182094,2027.637518222,0.904848255,1.080505729
8,13246,175483008,11747,1524672,148,0.012599,1687.956561142,2438.135985809,2040.338006885,0.692314363,0.827292613
8,13246,175483008,11747,1524672,157,0.013365,1995.828531277,2459.833396584,2053.682335219,0.811367361,0.971829234
8,13246,175483008,11747,1524672,166,0.014131,1766.257390201,2489.064570705,2077.133975075,0.709606899,0.850333879
8,13246,175483008,11747,1524672,176,0.014983,2193.182180427,2512.422498448,2088.098001466,0.872935257,1.050325310
8,13246,175483008,11747,1524672,187,0.015919,2068.448858263,2534.708122079,2110.820937696,0.816050116,0.979926256
8,13246,175483008,11747,1524672,198,0.016855,2376.209317437,2549.336894839,2121.060484973,0.932089173,1.120293049
8,13246,175483008,11747,1524672,210,0.017877,1853.401551210,2566.098618397,2134.316059417,0.722264350,0.868381955
8,13246,175483008,11747,1524672,223,0.018984,1522.730790399,2584.012494455,2151.639416053,0.589289252,0.707707239
8,13246,175483008,11747,1524672,236,0.020090,1816.674282633,2609.598387110,2168.794588838,0.696150906,0.837642390
8,13246,175483008,11747,1524672,251,0.021367,1986.289830168,2631.938569306,2182.310215690,0.754687003,0.910177580
8,13246,175483008,11747,1524672,266,0.022644,1956.559136870,2657.773691433,2203.549977097,0.736164687,0.887912304
8,13246,175483008,11747,1524672,282,0.024006,2183.339551761,2680.904907975,2220.190941152,0.814403952,0.983401703
8,13246,175483008,11747,1524672,299,0.025453,2176.463737663,2695.635126833,2230.754031665,0.807402944,0.975662806
8,13246,175483008,11747,1524672,317,0.026986,2085.563064395,2719.417989564,2248.509546246,0.766915227,0.927531336
8,13246,175483008,11747,1524672,337,0.028688,1745.138738049,2736.803242636,2262.329692356,0.637655901,0.771390105
8,13246,175483008,11747,1524672,357,0.030391,1879.360471255,2755.978800458,2273.547607763,0.681921236,0.826620241
8,13246,175483008,11747,1524672,379,0.032264,2075.435632080,2782.925156695,2290.891367221,0.745774865,0.905951134
8,13246,175483008,11747,1524672,402,0.034222,1912.211741049,2804.133003321,2308.328895430,0.681926192,0.828396571
8,13246,175483008,11747,1524672,426,0.036265,1944.247428967,2831.484174734,2327.933051110,0.686653115,0.835181849
8,13246,175483008,11747,1524672,452,0.038478,2355.488077454,2857.505722543,2348.740703319,0.824316137,1.002872762
8,13246,175483008,11747,1524672,479,0.040776,2315.776222085,2880.228908951,2367.422266666,0.804025060,0.978184693
8,13246,175483008,11747,1524672,508,0.043245,2253.911271434,2893.953794781,2376.992121876,0.778834574,0.948219917
8,13246,175483008,11747,1524672,539,0.045884,1917.047021077,2908.721528169,2387.495341106,0.659068599,0.802953199
8,13246,175483008,11747,1524672,572,0.048693,1666.063075531,2937.017996850,2408.875917279,0.567263489,0.691635075
8,13246,175483008,11747,1524672,606,0.051588,1908.089737643,2970.989295476,2433.166701562,0.642240529,0.784200169
8,13246,175483008,11747,1524672,643,0.054737,2256.749871961,2992.190936413,2449.170357118,0.754213190,0.921434422
8,13246,175483008,11747,1524672,682,0.058057,2653.763106054,3016.128206095,2467.977203039,0.879857528,1.075278614
8,13246,175483008,11747,1524672,723,0.061548,2098.091359462,3037.787589071,2484.644366764,0.690664274,0.844423205
8,13246,175483008,11747,1524672,767,0.065293,2166.287645140,3060.373122869,2499.492150519,0.707850827,0.866691118
8,13246,175483008,11747,1524672,814,0.069294,2072.182724845,3083.459711321,2517.185737269,0.672031717,0.823214074
8,13246,175483008,11747,1524672,863,0.073466,2226.990485094,3105.564150271,2531.841386461,0.717096919,0.879593207
8,13246,175483008,11747,1524672,915,0.077892,2043.715326263,3127.352662474,2548.788564723,0.653496918,0.801837922
8,13246,175483008,11747,1524672,971,0.082659,1974.987643972,3152.753028209,2567.164440056,0.626432717,0.769326504
8,13246,175483008,11747,1524672,1030,0.087682,2304.655118154,3186.148679372,2591.587426689,0.723335710,0.889283184
8,13246,175483008,11747,1524672,1092,0.092960,2608.259696114,3214.219455932,2612.080102216,0.811475300,0.998537409
8,13246,175483008,11747,1524672,1158,0.098578,2464.059913217,3230.663558208,2625.410449266,0.762710158,0.938542739
8,13246,175483008,11747,1524672,1229,0.104622,2326.845980638,3254.878603900,2643.276306174,0.714879497,0.880288593
8,13246,175483008,11747,1524672,1303,0.110922,2284.002144938,3274.896789649,2659.026938225,0.697427214,0.858961642
8,13246,175483008,11747,1524672,1382,0.117647,2056.613605539,3300.230510742,2677.734318015,0.623172714,0.768042442
8,13246,175483008,11747,1524672,1466,0.124798,2163.995471264,3327.267248345,2698.336633767,0.650382224,0.801973869
8,13246,175483008,11747,1524672,1555,0.132374,2402.633325084,3360.460253651,2723.269925733,0.714971505,0.882260441
8,13246,175483008,11747,1524672,1649,0.140376,2813.554612432,3387.863507620,2743.608240907,0.830480510,1.025494300
8,13246,175483008,11747,1524672,1749,0.148889,2891.903930026,3411.012208675,2759.969977173,0.847814007,1.047802677
8,13246,175483008,11747,1524672,1855,0.157913,2523.403492258,3430.542110187,2774.392464563,0.735569893,0.909533718
8,13246,175483008,11747,1524672,1968,0.167532,2256.556977221,3457.452895996,2794.574186161,0.652664561,0.807477929
8,13246,175483008,11747,1524672,2087,0.177662,2378.825297321,3486.936626277,2817.127624036,0.682210649,0.844415168
8,13246,175483008,11747,1524672,2214,0.188474,2177.752830964,3511.403995904,2835.368879408,0.620194325,0.768066845
8,13246,175483008,11747,1524672,2348,0.199881,2576.543374928,3539.712333918,2857.405597670,0.727896262,0.901707261
8,13246,175483008,11747,1524672,2490,0.211969,2583.121419949,3570.520826715,2881.484548491,0.723457878,0.896455066
8,13246,175483008,11747,1524672,2641,0.224823,2111.817957348,3604.132418427,2906.311570635,0.585943498,0.726631645
8,13246,175483008,11747,1524672,2801,0.238444,3260.418946046,3632.706457809,2927.419771680,0.897517866,1.113751768
8,13246,175483008,11747,1524672,2971,0.252916,3090.389429973,3650.425040506,2940.814036862,0.846583451,1.050861901
8,13246,175483008,11747,1524672,3151,0.268239,2306.110622578,3671.907882203,2957.352832816,0.628041524,0.779788802
8,13246,175483008,11747,1524672,3342,0.284498,1944.203692479,3703.896714631,2981.441161961,0.524907642,0.652101983
8,13246,175483008,11747,1524672,3545,0.301779,2387.712559636,3734.456344945,3004.880942380,0.639373536,0.794611369
8,13246,175483008,11747,1524672,3760,0.320082,2805.986242087,3772.277042497,3032.204360356,0.743844158,0.925394831
8,13246,175483008,11747,1524672,3988,0.339491,2969.235103061,3800.253611481,3053.671609261,0.781325513,0.972349186
8,13246,175483008,11747,1524672,4230,0.360092,2950.994750720,3822.813408177,3070.691917492,0.771943183,0.961019480
8,13246,175483008,11747,1524672,4486,0.381885,2727.525630726,3856.034848413,3096.002184285,0.707339466,0.880983109
8,13246,175483008,11747,1524672,4758,0.405040,2493.792406978,3883.669688518,3117.090355132,0.642122685,0.800038537
8,13246,175483008,11747,1524672,5046,0.429556,2670.672036426,3911.521186017,3138.217285732,0.682770694,0.851015654
8,13246,175483008,11747,1524672,5352,0.455606,2521.480939475,3937.696924603,3157.521394358,0.640344086,0.798563374
8,13246,175483008,11747,1524672,5677,0.483272,2218.235113134,3979.463395851,3189.031860847,0.557420660,0.695582613
8,13246,175483008,11747,1524672,6021,0.512556,2595.834359182,4014.853803366,3216.126537033,0.646557630,0.807130668
8,13246,175483008,11747,1524672,6386,0.543628,3243.961399639,4048.208119026,3241.376854086,0.801332665,1.000797360
8,13246,175483008,11747,1524672,6773,0.576573,3031.223054639,4078.032392115,3264.171033967,0.743305291,0.928634873
8,13246,175483008,11747,1524672,7184,0.611560,2705.565144207,4108.842875894,3287.141245323,0.658473742,0.823075415
8,13246,175483008,11747,1524672,7620,0.648676,2771.817031084,4130.272140317,3303.609436998,0.671097917,0.839026853
8,13246,175483008,11747,1524672,8082,0.688005,2393.655769145,4158.903067096,3325.551852848,0.575549786,0.719777010
8,13246,175483008,11747,1524672,8572,0.729718,1875.398796227,4199.073191682,3356.166795413,0.446622078,0.558791893
8,13246,175483008,11747,1524672,9091,0.773900,2640.210813299,4241.444967402,3388.404348828,0.622479092,0.779190008
8,13246,175483008,11747,1524672,9642,0.820805,3082.308499227,4275.801672230,3414.604637648,0.720872654,0.902683861
8,13246,175483008,11747,1524672,10227,0.870605,3161.628474781,4308.783419455,3439.884303782,0.733763610,0.919108957
8,13246,175483008,11747,1524672,10847,0.923385,2919.682245952,4339.486099330,3463.119594743,0.672817513,0.843078665
8,13246,175483008,11747,1524672,11505,0.979399,2614.838582011,4363.206575075,3481.034569514,0.599292868,0.751167083
8,13246,175483008,11747,1524672,12202,1.038733,2338.834556634,4405.035829102,3512.967290030,0.530945638,0.665771800
8,13246,175483008,11747,1524672,12942,1.101728,2970.072841422,4442.193986650,3541.334062241,0.668604939,0.838687565
8,13246,175483008,11747,1524672,13727,1.168554,2905.103223525,4473.304651245,3565.053091901,0.649431114,0.814883579
8,13246,175483008,11747,1524672,14559,1.239380,2916.936363951,4515.269013249,3597.150099349,0.646016075,0.810902043
8,13246,175483008,11747,1524672,15442,1.314548,3082.596928805,4565.144368816,3635.375702643,0.675246319,0.847944526
8,13246,175483008,11747,1524672,16378,1.394228,3568.385959450,4600.447490587,3662.295132325,0.775660621,0.974357836
8,13246,175483008,11747,1524672,17371,1.478761,3316.522504065,4626.903087716,3682.601473868,0.716791003,0.900592293
8,13246,175483008,11747,1524672,18424,1.568400,3450.559789602,4653.833475177,3703.207940609,0.741444619,0.931775867
8,13246,175483008,11747,1524672,19541,1.663489,2605.750937755,4689.795101734,3730.480972969,0.555621489,0.698502675
8,13246,175483008,11747,1524672,20726,1.764365,2259.709912803,4736.471619482,3766.113690117,0.477087185,0.600011072
8,13246,175483008,11747,1524672,21983,1.871371,3100.917284965,4782.607609924,3801.563371297,0.648373761,0.815695276
8,13246,175483008,11747,1524672,23315,1.984762,3516.955329383,4819.407577925,3829.701001456,0.729748475,0.918336791
8,13246,175483008,11747,1524672,24729,2.105133,3595.228217895,4864.208685625,3863.773274870,0.739118827,0.930496683
8,13246,175483008,11747,1524672,26228,2.232740,3061.850920610,4898.223658636,3889.800429989,0.625094143,0.787148589
8,13246,175483008,11747,1524672,27819,2.368179,3070.183059573,4932.817172577,3916.426612940,0.622399524,0.783924573
8,13246,175483008,11747,1524672,29505,2.511705,3085.960202048,4974.727481001,3948.495690105,0.620327488,0.781553393
8,13246,175483008,11747,1524672,31294,2.663999,2728.284511585,5013.336386558,3977.989052372,0.544205356,0.685845153
8,13246,175483008,11747,1524672,33191,2.825487,3358.791092548,5063.148241094,4016.052071340,0.663379963,0.836341520
8,13246,175483008,11747,1524672,35204,2.996850,3714.947434452,5104.638023941,4047.927737832,0.727759229,0.917740551
8,13246,175483008,11747,1524672,37338,3.178514,3837.700922896,5152.941694574,4084.960378591,0.744759237,0.939470782
8,13246,175483008,11747,1524672,39602,3.371244,3616.600393581,5195.237931038,4117.292514244,0.696137586,0.878392871
8,13246,175483008,11747,1524672,42003,3.575636,3874.765007483,5231.789832140,4145.437400917,0.740619393,0.934705951
8,13246,175483008,11747,1524672,44550,3.792458,3383.834132919,5267.093246913,4172.639494948,0.642448116,0.810957701
8,13246,175483008,11747,1524672,47251,4.022389,2657.584095097,5305.563405558,4202.304454444,0.500905162,0.632411127
8,13246,175483008,11747,1524672,50115,4.266196,3266.119484702,5349.849234170,4236.256960863,0.610506828,0.770991825
8,13246,175483008,11747,1524672,53154,4.524900,3352.191887664,5405.701824602,4279.020431442,0.620121493,0.783401702
8,13246,175483008,11747,1524672,56377,4.799268,3552.402361193,5465.599220364,4325.001420108,0.649956614,0.821364438
8,13246,175483008,11747,1524672,59795,5.090236,4712.446289015,5505.429602448,4355.546308166,0.855963409,1.081941496
8,13246,175483008,11747,1524672,63420,5.398825,4156.347915020,5536.567560385,4379.515493137,0.750708425,0.949042861
8,13246,175483008,11747,1524672,67265,5.726143,3211.141777349,5588.850116653,4419.626113837,0.574562157,0.726564124
8,13246,175483008,11747,1524672,71343,6.073295,3150.130961296,5640.084390185,4459.033786893,0.558525501,0.706460438
8,13246,175483008,11747,1524672,75669,6.441560,3487.318192490,5681.969124359,4491.234599169,0.613751697,0.776472063
8,13246,175483008,11747,1524672,80257,6.832127,3630.981418196,5739.831416400,4535.596608145,0.632593739,0.800552106
8,13246,175483008,11747,1524672,85123,7.246361,3374.910099695,5785.312153673,4570.737347006,0.583358341,0.738373230
8,13246,175483008,11747,1524672,90284,7.685707,3662.209193190,5842.104807942,4614.457418878,0.626864686,0.793638095
8,13246,175483008,11747,1524672,95757,8.151613,4775.314413356,5893.379638040,4654.001434128,0.810284541,1.026066382
8,13246,175483008,11747,1524672,101563,8.645867,4118.198478822,5933.067573084,4684.598924352,0.694109485,0.879093076
8,13246,175483008,11747,1524672,107721,9.170086,3825.882467132,5967.528691177,4711.113640572,0.641116728,0.812097257
8,13246,175483008,11747,1524672,114252,9.726058,3063.147098410,6010.352101757,4744.063681455,0.509645200,0.645680013
8,13246,175483008,11747,1524672,121179,10.315740,3252.921064346,6061.157982162,4783.145692160,0.536683101,0.680079862
8,13246,175483008,11747,1524672,128526,10.941176,3458.785639878,6134.656137320,4839.954876212,0.563810842,0.714631795
8,13246,175483008,11747,1524672,136318,11.604495,4175.468319327,6174.568285448,4870.678347282,0.676236479,0.857266282
8,13246,175483008,11747,1524672,144583,12.308079,4557.448015030,6227.259165813,4911.326678451,0.731854560,0.927946421
8,13246,175483008,11747,1524672,153349,13.054312,4933.174816023,6279.370559755,4951.453453111,0.785616133,0.996308430
8,13246,175483008,11747,1524672,162647,13.845833,4288.091033270,6317.878206620,4981.120641931,0.678723282,0.860868736
8,13246,175483008,11747,1524672,172508,14.685281,3602.189284628,6364.401109795,5017.020539681,0.565990299,0.717993729
8,13246,175483008,11747,1524672,182967,15.575636,3808.975225762,6428.111711345,5066.173637761,0.592549631,0.751844587
8,13246,175483008,11747,1524672,194060,16.519963,4125.406813365,6488.461294161,5112.671430037,0.635806646,0.806898482
8,13246,175483008,11747,1524672,205826,17.521580,4121.243648252,6538.610616355,5151.399162163,0.630293481,0.800024133
8,13246,175483008,11747,1524672,218305,18.583894,4335.173110468,6599.970544228,5198.717020852,0.656847342,0.833892880
8,13246,175483008,11747,1524672,231541,19.710650,5271.731279240,6653.777461082,5240.247450554,0.792291493,1.006008081
8,13246,175483008,11747,1524672,245579,20.905678,4551.293117535,6710.382843914,5283.915662300,0.678246417,0.861348554
8,13246,175483008,11747,1524672,260468,22.173151,4556.195839265,6754.789968557,5318.237427314,0.674513325,0.856711627
8,13246,175483008,11747,1524672,276260,23.517494,4478.296105628,6802.705453123,5355.214425109,0.658311041,0.836249634
8,13246,175483008,11747,1524672,293010,24.943390,3905.645599144,6859.656648170,5399.231675605,0.569364591,0.723370626
8,13246,175483008,11747,1524672,310775,26.455691,3340.661744873,6938.503501223,5460.117494358,0.481467184,0.611829644
8,13246,175483008,11747,1524672,329617,28.059675,5146.339545403,7021.647834148,5524.362939315,0.732924759,0.931571586
8,13246,175483008,11747,1524672,349602,29.760960,5941.887529785,7072.947664111,5564.046270140,0.840086455,1.067907642
8,13246,175483008,11747,1524672,370798,31.565336,5128.998278949,7124.340778443,5603.722919816,0.719926017,0.915284062
8,13246,175483008,11747,1524672,393279,33.479101,4813.319921344,7174.149936290,5642.202984863,0.670925470,0.853092300
8,13246,175483008,11747,1524672,417123,35.508896,3725.255476364,7240.781010737,5693.712742530,0.514482550,0.654275276
8,13246,175483008,11747,1524672,442413,37.661786,4966.351281716,7311.428984867,5748.313265028,0.679258636,0.863966707
8,13246,175483008,11747,1524672,469237,39.945263,4147.775929271,7379.793763463,5801.210039078,0.562044965,0.714984616
8,13246,175483008,11747,1524672,497686,42.367072,5053.600456080,7450.200858751,5855.652052881,0.678317344,0.863029499
8,13246,175483008,11747,1524672,527861,44.935813,5905.285551919,7531.370053715,5918.438443170,0.784091807,0.997777642
8,13246,175483008,11747,1524672,559865,47.660254,4960.956788675,7591.427422131,5964.920700470,0.653494595,0.831688641
8,13246,175483008,11747,1524672,593809,50.549843,5844.557837833,7658.251043178,6016.607666255,0.763171357,0.971404180
8,13246,175483008,11747,1524672,629811,53.614625,5316.089180290,7699.469296129,6048.522663384,0.690448780,0.878907045
8,13246,175483008,11747,1524672,667996,56.865242,4136.492481705,7757.967480351,6093.793476807,0.533192810,0.678804180
8,13246,175483008,11747,1524672,708497,60.313016,4313.891311088,7824.945619935,6145.625490281,0.551299845,0.701945037
8,13246,175483008,11747,1524672,751453,63.969780,4455.354758084,7880.751080958,6188.809330923,0.565346464,0.719904996
8,13246,175483008,11747,1524672,797013,67.848217,5494.789622245,7966.126748319,6254.905903430,0.689769294,0.878476784
8,13246,175483008,11747,1524672,845335,71.961777,6301.319189260,8039.613081595,6311.804747400,0.783783887,0.998338739
8,13246,175483008,11747,1524672,896587,76.324764,6250.420154936,8084.795341602,6346.798077701,0.773108024,0.984814717
8,13246,175483008,11747,1524672,950947,80.952328,5752.146802322,8153.637377330,6400.111851067,0.705470030,0.898757231
8,13246,175483008,11747,1524672,1008602,85.860390,4756.475505307,8217.675526127,6449.717698322,0.578810333,0.737470340
8,13246,175483008,11747,1524672,1069754,91.066145,3757.161648434,8286.635991537,6503.140427259,0.453400107,0.577745735
8,13246,175483008,11747,1524672,1134612,96.587384,5406.032259927,8360.617274553,6560.440593566,0.646606833,0.824034938
8,13246,175483008,11747,1524672,1203403,102.443432,5906.645538405,8439.259417949,6621.369319526,0.699900933,0.892058010
8,13246,175483008,11747,1524672,1276365,108.654550,5780.869323492,8503.725731183,6671.323795783,0.679804301,0.866525071
8,13246,175483008,11747,1524672,1353750,115.242189,5334.699623660,8581.947103912,6731.949895603,0.621618796,0.792444939
8,13246,175483008,11747,1524672,1435827,122.229250,5459.156049821,8662.611815412,6794.475041494,0.630197470,0.803469881
8,14935,223084095,14934,1825372,15,0.001004,-22.407195382,1894.687869732,1720.732687771,0.011826325,0.013021892
8,14935,223084095,14934,1825372,16,0.001071,-22.407195382,1910.389273136,1720.732687771,0.011729125,0.013021892
8,14935,223084095,14934,1825372,17,0.001138,285.412442789,1935.029742551,1748.048601272,0.147497703,0.163274890
8,14935,223084095,14934,1825372,18,0.001205,285.412442789,1945.138183121,1748.048601272,0.146731191,0.163274890
8,14935,223084095,14934,1825372,19,0.001272,527.982023222,1960.204722163,1764.798547642,0.269350450,0.299174103
8,14935,223084095,14934,1825372,20,0.001339,527.982023222,1977.586482595,1764.798547642,0.266983026,0.299174103
8,14935,223084095,14934,1825372,21,0.001406,223.211651958,2000.933101167,1790.921241417,0.111553780,0.124635102
8,14935,223084095,14934,1825372,23,0.001540,158.390224479,2038.252252822,1832.522268282,0.077708843,0.086432906
8,14935,223084095,14934,1825372,24,0.001607,158.390224479,2050.416150814,1832.522268282,0.077247843,0.086432906
8,14935,223084095,14934,1825372,25,0.001674,158.390224479,2060.433490866,1832.522268282,0.076872282,0.086432906
8,14935,223084095,14934,1825372,27,0.001808,-55.622204235,2086.370896529,1844.976743320,0.026659787,0.030147916
8,14935,223084095,14934,1825372,29,0.001942,145.990379401,2107.648096357,1855.959810252,0.069266961,0.078660313
8,14935,223084095,14934,1825372,30,0.002009,333.413040749,2115.964969480,1865.399172097,0.157570208,0.178735493
8,14935,223084095,14934,1825372,32,0.002143,524.205628118,2131.622992643,1875.130897472,0.245918547,0.279556819
8,14935,223084095,14934,1825372,34,0.002277,65.346504607,2156.303388013,1903.140457519,0.030304875,0.034336144
8,14935,223084095,14934,1825372,36,0.002411,-158.749327266,2181.559822581,1916.288742050,0.072768725,0.082842071
8,14935,223084095,14934,1825372,38,0.002545,-245.174458145,2205.417734634,1943.405945150,0.111169170,0.126157100
8,14935,223084095,14934,1825372,41,0.002745,-301.913352715,2226.993404052,1959.011251760,0.135569936,0.154115170
8,14935,223084095,14934,1825372,43,0.002879,30.132440447,2239.396065664,1973.099136319,0.013455610,0.015271630
8,14935,223084095,14934,1825372,46,0.003080,-173.389972259,2258.432867798,1983.567889994,0.076774464,0.087413178
8,14935,223084095,14934,1825372,48,0.003214,3.773731163,2272.859807058,1991.463921849,0.001660345,0.001894953
8,14935,223084095,14934,1825372,51,0.003415,-214.542599476,2299.544145532,2003.394761960,0.093297882,0.107089528
8,14935,223084095,14934,1825372,55,0.003683,-219.578668508,2327.374490870,2016.397275707,0.094346084,0.108896531
8,14935,223084095,14934,1825372,58,0.003884,-539.540024878,2344.693275632,2029.073869379,0.230111132,0.265904575
8,14935,223084095,14934,1825372,61,0.004085,-152.352144732,2366.951396084,2047.536274533,0.064366402,0.074407544
8,14935,223084095,14934,1825372,65,0.004352,-489.803384384,2396.114167759,2062.701900593,0.204415712,0.237457184
8,14935,223084095,14934,1825372,69,0.004620,-347.830048621,2407.265213257,2073.132778417,0.144491785,0.167779919
8,14935,223084095,14934,1825372,73,0.004888,180.045837077,2432.507881771,2095.550777545,0.074016548,0.085918146
8,14935,223084095,14934,1825372,78,0.005223,14.022221746,2455.384082731,2109.208468959,0.005710806,0.006648097
8,14935,223084095,14934,1825372,82,0.005491,7.054437302,2471.973790583,2115.827697735,0.002853767,0.003334127
8,14935,223084095,14934,1825372,87,0.005826,-317.449393203,2496.824822314,2139.742150274,0.127141236,0.148358714
8,14935,223084095,14934,1825372,93,0.006227,-462.506879537,2528.205278323,2157.854005793,0.182938816,0.214336502
8,14935,223084095,14934,1825372,98,0.006562,-645.425891755,2545.744513299,2171.873038242,0.253531291,0.297174780
8,14935,223084095,14934,1825372,104,0.006964,-308.818712511,2562.779353068,2180.595951443,0.120501483,0.141621245
8,14935,223084095,14934,1825372,110,0.007366,36.675040046,2578.508711269,2196.519135196,0.014223353,0.016696891
8,14935,223084095,14934,1825372,117,0.007834,58.289152868,2598.682998484,2208.625622834,0.022430267,0.026391595
8,14935,223084095,14934,1825372,124,0.008303,-467.082300228,2623.733254116,2224.325007486,0.178022022,0.209988333
8,14935,223084095,14934,1825372,132,0.008839,-228.718791553,2653.943934643,2239.295328999,0.086180717,0.102138735
8,14935,223084095,14934,1825372,140,0.009375,-118.819815515,2681.741902199,2258.998870338,0.044306954,0.052598440
8,14935,223084095,14934,1825372,148,0.009910,-644.283997569,2696.542282642,2271.323414477,0.238929685,0.283660175
8,14935,223084095,14934,1825372,157,0.010513,-292.660893547,2717.356852161,2285.661741613,0.107700574,0.128042084
8,14935,223084095,14934,1825372,167,0.011183,-364.698823133,2743.163468073,2306.191287266,0.132948265,0.158139017
8,14935,223084095,14934,1825372,177,0.011852,-173.471730710,2761.905016394,2314.691218495,0.062808724,0.074943789
8,14935,223084095,14934,1825372,188,0.012589,-144.481730552,2780.135895136,2330.216922498,0.051969305,0.062003554
8,14935,223084095,14934,1825372,199,0.013325,378.626013543,2803.532769525,2348.951591719,0.135053179,0.161189364
8,14935,223084095,14934,1825372,211,0.014129,-393.636341191,2838.012009841,2376.902395235,0.138701436,0.165608963
8,14935,223084095,14934,1825372,224,0.014999,-858.541429073,2865.311024939,2398.589015270,0.299632892,0.357936030
8,14935,223084095,14934,1825372,238,0.015937,-546.001767328,2890.122921500,2417.230402669,0.188919912,0.225879075
8,14935,223084095,14934,1825372,252,0.016874,-401.351446552,2905.435770911,2424.812153373,0.138138124,0.165518573
8,14935,223084095,14934,1825372,267,0.017879,-474.220349358,2924.178343134,2440.985376185,0.162172171,0.194274146
8,14935,223084095,14934,1825372,283,0.018950,-55.913661157,2943.516016503,2454.216150926,0.018995535,0.022782696
8,14935,223084095,14934,1825372,301,0.020155,-268.630647830,2973.869585643,2474.219767532,0.090330339,0.108571862
8,14935,223084095,14934,1825372,319,0.021361,-246.087696738,2997.390471087,2493.488341902,0.082100647,0.098692138
8,14935,223084095,14934,1825372,338,0.022633,-727.153426348,3026.360941525,2513.451967867,0.240273200,0.289304684
8,14935,223084095,14934,1825372,359,0.024039,-583.782198590,3053.257106678,2531.643383942,0.191199817,0.230594168
8,14935,223084095,14934,1825372,380,0.025445,-456.488149125,3069.267324481,2540.871121901,0.148728703,0.179658128
8,14935,223084095,14934,1825372,403,0.026985,-710.041007861,3096.150893177,2564.615772585,0.229330234,0.276860579
8,14935,223084095,14934,1825372,428,0.028659,-711.337933459,3115.752241234,2577.946980263,0.228303754,0.275931949
8,14935,223084095,14934,1825372,454,0.030400,-392.169662586,3138.289397881,2596.955335505,0.124962874,0.151011324
8,14935,223084095,14934,1825372,481,0.032208,-351.065638092,3167.335291996,2618.227675554,0.110839430,0.134085222
8,14935,223084095,14934,1825372,511,0.034217,-405.700975790,3192.515939956,2637.101459584,0.127078763,0.153843522
8,14935,223084095,14934,1825372,541,0.036226,-709.555392076,3222.902035131,2657.224367826,0.220160397,0.267028784
8,14935,223084095,14934,1825372,574,0.038436,-1089.793268022,3252.095784989,2679.911770589,0.335104911,0.406652667
8,14935,223084095,14934,1825372,609,0.040779,-731.161507684,3278.691152350,2698.465884752,0.223004081,0.270954512
8,14935,223084095,14934,1825372,646,0.043257,-425.133819727,3293.915608283,2710.362827738,0.129066397,0.156854948
8,14935,223084095,14934,1825372,685,0.045868,-152.854245435,3310.099728615,2722.993643331,0.046178139,0.056134632
8,14935,223084095,14934,1825372,727,0.048681,-738.240664305,3341.510502491,2746.174266525,0.220930224,0.268825134
8,14935,223084095,14934,1825372,771,0.051627,-786.330831175,3380.202513113,2774.857864347,0.232628320,0.283376976
8,14935,223084095,14934,1825372,818,0.054774,-975.143256325,3403.548982895,2792.574154636,0.286507778,0.349191535
8,14935,223084095,14934,1825372,867,0.058055,-801.380262085,3430.058943911,2809.524122609,0.233634545,0.285237011
8,14935,223084095,14934,1825372,920,0.061604,-859.234573530,3454.507496283,2828.057427212,0.248728531,0.303825009
8,14935,223084095,14934,1825372,975,0.065287,-1034.525657985,3479.031335976,2846.041719537,0.297360259,0.363496308
8,14935,223084095,14934,1825372,1035,0.069305,-451.125239402,3504.984128428,2865.240445571,0.128709638,0.157447603
8,14935,223084095,14934,1825372,1097,0.073457,-194.694947391,3529.662227373,2883.159984557,0.055159654,0.067528319
8,14935,223084095,14934,1825372,1164,0.077943,-484.809958775,3554.547242093,2902.177065752,0.136391480,0.167050441
8,14935,223084095,14934,1825372,1234,0.082630,-716.911655016,3582.703178096,2923.438434906,0.200103559,0.245228922
8,14935,223084095,14934,1825372,1309,0.087652,-695.361041610,3620.263713484,2952.020086756,0.192074693,0.235554306
8,14935,223084095,14934,1825372,1389,0.093009,-1267.955674011,3652.006234838,2975.857232354,0.347194280,0.426080815
8,14935,223084095,14934,1825372,1473,0.098634,-1083.605203099,3670.461101352,2989.760458099,0.295223181,0.362438803
8,14935,223084095,14934,1825372,1562,0.104594,-734.337428608,3697.253600272,3010.422710604,0.198617003,0.243931666
8,14935,223084095,14934,1825372,1657,0.110955,-540.734039128,3719.804385488,3027.183870935,0.145366257,0.178626097
8,14935,223084095,14934,1825372,1757,0.117651,-517.408161869,3747.947217186,3046.528438253,0.138051080,0.169835330
8,14935,223084095,14934,1825372,1864,0.124816,-975.827240886,3778.567110152,3067.806648420,0.258253251,0.318086292
8,14935,223084095,14934,1825372,1977,0.132382,-1246.486377673,3815.713308651,3096.259977022,0.326671916,0.402578074
8,14935,223084095,14934,1825372,2097,0.140418,-1012.312107141,3846.609328618,3119.711914255,0.263169982,0.324488970
8,14935,223084095,14934,1825372,2224,0.148922,-1303.099367867,3872.358380899,3139.082509964,0.336513112,0.415121095
8,14935,223084095,14934,1825372,2359,0.157962,-783.434619886,3894.191115797,3155.991341975,0.201180321,0.248237253
8,14935,223084095,14934,1825372,2502,0.167537,-1054.869991200,3924.254621390,3179.002370337,0.268807734,0.331824223
8,14935,223084095,14934,1825372,2653,0.177648,-1553.982941666,3957.230632285,3203.490890061,0.392694560,0.485090483
8,14935,223084095,14934,1825372,2814,0.188429,-373.710935294,3984.650106302,3224.183223840,0.093787641,0.115908715
8,14935,223084095,14934,1825372,2985,0.199879,-758.310426466,4016.460173988,3247.738193088,0.188800684,0.233488779
8,14935,223084095,14934,1825372,3166,0.211999,-1641.879976068,4051.156113435,3274.738930658,0.405286770,0.501377365
8,14935,223084095,14934,1825372,3358,0.224856,-1870.363740942,4088.739767369,3302.652111176,0.457442598,0.566321755
8,14935,223084095,14934,1825372,3561,0.238449,-1372.451062250,4120.744779184,3326.622018946,0.333058982,0.412565977
8,14935,223084095,14934,1825372,3777,0.252913,-1075.493981752,4140.500400819,3340.942418329,0.259749759,0.321913355
8,14935,223084095,14934,1825372,4006,0.268247,-1036.530531405,4164.580117073,3359.448586289,0.248891966,0.308541865
8,14935,223084095,14934,1825372,4249,0.284519,-853.909579873,4200.495168284,3386.235161909,0.203287838,0.252170785
8,14935,223084095,14934,1825372,4507,0.301795,-1076.335538027,4234.748771168,3412.282125262,0.254167507,0.315429820
8,14935,223084095,14934,1825372,4780,0.320075,-1672.545270579,4277.125869394,3444.171514030,0.391044202,0.485616138
8,14935,223084095,14934,1825372,5070,0.339494,-1335.247413969,4308.589585734,3467.768199221,0.309903598,0.385045175
8,14935,223084095,14934,1825372,5377,0.360051,-1785.335519332,4333.953832251,3486.878578820,0.411941518,0.512015397
8,14935,223084095,14934,1825372,5703,0.381880,-1659.876093086,4371.231806388,3515.038849356,0.379727310,0.472221265
8,14935,223084095,14934,1825372,6049,0.405049,-1496.299457747,4402.184551252,3538.474312687,0.339899302,0.422865711
8,14935,223084095,14934,1825372,6416,0.429624,-833.262135838,4433.418082907,3562.278652334,0.187950272,0.233912677
8,14935,223084095,14934,1825372,6805,0.455672,-918.468170398,4462.826429413,3584.794511180,0.205804143,0.256212223
8,14935,223084095,14934,1825372,7217,0.483260,-1331.066041956,4509.616272519,3619.821708918,0.295161708,0.367715912
8,14935,223084095,14934,1825372,7655,0.512589,-1567.941865838,4549.420505227,3650.354025782,0.344646503,0.429531452
8,14935,223084095,14934,1825372,8119,0.543659,-1824.659064472,4586.872644973,3678.869843281,0.397800246,0.495983588
8,14935,223084095,14934,1825372,8611,0.576604,-2301.503093533,4620.353377180,3704.383368534,0.498122742,0.621291822
8,14935,223084095,14934,1825372,9133,0.611558,-1710.606217270,4654.842998172,3730.348752548,0.367489563,0.458564689
8,14935,223084095,14934,1825372,9687,0.648654,-1133.340785177,4678.857004934,3748.601850877,0.242225993,0.302336933
8,14935,223084095,14934,1825372,10274,0.687960,-971.457001329,4710.972069754,3773.093464038,0.206211582,0.257469636
8,14935,223084095,14934,1825372,10897,0.729677,-1454.096427261,4756.040100714,3806.973306151,0.305736789,0.381956034
8,14935,223084095,14934,1825372,11558,0.773939,-1892.612484381,4803.732030176,3843.063378672,0.393987939,0.492474960
8,14935,223084095,14934,1825372,12259,0.820879,-2264.405390170,4842.243842905,3872.200597116,0.467635556,0.584785146
8,14935,223084095,14934,1825372,13002,0.870631,-1627.874204646,4879.264650792,3900.300292971,0.333631053,0.417371505
8,14935,223084095,14934,1825372,13790,0.923396,-1725.124780448,4913.719045622,3926.526284223,0.351083317,0.439351390
8,14935,223084095,14934,1825372,14626,0.979376,-1828.040463773,4940.352055485,3946.921253948,0.370022307,0.463156052
8,14935,223084095,14934,1825372,15513,1.038771,-1382.211047024,4987.385383953,3982.812398507,0.277141416,0.347043975
8,14935,223084095,14934,1825372,16453,1.101714,-922.280605275,5029.028946035,4014.514401176,0.183391389,0.229736529
8,14935,223084095,14934,1825372,17451,1.168542,-1180.398346112,5063.982898317,4041.228264118,0.233096827,0.292089006
8,14935,223084095,14934,1825372,18509,1.239387,-997.570671223,5111.128989261,4077.322158929,0.195176188,0.244663196
8,14935,223084095,14934,1825372,19631,1.314517,-2328.960522421,5167.113388453,4119.757114859,0.450727582,0.565315007
8,14935,223084095,14934,1825372,20821,1.394201,-2476.177463412,5206.751299751,4149.935519727,0.475570528,0.596678539
8,14935,223084095,14934,1825372,22084,1.478773,-1667.944421770,5236.489410739,4172.656988314,0.318523402,0.399731976
8,14935,223084095,14934,1825372,23423,1.568434,-1441.710670753,5266.745946774,4195.738570058,0.273738412,0.343613084
8,14935,223084095,14934,1825372,24843,1.663519,-1471.240472795,5307.151142490,4226.476534201,0.277218499,0.348100944
8,14935,223084095,14934,1825372,26349,1.764363,-2009.170132560,5359.575071532,4266.544195347,0.374874893,0.470912767
8,14935,223084095,14934,1825372,27947,1.871367,-1971.801885948,5411.394537635,4306.160677064,0.364379620,0.457902534
8,14935,223084095,14934,1825372,29641,1.984800,-2322.976560858,5452.773933822,4337.895413044,0.426017398,0.535507738
8,14935,223084095,14934,1825372,31438,2.105129,-2634.034014093,5503.070346660,4376.107067171,0.478648072,0.601912607
8,14935,223084095,14934,1825372,33344,2.232757,-2002.940537026,5541.310853569,4405.308287400,0.361456087,0.454665237
8,14935,223084095,14934,1825372,35366,2.368153,-1566.814698665,5580.160121968,4434.990106598,0.280783107,0.353284824
8,14935,223084095,14934,1825372,37510,2.511718,-1460.741370061,5627.286041348,4471.002939929,0.259581859,0.326714473
8,14935,223084095,14934,1825372,39784,2.663988,-1868.036104004,5670.687122247,4504.017690400,0.329419709,0.414748838
8,14935,223084095,14934,1825372,42196,2.825499,-1137.665406442,5726.665908240,4547.054941393,0.198661040,0.250198298
8,14935,223084095,14934,1825372,44755,2.996853,-1749.310694116,5773.301965440,4582.998597764,0.303000034,0.381695664
8,14935,223084095,14934,1825372,47468,3.178519,-2588.463473944,5827.587872720,4624.722812451,0.444174079,0.559701322
8,14935,223084095,14934,1825372,50346,3.371233,-1952.211379028,5875.140505573,4661.087931988,0.332283352,0.418831699
8,14935,223084095,14934,1825372,53399,3.575666,-2027.842091988,5916.228492915,4692.541212781,0.342759259,0.432141563
8,14935,223084095,14934,1825372,56636,3.792420,-1524.837261800,5955.900176618,4722.860244230,0.256021293,0.322863092
8,14935,223084095,14934,1825372,60070,4.022365,-858.901189487,5999.157075557,4756.001607763,0.143170312,0.180593124
8,14935,223084095,14934,1825372,63712,4.266238,-1083.568666375,6048.980578249,4794.320373917,0.179132443,0.226010901
8,14935,223084095,14934,1825372,67575,4.524910,-2419.722118549,6111.774060642,4842.365209529,0.395911579,0.499698394
8,14935,223084095,14934,1825372,71672,4.799250,-2370.653212274,6179.101310055,4894.062031174,0.383656634,0.484393781
8,14935,223084095,14934,1825372,76017,5.090197,-2137.155099147,6223.884063711,4928.374969105,0.343379645,0.433642958
8,14935,223084095,14934,1825372,80626,5.398821,-2232.025075997,6258.907302874,4955.223594303,0.356615775,0.450438821
8,14935,223084095,14934,1825372,85514,5.726128,-2809.488312641,6317.725150299,5000.458370965,0.444699357,0.561846156
8,14935,223084095,14934,1825372,90699,6.073323,-2594.796414026,6375.325693853,5044.745287322,0.407006095,0.514356279
8,14935,223084095,14934,1825372,96198,6.441543,-1328.553033583,6422.436597481,5080.957119799,0.206861214,0.261476923
8,14935,223084095,14934,1825372,102031,6.832128,-2086.234145398,6487.510656666,5131.024590456,0.321576989,0.406592116
8,14935,223084095,14934,1825372,108217,7.246351,-2680.792125787,6538.675201198,5170.385313896,0.409990104,0.518489815
8,14935,223084095,14934,1825372,114778,7.685684,-3621.270786161,6602.558167374,5219.436746591,0.548464806,0.693804899
8,14935,223084095,14934,1825372,121737,8.151667,-3075.124250910,6660.234192007,5263.761629234,0.461714132,0.584206594
8,14935,223084095,14934,1825372,129118,8.645909,-2929.257750466,6704.872179527,5298.142267568,0.436884951,0.552883936
8,14935,223084095,14934,1825372,136946,9.170082,-2233.728652740,6743.625392086,5327.938070352,0.331235578,0.419248239
8,14935,223084095,14934,1825372,145249,9.726061,-2459.898595627,6791.820333378,5365.035344997,0.362185464,0.458505571
8,14935,223084095,14934,1825372,154055,10.315723,-2023.006248129,6848.984568136,5409.007055626,0.295373165,0.374006953
8,14935,223084095,14934,1825372,163395,10.941141,-2993.993053709,6931.669508218,5472.599862498,0.431929573,0.547087879
8,14935,223084095,14934,1825372,173302,11.604527,-3492.976838352,6976.576293072,5507.193828759,0.500672062,0.634257109
8,14935,223084095,14934,1825372,183809,12.308089,-3105.902941076,7035.860329342,5552.839776267,0.441438971,0.559335955
8,14935,223084095,14934,1825372,194953,13.054306,-2870.000959666,7094.489797695,5598.015260402,0.404539444,0.512681875
8,14935,223084095,14934,1825372,206773,13.845788,-2709.246498516,7137.815924960,5631.386991376,0.379562394,0.481097552
8,14935,223084095,14934,1825372,219310,14.685282,-2717.850614869,7190.181038821,5671.760733098,0.377994740,0.479189928
8,14935,223084095,14934,1825372,232607,15.575666,-1826.914694275,7261.873925878,5727.032527828,0.251576206,0.318998484
8,14935,223084095,14934,1825372,246709,16.519954,-2642.654787894,7329.783585108,5779.366247888,0.360536537,0.457256847
8,14935,223084095,14934,1825372,261667,17.521562,-2888.406308640,7386.224688973,5822.865334061,0.391053133,0.496045528
8,14935,223084095,14934,1825372,277532,18.583903,-2805.223194673,7455.281858806,5876.141761125,0.376273258,0.477392022
8,14935,223084095,14934,1825372,294359,19.710660,-3452.217942375,7515.821188516,5922.866705620,0.459326780,0.582862677
8,14935,223084095,14934,1825372,312205,20.905652,-3831.907787678,7579.534166719,5972.052351137,0.505559801,0.641640020
8,14935,223084095,14934,1825372,331134,22.173162,-2151.955510022,7629.504987976,6010.616011042,0.282057029,0.358025784
8,14935,223084095,14934,1825372,351211,23.517544,-1531.698391032,7683.450105408,6052.282958986,0.199350340,0.253077789
8,14935,223084095,14934,1825372,372505,24.943418,-3159.663286132,7747.570110721,6101.724686483,0.407826356,0.517831179
8,14935,223084095,14934,1825372,395089,26.455672,-2708.062568129,7836.313398166,6170.170707699,0.345578645,0.438895891
8,14935,223084095,14934,1825372,419043,28.059663,-4240.041616883,7929.891104029,6242.416524179,0.534691027,0.679230808
8,14935,223084095,14934,1825372,444450,29.760948,-3024.320549545,7987.627477701,6286.999972863,0.378625638,0.481043512
8,14935,223084095,14934,1825372,471397,31.565354,-3871.033200407,8045.477251148,6331.724801607,0.481144012,0.611371044
8,14935,223084095,14934,1825372,499977,33.479108,-3295.409390551,8101.556766025,6375.032629229,0.406762488,0.516924317
8,14935,223084095,14934,1825372,530290,35.508906,-2487.013897463,8176.580748645,6433.019769480,0.304163069,0.386601314
8,14935,223084095,14934,1825372,562442,37.661845,-3421.534028517,8256.119584559,6494.486756899,0.414423991,0.526836709
8,14935,223084095,14934,1825372,596542,39.945226,-2043.006616597,8333.071693875,6553.960588637,0.245168491,0.311720919
8,14935,223084095,14934,1825372,632710,42.367082,-3012.185739374,8412.349997088,6615.273195836,0.358067097,0.455338071
8,14935,223084095,14934,1825372,671071,44.935784,-4733.674303000,8503.731214039,6685.916289590,0.556658505,0.708006816
8,14935,223084095,14934,1825372,711758,47.660238,-4186.939678795,8571.333872552,6738.186111650,0.488481693,0.621374894
8,14935,223084095,14934,1825372,754911,50.549819,-3959.053191859,8646.572599697,6796.354168371,0.457875435,0.582526027
8,14935,223084095,14934,1825372,800681,53.614638,-3372.253187947,8692.984989233,6832.249933290,0.387928104,0.493578722
8,14935,223084095,14934,1825372,849226,56.865274,-2948.829600290,8758.874837858,6883.218464942,0.336667626,0.428408544
8,14935,223084095,14934,1825372,900714,60.312977,-2577.884652003,8834.280609278,6941.567982701,0.291804706,0.371369215
8,14935,223084095,14934,1825372,955324,63.969733,-3246.566254782,8897.111684817,6990.183692481,0.364901147,0.464446486
8,14935,223084095,14934,1825372,1013245,67.848199,-4622.316754563,8993.283651753,7064.599781222,0.513974309,0.654292798
8,14935,223084095,14934,1825372,1074677,71.961765,-5538.114956750,9076.008189262,7128.630295999,0.610192812,0.776883458
8,14935,223084095,14934,1825372,1139835,76.324829,-3996.299442388,9126.886664742,7168.000273426,0.437860093,0.557519432
8,14935,223084095,14934,1825372,1208942,80.952324,-3950.558533614,9204.410676316,7228.016999317,0.429202767,0.546561876
8,14935,223084095,14934,1825372,1282240,85.860453,-3134.080380628,9276.528007494,7283.850954553,0.337850581,0.430277940
8,14935,223084095,14934,1825372,1359981,91.066091,-3891.912817361,9354.194988778,7343.975196319,0.416060690,0.529946346
8,14935,223084095,14934,1825372,1442436,96.587384,-3481.807268800,9437.515798119,7408.519793474,0.368932603,0.469973404
8,14935,223084095,14934,1825372,1529890,102.443418,-2818.514630706,9526.091242738,7477.106296759,0.295873151,0.376952596
8,14935,223084095,14934,1825372,1622647,108.654547,-4535.452259939,9598.683103339,7533.352801604,0.472507761,0.602049629
8,14935,223084095,14934,1825372,1721027,115.242199,-4359.104500334,9686.791587746,7601.583476553,0.450004985,0.573446903
8,14935,223084095,14934,1825372,1825372,122.229275,-5318.917870028,9777.633349447,7671.970025299,0.543988272,0.693292316
9,14936,223113968,2773,1825556,3,0.001082,-34.558916391,1356.267315280,1356.267315280,0.025480903,0.025480903
9,14936,223113968,2773,1825556,3,0.001082,-34.558916391,1356.267315280,1356.267315280,0.025480903,0.025480903
9,14936,223113968,2773,1825556,3,0.001082,-34.558916391,1356.267315280,1356.267315280,0.025480903,0.025480903
9,14936,223113968,2773,1825556,3,0.001082,-34.558916391,1356.267315280,1356.267315280,0.025480903,0.025480903
9,14936,223113968,2773,1825556,4,0.001442,-34.558916391,1461.016615730,1356.267315280,0.023654020,0.025480903
9,14936,223113968,2773,1825556,4,0.001442,-34.558916391,1461.016615730,1356.267315280,0.023654020,0.025480903
9,14936,223113968,2773,1825556,4,0.001442,-34.558916391,1461.016615730,1356.267315280,0.023654020,0.025480903
9,14936,223113968,2773,1825556,4,0.001442,-34.558916391,1461.016615730,1356.267315280,0.023654020,0.025480903
9,14936,223113968,2773,1825556,5,0.001803,466.651908081,1544.597631102,1445.916083686,0.302118752,0.322737891
9,14936,223113968,2773,1825556,5,0.001803,466.651908081,1544.597631102,1445.916083686,0.302118752,0.322737891
9,14936,223113968,2773,1825556,5,0.001803,466.651908081,1544.597631102,1445.916083686,0.302118752,0.322737891
9,14936,223113968,2773,1825556,6,0.002164,-61.805467637,1632.497791716,1539.461113187,0.037859449,0.040147469
9,14936,223113968,2773,1825556,6,0.002164,-61.805467637,1632.497791716,1539.461113187,0.037859449,0.040147469
9,14936,223113968,2773,1825556,6,0.002164,-61.805467637,1632.497791716,1539.461113187,0.037859449,0.040147469
9,14936,223113968,2773,1825556,7,0.002524,287.640679002,1669.479454608,1578.623808390,0.172293632,0.182209769
9,14936,223113968,2773,1825556,7,0.002524,287.640679002,1669.479454608,1578.623808390,0.172293632,0.182209769
9,14936,223113968,2773,1825556,8,0.002885,287.640679002,1719.461175528,1578.623808390,0.167285358,0.182209769
9,14936,223113968,2773,1825556,8,0.002885,287.640679002,1719.461175528,1578.623808390,0.167285358,0.182209769
9,14936,223113968,2773,1825556,9,0.003246,287.640679002,1743.216502553,1578.623808390,0.165005711,0.182209769
9,14936,223113968,2773,1825556,9,0.003246,287.640679002,1743.216502553,1578.623808390,0.165005711,0.182209769
9,14936,223113968,2773,1825556,10,0.003606,-111.043291033,1788.226127405,1628.189803548,0.062096896,0.068200458
9,14936,223113968,2773,1825556,11,0.003967,202.102223150,1815.437356614,1658.029598479,0.111324262,0.121893013
9,14936,223113968,2773,1825556,11,0.003967,202.102223150,1815.437356614,1658.029598479,0.111324262,0.121893013
9,14936,223113968,2773,1825556,12,0.004327,202.102223150,1839.887151824,1658.029598479,0.109844902,0.121893013
9,14936,223113968,2773,1825556,13,0.004688,496.934123030,1863.360024427,1684.039191533,0.266687122,0.295084655
9,14936,223113968,2773,1825556,14,0.005049,193.442789898,1887.913549377,1711.167726409,0.102463797,0.113047241
9,14936,223113968,2773,1825556,15,0.005409,-77.841922853,1907.305157884,1732.538710470,0.040812516,0.044929399
9,14936,223113968,2773,1825556,15,0.005409,-77.841922853,1907.305157884,1732.538710470,0.040812516,0.044929399
9,14936,223113968,2773,1825556,17,0.006131,226.238809776,1948.945585054,1759.021169638,0.116082671,0.128616309
9,14936,223113968,2773,1825556,18,0.006491,226.238809776,1959.250492595,1759.021169638,0.115472121,0.128616309
9,14936,223113968,2773,1825556,19,0.006852,466.376373225,1973.911989455,1775.337017192,0.236270095,0.262697374
9,14936,223113968,2773,1825556,20,0.007212,466.376373225,1990.274974747,1775.337017192,0.234327608,0.262697374
9,14936,223113968,2773,1825556,21,0.007573,176.712138317,2011.243357749,1798.812634378,0.087862136,0.098238213
9,14936,223113968,2773,1825556,23,0.008294,108.455895550,2046.710563514,1838.382762188,0.052990343,0.058995274
9,14936,223113968,2773,1825556,24,0.008655,108.455895550,2058.888906445,1838.382762188,0.052676905,0.058995274
9,14936,223113968,2773,1825556,26,0.009376,-98.526333402,2079.258611234,1849.998060381,0.047385319,0.053257533
9,14936,223113968,2773,1825556,27,0.009737,-98.526333402,2094.595644731,1849.998060381,0.047038355,0.053257533
9,14936,223113968,2773,1825556,29,0.010458,97.046581467,2115.553245742,1860.306853302,0.045872909,0.052166975
9,14936,223113968,2773,1825556,31,0.011179,480.203728084,2132.835168430,1879.936676744,0.225148073,0.255436119
9,14936,223113968,2773,1825556,33,0.011900,269.839723791,2150.299873637,1891.669876820,0.125489346,0.142646308
9,14936,223113968,2773,1825556,35,0.012622,-203.738716141,2176.249975426,1921.116688763,0.093619170,0.106052234
9,14936,223113968,2773,1825556,38,0.013704,-294.840838322,2214.549341732,1949.225448730,0.133138076,0.151260511
9,14936,223113968,2773,1825556,40,0.014425,-496.551628039,2231.943541530,1959.634428322,0.222474995,0.253389929
9,14936,223113968,2773,1825556,43,0.015507,-16.898059878,2249.190672297,1979.255870380,0.007512951,0.008537582
9,14936,223113968,2773,1825556,46,0.016589,-223.578427670,2268.039533200,1990.017732299,0.098577835,0.112349968
9,14936,223113968,2773,1825556,49,0.017670,-43.108480659,2292.534046480,1998.184169850,0.018803856,0.021573828
9,14936,223113968,2773,1825556,52,0.018752,-262.747254837,2319.385061117,2010.219184010,0.113283154,0.130705774
9,14936,223113968,2773,1825556,55,0.019834,-270.493194858,2338.505605469,2023.719893405,0.115669252,0.133661381
9,14936,223113968,2773,1825556,59,0.021277,-406.320934486,2363.046979704,2044.615571459,0.171947887,0.198727301
9,14936,223113968,2773,1825556,63,0.022719,-424.522396569,2398.919932472,2066.623947280,0.176963971,0.205418309
9,14936,223113968,2773,1825556,67,0.024162,-286.494482381,2414.118939345,2077.834652663,0.118674551,0.137881271
9,14936,223113968,2773,1825556,72,0.025965,-55.817296837,2435.998410475,2094.360620511,0.022913519,0.026651235
9,14936,223113968,2773,1825556,76,0.027407,-7.689350793,2459.114363927,2108.506181841,0.003126878,0.003646824
9,14936,223113968,2773,1825556,81,0.029210,88.718257949,2481.251683076,2120.700626439,0.035755445,0.041834409
9,14936,223113968,2773,1825556,87,0.031374,-358.340030909,2508.659520794,2147.992646155,0.142841238,0.166825539
9,14936,223113968,2773,1825556,92,0.033177,-362.222866474,2535.829377355,2161.106515531,0.142841971,0.167609909
9,14936,223113968,2773,1825556,98,0.035341,-699.699607362,2557.763745566,2180.232295208,0.273559123,0.320928925
9,14936,223113968,2773,1825556,105,0.037865,-239.953992981,2577.683952230,2192.411831476,0.093088989,0.109447500
9,14936,223113968,2773,1825556,112,0.040389,-133.894397691,2595.371294141,2206.485108780,0.051589689,0.060682212
9,14936,223113968,2773,1825556,119,0.042914,-242.447760152,2615.007238482,2222.316584327,0.092713992,0.109096859
9,14936,223113968,2773,1825556,127,0.045799,-388.451965271,2647.046445322,2235.150137516,0.146749206,0.173792337
9,14936,223113968,2773,1825556,135,0.048684,-555.493724954,2675.474753114,2254.822117820,0.207624357,0.246358114
9,14936,223113968,2773,1825556,144,0.051929,-510.931283736,2701.243035682,2274.051568575,0.189146729,0.224678847
9,14936,223113968,2773,1825556,154,0.055536,-386.231903913,2719.072237738,2285.574802181,0.142045474,0.168986770
9,14936,223113968,2773,1825556,164,0.059142,-567.387523172,2745.857353408,2303.671002285,0.206634013,0.246297116
9,14936,223113968,2773,1825556,175,0.063109,-132.723137775,2768.351878971,2318.687147112,0.047943016,0.057240641
9,14936,223113968,2773,1825556,186,0.067075,-157.527932354,2788.249565170,2335.598098354,0.056497071,0.067446507
9,14936,223113968,2773,1825556,198,0.071403,197.068371944,2811.761340160,2352.908520400,0.070087162,0.083755221
9,14936,223113968,2773,1825556,211,0.076091,-478.475582261,2847.910182530,2383.108917903,0.168009365,0.200777891
9,14936,223113968,2773,1825556,225,0.081140,-943.615257265,2877.851699199,2404.696343096,0.327888771,0.392405162
9,14936,223113968,2773,1825556,240,0.086549,-551.490952214,2901.966615999,2424.959434308,0.190040419,0.227422754
9,14936,223113968,2773,1825556,256,0.092319,-560.783920945,2919.971175817,2435.528789503,0.192051184,0.230251403
9,14936,223113968,2773,1825556,273,0.098449,-317.695751459,2941.177618913,2452.121610886,0.108016513,0.129559541
9,14936,223113968,2773,1825556,291,0.104940,-51.159796345,2965.330755399,2470.382624081,0.017252644,0.020709260
9,14936,223113968,2773,1825556,310,0.111792,-525.215257098,2995.166462643,2490.489824496,0.175354280,0.210888337
9,14936,223113968,2773,1825556,330,0.119005,-822.771729738,3023.437129248,2513.381447470,0.272131251,0.327356490
9,14936,223113968,2773,1825556,352,0.126938,-810.106375291,3056.739961630,2532.388582033,0.265022994,0.319898131
9,14936,223113968,2773,1825556,375,0.135233,-524.452296159,3074.775177028,2546.026853219,0.170566063,0.205988517
9,14936,223113968,2773,1825556,400,0.144248,-879.855049318,3102.142333582,2567.632625556,0.283628201,0.342671705
9,14936,223113968,2773,1825556,426,0.153624,-737.990269744,3123.400691704,2583.985510693,0.236277808,0.285601551
9,14936,223113968,2773,1825556,454,0.163722,-486.404518868,3146.940876577,2603.542613789,0.154564238,0.186824105
9,14936,223113968,2773,1825556,484,0.174540,-447.417390323,3179.685947317,2628.092201243,0.140711189,0.170244176
9,14936,223113968,2773,1825556,516,0.186080,-638.567438723,3204.107892076,2645.324636893,0.199296484,0.241394735
9,14936,223113968,2773,1825556,550,0.198341,-1048.702029826,3241.866180228,2670.636368629,0.323487143,0.392678705
9,14936,223113968,2773,1825556,586,0.211323,-1349.486458183,3271.219812295,2692.803264547,0.412533103,0.501145582
9,14936,223113968,2773,1825556,624,0.225027,-711.655767152,3294.200913752,2710.909306166,0.216032897,0.262515520
9,14936,223113968,2773,1825556,665,0.239812,-218.846001687,3310.714975537,2723.147095433,0.066102338,0.080365105
9,14936,223113968,2773,1825556,709,0.255680,-675.591564071,3333.977806549,2741.544341837,0.202638291,0.246427371
9,14936,223113968,2773,1825556,756,0.272629,-851.190776918,3377.823361155,2771.774955209,0.251993869,0.307092311
9,14936,223113968,2773,1825556,806,0.290660,-981.296653185,3405.962228775,2794.397075624,0.288111431,0.351165789
9,14936,223113968,2773,1825556,859,0.309773,-845.086526630,3433.866354599,2812.627912564,0.246103499,0.300461544
9,14936,223113968,2773,1825556,915,0.329968,-959.534919196,3459.435435595,2832.648790670,0.277367489,0.338741224
9,14936,223113968,2773,1825556,975,0.351605,-1144.468216143,3486.816686447,2852.134530719,0.328227240,0.401267263
9,14936,223113968,2773,1825556,1040,0.375045,-520.291298610,3514.277955685,2872.394190611,0.148050696,0.181135062
9,14936,223113968,2773,1825556,1108,0.399567,-204.782735226,3542.029474930,2892.239259601,0.057815085,0.070804217
9,14936,223113968,2773,1825556,1181,0.425893,-590.659290860,3567.934332975,2912.364947192,0.165546570,0.202810878
9,14936,223113968,2773,1825556,1259,0.454021,-878.141223805,3601.830915138,2938.250273975,0.243804122,0.298865359
9,14936,223113968,2773,1825556,1341,0.483592,-1005.243763852,3643.628212333,2969.423981808,0.275890872,0.338531570
9,14936,223113968,2773,1825556,1430,0.515687,-1385.224912218,3669.678215507,2989.614914043,0.377478577,0.463345599
9,14936,223113968,2773,1825556,1524,0.549585,-1040.312563317,3693.143906835,3007.324229515,0.281687524,0.345926307
9,14936,223113968,2773,1825556,1624,0.585647,-553.886536837,3717.756108129,3025.968255088,0.148984097,0.183044398
9,14936,223113968,2773,1825556,1731,0.624234,-757.747965221,3747.171362513,3046.839356605,0.202218658,0.248699677
9,14936,223113968,2773,1825556,1845,0.665344,-1091.443619511,3778.753819557,3069.958637178,0.288836921,0.355523884
9,14936,223113968,2773,1825556,1966,0.708979,-1260.243466414,3819.555151973,3099.812132137,0.329945089,0.406554789
9,14936,223113968,2773,1825556,2095,0.755499,-1119.245623824,3852.942548869,3125.125854334,0.290491127,0.358144176
9,14936,223113968,2773,1825556,2233,0.805265,-1497.905931956,3880.773271554,3145.810396796,0.385981305,0.476159000
9,14936,223113968,2773,1825556,2380,0.858276,-887.639402869,3904.717521367,3164.009942352,0.227324870,0.280542545
9,14936,223113968,2773,1825556,2537,0.914894,-1181.891435439,3940.383057765,3191.267096157,0.299943284,0.370351776
9,14936,223113968,2773,1825556,2704,0.975117,-1037.203714007,3971.138165022,3214.291342905,0.261185502,0.322685035
9,14936,223113968,2773,1825556,2882,1.039308,-543.979555997,4003.542500821,3238.468483499,0.135874555,0.167974325
9,14936,223113968,2773,1825556,3071,1.107465,-1191.486308987,4038.576057307,3265.273054684,0.295026339,0.364896377
9,14936,223113968,2773,1825556,3273,1.180310,-2027.666252889,4080.577345510,3296.645037322,0.496906707,0.615069633
9,14936,223113968,2773,1825556,3489,1.258204,-1776.471769970,4116.400623770,3323.810906762,0.431559494,0.534468362
9,14936,223113968,2773,1825556,3718,1.340786,-1180.188507463,4142.967977232,3343.475224874,0.284865467,0.352982579
9,14936,223113968,2773,1825556,3963,1.429138,-1034.401071855,4164.117314631,3359.640462798,0.248408244,0.307890408
9,14936,223113968,2773,1825556,4224,1.523260,-1074.500610747,4202.602365748,3388.266990758,0.255675060,0.317123950
9,14936,223113968,2773,1825556,4502,1.623512,-1348.967722870,4239.797818862,3416.357435547,0.318167936,0.394855558
9,14936,223113968,2773,1825556,4798,1.730256,-1785.588122085,4285.318992323,3451.084489100,0.416675661,0.517399133
9,14936,223113968,2773,1825556,5114,1.844212,-1586.294716038,4318.261201623,3475.571506214,0.367345707,0.456412625
9,14936,223113968,2773,1825556,5450,1.965380,-1781.434174862,4348.782998854,3498.385352649,0.409639703,0.509216108
9,14936,223113968,2773,1825556,5809,2.094843,-1715.253651799,4388.640461915,3528.530854878,0.390839411,0.486109863
9,14936,223113968,2773,1825556,6191,2.232600,-1460.816499855,4421.264598355,3553.601370077,0.330406938,0.411080576
9,14936,223113968,2773,1825556,6598,2.379373,-982.672029325,4450.897649739,3576.033246924,0.220780639,0.274793874
9,14936,223113968,2773,1825556,7033,2.536242,-676.927578492,4495.297627441,3609.158930734,0.150585709,0.187558263
9,14936,223113968,2773,1825556,7495,2.702849,-2002.028811653,4544.032856472,3646.632581802,0.440584141,0.549007548
9,14936,223113968,2773,1825556,7989,2.880995,-1488.809873054,4580.255600921,3673.852721258,0.325049517,0.405244844
9,14936,223113968,2773,1825556,8514,3.070321,-2585.390184639,4618.464020351,3703.021184623,0.559794376,0.698184011
9,14936,223113968,2773,1825556,9074,3.272268,-1725.569096676,4657.660367936,3732.868936672,0.370479803,0.462263510
9,14936,223113968,2773,1825556,9672,3.487919,-1375.519638136,4683.266350057,3752.184033401,0.293709462,0.366591731
9,14936,223113968,2773,1825556,10308,3.717274,-1087.507085407,4717.974130344,3778.642947019,0.230502978,0.287803611
9,14936,223113968,2773,1825556,10986,3.961774,-1616.246785167,4766.493873882,3815.243007255,0.339085044,0.423628792
9,14936,223113968,2773,1825556,11709,4.222503,-2501.038209078,4821.845786396,3857.299485577,0.518688967,0.648390984
9,14936,223113968,2773,1825556,12480,4.500541,-2324.839330582,4857.753342104,3884.371534041,0.478583239,0.598511062
9,14936,223113968,2773,1825556,13301,4.796610,-1582.415841440,4899.525472155,3916.264056581,0.322973286,0.404062601
9,14936,223113968,2773,1825556,14176,5.112153,-2171.331520474,4929.254840142,3938.742992641,0.440498938,0.551275248
9,14936,223113968,2773,1825556,15109,5.448612,-1883.741880128,4967.773365288,3968.333427817,0.379192395,0.474693449
9,14936,223113968,2773,1825556,16103,5.807068,-979.022440127,5019.429226629,4007.609248381,0.195046567,0.244290893
9,14936,223113968,2773,1825556,17163,6.189326,-1277.231571927,5057.993024085,4037.024444358,0.252517464,0.316379450
9,14936,223113968,2773,1825556,18292,6.596466,-1200.438575381,5105.151346526,4073.089110750,0.235142603,0.294724359
9,14936,223113968,2773,1825556,19496,7.030653,-2464.778980446,5166.185076021,4119.279694444,0.477098467,0.598351936
9,14936,223113968,2773,1825556,20778,7.492968,-2625.859021101,5210.322089157,4153.047225839,0.503972495,0.632272854
9,14936,223113968,2773,1825556,22146,7.986296,-1697.532226922,5242.826152845,4177.856612879,0.323781903,0.406316536
9,14936,223113968,2773,1825556,23603,8.511720,-1436.023826490,5274.915204044,4202.346487851,0.272236381,0.341719520
9,14936,223113968,2773,1825556,25156,9.071763,-1975.328813870,5320.846088444,4237.340645450,0.371243366,0.466171823
9,14936,223113968,2773,1825556,26811,9.668590,-1944.433118409,5379.252226719,4281.930677394,0.361469036,0.454101961
9,14936,223113968,2773,1825556,28575,10.304724,-2131.542634088,5432.084620552,4322.350490155,0.392398643,0.493144329
9,14936,223113968,2773,1825556,30456,10.983051,-2577.940241749,5484.965120854,4362.863629974,0.470001210,0.590882608
9,14936,223113968,2773,1825556,32460,11.705734,-2746.784086285,5526.375719054,4394.298278888,0.497031730,0.625079117
9,14936,223113968,2773,1825556,34596,12.476019,-1632.117759848,5573.297861087,4430.212427348,0.292845960,0.368406208
9,14936,223113968,2773,1825556,36872,13.296790,-1967.079759512,5617.599516389,4464.167814005,0.350163758,0.440637503
9,14936,223113968,2773,1825556,39298,14.171655,-1757.719062381,5663.420876443,4499.019845867,0.310363489,0.390689333
9,14936,223113968,2773,1825556,41884,15.104219,-1611.814659203,5723.803631812,4545.262736437,0.281598525,0.354614189
9,14936,223113968,2773,1825556,44640,16.098089,-1906.191915333,5775.332199300,4584.890134977,0.330057536,0.415755200
9,14936,223113968,2773,1825556,47577,17.157230,-2846.073338544,5833.501903426,4629.653691947,0.487884188,0.614748646
9,14936,223113968,2773,1825556,50708,18.286332,-2199.136384583,5885.179665483,4669.134116532,0.373673619,0.470994478
9,14936,223113968,2773,1825556,54045,19.489722,-2408.689305063,5927.888373469,4701.819679478,0.406331758,0.512288745
9,14936,223113968,2773,1825556,57601,20.772088,-1416.631313129,5972.336513587,4735.815129565,0.237198843,0.299131464
9,14936,223113968,2773,1825556,61391,22.138839,-1445.653645228,6019.098858472,4771.719289356,0.240177754,0.302962844
9,14936,223113968,2773,1825556,65431,23.595745,-2330.960436705,6083.122811576,4820.828201663,0.383184839,0.483518669
9,14936,223113968,2773,1825556,69736,25.148215,-3379.190668857,6152.543094408,4874.014448378,0.549234783,0.693307479
9,14936,223113968,2773,1825556,74325,26.803101,-2726.054933396,6212.058216235,4919.668768271,0.438832805,0.554113511
9,14936,223113968,2773,1825556,79215,28.566534,-2472.726740225,6252.288944686,4950.530519424,0.395491437,0.499487223
9,14936,223113968,2773,1825556,84428,30.446448,-2492.798813706,6305.128306286,4991.114998366,0.395360521,0.499447281
9,14936,223113968,2773,1825556,89983,32.449693,-2804.222182575,6374.174337411,5044.225477174,0.439934968,0.555927207
9,14936,223113968,2773,1825556,95904,34.584926,-1459.483317819,6423.160259429,5081.865645214,0.227222000,0.287194393
9,14936,223113968,2773,1825556,102215,36.860801,-2113.917291605,6493.037664843,5135.637686414,0.325566769,0.411617295
9,14936,223113968,2773,1825556,108941,39.286332,-2739.931680450,6549.504907525,5179.074085235,0.418341801,0.529038905
9,14936,223113968,2773,1825556,116109,41.871259,-3684.752910073,6618.008225620,5231.623585651,0.556776720,0.704323017
9,14936,223113968,2773,1825556,123749,44.626397,-3089.733871860,6677.554393696,5277.416884160,0.462704411,0.585463294
9,14936,223113968,2773,1825556,131892,47.562928,-2807.698682100,6724.209599522,5313.362332921,0.417550738,0.528422213
9,14936,223113968,2773,1825556,140571,50.692752,-2300.880303510,6765.410622306,5345.030441421,0.340094701,0.430470945
9,14936,223113968,2773,1825556,149821,54.028489,-2693.697718544,6821.540153578,5388.216153399,0.394881164,0.499923842
9,14936,223113968,2773,1825556,159679,57.583484,-2471.205851772,6907.525940988,5454.390730648,0.357755566,0.453067258
9,14936,223113968,2773,1825556,170186,61.372521,-3921.952174695,6966.842910375,5500.001946633,0.562945401,0.713081961
9,14936,223113968,2773,1825556,181384,65.410746,-3720.524200981,7025.944098187,5545.524002742,0.529540820,0.670905797
9,14936,223113968,2773,1825556,193320,69.715110,-3283.494420864,7089.844633930,5594.767800610,0.463126428,0.586886630
9,14936,223113968,2773,1825556,206040,74.302200,-3162.587954746,7137.985709673,5631.866519074,0.443064484,0.561552364
9,14936,223113968,2773,1825556,219598,79.191489,-2873.903881317,7195.280666384,5675.983742038,0.399415119,0.506327011
9,14936,223113968,2773,1825556,234048,84.402452,-2423.444255109,7271.927778324,5735.087259172,0.333260221,0.422564496
9,14936,223113968,2773,1825556,249448,89.956004,-2858.362024945,7344.665931826,5791.141603416,0.389175226,0.493574881
9,14936,223113968,2773,1825556,265862,95.875225,-2971.971755219,7407.496023854,5839.576186994,0.401211387,0.508936207
9,14936,223113968,2773,1825556,283356,102.183916,-3598.463491440,7483.700362750,5898.397355401,0.480840135,0.610074784
9,14936,223113968,2773,1825556,302002,108.908042,-4273.721582292,7545.103345963,5945.736130537,0.566423200,0.718787630
9,14936,223113968,2773,1825556,321874,116.074288,-3263.879110245,7611.234569053,5996.799562759,0.428823876,0.544270169
9,14936,223113968,2773,1825556,343053,123.711864,-2078.743264656,7661.645680182,6035.709782922,0.271318115,0.344407425
9,14936,223113968,2773,1825556,365627,131.852506,-2371.010834671,7728.133154547,6086.990680866,0.306802534,0.389521023
9,14936,223113968,2773,1825556,389685,140.528309,-3907.373774952,7817.660884902,6156.078751690,0.499813670,0.634717965
9,14936,223113968,2773,1825556,415327,149.775334,-4468.934157911,7920.862650180,6235.736885909,0.564197911,0.716664965
9,14936,223113968,2773,1825556,442656,159.630725,-3467.799514994,7987.310998960,6287.018496024,0.434163577,0.551580931
9,14936,223113968,2773,1825556,471783,170.134511,-4197.549732992,8049.445104690,6335.049719533,0.521470695,0.662591443
9,14936,223113968,2773,1825556,502827,181.329607,-3557.015414892,8110.561750237,6382.232987413,0.438565851,0.557330862
9,14936,223113968,2773,1825556,535913,193.261089,-3364.899196819,8196.494956335,6448.664610912,0.410529039,0.521797829
9,14936,223113968,2773,1825556,571177,205.978002,-3615.496614478,8279.762571019,6513.004792598,0.436666702,0.555119600
9,14936,223113968,2773,1825556,608761,219.531554,-2562.700520689,8364.592971755,6578.558072509,0.306374803,0.389553530
9,14936,223113968,2773,1825556,648818,233.976920,-4383.185899596,8456.010848583,6649.267040335,0.518351499,0.659198356
9,14936,223113968,2773,1825556,691511,249.372881,-5033.345642402,8547.893721957,6720.295423753,0.588840457,0.748976842
9,14936,223113968,2773,1825556,737013,265.781825,-4426.660605884,8623.205778083,6778.524443641,0.513342801,0.653041918
9,14936,223113968,2773,1825556,785510,283.270826,-4029.517131456,8680.801306838,6823.066063299,0.464187232,0.590572786
9,14936,223113968,2773,1825556,837197,301.910206,-3192.887547598,8744.678163164,6872.474810054,0.365123506,0.464590651
9,14936,223113968,2773,1825556,892285,321.776055,-3163.696800143,8824.983205918,6934.602998952,0.358493237,0.456218878
9,17320,300017040,3729,2279604,4,0.001073,427.810739911,1582.541946524,1493.606061528,0.270331375,0.286428096
9,17320,300017040,3729,2279604,4,0.001073,427.810739911,1582.541946524,1493.606061528,0.270331375,0.286428096
9,17320,300017040,3729,2279604,4,0.001073,427.810739911,1582.541946524,1493.606061528,0.270331375,0.286428096
9,17320,300017040,3729,2279604,5,0.001341,997.527722477,1681.968029640,1598.573272408,0.593071750,0.624011260
9,17320,300017040,3729,2279604,5,0.001341,997.527722477,1681.968029640,1598.573272408,0.593071750,0.624011260
9,17320,300017040,3729,2279604,5,0.001341,997.527722477,1681.968029640,1598.573272408,0.593071750,0.624011260
9,17320,300017040,3729,2279604,5,0.001341,997.527722477,1681.968029640,1598.573272408,0.593071750,0.624011260
9,17320,300017040,3729,2279604,6,0.001609,566.944589910,1736.208019445,1655.547746611,0.326541856,0.342451368
9,17320,300017040,3729,2279604,6,0.001609,566.944589910,1736.208019445,1655.547746611,0.326541856,0.342451368
9,17320,300017040,3729,2279604,7,0.001877,981.698290462,1785.059920256,1706.709985156,0.549952570,0.575199242
9,17320,300017040,3729,2279604,7,0.001877,981.698290462,1785.059920256,1706.709985156,0.549952570,0.575199242
9,17320,300017040,3729,2279604,8,0.002145,981.698290462,1876.958303725,1706.709985156,0.523026158,0.575199242
9,17320,300017040,3729,2279604,8,0.002145,981.698290462,1876.958303725,1706.709985156,0.523026158,0.575199242
9,17320,300017040,3729,2279604,9,0.002414,981.698290462,1899.588976463,1706.709985156,0.516795108,0.575199242
9,17320,300017040,3729,2279604,9,0.002414,981.698290462,1899.588976463,1706.709985156,0.516795108,0.575199242
9,17320,300017040,3729,2279604,10,0.002682,630.673650104,1931.749615669,1742.434294764,0.326477948,0.361949746
9,17320,300017040,3729,2279604,10,0.002682,630.673650104,1931.749615669,1742.434294764,0.326477948,0.361949746
9,17320,300017040,3729,2279604,11,0.002950,1030.599132712,1972.713098572,1787.740938505,0.522427277,0.576481251
9,17320,300017040,3729,2279604,12,0.003218,1030.599132712,2004.644948437,1787.740938505,0.514105569,0.576481251
9,17320,300017040,3729,2279604,13,0.003486,1353.541525972,2030.490866431,1816.675384479,0.666608035,0.745065154
9,17320,300017040,3729,2279604,13,0.003486,1353.541525972,2030.490866431,1816.675384479,0.666608035,0.745065154
9,17320,300017040,3729,2279604,14,0.003754,984.228137833,2063.803657647,1853.834359168,0.476900084,0.530914821
9,17320,300017040,3729,2279604,15,0.004023,696.664207070,2083.741479069,1876.005022783,0.334333320,0.371355193
9,17320,300017040,3729,2279604,16,0.004291,696.664207070,2103.145725467,1876.005022783,0.331248662,0.371355193
9,17320,300017040,3729,2279604,17,0.004559,894.679911647,2112.446960709,1886.426533095,0.423527752,0.474272332
9,17320,300017040,3729,2279604,18,0.004827,894.679911647,2145.276366390,1886.426533095,0.417046459,0.474272332
9,17320,300017040,3729,2279604,20,0.005363,1246.503683495,2199.485105039,1918.954150365,0.566725222,0.649574500
9,17320,300017040,3729,2279604,21,0.005632,931.318965941,2221.953224861,1944.666150624,0.419144272,0.478909434
9,17320,300017040,3729,2279604,22,0.005900,604.380291756,2245.877340851,1971.957234339,0.269106545,0.306487525
9,17320,300017040,3729,2279604,24,0.006436,847.463599879,2269.952670586,1986.883194541,0.373339766,0.426529150
9,17320,300017040,3729,2279604,25,0.006704,847.463599879,2281.141077447,1986.883194541,0.371508631,0.426529150
9,17320,300017040,3729,2279604,27,0.007241,576.755250866,2308.103197022,2005.240095094,0.249882783,0.287624037
9,17320,300017040,3729,2279604,29,0.007777,919.704464013,2344.268967065,2034.355426609,0.392320368,0.452086421
9,17320,300017040,3729,2279604,31,0.008313,1489.988747054,2380.286309029,2075.757193118,0.625970389,0.717804930
9,17320,300017040,3729,2279604,33,0.008850,1250.067145269,2401.046494920,2089.576583852,0.520634293,0.598239450
9,17320,300017040,3729,2279604,35,0.009386,819.255024463,2420.448619943,2111.842217307,0.338472388,0.387933823
9,17320,300017040,3729,2279604,37,0.009922,1100.342469982,2449.430702070,2130.466545813,0.449223760,0.516479582
9,17320,300017040,3729,2279604,39,0.010459,709.129060686,2465.005446436,2148.354903070,0.287678496,0.330080035
9,17320,300017040,3729,2279604,42,0.011263,1046.075548220,2486.306196103,2161.526151808,0.420734803,0.483952298
9,17320,300017040,3729,2279604,45,0.012068,1221.314406547,2518.360791899,2168.617984436,0.484964033,0.563176371
9,17320,300017040,3729,2279604,48,0.012872,1192.309525208,2555.743625850,2196.790112837,0.466521569,0.542750770
9,17320,300017040,3729,2279604,51,0.013677,939.155929562,2587.930454557,2211.328456572,0.362898442,0.424702141
9,17320,300017040,3729,2279604,54,0.014481,1174.367737454,2617.329233094,2223.802630050,0.448689344,0.528089913
9,17320,300017040,3729,2279604,58,0.015554,726.529289122,2634.234302617,2238.783861419,0.275802835,0.324519621
9,17320,300017040,3729,2279604,62,0.016626,862.382289471,2653.895580608,2258.346123568,0.324949593,0.381864534
9,17320,300017040,3729,2279604,66,0.017699,879.662748552,2680.256396891,2274.823382481,0.328200970,0.386694965
9,17320,300017040,3729,2279604,70,0.018772,1026.709564513,2714.523075593,2300.811974227,0.378228343,0.446237926
9,17320,300017040,3729,2279604,75,0.020113,1176.286487702,2739.697820514,2315.609031379,0.429348988,0.507981473
9,17320,300017040,3729,2279604,79,0.021185,1371.163034907,2759.002778713,2333.903507698,0.496977765,0.587497739
9,17320,300017040,3729,2279604,85,0.022794,1141.211768431,2797.587196644,2359.503180559,0.407927149,0.483666128
9,17320,300017040,3729,2279604,90,0.024135,1004.727376905,2812.734444536,2371.476113690,0.357206625,0.423671725
9,17320,300017040,3729,2279604,96,0.025744,478.972400168,2831.876821116,2386.384682773,0.169136029,0.200710474
9,17320,300017040,3729,2279604,103,0.027621,1087.512879050,2863.391893855,2405.718750678,0.379798826,0.452053208
9,17320,300017040,3729,2279604,109,0.029230,1393.255593772,2885.944792310,2423.142454687,0.482772781,0.574978822
9,17320,300017040,3729,2279604,116,0.031108,1524.331907445,2913.844728749,2446.610661792,0.523134226,0.623038202
9,17320,300017040,3729,2279604,124,0.033253,830.019328858,2954.373018040,2471.174917766,0.280946016,0.335880444
9,17320,300017040,3729,2279604,132,0.035398,1078.029838624,2980.711738942,2486.894437591,0.361668599,0.433484358
9,17320,300017040,3729,2279604,141,0.037812,998.542669013,3003.135058370,2503.473688623,0.332500087,0.398862857
9,17320,300017040,3729,2279604,150,0.040225,636.498486918,3022.880802241,2517.178231792,0.210560233,0.252861907
9,17320,300017040,3729,2279604,160,0.042907,649.507242072,3046.410005145,2533.640679859,0.213204146,0.256353337
9,17320,300017040,3729,2279604,171,0.045857,999.849279270,3086.140376232,2560.678487023,0.323980493,0.390462639
9,17320,300017040,3729,2279604,182,0.048807,1417.613284908,3119.682189221,2585.672222937,0.454409520,0.548257150
9,17320,300017040,3729,2279604,194,0.052025,1403.192873472,3149.537971813,2609.133590062,0.445523402,0.537800318
9,17320,300017040,3729,2279604,207,0.055511,1167.810467317,3170.130125820,2624.048364258,0.368379348,0.445041518
9,17320,300017040,3729,2279604,220,0.058997,361.728380227,3199.920536191,2649.018355104,0.113042926,0.136551859
9,17320,300017040,3729,2279604,235,0.063020,782.092213635,3227.425869980,2671.026559122,0.242326933,0.292805854
9,17320,300017040,3729,2279604,250,0.067042,925.756696279,3249.931309711,2683.826191861,0.284854235,0.344939139
9,17320,300017040,3729,2279604,267,0.071601,910.780975862,3276.899892095,2706.248161817,0.277939823,0.336547471
9,17320,300017040,3729,2279604,284,0.076160,1527.126968514,3316.682247215,2732.224522099,0.460438129,0.558931726
9,17320,300017040,3729,2279604,303,0.081255,1041.857027251,3351.385679986,2759.937720215,0.310873509,0.377492948
9,17320,300017040,3729,2279604,323,0.086618,1145.000878822,3379.580262998,2780.669038741,0.338799729,0.411771722
9,17320,300017040,3729,2279604,344,0.092250,696.535850029,3399.891998266,2791.786810032,0.204869993,0.249494642
9,17320,300017040,3729,2279604,367,0.098418,1054.842986299,3424.100526453,2810.246828279,0.308064258,0.375355992
9,17320,300017040,3729,2279604,391,0.104854,1030.597430420,3452.268021924,2830.538474642,0.298527642,0.364099425
9,17320,300017040,3729,2279604,417,0.111826,740.744583066,3486.943576755,2859.211524205,0.212433774,0.259073027
9,17320,300017040,3729,2279604,444,0.119067,1762.430188386,3519.362688681,2884.197679973,0.500781063,0.611064283
9,17320,300017040,3729,2279604,473,0.126844,1401.196198434,3557.220680843,2915.585862924,0.393901960,0.480588213
9,17320,300017040,3729,2279604,504,0.135157,1416.802307399,3577.784019259,2930.032256452,0.395999954,0.483544952
9,17320,300017040,3729,2279604,537,0.144006,1031.117641509,3608.575242130,2951.113611287,0.285740929,0.349399507
9,17320,300017040,3729,2279604,573,0.153660,584.738908277,3634.370162891,2969.914053641,0.160891401,0.196887485
9,17320,300017040,3729,2279604,610,0.163583,1156.683737962,3661.454593034,2990.027296652,0.315908257,0.386847217
9,17320,300017040,3729,2279604,651,0.174578,1684.113586203,3699.947784219,3019.830570968,0.455172258,0.557684793
9,17320,300017040,3729,2279604,693,0.185841,1889.058237272,3727.075895652,3040.707639328,0.506847269,0.621256122
9,17320,300017040,3729,2279604,739,0.198176,1309.612773466,3770.075112059,3071.026194190,0.347370473,0.426441421
9,17320,300017040,3729,2279604,788,0.211317,1300.511869561,3804.255500429,3096.464782855,0.341857131,0.419998922
9,17320,300017040,3729,2279604,840,0.225261,1358.976986519,3831.716484918,3118.254461179,0.354665329,0.435813370
9,17320,300017040,3729,2279604,895,0.240011,1243.365122941,3850.342650295,3131.205565407,0.322923240,0.397088309
9,17320,300017040,3729,2279604,954,0.255833,1126.443499386,3877.303815473,3150.870907626,0.290522371,0.357502269
9,17320,300017040,3729,2279604,1016,0.272459,1379.009396523,3927.756424396,3189.901107018,0.351093410,0.432304749
9,17320,300017040,3729,2279604,1083,0.290426,1657.847376484,3960.341990289,3213.208505097,0.418612176,0.515947650
9,17320,300017040,3729,2279604,1155,0.309735,1593.327451793,3992.724532169,3238.411674413,0.399057696,0.492008927
9,17320,300017040,3729,2279604,1231,0.330115,1471.380301598,4022.571156318,3261.183991624,0.365781050,0.451179788
9,17320,300017040,3729,2279604,1312,0.351837,1490.202865126,4054.277020207,3285.214314036,0.367563158,0.453609026
9,17320,300017040,3729,2279604,1398,0.374899,810.302772802,4085.939727646,3309.267061671,0.198314911,0.244858683
9,17320,300017040,3729,2279604,1490,0.399571,1251.670007191,4118.103992326,3333.626552191,0.303943273,0.375467974
9,17320,300017040,3729,2279604,1588,0.425851,1654.603030013,4148.253101094,3356.289201719,0.398867424,0.492985834
9,17320,300017040,3729,2279604,1692,0.453741,1583.792963034,4186.856947214,3383.924698726,0.378277305,0.468034340
9,17320,300017040,3729,2279604,1804,0.483776,1490.798191227,4235.924444661,3421.378627321,0.351941639,0.435730258
9,17320,300017040,3729,2279604,1922,0.515420,1296.042761408,4265.765452494,3442.429198784,0.303824197,0.376490753
9,17320,300017040,3729,2279604,2049,0.549477,859.696200817,4292.724444695,3463.346486660,0.200268201,0.248227027
9,17320,300017040,3729,2279604,2184,0.585680,1009.552692445,4321.309044829,3484.545166681,0.233621961,0.289722946
9,17320,300017040,3729,2279604,2327,0.624028,1118.235324654,4355.118069180,3510.497695108,0.256763492,0.318540396
9,17320,300017040,3729,2279604,2481,0.665326,1477.995118935,4391.947262418,3539.191819856,0.336523877,0.417608085
9,17320,300017040,3729,2279604,2644,0.709037,738.274337614,4439.274430058,3575.001168651,0.166305181,0.206510237
9,17320,300017040,3729,2279604,2818,0.755699,2112.156617461,4478.014645942,3603.888893407,0.471672557,0.586077063
9,17320,300017040,3729,2279604,3003,0.805310,1602.008222001,4510.145614194,3627.915757091,0.355200998,0.441578121
9,17320,300017040,3729,2279604,3201,0.858407,1037.318572082,4537.879835504,3648.766934232,0.228591018,0.284292911
9,17320,300017040,3729,2279604,3411,0.914722,799.082680607,4579.110624117,3680.527175101,0.174506088,0.217110931
9,17320,300017040,3729,2279604,3636,0.975060,1603.956569559,4614.969239584,3707.155339508,0.347555203,0.432665055
9,17320,300017040,3729,2279604,3875,1.039153,1663.107425453,4652.290747977,3734.934724251,0.357481403,0.445284201
9,17320,300017040,3729,2279604,4130,1.107536,1922.240273019,4692.908917869,3765.838133394,0.409605280,0.510441555
9,17320,300017040,3729,2279604,4402,1.180477,1740.782694163,4741.639006012,3803.022202681,0.367126787,0.457736663
9,17320,300017040,3729,2279604,4692,1.258246,1477.276107851,4783.170687877,3834.352778834,0.308848712,0.385273915
9,17320,300017040,3729,2279604,5000,1.340842,1235.944697766,4813.946380234,3857.802070453,0.256742514,0.320375352
9,17320,300017040,3729,2279604,5329,1.429069,1180.455410296,4838.385008718,3876.177314958,0.243977155,0.304541128
9,17320,300017040,3729,2279604,5680,1.523197,822.226949971,4882.995261447,3909.751097018,0.168385777,0.210301610
9,17320,300017040,3729,2279604,6054,1.623492,1128.670519914,4926.060669745,3942.980755599,0.229122334,0.286248042
9,17320,300017040,3729,2279604,6452,1.730223,1865.896739280,4978.761644498,3983.117102954,0.374771253,0.468451389
9,17320,300017040,3729,2279604,6877,1.844194,2019.011699049,5016.970681084,4012.285465839,0.402436416,0.503207390
9,17320,300017040,3729,2279604,7329,1.965406,1049.418487917,5052.273997039,4039.194982033,0.207712109,0.259808821
9,17320,300017040,3729,2279604,7811,2.094663,1378.949775211,5098.344486140,4074.678946504,0.270470106,0.338419246
9,17320,300017040,3729,2279604,8325,2.232502,887.680852407,5136.160656050,4103.552968912,0.172829651,0.216320067
9,17320,300017040,3729,2279604,8873,2.379458,1125.225163794,5170.514032785,4129.824572898,0.217623462,0.272463187
9,17320,300017040,3729,2279604,9457,2.536069,1824.043599016,5221.835260934,4168.711521642,0.349310828,0.437555727
9,17320,300017040,3729,2279604,10079,2.702869,1816.711279684,5278.253032670,4211.690783603,0.344187986,0.431349634
9,17320,300017040,3729,2279604,10743,2.880933,1968.649895190,5320.161012778,4243.410502464,0.370035773,0.463931051
9,17320,300017040,3729,2279604,11450,3.070528,1135.361306485,5364.472752731,4276.877409114,0.211644529,0.265465011
9,17320,300017040,3729,2279604,12203,3.272459,827.458486696,5409.870854436,4311.659212756,0.152953464,0.191911848
9,17320,300017040,3729,2279604,13006,3.487798,1438.518489838,5439.452853311,4334.212984082,0.264460145,0.331898431
9,17320,300017040,3729,2279604,13862,3.717350,1147.941401836,5479.697123623,4364.828478188,0.209489936,0.262998055
9,17320,300017040,3729,2279604,14774,3.961920,1333.218632283,5535.863082033,4407.947140470,0.240833021,0.302457945
9,17320,300017040,3729,2279604,15746,4.222580,1856.803460724,5599.934737655,4457.159296062,0.331575911,0.416588984
9,17320,300017040,3729,2279604,16782,4.500402,1693.513456706,5641.441168710,4488.901885641,0.300191637,0.377266757
9,17320,300017040,3729,2279604,17886,4.796460,1258.217787362,5689.804932713,4525.836618851,0.221135487,0.278007779
9,17320,300017040,3729,2279604,19063,5.112094,753.119267002,5724.229197615,4552.211417160,0.131566931,0.165440310
9,17320,300017040,3729,2279604,20318,5.448646,949.739244403,5768.859440592,4586.343424774,0.164632065,0.207079836
9,17320,300017040,3729,2279604,21655,5.807187,1419.597117728,5828.679241735,4632.126575783,0.243553824,0.306467687
9,17320,300017040,3729,2279604,23079,6.189059,2059.557372304,5873.316156522,4666.090097515,0.350663461,0.441388256
9,17320,300017040,3729,2279604,24598,6.596407,2395.670096298,5927.985536054,4707.854438082,0.404128870,0.508866646
9,17320,300017040,3729,2279604,26217,7.030571,1210.097310294,5998.617640341,4762.006317719,0.201729362,0.254115016
9,17320,300017040,3729,2279604,27942,7.493162,1310.148186888,6049.740525748,4801.308764913,0.216562707,0.272873138
9,17320,300017040,3729,2279604,29780,7.986055,850.875690883,6087.364894584,4830.155553980,0.139777343,0.176159066
9,17320,300017040,3729,2279604,31740,8.511665,612.292454403,6124.527176819,4858.478390967,0.099973833,0.126025559
9,17320,300017040,3729,2279604,33828,9.071601,1855.598289899,6177.712565264,4899.258504423,0.300369800,0.378750843
9,17320,300017040,3729,2279604,36054,9.668544,1619.213869161,6245.367879362,4951.105107971,0.259266372,0.327040900
9,17320,300017040,3729,2279604,38427,10.304907,1830.055769734,6306.570021904,4997.976827542,0.290182423,0.366159315
9,17320,300017040,3729,2279604,40955,10.982837,1606.267647466,6367.782089098,5044.907146178,0.252249154,0.318393897
9,17320,300017040,3729,2279604,43650,11.705551,1910.571061480,6415.744620428,5081.948724338,0.297794126,0.375952448
9,17320,300017040,3729,2279604,46522,12.475731,885.434569066,6470.091975965,5123.750620714,0.136850384,0.172809849
9,17320,300017040,3729,2279604,49584,13.296862,732.472811071,6521.452599917,5163.083249884,0.112317432,0.141867325
9,17320,300017040,3729,2279604,52846,14.171628,1243.252497836,6574.509070777,5203.914858779,0.189101952,0.238907156
9,17320,300017040,3729,2279604,56324,15.104318,1583.284123633,6644.479774197,5257.495187922,0.238285641,0.301147993
9,17320,300017040,3729,2279604,60030,16.098150,2817.998786036,6704.165157262,5303.241267543,0.420335526,0.531372918
9,17320,300017040,3729,2279604,63980,17.157415,2736.790612337,6771.543478228,5355.156464898,0.404160532,0.511057077
9,17320,300017040,3729,2279604,68190,18.286404,1232.708984401,6831.402590550,5401.174747620,0.180447422,0.228229791
9,17320,300017040,3729,2279604,72677,19.489676,1155.699649573,6880.871842802,5439.153840854,0.167958316,0.212477838
9,17320,300017040,3729,2279604,77459,20.772057,1500.727930082,6932.366436574,5478.734051332,0.216481333,0.273918740
9,17320,300017040,3729,2279604,82556,22.138911,2301.916288789,6986.538052087,5520.402651870,0.329478816,0.416983404
9,17320,300017040,3729,2279604,87988,23.595602,1123.324731933,7060.712642997,5577.490111997,0.159095093,0.201403267
9,17320,300017040,3729,2279604,93778,25.148297,2193.268775307,7141.157955250,5639.565012270,0.307130691,0.388907437
9,17320,300017040,3729,2279604,99949,26.803164,2457.540756839,7210.075630110,5692.618227285,0.340848125,0.431706582
9,17320,300017040,3729,2279604,106525,28.566640,2084.801658126,7256.680485164,5728.531367204,0.287294123,0.363933009
9,17320,300017040,3729,2279604,113535,30.446500,1125.419369264,7317.946274899,5775.627801167,0.153788963,0.194856630
9,17320,300017040,3729,2279604,121005,32.449718,622.618937681,7397.888912047,5837.126162786,0.084161704,0.106665321
9,17320,300017040,3729,2279604,128968,34.585143,809.079093712,7454.685033574,5880.941182012,0.108532968,0.137576464
9,17320,300017040,3729,2279604,137454,36.860821,2454.704428580,7535.631177084,5943.287744855,0.325746360,0.413021300
9,17320,300017040,3729,2279604,146499,39.286404,2081.933852628,7601.068081742,5993.744619060,0.273900172,0.347351111
9,17320,300017040,3729,2279604,156138,41.871279,2332.406224249,7680.435436651,6054.929983098,0.303681509,0.385207794
9,17320,300017040,3729,2279604,166412,44.626441,1345.954933020,7749.418410036,6108.049132252,0.173684638,0.220357581
9,17320,300017040,3729,2279604,177362,47.562885,984.980975943,7803.491802400,6149.791617740,0.126223106,0.160164935
9,17320,300017040,3729,2279604,189033,50.692679,1071.436690758,7851.223651382,6186.596321998,0.136467478,0.173186779
9,17320,300017040,3729,2279604,201472,54.028426,1270.630773434,7916.259984637,6236.774460742,0.160508975,0.203732038
9,17320,300017040,3729,2279604,214729,57.583534,1359.032068828,8015.949621527,6313.733732068,0.169540994,0.215250140
9,17320,300017040,3729,2279604,228858,61.372486,2143.131942196,8084.617352441,6366.764192039,0.265087616,0.336612426
9,17320,300017040,3729,2279604,243917,65.410834,1404.445268279,8153.129731152,6419.663466902,0.172258423,0.218772413
9,17320,300017040,3729,2279604,259967,69.714937,1479.594394895,8227.167985576,6476.860766134,0.179842492,0.228443138
9,17320,300017040,3729,2279604,277073,74.302226,1569.413724072,8282.970722789,6519.956206489,0.189474740,0.240709243
9,17320,300017040,3729,2279604,295305,79.191472,385.632604663,8349.372233707,6571.239141947,0.046187018,0.058684914
9,17320,300017040,3729,2279604,314737,84.402521,409.413146130,8438.181846689,6639.868812577,0.048519119,0.061659825
9,17320,300017040,3729,2279604,335447,89.956289,2619.991663457,8522.471349230,6704.983729304,0.307421587,0.390752874
9,17320,300017040,3729,2279604,357519,95.875302,3139.557797265,8595.279941870,6761.268454478,0.365265334,0.464344497
9,17320,300017040,3729,2279604,381044,102.183964,1348.884167908,8683.599530615,6829.459206918,0.155336985,0.197509660
9,17320,300017040,3729,2279604,406118,108.908018,992.072375144,8754.772273552,6884.445935255,0.113317896,0.144103445
9,17320,300017040,3729,2279604,432841,116.074283,1328.466350728,8831.382232059,6943.667413674,0.150425643,0.191320562
9,17320,300017040,3729,2279604,461322,123.711987,130.898626985,8889.814840198,6988.877908165,0.014724562,0.018729563
9,17320,300017040,3729,2279604,491677,131.852239,1447.429986108,8966.881943260,7048.471162084,0.161419543,0.205353750
9,17320,300017040,3729,2279604,524030,140.528292,2487.918999809,9070.645452014,7128.749066460,0.274282466,0.348997977
9,17320,300017040,3729,2279604,558512,149.775275,1042.554156875,9190.265311333,7221.326006422,0.113441138,0.144371568
9,17320,300017040,3729,2279604,595263,159.630732,2659.264059088,9267.230908903,7280.850056642,0.286953469,0.365240877
9,17320,300017040,3729,2279604,634432,170.134621,1463.127206195,9339.243426883,7336.602109896,0.156664426,0.199428453
9,17320,300017040,3729,2279604,676178,181.329579,394.304616251,9410.085096576,7391.437645755,0.041902343,0.053346133
9,17320,300017040,3729,2279604,720671,193.261196,805.220347718,9509.723337632,7468.581673979,0.084673373,0.107814359
9,17320,300017040,3729,2279604,768092,205.978010,1100.983991711,9606.198540983,7543.202316471,0.114611830,0.145957108
9,17320,300017040,3729,2279604,818633,219.531510,2301.530825900,9704.547489740,7619.365912131,0.237160035,0.302063302
9,17320,300017040,3729,2279604,872500,233.976938,2380.639310808,9810.511545546,7701.407814029,0.242662098,0.309117420
9,17320,300017040,3729,2279604,929912,249.373022,3415.626383605,9916.966743013,7783.874256790,0.344422490,0.438808011
9,17320,300017040,3729,2279604,991101,265.781979,631.228931280,10004.276515496,7851.497865893,0.063095910,0.080395988
9,17320,300017040,3729,2279604,1056316,283.270582,211.215537394,10070.981739520,7903.172202756,0.020972686,0.026725413
9,17320,300017040,3729,2279604,1125823,301.910164,1484.637705181,10145.068197502,7960.544981054,0.146340830,0.186499506
9,17320,300017040,3729,2279604,1199903,321.776079,2519.999103178,10238.157134831,8032.675800164,0.246137959,0.313718512
9,19703,388247615,4826,2765869,5,0.001036,1010.043014023,1549.979204065,1417.141055992,0.651649397,0.712732871
9,19703,388247615,4826,2765869,5,0.001036,1010.043014023,1549.979204065,1417.141055992,0.651649397,0.712732871
9,19703,388247615,4826,2765869,5,0.001036,1010.043014023,1549.979204065,1417.141055992,0.651649397,0.712732871
9,19703,388247615,4826,2765869,6,0.001243,393.961631415,1667.930395139,1545.265363158,0.236197885,0.254947558
9,19703,388247615,4826,2765869,6,0.001243,393.961631415,1667.930395139,1545.265363158,0.236197885,0.254947558
9,19703,388247615,4826,2765869,7,0.001450,1002.783379425,1775.571942750,1660.875962685,0.564766403,0.603767772
9,19703,388247615,4826,2765869,7,0.001450,1002.783379425,1775.571942750,1660.875962685,0.564766403,0.603767772
9,19703,388247615,4826,2765869,8,0.001658,1002.783379425,1845.100596578,1660.875962685,0.543484394,0.603767772
9,19703,388247615,4826,2765869,8,0.001658,1002.783379425,1845.100596578,1660.875962685,0.543484394,0.603767772
9,19703,388247615,4826,2765869,9,0.001865,1002.783379425,1914.465632168,1660.875962685,0.523792834,0.603767772
9,19703,388247615,4826,2765869,9,0.001865,1002.783379425,1914.465632168,1660.875962685,0.523792834,0.603767772
9,19703,388247615,4826,2765869,10,0.002072,541.033164689,1969.363327972,1723.868389476,0.274724911,0.313848301
9,19703,388247615,4826,2765869,10,0.002072,541.033164689,1969.363327972,1723.868389476,0.274724911,0.313848301
9,19703,388247615,4826,2765869,11,0.002279,1120.138433421,2052.743244986,1818.539286490,0.545678782,0.615955037
9,19703,388247615,4826,2765869,12,0.002487,1120.138433421,2084.758109021,1818.539286490,0.537298993,0.615955037
9,19703,388247615,4826,2765869,13,0.002694,1560.620597163,2130.784106779,1871.125242490,0.732416106,0.834054590
9,19703,388247615,4826,2765869,13,0.002694,1560.620597163,2130.784106779,1871.125242490,0.732416106,0.834054590
9,19703,388247615,4826,2765869,14,0.002901,1189.406333509,2162.877929806,1907.592645882,0.549918383,0.623511700
9,19703,388247615,4826,2765869,15,0.003108,762.916780807,2204.525862358,1954.687453581,0.346068419,0.390301160
9,19703,388247615,4826,2765869,16,0.003315,762.916780807,2235.739031896,1954.687453581,0.341236956,0.390301160
9,19703,388247615,4826,2765869,17,0.003523,1183.739344377,2274.999043682,1999.473598524,0.520325205,0.592025494
9,19703,388247615,4826,2765869,18,0.003730,1183.739344377,2305.238420039,1999.473598524,0.513499747,0.592025494
9,19703,388247615,4826,2765869,20,0.004144,1537.307669193,2350.047458319,2030.493839318,0.654160265,0.757110236
9,19703,388247615,4826,2765869,21,0.004351,1229.435969778,2370.128274936,2053.701588549,0.518721279,0.598643920
9,19703,388247615,4826,2765869,22,0.004559,1027.969270948,2378.675444526,2063.559799363,0.432160375,0.498153371
9,19703,388247615,4826,2765869,24,0.004973,1377.960168162,2432.733166544,2093.029544388,0.566424706,0.658356769
9,19703,388247615,4826,2765869,25,0.005180,1377.960168162,2459.737755022,2093.029544388,0.560206130,0.658356769
9,19703,388247615,4826,2765869,27,0.005595,1066.820881572,2493.144854883,2116.029378184,0.427901684,0.504161659
9,19703,388247615,4826,2765869,29,0.006009,1351.840967248,2526.312418542,2135.138585333,0.535104430,0.633139683
9,19703,388247615,4826,2765869,31,0.006424,1763.219740643,2543.077745674,2154.949364380,0.693340872,0.818218641
9,19703,388247615,4826,2765869,33,0.006838,1516.025109525,2568.388970470,2169.080899528,0.590263051,0.698925111
9,19703,388247615,4826,2765869,35,0.007252,997.123890985,2594.728794097,2200.206253964,0.384288290,0.453195644
9,19703,388247615,4826,2765869,37,0.007667,1275.298049122,2623.101820407,2217.721448298,0.486179392,0.575048796
9,19703,388247615,4826,2765869,40,0.008288,624.964332348,2674.084850666,2265.435074990,0.233711482,0.275869452
9,19703,388247615,4826,2765869,42,0.008703,1093.555132927,2694.724638806,2289.761378271,0.405813313,0.477584758
9,19703,388247615,4826,2765869,45,0.009324,1343.513499484,2720.622996273,2303.364138479,0.493825679,0.583283154
9,19703,388247615,4826,2765869,48,0.009946,1315.083150486,2755.619249853,2332.079024814,0.477236886,0.563910201
9,19703,388247615,4826,2765869,51,0.010568,1112.590883267,2780.485385322,2340.853625552,0.400142683,0.475292804
9,19703,388247615,4826,2765869,54,0.011189,1284.422702543,2799.889879244,2347.151863510,0.458740435,0.547226075
9,19703,388247615,4826,2765869,58,0.012018,629.266522457,2834.977411670,2379.637872526,0.221965269,0.264437934
9,19703,388247615,4826,2765869,62,0.012847,855.727128017,2877.616523271,2415.814286451,0.297373580,0.354218920
9,19703,388247615,4826,2765869,66,0.013676,888.577153583,2915.008818104,2438.915957458,0.304828290,0.364332830
9,19703,388247615,4826,2765869,70,0.014505,1117.842693484,2948.354314654,2468.312868614,0.379141234,0.452877230
9,19703,388247615,4826,2765869,75,0.015541,1257.053969947,2966.968190615,2481.366279494,0.423682995,0.506597507
9,19703,388247615,4826,2765869,80,0.016577,1412.474290178,2988.776340819,2494.627235861,0.472592837,0.566206554
9,19703,388247615,4826,2765869,85,0.017613,1257.133896723,3019.748795784,2515.460356022,0.416304130,0.499762953
9,19703,388247615,4826,2765869,91,0.018856,972.217154218,3061.333015125,2545.370933981,0.317579678,0.381955000
9,19703,388247615,4826,2765869,96,0.019892,457.708595653,3084.957925351,2562.708891297,0.148367857,0.178603429
9,19703,388247615,4826,2765869,103,0.021343,1170.016214928,3120.006322350,2587.516797112,0.375004437,0.452177244
9,19703,388247615,4826,2765869,110,0.022793,1725.253087638,3163.285623657,2625.573351691,0.545399086,0.657095749
9,19703,388247615,4826,2765869,117,0.024244,1643.674902313,3182.962677769,2641.185406828,0.516397793,0.622324695
9,19703,388247615,4826,2765869,124,0.025694,1111.628384426,3203.031934226,2655.304638246,0.347055043,0.418644388
9,19703,388247615,4826,2765869,133,0.027559,1314.942308687,3240.366976465,2679.806558982,0.405800429,0.490685533
9,19703,388247615,4826,2765869,141,0.029217,1431.636323571,3265.768161704,2700.196669268,0.438376594,0.530197056
9,19703,388247615,4826,2765869,151,0.031289,1189.898201734,3300.820331609,2725.282117000,0.360485601,0.436614688
9,19703,388247615,4826,2765869,161,0.033361,865.781834024,3343.328964126,2756.531380424,0.258958016,0.314083794
9,19703,388247615,4826,2765869,171,0.035433,1307.349704885,3373.146476323,2776.503214587,0.387575729,0.470861945
9,19703,388247615,4826,2765869,182,0.037712,1701.043422420,3396.700933459,2793.752179730,0.500792815,0.608874128
9,19703,388247615,4826,2765869,194,0.040199,1633.624642741,3419.406383250,2813.156666360,0.477750948,0.580708733
9,19703,388247615,4826,2765869,207,0.042893,1435.250713841,3446.204945111,2832.641691759,0.416472826,0.506682761
9,19703,388247615,4826,2765869,221,0.045794,229.930112733,3491.013951195,2872.969187013,0.065863418,0.080032224
9,19703,388247615,4826,2765869,235,0.048695,895.400244382,3527.858038516,2902.143057607,0.253808468,0.308530705
9,19703,388247615,4826,2765869,251,0.052010,1187.836098944,3562.811318304,2921.789830774,0.333398542,0.406543991
9,19703,388247615,4826,2765869,267,0.055325,1047.379361498,3586.062386985,2941.331174928,0.292069476,0.356090253
9,19703,388247615,4826,2765869,285,0.059055,1756.213295931,3621.561739640,2965.951510828,0.484932585,0.592124750
9,19703,388247615,4826,2765869,304,0.062992,1247.863411953,3652.285006775,2988.302116693,0.341666494,0.417582749
9,19703,388247615,4826,2765869,324,0.067136,1370.534632994,3679.354844776,3010.756816679,0.372493193,0.455212665
9,19703,388247615,4826,2765869,345,0.071488,916.886813351,3709.593068735,3029.896698199,0.247166413,0.302613226
9,19703,388247615,4826,2765869,368,0.076254,1227.133636625,3757.010055459,3061.873033237,0.326625060,0.400778747
9,19703,388247615,4826,2765869,392,0.081227,1191.969891988,3795.507883377,3089.655088057,0.314047534,0.385793837
9,19703,388247615,4826,2765869,418,0.086614,977.571594452,3827.436181528,3116.750953037,0.255411599,0.313650853
9,19703,388247615,4826,2765869,445,0.092209,1689.190071695,3849.405872726,3133.316385332,0.438818386,0.539106130
9,19703,388247615,4826,2765869,475,0.098425,1544.285913564,3877.212567879,3155.768134806,0.398297975,0.489353415
9,19703,388247615,4826,2765869,506,0.104849,1467.162837201,3909.029911846,3179.791116547,0.375326582,0.461402269
9,19703,388247615,4826,2765869,539,0.111687,862.637519617,3947.779902122,3206.360936260,0.218512060,0.269039430
9,19703,388247615,4826,2765869,575,0.119146,490.068279947,3986.051685349,3234.941958126,0.122945792,0.151492140
9,19703,388247615,4826,2765869,612,0.126813,1054.410976639,4028.695263688,3265.221501685,0.261725176,0.322921730
9,19703,388247615,4826,2765869,653,0.135309,1633.330366669,4053.557653346,3284.787167969,0.402937495,0.497240851
9,19703,388247615,4826,2765869,696,0.144219,1490.601120673,4088.742963926,3312.194583050,0.364562198,0.450034285
9,19703,388247615,4826,2765869,741,0.153543,1197.430580236,4116.675480591,3332.738922015,0.290873202,0.359293244
9,19703,388247615,4826,2765869,790,0.163697,1107.489576713,4147.912338466,3357.992423281,0.266999272,0.329807050
9,19703,388247615,4826,2765869,842,0.174472,1108.434841835,4190.705704505,3390.259432837,0.264498373,0.326946909
9,19703,388247615,4826,2765869,897,0.185868,1016.855632636,4222.322212900,3412.047993317,0.240828525,0.298019147
9,19703,388247615,4826,2765869,957,0.198301,781.867643844,4271.483129228,3449.420749040,0.183043599,0.226666360
9,19703,388247615,4826,2765869,1019,0.211148,967.058858978,4309.449261238,3478.800339995,0.224404280,0.277986307
9,19703,388247615,4826,2765869,1087,0.225238,1429.312700927,4341.100287179,3501.423409334,0.329251251,0.408209044
9,19703,388247615,4826,2765869,1158,0.239950,1196.157604013,4362.927833774,3518.286455539,0.274163967,0.339983006
9,19703,388247615,4826,2765869,1234,0.255698,951.094135183,4393.596528849,3541.581159948,0.216472798,0.268550710
9,19703,388247615,4826,2765869,1315,0.272482,1063.479684511,4451.316289229,3586.705101480,0.238913529,0.296506028
9,19703,388247615,4826,2765869,1402,0.290510,262.280962896,4488.823790359,3615.488760724,0.058429775,0.072543709
9,19703,388247615,4826,2765869,1494,0.309573,867.546734419,4525.346521039,3642.962019617,0.191708354,0.238143228
9,19703,388247615,4826,2765869,1593,0.330087,1065.955774787,4559.657293364,3669.324817009,0.233779801,0.290504610
9,19703,388247615,4826,2765869,1697,0.351637,1549.916169004,4595.824370074,3696.822170977,0.337244430,0.419256350
9,19703,388247615,4826,2765869,1809,0.374845,1263.831278898,4632.164254218,3724.384304631,0.272838183,0.339339653
9,19703,388247615,4826,2765869,1928,0.399503,1092.117366788,4668.687942783,3750.588000242,0.233923830,0.291185640
9,19703,388247615,4826,2765869,2055,0.425818,731.312326581,4703.206834258,3777.874695494,0.155492274,0.193577709
9,19703,388247615,4826,2765869,2190,0.453792,603.717314935,4747.451267815,3811.053585666,0.127166617,0.158412182
9,19703,388247615,4826,2765869,2334,0.483630,1041.909939839,4803.142154673,3853.300583783,0.216922570,0.270394151
9,19703,388247615,4826,2765869,2488,0.515541,1424.220359359,4837.418289947,3880.272924016,0.294417450,0.367041285
9,19703,388247615,4826,2765869,2652,0.549523,677.390327666,4868.319690605,3903.165329099,0.139142532,0.173548971
9,19703,388247615,4826,2765869,2826,0.585578,2130.162634860,4900.843373928,3927.652049248,0.434652257,0.542350139
9,19703,388247615,4826,2765869,3012,0.624119,1415.681119847,4939.542707538,3957.099703900,0.286601656,0.357757253
9,19703,388247615,4826,2765869,3210,0.665147,615.743147687,4981.095842734,3989.235572205,0.123616001,0.154351162
9,19703,388247615,4826,2765869,3422,0.709076,400.379716376,5035.362190707,4030.984154970,0.079513588,0.099325550
9,19703,388247615,4826,2765869,3647,0.755698,1351.936305135,5079.523313513,4063.957424930,0.266154169,0.332664977
9,19703,388247615,4826,2765869,3887,0.805429,1526.188017146,5116.345806301,4091.234632032,0.298296494,0.373038497
9,19703,388247615,4826,2765869,4142,0.858268,1624.934119405,5147.936518600,4115.546719113,0.315647661,0.394828253
9,19703,388247615,4826,2765869,4415,0.914836,1390.662083827,5195.194158564,4151.541212177,0.267682408,0.334974896
9,19703,388247615,4826,2765869,4706,0.975135,1180.615432646,5236.013417554,4182.438388707,0.225479833,0.282279217
9,19703,388247615,4826,2765869,5015,1.039163,1088.566974003,5278.598320916,4215.309720749,0.206222733,0.258241279
9,19703,388247615,4826,2765869,5345,1.107542,1042.375370555,5324.842698728,4249.589749773,0.195757026,0.245288471
9,19703,388247615,4826,2765869,5697,1.180481,984.582445135,5380.343773473,4291.320262863,0.182996196,0.229435788
9,19703,388247615,4826,2765869,6072,1.258185,1138.043991452,5427.547154547,4327.496859775,0.209679245,0.262979738
9,19703,388247615,4826,2765869,6471,1.340862,1649.560677818,5462.635585962,4354.448240691,0.301971576,0.378821974
9,19703,388247615,4826,2765869,6897,1.429134,1739.640191229,5490.597287670,4375.474238003,0.316839881,0.397588946
9,19703,388247615,4826,2765869,7351,1.523208,1013.012993773,5541.449803967,4414.532443111,0.182806491,0.229472318
9,19703,388247615,4826,2765869,7835,1.623498,1111.311351029,5590.524056079,4452.306133018,0.198784826,0.249603535
9,19703,388247615,4826,2765869,8350,1.730211,378.158337220,5650.577887135,4498.040850383,0.066923834,0.084071788
9,19703,388247615,4826,2765869,8900,1.844177,821.556684128,5694.120625540,4531.480312983,0.144281574,0.181299846
9,19703,388247615,4826,2765869,9485,1.965396,1678.461557174,5734.392462706,4562.137179726,0.292700852,0.367911242
9,19703,388247615,4826,2765869,10109,2.094695,1441.048564147,5786.889400619,4601.835460837,0.249019545,0.313146477
9,19703,388247615,4826,2765869,10775,2.232698,1471.344861961,5830.077389513,4634.877751622,0.252371412,0.317450630
9,19703,388247615,4826,2765869,11484,2.379610,661.772679036,5869.228503589,4664.708688668,0.112752925,0.141867954
9,19703,388247615,4826,2765869,12239,2.536055,436.561127765,5927.756798102,4709.568392517,0.073646936,0.092696632
9,19703,388247615,4826,2765869,13045,2.703067,1393.132780522,5992.115679045,4758.539275918,0.232494307,0.292764796
9,19703,388247615,4826,2765869,13903,2.880854,1286.142772013,6039.806650866,4795.114177207,0.212944362,0.268219426
9,19703,388247615,4826,2765869,14818,3.070452,1365.988622151,6090.282495800,4833.844107454,0.224289862,0.282588472
9,19703,388247615,4826,2765869,15793,3.272482,1702.376005545,6142.021137891,4873.744338545,0.277168699,0.349295303
9,19703,388247615,4826,2765869,16832,3.487775,1613.346413232,6175.734106171,4899.603037707,0.261239617,0.329281046
9,19703,388247615,4826,2765869,17940,3.717364,1167.707607172,6221.616210874,4934.828530511,0.187685574,0.236625771
9,19703,388247615,4826,2765869,19120,3.961873,-242.098551052,6285.620669182,4983.794258355,0.038516252,0.048577156
9,19703,388247615,4826,2765869,20378,4.222545,537.909185799,6358.664041256,5039.831055179,0.084594686,0.106731591
9,19703,388247615,4826,2765869,21719,4.500414,870.384208208,6405.958783445,5076.145007065,0.135871028,0.171465592
9,19703,388247615,4826,2765869,23148,4.796519,1734.256017361,6461.083422711,5118.290570384,0.268415667,0.338835006
9,19703,388247615,4826,2765869,24671,5.112101,1827.814471348,6500.267884560,5148.280158202,0.281190638,0.355033995
9,19703,388247615,4826,2765869,26295,5.448612,996.380369136,6551.145447246,5187.466506885,0.152092543,0.192074564
9,19703,388247615,4826,2765869,28025,5.807087,1040.474336564,6619.304920928,5239.874325347,0.157187854,0.198568567
9,19703,388247615,4826,2765869,29869,6.189184,704.008536449,6670.181106841,5279.056027291,0.105545640,0.133358792
9,19703,388247615,4826,2765869,31834,6.596353,112.896882163,6732.457762690,5326.560578000,0.016769044,0.021195081
9,19703,388247615,4826,2765869,33929,7.030460,1966.606649200,6812.933663705,5388.589658422,0.288657830,0.364957581
9,19703,388247615,4826,2765869,36162,7.493162,1565.756300841,6871.172224526,5433.261493725,0.227873243,0.288179817
9,19703,388247615,4826,2765869,38541,7.986117,1663.479831554,6914.051196877,5466.180720933,0.240594086,0.304322143
9,19703,388247615,4826,2765869,41077,8.511604,1532.077678955,6956.386482038,5498.572103160,0.220240449,0.278631916
9,19703,388247615,4826,2765869,43780,9.071695,1840.584894695,7017.008051207,5545.501402944,0.262303375,0.331905947
9,19703,388247615,4826,2765869,46661,9.668670,773.173337683,7094.107063767,5605.001737720,0.108988112,0.137943461
9,19703,388247615,4826,2765869,49731,10.304807,524.041696788,7163.814931116,5658.546475451,0.073151205,0.092610655
9,19703,388247615,4826,2765869,53004,10.983009,1067.604247160,7233.580805198,5712.236700351,0.147590008,0.186897761
9,19703,388247615,4826,2765869,56491,11.705553,1526.570145223,7288.179404889,5754.210402469,0.209458365,0.265296199
9,19703,388247615,4826,2765869,60208,12.475756,2608.271657213,7350.090774484,5801.830644908,0.354862509,0.449560116
9,19703,388247615,4826,2765869,64170,13.296726,2155.362623019,7408.601243699,5846.870627037,0.290927066,0.368635251
9,19703,388247615,4826,2765869,68393,14.171778,678.708503491,7469.058383259,5893.499801611,0.090869353,0.115162217
9,19703,388247615,4826,2765869,72893,15.104227,886.345193772,7548.754529028,5954.844974863,0.117416084,0.148844378
9,19703,388247615,4826,2765869,77689,16.098011,1241.496853495,7616.727838023,6007.094323297,0.162996090,0.206671776
9,19703,388247615,4826,2765869,82802,17.157480,1955.862476666,7693.481155031,6066.227000218,0.254223340,0.322418280
9,19703,388247615,4826,2765869,88250,18.286366,651.227518871,7761.656459756,6118.839263134,0.083903162,0.106429911
9,19703,388247615,4826,2765869,94057,19.489639,2029.414013916,7818.002944092,6162.394788984,0.259582150,0.329322298
9,19703,388247615,4826,2765869,100246,20.772068,1582.272478606,7876.664141944,6207.609959760,0.200881039,0.254892380
9,19703,388247615,4826,2765869,106842,22.138831,1468.723914435,7938.350972490,6255.216656284,0.185016248,0.234799847
9,19703,388247615,4826,2765869,113873,23.595731,13.642993158,8022.868918791,6320.363849645,0.001700513,0.002158577
9,19703,388247615,4826,2765869,121365,25.148156,115.675433157,8114.491391659,6390.999068417,0.014255414,0.018099742
9,19703,388247615,4826,2765869,129351,26.802942,711.743249552,8192.935376948,6451.640285082,0.086872802,0.110319735
9,19703,388247615,4826,2765869,137863,28.566722,1825.543628399,8246.009487394,6492.577885586,0.221385099,0.281173928
9,19703,388247615,4826,2765869,146934,30.446332,1461.529261443,8315.849102813,6546.448875087,0.175752259,0.223255278
9,19703,388247615,4826,2765869,156603,32.449855,1419.485337760,8406.814074243,6616.744778578,0.168849379,0.214529256
9,19703,388247615,4826,2765869,166908,34.585164,705.828503176,8471.546285046,6666.681907711,0.083317553,0.105874033
9,19703,388247615,4826,2765869,177890,36.860754,418.067437435,8563.697303030,6737.871222572,0.048818568,0.062047407
9,19703,388247615,4826,2765869,189596,39.286366,702.069992961,8638.223328014,6795.440632620,0.081274814,0.103314859
9,19703,388247615,4826,2765869,202071,41.871322,1272.594332372,8728.595958812,6865.237174507,0.145795995,0.185367861
9,19703,388247615,4826,2765869,215368,44.626606,1511.385221317,8807.122570204,6925.995270334,0.171609423,0.218219211
9,19703,388247615,4826,2765869,229539,47.562992,2098.046134886,8868.715996083,6973.605215208,0.236567067,0.300855307
9,19703,388247615,4826,2765869,244643,50.692706,1385.431881002,8923.049704306,7015.585286937,0.155264391,0.197479159
9,19703,388247615,4826,2765869,260741,54.028388,1376.588666721,8997.100589172,7072.864969687,0.153003587,0.194629570
9,19703,388247615,4826,2765869,277898,57.583506,1492.960456953,9110.686485523,7160.755133736,0.163869151,0.208492042
9,19703,388247615,4826,2765869,296184,61.372565,11.857980568,9188.773704186,7221.204518054,0.001290486,0.001642106
9,19703,388247615,4826,2765869,315673,65.410899,344.808507642,9266.811879753,7281.624068785,0.037208968,0.047353242
9,19703,388247615,4826,2765869,336445,69.715085,2885.106623111,9351.100198129,7346.841244536,0.308531249,0.392700281
9,19703,388247615,4826,2765869,358583,74.302321,3195.363302637,9414.654551013,7396.029542239,0.339403139,0.432037661
9,19703,388247615,4826,2765869,382178,79.191463,1324.540493749,9490.268952518,7454.499268753,0.139568278,0.177683362
9,19703,388247615,4826,2765869,407326,84.402404,771.870862828,9591.358265462,7532.709354612,0.080475658,0.102469221
9,19703,388247615,4826,2765869,434128,89.956071,1591.022625194,9687.310949460,7606.967136061,0.164237799,0.209153345
9,19703,388247615,4826,2765869,462695,95.875466,-29.038006507,9770.207913575,7671.170303235,0.002972097,0.003785342
9,19703,388247615,4826,2765869,493140,102.184003,1556.514984356,9870.764591488,7749.014241491,0.157689404,0.200866192
9,19703,388247615,4826,2765869,525590,108.907998,2680.300478761,9951.815085505,7811.795500669,0.269327802,0.343109401
9,19703,388247615,4826,2765869,560174,116.074182,1645.965412312,10038.984762492,7879.332814859,0.163957357,0.208896546
9,19703,388247615,4826,2765869,597034,123.711977,2736.695242195,10105.522043708,7930.870039431,0.270811862,0.345068729
9,19703,388247615,4826,2765869,636319,131.852259,1811.558015021,10193.286205299,7998.901459603,0.177720705,0.226475851
9,19703,388247615,4826,2765869,678190,140.528388,-368.775120278,10311.420392046,8090.398653266,0.035763756,0.045581823
9,19703,388247615,4826,2765869,722815,149.775176,748.020923846,10447.612587396,8195.946692472,0.071597307,0.091267178
9,19703,388247615,4826,2765869,770377,159.630543,993.093670327,10535.152109310,8263.759036466,0.094264768,0.120174568
9,19703,388247615,4826,2765869,821069,170.134480,2069.101131665,10617.130297218,8327.302462167,0.194883276,0.248471956
9,19703,388247615,4826,2765869,875096,181.329465,1830.092605702,10697.784147407,8389.819802847,0.171072119,0.218132528
9,19703,388247615,4826,2765869,932679,193.261293,2794.599605572,10811.273813063,8477.798071708,0.258489393,0.329637434
9,19703,388247615,4826,2765869,994050,205.978036,-403.796493453,10921.042958436,8562.891071636,0.036974169,0.047156561
9,19703,388247615,4826,2765869,1059459,219.531496,-995.965416739,11033.040227935,8649.758107287,0.090271167,0.115143731
9,19703,388247615,4826,2765869,1129173,233.977000,505.515462269,11153.669668069,8743.251357254,0.045322793,0.057817789
9,19703,388247615,4826,2765869,1203474,249.372980,1816.916103430,11274.775675361,8837.184057112,0.161148759,0.205598989
9,19703,388247615,4826,2765869,1282664,265.782014,2232.987855422,11374.185193981,8914.297925274,0.196320687,0.250495089
9,19703,388247615,4826,2765869,1367064,283.270617,1363.614220106,11450.032021030,8973.126542367,0.119092612,0.151966454
9,19703,388247615,4826,2765869,1457019,301.910278,1767.010515112,11534.435497477,9038.610065912,0.153194364,0.195495823
9,19703,388247615,4826,2765869,1552892,321.776212,1573.509428206,11640.404542984,9120.822066270,0.135176524,0.172518378
9,22087,487879743,6065,3282726,6,0.000989,1131.815229721,2059.468776380,1863.884381059,0.549566589,0.607234677
9,22087,487879743,6065,3282726,6,0.000989,1131.815229721,2059.468776380,1863.884381059,0.549566589,0.607234677
9,22087,487879743,6065,3282726,7,0.001154,1599.866985213,2111.985815933,1921.753738587,0.757517865,0.832503641
9,22087,487879743,6065,3282726,7,0.001154,1599.866985213,2111.985815933,1921.753738587,0.757517865,0.832503641
9,22087,487879743,6065,3282726,8,0.001319,1599.866985213,2164.564478944,1921.753738587,0.739117269,0.832503641
9,22087,487879743,6065,3282726,8,0.001319,1599.866985213,2164.564478944,1921.753738587,0.739117269,0.832503641
9,22087,487879743,6065,3282726,9,0.001484,1599.866985213,2235.814387609,1921.753738587,0.715563418,0.832503641
9,22087,487879743,6065,3282726,9,0.001484,1599.866985213,2235.814387609,1921.753738587,0.715563418,0.832503641
9,22087,487879743,6065,3282726,10,0.001649,985.347761692,2318.728067695,2017.615252681,0.424951841,0.488372479
9,22087,487879743,6065,3282726,11,0.001814,1542.879620058,2384.814798891,2093.230298115,0.646959932,0.737080684
9,22087,487879743,6065,3282726,11,0.001814,1542.879620058,2384.814798891,2093.230298115,0.646959932,0.737080684
9,22087,487879743,6065,3282726,12,0.001979,1542.879620058,2417.644789914,2093.230298115,0.638174651,0.737080684
9,22087,487879743,6065,3282726,13,0.002143,2100.780401541,2481.181092178,2166.302463398,0.846685640,0.969753964
9,22087,487879743,6065,3282726,14,0.002308,1491.209753971,2554.963010801,2250.431677991,0.583652189,0.662632760
9,22087,487879743,6065,3282726,15,0.002473,1157.764432322,2576.629924744,2275.000773590,0.449332836,0.508907270
9,22087,487879743,6065,3282726,16,0.002638,1157.764432322,2594.670842095,2275.000773590,0.446208596,0.508907270
9,22087,487879743,6065,3282726,17,0.002803,1504.761751583,2617.770791799,2301.311725823,0.574825633,0.653871327
9,22087,487879743,6065,3282726,18,0.002968,1504.761751583,2639.252309528,2301.311725823,0.570146987,0.653871327
9,22087,487879743,6065,3282726,19,0.003133,1995.279349375,2684.447851438,2353.007261602,0.743273649,0.847969907
9,22087,487879743,6065,3282726,20,0.003298,1995.279349375,2703.644263745,2353.007261602,0.737996258,0.847969907
9,22087,487879743,6065,3282726,22,0.003627,1288.815854607,2749.962052317,2406.084403643,0.468666778,0.535648647
9,22087,487879743,6065,3282726,23,0.003792,1671.924263152,2776.520005670,2436.393689483,0.602165394,0.686229106
9,22087,487879743,6065,3282726,25,0.004122,1671.924263152,2812.367618185,2436.393689483,0.594489942,0.686229106
9,22087,487879743,6065,3282726,26,0.004287,1411.394877643,2824.409173708,2450.283610292,0.499713317,0.576012863
9,22087,487879743,6065,3282726,28,0.004617,1411.394877643,2847.755837194,2450.283610292,0.495616534,0.576012863
9,22087,487879743,6065,3282726,30,0.004946,2077.937347472,2886.518618802,2495.228686771,0.719876648,0.832764291
9,22087,487879743,6065,3282726,32,0.005276,2408.229215334,2925.858032639,2516.994024082,0.823084780,0.956787816
9,22087,487879743,6065,3282726,34,0.005606,1829.959323120,2954.542985420,2550.281933983,0.619371365,0.717551773
9,22087,487879743,6065,3282726,36,0.005936,1575.201762400,2986.282238634,2562.974708721,0.527479199,0.614599027
9,22087,487879743,6065,3282726,38,0.006265,1716.723288296,3005.832508697,2585.727522207,0.571130721,0.663922735
9,22087,487879743,6065,3282726,41,0.006760,1735.659193035,3036.549616117,2607.328577359,0.571589275,0.665684873
9,22087,487879743,6065,3282726,44,0.007255,2229.944266428,3066.926871886,2630.993365905,0.727094045,0.847567423
9,22087,487879743,6065,3282726,47,0.007749,2295.147217437,3112.090643192,2670.349711148,0.737493692,0.859493125
9,22087,487879743,6065,3282726,50,0.008244,2295.147217437,3148.708129601,2670.349711148,0.728917106,0.859493125
9,22087,487879743,6065,3282726,53,0.008739,2282.991352770,3178.161757748,2695.734239090,0.718337054,0.846890365
9,22087,487879743,6065,3282726,56,0.009233,2060.249619647,3201.424879839,2704.920880077,0.643541453,0.761667239
9,22087,487879743,6065,3282726,60,0.009893,1836.068805476,3239.275632077,2737.977163125,0.566814626,0.670593177
9,22087,487879743,6065,3282726,64,0.010552,1825.121718598,3270.120415682,2755.298934429,0.558120646,0.662404248
9,22087,487879743,6065,3282726,68,0.011212,1984.608778388,3291.535728043,2775.588682832,0.602943107,0.715022651
9,22087,487879743,6065,3282726,73,0.012036,2465.156965564,3326.869768149,2807.241224381,0.740983909,0.878142193
9,22087,487879743,6065,3282726,78,0.012861,2290.838771519,3368.040390343,2834.205785932,0.680169626,0.808282441
9,22087,487879743,6065,3282726,83,0.013685,2574.730069374,3405.111625510,2860.915379154,0.756136759,0.899967223
9,22087,487879743,6065,3282726,88,0.014509,1916.412966672,3440.072835189,2886.145847260,0.557084997,0.664004201
9,22087,487879743,6065,3282726,94,0.015499,1595.464877867,3460.654735549,2903.067807278,0.461029776,0.549578923
9,22087,487879743,6065,3282726,100,0.016488,1580.019767413,3481.620997047,2909.368293997,0.453817279,0.543080012
9,22087,487879743,6065,3282726,107,0.017642,2381.792742282,3520.618878671,2950.047598285,0.676526720,0.807374343
9,22087,487879743,6065,3282726,114,0.018796,2936.282638729,3563.332850336,2986.748831250,0.824027045,0.983103302
9,22087,487879743,6065,3282726,121,0.019951,2411.758848482,3593.094479661,3002.259715712,0.671220549,0.803314529
9,22087,487879743,6065,3282726,129,0.021270,2000.785419231,3627.640610173,3024.323153284,0.551539040,0.661564693
9,22087,487879743,6065,3282726,138,0.022754,2356.282420041,3672.668222008,3059.529497106,0.641572360,0.770145352
9,22087,487879743,6065,3282726,147,0.024237,1920.075883134,3695.177124660,3077.598892125,0.519616738,0.623887631
9,22087,487879743,6065,3282726,156,0.025721,2120.516554776,3718.867884267,3090.948671460,0.570204864,0.686040689
9,22087,487879743,6065,3282726,167,0.027535,2080.772545048,3760.751691433,3127.727036204,0.553286342,0.665266668
9,22087,487879743,6065,3282726,178,0.029349,2155.387185208,3791.447434838,3145.862124132,0.568486633,0.685149921
9,22087,487879743,6065,3282726,189,0.031162,2304.716709483,3823.456840447,3171.571717555,0.602783503,0.726679676
9,22087,487879743,6065,3282726,202,0.033306,2860.115195702,3871.905594890,3212.032469755,0.738684125,0.890437822
9,22087,487879743,6065,3282726,215,0.035449,1884.372250699,3903.736492125,3237.550191006,0.482709900,0.582036460
9,22087,487879743,6065,3282726,229,0.037758,1735.787694546,3928.214671246,3256.479589669,0.441876995,0.533025817
9,22087,487879743,6065,3282726,244,0.040231,2175.391900307,3952.129695064,3271.779081390,0.550435352,0.664895718
9,22087,487879743,6065,3282726,260,0.042869,2167.722519209,3980.473010933,3292.832440867,0.544589177,0.658315465
9,22087,487879743,6065,3282726,278,0.045837,2337.547764012,4028.468993574,3327.189154401,0.580257107,0.702559324
9,22087,487879743,6065,3282726,296,0.048805,2915.667618066,4069.767642015,3354.521660091,0.716421151,0.869175374
9,22087,487879743,6065,3282726,315,0.051937,2366.920177111,4106.677025585,3382.428801163,0.576358979,0.699769401
9,22087,487879743,6065,3282726,336,0.055400,1911.437625852,4131.864134736,3400.522232028,0.462609022,0.562101200
9,22087,487879743,6065,3282726,358,0.059027,2091.531211831,4169.391493846,3424.415527169,0.501639439,0.610770275
9,22087,487879743,6065,3282726,382,0.062984,2211.723399694,4202.853738442,3446.723602859,0.526243247,0.641688645
9,22087,487879743,6065,3282726,407,0.067106,2014.076292758,4231.799767982,3471.160119134,0.475938467,0.580231457
9,22087,487879743,6065,3282726,434,0.071558,2520.261951227,4264.203412379,3495.269628458,0.591027610,0.721049366
9,22087,487879743,6065,3282726,462,0.076175,2468.074768863,4313.902625015,3534.256070014,0.572121112,0.698329357
9,22087,487879743,6065,3282726,493,0.081286,2361.015277879,4357.784106263,3567.419675732,0.541792622,0.661827173
9,22087,487879743,6065,3282726,525,0.086562,2278.476061596,4391.527033585,3592.494850373,0.518834575,0.634232242
9,22087,487879743,6065,3282726,560,0.092333,1685.323974347,4416.459801827,3609.486675515,0.381600660,0.466915139
9,22087,487879743,6065,3282726,596,0.098269,1701.032067163,4445.515450610,3630.717566573,0.382640008,0.468511261
9,22087,487879743,6065,3282726,636,0.104864,2106.842215318,4481.374441552,3657.817047826,0.470133046,0.575983486
9,22087,487879743,6065,3282726,677,0.111624,3237.571696659,4523.989921688,3689.656080861,0.715645205,0.877472487
9,22087,487879743,6065,3282726,722,0.119044,2395.498322320,4566.124420871,3723.383607312,0.524623970,0.643365974
9,22087,487879743,6065,3282726,770,0.126958,2444.497795790,4614.089943961,3757.493618459,0.529789802,0.650566054
9,22087,487879743,6065,3282726,820,0.135202,2089.748403201,4640.650809106,3777.171263206,0.450313650,0.553257519
9,22087,487879743,6065,3282726,874,0.144106,2196.746938241,4679.410139153,3803.032471602,0.469449540,0.577630340
9,22087,487879743,6065,3282726,932,0.153669,2025.779324501,4710.696634768,3826.695505574,0.430038162,0.529380851
9,22087,487879743,6065,3282726,993,0.163726,2184.463703239,4744.973781731,3852.628825878,0.460374241,0.567006011
9,22087,487879743,6065,3282726,1058,0.174444,2713.876384900,4791.923118130,3887.302513251,0.566343891,0.698138716
9,22087,487879743,6065,3282726,1128,0.185985,3191.750411691,4827.065000200,3913.066898213,0.661219688,0.815664668
9,22087,487879743,6065,3282726,1202,0.198186,2541.015374166,4880.671642107,3955.005467511,0.520628217,0.642480875
9,22087,487879743,6065,3282726,1281,0.211212,2261.377970667,4923.253760773,3985.765850776,0.459325901,0.567363477
9,22087,487879743,6065,3282726,1366,0.225227,1769.800671134,4957.647176782,4013.552609653,0.356983990,0.440956141
9,22087,487879743,6065,3282726,1455,0.239901,2067.853346019,4981.199384598,4031.302151021,0.415131615,0.512949233
9,22087,487879743,6065,3282726,1551,0.255730,2410.246438999,5015.149097568,4057.364288752,0.480593177,0.594042405
9,22087,487879743,6065,3282726,1653,0.272547,3067.969732319,5079.072750914,4105.193372585,0.604041305,0.747338664
9,22087,487879743,6065,3282726,1762,0.290519,3038.066244688,5120.195416450,4134.500634150,0.593349667,0.734808509
9,22087,487879743,6065,3282726,1878,0.309646,2699.786683376,5160.632679785,4163.174840508,0.523150329,0.648492265
9,22087,487879743,6065,3282726,2002,0.330091,2219.442674407,5198.351913122,4192.197453397,0.426951217,0.529422266
9,22087,487879743,6065,3282726,2133,0.351690,2369.457063504,5238.145440948,4221.713314335,0.452346559,0.561254848
9,22087,487879743,6065,3282726,2274,0.374938,2273.934498610,5278.353528431,4252.976235534,0.430803751,0.534668988
9,22087,487879743,6065,3282726,2423,0.399505,3373.657668680,5318.501066110,4283.353614791,0.634324902,0.787620629
9,22087,487879743,6065,3282726,2583,0.425886,2372.320662937,5356.619239022,4311.861595599,0.442876478,0.550184789
9,22087,487879743,6065,3282726,2753,0.453916,3547.193577764,5405.502784347,4348.670352437,0.656218990,0.815696130
9,22087,487879743,6065,3282726,2934,0.483759,3582.472500898,5467.085003048,4394.070043382,0.655280190,0.815297086
9,22087,487879743,6065,3282726,3127,0.515581,2767.945756669,5504.612373516,4423.460620209,0.502841176,0.625742149
9,22087,487879743,6065,3282726,3332,0.549382,2198.417296462,5538.541280176,4448.951789215,0.396930741,0.494142756
9,22087,487879743,6065,3282726,3552,0.585655,2713.799010122,5574.604453706,4476.401341989,0.486814631,0.606245688
9,22087,487879743,6065,3282726,3785,0.624073,3266.007593669,5617.217231980,4507.796684784,0.581428038,0.724524157
9,22087,487879743,6065,3282726,4035,0.665293,3551.342156829,5663.397470535,4543.395386895,0.627069206,0.781649373
9,22087,487879743,6065,3282726,4300,0.708986,3518.828001118,5723.011107839,4588.462997298,0.614856050,0.766885993
9,22087,487879743,6065,3282726,4583,0.755647,2999.131798393,5771.961646291,4625.579917734,0.519603556,0.648379631
9,22087,487879743,6065,3282726,4885,0.805441,2133.822764924,5812.549479402,4656.654007906,0.367106168,0.458230902
9,22087,487879743,6065,3282726,5206,0.858368,2981.535030119,5847.339546276,4682.756424852,0.509895997,0.636705128
9,22087,487879743,6065,3282726,5549,0.914922,2595.217580745,5899.590983406,4722.429523460,0.439897882,0.549551363
9,22087,487879743,6065,3282726,5914,0.975103,3141.241774392,5944.723096737,4756.647157457,0.528408426,0.660389907
9,22087,487879743,6065,3282726,6303,1.039242,3532.249163504,5992.008697106,4793.091637372,0.589493331,0.736945886
9,22087,487879743,6065,3282726,6717,1.107502,3637.616878230,6043.140582985,4831.735562939,0.601941462,0.752859264
9,22087,487879743,6065,3282726,7160,1.180544,3287.497460019,6104.785433004,4877.767908482,0.538511549,0.673975786
9,22087,487879743,6065,3282726,7631,1.258203,3066.276980258,6157.010837380,4917.971454239,0.498013900,0.623484095
9,22087,487879743,6065,3282726,8133,1.340973,2859.416495272,6195.895206599,4947.774711413,0.461501752,0.577919704
9,22087,487879743,6065,3282726,8668,1.429184,2566.335101064,6226.898642899,4971.448066380,0.412136964,0.516214806
9,22087,487879743,6065,3282726,9238,1.523166,3514.136623376,6283.171180425,5014.732935586,0.559293472,0.700762467
9,22087,487879743,6065,3282726,9846,1.623413,4794.771279432,6337.570019073,5055.945303532,0.756563046,0.948343186
9,22087,487879743,6065,3282726,10494,1.730256,4138.469139145,6404.319673113,5106.369118019,0.646199651,0.810452406
9,22087,487879743,6065,3282726,11184,1.844023,3642.679958695,6452.514903264,5142.875289663,0.564536466,0.708296382
9,22087,487879743,6065,3282726,11920,1.965375,2663.675560918,6497.292173356,5176.767204843,0.409967028,0.514544204
9,22087,487879743,6065,3282726,12705,2.094806,3561.310875143,6555.560298261,5221.112813549,0.543250418,0.682098051
9,22087,487879743,6065,3282726,13541,2.232646,3502.877964056,6603.403229449,5257.944244363,0.530465556,0.666206753
9,22087,487879743,6065,3282726,14432,2.379555,3100.251274757,6646.811422612,5290.989300652,0.466426844,0.585949262
9,22087,487879743,6065,3282726,15381,2.536026,3828.019470417,6711.802702329,5340.780527418,0.570341478,0.716752814
9,22087,487879743,6065,3282726,16394,2.703050,4516.235818718,6783.241800412,5395.495229745,0.665793134,0.837038238
9,22087,487879743,6065,3282726,17472,2.880791,4141.639330983,6836.165471294,5436.070410068,0.605842464,0.761881105
9,22087,487879743,6065,3282726,18622,3.070404,3994.112111696,6892.231407875,5478.949768123,0.579509287,0.728992285
9,22087,487879743,6065,3282726,19847,3.272383,2363.346768031,6949.656096082,5522.779615160,0.340066722,0.427927046
9,22087,487879743,6065,3282726,21153,3.487716,2526.948408729,6987.131782360,5551.399501101,0.361657471,0.455191237
9,22087,487879743,6065,3282726,22545,3.717230,3842.509893100,7038.114280253,5590.266449994,0.545957303,0.687357200
9,22087,487879743,6065,3282726,24029,3.961913,4589.934801673,7109.276674490,5644.921426060,0.645626132,0.813108714
9,22087,487879743,6065,3282726,25610,4.222589,3405.936199751,7190.476814485,5706.974073277,0.473673205,0.596802466
9,22087,487879743,6065,3282726,27295,4.500412,3424.048182117,7242.991740674,5747.365074296,0.472739485,0.595759646
9,22087,487879743,6065,3282726,29091,4.796538,3429.669019141,7304.244299891,5794.365820661,0.469544675,0.591897220
9,22087,487879743,6065,3282726,31005,5.112119,2301.454089167,7347.814784675,5827.803436706,0.313216127,0.394909354
9,22087,487879743,6065,3282726,33045,5.448475,3135.244496007,7404.391696412,5870.889375327,0.423430394,0.534032290
9,22087,487879743,6065,3282726,35220,5.807090,3860.328466466,7480.187869186,5929.238842922,0.516073732,0.651066447
9,22087,487879743,6065,3282726,37537,6.189118,4010.525231940,7536.746272061,5972.584073548,0.532129527,0.671489121
9,22087,487879743,6065,3282726,40007,6.596373,3627.597544946,7606.098865320,6025.725916123,0.476932736,0.602018345
9,22087,487879743,6065,3282726,42640,7.030503,4811.456746761,7695.587501920,6094.656492684,0.625222798,0.789454952
9,22087,487879743,6065,3282726,45446,7.493157,3581.301223480,7760.322602280,6144.532176328,0.461488704,0.582843595
9,22087,487879743,6065,3282726,48436,7.986150,2108.542569401,7808.045841836,6181.155521055,0.270047412,0.341124335
9,22087,487879743,6065,3282726,51623,8.511624,3111.175310712,7855.141086241,6217.341887079,0.396068674,0.500402804
9,22087,487879743,6065,3282726,55020,9.071723,3440.030640961,7922.592882512,6269.178309679,0.434205151,0.548721136
9,22087,487879743,6065,3282726,58640,9.668590,4837.422372510,8008.422289805,6334.885161438,0.604041870,0.763616427
9,22087,487879743,6065,3282726,62499,10.304864,4746.512653563,8086.048644978,6394.666013314,0.587000260,0.742261229
9,22087,487879743,6065,3282726,66611,10.982852,3309.137923377,8163.713159268,6454.271033299,0.405347157,0.512705138
9,22087,487879743,6065,3282726,70995,11.705688,2984.248762692,8224.508983707,6501.053450787,0.362848259,0.459040798
9,22087,487879743,6065,3282726,75666,12.475845,3554.546398357,8293.469992345,6553.990128015,0.428595799,0.542348452
9,22087,487879743,6065,3282726,80645,13.296785,3475.393753379,8358.662314205,6604.073133629,0.415783486,0.526250040
9,22087,487879743,6065,3282726,85951,14.171641,2851.664286142,8425.983761515,6655.882622428,0.338436955,0.428442695
9,22087,487879743,6065,3282726,91607,15.104204,3825.346313528,8514.794994340,6724.496589730,0.449258769,0.568867314
9,22087,487879743,6065,3282726,97635,16.098104,5002.673472903,8590.515834261,6782.756244916,0.582348437,0.737557608
9,22087,487879743,6065,3282726,104060,17.157461,3799.586904212,8676.010450335,6848.579246171,0.437941716,0.554799290
9,22087,487879743,6065,3282726,110907,18.286397,3747.605368812,8751.990796427,6907.172114264,0.428200332,0.542567248
9,22087,487879743,6065,3282726,118205,19.489695,2709.993215576,8814.785769310,6955.458729065,0.307437218,0.389621062
9,22087,487879743,6065,3282726,125983,20.772135,3654.152481017,8880.186001720,7005.836284911,0.411495039,0.521586907
9,22087,487879743,6065,3282726,134272,22.138829,4129.938661130,8948.931895339,7058.847978934,0.461500737,0.585072617
9,22087,487879743,6065,3282726,143108,23.595713,4481.214881563,9043.177803971,7131.591933391,0.495535417,0.628361090
9,22087,487879743,6065,3282726,152524,25.148228,4854.744952514,9145.359285172,7210.318517949,0.530842453,0.673305200
9,22087,487879743,6065,3282726,162560,26.802968,4059.231137007,9232.766498665,7277.665633958,0.439654911,0.557765545
9,22087,487879743,6065,3282726,173257,28.566694,3025.670118366,9291.938016429,7323.325331943,0.325623149,0.413155224
9,22087,487879743,6065,3282726,184658,30.446496,3480.948330206,9369.949579876,7383.579380959,0.371501287,0.471444560
9,22087,487879743,6065,3282726,196808,32.449794,4120.028034954,9471.273477567,7461.666664769,0.435002542,0.552159219
9,22087,487879743,6065,3282726,209758,34.584996,4924.105879181,9543.546244602,7517.448861197,0.515961861,0.655023529
9,22087,487879743,6065,3282726,223561,36.860841,5251.027886479,9646.323299989,7596.769821228,0.544355370,0.691218506
9,22087,487879743,6065,3282726,238271,39.286232,4704.791535684,9729.473772156,7660.999967463,0.483560740,0.614122380
9,22087,487879743,6065,3282726,253950,41.871393,4607.100065537,9830.305036567,7738.865763082,0.468662981,0.595319806
9,22087,487879743,6065,3282726,270660,44.626546,4947.606711705,9917.890545467,7806.491780476,0.498856757,0.633781070
9,22087,487879743,6065,3282726,288470,47.563067,3680.713033276,9986.660600967,7859.664811596,0.368562944,0.468304072
9,22087,487879743,6065,3282726,307451,50.692663,3072.716319118,10047.270534300,7906.514054033,0.305825976,0.388630982
9,22087,487879743,6065,3282726,327682,54.028359,5310.543433370,10129.934147578,7970.361666028,0.524242641,0.666286381
9,22087,487879743,6065,3282726,349244,57.583512,6444.269559147,10256.803422842,8068.455273660,0.628292197,0.798699298
9,22087,487879743,6065,3282726,372224,61.372465,4896.687338137,10343.830865481,8135.693689458,0.473392054,0.601877053
9,22087,487879743,6065,3282726,396717,65.410882,5125.861093795,10430.996386412,8203.037682331,0.491406660,0.624873528
9,22087,487879743,6065,3282726,422822,69.715087,3307.076467899,10525.084059672,8275.743546600,0.314209031,0.399610796
9,22087,487879743,6065,3282726,450644,74.302391,4376.695305057,10596.077299331,8330.658806340,0.413048639,0.525372051
9,22087,487879743,6065,3282726,480296,79.191426,4357.587843836,10680.524606993,8395.977170705,0.407993802,0.519009015
9,22087,487879743,6065,3282726,511901,84.402473,4776.782845280,10793.380423196,8483.254293151,0.442565967,0.563083774
9,22087,487879743,6065,3282726,545584,89.956142,5085.718092083,10900.517991051,8566.160245459,0.466557470,0.593698687
9,22087,487879743,6065,3282726,581484,95.875350,5555.248171004,10993.097909915,8637.778148048,0.505339643,0.643133926
9,22087,487879743,6065,3282726,619746,102.184007,6604.975149899,11105.424867933,8724.758520633,0.594752135,0.757038161
9,22087,487879743,6065,3282726,660526,108.907832,4120.899709003,11195.983846702,8794.833334122,0.368069458,0.468559159
9,22087,487879743,6065,3282726,703990,116.074196,3735.893616006,11293.294558009,8870.143979158,0.330806356,0.421176209
9,22087,487879743,6065,3282726,750313,123.711954,4136.336393490,11367.642871088,8927.676859179,0.363869312,0.463316097
9,22087,487879743,6065,3282726,799684,131.852267,5409.652267982,11465.729480958,9003.601433471,0.471810562,0.600832046
9,22087,487879743,6065,3282726,852304,140.528277,6475.292080565,11597.720306123,9105.800872516,0.558324559,0.711117251
9,22087,487879743,6065,3282726,908387,149.775268,6779.041608709,11749.926716871,9223.639475284,0.576943310,0.734963853
9,22087,487879743,6065,3282726,968160,159.630668,5215.774954255,11847.637278859,9299.345012771,0.440237562,0.560875518
9,22087,487879743,6065,3282726,1031866,170.134542,5218.384387654,11939.248914723,9370.312441615,0.437078113,0.556906125
9,22087,487879743,6065,3282726,1099764,181.329596,4757.143261308,12029.398954472,9440.138345869,0.395459763,0.503927282
9,22087,487879743,6065,3282726,1172129,193.261171,6444.725499408,12156.319421846,9538.435375092,0.530154340,0.675658559
9,22087,487879743,6065,3282726,1249257,205.978071,6103.179888194,12278.935869690,9633.454872325,0.497044691,0.633540092
9,22087,487879743,6065,3282726,1331459,219.531575,6031.283239796,12404.182428444,9730.513517868,0.486229808,0.619831957
9,22087,487879743,6065,3282726,1419071,233.977082,5975.195230754,12539.035783738,9835.040025866,0.476527489,0.607541527
9,22087,487879743,6065,3282726,1512447,249.372960,7717.180208734,12674.320783370,9939.901333519,0.608883138,0.776383985
9,22087,487879743,6065,3282726,1611967,265.781863,5182.893745639,12785.489325549,10026.099016279,0.405373124,0.516940211
9,22087,487879743,6065,3282726,1718037,283.270734,5516.460886147,12870.167132060,10091.742748442,0.428623873,0.546631144
9,22087,487879743,6065,3282726,1831085,301.910140,5056.097956122,12964.639971060,10164.996213657,0.389991389,0.497402837
9,22087,487879743,6065,3282726,1951573,321.776257,7825.745575425,13083.133313815,10256.883264609,0.598155303,0.762975006
9,24470,598829840,7444,3828050,7,0.000940,1649.717155590,2435.101652073,2334.166457724,0.677473630,0.706769284
9,24470,598829840,7444,3828050,8,0.001075,1649.717155590,2497.586701161,2334.166457724,0.660524479,0.706769284
9,24470,598829840,7444,3828050,8,0.001075,1649.717155590,2497.586701161,2334.166457724,0.660524479,0.706769284
9,24470,598829840,7444,3828050,9,0.001209,1649.717155590,2552.723436040,2334.166457724,0.646257692,0.706769284
9,24470,598829840,7444,3828050,10,0.001343,1099.251683565,2611.399850042,2398.196257243,0.420943458,0.458366024
9,24470,598829840,7444,3828050,10,0.001343,1099.251683565,2611.399850042,2398.196257243,0.420943458,0.458366024
9,24470,598829840,7444,3828050,11,0.001478,1698.062437845,2679.175898712,2471.825157186,0.633800281,0.686967051
9,24470,598829840,7444,3828050,12,0.001612,1698.062437845,2710.573364058,2471.825157186,0.626458763,0.686967051
9,24470,598829840,7444,3828050,12,0.001612,1698.062437845,2710.573364058,2471.825157186,0.626458763,0.686967051
9,24470,598829840,7444,3828050,13,0.001746,2015.488414248,2729.096409516,2492.123363357,0.738518583,0.808743437
9,24470,598829840,7444,3828050,14,0.001881,1570.730625743,2765.099763638,2531.499229434,0.568055680,0.620474463
9,24470,598829840,7444,3828050,15,0.002015,1263.239191132,2782.144440037,2550.105748981,0.454052339,0.495367375
9,24470,598829840,7444,3828050,16,0.002149,1263.239191132,2842.816549886,2550.105748981,0.444361839,0.495367375
9,24470,598829840,7444,3828050,17,0.002284,1835.029378594,2899.749981427,2613.423683497,0.632823309,0.702155334
9,24470,598829840,7444,3828050,18,0.002418,1835.029378594,2916.155862207,2613.423683497,0.629263135,0.702155334
9,24470,598829840,7444,3828050,19,0.002552,2234.989220503,2943.455942905,2643.851588990,0.759307856,0.845353510
9,24470,598829840,7444,3828050,21,0.002821,1905.573230540,2987.076940482,2664.294675716,0.637939119,0.715226153
9,24470,598829840,7444,3828050,22,0.002955,1539.876721720,3009.379102892,2689.275005575,0.511692502,0.572599202
9,24470,598829840,7444,3828050,23,0.003090,1958.876293139,3038.408008443,2721.720172328,0.644704822,0.719719945
9,24470,598829840,7444,3828050,25,0.003358,1958.876293139,3089.536224375,2721.720172328,0.634035710,0.719719945
9,24470,598829840,7444,3828050,27,0.003627,1630.952857647,3123.305027913,2741.403741882,0.522188145,0.594933476
9,24470,598829840,7444,3828050,28,0.003761,1630.952857647,3144.367866863,2741.403741882,0.518690219,0.594933476
9,24470,598829840,7444,3828050,30,0.004030,2305.916154365,3181.228652401,2783.605743043,0.724850807,0.828391794
9,24470,598829840,7444,3828050,32,0.004299,2626.956996704,3211.403597675,2802.057842934,0.818008985,0.937509910
9,24470,598829840,7444,3828050,34,0.004567,2129.782922927,3230.757716302,2824.218566159,0.659220873,0.754114058
9,24470,598829840,7444,3828050,37,0.004970,2237.358280703,3286.319391787,2862.482200194,0.680809749,0.781614740
9,24470,598829840,7444,3828050,39,0.005239,1576.144668111,3319.413552044,2900.416440976,0.474826244,0.543420126
9,24470,598829840,7444,3828050,42,0.005642,2169.765718479,3361.150847303,2930.980343332,0.645542499,0.740286684
9,24470,598829840,7444,3828050,44,0.005911,2407.362670624,3385.452211460,2940.594852180,0.711090431,0.818665199
9,24470,598829840,7444,3828050,47,0.006314,2362.554694621,3410.706466884,2954.707972176,0.692687781,0.799589914
9,24470,598829840,7444,3828050,50,0.006717,2362.554694621,3432.684279582,2954.707972176,0.688252837,0.799589914
9,24470,598829840,7444,3828050,54,0.007254,2377.792064129,3473.154514131,2975.549243211,0.684620294,0.799110305
9,24470,598829840,7444,3828050,57,0.007657,1818.391853692,3504.219832126,3001.729490888,0.518914891,0.605781387
9,24470,598829840,7444,3828050,61,0.008195,2000.999035995,3553.772063640,3044.856101961,0.563063415,0.657173597
9,24470,598829840,7444,3828050,65,0.008732,1534.162251503,3584.500283612,3062.774753043,0.427998920,0.500906000
9,24470,598829840,7444,3828050,69,0.009269,1755.780536521,3609.861212957,3087.591030941,0.486384499,0.568657092
9,24470,598829840,7444,3828050,74,0.009941,2241.148110836,3652.317841699,3127.646288781,0.613623515,0.716560603
9,24470,598829840,7444,3828050,79,0.010613,2453.141128323,3685.716695977,3152.634136474,0.665580491,0.778124268
9,24470,598829840,7444,3828050,84,0.011284,2467.666368160,3708.593187764,3162.761239080,0.665391496,0.780225310
9,24470,598829840,7444,3828050,89,0.011956,2186.144283059,3736.433891957,3185.537945927,0.585088442,0.686271619
9,24470,598829840,7444,3828050,95,0.012762,1271.467308691,3782.876648750,3219.047339286,0.336111226,0.394982482
9,24470,598829840,7444,3828050,102,0.013702,1955.260102787,3831.330488704,3243.622515640,0.510334493,0.602801372
9,24470,598829840,7444,3828050,108,0.014508,2382.714772558,3867.440642557,3274.327929191,0.616096016,0.727695828
9,24470,598829840,7444,3828050,115,0.015449,2690.895668040,3887.091594150,3294.909281079,0.692264538,0.816682779
9,24470,598829840,7444,3828050,123,0.016523,2060.341501533,3911.695449803,3310.301240771,0.526713168,0.622403024
9,24470,598829840,7444,3828050,131,0.017598,2449.266361011,3951.836978112,3332.506382020,0.619779200,0.734962242
9,24470,598829840,7444,3828050,140,0.018807,2779.284033736,4000.226269403,3362.883353402,0.694781706,0.826458649
9,24470,598829840,7444,3828050,149,0.020016,2127.639188564,4034.061291595,3390.306770728,0.527418657,0.627565389
9,24470,598829840,7444,3828050,159,0.021359,2142.958820953,4072.548248555,3417.959980610,0.526196055,0.626970132
9,24470,598829840,7444,3828050,169,0.022703,2350.160730129,4119.787659725,3445.807941739,0.570456762,0.682034742
9,24470,598829840,7444,3828050,180,0.024181,2544.704796610,4146.444654681,3463.642719129,0.613707648,0.734690325
9,24470,598829840,7444,3828050,192,0.025793,2878.888464518,4172.798075764,3482.652938277,0.689917991,0.826636623
9,24470,598829840,7444,3828050,205,0.027539,2774.556458888,4218.692318384,3521.005846028,0.657681634,0.788001094
9,24470,598829840,7444,3828050,218,0.029285,1688.560880351,4250.574839975,3548.090917303,0.397254711,0.475906881
9,24470,598829840,7444,3828050,232,0.031166,2181.601824648,4287.625890162,3576.842364004,0.508813474,0.609923950
9,24470,598829840,7444,3828050,248,0.033315,2538.572525800,4340.584827406,3608.842315390,0.584845735,0.703431268
9,24470,598829840,7444,3828050,264,0.035465,2533.345357105,4377.240612856,3637.119614969,0.578753964,0.696525170
9,24470,598829840,7444,3828050,281,0.037749,2776.352695156,4405.696638426,3658.086677904,0.630173369,0.758963070
9,24470,598829840,7444,3828050,300,0.040301,2880.046711456,4432.725950299,3677.624986834,0.649723611,0.783126807
9,24470,598829840,7444,3828050,320,0.042988,2674.878483257,4464.975736158,3704.192467991,0.599080183,0.722121895
9,24470,598829840,7444,3828050,341,0.045809,1653.310328257,4516.813995749,3741.618655905,0.366034627,0.441870346
9,24470,598829840,7444,3828050,363,0.048764,2070.688451763,4561.116023385,3768.796536083,0.453987235,0.549429621
9,24470,598829840,7444,3828050,387,0.051988,2314.849993532,4602.853183971,3797.583637503,0.502916322,0.609558660
9,24470,598829840,7444,3828050,412,0.055347,2249.932967087,4630.467399179,3820.443696978,0.485897594,0.588919284
9,24470,598829840,7444,3828050,440,0.059108,3026.406643297,4673.827799918,3855.091575341,0.647522068,0.785041440
9,24470,598829840,7444,3828050,469,0.063004,2937.048862756,4710.469903506,3884.249050599,0.623515047,0.756143292
9,24470,598829840,7444,3828050,499,0.067034,2857.083588620,4741.627713036,3906.304503590,0.602553334,0.731403193
9,24470,598829840,7444,3828050,532,0.071467,2538.915495187,4776.373112473,3928.729982725,0.531557195,0.646243317
9,24470,598829840,7444,3828050,567,0.076169,1628.644521100,4832.035413101,3970.317268874,0.337051446,0.410205132
9,24470,598829840,7444,3828050,605,0.081274,2174.056835924,4879.547679988,4002.568097590,0.445544747,0.543165483
9,24470,598829840,7444,3828050,644,0.086513,2819.195844234,4916.405215176,4031.133029419,0.573426258,0.699355696
9,24470,598829840,7444,3828050,687,0.092289,3284.111813731,4944.539307268,4053.898013642,0.664189646,0.810112095
9,24470,598829840,7444,3828050,732,0.098334,2588.829987527,4976.894301222,4076.931281364,0.520169775,0.634994757
9,24470,598829840,7444,3828050,780,0.104782,2448.101646526,5015.241060359,4105.516485633,0.488132398,0.596295656
9,24470,598829840,7444,3828050,831,0.111634,2516.810347758,5062.298093751,4143.857379694,0.497167551,0.607359307
9,24470,598829840,7444,3828050,886,0.119022,2322.477346544,5108.099174280,4173.439374382,0.454665673,0.556490017
9,24470,598829840,7444,3828050,944,0.126814,2046.054470723,5160.141421913,4213.357468515,0.396511317,0.485611412
9,24470,598829840,7444,3828050,1007,0.135277,2071.991119162,5189.824840284,4235.515667450,0.399241050,0.489194535
9,24470,598829840,7444,3828050,1073,0.144143,2853.334789051,5232.431428033,4265.608971061,0.545317187,0.668916164
9,24470,598829840,7444,3828050,1143,0.153546,2896.871843464,5266.481497005,4291.253234680,0.550058297,0.675064296
9,24470,598829840,7444,3828050,1219,0.163756,2405.136725411,5304.657029380,4319.912722062,0.453400986,0.556755861
9,24470,598829840,7444,3828050,1299,0.174503,2418.999014446,5356.563625182,4359.925339071,0.451595311,0.554825789
9,24470,598829840,7444,3828050,1384,0.185922,2075.287209145,5394.572832319,4388.822073289,0.384699081,0.472857449
9,24470,598829840,7444,3828050,1475,0.198146,2317.898196118,5453.117645674,4432.144920687,0.425059268,0.522974370
9,24470,598829840,7444,3828050,1573,0.211311,2826.001674631,5500.303946443,4468.720395062,0.513790093,0.632396173
9,24470,598829840,7444,3828050,1676,0.225148,3423.515327874,5537.687809294,4497.119942094,0.618221078,0.761268406
9,24470,598829840,7444,3828050,1786,0.239925,3201.815844788,5563.967341048,4516.370619370,0.575455543,0.708935584
9,24470,598829840,7444,3828050,1904,0.255776,3058.689206512,5601.282704586,4543.359339536,0.546069422,0.673221944
9,24470,598829840,7444,3828050,2029,0.272569,2673.183095400,5671.508635385,4596.837256839,0.471335454,0.581526590
9,24470,598829840,7444,3828050,2163,0.290570,2949.010823644,5716.748617481,4631.267472428,0.515854557,0.636761068
9,24470,598829840,7444,3828050,2305,0.309645,2841.299298819,5761.126272566,4664.137344603,0.493184694,0.609180024
9,24470,598829840,7444,3828050,2457,0.330064,3278.168452241,5802.487377207,4695.560895701,0.564959170,0.698142038
9,24470,598829840,7444,3828050,2618,0.351693,2204.824063694,5846.178073104,4729.014803400,0.377139395,0.466233276
9,24470,598829840,7444,3828050,2791,0.374933,3749.845637184,5890.272912776,4761.872917970,0.636616621,0.787472850
9,24470,598829840,7444,3828050,2974,0.399516,3468.343570562,5934.344337751,4795.022243225,0.584452700,0.723321685
9,24470,598829840,7444,3828050,3170,0.425846,2311.659043089,5976.147897594,4827.377529130,0.386814229,0.478864358
9,24470,598829840,7444,3828050,3378,0.453788,2258.486131311,6029.809342554,4867.294015831,0.374553490,0.464012678
9,24470,598829840,7444,3828050,3601,0.483745,2878.766844194,6097.582271001,4918.589601205,0.472116114,0.585282993
9,24470,598829840,7444,3828050,3838,0.515583,3335.659054085,6139.059300218,4949.104890415,0.543350193,0.673992394
9,24470,598829840,7444,3828050,4090,0.549436,3657.463978976,6176.497645039,4977.373792575,0.592158241,0.734818025
9,24470,598829840,7444,3828050,4359,0.585572,3329.636434536,6216.147911433,5007.536214558,0.535643051,0.664925083
9,24470,598829840,7444,3828050,4646,0.624127,3068.380284829,6263.261528527,5043.022128182,0.489901351,0.608440774
9,24470,598829840,7444,3828050,4952,0.665234,2439.483607058,6313.988296804,5081.358806202,0.386361756,0.480084895
9,24470,598829840,7444,3828050,5278,0.709027,2834.240697033,6379.927483474,5130.478420712,0.444243403,0.552432047
9,24470,598829840,7444,3828050,5625,0.755642,2450.089086900,6433.717051727,5170.784055288,0.380820149,0.473833187
9,24470,598829840,7444,3828050,5995,0.805347,2985.383170026,6478.448381360,5204.730539049,0.460817621,0.573590342
9,24470,598829840,7444,3828050,6390,0.858409,3738.205799570,6517.023700223,5234.205829618,0.573606292,0.714187772
9,24470,598829840,7444,3828050,6810,0.914831,3436.600463187,6574.409795867,5278.329953053,0.522723799,0.651077233
9,24470,598829840,7444,3828050,7258,0.975013,2917.910809072,6624.178043501,5315.227710290,0.440494019,0.548971929
9,24470,598829840,7444,3828050,7736,1.039226,3277.793531024,6676.248084516,5355.065162727,0.490963411,0.612092184
9,24470,598829840,7444,3828050,8245,1.107603,2675.928505329,6732.761867576,5397.941920280,0.397448856,0.495731252
9,24470,598829840,7444,3828050,8787,1.180414,2634.781953703,6800.451211698,5449.483449942,0.387442226,0.483492055
9,24470,598829840,7444,3828050,9366,1.258195,3041.688319450,6858.079362089,5493.116334798,0.443518974,0.553727271
9,24470,598829840,7444,3828050,9982,1.340946,4037.041746549,6900.914634691,5525.614940963,0.585000969,0.730604972
9,24470,598829840,7444,3828050,10639,1.429205,3888.527506763,6935.122936523,5551.549359937,0.560700588,0.700440049
9,24470,598829840,7444,3828050,11339,1.523240,2911.189762828,6997.216255758,5598.192437010,0.416049706,0.520023167
9,24470,598829840,7444,3828050,12085,1.623455,2098.836572239,7057.147914875,5643.671603766,0.297405779,0.371892045
9,24470,598829840,7444,3828050,12880,1.730253,2758.625816082,7130.682226421,5699.477815282,0.386867025,0.484013783
9,24470,598829840,7444,3828050,13728,1.844170,2975.763200294,7183.854365465,5740.075317995,0.414229333,0.518418842
9,24470,598829840,7444,3828050,14631,1.965476,3101.082583194,7233.158575629,5777.808475976,0.428731453,0.536722980
9,24470,598829840,7444,3828050,15594,2.094841,3822.066459878,7297.358915690,5826.714970569,0.523760240,0.655955625
9,24470,598829840,7444,3828050,16620,2.232671,3903.776172997,7350.067362851,5866.763533463,0.531121142,0.665405406
9,24470,598829840,7444,3828050,17713,2.379500,3413.979992705,7397.935200781,5903.487676863,0.461477412,0.578298826
9,24470,598829840,7444,3828050,18879,2.536136,2507.217349317,7469.636918975,5957.936385207,0.335654514,0.420819758
9,24470,598829840,7444,3828050,20121,2.702982,2495.786109402,7548.386953192,6018.056091658,0.330638337,0.414716326
9,24470,598829840,7444,3828050,21445,2.880844,2562.298213841,7606.820850605,6062.759769160,0.336842193,0.422629019
9,24470,598829840,7444,3828050,22856,3.070392,3645.059109090,7668.665886814,6109.699377429,0.475318545,0.596602039
9,24470,598829840,7444,3828050,24360,3.272434,4407.986171944,7732.052380080,6158.214664113,0.570092642,0.715789626
9,24470,598829840,7444,3828050,25963,3.487775,3633.876313247,7773.390491093,6189.845753597,0.467476363,0.587070576
9,24470,598829840,7444,3828050,27671,3.717222,2970.576570170,7829.624846253,6232.949678853,0.379402159,0.476592420
9,24470,598829840,7444,3828050,29492,3.961848,3429.090181392,7908.102997820,6292.784381923,0.433617289,0.544924150
9,24470,598829840,7444,3828050,31433,4.222595,2747.503566086,7997.720974534,6361.047886109,0.343535812,0.431926251
9,24470,598829840,7444,3828050,33501,4.500403,3398.756305191,8055.675002202,6405.251174503,0.421908320,0.530620301
9,24470,598829840,7444,3828050,35705,4.796480,3663.497553185,8123.276493566,6456.841063916,0.450987672,0.567382334
9,24470,598829840,7444,3828050,38055,5.112171,3980.387083802,8171.388503245,6493.751642162,0.487112696,0.612956470
9,24470,598829840,7444,3828050,40559,5.448549,3452.874090092,8233.825204000,6541.451136744,0.419352367,0.527845277
9,24470,598829840,7444,3828050,43228,5.807093,4579.215576574,8317.492221906,6605.784292937,0.550552433,0.693213004
9,24470,598829840,7444,3828050,46072,6.189146,3055.392669995,8379.926248181,6653.710320305,0.364608539,0.459201336
9,24470,598829840,7444,3828050,49104,6.596454,2156.674378234,8456.471801412,6712.354536642,0.255032409,0.321299235
9,24470,598829840,7444,3828050,52335,7.030494,3636.989167163,8555.271573507,6787.930196438,0.425116741,0.535802382
9,24470,598829840,7444,3828050,55779,7.493149,3353.243662728,8626.771096218,6842.739721595,0.388702056,0.490044017
9,24470,598829840,7444,3828050,59449,7.986163,5332.159032696,8679.480064181,6883.042841297,0.614340835,0.774680495
9,24470,598829840,7444,3828050,63361,8.511687,4377.775247448,8731.489930416,6922.949775819,0.501377804,0.632356927
9,24470,598829840,7444,3828050,67530,9.071736,3264.588497505,8805.986535292,6980.019202676,0.370723767,0.467704802
9,24470,598829840,7444,3828050,71973,9.668592,3390.315386596,8900.755573176,7052.829651703,0.380901976,0.480702860
9,24470,598829840,7444,3828050,76709,10.304809,3547.466512985,8986.468794254,7118.345845984,0.394756449,0.498355459
9,24470,598829840,7444,3828050,81757,10.982939,4312.441631286,9072.259052698,7184.164025735,0.475343749,0.600270486
9,24470,598829840,7444,3828050,87137,11.705669,3440.292207343,9139.406382003,7235.770192276,0.376424033,0.475456256
9,24470,598829840,7444,3828050,92870,12.475819,4709.471485724,9215.578973001,7294.400467357,0.511033707,0.645628315
9,24470,598829840,7444,3828050,98981,13.296749,4757.266661832,9287.579474300,7349.612880441,0.512218138,0.647281257
9,24470,598829840,7444,3828050,105494,14.171682,3966.903487845,9361.953453230,7406.798634575,0.423726043,0.535575987
9,24470,598829840,7444,3828050,112436,15.104245,2984.935549662,9460.064513526,7482.240229833,0.315530147,0.398936075
9,24470,598829840,7444,3828050,119834,16.098066,1772.777390139,9543.718758772,7546.407313950,0.185753314,0.234916738
9,24470,598829840,7444,3828050,127720,17.157442,2555.648101812,9638.186145475,7619.159903524,0.265158616,0.335423870
9,24470,598829840,7444,3828050,136124,18.286405,3840.469785184,9722.139461357,7683.650275664,0.395023112,0.499823606
9,24470,598829840,7444,3828050,145081,19.489656,4289.095058952,9791.525307829,7737.088318656,0.438041564,0.554355189
9,24470,598829840,7444,3828050,154627,20.772031,4641.759940631,9863.780327705,7792.666067616,0.470586305,0.595657494
9,24470,598829840,7444,3828050,164802,22.138904,3353.609176064,9939.759511093,7851.049789764,0.337393392,0.427154236
9,24470,598829840,7444,3828050,175646,23.595648,2144.929670360,10043.889376104,7931.258668739,0.213555684,0.270440010
9,24470,598829840,7444,3828050,187204,25.148307,3157.747092799,10156.816664920,8018.268131078,0.310899290,0.393819094
9,24470,598829840,7444,3828050,199522,26.803063,3736.909221714,10253.439763583,8092.630804499,0.364454203,0.461766923
9,24470,598829840,7444,3828050,212651,28.566765,4028.947115007,10318.842698368,8143.029002800,0.390445637,0.494772537
9,24470,598829840,7444,3828050,226643,30.446400,4188.906871335,10405.006948774,8209.473103374,0.402585687,0.510252828
9,24470,598829840,7444,3828050,241557,32.449893,4117.637705877,10517.064674439,8295.783216199,0.391519671,0.496353099
9,24470,598829840,7444,3828050,257451,34.585035,4189.883220808,10596.919585272,8357.333403653,0.395386903,0.501342117
9,24470,598829840,7444,3828050,274392,36.860828,3675.220579675,10710.542443345,8444.905666718,0.343140471,0.435199720
9,24470,598829840,7444,3828050,292447,39.286271,2604.718490703,10802.459630100,8515.867673492,0.241122724,0.305866482
9,24470,598829840,7444,3828050,311690,41.871306,2362.475682237,10913.930836964,8601.853902267,0.216464234,0.274647269
9,24470,598829840,7444,3828050,332200,44.626545,5182.464831569,11010.782021057,8676.540210226,0.470671822,0.597296239
9,24470,598829840,7444,3828050,354059,47.563004,5962.093415433,11086.798732311,8735.249974489,0.537765099,0.682532662
9,24470,598829840,7444,3828050,377357,50.692773,4385.980155360,11153.825014862,8786.939764695,0.393226552,0.499147630
9,24470,598829840,7444,3828050,402187,54.028345,4226.227407559,11245.212455389,8857.406285813,0.375824594,0.477140516
9,24470,598829840,7444,3828050,428651,57.583423,3403.992255029,11385.450718058,8965.587836608,0.298977383,0.379673070
9,24470,598829840,7444,3828050,456857,61.372515,4073.790142099,11481.743944374,9039.974055391,0.354805869,0.450641796
9,24470,598829840,7444,3828050,486919,65.410935,4807.869199290,11578.111406981,9114.426711017,0.415255047,0.527500999
9,24470,598829840,7444,3828050,518959,69.715073,6026.757415623,11682.161682053,9194.775817866,0.515894025,0.655454525
9,24470,598829840,7444,3828050,553107,74.302391,4986.713370276,11760.654503916,9255.438172148,0.424016654,0.538787389
9,24470,598829840,7444,3828050,589502,79.191564,6769.511862204,11854.036870906,9327.550691988,0.571072280,0.725754497
9,24470,598829840,7444,3828050,628291,84.402337,5692.565851627,11978.851865669,9424.029227221,0.475217985,0.604047984
9,24470,598829840,7444,3828050,669634,89.956206,3467.660510780,12097.350740573,9515.599253806,0.286646274,0.364418511
9,24470,598829840,7444,3828050,713696,95.875336,4631.026955016,12199.740304846,9594.748029666,0.379600454,0.482662696
9,24470,598829840,7444,3828050,760658,102.184041,4284.978028015,12323.972255716,9690.747332897,0.347694553,0.442172093
9,24470,598829840,7444,3828050,810710,108.907845,5408.033209457,12424.122800692,9768.192524072,0.435284913,0.553637041
9,24470,598829840,7444,3828050,864056,116.074154,5884.882335942,12531.784486051,9851.441788152,0.469596516,0.597362545
9,24470,598829840,7444,3828050,920912,123.711983,6436.022329480,12614.013571013,9915.041123942,0.510227953,0.649117059
9,24470,598829840,7444,3828050,981509,131.852364,4244.120696937,12722.495681196,9998.932214916,0.333591836,0.424457393
9,24470,598829840,7444,3828050,1046093,140.528345,3255.441347603,12868.495161412,10111.888538353,0.252977625,0.321941973
9,24470,598829840,7444,3828050,1114927,149.775255,5320.194604245,13036.853901059,10242.145031048,0.408088841,0.519441444
9,24470,598829840,7444,3828050,1188291,159.630709,6252.863168128,13144.991827404,10325.807740069,0.475684067,0.605556807
9,24470,598829840,7444,3828050,1266481,170.134471,6153.312926125,13246.337257853,10404.236943514,0.464529387,0.591423759
9,24470,598829840,7444,3828050,1349817,181.329527,5340.205379525,13346.063124711,10481.435473519,0.400133382,0.509491796
9,24470,598829840,7444,3828050,1438637,193.261284,5595.654987646,13486.442652237,10590.133379213,0.414909634,0.528383807
9,24470,598829840,7444,3828050,1533300,205.977969,6157.569737287,13622.127206726,10695.166715559,0.452027032,0.575733871
9,24470,598829840,7444,3828050,1634193,219.531569,4722.744992401,13760.672425196,10802.484750648,0.343205975,0.437190619
9,24470,598829840,7444,3828050,1741725,233.977028,3107.145248840,13909.870146555,10918.029360130,0.223377013,0.284588468
9,24470,598829840,7444,3828050,1856332,249.372918,3407.849441084,14059.595900093,11034.013593140,0.242386016,0.308849487
9,24470,598829840,7444,3828050,1978481,265.781972,5593.417713732,14182.586611235,11129.292892554,0.394386290,0.502585184
9,24470,598829840,7444,3828050,2108667,283.270688,6876.665299931,14276.331676585,11201.924080070,0.481682932,0.613882513
9,24470,598829840,7444,3828050,2247419,301.910129,5866.907691313,14380.820493175,11282.873876355,0.407967521,0.519983451
9,24470,598829840,7444,3828050,2395302,321.776196,2947.106195501,14511.935008195,11384.475669529,0.203081546,0.258870613
9,26854,721191024,8966,4000000,9,0.001004,1511.848645219,2760.429735099,2511.467726309,0.547685973,0.601978130
9,26854,721191024,8966,4000000,10,0.001115,1005.433260988,2806.497615144,2562.016136108,0.358251956,0.392438302
9,26854,721191024,8966,4000000,10,0.001115,1005.433260988,2806.497615144,2562.016136108,0.358251956,0.392438302
9,26854,721191024,8966,4000000,11,0.001227,1658.321536337,2881.439217456,2643.896704065,0.575518486,0.627226296
9,26854,721191024,8966,4000000,12,0.001338,1658.321536337,2941.811733963,2643.896704065,0.563707567,0.627226296
9,26854,721191024,8966,4000000,12,0.001338,1658.321536337,2941.811733963,2643.896704065,0.563707567,0.627226296
9,26854,721191024,8966,4000000,13,0.001450,2275.210399814,3005.795759523,2714.910984111,0.756941117,0.838042357
9,26854,721191024,8966,4000000,14,0.001561,1802.138081309,3042.795682675,2755.819128713,0.592263914,0.653939173
9,26854,721191024,8966,4000000,15,0.001673,1275.728020266,3087.994999813,2805.645491246,0.413125028,0.454700362
9,26854,721191024,8966,4000000,16,0.001785,1275.728020266,3120.832783082,2805.645491246,0.408778076,0.454700362
9,26854,721191024,8966,4000000,17,0.001896,1710.309151871,3150.945575523,2839.103270840,0.542792349,0.602411744
9,26854,721191024,8966,4000000,18,0.002008,1710.309151871,3176.270488264,2839.103270840,0.538464579,0.602411744
9,26854,721191024,8966,4000000,19,0.002119,2320.708255644,3234.390403230,2903.979071616,0.717510247,0.799147721
9,26854,721191024,8966,4000000,21,0.002342,1846.049239338,3317.065182544,2942.515187751,0.556530890,0.627371185
9,26854,721191024,8966,4000000,22,0.002454,1515.727899268,3333.471705737,2960.997774037,0.454699494,0.511897683
9,26854,721191024,8966,4000000,23,0.002565,1820.380912239,3347.364197583,2976.629180157,0.543825173,0.611557840
9,26854,721191024,8966,4000000,25,0.002788,1820.380912239,3387.728377358,2976.629180157,0.537345593,0.611557840
9,26854,721191024,8966,4000000,26,0.002900,1479.669409405,3404.818333909,2996.065020043,0.434581016,0.493870927
9,26854,721191024,8966,4000000,28,0.003123,1479.669409405,3453.290373830,2996.065020043,0.428481028,0.493870927
9,26854,721191024,8966,4000000,30,0.003346,2195.293899243,3490.400997339,3038.764604336,0.628951774,0.722429732
9,26854,721191024,8966,4000000,32,0.003569,2574.827107430,3535.857508573,3062.374205854,0.728204432,0.840794408
9,26854,721191024,8966,4000000,34,0.003792,1874.512889986,3570.664957337,3102.498298679,0.524975855,0.604194655
9,26854,721191024,8966,4000000,36,0.004015,1511.583999139,3599.647976718,3123.653801738,0.419925506,0.483915342
9,26854,721191024,8966,4000000,39,0.004350,1209.520211703,3637.155165309,3166.803627218,0.332545673,0.381937232
9,26854,721191024,8966,4000000,41,0.004573,1403.035892884,3649.771604569,3172.710754579,0.384417450,0.442219919
9,26854,721191024,8966,4000000,44,0.004907,2069.373364710,3700.195918167,3207.643261620,0.559260485,0.645138251
9,26854,721191024,8966,4000000,47,0.005242,2082.313729413,3743.144093424,3241.069970120,0.556300713,0.642477252
9,26854,721191024,8966,4000000,50,0.005577,2082.313729413,3778.531041126,3241.069970120,0.551090809,0.642477252
9,26854,721191024,8966,4000000,53,0.005911,2129.293182130,3815.344328933,3271.280493317,0.558086767,0.650905108
9,26854,721191024,8966,4000000,57,0.006357,1614.900184310,3848.181734002,3291.943201051,0.419652786,0.490561375
9,26854,721191024,8966,4000000,61,0.006803,1916.285700861,3873.968650103,3315.048770385,0.494656997,0.578056564
9,26854,721191024,8966,4000000,65,0.007250,1471.283844494,3906.412985842,3330.028728972,0.376632949,0.441823169
9,26854,721191024,8966,4000000,69,0.007696,1650.787986119,3945.256316445,3363.349964775,0.418423508,0.490816598
9,26854,721191024,8966,4000000,73,0.008142,2554.118888401,3994.247834640,3403.984926099,0.639449277,0.750332021
9,26854,721191024,8966,4000000,78,0.008700,2366.575711390,4027.325990053,3424.297393163,0.587629538,0.691112786
9,26854,721191024,8966,4000000,83,0.009257,2675.758724115,4058.298581017,3445.371107313,0.659330178,0.776624242
9,26854,721191024,8966,4000000,89,0.009926,2199.230543375,4104.956801855,3483.751762662,0.535749985,0.631282219
9,26854,721191024,8966,4000000,95,0.010596,1312.645642231,4142.381037992,3511.949386086,0.316881917,0.373765535
9,26854,721191024,8966,4000000,101,0.011265,1682.297681438,4169.431595062,3521.682050802,0.403483699,0.477697208
9,26854,721191024,8966,4000000,108,0.012046,2229.914644159,4208.986164150,3553.090085923,0.529798521,0.627598679
9,26854,721191024,8966,4000000,115,0.012826,2620.098880160,4257.014772535,3600.022502255,0.615477986,0.727800695
9,26854,721191024,8966,4000000,122,0.013607,1959.348167990,4296.745455519,3620.183158158,0.456007503,0.541229016
9,26854,721191024,8966,4000000,130,0.014499,1915.634784356,4344.580206422,3649.629802232,0.440925174,0.524884684
9,26854,721191024,8966,4000000,139,0.015503,2259.159447733,4368.046275065,3669.636527612,0.517201354,0.615635753
9,26854,721191024,8966,4000000,148,0.016507,1502.811937331,4392.915501006,3685.231972934,0.342098986,0.407793037
9,26854,721191024,8966,4000000,158,0.017622,1876.908471759,4434.525260356,3715.573339783,0.423249020,0.505146393
9,26854,721191024,8966,4000000,168,0.018737,1953.382689527,4481.706367976,3751.263371211,0.435856910,0.520726618
9,26854,721191024,8966,4000000,179,0.019964,2384.190554716,4517.555040095,3775.683561847,0.527761263,0.631459315
9,26854,721191024,8966,4000000,191,0.021303,2820.957518445,4558.029532290,3807.217427117,0.618898473,0.740949938
9,26854,721191024,8966,4000000,204,0.022753,2680.229876094,4608.469483330,3846.110693197,0.581587854,0.696867586
9,26854,721191024,8966,4000000,217,0.024203,1698.170787714,4635.046389413,3868.282716883,0.366376223,0.438998623
9,26854,721191024,8966,4000000,231,0.025764,2084.113880611,4663.657893095,3893.289575252,0.446883954,0.535309239
9,26854,721191024,8966,4000000,246,0.027437,2501.197590838,4709.760572924,3919.684381092,0.531066824,0.638111988
9,26854,721191024,8966,4000000,263,0.029333,2429.735204881,4747.491554110,3949.459742857,0.511793476,0.615206981
9,26854,721191024,8966,4000000,280,0.031229,2598.148531986,4787.757576881,3973.470327643,0.542665014,0.653873898
9,26854,721191024,8966,4000000,298,0.033237,3127.211341913,4840.916981449,4013.389617970,0.645995656,0.779194556
9,26854,721191024,8966,4000000,318,0.035467,2796.329128187,4883.111603464,4047.057954654,0.572653127,0.690953567
9,26854,721191024,8966,4000000,339,0.037810,1963.191010861,4913.648666708,4069.278524008,0.399538336,0.482442035
9,26854,721191024,8966,4000000,361,0.040263,2243.230233469,4942.039944638,4085.403904065,0.453907750,0.549084077
9,26854,721191024,8966,4000000,385,0.042940,2425.276047878,4976.129581083,4109.202738387,0.487382012,0.590205985
9,26854,721191024,8966,4000000,410,0.045728,2351.114781773,5030.411516067,4153.572552137,0.467380208,0.566046398
9,26854,721191024,8966,4000000,437,0.048740,2721.995627291,5079.515920152,4191.331469267,0.535876975,0.649434588
9,26854,721191024,8966,4000000,466,0.051974,2774.698099480,5123.998730532,4226.744329218,0.541510302,0.656462252
9,26854,721191024,8966,4000000,497,0.055432,2620.679198209,5153.797930275,4248.401234918,0.508494752,0.616862451
9,26854,721191024,8966,4000000,530,0.059112,2477.593694564,5199.233442130,4280.717467338,0.476530574,0.578780009
9,26854,721191024,8966,4000000,564,0.062904,1843.090929842,5238.178066336,4308.326261725,0.351857250,0.427797436
9,26854,721191024,8966,4000000,601,0.067031,1854.888835026,5273.656341397,4334.875300282,0.351727287,0.427899007
9,26854,721191024,8966,4000000,641,0.071492,2178.766735891,5311.962860946,4361.386608220,0.410162268,0.499558267
9,26854,721191024,8966,4000000,683,0.076177,3317.792867738,5372.325881792,4410.052999108,0.617571037,0.752324942
9,26854,721191024,8966,4000000,728,0.081196,2238.541124191,5422.002351149,4443.429001740,0.412862441,0.503786855
9,26854,721191024,8966,4000000,776,0.086549,2257.869600848,5463.651805090,4472.884940292,0.413252836,0.504790450
9,26854,721191024,8966,4000000,827,0.092237,2303.866014248,5493.604142839,4496.851349391,0.419372411,0.512328702
9,26854,721191024,8966,4000000,882,0.098372,2051.579739940,5528.622272687,4519.395322194,0.371083362,0.453950052
9,26854,721191024,8966,4000000,940,0.104841,1778.264593941,5570.625959398,4551.626048079,0.319221683,0.390687762
9,26854,721191024,8966,4000000,1001,0.111644,2031.276989066,5620.888801747,4588.374371174,0.361380034,0.442700797
9,26854,721191024,8966,4000000,1067,0.119005,2781.304058481,5670.269730196,4624.726314270,0.490506482,0.601398628
9,26854,721191024,8966,4000000,1138,0.126924,3060.420644181,5727.851583007,4667.495692078,0.534305158,0.655687942
9,26854,721191024,8966,4000000,1212,0.135177,2374.744747848,5759.212078732,4691.148285455,0.412338479,0.506218223
9,26854,721191024,8966,4000000,1292,0.144100,2280.457069251,5805.699484383,4726.343704206,0.392796264,0.482499203
9,26854,721191024,8966,4000000,1377,0.153580,1945.964196413,5842.794895837,4755.137571447,0.333053655,0.409234048
9,26854,721191024,8966,4000000,1468,0.163730,2133.804265847,5884.191899429,4786.066215702,0.362633358,0.445836762
9,26854,721191024,8966,4000000,1564,0.174437,2615.124533593,5940.341339315,4829.015998389,0.440231358,0.541543978
9,26854,721191024,8966,4000000,1667,0.185925,3215.000818957,5982.295587735,4860.198822107,0.537419252,0.661495741
9,26854,721191024,8966,4000000,1777,0.198193,2771.544212639,6046.401122686,4905.470569911,0.458379151,0.564990488
9,26854,721191024,8966,4000000,1894,0.211242,2572.944844849,6097.237645707,4942.298205133,0.421985331,0.520596843
9,26854,721191024,8966,4000000,2019,0.225184,2130.769980579,6138.174545709,4973.674783247,0.347134146,0.428409591
9,26854,721191024,8966,4000000,2152,0.240018,2338.333492734,6166.582373974,4994.594022793,0.379194398,0.468172885
9,26854,721191024,8966,4000000,2293,0.255744,2394.438285387,6206.894204768,5025.615449662,0.385770759,0.476446777
9,26854,721191024,8966,4000000,2444,0.272585,3421.046222087,6283.521044081,5083.730134596,0.544447325,0.672940170
9,26854,721191024,8966,4000000,2605,0.290542,2235.474416739,6332.610689077,5120.964227823,0.353009924,0.436533886
9,26854,721191024,8966,4000000,2776,0.309614,3681.565093616,6380.856072673,5157.565911728,0.576970402,0.713818331
9,26854,721191024,8966,4000000,2959,0.330025,3729.732023461,6425.942799255,5191.768489074,0.580417869,0.718393363
9,26854,721191024,8966,4000000,3154,0.351773,2325.254308173,6473.828953421,5228.332983389,0.359177594,0.444741051
9,26854,721191024,8966,4000000,3361,0.374861,2033.175553447,6521.615638055,5264.177350140,0.311759488,0.386228544
9,26854,721191024,8966,4000000,3582,0.399509,2687.036555453,6569.892480568,5299.847074696,0.408992470,0.507002658
9,26854,721191024,8966,4000000,3818,0.425831,3212.633001211,6615.326654946,5333.938264127,0.485634825,0.602300372
9,26854,721191024,8966,4000000,4069,0.453826,3548.753827966,6673.829025350,5378.207744987,0.531741795,0.659839485
9,26854,721191024,8966,4000000,4337,0.483716,3252.903522495,6747.615465811,5434.115598917,0.482081935,0.598607715
9,26854,721191024,8966,4000000,4622,0.515503,2998.707337699,6792.623106455,5467.988165527,0.441465291,0.548411454
9,26854,721191024,8966,4000000,4926,0.549409,2348.912720652,6833.365940555,5498.820340407,0.343741685,0.427166660
9,26854,721191024,8966,4000000,5251,0.585657,3077.810601318,6876.502670852,5531.043385714,0.447583714,0.556461121
9,26854,721191024,8966,4000000,5596,0.624136,2771.819364848,6927.675012565,5569.286574444,0.400108169,0.497697385
9,26854,721191024,8966,4000000,5964,0.665180,3277.879659975,6982.829881258,5611.278018479,0.469419951,0.584159197
9,26854,721191024,8966,4000000,6357,0.709012,4054.840553545,7054.698766078,5666.270964638,0.574771608,0.715610069
9,26854,721191024,8966,4000000,6775,0.755632,3866.013754246,7113.268570235,5710.820744898,0.543493292,0.676962897
9,26854,721191024,8966,4000000,7221,0.805376,3340.903576190,7162.011971937,5747.206654595,0.466475564,0.581309108
9,26854,721191024,8966,4000000,7696,0.858354,3322.390698087,7203.859089316,5779.192487142,0.461195959,0.574888396
9,26854,721191024,8966,4000000,8203,0.914901,2029.331800447,7266.577486563,5826.945077163,0.279269271,0.348266849
9,26854,721191024,8966,4000000,8742,0.975017,2381.403136850,7320.699865920,5867.960370971,0.325297196,0.405831496
9,26854,721191024,8966,4000000,9317,1.039148,2934.033149872,7377.411583093,5910.913176085,0.397704956,0.496375613
9,26854,721191024,8966,4000000,9931,1.107629,4414.992483497,7439.077374908,5957.816074912,0.593486566,0.741042091
9,26854,721191024,8966,4000000,10584,1.180460,3572.351651310,7512.847293372,6013.493707914,0.475499037,0.594055939
9,26854,721191024,8966,4000000,11280,1.258086,3120.669910345,7575.589280660,6060.645169113,0.411937579,0.514907213
9,26854,721191024,8966,4000000,12023,1.340955,2272.476501819,7622.324861774,6096.307815190,0.298134302,0.372762756
9,26854,721191024,8966,4000000,12814,1.429177,2491.363682606,7659.575501707,6124.629559546,0.325261326,0.406777856
9,26854,721191024,8966,4000000,13657,1.523199,2591.624163736,7727.270967467,6176.170486005,0.335386733,0.419616682
9,26854,721191024,8966,4000000,14556,1.623466,2690.184766743,7792.649146770,6225.912584738,0.345220825,0.432094850
9,26854,721191024,8966,4000000,15513,1.730203,3327.581903867,7872.844178197,6287.476457283,0.422665790,0.529239660
9,26854,721191024,8966,4000000,16534,1.844078,3905.831302445,7930.811421924,6331.624935964,0.492488233,0.616876606
9,26854,721191024,8966,4000000,17622,1.965425,3464.247034739,7984.680940810,6372.832071449,0.433861673,0.543596159
9,26854,721191024,8966,4000000,18782,2.094803,2942.759572869,8054.725204780,6425.951107661,0.365345744,0.457949263
9,26854,721191024,8966,4000000,20018,2.232657,2164.117469605,8112.237894721,6469.939971752,0.266771944,0.334488029
9,26854,721191024,8966,4000000,21335,2.379545,1997.804730457,8164.443570195,6509.649501915,0.244695761,0.306898971
9,26854,721191024,8966,4000000,22739,2.536137,3398.756429436,8242.803915972,6569.252549623,0.412330132,0.517373385
9,26854,721191024,8966,4000000,24235,2.702989,4705.639759078,8328.664573145,6634.831435738,0.564993309,0.709232752
9,26854,721191024,8966,4000000,25830,2.880883,3349.361360379,8392.450013274,6683.365331792,0.399092203,0.501148926
9,26854,721191024,8966,4000000,27529,3.070377,2666.488375059,8459.924218028,6735.055229149,0.315190575,0.395911880
9,26854,721191024,8966,4000000,29341,3.272474,3169.572789178,8529.097401126,6787.826863938,0.371618782,0.466949563
9,26854,721191024,8966,4000000,31271,3.487731,2345.281049315,8574.222128668,6822.240245202,0.273526976,0.343769930
9,26854,721191024,8966,4000000,33329,3.717265,2848.717342306,8635.680683923,6868.982622097,0.329877568,0.414721874
9,26854,721191024,8966,4000000,35522,3.961856,3423.620697836,8721.393925569,6934.570930162,0.392554301,0.493703321
9,26854,721191024,8966,4000000,37859,4.222507,3999.478236478,8819.264971523,7009.190228841,0.453493375,0.570604892
9,26854,721191024,8966,4000000,40351,4.500446,3537.795682834,8882.571073516,7057.690292922,0.398285097,0.501268196
9,26854,721191024,8966,4000000,43006,4.796565,5009.117493711,8956.389189713,7114.453500358,0.559278677,0.704076215
9,26854,721191024,8966,4000000,45836,5.112202,3333.117301703,9008.903760864,7154.723932396,0.369980343,0.465862461
9,26854,721191024,8966,4000000,48852,5.448584,2005.885813626,9077.165910745,7206.888960900,0.220981508,0.278328947
9,26854,721191024,8966,4000000,52066,5.807049,3567.868020843,9168.533472512,7276.980620458,0.389142716,0.490295111
9,26854,721191024,8966,4000000,55492,6.189159,3299.081987360,9236.763014058,7329.166298097,0.357168630,0.450130595
9,26854,721191024,8966,4000000,59144,6.596476,5569.733893107,9320.492180023,7393.119475524,0.597579375,0.753367224
9,26854,721191024,8966,4000000,63035,7.030448,4598.883286495,9428.406964122,7475.999633063,0.487768857,0.615152958
9,26854,721191024,8966,4000000,67183,7.493085,3107.043388030,9506.479456653,7535.840615759,0.326834282,0.412302163
9,26854,721191024,8966,4000000,71604,7.986170,3437.186044670,9564.113431078,7580.069365429,0.359383655,0.453450474
9,26854,721191024,8966,4000000,76315,8.511599,3779.471425539,9620.936355232,7623.687474682,0.392838211,0.495753720
9,26854,721191024,8966,4000000,81337,9.071715,3784.384521045,9702.372155317,7686.067727497,0.390047347,0.492369396
9,26854,721191024,8966,4000000,86689,9.668637,2669.264237657,9805.994636502,7765.597162742,0.272207393,0.343729424
9,26854,721191024,8966,4000000,92393,10.304818,3820.092933997,9899.705962325,7837.736910781,0.385879434,0.487397444
9,26854,721191024,8966,4000000,98473,10.982936,4358.294690605,9993.505118402,7909.692933420,0.436112719,0.551006812
9,26854,721191024,8966,4000000,104953,11.705666,3760.629287351,10066.884013031,7966.074928680,0.373564380,0.472080582
9,26854,721191024,8966,4000000,111858,12.475797,2947.381709812,10150.187433080,8030.166463862,0.290377072,0.367038681
9,26854,721191024,8966,4000000,119219,13.296788,1836.634166915,10228.957827994,8090.549053185,0.179552423,0.227009830
9,26854,721191024,8966,4000000,127064,14.171760,2743.817988277,10310.279312519,8153.172057725,0.266124506,0.336533802
9,26854,721191024,8966,4000000,135425,15.104283,3056.842699790,10417.608794067,8235.650718666,0.293430360,0.371171970
9,26854,721191024,8966,4000000,144336,16.098149,3986.108464736,10509.085408288,8306.093492422,0.379301177,0.479901709
9,26854,721191024,8966,4000000,153833,17.157372,4770.326539185,10612.375834219,8385.530459275,0.449505993,0.568875942
9,26854,721191024,8966,4000000,163955,18.286304,3210.654560404,10704.200755836,8456.077368243,0.299943418,0.379686044
9,26854,721191024,8966,4000000,174744,19.489627,2568.392419158,10780.102674214,8514.520616524,0.238253057,0.301648506
9,26854,721191024,8966,4000000,186242,20.772028,3158.201855504,10859.161341297,8575.500352062,0.290832943,0.368281934
9,26854,721191024,8966,4000000,198497,22.138858,3463.321080479,10942.264594106,8639.333108885,0.316508621,0.400878290
9,26854,721191024,8966,4000000,211559,23.595695,4371.305381366,11056.240335152,8727.187754269,0.395369967,0.500883618
9,26854,721191024,8966,4000000,225479,25.148227,4946.305232325,11179.823397238,8822.417663995,0.442431428,0.560651901
9,26854,721191024,8966,4000000,240316,26.803034,4240.401848123,11285.468970858,8903.792805885,0.375739977,0.476246690
9,26854,721191024,8966,4000000,256129,28.566696,4772.237208303,11357.008619398,8958.879270560,0.420201954,0.532682389
9,26854,721191024,8966,4000000,272983,30.446464,4457.122882540,11451.464258969,9031.645439841,0.389218600,0.493500649
9,26854,721191024,8966,4000000,290945,32.449810,2736.247243969,11573.922412122,9126.174262277,0.236414860,0.299824128
9,26854,721191024,8966,4000000,310090,34.585099,2147.319459479,11661.423396311,9193.643677577,0.184138710,0.233565661
9,26854,721191024,8966,4000000,330494,36.860807,5516.414935148,11785.732719102,9289.482514233,0.468058717,0.593834471
9,26854,721191024,8966,4000000,352241,39.286304,6544.657653227,11886.360018665,9367.149352759,0.550602341,0.698681894
9,26854,721191024,8966,4000000,375419,41.871403,3914.129693665,12008.361841762,9461.173118764,0.325950346,0.413704479
9,26854,721191024,8966,4000000,400122,44.626589,3822.199197386,12114.322284751,9542.904251957,0.315510774,0.400527879
9,26854,721191024,8966,4000000,426450,47.563016,2556.689608588,12197.579679150,9607.122587202,0.209606305,0.266124387
9,26854,721191024,8966,4000000,454511,50.692728,3428.379583627,12270.919527697,9663.743750110,0.279390601,0.354767228
9,26854,721191024,8966,4000000,484418,54.028329,3617.155783114,12370.996302161,9741.015592666,0.292390014,0.371332511
9,26854,721191024,8966,4000000,516293,57.583426,4123.891526521,12524.641110885,9859.686920279,0.329262251,0.418257857
9,26854,721191024,8966,4000000,550266,61.372518,4290.919177465,12629.880284852,9940.972669674,0.339743456,0.431639772
9,26854,721191024,8966,4000000,586474,65.410886,5216.359221802,12735.453606724,10022.502378607,0.409593516,0.520464753
9,26854,721191024,8966,4000000,625065,69.715035,5946.413659911,12849.360821130,10110.552439472,0.462778946,0.588139342
9,26854,721191024,8966,4000000,666195,74.302364,3432.261153646,12935.354824112,10176.996297784,0.265339544,0.337256795
9,26854,721191024,8966,4000000,710031,79.191501,3534.032039835,13037.636293760,10256.034621419,0.271063862,0.344580744
9,26854,721191024,8966,4000000,756752,84.402409,4094.828701729,13174.279774842,10361.608820391,0.310819929,0.395192366
9,26854,721191024,8966,4000000,806547,89.956168,5192.372473219,13304.025839444,10461.930094998,0.390285808,0.496311142
9,26854,721191024,8966,4000000,859619,95.875418,5401.665153708,13416.178677500,10548.633995249,0.402623227,0.512072478
9,26854,721191024,8966,4000000,916182,102.184029,6517.994644425,13552.236790544,10653.845345802,0.480953421,0.611797378
9,26854,721191024,8966,4000000,976468,108.907874,4734.916963662,13661.968885989,10738.736395824,0.346576471,0.440919377
9,26854,721191024,8966,4000000,1040721,116.074169,3307.940052053,13779.793818793,10829.860126878,0.240057297,0.305446240
9,26854,721191024,8966,4000000,1109201,123.711912,4279.209111125,13869.888993017,10899.560951646,0.308525116,0.392603806
9,26854,721191024,8966,4000000,1182188,131.852331,5466.090014161,13988.767748867,10991.503719408,0.390748500,0.497301384
9,26854,721191024,8966,4000000,1259977,140.528329,5326.031657278,14148.706055102,11115.250424545,0.376432420,0.479164342
9,26854,721191024,8966,4000000,1342885,149.775262,5198.109586014,14333.173801935,11258.042127706,0.362662845,0.461724119
9,26854,721191024,8966,4000000,1431248,159.630605,4519.870861922,14451.486002928,11349.626127530,0.312761668,0.398239626
9,26854,721191024,8966,4000000,1525426,170.134508,6290.266879606,14562.516446016,11435.570113796,0.431949169,0.550061503
9,26854,721191024,8966,4000000,1625801,181.329578,3609.152681807,14671.791900380,11520.194477589,0.245992630,0.313289215
9,26854,721191024,8966,4000000,1732780,193.261209,2750.475559693,14825.710141095,11639.365343196,0.185520662,0.236308036
9,26854,721191024,8966,4000000,1846799,205.978028,2680.571925835,14974.272281065,11754.412204513,0.179011833,0.228048147
9,26854,721191024,8966,4000000,1968320,219.531564,6535.324239714,15126.155582829,11872.060958605,0.432054543,0.550479337
9,26854,721191024,8966,4000000,2097838,233.977024,7070.127844263,15289.649080068,11998.678103632,0.462412695,0.589242230
9,26854,721191024,8966,4000000,2235878,249.372965,5886.282758678,15453.576074658,12125.652836659,0.380901012,0.485440482
9,26854,721191024,8966,4000000,2383001,265.781954,3151.481657442,15588.395157778,12230.135898866,0.202168448,0.257681655
9,26854,721191024,8966,4000000,2539805,283.270689,2762.289627126,15690.954060557,12309.594197665,0.176043446,0.224401356
9,26854,721191024,8966,4000000,2706927,301.910216,4311.980884300,15805.607655295,12398.443248911,0.272813357,0.347784056
9,26854,721191024,8966,4000000,2885045,321.776154,5073.605330997,15949.291252650,12509.816481832,0.318108513,0.405569925
9,29237,854860643,10627,4000000,11,0.001035,1682.904521001,3025.553158543,2676.282993791,0.556230359,0.628821588
9,29237,854860643,10627,4000000,11,0.001035,1682.904521001,3025.553158543,2676.282993791,0.556230359,0.628821588
9,29237,854860643,10627,4000000,12,0.001129,1682.904521001,3070.249709498,2676.282993791,0.548132784,0.628821588
9,29237,854860643,10627,4000000,13,0.001223,2415.508861369,3156.444581836,2774.743192149,0.765262560,0.870534206
9,29237,854860643,10627,4000000,14,0.001317,1950.567038350,3190.503611813,2813.426857264,0.611366504,0.693306468
9,29237,854860643,10627,4000000,15,0.001411,1428.203746209,3232.982633107,2861.509058198,0.441760414,0.499108588
9,29237,854860643,10627,4000000,16,0.001506,1428.203746209,3260.608341676,2861.509058198,0.438017571,0.499108588
9,29237,854860643,10627,4000000,17,0.001600,1898.571753204,3294.360760422,2899.910369676,0.576309606,0.654700150
9,29237,854860643,10627,4000000,18,0.001694,1898.571753204,3317.259782367,2899.910369676,0.572331345,0.654700150
9,29237,854860643,10627,4000000,19,0.001788,2398.899414413,3354.778715844,2942.755158134,0.715069344,0.815188246
9,29237,854860643,10627,4000000,20,0.001882,2398.899414413,3381.511344235,2942.755158134,0.709416344,0.815188246
9,29237,854860643,10627,4000000,21,0.001976,2015.858017225,3403.136741765,2967.579591634,0.592352929,0.679293665
9,29237,854860643,10627,4000000,23,0.002164,2106.915794090,3472.268968481,3046.611353456,0.606783580,0.691560409
9,29237,854860643,10627,4000000,24,0.002258,2106.915794090,3515.806166250,3046.611353456,0.599269611,0.691560409
9,29237,854860643,10627,4000000,26,0.002447,1738.056896427,3560.443572249,3068.859336202,0.488157405,0.566352741
9,29237,854860643,10627,4000000,28,0.002635,1738.056896427,3592.771470930,3068.859336202,0.483764946,0.566352741
9,29237,854860643,10627,4000000,29,0.002729,2204.568980139,3622.932564454,3104.115195937,0.608504006,0.710208495
9,29237,854860643,10627,4000000,31,0.002917,2978.879225717,3664.163360936,3152.139577920,0.812976642,0.945034048
9,29237,854860643,10627,4000000,33,0.003105,2563.528119936,3703.790307425,3179.386805622,0.692136408,0.806296395
9,29237,854860643,10627,4000000,36,0.003388,1903.863791313,3754.161494856,3213.460829009,0.507134228,0.592465224
9,29237,854860643,10627,4000000,38,0.003576,1811.004062927,3797.366025661,3263.830679273,0.476910588,0.554870715
9,29237,854860643,10627,4000000,41,0.003858,1855.952644030,3841.099599571,3294.123850455,0.483182640,0.563413135
9,29237,854860643,10627,4000000,43,0.004046,2521.004325024,3869.801945871,3327.547581716,0.651455646,0.757616311
9,29237,854860643,10627,4000000,46,0.004329,2194.954887360,3903.345082994,3343.483384792,0.562326630,0.656487452
9,29237,854860643,10627,4000000,49,0.004611,2528.524338596,3933.574658130,3360.081803049,0.642805732,0.752518685
9,29237,854860643,10627,4000000,52,0.004893,2170.186870369,3974.042359907,3379.135313111,0.546090523,0.642231420
9,29237,854860643,10627,4000000,56,0.005270,2154.513897183,4035.666450751,3416.389906969,0.533868179,0.630640517
9,29237,854860643,10627,4000000,59,0.005552,1803.273385529,4067.520231555,3453.959630458,0.443334829,0.522088727
9,29237,854860643,10627,4000000,63,0.005928,1826.059446695,4120.557076084,3480.791578749,0.443158392,0.524610395
9,29237,854860643,10627,4000000,67,0.006305,1935.774588307,4151.401895061,3505.022020914,0.466294191,0.552285999
9,29237,854860643,10627,4000000,72,0.006775,2220.566892573,4185.720285923,3528.486248963,0.530510101,0.629325647
9,29237,854860643,10627,4000000,77,0.007246,1982.058067832,4222.499121537,3552.055655984,0.469404021,0.558003100
9,29237,854860643,10627,4000000,82,0.007716,2204.373580066,4267.199224365,3585.607544445,0.516585579,0.614783841
9,29237,854860643,10627,4000000,87,0.008187,1710.046667436,4317.947943297,3632.621985576,0.396032257,0.470747211
9,29237,854860643,10627,4000000,93,0.008751,1460.319705585,4357.032861883,3654.692627951,0.335163803,0.399573878
9,29237,854860643,10627,4000000,99,0.009316,1210.863857066,4387.801753028,3673.058352276,0.275961387,0.329660937
9,29237,854860643,10627,4000000,105,0.009880,2268.562087921,4432.596520448,3711.065536887,0.511790793,0.611296692
9,29237,854860643,10627,4000000,112,0.010539,2528.626927520,4469.198260107,3743.734663034,0.565789831,0.675428991
9,29237,854860643,10627,4000000,120,0.011292,2408.471364125,4500.684334863,3770.538865808,0.535134478,0.638760519
9,29237,854860643,10627,4000000,128,0.012045,2273.464257776,4541.969827939,3787.181778177,0.500545874,0.600305027
9,29237,854860643,10627,4000000,136,0.012798,2082.490422807,4592.005269400,3827.227398341,0.453503492,0.544125082
9,29237,854860643,10627,4000000,145,0.013644,1925.315340104,4641.918002315,3875.897407642,0.414767202,0.496740532
9,29237,854860643,10627,4000000,154,0.014491,2328.337672330,4689.991550387,3902.310371055,0.496448159,0.596656199
9,29237,854860643,10627,4000000,165,0.015526,2198.316510929,4718.110170838,3923.846532633,0.465931577,0.560245283
9,29237,854860643,10627,4000000,175,0.016467,2666.123446477,4742.992958093,3939.385235543,0.562118365,0.676786678
9,29237,854860643,10627,4000000,187,0.017597,2391.331154201,4791.168885690,3982.275673754,0.499112265,0.600493625
9,29237,854860643,10627,4000000,199,0.018726,3349.000171853,4844.482169130,4020.495400246,0.691301992,0.832981968
9,29237,854860643,10627,4000000,212,0.019949,2308.169414301,4882.738150356,4048.687004651,0.472720294,0.570103199
9,29237,854860643,10627,4000000,226,0.021267,1205.096896902,4925.476312542,4085.373226375,0.244666063,0.294978410
9,29237,854860643,10627,4000000,241,0.022678,2360.210450339,4982.229171419,4131.593073165,0.473725790,0.571259175
9,29237,854860643,10627,4000000,257,0.024184,2325.796562060,5014.901142444,4147.064457118,0.463777151,0.560829615
9,29237,854860643,10627,4000000,274,0.025783,2517.005869997,5045.843204349,4170.865024638,0.498827603,0.603473345
9,29237,854860643,10627,4000000,292,0.027477,3182.878960557,5095.822221475,4203.934357330,0.624605573,0.757119091
9,29237,854860643,10627,4000000,311,0.029265,2743.158287393,5134.969866052,4233.964539770,0.534211175,0.647893543
9,29237,854860643,10627,4000000,332,0.031241,2282.839988564,5182.341818463,4267.891969562,0.440503554,0.534887013
9,29237,854860643,10627,4000000,354,0.033311,2382.303423762,5243.705352128,4304.865288235,0.454316798,0.553397903
9,29237,854860643,10627,4000000,377,0.035476,2490.445794425,5286.089333301,4334.439762702,0.471131991,0.574571555
9,29237,854860643,10627,4000000,402,0.037828,2448.243809329,5320.304584753,4362.774689988,0.460169859,0.561166685
9,29237,854860643,10627,4000000,428,0.040275,2301.161397105,5350.882074831,4384.644223186,0.430052721,0.524822832
9,29237,854860643,10627,4000000,456,0.042910,2924.226513052,5388.314349289,4415.298251567,0.542697832,0.662294220
9,29237,854860643,10627,4000000,486,0.045733,2741.866875727,5448.764740635,4462.493333866,0.503208893,0.614424868
9,29237,854860643,10627,4000000,518,0.048744,2459.301548994,5501.484096437,4502.084285364,0.447025113,0.546258442
9,29237,854860643,10627,4000000,552,0.051943,1727.055751578,5549.902898427,4534.176744650,0.311186661,0.380897316
9,29237,854860643,10627,4000000,589,0.055425,1399.632493605,5583.418119755,4559.548633631,0.250676640,0.306967335
9,29237,854860643,10627,4000000,628,0.059095,2575.305396500,5633.133700063,4596.907121364,0.457171005,0.560225675
9,29237,854860643,10627,4000000,669,0.062953,3290.899146973,5676.518356421,4629.618458403,0.579739013,0.710835931
9,29237,854860643,10627,4000000,713,0.067093,2707.733337725,5714.809570781,4660.112047528,0.473809898,0.581044685
9,29237,854860643,10627,4000000,760,0.071516,2739.203545603,5756.682804740,4689.045853859,0.475830203,0.584170774
9,29237,854860643,10627,4000000,810,0.076221,2289.217891311,5822.202068361,4739.540189202,0.393187640,0.483004216
9,29237,854860643,10627,4000000,863,0.081208,2771.607132359,5876.516734225,4778.420375499,0.471641154,0.580025807
9,29237,854860643,10627,4000000,920,0.086572,2390.592845424,5921.776509372,4811.671017637,0.403695216,0.496832148
9,29237,854860643,10627,4000000,980,0.092218,2237.115552535,5954.280632462,4835.754040799,0.375715505,0.462619797
9,29237,854860643,10627,4000000,1045,0.098334,2855.099939163,5992.848816187,4864.990291212,0.476417815,0.586866524
9,29237,854860643,10627,4000000,1114,0.104827,3472.895428809,6038.641323404,4899.147733158,0.575112056,0.708877466
9,29237,854860643,10627,4000000,1187,0.111697,2889.589534667,6094.252613535,4941.235251508,0.474149944,0.584790925
9,29237,854860643,10627,4000000,1265,0.119036,2112.497368278,6148.092172341,4982.952775853,0.343602098,0.423944890
9,29237,854860643,10627,4000000,1348,0.126847,1886.774385909,6209.494430665,5029.593401434,0.303853141,0.375134576
9,29237,854860643,10627,4000000,1437,0.135222,1673.186566250,6244.703219497,5056.503323532,0.267936923,0.330897947
9,29237,854860643,10627,4000000,1532,0.144161,2210.041480565,6295.444868573,5094.395852359,0.351054060,0.433818169
9,29237,854860643,10627,4000000,1632,0.153571,3180.382775613,6335.900794352,5125.703163244,0.501962212,0.620477362
9,29237,854860643,10627,4000000,1740,0.163734,2781.799179301,6381.038815753,5157.697696064,0.435947697,0.539349016
9,29237,854860643,10627,4000000,1854,0.174461,2135.827734533,6442.320237449,5202.388293092,0.331530824,0.410547544
9,29237,854860643,10627,4000000,1976,0.185941,1963.088660991,6488.126077850,5236.465906603,0.302566355,0.374888082
9,29237,854860643,10627,4000000,2106,0.198174,2021.172436795,6557.873694381,5290.290764835,0.308205454,0.382053185
9,29237,854860643,10627,4000000,2245,0.211254,1841.995343373,6613.701367386,5332.774878270,0.278512022,0.345410295
9,29237,854860643,10627,4000000,2393,0.225181,2852.813430505,6658.357291131,5366.518218663,0.428456045,0.531594847
9,29237,854860643,10627,4000000,2550,0.239955,2479.304880997,6689.419051708,5389.695037521,0.370630822,0.460008380
9,29237,854860643,10627,4000000,2718,0.255764,3338.168434802,6733.608901536,5423.671601287,0.495747300,0.615481298
9,29237,854860643,10627,4000000,2897,0.272608,3817.309611890,6817.182968429,5484.201860715,0.559954109,0.696055636
9,29237,854860643,10627,4000000,3087,0.290486,2898.438626289,6870.526805477,5525.801405729,0.421865558,0.524528193
9,29237,854860643,10627,4000000,3291,0.309683,1461.924128275,6923.540787510,5565.948691803,0.211152671,0.262654977
9,29237,854860643,10627,4000000,3507,0.330008,1925.822970145,6972.533398252,5603.685485198,0.276201326,0.343670782
9,29237,854860643,10627,4000000,3738,0.351746,3215.955012058,7024.947043242,5642.103220880,0.457790641,0.569992233
9,29237,854860643,10627,4000000,3984,0.374894,3376.281218640,7077.208521419,5681.841279939,0.477063974,0.594223079
9,29237,854860643,10627,4000000,4246,0.399548,3586.373509915,7129.902598741,5721.543476100,0.503004559,0.626819236
9,29237,854860643,10627,4000000,4525,0.425802,3180.822132873,7179.430362177,5758.965885116,0.443046589,0.552325226
9,29237,854860643,10627,4000000,4823,0.453844,2284.377118041,7243.293209719,5807.956314271,0.315378247,0.393318578
9,29237,854860643,10627,4000000,5140,0.483674,2976.181833407,7323.853859109,5867.331307712,0.406368271,0.507246255
9,29237,854860643,10627,4000000,5479,0.515574,2440.777032921,7373.344669371,5905.304174147,0.331027118,0.413319443
9,29237,854860643,10627,4000000,5839,0.549450,2710.322428560,7417.776406424,5938.804491823,0.365382061,0.456375089
9,29237,854860643,10627,4000000,6223,0.585584,3356.639860474,7464.832682236,5975.029251637,0.449660428,0.561777980
9,29237,854860643,10627,4000000,6633,0.624165,3642.837570388,7520.805547811,6017.445147743,0.484368004,0.605379439
9,29237,854860643,10627,4000000,7069,0.665192,3951.360680378,7581.023280897,6062.883582064,0.521217326,0.651729598
9,29237,854860643,10627,4000000,7534,0.708949,2174.400414575,7659.416428026,6122.615524520,0.283885912,0.355142407
9,29237,854860643,10627,4000000,8030,0.755622,2692.650181032,7723.420919518,6171.463721854,0.348634395,0.436306572
9,29237,854860643,10627,4000000,8559,0.805401,1526.361193978,7776.658459537,6212.019176486,0.196274686,0.245710960
9,29237,854860643,10627,4000000,9122,0.858380,2534.751695124,7822.366862813,6247.066685349,0.324038969,0.405750702
9,29237,854860643,10627,4000000,9722,0.914840,3979.418894237,7890.700195856,6299.087838933,0.504317588,0.631745262
9,29237,854860643,10627,4000000,10362,0.975064,3951.592748621,7949.868176912,6343.928480800,0.497063934,0.622893647
9,29237,854860643,10627,4000000,11044,1.039240,2819.280145465,8011.859173644,6390.920845774,0.351888380,0.441138329
9,29237,854860643,10627,4000000,11770,1.107556,1248.225204189,8078.976229473,6441.690168016,0.154502894,0.193772934
9,29237,854860643,10627,4000000,12545,1.180484,2488.170145157,8159.650229607,6503.116156273,0.304935883,0.382611979
9,29237,854860643,10627,4000000,13370,1.258116,3115.534690917,8228.181068665,6555.629764118,0.378641970,0.475245675
9,29237,854860643,10627,4000000,14250,1.340924,2215.136445007,8279.154764322,6594.571826311,0.267555869,0.335902998
9,29237,854860643,10627,4000000,15188,1.429190,2247.905854586,8319.794975846,6625.688338809,0.270187650,0.339271294
9,29237,854860643,10627,4000000,16187,1.523196,3789.768072391,8393.673920457,6681.990464587,0.451502895,0.567161551
9,29237,854860643,10627,4000000,17252,1.623412,3294.521044179,8465.011054769,6736.638899811,0.389192763,0.489045219
9,29237,854860643,10627,4000000,18387,1.730215,3336.504262511,8552.519212962,6803.789395617,0.390119470,0.490389115
9,29237,854860643,10627,4000000,19597,1.844076,1799.787087627,8615.774107630,6851.674406405,0.208894414,0.262678432
9,29237,854860643,10627,4000000,20887,1.965465,1233.862201803,8674.520498014,6896.670686283,0.142239816,0.178906933
9,29237,854860643,10627,4000000,22261,2.094759,2991.319918237,8750.923492171,6954.895036755,0.341829056,0.430102813
9,29237,854860643,10627,4000000,23726,2.232615,3416.981181454,8813.703779095,7003.039043219,0.387689587,0.487928335
9,29237,854860643,10627,4000000,25287,2.379505,2832.934956718,8870.680178990,7046.413620527,0.319359384,0.402039266
9,29237,854860643,10627,4000000,26951,2.536087,3306.502880652,8956.073552489,7111.806508498,0.369191126,0.464931502
9,29237,854860643,10627,4000000,28725,2.703021,3243.439892207,9049.835583878,7183.599232402,0.358397660,0.451506242
9,29237,854860643,10627,4000000,30615,2.880869,2093.664054231,9119.399493064,7236.993701774,0.229583544,0.289300245
9,29237,854860643,10627,4000000,32629,3.070387,2545.634002651,9193.002353667,7293.027381376,0.276909970,0.349050383
9,29237,854860643,10627,4000000,34776,3.272419,4068.417178968,9268.481083693,7350.879849510,0.438951878,0.553459894
9,29237,854860643,10627,4000000,37064,3.487720,3615.935229226,9317.709125224,7388.672947249,0.388071272,0.489388995
9,29237,854860643,10627,4000000,39503,3.717230,3733.710571566,9384.701169215,7439.927079577,0.397850768,0.501847737
9,29237,854860643,10627,4000000,42103,3.961890,4280.857881714,9478.204805292,7511.852080020,0.451652815,0.569880482
9,29237,854860643,10627,4000000,44873,4.222546,2844.494593119,9584.910095602,7594.063143190,0.296767999,0.374568204
9,29237,854860643,10627,4000000,47826,4.500423,1789.088519491,9653.966937184,7647.197208594,0.185321592,0.233953496
9,29237,854860643,10627,4000000,50973,4.796556,2713.014839111,9734.503079549,7708.888649743,0.278700907,0.351933328
9,29237,854860643,10627,4000000,54327,5.112167,2587.047251097,9791.795853952,7752.844662113,0.264205595,0.333690067
9,29237,854860643,10627,4000000,57902,5.448574,4649.887495552,9866.200338218,7809.908366348,0.471294656,0.595383105
9,29237,854860643,10627,4000000,61712,5.807095,4850.752033473,9965.865288544,7886.393512157,0.486736665,0.615078619
9,29237,854860643,10627,4000000,65772,6.189141,3675.409930837,10040.253061888,7943.436573367,0.366067459,0.462697712
9,29237,854860643,10627,4000000,70100,6.596405,2035.340231208,10131.466948581,8013.512162943,0.200892945,0.253988537
9,29237,854860643,10627,4000000,74713,7.030488,2644.349020446,10249.200394111,8103.909651309,0.258005397,0.326305343
9,29237,854860643,10627,4000000,79629,7.493084,3326.743326689,10334.380674032,8169.308793396,0.321910275,0.407224578
9,29237,854860643,10627,4000000,84869,7.986167,3177.613142164,10397.190889853,8217.706496235,0.305622276,0.386678831
9,29237,854860643,10627,4000000,90453,8.511621,3436.633213122,10459.158173693,8265.432217230,0.328576464,0.415783848
9,29237,854860643,10627,4000000,96405,9.071704,5602.513218849,10547.938174570,8333.764762436,0.531147711,0.672266782
9,29237,854860643,10627,4000000,102749,9.668674,4323.179706437,10660.908622347,8420.819245735,0.405517002,0.513391819
9,29237,854860643,10627,4000000,109510,10.304884,3532.980784534,10763.071205263,8499.473980572,0.328250247,0.415670522
9,29237,854860643,10627,4000000,116716,10.982968,1766.807700357,10865.325444139,8578.095275035,0.162609736,0.205967367
9,29237,854860643,10627,4000000,124396,11.705655,2761.317809135,10945.342841578,8639.741554548,0.252282441,0.319606529
9,29237,854860643,10627,4000000,132581,12.475863,3326.222245845,11036.149470482,8709.700031519,0.301393367,0.381898600
9,29237,854860643,10627,4000000,141305,13.296791,4702.559562947,11121.985771280,8775.816857670,0.422816542,0.535854341
9,29237,854860643,10627,4000000,150603,14.171732,4099.269186404,11210.645988534,8844.162185218,0.365658606,0.463500002
9,29237,854860643,10627,4000000,160513,15.104263,3932.929728985,11327.618251355,8934.172259785,0.347198294,0.440211988
9,29237,854860643,10627,4000000,171075,16.098146,1972.722817111,11427.353302656,9011.077877477,0.172631647,0.218921958
9,29237,854860643,10627,4000000,182331,17.157335,2602.819367464,11539.960462275,9097.960829321,0.225548378,0.286088214
9,29237,854860643,10627,4000000,194329,18.286346,3198.527395123,11640.060448563,9175.071444749,0.274786150,0.348610625
9,29237,854860643,10627,4000000,207116,19.489602,3332.085687081,11722.794707687,9238.922112016,0.284239874,0.360657406
9,29237,854860643,10627,4000000,220745,20.772090,3741.396618537,11808.964754528,9305.409739835,0.316826809,0.402066832
9,29237,854860643,10627,4000000,235270,22.138892,4052.155776105,11899.559585665,9375.354625223,0.340529895,0.432213600
9,29237,854860643,10627,4000000,250751,23.595653,3160.792908456,12023.753148049,9471.117372566,0.262879059,0.333729674
9,29237,854860643,10627,4000000,267251,25.148301,3055.500007166,12158.430650216,9575.129545392,0.251307105,0.319107955
9,29237,854860643,10627,4000000,284836,26.803049,2404.784471380,12273.637724568,9664.132505782,0.195930866,0.248836041
9,29237,854860643,10627,4000000,303578,28.566670,1353.615013652,12351.627882905,9724.335378998,0.109590009,0.139198718
9,29237,854860643,10627,4000000,323554,30.446410,3741.926057340,12454.441366521,9803.719133727,0.300449129,0.381684339
9,29237,854860643,10627,4000000,344844,32.449798,5997.226627984,12588.038667742,9906.949748990,0.476422641,0.605355511
9,29237,854860643,10627,4000000,367536,34.585113,5231.156051420,12683.320366577,9980.505838265,0.412443737,0.524137367
9,29237,854860643,10627,4000000,391720,36.860826,3250.488261891,12818.826473343,10085.151940498,0.253571438,0.322304342
9,29237,854860643,10627,4000000,417495,39.286252,2075.506536712,12928.468757971,10169.877247569,0.160537692,0.204083735
9,29237,854860643,10627,4000000,444967,41.871365,4614.527041805,13061.433785230,10272.596072542,0.353294065,0.449207485
9,29237,854860643,10627,4000000,474246,44.626517,3067.674125164,13176.943582449,10361.935324775,0.232806197,0.296052236
9,29237,854860643,10627,4000000,505452,47.563000,4567.464500508,13267.637544775,10432.042316024,0.344256050,0.437830327
9,29237,854860643,10627,4000000,538711,50.692670,4558.393487479,13347.583038835,10493.885476434,0.341514525,0.434385671
9,29237,854860643,10627,4000000,574159,54.028324,4228.687194781,13456.613135344,10578.170795969,0.314246026,0.399755995
9,29237,854860643,10627,4000000,611940,57.583514,5806.538717759,13623.955335596,10707.640441774,0.426200657,0.542279949
9,29237,854860643,10627,4000000,652206,61.372542,2548.990331167,13738.775467149,10796.469108884,0.185532571,0.236094811
9,29237,854860643,10627,4000000,695122,65.410934,2368.396865642,13853.764020275,10885.424791106,0.170956923,0.217575052
9,29237,854860643,10627,4000000,740861,69.714971,3877.036985461,13977.896926131,10981.445167720,0.277369121,0.353053439
9,29237,854860643,10627,4000000,789611,74.302343,4027.037410696,14071.562198119,11053.945133524,0.286182682,0.364307708
9,29237,854860643,10627,4000000,841568,79.191493,5343.265307783,14182.987512895,11140.177925976,0.376737645,0.479639135
9,29237,854860643,10627,4000000,896944,84.402371,5993.361300477,14331.902744073,11255.435798629,0.418183224,0.532485939
9,29237,854860643,10627,4000000,955964,89.956149,4686.944584395,14473.287878998,11364.911550885,0.323834130,0.412404845
9,29237,854860643,10627,4000000,1018868,95.875412,3244.781018397,14595.465350374,11459.520560879,0.222314324,0.283151551
9,29237,854860643,10627,4000000,1085910,102.184059,2032.717871879,14743.709050029,11574.305411643,0.137870183,0.175623314
9,29237,854860643,10627,4000000,1157364,108.907876,3640.426351066,14863.230128894,11666.825958343,0.244928345,0.312032284
9,29237,854860643,10627,4000000,1233520,116.074151,4500.566171808,14991.675126005,11766.337502759,0.300204356,0.382495077
9,29237,854860643,10627,4000000,1314687,123.711960,4945.922480208,15089.810250054,11842.348194717,0.327765717,0.417647108
9,29237,854860643,10627,4000000,1401195,131.852357,5624.006623986,15219.284257992,11942.674027922,0.369531611,0.470916866
9,29237,854860643,10627,4000000,1493395,140.528371,6124.209688770,15393.522053371,12077.686159525,0.397843305,0.507068126
9,29237,854860643,10627,4000000,1591662,149.775289,2427.047147182,15594.457124000,12233.393362637,0.155635244,0.198395251
9,29237,854860643,10627,4000000,1696395,159.630658,2372.324993440,15723.468901796,12333.370978437,0.150877965,0.192350088
9,29237,854860643,10627,4000000,1808019,170.134469,1150.355519896,15844.423298320,12427.123094572,0.072603180,0.092568128
9,29237,854860643,10627,4000000,1926989,181.329538,4264.296103943,15963.451259290,12519.398634360,0.267128708,0.340615091
9,29237,854860643,10627,4000000,2053787,193.261221,5131.043482937,16131.032219558,12649.316285491,0.318085254,0.405638010
9,29237,854860643,10627,4000000,2188928,205.977981,4827.008554610,16292.949570888,12774.827787070,0.296263641,0.377853121
9,29237,854860643,10627,4000000,2332962,219.531571,3081.327202271,16458.337965589,12903.051316456,0.187219828,0.238806088
9,29237,854860643,10627,4000000,2486474,233.977040,1370.122732477,16636.424681484,13041.169166171,0.082356802,0.105061342
9,29237,854860643,10627,4000000,2650086,249.372918,2438.930500449,16815.101005965,13179.729259830,0.145044059,0.185051639
9,29237,854860643,10627,4000000,2824465,265.781970,3624.370381355,16961.922622099,13293.609069085,0.213676861,0.272640061
9,29237,854860643,10627,4000000,3010318,283.270726,2917.545960977,17073.773004879,13380.379820741,0.170878807,0.218046573
9,29237,854860643,10627,4000000,3208400,301.910229,6163.965554494,17198.545303474,13477.173826716,0.358400402,0.457363364
9,29237,854860643,10627,4000000,3419516,321.776230,5684.803765327,17355.057709954,13598.602993931,0.327558909,0.418043219
9,31621,999950883,12431,4000000,12,0.000965,1393.265242659,3287.390302337,2994.299722953,0.423821060,0.465305872
9,31621,999950883,12431,4000000,13,0.001046,1939.986016756,3332.542363531,3043.802627587,0.582133940,0.637356049
9,31621,999950883,12431,4000000,14,0.001126,1415.580507117,3373.550020863,3088.646236500,0.419611536,0.458317463
9,31621,999950883,12431,4000000,15,0.001207,895.112758907,3413.462526555,3132.191285852,0.262230141,0.285778446
9,31621,999950883,12431,4000000,16,0.001287,895.112758907,3469.748721112,3132.191285852,0.257976249,0.285778446
9,31621,999950883,12431,4000000,17,0.001368,1327.363923280,3496.569355348,3161.876550448,0.379618932,0.419802577
9,31621,999950883,12431,4000000,18,0.001448,1327.363923280,3559.088381146,3161.876550448,0.372950537,0.419802577
9,31621,999950883,12431,4000000,19,0.001528,1788.976662508,3588.899054839,3195.395068108,0.498475057,0.559860870
9,31621,999950883,12431,4000000,21,0.001689,1398.751110443,3635.788390606,3219.134297101,0.384717415,0.434511574
9,31621,999950883,12431,4000000,22,0.001770,1031.268370552,3654.312628305,3240.041540921,0.282205842,0.318288626
9,31621,999950883,12431,4000000,24,0.001931,1535.820656769,3718.340046483,3279.091672463,0.413039323,0.468367710
9,31621,999950883,12431,4000000,25,0.002011,1535.820656769,3737.015238188,3279.091672463,0.410975219,0.468367710
9,31621,999950883,12431,4000000,27,0.002172,1045.618460960,3817.728287780,3315.530182218,0.273884987,0.315369912
9,31621,999950883,12431,4000000,28,0.002252,1045.618460960,3860.788156601,3315.530182218,0.270830312,0.315369912
9,31621,999950883,12431,4000000,30,0.002413,1831.527192933,3903.815677493,3365.535922090,0.469163338,0.544200756
9,31621,999950883,12431,4000000,32,0.002574,2203.374998303,3935.385656647,3386.015775693,0.559887948,0.650727919
9,31621,999950883,12431,4000000,34,0.002735,1533.072483553,3965.017919070,3420.410745106,0.386649573,0.448212977
9,31621,999950883,12431,4000000,37,0.002976,1551.086178067,4013.464048407,3456.793889011,0.386470680,0.448706584
9,31621,999950883,12431,4000000,39,0.003137,644.294219276,4064.402475667,3515.806850135,0.158521264,0.183256432
9,31621,999950883,12431,4000000,42,0.003379,1367.398663048,4113.002410518,3553.188396362,0.332457540,0.384837084
9,31621,999950883,12431,4000000,44,0.003540,1759.621238493,4149.139242601,3574.770807860,0.424093079,0.492233302
9,31621,999950883,12431,4000000,47,0.003781,1789.882927156,4195.094678586,3608.952172617,0.426660913,0.495956400
9,31621,999950883,12431,4000000,51,0.004103,1428.015505641,4249.756090490,3627.048912683,0.336022933,0.393712779
9,31621,999950883,12431,4000000,54,0.004344,1711.424872851,4284.612720442,3638.104545559,0.399435138,0.470416628
9,31621,999950883,12431,4000000,57,0.004585,1194.041856720,4310.778247511,3656.737898199,0.276989858,0.326531977
9,31621,999950883,12431,4000000,61,0.004907,1582.912562339,4369.569741773,3707.273931695,0.362258221,0.426974805
9,31621,999950883,12431,4000000,65,0.005229,883.810076854,4420.752367923,3740.115868209,0.199923000,0.236305534
9,31621,999950883,12431,4000000,69,0.005551,1261.260287954,4463.162535623,3777.824312558,0.282593403,0.333858905
9,31621,999950883,12431,4000000,74,0.005953,1847.468172492,4516.541439864,3831.856060793,0.409044885,0.482134022
9,31621,999950883,12431,4000000,79,0.006355,2008.065029487,4552.741286978,3850.950070492,0.441067239,0.521446654
9,31621,999950883,12431,4000000,84,0.006757,1990.280706526,4585.100324691,3866.863136857,0.434075716,0.514701616
9,31621,999950883,12431,4000000,90,0.007240,1511.568021043,4624.324139670,3897.997595417,0.326873285,0.387780645
9,31621,999950883,12431,4000000,96,0.007723,452.333264664,4672.274354414,3934.105337958,0.096812223,0.114977416
9,31621,999950883,12431,4000000,102,0.008205,1286.669082870,4730.570580126,3964.231675386,0.271990252,0.324569598
9,31621,999950883,12431,4000000,109,0.008768,2023.388765035,4772.842834711,4002.639406012,0.423937857,0.505513627
9,31621,999950883,12431,4000000,116,0.009332,2197.171492054,4802.933648678,4028.893103279,0.457464469,0.545353633
9,31621,999950883,12431,4000000,123,0.009895,1157.885770406,4849.987948222,4062.509475548,0.238739927,0.285017371
9,31621,999950883,12431,4000000,131,0.010538,1557.438346465,4889.841789280,4085.649471159,0.318504854,0.381197251
9,31621,999950883,12431,4000000,140,0.011262,1666.046877369,4926.192219013,4108.487885534,0.338201760,0.405513397
9,31621,999950883,12431,4000000,149,0.011986,1023.200505948,4964.735134238,4136.223360157,0.206093674,0.247375545
9,31621,999950883,12431,4000000,159,0.012791,1068.792870275,5023.140052750,4173.872135082,0.212773854,0.256067468
9,31621,999950883,12431,4000000,170,0.013675,1570.279438134,5078.659421129,4210.259329937,0.309191719,0.372965016
9,31621,999950883,12431,4000000,181,0.014560,1967.771885020,5131.997548836,4242.456654164,0.383431961,0.463828401
9,31621,999950883,12431,4000000,193,0.015526,2340.424018950,5158.575886113,4263.962298317,0.453695762,0.548884783
9,31621,999950883,12431,4000000,205,0.016491,1947.526108087,5186.690819270,4288.670801192,0.375485290,0.454109489
9,31621,999950883,12431,4000000,219,0.017617,341.325490045,5238.328688561,4332.312257353,0.065159235,0.078785985
9,31621,999950883,12431,4000000,233,0.018743,1401.157306272,5295.661926356,4378.604966876,0.264585868,0.320000849
9,31621,999950883,12431,4000000,248,0.019950,1634.281931679,5337.081093198,4402.040300975,0.306212685,0.371255559
9,31621,999950883,12431,4000000,265,0.021318,1486.891014112,5385.179068054,4439.441344588,0.276107999,0.334927505
9,31621,999950883,12431,4000000,282,0.022685,2270.148233580,5442.597411116,4482.761237705,0.417107506,0.506417387
9,31621,999950883,12431,4000000,301,0.024214,2262.923966453,5477.150755567,4508.061157252,0.413157145,0.501972774
9,31621,999950883,12431,4000000,321,0.025823,2174.278820218,5511.291618404,4535.171043794,0.394513477,0.479425980
9,31621,999950883,12431,4000000,342,0.027512,1127.714533874,5564.922946860,4573.891763293,0.202646927,0.246554705
9,31621,999950883,12431,4000000,364,0.029282,1520.859328673,5606.488463756,4599.715261727,0.271267717,0.330642060
9,31621,999950883,12431,4000000,388,0.031212,1826.311384022,5653.604324014,4634.287725096,0.323034878,0.394086749
9,31621,999950883,12431,4000000,414,0.033304,1546.827886161,5719.294288344,4690.336925568,0.270457824,0.329790356
9,31621,999950883,12431,4000000,441,0.035476,2434.053789796,5765.944036070,4725.880922816,0.422143152,0.515047634
9,31621,999950883,12431,4000000,470,0.037809,2404.881103024,5802.145446876,4756.142021805,0.414481354,0.505636941
9,31621,999950883,12431,4000000,501,0.040302,2127.778334758,5836.511415014,4780.745759304,0.364563381,0.445072472
9,31621,999950883,12431,4000000,534,0.042957,1825.636735629,5876.674684693,4808.890930220,0.310658124,0.379637792
9,31621,999950883,12431,4000000,569,0.045773,837.967701272,5942.122549439,4855.761753770,0.141021612,0.172571832
9,31621,999950883,12431,4000000,606,0.048749,1349.869092128,5998.695468880,4896.389724148,0.225027108,0.275686612
9,31621,999950883,12431,4000000,646,0.051967,2265.997099175,6051.038604460,4935.661262419,0.374480688,0.459107094
9,31621,999950883,12431,4000000,689,0.055426,2531.668491837,6086.187454235,4962.534132035,0.415969523,0.510156389
9,31621,999950883,12431,4000000,734,0.059046,1709.281912424,6139.254131591,5001.106676320,0.278418498,0.341780734
9,31621,999950883,12431,4000000,782,0.062907,1654.623446150,6185.620790425,5035.258033561,0.267495131,0.328607479
9,31621,999950883,12431,4000000,834,0.067090,1904.116204088,6227.191333128,5067.784924247,0.305774482,0.375729482
9,31621,999950883,12431,4000000,889,0.071515,1501.449983048,6272.077931271,5099.408117831,0.239386372,0.294436128
9,31621,999950883,12431,4000000,947,0.076181,1431.825973172,6342.523874783,5154.167145156,0.225750191,0.277799678
9,31621,999950883,12431,4000000,1010,0.081248,1476.738434208,6402.148160349,5199.916139367,0.230662958,0.283992740
9,31621,999950883,12431,4000000,1076,0.086558,2315.922839699,6450.035304779,5233.474987598,0.359055839,0.442521049
9,31621,999950883,12431,4000000,1147,0.092269,2160.518101821,6485.082697453,5261.130777776,0.333151974,0.410656605
9,31621,999950883,12431,4000000,1222,0.098303,1925.360895444,6525.823482328,5292.337007716,0.295037232,0.363801642
9,31621,999950883,12431,4000000,1303,0.104819,1872.045614261,6575.506526766,5331.031875549,0.284699834,0.351160086
9,31621,999950883,12431,4000000,1388,0.111656,1061.368442698,6635.259859127,5375.695181793,0.159958836,0.197438360
9,31621,999950883,12431,4000000,1480,0.119057,1513.902394722,6693.590732570,5419.042584613,0.226171939,0.279367134
9,31621,999950883,12431,4000000,1577,0.126860,2118.899843928,6760.092338586,5470.442493833,0.313442441,0.387336097
9,31621,999950883,12431,4000000,1681,0.135226,2744.853935399,6797.910412341,5498.792121449,0.403779069,0.499173978
9,31621,999950883,12431,4000000,1792,0.144156,2593.862526579,6852.338399783,5538.854462464,0.378536840,0.468303066
9,31621,999950883,12431,4000000,1910,0.153648,2187.188567076,6895.951351544,5571.305258690,0.317169953,0.392580996
9,31621,999950883,12431,4000000,2035,0.163704,1563.076151375,6943.919707188,5607.664705262,0.225099975,0.278739232
9,31621,999950883,12431,4000000,2169,0.174483,2058.256921255,7010.087404700,5657.227950671,0.293613589,0.363827822
9,31621,999950883,12431,4000000,2312,0.185987,1857.739528847,7059.294593376,5694.787300883,0.263162205,0.326217544
9,31621,999950883,12431,4000000,2464,0.198214,2328.143857679,7134.348537313,5752.418463761,0.326328865,0.404724356
9,31621,999950883,12431,4000000,2626,0.211246,1045.804308535,7194.016757546,5797.915650058,0.145371403,0.180375909
9,31621,999950883,12431,4000000,2799,0.225163,2972.546921805,7242.097996083,5833.932560868,0.410453839,0.509527131
9,31621,999950883,12431,4000000,2983,0.239965,2355.194519433,7275.508863711,5859.281170821,0.323715435,0.401959635
9,31621,999950883,12431,4000000,3179,0.255732,1423.881853886,7322.863851670,5895.516751966,0.194443306,0.241519431
9,31621,999950883,12431,4000000,3388,0.272544,852.479508496,7412.736379554,5964.015989684,0.115002000,0.142937160
9,31621,999950883,12431,4000000,3611,0.290483,1705.818834142,7470.464644780,6007.832216524,0.228341732,0.283932502
9,31621,999950883,12431,4000000,3849,0.309629,2078.639549071,7527.386790571,6049.943557415,0.276143582,0.343579990
9,31621,999950883,12431,4000000,4102,0.329981,2852.029845641,7580.138759458,6090.196389721,0.376250348,0.468298502
9,31621,999950883,12431,4000000,4372,0.351701,2289.905992031,7636.414775158,6132.509029315,0.299866634,0.373404422
9,31621,999950883,12431,4000000,4660,0.374869,2011.776597167,7692.714639467,6175.161461202,0.261517123,0.325785262
9,31621,999950883,12431,4000000,4967,0.399566,1404.707429726,7749.430372823,6218.617722783,0.181265895,0.225887407
9,31621,999950883,12431,4000000,5293,0.425790,1786.457386836,7802.726737980,6258.150434080,0.228952961,0.285460921
9,31621,999950883,12431,4000000,5642,0.453865,941.255369933,7871.716088422,6310.367714953,0.119574354,0.149160146
9,31621,999950883,12431,4000000,6013,0.483710,1861.911331049,7958.323998537,6376.503822240,0.233957719,0.291995643
9,31621,999950883,12431,4000000,6409,0.515566,2829.740374520,8011.457706622,6417.347949166,0.353211672,0.440951682
9,31621,999950883,12431,4000000,6830,0.549433,2573.316656992,8059.303346986,6453.846041580,0.319297655,0.398726068
9,31621,999950883,12431,4000000,7280,0.585633,1658.355287516,8110.038980728,6491.762356711,0.204481790,0.255455329
9,31621,999950883,12431,4000000,7759,0.624165,2323.828704927,8170.324417286,6538.128467261,0.284423064,0.355427202
9,31621,999950883,12431,4000000,8269,0.665192,1166.125901682,8235.179740611,6587.721846675,0.141602969,0.177015048
9,31621,999950883,12431,4000000,8814,0.709034,1496.305402055,8319.648713940,6652.303647358,0.179851993,0.224930412
9,31621,999950883,12431,4000000,9393,0.755611,2239.051940534,8388.436215546,6704.213476892,0.266921257,0.333976826
9,31621,999950883,12431,4000000,10012,0.805406,2981.781538636,8445.845964852,6747.943858210,0.353047113,0.441880016
9,31621,999950883,12431,4000000,10670,0.858338,2914.558535535,8495.051330290,6785.280957300,0.343088985,0.429541319
9,31621,999950883,12431,4000000,11372,0.914810,1754.711267288,8568.633769663,6840.734183010,0.204783086,0.256509202
9,31621,999950883,12431,4000000,12121,0.975062,1441.801348776,8632.387355223,6889.474974139,0.167022318,0.209275940
9,31621,999950883,12431,4000000,12918,1.039176,2035.690990512,8699.009118674,6940.116356839,0.234014123,0.293322314
9,31621,999950883,12431,4000000,13768,1.107554,2053.667487153,8771.401751121,6995.435758397,0.234132188,0.293572489
9,31621,999950883,12431,4000000,14674,1.180436,1969.597927944,8858.189669691,7061.753458212,0.222347681,0.278910605
9,31621,999950883,12431,4000000,15640,1.258145,2665.161940737,8932.031982273,7118.377201976,0.298382490,0.374405832
9,31621,999950883,12431,4000000,16669,1.340922,2712.138173835,8986.977991522,7160.290193818,0.301785336,0.378774896
9,31621,999950883,12431,4000000,17766,1.429169,2407.320366213,9030.770126110,7193.588777863,0.266568668,0.334648037
9,31621,999950883,12431,4000000,18935,1.523208,1052.294576852,9110.393406220,7254.418506138,0.115504845,0.145055676
9,31621,999950883,12431,4000000,20181,1.623441,1382.638098637,9187.269259789,7312.921185351,0.150495001,0.189067824
9,31621,999950883,12431,4000000,21509,1.730271,1270.572395786,9281.609627772,7385.234251821,0.136891385,0.172042261
9,31621,999950883,12431,4000000,22924,1.844099,2750.524234127,9349.763684905,7437.015709224,0.294181150,0.369842467
9,31621,999950883,12431,4000000,24433,1.965490,3626.169114142,9413.101039014,7485.444327155,0.385225772,0.484429375
9,31621,999950883,12431,4000000,26040,2.094763,1953.813531903,9495.422374367,7548.341475061,0.205763731,0.258840109
9,31621,999950883,12431,4000000,27754,2.232644,1420.698704477,9563.113866771,7600.372916923,0.148560262,0.186924868
9,31621,999950883,12431,4000000,29580,2.379535,1506.165834908,9624.542029697,7647.387721885,0.156492208,0.196951677
9,31621,999950883,12431,4000000,31526,2.536079,451.575895547,9716.604987519,7717.445926397,0.046474658,0.058513646
9,31621,999950883,12431,4000000,33601,2.703001,2447.097200308,9817.683242857,7794.922401943,0.249254039,0.313934774
9,31621,999950883,12431,4000000,35812,2.880862,2552.314934290,9892.715326153,7852.190426792,0.257999432,0.325044961
9,31621,999950883,12431,4000000,38168,3.070389,2601.687943784,9972.095326667,7913.013164345,0.260896818,0.328786000
9,31621,999950883,12431,4000000,40680,3.272464,2061.681131883,10053.479878044,7975.154798072,0.205071394,0.258512992
9,31621,999950883,12431,4000000,43356,3.487732,3023.872986131,10106.550122517,8016.085097005,0.299199326,0.377225659
9,31621,999950883,12431,4000000,46209,3.717239,1155.390153275,10178.794615604,8071.559939929,0.113509526,0.143143353
9,31621,999950883,12431,4000000,49250,3.961870,306.112191564,10279.653918714,8148.801561037,0.029778453,0.037565302
9,31621,999950883,12431,4000000,52491,4.222589,1746.271276719,10394.778939915,8237.156558239,0.167995037,0.211999282
9,31621,999950883,12431,4000000,55945,4.500442,1892.902100472,10469.247299290,8294.185772574,0.180805940,0.228220365
9,31621,999950883,12431,4000000,59626,4.796557,4418.958624231,10556.095479133,8360.844898343,0.418616773,0.528530152
9,31621,999950883,12431,4000000,63549,5.112139,3297.112257970,10617.876844975,8408.336588739,0.310524628,0.392124200
9,31621,999950883,12431,4000000,67731,5.448556,1718.564457105,10698.154997422,8469.922391592,0.160641200,0.202902031
9,31621,999950883,12431,4000000,72188,5.807095,1380.941262481,10805.668036580,8552.425940423,0.127797861,0.161467784
9,31621,999950883,12431,4000000,76938,6.189204,1542.135917179,10885.939812872,8613.929360938,0.141663094,0.179028159
9,31621,999950883,12431,4000000,82000,6.596412,2617.558362213,10984.354942629,8689.381142700,0.238298778,0.301236454
9,31621,999950883,12431,4000000,87396,7.030488,1071.371374462,11111.355096718,8787.076558055,0.096421306,0.121925804
9,31621,999950883,12431,4000000,93147,7.493122,2500.287321971,11203.243271626,8857.990664626,0.223175313,0.282263486
9,31621,999950883,12431,4000000,99276,7.986164,2818.779553779,11271.031771735,8910.031395470,0.250090640,0.316360227
9,31621,999950883,12431,4000000,105808,8.511624,2196.980380210,11337.902411317,8961.519393722,0.193773090,0.245157131
9,31621,999950883,12431,4000000,112771,9.071756,896.871030928,11433.704626763,9035.241884492,0.078440983,0.099263644
9,31621,999950883,12431,4000000,120191,9.668651,-243.235601712,11555.608925397,9128.855255914,0.021049138,0.026644699
9,31621,999950883,12431,4000000,128100,10.304883,624.882961609,11665.866504939,9213.857257742,0.053565070,0.067819909
9,31621,999950883,12431,4000000,136529,10.982946,2083.494038411,11776.217235542,9298.743261999,0.176923879,0.224061895
9,31621,999950883,12431,4000000,145512,11.705575,2602.499951110,11862.564849751,9365.200195400,0.219387627,0.277890477
9,31621,999950883,12431,4000000,155087,12.475827,3018.095290225,11960.577465861,9440.679928589,0.252336921,0.319690458
9,31621,999950883,12431,4000000,165292,13.296758,917.861275448,12053.234266600,9511.988263567,0.076150621,0.096495207
9,31621,999950883,12431,4000000,176169,14.171748,419.472914457,12148.933542220,9585.731050656,0.034527550,0.043760138
9,31621,999950883,12431,4000000,187761,15.104255,1543.442354469,12275.202273207,9683.055580942,0.125736613,0.159396209
9,31621,999950883,12431,4000000,200116,16.098142,1772.183208439,12382.858624950,9765.997252644,0.143115840,0.181464643
9,31621,999950883,12431,4000000,213283,17.157349,2044.608648103,12504.417311379,9859.755282406,0.163510910,0.207369107
9,31621,999950883,12431,4000000,227318,18.286381,2488.430236371,12612.480437328,9943.109846953,0.197299036,0.250266795
9,31621,999950883,12431,4000000,242275,19.489582,2312.298242489,12701.788544772,10011.949759996,0.182045090,0.230953840
9,31621,999950883,12431,4000000,258217,20.772022,2408.080264442,12794.814897087,10083.710692700,0.188207511,0.238808940
9,31621,999950883,12431,4000000,275208,22.138846,1553.179989926,12892.616409367,10159.149571399,0.120470503,0.152884843
9,31621,999950883,12431,4000000,293317,23.595608,456.957817026,13026.712954424,10262.686124402,0.035078520,0.044526142
9,31621,999950883,12431,4000000,312618,25.148258,-169.695159775,13172.135763777,10374.962637813,0.012882889,0.016356219
9,31621,999950883,12431,4000000,333189,26.803073,2888.202507294,13296.504319662,10470.921184101,0.217215175,0.275830794
9,31621,999950883,12431,4000000,355113,28.566728,4136.493495273,13380.706253363,10535.962811783,0.309138652,0.392607071
9,31621,999950883,12431,4000000,378480,30.446464,1353.727864360,13491.778443053,10621.654965326,0.100337244,0.127449806
9,31621,999950883,12431,4000000,403384,32.449843,1201.419100841,13635.981179851,10732.964956625,0.088106539,0.111937298
9,31621,999950883,12431,4000000,429927,34.585070,1041.796147196,13738.897609202,10812.435429131,0.075828220,0.096351664
9,31621,999950883,12431,4000000,458217,36.860832,175.560306472,13885.216585438,10925.553690913,0.012643685,0.016068779
9,31621,999950883,12431,4000000,488368,39.286300,1234.277016042,14003.629155273,11017.059916019,0.088139796,0.112033249
9,31621,999950883,12431,4000000,520503,41.871370,2789.786886670,14147.217573169,11128.014204368,0.197196860,0.250699436
9,31621,999950883,12431,4000000,554753,44.626579,1239.378686772,14271.950952034,11224.454386276,0.086840173,0.110417722
9,31621,999950883,12431,4000000,591256,47.563028,2700.159975434,14369.914140450,11300.179969799,0.187903696,0.238948405
9,31621,999950883,12431,4000000,630161,50.692704,1438.938321029,14456.247032951,11366.948712385,0.099537475,0.126589673
9,31621,999950883,12431,4000000,671626,54.028316,-1075.944185262,14574.012587811,11458.019893110,0.073826215,0.093903152
9,31621,999950883,12431,4000000,715820,57.583461,321.274637954,14754.784472406,11597.828059740,0.021774268,0.027701276
9,31621,999950883,12431,4000000,762922,61.372536,632.027147726,14878.746584823,11693.637969718,0.042478521,0.054048804
9,31621,999950883,12431,4000000,813123,65.410908,2034.353737868,15002.967316808,11789.753018008,0.135596759,0.172552702
9,31621,999950883,12431,4000000,866627,69.714987,2399.706221012,15137.042352273,11893.504728463,0.158532041,0.201766113
9,31621,999950883,12431,4000000,923652,74.302309,3577.192241667,15238.227714693,11971.795158475,0.234751200,0.298801658
9,31621,999950883,12431,4000000,984430,79.191537,152.047526385,15358.598592974,12064.925934488,0.009899831,0.012602442
9,31621,999950883,12431,4000000,1049206,84.402381,-745.040229790,15519.444989817,12189.414659331,0.048006886,0.061121904
9,31621,999950883,12431,4000000,1118245,89.956158,1599.927996881,15672.167516433,12307.603414928,0.102087219,0.129995089
9,31621,999950883,12431,4000000,1191827,95.875392,2793.571643832,15804.151111978,12409.794909803,0.176761891,0.225110219
9,31621,999950883,12431,4000000,1270250,102.184056,2812.795910886,15964.302879613,12533.785368351,0.176192843,0.224417112
9,31621,999950883,12431,4000000,1353834,108.907892,1769.805485987,16093.436099327,12633.798813873,0.109970641,0.140084983
9,31621,999950883,12431,4000000,1442918,116.074169,2065.284098459,16232.170987791,12741.248169264,0.127234003,0.162094331
9,31621,999950883,12431,4000000,1537863,123.711930,2841.857501281,16338.198437962,12823.358092007,0.173939465,0.221615702
9,31621,999950883,12431,4000000,1639056,131.852305,1203.541114516,16478.093666985,12931.728821989,0.073038856,0.093068849
9,31621,999950883,12431,4000000,1746908,140.528357,-595.179356512,16666.342845453,13077.573950773,0.035711455,0.045511450
9,31621,999950883,12431,4000000,1861856,149.775239,530.094183998,16883.448866182,13245.810183944,0.031397269,0.040019763
9,31621,999950883,12431,4000000,1984369,159.630681,3216.629563618,17022.793263566,13353.786238803,0.188960150,0.240877719
9,31621,999950883,12431,4000000,2114942,170.134502,4105.779398480,17153.481308259,13455.059210447,0.239355459,0.305147628
9,31621,999950883,12431,4000000,2254108,181.329579,2863.296382174,17282.095345026,13554.722969667,0.165679932,0.211239757
9,31621,999950883,12431,4000000,2402430,193.261202,-363.727753686,17463.203321518,13695.114611295,0.020828238,0.026558942
9,31621,999950883,12431,4000000,2560513,205.978039,-676.233462291,17638.128784776,13830.704796468,0.038339297,0.048893637
9,31621,999950883,12431,4000000,2728997,219.531574,1076.623001882,17816.863950689,13969.286163701,0.060427189,0.077070724
9,31621,999950883,12431,4000000,2908568,233.976993,1543.100971599,18009.302503054,14118.507442847,0.085683550,0.109296325
9,31621,999950883,12431,4000000,3099955,249.372939,-56.097037645,18202.336037924,14268.201604599,0.003081859,0.003931612
9,31621,999950883,12431,4000000,3303935,265.781916,3481.029543468,18361.006442518,14391.273383615,0.189588166,0.241884749
9,31621,999950883,12431,4000000,3521338,283.270694,1789.783211261,18481.822246150,14484.984305196,0.096840192,0.123561281
9,31621,999950883,12431,4000000,3753046,301.910224,2266.014291453,18616.701979936,14589.620903906,0.121719427,0.155316873
9,31621,999950883,12431,4000000,4000000,321.776205,298.910730201,18785.836434472,14720.849338728,0.015911494,0.020305264
