n,X,cnt_sf_A,corrA,signagreeA,zA,sum_mu_errA,sum_abs_errA,cnt_sf_B,corrB,signagreeB,zB,sum_mu_errB,sum_abs_errB
173,30275,28,0.048502256308653194,0.6071428571428571,0.24251128154326596,13.52120374847658,102.757970935451,105,0.022726523088814583,0.5142857142857142,0.22952663216728264,28.883883342364236,711.4306466392902
174,30624,28,-0.13325183019804238,0.42857142857142855,-0.6662591509902118,-12.893358910027501,103.96495781261697,106,-0.05499578325428982,0.5188679245283019,-0.5581462407851019,4.905451034494192,721.5536368189554
175,30975,29,-0.16472683133862004,0.5172413793103449,-0.839945327407931,-13.441293077305346,107.03122456767059,106,-0.07020388135566488,0.5188679245283019,-0.7124915793272423,-0.4513084535002321,726.6669111546017
176,31328,29,-0.1279315352639057,0.4827586206896552,-0.6523253947145385,-5.620668559349696,104.20759225524026,106,-0.05154605340547488,0.5188679245283019,-0.523135306620617,8.385504503566658,726.8299864532423
177,31683,29,-0.19417050825076182,0.5172413793103449,-0.9900792105348633,-16.653740899351533,104.04842071658248,107,-0.0793257321336391,0.514018691588785,-0.8089669121589199,-10.456236893285137,733.0661668479638
178,32040,29,-0.19313350773822308,0.3793103448275862,-0.9847915246858225,-21.837291203620794,108.99471170195471,108,-0.07401497659727904,0.5092592592592593,-0.7584278211359702,-18.58936486216858,737.2968850219294
179,32399,29,-0.14453454275579056,0.4827586206896552,-0.7369844538999867,-9.542161443580625,114.42555111865326,109,-0.05188776725862093,0.5137614678899083,-0.5342172605363761,-0.5237554924021808,752.4690504184782
180,32760,29,-0.09046980145375605,0.4482758620689655,-0.46130728300356694,-2.0148359975264043,114.6250985724318,109,-0.018668274226531355,0.5137614678899083,-0.192201646806887,13.094048044627975,752.221302689038
181,33123,30,-0.023614795491332944,0.4666666666666667,-0.12270607680401133,4.405670195519548,118.3016294928702,110,0.00023574503325415858,0.5181818181818182,0.0024385655856114397,27.91747774477843,765.1475350047402
182,33488,30,0.040186567518753345,0.5333333333333333,0.20881553017283383,13.193927451119407,115.76167619628973,111,0.016774718370782652,0.5225225225225225,0.17432798700512744,41.36586939258771,767.8458256825331
183,33855,31,0.10034162414702245,0.5161290322580645,0.5309579672826701,24.787834933103653,116.41635143955992,112,0.05438577574524889,0.5178571428571429,0.5678041685052715,49.39567796832681,777.4519029039351
184,34224,31,0.0793813422782127,0.5161290322580645,0.42004658081329654,22.644069801511677,116.1723164045853,112,0.05381520679538115,0.5178571428571429,0.5618472537841851,49.74859375302136,775.8951160916288
185,34595,31,0.1117803057719759,0.6129032258064516,0.5914857810948121,27.557007282296894,120.56169959164404,113,0.07508140181450947,0.5132743362831859,0.78746038556076,51.92426807217567,787.1270394296351
186,34968,31,0.07921526041708568,0.4838709677419355,0.41916775820965485,22.507615454093695,119.82898362985674,114,0.04714018857378762,0.5175438596491229,0.4966527046576113,47.17853020646504,795.0056269079766
187,35343,31,0.08874463731771517,0.5483870967741935,0.46959248106659307,24.551299797692593,121.26036423400393,115,0.06061653627228934,0.5130434782608696,0.6415051212584154,46.46285379293929,804.169099927618
188,35720,31,0.06304665312790776,0.5483870967741935,0.3336115303427929,21.94017794228614,120.68528800069294,115,0.038311701181601744,0.5130434782608696,0.40545293452135056,38.1248389047058,802.9967299213132
189,36099,31,0.03455096575233892,0.5483870967741935,0.18282652587559695,16.898425802122404,122.41741120120048,115,0.036770577984181416,0.5130434782608696,0.389143219641003,36.94717774707261,802.9897642122534
190,36480,31,-0.011902013871275893,0.5161290322580645,-0.06297953760847427,9.546324924178549,124.20672929734295,116,0.005055935592689615,0.5172413793103449,0.0537453325700856,30.191180214094942,810.6662589667657
191,36863,32,0.07003604942758959,0.59375,0.37715566860818805,17.76654988531689,122.59591594229656,117,0.015109933755017776,0.5213675213675214,0.1613299450853341,41.36155810183011,818.7825391217424
192,37248,32,0.08110864892059576,0.53125,0.43678344172142025,20.77573156620116,128.540800595071,117,0.032562029990869476,0.5213675213675214,0.3476673422575038,49.68200019567695,825.2107298659772
193,37635,32,0.16045361084084933,0.53125,0.8640691382777971,30.728718343107573,126.79717057453314,118,0.0744095172064788,0.5254237288135594,0.7979531745996411,73.86404750611588,836.4257949875131
194,38024,33,0.1064278172408802,0.5454545454545454,0.5829291624886731,29.147736020371866,132.894632795749,119,0.06827307897875479,0.5210084033613446,0.7353235643822095,66.25145479572498,840.8419644536293
195,38415,33,0.09410455396473068,0.5454545454545454,0.5154318697044521,28.980365889754523,132.50833266917942,120,0.054830667612481926,0.525,0.5930843506341789,68.59509667638336,842.3976283515925
196,38808,33,0.055623691727731385,0.6060606060606061,0.3046635069099199,22.161492305764597,131.8815900020916,120,0.034378386810382584,0.525,0.371859109237708,59.26647201028113,852.3043001461966
197,39203,33,-0.0012417863329951759,0.48484848484848486,-0.006801543861830795,11.371486403119889,130.02013141601407,121,0.008349428823042796,0.5289256198347108,0.09069801253161407,53.52093362289198,859.7206385309539
198,39600,34,0.07969897093781715,0.5588235294117647,0.4437450901418039,21.752659064559083,133.24711221349324,121,0.023871233166822884,0.5289256198347108,0.2593079659454552,61.01622502888075,863.8772068475888
199,39999,34,0.049305341947459,0.5294117647058824,0.2745205257922104,16.204782732525416,135.4402641765176,122,0.002421688953545323,0.5327868852459017,0.026417507625419348,58.22151716059167,870.9028508987743
200,40400,34,0.06858273571436581,0.5,0.3818525118158357,20.9296357143549,139.54051168577706,122,0.015102986772348366,0.5327868852459017,0.16475413477069956,64.69912838479198,874.3845758356505
201,40803,34,0.030722335316757044,0.5294117647058824,0.17105472371955405,14.22094710366909,140.68809821717085,123,-0.0022057874539608588,0.5284552845528455,-0.02416319091192501,49.078138828449056,882.1440217977081
202,41208,35,0.022863264805239727,0.45714285714285713,0.12933415667078993,8.063764727514354,137.1300970732749,124,-0.002032063483813629,0.5241935483870968,-0.02235269832194992,42.098585555662446,890.1089608531428
203,41615,36,0.10987534559077265,0.5,0.6311858060562094,21.127360942220633,138.999822000784,125,0.03345422770492259,0.52,0.369514022552058,52.344847301896536,903.1101752815778
204,42024,36,0.2249743302275215,0.5,1.2923791338549313,40.6430520552226,141.63741347487974,125,0.08820178310659979,0.52,0.9742205367720432,77.77949291031922,904.3993727408441
205,42435,37,0.24048313318530068,0.6216216216216216,1.4022455811251637,46.45966862972452,147.7076088644861,126,0.10880674276511551,0.5158730158730159,1.2067251527800125,79.87712654579099,919.3159985595041
206,42848,37,0.3356365563919508,0.6486486486486487,1.957080614472997,63.771954706333986,149.80683105959992,127,0.16279988324173933,0.5118110236220472,1.8128627763724894,99.26615613820516,922.2164293065123
207,43263,37,0.19453425748348963,0.5945945945945946,1.1343198972856774,38.693272354811654,150.16937693375286,127,0.09575623621593513,0.5118110236220472,1.066296319043634,67.12349574357685,929.126512336777
208,43680,38,0.10807969055093196,0.5789473684210527,0.6394080722320312,27.727021148794478,150.30857201840124,127,0.05956821074282551,0.5118110236220472,0.6633235218629047,50.468590449838,926.0603836310916
209,44099,38,0.13388801270850123,0.6052631578947368,0.7920921651841486,33.11918510324409,149.76711358111203,128,0.0739462825523543,0.5078125,0.8267445723523544,50.34348339421257,930.9971299744255
210,44520,39,0.05700674613797814,0.5384615384615384,0.34204047682786887,14.66350669155861,152.53207047298275,129,0.03637843863768165,0.5038759689922481,0.4083469609439523,25.06335391524503,939.3413036138401
211,44943,39,0.09138862778463121,0.5384615384615384,0.5483317667077873,20.761703666424893,154.12488330931214,130,0.048459202169731055,0.5076923076923077,0.5461074737775634,37.87522151574343,943.8659892469884
212,45368,39,0.10654148362488855,0.5128205128205128,0.6392489017493312,24.142420156554493,153.35591149655122,130,0.043649521437536365,0.5076923076923077,0.4919051246523004,35.93998263605427,949.0199849096691
213,45795,39,0.05059205255988815,0.46153846153846156,0.3035523153593289,14.371255041605536,157.08564196651594,131,0.02552085342684722,0.5038167938931297,0.2887354963166658,20.463152815207913,954.3746465215077
214,46224,39,-0.07993929163036628,0.48717948717948717,-0.4796357497821977,-11.768934789097358,151.8442562949099,132,-0.02498055401667605,0.5,-0.28372455337603236,-12.295011457852766,969.9503326293741
215,46655,40,-0.030502208088677152,0.475,-0.18553768845316465,-6.108480711292486,149.26495092209046,133,-0.015612487303673676,0.49624060150375937,-0.17800974348321028,-15.060422129140207,970.0272060522199
216,47088,40,-0.06077288099397379,0.4,-0.36966700336841657,-14.134840842475256,158.66199374581922,133,-0.02831985210885234,0.49624060150375937,-0.32289599416955433,-22.91613605092057,974.8870907599534
217,47523,41,-0.09874430759076509,0.4634146341463415,-0.6087007924259881,-17.72717569716832,157.14901001839218,134,-0.04040123694464088,0.4925373134328358,-0.46241329242580065,-35.586132082252945,981.0905064821102
218,47960,41,-0.06287845603885757,0.5365853658536586,-0.3876088348910028,-8.858250807945893,159.3596888884289,135,-0.03004832848849864,0.4888888888888889,-0.3452290108518676,-37.36847333897063,993.0222243340781
219,48399,42,-0.18738458785151046,0.5238095238095238,-1.1702163760633917,-35.32084298722421,159.99264387664473,136,-0.08196154635680152,0.4852941176470588,-0.9452266637158256,-73.46057331920976,998.5191764658032
220,48840,42,-0.1544155387825044,0.42857142857142855,-0.9643247306183503,-26.619654502355388,165.09843115393346,136,-0.05521220276307469,0.4852941176470588,-0.6367381843548148,-58.85932555182149,1004.2699897149357
221,49283,42,-0.13195333351432514,0.5238095238095238,-0.8240483036789568,-21.46953300957557,168.05217050384573,137,-0.03250240832631662,0.48175182481751827,-0.37624257773333225,-54.38457501648598,1006.1645664902376
222,49728,43,-0.07077897732403465,0.5581395348837209,-0.4476455576027182,-11.842393918582019,167.04086288177038,138,-0.011056613371958257,0.4855072463768116,-0.12846623836514567,-35.46236482522708,1017.9346819912677
223,50175,44,0.027251761675757852,0.5454545454545454,0.1744964156987887,13.415046331138285,167.6355972019466,139,0.03979452359234068,0.4892086330935252,0.46407990549044986,-0.7342759857389467,1023.3711129052743
224,50624,44,0.03718714590506945,0.5681818181818182,0.2381139152657019,16.037997200614143,169.65933985871646,139,0.045723121086524446,0.4892086330935252,0.5332186390754217,3.17612270043994,1024.8642553941113
225,51075,45,-0.007328623771563593,0.5111111111111111,-0.047494910339691485,9.376299949876199,179.61111971600346,139,0.021122910220093917,0.4892086330935252,0.2463333467450076,-9.625607262622779,1027.4707483521934
226,51528,45,-0.01049147433531571,0.6,-0.06799252471118207,8.745036240999752,178.01266514142247,140,0.018707538933132612,0.4857142857142857,0.2189661292804212,-19.032020643764696,1034.4479411070015
227,51983,45,0.03926665941257576,0.5111111111111111,0.2544770377455998,20.645904016059262,175.8849434506444,141,0.047033090518046966,0.48936170212765956,0.552513711420517,4.7519224076209525,1036.7860633175846
228,52440,46,-0.023682671259477737,0.5,-0.15529766087527908,9.441599396421338,178.87353140153857,141,0.027336134985370162,0.48936170212765956,0.321126875361587,-6.68591675730125,1050.8385075197066
229,52899,46,-0.07916355705543715,0.5,-0.519110158756103,-3.9428851182728124,179.90843474229084,142,0.00036122619359591374,0.49295774647887325,0.004258794013406984,-14.651998440481137,1055.1405858816352
230,53360,47,0.009761834344655653,0.5106382978723404,0.06475268357365539,13.820706559494482,185.3286535054739,143,0.02403708161633072,0.4965034965034965,0.28441058519017925,6.588860777484726,1062.3969608543684
231,53823,47,-0.017081790391797625,0.574468085106383,-0.11330777895418136,7.238842964428557,183.2858463055033,144,-0.0028686039653814674,0.5,-0.03406278479717302,-1.6627018499796122,1070.3538414627737
232,54288,47,-0.07152762625680636,0.46808510638297873,-0.4744605968771996,-7.188881726946761,187.2169172038959,144,-0.01779283943803339,0.5,-0.21127826218694795,-10.569628261980021,1075.755742474843
233,54755,47,-0.012111328716647647,0.5106382978723404,-0.08033746613155367,8.473321684556481,187.80533699185418,145,0.004117663815039435,0.503448275862069,0.04906762732905766,9.889483888139551,1084.1743426176024
234,55224,48,0.020244481155091393,0.5625,0.13580410809599347,12.883384585909994,185.68858918762766,145,0.013793114934078556,0.503448275862069,0.16436393394241794,15.794335384356692,1085.236325515515
235,55695,48,-0.05476077757769184,0.5,-0.3673464634933957,-6.5490236126149455,184.30187385796697,146,-0.012794945636597816,0.5,-0.1530052961162442,-7.536136791525358,1093.1502926415023
236,56168,49,0.01621772032217326,0.5102040816326531,0.10999393079901569,15.667688030611885,191.39922515105457,146,0.040076648357378175,0.5,0.47924701076711457,24.08864653203827,1100.3453940491281
237,56643,50,0.057610104275496,0.56,0.394954976405888,29.776415978849315,187.4247295383968,147,0.08481045098456341,0.4965986394557823,1.017725411814761,42.87405706473683,1105.470448380773
238,57120,50,0.16433351044316832,0.6,1.1266137868697599,57.92645912146463,196.02418685556552,148,0.1352089163191395,0.5,1.6281309537529314,81.29637014070352,1114.2759674439185
239,57599,50,0.13245302626810823,0.6,0.9080521988719965,49.77411366346905,201.18034535674832,149,0.10531493017930856,0.5033557046979866,1.2725251430624878,71.50608217894455,1122.7099878001677
240,58080,50,0.12389891953957975,0.52,0.8494081977262388,47.220900872286876,198.22007451613175,149,0.11850577455451218,0.5033557046979866,1.4319107220786045,78.78892316839489,1124.3762703009206
241,58563,50,0.12629474978661256,0.54,0.8658331823810892,46.7026285077263,205.0241050107317,150,0.10634314841662519,0.5066666666666667,1.2893421526610285,78.01938817811714,1140.007567480457
242,59048,51,0.1993609387057802,0.47058823529411764,1.381213099532144,64.52059324068006,201.2373515585657,150,0.13995334262099363,0.5066666666666667,1.6968441007605906,100.27398920830436,1140.9483542680205
243,59535,52,0.22469904126649495,0.4807692307692308,1.5728932888654648,72.95408938145613,209.35908681968635,150,0.16182658603579436,0.5066666666666667,1.9620430832058842,111.70428355803615,1151.0057774423967
244,60024,52,0.1789436370548167,0.5,1.2526054593837168,65.4718964147016,210.92331498507517,150,0.12721525329679098,0.5066666666666667,1.5424029754545026,94.89121448399129,1151.9010145491472
245,60515,52,0.133949786536591,0.4807692307692308,0.937648505756137,52.0508611586412,209.05003453155305,150,0.10898761465264588,0.5066666666666667,1.3214046018188463,82.69153153500028,1153.9053247337947
246,61008,53,0.18319872664002043,0.6037735849056604,1.2954106191189907,62.74862238112851,203.5989254995342,151,0.12562513013226365,0.5099337748344371,1.5282956688647422,100.42157410260083,1161.4563127324857
247,61503,53,0.12599239602526635,0.5283018867924528,0.8909007760740686,49.44578469210089,208.2692132325968,152,0.09820594419172728,0.506578947368421,1.198756319571959,79.36762400249899,1168.6933887974556
248,62000,54,0.15903766171476413,0.5185185185185185,1.1357560785787975,56.288584430854826,208.37236658631667,152,0.10828208959134115,0.506578947368421,1.3217513487845651,86.28636956976769,1167.1712049546886
249,62499,55,0.12632391726997777,0.4909090909090909,0.9109347220687516,41.85202318208758,205.9628715397841,153,0.08727347530471287,0.5032679738562091,1.0688774128796759,63.75324845717079,1174.2857499056367
250,63000,55,0.09568211299284546,0.4727272727272727,0.6899735290808869,33.958788545260376,209.60707361725875,153,0.0712755780260719,0.5032679738562091,0.872943986429026,54.97030142659874,1175.4621423342196
251,63503,55,0.1295094083757373,0.5818181818181818,0.9339056251074525,43.105723142483185,206.75991109981848,154,0.06713070768777477,0.5064935064935064,0.824915946696317,58.626534659454755,1181.2975643103196
252,64008,56,0.18366822599383212,0.625,1.3371248684043062,66.4137268032733,214.09563758448192,154,0.10574790719503643,0.5064935064935064,1.299452038859317,86.071445424163,1189.072681900444
253,64515,56,0.08056125822766855,0.5178571428571429,0.5864948127161312,33.98765351906857,212.18406422995284,155,0.059848643872193304,0.5032258064516129,0.7378636366889036,48.5963309187123,1195.3420702932142
254,65024,56,-0.010965961345590346,0.5,-0.07983340363750017,4.063664296430915,220.26845173520357,156,0.00846549611189218,0.5,0.10471240392776124,5.851444998826395,1209.2067194951183
255,65535,57,0.02191870077088935,0.543859649122807,0.1610688981402816,11.172630012188591,228.50550623086727,157,0.012072819157583601,0.5031847133757962,0.14981974573267876,16.19366056823543,1219.4634823243755
256,66048,57,0.060903958638112675,0.5614035087719298,0.4475508659368438,21.68729094737313,223.37485078660592,157,0.027315403736786866,0.5031847133757962,0.3389752458820042,25.308572266237817,1225.142836054584
257,66563,57,0.02749617259785399,0.543859649122807,0.20205477823271772,12.708300835864122,224.98829170523214,158,0.002639231625798855,0.5063291139240507,0.03285816875703232,17.39820759685992,1232.7429582711131
258,67080,58,0.039835788213978485,0.4827586206896552,0.2954301122847705,12.448426781556464,225.56333283803997,159,-0.002278452446028505,0.5094339622641509,-0.0284578619297879,21.870322315350904,1239.8014828763305
259,67599,59,0.04682411079413968,0.5084745762711864,0.35039956006402834,9.691274159979827,225.8198279932058,160,0.00425509464382001,0.50625,0.0533161830701985,18.285411420894434,1247.9198815730374
260,68120,60,0.07685377839518225,0.5,0.580233302608614,15.539881765417874,229.74176041073537,160,0.013700895280819251,0.50625,0.17167172581665308,24.385246250261957,1247.1138358000794
261,68643,60,0.0003822507792816488,0.45,0.002885930096329671,-7.372657342603333,231.05207046273924,160,-0.024104119404474843,0.50625,-0.3020237504661403,-0.6509577775528186,1252.7748522636025
262,69168,60,-0.021954204448115272,0.48333333333333334,-0.16575060874135494,-14.723227675838757,235.09237416592083,161,-0.035695238773700934,0.5031055900621118,-0.4486821940255938,-16.38074755035563,1268.7588302064578
263,69695,61,-0.0859203339311804,0.4918032786885246,-0.6543497683999299,-34.86027232746625,232.49788384017012,162,-0.06803004253713292,0.5061728395061729,-0.8578261964576823,-33.7529576928072,1269.176320896606
264,70224,61,-0.02504596583688147,0.47540983606557374,-0.19074439303090815,-12.673988927845983,236.22998588639337,162,-0.026197027235830554,0.5061728395061729,-0.3303319444485816,-3.134521882153223,1271.6538473775006
265,70755,61,-0.009090094306874536,0.5245901639344263,-0.06922809575206172,-7.168383081961991,236.50099429931552,163,-0.028001992977971787,0.5030674846625767,-0.35420030733772806,-13.017570596926312,1279.9743135214408
266,71288,61,0.008059023421118527,0.5081967213114754,0.06137569383008183,-1.01453033368756,237.4307972621716,164,-0.01879947865374795,0.5060975609756098,-0.23853864261810642,2.197864251070854,1292.0274946883846
267,71823,61,0.022498345223138785,0.4918032786885246,0.1713422924768221,4.117942303420335,239.32148479767122,165,0.004485835815335811,0.503030303030303,0.05709536863764186,11.095205448959511,1295.75867297109
268,72360,62,-0.007490598662826715,0.6129032258064516,-0.0575363800679617,-2.430449863585636,242.55365761943153,165,-0.015935052292840868,0.503030303030303,-0.20282010362694036,-3.0144067743111265,1302.2539466802282
269,72899,62,0.03321314277331308,0.532258064516129,0.25511499038658675,11.89544945489476,251.13724299886482,166,0.008705563469000624,0.5060240963855421,0.11114519403008886,22.2323571943191,1312.2736918619175
270,73440,63,-0.006737511996941978,0.5396825396825397,-0.05218854351805791,1.3678031907195134,254.96054343017803,166,-0.010373955606765219,0.5060240963855421,-0.1324457989283733,8.11162227634619,1312.3110651816314
271,73983,64,-0.04451586321727453,0.5,-0.34768000626542334,-8.375271043634513,254.09348717642794,167,-0.02314394466072503,0.5089820359281437,-0.296387106013786,6.80257679259293,1322.270881797624
272,74528,64,-0.02897022606877173,0.515625,-0.2262646987645669,-2.5046659999211727,258.7101191586729,167,-0.005463324435835806,0.5089820359281437,-0.06996469022411879,19.854629161769907,1328.2521708732843
273,75075,64,-0.005842317469865162,0.453125,-0.045629958125558166,5.750915580664497,259.97842371477066,168,-0.004512412333140975,0.5119047619047619,-0.05796298591003278,28.662562152699003,1342.7933252461294
274,75624,65,0.02780590684921447,0.49230769230769234,0.2189439294747537,21.280189765995686,257.68746880376216,169,0.007100734835854115,0.5088757396449705,0.09148656865744076,29.033630099627025,1345.684760234812
275,76175,66,0.04541767794093052,0.48484848484848486,0.36049164287317875,23.61198920736544,258.99533652080936,169,0.018845732210038872,0.5088757396449705,0.24281027437156452,37.58030188650236,1354.4483208313366
276,76728,67,-0.00913304506965031,0.5074626865671642,-0.07306436055720247,7.788195356696434,262.3923763012733,169,-0.004907238507941411,0.5088757396449705,-0.06322534541190444,20.404000867224305,1358.1879824286334
277,77283,67,0.009514458714762255,0.5074626865671642,0.07611566971809804,15.07296648010788,264.8025950338773,170,7.386620958308762e-05,0.5117647058823529,0.0009545617975463027,32.236255458039025,1367.6395443702445
278,77840,67,0.01549514850573189,0.4925373134328358,0.12396118804585513,16.756259715291833,264.5812052115807,171,0.016779709568881737,0.5087719298245614,0.21748989342103137,36.040552174263304,1382.6637941488948
279,78399,68,-0.009128095325582541,0.47058823529411764,-0.07359305726588561,11.86568243042359,272.2246121921779,171,1.8689554689718972e-05,0.5087719298245614,0.00024224431542556245,24.288739311318736,1383.6689070526954
280,78960,69,-0.05803105182736001,0.5072463768115942,-0.47144649370689257,-2.917239547721124,273.30186662209223,171,-0.011601902571010753,0.5087719298245614,-0.15037784434182436,15.701475966076998,1385.7298920014114
281,79523,70,-0.03774730195985986,0.4142857142857143,-0.3089749827278453,-0.10603708787894561,271.8855967847311,172,-0.011202582777220436,0.5116279069767442,-0.14563357610386568,23.81250185258618,1395.0982377536616
282,80088,70,0.0017378963371169408,0.45714285714285713,0.01422529460024713,15.895975080386705,273.31081229507174,173,0.0025750930243036234,0.5144508670520231,0.03357510527532149,42.645689130310544,1407.4458213830885
283,80655,70,-0.03424610449921494,0.4714285714285714,-0.2803164463884826,1.7097088153925597,282.8924407754631,174,-0.023025910721624146,0.5172413793103449,-0.3011028537556481,30.467416577010326,1412.3682039410508
284,81224,71,0.017606893572879343,0.5352112676056338,0.14519016387998052,25.111762858481796,276.45609938235134,174,0.011552312138298909,0.5172413793103449,0.15106608352524964,57.31115087538842,1417.1716031070646
285,81795,72,0.029831379233453133,0.5416666666666666,0.2477980466043605,35.095028902058914,284.1244259009485,175,0.02452707024287216,0.52,0.32166951059774224,76.30026245866962,1429.8666978784354
286,82368,73,0.09457069109413592,0.5753424657534246,0.7912351692016563,56.82599288897322,283.5986732591822,176,0.050821887064246,0.5227272727272727,0.66845755843238,104.43207718926135,1436.6943319141164
287,82943,73,0.0798728205148075,0.5342465753424658,0.6682639613127029,51.0162291553296,281.4679371084911,177,0.04780926153272539,0.519774011299435,0.6306474728126557,94.06396926482448,1441.8764832425836
288,83520,73,0.03380346213941137,0.5205479452054794,0.28282005530503534,31.870618573542515,286.3733585529158,177,0.021145720374430327,0.519774011299435,0.27893120887904604,73.05760063587007,1446.9857931347062
289,84099,73,-0.005192999202548983,0.5068493150684932,-0.04344774850596066,17.009203784207273,288.035304606781,177,-0.0002625037392537015,0.519774011299435,-0.0034626621381905723,57.199813495265886,1451.483271621406
290,84680,74,0.01456636220334455,0.5135135135135135,0.12273834957571637,21.062686865589086,291.6857401217652,178,-0.0024510912449957354,0.5224719101123596,-0.03242488937493203,63.90694121125196,1463.849181944163
291,85263,75,0.0052113617072742195,0.52,0.04421987042915405,13.468964385274745,290.21153042459656,179,-0.015187306675777298,0.5195530726256983,-0.2014823912784522,45.839092767804644,1473.1905996360592
292,85848,75,-0.03716802570712979,0.48,-0.31538115624992874,-3.569135722131165,297.19766018233497,179,-0.04026505242625231,0.5195530726256983,-0.534176284247473,26.657367527644524,1478.3112228771618
293,86435,75,-0.011707074050240482,0.4666666666666667,-0.09933781738533724,6.515423983026494,297.67249321115384,180,-0.028320707754133263,0.5222222222222223,-0.3767825106371303,43.69558491036916,1482.480946170809
294,87024,75,-0.0197820513017499,0.44,-0.16785627145497029,2.816766754850505,296.12364163567725,180,-0.027631656046085147,0.5222222222222223,-0.36761527390099047,43.46203125891512,1489.8413274738762
295,87615,76,-0.05306568926122929,0.4473684210526316,-0.45339344779579926,-14.264072818923722,301.3029178687505,181,-0.04411581399804075,0.5193370165745856,-0.5885783702773418,23.650620012547606,1497.872391830075
296,88208,77,-0.05064752777409105,0.4675324675324675,-0.4356865078843067,-18.33561351395315,296.8631226561903,181,-0.047093834538138736,0.5193370165745856,-0.6283101198993972,20.141536622108532,1499.6009022928483
297,88803,77,-0.03718894334805076,0.5194805194805194,-0.31991138701755384,-14.104038087797846,295.3451690020312,181,-0.03952048159592658,0.5193370165745856,-0.5272689891053398,23.897181384042668,1494.6655645730111
298,89400,77,0.025104536197153308,0.5324675324675324,0.2159573860461581,15.299464558595048,304.8333844298814,182,-0.017157520791966346,0.5164835164835165,-0.22955198328720575,35.408167597257005,1510.873029939176
299,89999,77,0.02145550996496373,0.5194805194805194,0.18456727548889237,13.325900825880325,301.81216623692205,183,-0.0026505901610761797,0.5136612021857924,-0.03556139868395073,39.43471975511804,1522.9686425270074
300,90600,77,0.04211066540015087,0.5714285714285714,0.36224964098369555,22.331153677544307,307.53656967130274,183,0.0055152791275301935,0.5136612021857924,0.07399523426425947,46.123402406320764,1522.8325681772844
301,91203,78,0.016826217218830736,0.5512820512820513,0.14571931561102563,15.180462561291307,310.53099513324366,184,0.00029565566651942757,0.5108695652173914,0.003977640184739376,33.50231823238161,1529.8389323165643
302,91808,78,0.041646608570612885,0.5897435897435898,0.3606702100361749,27.59608610396694,316.85000278391345,185,0.01604612291414467,0.5081081081081081,0.21647403314208988,39.0013005042056,1545.394365577413
303,92415,79,0.09451761519386681,0.5189873417721519,0.82398546602906,47.47861282868655,314.8691614779183,186,0.04924894449316745,0.5053763440860215,0.6662273723478113,58.38081154014826,1554.0149624351238
304,93024,79,0.10768607961472976,0.5443037974683544,0.9387854773333649,52.6555272058454,319.769935969829,186,0.06046901547596768,0.5053763440860215,0.8180096792653532,67.45397540086103,1553.7715708031287
305,93635,80,0.13730139460360505,0.5,1.2048148479859073,68.71041946060905,324.43445000760823,187,0.09192952227188694,0.5026737967914439,1.2469927104780019,84.87936982236258,1564.5372832644607
306,94248,81,0.10082760984059083,0.5308641975308642,0.8904853388355027,59.2112671570699,322.0760010696936,187,0.08335464845998194,0.5026737967914439,1.130677462966004,79.92792443702179,1568.035031138938
307,94863,81,0.1516448372829824,0.5185185185185185,1.339290939496498,83.07840169230846,318.4576389656181,188,0.11435687069278323,0.5053191489361702,1.5554216041991638,115.20758573539615,1568.104382778231
308,95480,82,0.18404142141332377,0.5121951219512195,1.63579593436073,92.02802251587181,321.1335502680696,188,0.12828591802681988,0.5053191489361702,1.7448771307278432,124.08114671502763,1565.082620566021
309,96099,83,0.17906203554160469,0.5421686746987951,1.6015795346420458,88.71313289493392,321.04603553356947,189,0.1280475777911446,0.5026455026455027,1.7463361317745607,117.81868974068965,1578.1782986208361
310,96720,83,0.1618050968130781,0.5301204819277109,1.4472287823199088,85.70401654865651,329.6336161004117,190,0.11820923151613844,0.5052631578947369,1.6164869290297201,123.13228643582444,1593.048962069663
311,97343,83,0.13381195718591976,0.4819277108433735,1.1968505298800323,67.98092383011792,327.4517099801451,191,0.08974595991101596,0.5078534031413613,1.2305346058627284,103.2315361179831,1598.870101711328
312,97968,83,0.126988218041277,0.4939759036144578,1.1358171515274422,64.16273920054417,333.8933303084053,191,0.08362526712846308,0.5078534031413613,1.1466118945980281,97.70589520224632,1606.8633583498154
313,98595,84,0.11044535716425768,0.5,0.9940082144783191,61.73953396938859,330.03609776570806,192,0.0723449542827086,0.5104166666666666,0.9945786874458955,97.23697561483367,1612.8003341092303
314,99224,85,0.11180326978422175,0.5294117647058824,1.01242166759921,63.970686357166926,339.12631372947885,193,0.08117574075100545,0.5077720207253886,1.118930367998896,94.95073614673,1629.2599351082763
315,99855,86,0.10269843235091601,0.5465116279069767,0.9356272466152644,65.11104980217956,338.70168496339653,193,0.08104035005745797,0.5077720207253886,1.1170641360784581,96.04086652402849,1626.8277683858491
316,100488,86,0.04045483538052277,0.5,0.36856109068946946,35.125815705366705,340.84289398923954,193,0.050907976772118814,0.5077720207253886,0.7017180336971623,70.04139603744098,1637.088746762638
317,101123,87,0.04971457509756658,0.5287356321839081,0.4556416070543309,35.5440735542152,337.9883259610449,194,0.03781811087417304,0.5103092783505154,0.5226566907898796,66.72576445692715,1640.331107329207
318,101760,88,0.08237142653460003,0.6022727272727273,0.7594270289463799,48.041839420168486,344.0060271636412,195,0.053876742468815894,0.5128205128205128,0.746538042418344,89.38903228484399,1652.47708473785
319,102399,89,0.1297336710853555,0.5842696629213483,1.2031005716657088,67.7540994802624,352.89285991115685,196,0.08263190174712338,0.5102040816326531,1.147959066763631,106.68360310905312,1660.9925711281817
320,103040,89,0.0957191903158313,0.5056179775280899,0.8876632536867665,50.65618184677038,350.7518933789341,196,0.059415509638441444,0.5102040816326531,0.8254266397566628,85.8671269890134,1670.3444014332686
321,103683,89,0.0539160216117777,0.5168539325842697,0.49999661522252775,31.127255583151992,354.0394014778079,197,0.022266249049382437,0.5076142131979695,0.3101329622362804,45.54394262201242,1679.562596434121
322,104328,90,0.030799017729788658,0.5555555555555556,0.28727411282854176,15.315631280579709,353.37621977619824,198,0.01486149306496147,0.51010101010101,0.20752945656792937,47.252402200007424,1691.3320044240897
323,104975,91,0.09960138782643684,0.5604395604395604,0.9343438383228096,46.94095410582659,356.02192548800133,199,0.05441190652001452,0.507537688442211,0.7617666912802032,74.2768475911589,1700.959442727365
324,105624,91,0.11219766979829568,0.5384615384615384,1.0525074372747827,53.10698769935135,363.45668158884786,199,0.06058581764339438,0.507537688442211,0.8482014470075213,79.89818290025444,1702.4728296666685
325,106275,91,0.07444096019354092,0.5274725274725275,0.6983181057363459,35.94130549747214,357.91777516346747,199,0.04338783727529648,0.507537688442211,0.6074297218541507,65.71443679543559,1706.8896182932444
326,106928,92,0.07486169814719121,0.5108695652173914,0.7062438478343186,37.71560377663988,361.39579701911623,200,0.04838970775475213,0.505,0.6791819136787233,60.16366529905929,1715.0523022930893
327,107583,92,0.030403570109791753,0.5217391304347826,0.28682670676293553,16.999107162524353,364.4257461235802,201,0.024575986956496258,0.5024875621890548,0.34581478960189527,32.142618678632246,1716.075367915252
328,108240,93,0.022141583136419108,0.5161290322580645,0.2100535011391772,15.750871152635085,364.206709361433,201,0.01348132294653703,0.5024875621890548,0.18969902883511955,21.13531375240393,1725.8838805167215
329,108899,93,0.04214233759123799,0.5268817204301075,0.39979731813613806,26.74652018808723,366.2746954909438,202,0.031026222477748052,0.5,0.43767872893996684,29.179945744975356,1730.1304618473541
330,109560,93,0.041928843657267775,0.5053763440860215,0.3977719368422116,25.588227276133296,368.2796115893592,203,0.03856090425275152,0.4975369458128079,0.5453335377161156,26.563953844924185,1747.0464673932179
331,110223,93,0.027638096767836212,0.5053763440860215,0.262198007935501,19.030978454722344,370.59902693233204,204,0.02463446804765063,0.5,0.3492538621320238,23.567894271089784,1747.1867955432501
332,110888,94,0.034081161853942374,0.5425531914893617,0.3251135632231146,26.26772621511259,366.16223884886233,204,0.026938058114119375,0.5,0.38191288792981865,25.441386491771766,1754.8948670408051
333,111555,95,0.03682927319743292,0.5684210526315789,0.35325397876189,24.817414215871082,374.35542797452194,204,0.021848945238454858,0.5,0.3097622604750825,21.252982995036902,1756.8906368144287
334,112224,95,0.005431254058727253,0.47368421052631576,0.05209475885192862,6.896532746227308,377.9736569784841,205,0.0008625020484692372,0.4975609756097561,0.01225845733728161,-7.776483355139888,1764.9120972708392
335,112895,96,-0.028346441645105476,0.4895833333333333,-0.2733631835422638,-9.614920133854639,381.25375031916457,206,-0.01632856646422757,0.49514563106796117,-0.23264626109969944,-33.88471722356003,1776.473556470378
336,113568,97,-0.014229266189416362,0.4639175257731959,-0.1379578541844978,-3.964583384242559,384.5314608382731,206,-0.01331026235945351,0.49514563106796117,-0.1896420472040139,-29.85354713153575,1786.461671467893
337,114243,98,-0.04346101506984178,0.4387755102040816,-0.42360557590239095,-24.89709270229062,385.8048194439825,207,-0.03307456376353658,0.4975845410628019,-0.47239925984514675,-40.75544267330763,1793.5075946946217
338,114920,98,-0.05448396464999466,0.45918367346938777,-0.5310439985333394,-32.72614889419006,390.2936962618441,207,-0.04126970633635393,0.4975845410628019,-0.5894493081361059,-50.238892533986004,1794.3991220694857
339,115599,99,-0.062606632492879,0.43434343434343436,-0.6134172164860124,-43.47600287415784,390.30014716908727,208,-0.03919185427272484,0.4951923076923077,-0.5611419566148771,-58.391921949384724,1799.169583926149
340,116280,99,-0.04086023488976665,0.41414141414141414,-0.40034690500077896,-27.753310018646886,388.6788235259509,208,-0.029870248879303236,0.4951923076923077,-0.4276768785693948,-46.82297894212037,1809.7603916613932
341,116963,100,-0.067483360464543,0.43,-0.664634021202633,-40.21364619788022,392.13939517348547,209,-0.04690343923897236,0.49282296650717705,-0.6731909967932268,-72.67153563441263,1816.6834124107309
342,117648,100,-0.02641958850032522,0.5,-0.26020277032167066,-16.79398454369135,398.3825266500585,209,-0.020528878215030244,0.49282296650717705,-0.29464483229494104,-47.644864187006576,1816.377486701853
343,118335,101,-0.05460249535994663,0.5346534653465347,-0.5405371263421536,-29.090465910687556,409.4187585588803,209,-0.033079293136994856,0.49282296650717705,-0.47477717373027356,-59.62751230146654,1819.9984643572611
344,119024,102,-0.06701219799096807,0.5,-0.666762951339147,-43.269586713124795,402.42410590942836,209,-0.04548346516870815,0.49282296650717705,-0.6528105348208897,-74.09698729494151,1821.2270771480794
345,119715,103,-0.07351569686187259,0.5048543689320388,-0.7351569686187259,-41.58542674363747,402.74121312539125,210,-0.05346337524209456,0.49523809523809526,-0.7692040209862017,-71.62935764050088,1832.4640798772134
346,120408,103,-0.06811374809617467,0.5048543689320388,-0.6811374809617466,-38.09247889902463,413.89262107509524,211,-0.046098305895372754,0.4928909952606635,-0.6648392224711615,-73.37694366600819,1837.1294676451764
347,121103,103,-0.043784648401973075,0.5145631067961165,-0.43784648401973075,-22.293612943797513,414.94563232303005,212,-0.025569883885440653,0.49528301886792453,-0.3696595231293491,-43.13872710123874,1851.1697132361833
348,121800,104,-0.011604646206609845,0.5288461538461539,-0.11662525100354129,0.7550735909610182,414.68851155012965,212,-0.008849633059599857,0.49528301886792453,-0.12793766101316145,-26.33696531602574,1855.5949714494946
349,122499,104,0.0026327767931005296,0.49038461538461536,0.02645907930883385,9.269514535029828,416.9681914571678,213,0.006598240733931992,0.49765258215962443,0.09561759233746199,-2.0805300275169287,1862.9658534044968
350,123200,104,-0.012334039923079932,0.5480769230769231,-0.12395556713289278,-0.03785977662386131,416.25601452770525,213,-0.005996692467338861,0.49765258215962443,-0.08690032977524373,-14.968225273810319,1865.3074563280052
351,123903,105,0.014142331801076867,0.5142857142857142,0.14283054986493088,20.358708878742306,418.2823797223891,213,0.011887859714573129,0.49765258215962443,0.17227145382972725,3.3896851567156148,1870.6887313453701
352,124608,106,0.01355712937559108,0.5188679245283019,0.13758983596680024,23.562608597681674,414.7683845888654,213,0.020665157668929755,0.49765258215962443,0.29946658529986697,12.280771495925677,1866.7409403736347
353,125315,106,0.009291417434592294,0.5566037735849056,0.09429758802968452,21.34816121626531,426.0924495662632,214,0.019661751962642495,0.5,0.2856034443782855,20.416215955821812,1878.7817305139902
354,126024,106,0.01974172568221676,0.5283018867924528,0.20035663325661413,27.858104116651276,427.22422571414586,215,0.019194785088050687,0.5023255813953489,0.27948028948426407,28.61681687588819,1891.9310199599815
355,126735,107,0.01685723061775312,0.514018691588785,0.17191069573011383,22.172904459156285,426.2300496781744,216,0.013049056109328395,0.5,0.19044470409637898,13.557237740232537,1898.3718205463224
356,127448,108,-0.045583389665249434,0.4722222222222222,-0.4670907496453625,-21.417998604190473,423.5489864264019,216,-0.023269045144873633,0.5,-0.339600533562946,-24.235332809769844,1900.6673498059301
357,128163,108,-0.06051758178619976,0.4444444444444444,-0.6201206810381222,-30.832974718144385,434.29295016183835,217,-0.03357827833625981,0.5023041474654378,-0.4912078644218246,-26.34530096350771,1915.562092536538
358,128880,109,-0.04259922169973163,0.48623853211009177,-0.4385858309143445,-15.485162718725292,441.66307584023264,218,-0.016578586376445884,0.5,-0.2430897944009056,-17.392392090967107,1923.3938300404432
359,129599,110,0.02436094144585112,0.5181818181818182,0.2519915377343374,30.13966143473462,434.36979971406106,219,0.028654438847470935,0.502283105022831,0.42113252425252734,37.73716744766341,1932.7072339665806
360,130320,111,0.015352410667547292,0.4954954954954955,0.15954693176912602,29.139194162955846,438.294362182429,219,0.02564636491739373,0.502283105022831,0.37692304682898176,35.785117249106904,1935.7023026686848
361,131043,112,0.03385661140367415,0.5178571428571429,0.3534734004074344,37.15867171135966,438.0223465817151,219,0.030188286124836206,0.502283105022831,0.44367538328994016,40.45643275546652,1939.2107512708353
362,131768,112,0.011445082218825897,0.5267857142857143,0.11949016638422442,22.698312039217484,441.15467322856045,220,0.018052711077645493,0.5,0.26593304018848224,18.983485959257578,1947.1444295509814
363,132495,113,0.007817054093711253,0.4778761061946903,0.08198595500109067,16.62102549814506,441.66252646368065,220,0.02162645431035378,0.5,0.31857756535921805,23.15070326129171,1946.1562899786366
364,133224,114,0.05078945028897265,0.5175438596491229,0.5351000625423423,48.9665313675101,450.5515207247847,220,0.052711789894217466,0.5,0.7764931527488902,56.17693719227843,1951.4984922459162
365,133955,115,0.01660692150603171,0.4956521739130435,0.17575113738932058,22.934378422415136,455.579627166892,221,0.028575119526969086,0.497737556561086,0.4219065837407189,22.587811385940213,1960.6243488320506
366,134688,115,0.015288821210585765,0.4956521739130435,0.16180167505015763,21.862000957736768,455.2069746321331,222,0.02904247835441168,0.5,0.42978943126100383,31.72559227980173,1966.3508652107066
367,135423,115,-0.003223798808096832,0.4956521739130435,-0.034117479692522636,9.378897623195229,458.55184597846676,223,0.013671876128757263,0.5022421524663677,0.20278669412369785,24.09174746888887,1978.9829948219603
368,136160,116,0.01645356169174062,0.49137931034482757,0.1749037599220278,26.91564975372708,463.6040194721318,223,0.030927181681136857,0.5022421524663677,0.45872423598755974,43.18745368835353,1983.699773515832
369,136899,117,0.06391256754238887,0.5213675213675214,0.6823994849383225,61.71426751982875,466.7895475881764,223,0.0651858843404204,0.5022421524663677,0.9668629136508373,78.42823327731544,1988.5451933891366
370,137640,117,0.08675844118763305,0.5555555555555556,0.9263266655846144,77.44928379529759,468.7937119826854,224,0.07320025635437462,0.5044642857142857,1.0882000432854715,96.53295944453578,1999.2538944170208
371,138383,118,0.10502365699509188,0.5508474576271186,1.1262532489594033,97.90354074748024,469.2140270310456,225,0.08977940375381475,0.5022222222222222,1.33768298827588,109.97384263179472,2006.6333368568662
372,139128,119,0.08329030743072456,0.5126050420168067,0.8970640647027027,78.0256222257496,468.8652251617692,225,0.07910367867800189,0.5022222222222222,1.1786182671446894,97.15617897455651,2008.1783479798555
373,139875,120,0.07955571898485127,0.5333333333333333,0.8605266721688557,82.74783282010179,470.6053673680741,226,0.07975413231886311,0.504424778761062,1.1909831743947703,111.21897844568385,2016.9560199659895
374,140624,120,0.08156011053689338,0.49166666666666664,0.8822074817198398,81.1075992125462,468.54334043070196,227,0.07366666774378024,0.5066079295154186,1.1025417260901478,109.69213487751072,2025.2139355865024
375,141375,121,0.08952117029622844,0.5289256198347108,0.9724488222432826,92.7227465424271,475.41596404707013,227,0.08617826663254673,0.5066079295154186,1.2897981917001708,126.03139167736316,2029.6999340342256
376,142128,121,0.10997845898949436,0.5041322314049587,1.1946718587633423,105.8370743929778,475.2660912040077,227,0.10152455176633443,0.5066079295154186,1.5194803562216745,141.44285634493133,2030.7778516512058
377,142883,122,0.05384567390801949,0.5409836065573771,0.5873869552811364,67.95176064807555,479.9504831546866,228,0.06649977747046752,0.5043859649122807,0.9974966620570128,91.22028526189918,2036.9161841093965
378,143640,122,0.04108490275408208,0.5,0.4481833764020854,60.639811504638686,490.6671118963824,228,0.054289024798359,0.5043859649122807,0.8143353719753851,79.5896592556393,2047.5683881009738
379,144399,123,0.028880897323703483,0.45528455284552843,0.3163743789036596,47.62535786505805,481.66992264335136,229,0.04288938317758878,0.5065502183406113,0.6447688087942933,75.9043314667074,2049.2012489457165
380,145160,124,0.026604692400579333,0.43548387096774194,0.29265161640637266,43.52043051812748,493.3312812237532,229,0.0419245921418021,0.5065502183406113,0.6302648192101148,76.7720952004069,2056.292404468705
381,145923,125,0.024409851922563213,0.48,0.2696156268607932,37.912740189371846,492.0301569369762,230,0.03560640878162216,0.5043478260869565,0.5364646406013572,60.129359920185195,2071.392302044329
382,146688,125,0.033855340869067226,0.496,0.3739444622587818,44.85991369817148,492.55898546510434,231,0.051195323853574566,0.5021645021645021,0.7730324379091106,69.10120895048924,2079.878600793201
383,147455,126,0.06512207766346245,0.5158730158730159,0.7222387796998596,63.74060612551449,500.71200662565764,232,0.05265095656215013,0.5043103448275862,0.7967535497016986,78.84864895526886,2087.7738332246645
384,148224,127,0.0726881242228583,0.5039370078740157,0.8094206952979841,68.90825943977677,502.3307876065842,232,0.058270070745506525,0.5043103448275862,0.8817861771048414,88.24739956819835,2090.384315721391
385,148995,127,0.059179577866074945,0.4881889763779528,0.6589958893001128,58.53749416034364,501.5261025271625,233,0.05029417426313287,0.5064377682403434,0.7627489179975194,88.19898978634875,2106.0145141038565
386,149768,128,0.08655919791772859,0.4921875,0.9677612531094969,71.91863293639557,501.97031010642934,234,0.06414126094737928,0.5042735042735043,0.9748627663509742,91.94530015437438,2108.535676255533
387,150543,129,0.07459862528306112,0.49612403100775193,0.8373674920006409,60.24196956316419,512.7882827646622,234,0.05576948160561825,0.5042735042735043,0.8476227363321608,82.99688793358116,2116.071777279744
388,151320,130,0.03777046504152982,0.5461538461538461,0.42565152383209565,35.51369498827469,514.9226226738873,234,0.03913001552454836,0.5042735042735043,0.5947247468819272,62.60900853392428,2126.024369487518
389,152099,130,0.09599830675929791,0.5153846153846153,1.0818459744265063,76.99124016640471,515.3869519219887,235,0.07564825119227665,0.5063829787234042,1.1522398338715558,111.93404264804151,2135.7542621631983
390,152880,131,0.12382300114122066,0.5267175572519084,1.400897340381228,96.68095967174324,516.7732093538204,236,0.09298059054775107,0.5042372881355932,1.4192871171598045,125.63588196375213,2140.536406913036
391,153663,132,0.13114068674041457,0.5303030303030303,1.4894718808082392,99.51207467109154,515.6707551884925,237,0.09994819381578751,0.5021097046413502,1.5289133718451628,125.04286975398496,2149.718940531015
392,154448,133,0.13689246210690328,0.5263157894736842,1.5608142117560608,101.07532483551145,517.3460417402844,237,0.09673674448378985,0.5021097046413502,1.479787643412851,121.72279531202862,2147.8086182871157
393,155235,133,0.13469302389684512,0.556390977443609,1.5357367577947372,94.92348363811729,524.8982529587998,238,0.0866761067897724,0.5,1.3287195564657452,98.03761502253741,2160.9331553749466
394,156024,134,0.1235805595539543,0.5671641791044776,1.4144441543081745,82.20963065423422,527.7471820870679,239,0.08249912885241899,0.497907949790795,1.267375665575245,83.5900974854616,2174.567452194109
395,156815,136,0.10797378581424615,0.5294117647058824,1.2452144434863714,68.3207239671614,536.1413561862105,240,0.07155961936254435,0.49583333333333335,1.101646337181311,66.10850744114664,2184.6727422925082
396,157608,136,0.1274902452949964,0.5588235294117647,1.47028923407448,84.92105216695808,538.2211861442323,240,0.08627720069872051,0.49583333333333335,1.3282206218910058,84.44198988068077,2187.869088363234
397,158403,137,0.1327257979083414,0.5401459854014599,1.5364121893796563,90.71565267616319,536.4976748347265,241,0.08104453331270348,0.4979253112033195,1.2502941647508352,90.9949944913947,2194.413406436368
398,159200,138,0.11737320847614233,0.5797101449275363,1.3637534451570914,86.1294747236901,537.2190331932338,242,0.0722671825133419,0.49586776859504134,1.1172235294477035,73.8387859626345,2203.444676454405
399,159999,139,0.10545327133753005,0.5467625899280576,1.229785904646413,78.50136945845816,548.873388258047,243,0.06672506564982143,0.49794238683127573,1.03370027214542,75.13187968794828,2219.544800866442
400,160800,139,0.09681810719274675,0.5467625899280576,1.1290834511817642,70.21302083865154,554.791832253856,243,0.06716108312389099,0.49794238683127573,1.0404550258083272,75.11198072773065,2230.7973489611945
401,161603,139,0.09771737575642751,0.539568345323741,1.1395706346525025,69.22122112041467,560.2616564616342,244,0.05368912009746868,0.5,0.8334792796815887,66.59823665964174,2238.349269150877
402,162408,140,0.05896735049040785,0.55,0.6901951420204496,34.255827448780025,550.2239417256355,245,0.018095965962105547,0.5020408163265306,0.2815071653663671,31.728973008265285,2243.3372311185612
403,163215,141,0.0794444429876055,0.5531914893617021,0.9332608927745254,54.33002578813279,553.3926534682894,246,0.035074320668615294,0.5,0.546754548951044,43.3440267198186,2255.5438307593868
404,164024,142,0.037168648533514544,0.5,0.4382119034203688,22.203239946608022,558.7586422538818,246,0.013572579958929404,0.5,0.21157558270791152,16.32474797158045,2261.000564482029
405,164835,143,0.032528007553535215,0.5034965034965035,0.38487657574396256,24.023048706245646,562.3566886453625,246,0.02089103623121286,0.5,0.32565902557700616,26.30783660786095,2263.153514631331
406,165648,144,0.005662341682935823,0.4791666666666667,0.06723658215687395,4.95116843366074,564.1373157696976,247,0.0005698573156663682,0.5020242914979757,0.008901455829992575,9.9305067125824,2272.638827504327
407,166463,144,0.014642815258449555,0.5208333333333334,0.17387379749612855,13.62362445136344,558.3320551437727,248,0.008756340171760142,0.5,0.13705840300717503,11.826845666479215,2276.8211938202708
408,167280,145,0.011823734193984116,0.5172413793103449,0.1408960539588617,14.108974755440784,561.8484614598219,248,0.013724798108843656,0.5,0.21482707084184482,17.567699769366158,2284.5811284301017
409,168099,145,-0.01279688455093568,0.496551724137931,-0.1524924788237657,-7.831442965742127,570.008738385088,249,-0.008738464198618515,0.5020080321285141,-0.13705745551203055,-2.3797450455794404,2290.5909141866196
410,168920,146,-0.047283630519205075,0.4794520547945205,-0.5654299826291213,-45.204761016407616,559.7633777721136,250,-0.03716776299733946,0.504,-0.5841372473468199,-32.652625780227524,2289.4132779062124
411,169743,147,-0.056922352617781426,0.46938775510204084,-0.6830682314133771,-58.863552444288274,558.7376842195392,251,-0.048959384153263945,0.50199203187251,-0.7710131526591388,-58.81050637996333,2303.3357179025606
412,170568,148,-0.028385653657511063,0.4864864864864865,-0.34180853319776094,-26.880809290032772,571.3773554613194,251,-0.02055831033409038,0.50199203187251,-0.3237525948940121,-18.768782243386568,2308.891438480415
413,171395,149,-0.05684857755828757,0.47651006711409394,-0.6869039761702455,-50.921153090411366,571.5549109470069,252,-0.03694680745724431,0.5,-0.5830107878413471,-50.78621777612412,2316.815748819715
414,172224,149,-0.03234975608240807,0.4563758389261745,-0.3908835899783073,-26.465627430657975,582.0396694993245,252,-0.018980874079761675,0.5,-0.29951314099236176,-25.517880098842582,2321.215913237082
415,173055,150,-0.04152529777291859,0.5066666666666667,-0.5034674787948522,-30.0035094210551,582.7049505395331,253,-0.020332739290340327,0.4980237154150198,-0.3214888361393554,-35.887066860559344,2334.1337770493146
416,173888,150,-0.03915026316286861,0.48,-0.47467171449446455,-29.835945267571446,588.9101307401277,253,-0.023007539852343054,0.4980237154150198,-0.36378114645249066,-40.77553125461854,2336.8007901507954
417,174723,150,-0.02932967805437012,0.5,-0.3556034479186486,-19.937192230877486,593.5408086880816,254,-0.015316780528578917,0.49606299212598426,-0.24266344019222222,-39.27810578304563,2341.467161854636
418,175560,150,-0.050476560603987114,0.4666666666666667,-0.6119957729020468,-42.34488829388789,595.4031231807163,255,-0.03260978628936393,0.4980392156862745,-0.5176643089717244,-55.62194952029844,2353.9509681621275
419,176399,151,-0.010862252979882131,0.5099337748344371,-0.1321450108412944,0.9198512675792472,590.0375360595029,256,-0.010041580956943592,0.5,-0.1597211228142903,-13.950441977405887,2363.308785905392
420,177240,152,0.005839993152573697,0.5131578947368421,0.07128620121239482,13.264148979665208,592.7044450319613,256,-0.0009176171560938869,0.5,-0.014595594370389021,-1.2901763457871596,2364.1314701438278
421,178083,152,-0.01726360360420867,0.5460526315789473,-0.21072913752275393,-10.156266156282157,589.7873092672093,257,-0.017742442937789808,0.5019455252918288,-0.282768009993678,-16.542409423343855,2368.2739541067203
422,178928,153,-0.015107319023981214,0.49673202614379086,-0.1850261149509758,-11.26112532489077,602.9247454966242,258,-0.013190822067368782,0.5,-0.2106405365481932,-18.821201312364224,2385.2568837041554
423,179775,154,-0.0026504762580336146,0.538961038961039,-0.03256959753442435,5.159154912956268,606.2865262601039,258,-0.0025314201538958947,0.5,-0.04042353817845897,-3.4501139562312915,2400.294610843181
424,180624,154,-0.019514028959871067,0.525974025974026,-0.23979240243020564,-9.562349297311926,612.0362575551023,258,-0.01720099297135835,0.5,-0.2746778305509628,-22.310277940361345,2402.5721480665325
425,181475,155,-0.024101102470806664,0.5161290322580645,-0.2971383471160616,-20.251459435575413,615.712934613033,258,-0.020750189573903875,0.5,-0.33135395527291056,-29.593835721259993,2405.463116875188
426,182328,156,-0.005193369410557405,0.48717948717948717,-0.06423843189773973,-5.147621865891978,621.3858951604564,259,-0.009425048536721298,0.5019305019305019,-0.15080077658754076,-4.045404811961006,2406.5827123901627
427,183183,157,-0.013174671580175226,0.5031847133757962,-0.16349337470308523,-9.024478938351905,619.6503975171244,260,-0.011098613871058182,0.5,-0.17792431557750388,-15.453648045563241,2424.6994793477784
428,184040,158,0.0006547893378925399,0.4873417721518987,0.00815206151459564,8.322497859244152,632.3040675596183,260,0.0018782733616535341,0.5,0.030111012620335404,2.680569189163279,2422.742396371358
429,184899,159,-0.014158814754902676,0.4779874213836478,-0.17684353960812182,-2.828762583547075,628.4662424616939,261,-0.01067278015359286,0.5019157088122606,-0.17143023345194047,-5.94844046892139,2429.986804683472
430,185760,160,0.008453610896566757,0.4875,0.10592344093219733,15.696725046404794,631.6773940197877,262,0.0057968986015764536,0.5038167938931297,0.09329225396469094,26.600725782710057,2447.1687701085384
431,186623,160,0.0029623045966790354,0.5125,0.037117570208600695,10.410792732787058,639.2224329541467,263,-0.006056049836883484,0.5057034220532319,-0.09765086944299207,19.719650694729424,2445.083873098244
432,187488,160,0.024200231549906043,0.53125,0.30322803219663524,29.557717130577828,641.4170071031083,263,0.010890140495922313,0.5057034220532319,0.17559823918661896,42.35634041061414,2457.9364865368916
433,188355,162,0.0014219042423346503,0.5493827160493827,0.017929530284553324,8.914676647503484,633.502235843438,264,-0.00849881305326402,0.5075757575757576,-0.13730252687055822,25.80556853929731,2459.357712127144
434,189224,162,0.006236073884452646,0.5308641975308642,0.07863389969525877,13.835927639788736,650.1972247632627,265,-0.009379947171666134,0.5094339622641509,-0.15182770874623264,33.66372964513624,2479.6812237775184
435,190095,163,0.023144005083432975,0.5460122699386503,0.29275108096865404,26.262720899446578,648.0027715838748,266,-1.048622299843062e-06,0.5112781954887218,-1.700579593528348e-05,56.07457044702588,2486.0371185068743
436,190968,164,-0.00864711274192099,0.5060975609756098,-0.10971956052687354,-0.7623760708865177,647.927203653665,266,-0.01777877470901799,0.5112781954887218,-0.28832327400074154,31.687652023014635,2488.397939607259
437,191843,165,-0.013680690049876458,0.47878787878787876,-0.17412675670042146,-9.440788051574913,647.1716084929194,267,-0.02561522864221526,0.5093632958801498,-0.41619820246577566,11.470881642673348,2496.712531432427
438,192720,166,-0.00035335117559151074,0.5240963855421686,-0.004511285813000561,7.2863729702541775,657.1463981642726,268,-0.015013404049248459,0.5111940298507462,-0.24440051105447252,35.16889363252538,2509.904464214572
439,193599,166,0.012599005879731855,0.5060240963855421,0.160853339140583,20.420772404515475,664.8807281414888,269,-0.004472826938226589,0.5130111524163569,-0.07294959971062602,59.22828374897411,2522.262240653038
440,194480,167,0.017424571370122075,0.5269461077844312,0.22314339053381432,29.21746549238196,665.5557550646519,269,0.0016177500473382972,0.5130111524163569,0.026384704799682232,67.97902089727067,2523.145566207592
441,195363,167,0.039409979845349774,0.5149700598802395,0.5046939942889984,50.87938552400513,667.4305147047277,269,0.01859877719210307,0.5130111524163569,0.3033368762103237,92.1450456709462,2529.493742460825
442,196248,169,0.022624902323953415,0.514792899408284,0.29150147522432857,34.33275534978091,667.4519693983389,270,0.007802507779849962,0.5148148148148148,0.12749402763966367,86.47766875386257,2544.457199123841
443,197135,169,0.002101463539402051,0.4970414201183432,0.02707546371226924,13.67842831441368,675.0516222401764,271,-0.007001129183674017,0.5166051660516605,-0.11461342433964644,74.35635317810119,2546.125101318573
444,198024,169,0.015903325977657208,0.46153846153846156,0.20490002197942786,27.52652382810976,673.472670092141,271,0.004452713351308683,0.5166051660516605,0.072894059144976,91.04443115252603,2550.7735182701917
445,198915,170,0.02101782702786944,0.4647058823529412,0.27161018362087297,36.87727929464603,678.0539585724786,272,0.013501947613445744,0.5147058823529411,0.22144840603812607,94.78779887613946,2561.163154402375
446,199808,171,0.011455485091710451,0.4678362573099415,0.14848005690770485,23.237436180999822,677.5719721489882,273,0.008151215292645763,0.5128205128205128,0.13393813460589474,77.65167232657426,2568.438363273797
447,200703,171,0.014377647385121973,0.4619883040935672,0.18635560911223464,27.014647246975898,684.068701112194,274,0.0057916385978069185,0.5109489051094891,0.09534240422027059,65.12675209941347,2575.27273672612
448,201600,172,-0.0007012439869247933,0.4883720930232558,-0.009116171830022314,14.56419793344341,679.2628836940929,274,-0.0008622336844478997,0.5109489051094891,-0.014194157851302019,55.20579080809112,2580.3001673229655
449,202499,173,0.006168859812546077,0.4913294797687861,0.0804320914546167,25.60315408110398,685.3020326877885,275,0.003501398690734762,0.5127272727272727,0.05774654655719524,71.13399105154019,2593.947746338547
450,203400,174,-0.016682937796689362,0.47126436781609193,-0.21815771981143212,5.580014030019697,696.9113258336054,275,-0.009657654476831834,0.5127272727272727,-0.1592781180147877,52.08074258150337,2603.5243585626495
451,204303,175,-0.04965842406108419,0.4857142857142857,-0.6512641259885578,-27.18339794451049,689.3911723509154,276,-0.02603825222749897,0.5108695652173914,-0.43022253321294013,17.32892515077849,2603.097783881346
452,205208,176,-0.03419556280151247,0.45454545454545453,-0.4497724059443929,-7.783722872258636,702.5101227819539,276,-0.017115795986014645,0.5108695652173914,-0.2827993615977958,30.23996505014111,2605.6303029320184
453,206115,177,-0.018110558115963935,0.4971751412429379,-0.23889466895951667,6.397897401578916,694.4746754798587,277,-0.001716863924693413,0.5090252707581228,-0.028419154731278436,44.6358947685174,2618.3453599334716
454,207024,177,-0.003924566187301049,0.4971751412429379,-0.05176858350370584,22.303050614545384,701.2622675578921,278,0.014122109708945351,0.5071942446043165,0.23418869576403417,59.933371969779046,2628.402074890024
455,207935,178,0.034677598739134015,0.5,0.45874151164317806,70.98104067166608,706.7498014546741,279,0.04010984010145576,0.5089605734767025,0.6663547098491616,111.25557997542973,2643.336985051121
456,208848,179,0.044991612585400485,0.4972067039106145,0.596881190635221,77.04746029635695,708.5652195338824,279,0.047082682266607716,0.5089605734767025,0.7821962640919866,119.7624830583351,2651.174666879558
457,209763,179,0.03866519075989137,0.5027932960893855,0.512951720792305,70.34227804514026,720.0642365061756,280,0.03759589048544036,0.5107142857142857,0.6257203223852678,115.06836673900351,2662.742816445769
458,210680,180,0.04557451305388022,0.49444444444444446,0.6063294603574848,80.24229206257976,720.4077873906293,281,0.0424683309618686,0.5088967971530249,0.7080885816357528,111.38531845345062,2670.996522744053
459,211599,181,0.036010718758720625,0.4861878453038674,0.48044291238658304,65.26553861953252,722.3152851058936,281,0.03957562961735537,0.5088967971530249,0.6598576117402954,106.03757469030974,2676.4693086687475
460,212520,181,0.03626576625271515,0.48066298342541436,0.4838456703718553,67.67208695916631,719.8420300407925,281,0.03684902015848936,0.5088967971530249,0.6143959469968286,104.45909634545092,2679.944800251982
461,213443,182,0.030964320070979615,0.45604395604395603,0.4142743680521337,57.31498826226391,718.2682241583246,282,0.022383804349859905,0.5106382978723404,0.37388324449112886,91.24894980351651,2682.892245215771
462,214368,183,0.005739332376242739,0.47540983606557374,0.07700122403246498,25.61568256907259,730.9034070794371,283,0.004585478042551545,0.508833922261484,0.07672972361505194,54.74215338237774,2706.942235229704
463,215295,183,0.027129806719023652,0.4808743169398907,0.36398455224100457,50.200531028211515,727.9789301535227,284,0.01899359876434356,0.5105633802816901,0.3183907334076565,86.88442192881034,2708.2400906057783
464,216224,184,0.03828559110797043,0.4891304347826087,0.5150799491866224,58.944724423072586,720.2050891192109,284,0.025200194974069137,0.5105633802816901,0.4224322446398226,96.4101368710466,2709.0970066514883
465,217155,186,0.027234956684906574,0.489247311827957,0.3684276650986716,40.231915888381224,726.4335182114422,285,0.005947205159403044,0.512280701754386,0.09987055760665658,76.59492658684593,2728.5302132406996
466,218088,186,0.021933214454397235,0.46774193548387094,0.2967070255713068,33.75223201192691,742.0681951891679,286,0.010383202618829622,0.5104895104895105,0.1746725042601116,74.02564913059655,2732.0057350131583
467,219023,187,0.02208501815399207,0.48663101604278075,0.29957576160737254,29.268124586004518,744.1566557112453,287,1.5430320805063683e-05,0.5121951219512195,0.0002600363883032516,67.10024554291037,2750.120559107195
468,219960,188,0.03671086237580951,0.5372340425531915,0.49932171195481867,48.993740036895446,747.6754398841751,287,0.014346138061221803,0.5121951219512195,0.24176541594104164,89.23034295973594,2758.7910443628125
469,220899,188,0.05166732376022103,0.5,0.7027515803899325,68.16629020710997,753.1709717142726,288,0.03253763239587031,0.5104166666666666,0.5492984559870026,109.20272476999752,2768.551565883203
470,221840,189,0.056634064130493,0.48677248677248675,0.7723856568504128,69.00834182956754,749.1978080492175,289,0.0310378864886848,0.5121107266435986,0.5248982889453556,115.52116224152888,2775.166255061576
471,222783,191,0.05245017189645226,0.5078534031413613,0.719160524507477,74.62247710722383,750.1510291016015,290,0.036298870828499176,0.5103448275862069,0.6149418693849913,116.24469716811781,2785.4540909217812
472,223728,191,0.06390593301876821,0.5078534031413613,0.8762340073860785,86.9842303806355,763.1288365295086,290,0.045781535401059587,0.5103448275862069,0.7755883949078413,130.61358784844788,2800.6079461586023
473,224675,192,0.0464720758850359,0.546875,0.6388854163347268,69.4406237627901,765.875585019953,291,0.03578757992491727,0.5085910652920962,0.6073353707319493,104.27119593116443,2807.721454145552
474,225624,193,0.0675154543091755,0.5284974093264249,0.9306363137171948,92.85193058898378,762.4230607328624,292,0.051568499109385976,0.5102739726027398,0.8766644848595616,140.92302815693165,2813.864206757891
475,226575,193,0.044405787650740096,0.538860103626943,0.6120915418527674,63.66505729524579,768.8022428499652,292,0.03227763812267322,0.5102739726027398,0.5487198480854448,108.90295294740851,2824.1918763666617
476,227528,194,0.04270700222407484,0.5309278350515464,0.5902225135003938,65.99172931746463,768.0181462269752,292,0.031070925477868418,0.5102739726027398,0.5282057331237631,107.31671357086394,2826.1377212003954
477,228483,196,0.040874516130524945,0.5510204081632653,0.5678469259391803,64.43207296112604,770.0662312828666,292,0.028636128645085118,0.5102739726027398,0.486814186966447,103.84490492346043,2832.3031668092253
478,229440,196,0.07718989026551996,0.5663265306122449,1.0723562270655127,109.04235737672073,769.8475071666933,293,0.05736315641170488,0.5085324232081911,0.9768593537039907,140.79640484144574,2830.3302130630104
479,230399,197,0.13546301276065112,0.5736040609137056,1.8867814389274957,172.17171760786218,779.7866036311353,294,0.09670685267313638,0.5102040816326531,1.6496953258094713,210.6874839507361,2849.365073927106
480,231360,199,0.11456549708583404,0.5577889447236181,1.6039169592016764,152.85336207350502,780.4751152505038,294,0.08249080389688719,0.5102040816326531,1.407187700244149,192.08003154457987,2852.53483677094
481,232323,199,0.09872738562693284,0.5879396984924623,1.3821833987770598,131.0038942353787,781.6142407307644,295,0.07336588375475965,0.5084745762711864,1.253676771158394,165.7596646002906,2867.323267081585
482,233288,199,0.0755974404843859,0.542713567839196,1.0583641667814025,103.33150950388813,779.7060144676883,296,0.0573786324348513,0.5067567567567568,0.9821639811189751,130.9782321679754,2871.323595096027
483,234255,201,0.06516693615528862,0.5373134328358209,0.916980073086519,86.45262196784614,792.4615736109212,297,0.04799627178430751,0.5084175084175084,0.8229646279924644,128.37839892984363,2888.1738577674987
484,235224,201,0.07712889594890111,0.5373134328358209,1.0852997672895217,102.09767958753088,794.4409995603793,297,0.05764545582267378,0.5084175084175084,0.9884136692899018,144.85280967615608,2886.595976289097
485,236195,202,0.05359158329207098,0.5,0.7560023162335188,70.88539288738721,797.2539119094216,298,0.04007117350435156,0.5067114093959731,0.6882450065744572,107.83788509430435,2893.220835572609
486,237168,204,0.052859369622097266,0.5196078431372549,0.7494109048619091,71.17410969948332,808.8034985263668,298,0.040704276843420685,0.5067114093959731,0.6991189135168786,109.84935703772436,2903.2490963792325
487,238143,204,0.03487410599030659,0.5049019607843137,0.49442578512174173,49.09058377041603,788.6129470901342,299,0.02459005939126893,0.5083612040133779,0.4230633784391831,92.98802904549186,2901.156544605355
488,239120,204,0.04153698824445501,0.4950980392156863,0.5888884443393492,57.00114063524222,788.3108210900837,299,0.029650801036463736,0.5083612040133779,0.5101316698880514,100.9367881692273,2898.7652604152063
489,240099,206,0.04813417183615791,0.5,0.6858063831473237,56.91203719383873,786.2686869008779,300,0.028896877908392883,0.5066666666666667,0.49799977630237113,88.5938041900051,2914.626782865237
490,241080,206,0.05224254117506071,0.5242718446601942,0.7443416359514403,64.2611776796999,803.0740783345168,300,0.03534230459507357,0.5066666666666667,0.609078248458287,101.41349228102675,2930.072440391191
491,242063,207,0.055944430957893976,0.5072463768115942,0.7990462993227135,69.66505658464376,822.6724809193647,301,0.03479687637128012,0.5083056478405316,0.6006872200646936,108.10096130777256,2944.8144540844382
492,243048,208,0.03782312266841887,0.49038461538461536,0.541544702420773,43.38519746691679,817.109086521787,301,0.017505500119768903,0.5083056478405316,0.302191785566852,79.14235125966403,2944.215900727635
493,244035,208,0.03069483040526811,0.5144230769230769,0.4394830893102432,34.143980655107356,827.2307898463623,302,0.017188382047046324,0.5066225165562914,0.29721491002500544,69.45000863693349,2963.7492232719833
494,245024,209,0.04049900203711447,0.4880382775119617,0.5812700303614953,41.46457458249478,832.0430527945226,303,0.019025501315696237,0.5082508250825083,0.32953134918254406,81.27127290918749,2975.137131411033
495,246015,209,0.03547814883653911,0.5023923444976076,0.509207230155592,34.64265632168278,840.2655472199217,303,0.014761018917864879,0.5082508250825083,0.2556683473722734,74.0918789041946,2982.7125678686525
496,247008,209,0.039928526453572546,0.5023923444976076,0.573082165399736,39.590493311410796,836.9990508210144,303,0.013553832990271329,0.5082508250825083,0.23475927376453148,71.80523619962281,2984.418662777435
497,248003,211,0.03224754062772528,0.5260663507109005,0.4650806449634868,29.712222546173365,833.1185191283913,304,0.01174590419051782,0.506578947368421,0.20378382134286335,58.76456128085776,2989.9903027333903
498,249000,212,0.05006168506237793,0.5330188679245284,0.7237333853419401,55.94054883939097,837.1094621383806,305,0.025185772525272054,0.5081967213114754,0.4376820622139021,90.67078112192523,3006.3357959870955
499,249999,213,0.06020471557858979,0.5070422535211268,0.8724492153465251,73.11133385788634,845.0485921255423,306,0.035982825310782625,0.5098039215686274,0.6263492686640008,118.5933226739812,3020.0273411283592
500,251000,213,0.029619899884988764,0.49765258215962443,0.4292331284177854,35.51774571908646,857.710572053556,306,0.008555238228077822,0.5098039215686274,0.1489201351233833,74.0630522959004,3030.73634286146
501,252003,213,0.04748055578543641,0.49765258215962443,0.6880586220052236,56.990097299582004,855.0953449403647,307,0.02620553111827011,0.50814332247557,0.45690904762539936,92.93051206680289,3034.084378131893
502,253008,214,0.031040099675100363,0.49065420560747663,0.45088349186267057,40.240105694513204,863.6757833820673,308,0.0194539999669511,0.5064935064935064,0.3397495032929565,72.20478516006911,3047.195947942486
503,254015,215,0.04050688246568332,0.5069767441860465,0.5897891112446895,57.7245108951972,870.3586078609763,309,0.026996759942282546,0.5080906148867314,0.4722504256204083,95.84464476358607,3062.21974702466
504,255024,216,0.055326017914525336,0.47685185185185186,0.8074566483801434,76.32026327362476,866.9373282017146,309,0.03871458307824762,0.5080906148867314,0.6772286146747613,117.79099382357144,3062.7122958657806
505,256035,217,0.07140755930904127,0.4976958525345622,1.0446025362143674,98.22634647390356,869.6908097397593,310,0.05701474017186212,0.5064516129032258,0.9989789503475732,136.54416481843845,3079.5972484796575
506,257048,219,0.05048516816678966,0.4840182648401826,0.7419774095234106,72.72870165756498,870.1471377882035,311,0.03964122440254316,0.5080385852090032,0.6957006648098716,118.45660089674845,3080.6602850422014
507,258063,219,0.0493025317627833,0.4703196347031963,0.7245962750770772,71.44060305044655,878.4510523847498,311,0.038797481172899835,0.5080385852090032,0.6808930312254248,117.4229472547432,3086.2315745374895
508,259080,219,0.03226886491482913,0.4977168949771689,0.47425352172077956,46.755021265753356,879.6616684822559,311,0.02332288340143908,0.5080385852090032,0.40931494251785355,89.45877290367959,3098.8680680279476
509,260099,220,0.03029699285860886,0.5,0.44630257387963534,41.28289199669638,875.1647813594167,312,0.013284484153795146,0.5096153846153846,0.23351992086933873,82.6745857115864,3100.0220563055304
510,261120,220,0.016789426763982762,0.509090909090909,0.24732370020016586,23.106494736251108,876.8516814604677,313,0.005696638060310214,0.5079872204472844,0.10029966305503835,59.687092682696786,3110.279858783449
511,262143,222,0.01230567212538129,0.5,0.18210731740972835,17.8388092625471,875.2361319286447,314,0.006104285073241259,0.5063694267515924,0.10765023982986832,50.91499458621708,3119.9820704365975
512,263168,223,0.0033205181202591947,0.484304932735426,0.04925124291967995,8.667310857551598,886.1798338944454,314,-0.0005271066656206808,0.5063694267515924,-0.009295627299374956,38.8074364844463,3122.264134574224
513,264195,223,0.02716905487858104,0.5067264573991032,0.4029822073727035,42.88148179677387,894.1902668238906,314,0.01729529806794301,0.5063694267515924,0.3050059036568749,71.19273185551872,3129.349088629254
514,265224,224,0.027182774232054206,0.5223214285714286,0.40410099047655584,48.24794698203743,879.6251773925942,315,0.019105961094277243,0.5047619047619047,0.33747855901204027,65.61828629350715,3131.1350687080912
515,266255,225,0.025729237954575938,0.49777777777777776,0.3833570114534863,42.25131205137441,897.1688521640968,316,0.014886420075211149,0.5031645569620253,0.2633676561979817,47.8361806707524,3147.9591678968695
516,267288,226,0.02833614326221773,0.5176991150442478,0.42314885600678964,49.805445705044434,909.2347310760676,316,0.021320687871771053,0.5031645569620253,0.3772014738901173,59.67592256899067,3156.9611537532555
517,268323,227,0.039820226995802066,0.4933920704845815,0.5959745859274317,67.85666780376218,912.3033108303068,317,0.039239929567000696,0.501577287066246,0.6953333234793778,79.7742088891346,3175.137061685031
518,269360,227,0.047352072979055006,0.5066079295154186,0.7087009345645596,78.73504572311236,914.3349232428909,318,0.0426219364018459,0.5031446540880503,0.7564643287905545,96.26572083463259,3178.6003413557073
519,270399,228,0.04866916401703729,0.5087719298245614,0.7300374602555594,77.32066106062462,917.232283960184,319,0.04224247874918207,0.5015673981191222,0.7509187275841049,86.18281220833838,3191.739846007162
520,271440,229,0.042130717169701674,0.5065502183406113,0.6333635578455294,71.13391728428408,916.632433792864,319,0.03913669934254248,0.5015673981191222,0.6957091852170895,79.7340567002346,3192.5055434715005
521,272483,229,0.05375292822123789,0.5327510917030568,0.8080837011552744,86.40057485830783,926.8880974146473,320,0.04740656363496822,0.503125,0.8440498690180483,103.4154067571645,3211.2380333731962
522,273528,231,0.03988611975496431,0.47619047619047616,0.6022672008307249,59.749728272288166,927.0980793862019,320,0.028956507196137682,0.503125,0.5155559532708275,71.06542359961628,3214.297129884472
523,274575,232,0.019252111801297125,0.5129310344827587,0.29133731689814213,35.900159924676785,934.1267603035426,321,0.013099152341129914,0.5046728971962616,0.23359134802866546,54.095643833634256,3230.0103201828233
524,275624,232,0.012418711963259546,0.47413793103448276,0.18792921317146763,25.505233160321666,928.2181280281567,321,0.010261647438447537,0.5046728971962616,0.1829913872072044,48.529106939324734,3227.3258755900306
525,276675,234,0.021801084571198164,0.5,0.3313477986029234,39.01034062496748,929.9305816494938,321,0.017699958341357253,0.5046728971962616,0.31563547177223084,61.817015509160214,3227.9916670303733
526,277728,234,0.03276173411060472,0.5427350427350427,0.4979352490703435,55.88523344616996,939.4159331683062,322,0.024615736265431853,0.5031055900621118,0.43965110773508315,65.13331217068792,3241.383387627001
527,278783,235,0.021035282963872966,0.5106382978723404,0.320399884541002,42.381904441611795,950.440790013756,323,0.017910421511272593,0.5015479876160991,0.3203913600390403,42.68293857171402,3252.479518544291
528,279840,236,0.005319823794972803,0.5127118644067796,0.08120358596655204,15.552686299108359,944.2047365485982,323,0.005189210165709876,0.5015479876160991,0.09282741344048186,19.524142726695004,3263.00171160456
529,280899,237,0.0006201044719825254,0.5232067510548524,0.009485774409315143,4.775711172795326,948.1090325204669,323,-0.00026555380019608894,0.5015479876160991,-0.004750370791374815,9.639475196082685,3266.77667558554
530,281960,238,0.015942675525418438,0.5168067226890757,0.24439658791309335,22.269532614103014,954.8466974651533,324,0.003611981305204271,0.5030864197530864,0.06471396505141369,26.4954655813266,3275.027913058623
531,283023,240,0.014319492699110663,0.5083333333333333,0.22044578804071627,12.834111295865455,959.3180185025745,324,0.0014656955367222623,0.5030864197530864,0.026260094315214994,22.809325264404464,3275.046868833607
532,284088,240,-0.014565390584246083,0.5291666666666667,-0.22423133786466987,-29.512663344052328,970.2073504029847,324,-0.027785042690611394,0.5030864197530864,-0.4978099634794691,-30.884055553039246,3278.9896166789167
533,285155,242,0.012549361178928138,0.49586776859504134,0.19400841572933397,10.430827086889735,968.136754681946,325,-0.006221229084473018,0.5015384615384615,-0.1116359646597849,-0.9564786582691198,3292.336329497722
534,286224,243,1.541271386063558e-05,0.5267489711934157,0.0002387727364084073,-3.81190207992222,966.2918660457212,326,-0.013597846775493971,0.5030674846625767,-0.2443832320932212,-4.274867031164547,3297.246657292563
535,287295,244,0.0002565284177642351,0.5368852459016393,0.0039823919719271595,0.3798699283317717,978.3309851160298,327,-0.010206075186174265,0.5015290519877675,-0.18370935335113678,-8.40321884359733,3318.7048468690064
536,288368,245,-0.01536096739433117,0.5265306122448979,-0.23896057262257447,-20.962545213369594,975.1856301763266,327,-0.01851876012376103,0.5015290519877675,-0.33333768222769855,-26.166751421737416,3311.3445020375148
537,289443,246,-0.01313869857017378,0.516260162601626,-0.20481204121986196,-20.654916460764724,982.5688381310656,328,-0.016248258477846538,0.5,-0.2929196453943408,-31.114196576034743,3320.2201420322262
538,290520,246,-0.005832637613790305,0.516260162601626,-0.09092182220299896,-9.317065984152578,981.6387767023289,329,-0.00930547020202143,0.49848024316109424,-0.16801463886194876,-28.2090963056788,3329.8263632589023
539,291599,248,-0.008695305751128741,0.5161290322580645,-0.13610306321268115,-13.343378679330016,975.7455659664074,329,-0.010872273360208028,0.49848024316109424,-0.19630400641408996,-30.381238739368754,3324.8578272887407
540,292680,248,-0.012173291245191892,0.5,-0.19054214713906492,-19.112792385212146,976.2315325648511,329,-0.01240456980440069,0.49848024316109424,-0.2239703390239728,-33.7485436180405,3333.4387449403216
541,293763,250,-0.02191173498153301,0.532,-0.3443699465480859,-28.8743673909606,987.0443755317601,330,-0.020662903371551647,0.5,-0.373650201749792,-41.408350007098235,3344.6249132879343
542,294848,251,-0.02840036308983327,0.49800796812749004,-0.4472493651882832,-43.650410124069055,990.9900560957504,331,-0.02265632176737776,0.4984894259818731,-0.41032343883434363,-55.70519087460124,3354.8294021449055
543,295935,252,-0.040237501908151646,0.5079365079365079,-0.6349370704190442,-68.94705758813387,989.7533338894413,332,-0.03547889864093598,0.49698795180722893,-0.6435289347392106,-93.2307005450476,3363.3783304820004
544,297024,252,-0.03229414985007916,0.4880952380952381,-0.5095930891606583,-54.05693936936606,996.7635345528057,332,-0.027584968926568053,0.49698795180722893,-0.5003460182849759,-75.7964931943329,3363.4531908306762
545,298115,253,-0.04755283231847414,0.48616600790513836,-0.7518762965922184,-85.7338252975986,994.0485905609607,333,-0.04152863405277793,0.4954954954954955,-0.7544051015704695,-116.18290659601512,3375.00215966673
546,299208,254,-0.06806073587479894,0.5,-1.0782848444277628,-126.22531499983953,1002.4004770294578,334,-0.062194795703063174,0.4940119760479042,-1.1315351319126812,-170.49578881961676,3391.075509504642
547,300303,256,-0.07216802090362431,0.4921875,-1.147902643959812,-130.2514117293651,1008.8155893218064,335,-0.06069548128261543,0.4955223880597015,-1.1059243015589277,-161.12575434448902,3400.7917230002995
548,301400,256,-0.04845253182312213,0.4921875,-0.7706846978744795,-84.73318496787255,1015.2480070566985,335,-0.043177997012191334,0.4955223880597015,-0.7867405477201203,-120.68154493390134,3409.15719689579
549,302499,258,-0.039927549234034604,0.4806201550387597,-0.6375918309531934,-72.63228231723684,1014.8730090373884,335,-0.035160455212101385,0.4955223880597015,-0.6406539836446553,-106.43796938465911,3406.6782963661544
550,303600,258,-0.04248957181303472,0.4806201550387597,-0.678504050671795,-72.36490042744396,1010.1329123031045,335,-0.03422091005084618,0.4955223880597015,-0.6235346560722114,-100.01875582823037,3406.420825277984
551,304703,258,-0.048492736964658015,0.45348837209302323,-0.7743669106260255,-83.01573517032094,1028.0874045070013,336,-0.038355664045390286,0.49404761904761907,-0.69992518824002,-119.19943204568143,3423.739585746236
552,305808,260,-0.04370735127463939,0.47692307692307695,-0.7006821438778739,-70.88247980788151,1032.2061571211937,336,-0.03448125398354073,0.49404761904761907,-0.6292238391863334,-107.76568567758899,3430.292317850509
553,306915,260,-0.04827881578017615,0.5076923076923077,-0.773968294994052,-77.72367162372893,1035.2116076004997,337,-0.03550243391683351,0.49258160237388726,-0.6488306557819148,-119.5151124995109,3436.7946914846734
554,308024,262,-0.054958407962274684,0.48854961832061067,-0.8844718711687132,-85.5913182238346,1033.7564386624426,338,-0.03871710804821724,0.4911242603550296,-0.7086394306216702,-139.38914119875923,3444.7968426042535
555,309135,263,-0.05175908156965085,0.4866920152091255,-0.8345901128594684,-75.41626036045446,1034.8827107723807,339,-0.03307251986261812,0.49262536873156343,-0.6062293027735122,-117.16441001707877,3455.6033518061436
556,310248,264,-0.05279179023660284,0.4734848484848485,-0.8528774726633415,-75.69122176220836,1047.2379603042912,339,-0.027845312811063276,0.49262536873156343,-0.5104130148256841,-107.9863407568744,3455.8532074762043
557,311363,265,-0.043403482653343047,0.4528301886792453,-0.7025467417097822,-58.02337733818203,1042.5533556711227,340,-0.0212419092170487,0.49411764705882355,-0.38994961767061537,-85.37822017773073,3461.9401377448885
558,312480,266,-0.04284925389018938,0.462406015037594,-0.6948981227509355,-53.89425776608121,1042.6512682704742,340,-0.021104378585631616,0.49411764705882355,-0.3874248908868267,-85.4656514048494,3470.425130984471
559,313599,267,-0.033243414126658946,0.4943820224719101,-0.5401415461323898,-40.54530725868193,1050.8922239371552,341,-0.013274157057103088,0.49266862170087977,-0.2440424082099343,-79.11492208088863,3479.6644268799814
560,314720,269,-0.049153705155143244,0.4795539033457249,-0.8016726703008834,-58.231700841268946,1055.3965126631847,341,-0.022523212436538792,0.49266862170087977,-0.4140842224475258,-96.78813965833785,3484.071571413475
561,315843,269,-0.04360299785529618,0.4721189591078067,-0.711143373901314,-51.36789106338517,1060.1000400341718,342,-0.018719271272308498,0.49415204678362573,-0.34465833611210817,-80.27361233875173,3491.6662877842373
562,316968,270,-0.037709234461921405,0.5,-0.6161739682175894,-36.13826651197758,1068.101347444,343,-0.00913486730658882,0.49271137026239065,-0.1684386304891339,-70.17716135946087,3507.730108902241
563,318095,271,-0.030932687045613323,0.4870848708487085,-0.5063899113005481,-20.64110319595835,1071.6307018075445,344,-0.0035919849335696247,0.4941860465116279,-0.06633025942343353,-48.46782100976726,3522.130462683433
564,319224,272,-0.032495549970800154,0.4632352941176471,-0.532966646767303,-24.595276840959315,1075.3190902235551,344,-0.003856431622308635,0.4941860465116279,-0.07121358098299668,-48.762272195123984,3527.614242281681
565,320355,274,-0.013037131704829579,0.4927007299270073,-0.2146182742385622,1.6438590504370438,1091.0613686155066,345,0.009924922378067726,0.4927536231884058,0.18354399145722253,-32.066587347323946,3547.626827918407
566,321488,275,0.0008590573024502344,0.48363636363636364,0.014167935985841975,28.306938172892927,1089.2317145407444,346,0.019882207939649198,0.4913294797687861,0.3682236440622998,-22.187031431814034,3554.9324154752035
567,322623,275,0.022970260496167974,0.48727272727272725,0.37883524109461314,66.11725747025042,1091.0086901689792,346,0.04111874068593563,0.4913294797687861,0.7615297345539739,21.34402681927793,3551.420865797781
568,323760,276,0.019932789383310192,0.48188405797101447,0.32934373119832894,57.75000568354659,1091.1853117866813,346,0.03672053798075437,0.4913294797687861,0.6800738805390458,13.53847751109808,3556.465889624835
569,324899,277,0.044687102282417,0.5126353790613718,0.7397031622545495,97.9449435730368,1091.1198712035894,347,0.05455119354116642,0.49279538904899134,1.0117739147494533,61.57262854034964,3562.9664669322774
570,326040,279,0.03374915424223533,0.5053763440860215,0.5606830599637096,77.03321272403113,1097.4882895901078,348,0.046794162980718194,0.49137931034482757,0.8691630012418705,32.6346361889149,3575.3871591195657
571,327183,279,0.038506478739791336,0.4910394265232975,0.6397176703537965,86.13584387634128,1100.4805488113923,349,0.05153323294524862,0.49283667621776506,0.9585735432584624,54.05286076145204,3582.2513329629514
572,328328,281,0.052653992756217786,0.5088967971530249,0.8779175023780822,107.409206475329,1107.025506989316,349,0.06274025122559843,0.49283667621776506,1.1670361334819574,71.89776170049403,3593.9567590471693
573,329475,281,0.048958565393905765,0.505338078291815,0.8163024150823998,104.39612263407525,1111.8098228880901,350,0.05986579122623697,0.49142857142857144,1.1151761281621646,60.4018686982688,3600.005923538073
574,330624,282,0.05914643198260697,0.5319148936170213,0.9879401885439268,129.2049325243167,1113.286244692979,351,0.06934191576788531,0.4928774928774929,1.293556665268845,94.30644418427586,3606.0884948503167
575,331775,284,0.05678735286803237,0.5140845070422535,0.951929497524957,123.7582441604927,1113.159254760302,351,0.07043039662758518,0.4928774928774929,1.3138620124097504,94.51825462513156,3605.3528527531093
576,332928,284,0.042881308020859536,0.4859154929577465,0.7188217082837253,101.10803634260023,1116.484280209376,351,0.05997412538840997,0.4928774928774929,1.1188028017503544,75.91333292328012,3609.707062061646
577,334083,286,0.05016702660702919,0.4965034965034965,0.8439400145040381,113.57744134979933,1119.5701035238794,352,0.0639183154536494,0.4943181818181818,1.1940926750469791,93.20085739268494,3620.9246089931116
578,335240,287,0.059469557858481244,0.5156794425087108,1.0021988029202802,134.2818292586392,1122.6610243270466,352,0.07349162315055727,0.4943181818181818,1.3729368219196871,113.03932890265183,3624.637727380007
579,336399,288,0.07056714323819895,0.5381944444444444,1.1913104909586498,152.54653884036014,1119.9176947662115,353,0.08271383722240755,0.49291784702549574,1.547434200158193,124.66445089699512,3627.5573456396414
580,337560,290,0.08449696757488767,0.5241379310344828,1.4314694097059548,178.72498758951653,1131.0563044737255,353,0.09275914519321606,0.49291784702549574,1.735364704015167,145.90657763536285,3631.1851365720886
581,338723,291,0.10322088020981633,0.5292096219931272,1.7517164245537302,215.47131068065454,1137.7047331084523,354,0.10795370062385558,0.4915254237288136,2.022511932947034,174.31145419758033,3645.2351246981607
582,339888,292,0.06766627612931277,0.5273972602739726,1.150326694198317,147.2980654330351,1127.9128369904458,355,0.08350006432801783,0.49295774647887325,1.56660007068162,125.74187191723306,3653.7018733749646
583,341055,292,0.0775842295238015,0.5205479452054794,1.3189319019046257,169.4842396312316,1141.1875275211432,356,0.09082798192922448,0.49157303370786515,1.706502848626817,136.1171653091518,3661.258457858591
584,342224,292,0.08262863187940675,0.5376712328767124,1.4046867419499147,176.6342831103671,1137.3517952969935,356,0.09429618012216524,0.49157303370786515,1.7716643767170002,140.78550088748983,3662.6289914791037
585,343395,294,0.08627822799018915,0.5068027210884354,1.4717963153615972,186.25809033896877,1148.8075873431658,356,0.09763121654446728,0.49157303370786515,1.8343240222804937,150.53934230452512,3669.353820695674
586,344568,295,0.08194938238480518,0.5254237288135594,1.4003516600444676,171.52947541304817,1154.1586602459226,357,0.09412685536744478,0.49019607843137253,1.7709862153847524,129.06990161336333,3683.3857407220544
587,345743,296,0.08975893797973596,0.5236486486486487,1.5364255320529776,184.61888839183464,1158.9015274224294,358,0.09357316643570106,0.49162011173184356,1.7630535454900997,140.6273866237799,3698.491322940514
588,346920,297,0.09744418913768428,0.5521885521885522,1.6708197925060715,205.92446711285112,1164.7702972358625,358,0.10389239871150807,0.49162011173184356,1.9574827792501759,165.91428495538307,3699.3762948322224
589,348099,298,0.09945172221607564,0.5201342281879194,1.708139423543735,200.68825958533728,1165.0895776150023,359,0.10802796888007227,0.49025069637883006,2.0382676402979993,158.61941545324999,3707.054530778216
590,349280,299,0.08103139182722645,0.5284280936454849,1.394116778677963,174.9274366652198,1173.5953114194715,360,0.09325131772473115,0.49166666666666664,1.7619317659578526,143.2627884052031,3720.5860602621774
591,350463,300,0.09586362871513691,0.5433333333333333,1.6520838620356977,206.3703073618293,1171.7249893353685,361,0.1043253582475222,0.4903047091412742,1.9739284114941045,165.0327873716485,3725.9509097327227
592,351648,301,0.08753011074715869,0.5182724252491694,1.511003985980229,194.62311733990126,1177.1065920202357,361,0.09974787835858517,0.4903047091412742,1.8873184275209098,155.26837691324272,3733.5903346268333
593,352835,301,0.0818912856183898,0.521594684385382,1.413662771933018,176.79545619731425,1194.6338193421236,362,0.09410564546625116,0.49171270718232046,1.783047456069101,145.00883414263126,3756.919400539672
594,354024,303,0.07970643402603998,0.49504950495049505,1.38055593423238,169.24069199870422,1193.908755175591,362,0.09157962200650435,0.49171270718232046,1.73518614358825,134.99127320321656,3753.928285671315
595,355215,303,0.09792776166725288,0.49834983498349833,1.6961585867917792,204.9389667073078,1209.7863899074896,363,0.10899544983490378,0.4931129476584022,2.068043256437517,184.43042594870462,3776.968195403526
596,356408,304,0.09309372127345865,0.5296052631578947,1.6151156996025586,196.3581263851359,1203.1953901041793,363,0.10219859142630286,0.4931129476584022,1.9390819354084392,174.23083264089186,3773.5928384885997
597,357603,306,0.07274228118465445,0.5098039215686274,1.2662172641375737,165.5556628072185,1205.423910081035,364,0.08685344944547795,0.49175824175824173,1.650215539464081,131.3037096499567,3780.7776808478425
598,358800,307,0.0955201538033955,0.5374592833876222,1.6654507900018534,204.88113437071766,1212.8037670456645,365,0.10621889626933093,0.4931506849315068,2.0209523301484147,182.77054968137224,3792.9991741205163
599,359999,308,0.07119890770848067,0.487012987012987,1.2434354667447072,147.1845860769782,1218.03494599353,366,0.08148799464426501,0.49453551912568305,1.552554816238443,130.60322631499707,3809.875387120246
600,361200,309,0.05135713092821683,0.49514563106796117,0.8983828796991123,120.15343537477887,1226.251550278447,366,0.06413235799529143,0.49453551912568305,1.2218855270274496,101.35545749820884,3814.3503071902646
601,362403,311,0.07431478757506413,0.5112540192926045,1.3042192288555967,166.8631357871495,1229.125180284941,367,0.08375577713003825,0.49591280653950953,1.5979583829896873,157.22741050442602,3820.259123114608
602,363608,311,0.052979063719513476,0.5016077170418006,0.9297787948322176,123.61210500229006,1222.870993224753,368,0.0629232972765475,0.49728260869565216,1.2021479065222218,119.91761723693023,3827.270331546274
603,364815,312,0.04623495546727405,0.5288461538461539,0.8127363484438184,113.63519884039457,1237.3527926972265,368,0.05884257434031849,0.49728260869565216,1.1241858042928252,109.7350162021095,3842.853893223605
604,366024,314,0.05065950884536353,0.5031847133757962,0.8933901695995025,114.06154465195016,1231.821660832897,368,0.06043841874578004,0.49728260869565216,1.1546743688499124,112.04051366012611,3845.8220344660035
605,367235,314,0.057291716180618936,0.5254777070063694,1.0103504199278113,121.5496431122971,1231.9093188466425,368,0.06465683212180814,0.49728260869565216,1.2352670432380617,115.09366167007815,3842.9360994758063
606,368448,315,0.0633681194641603,0.5142857142857142,1.1193041553127177,133.20661092407505,1244.4914129677961,369,0.0658128839116105,0.4986449864498645,1.2590746054492967,132.4689449803069,3855.6541289286392
607,369663,316,0.05030182644323341,0.5,0.889930155530972,110.46808515218126,1240.081986167313,370,0.05055575460999793,0.5,0.9685089297349725,116.2250475063066,3860.874253575609
608,370880,317,0.04044877515691305,0.5299684542586751,0.7167541219079768,88.22951258766363,1250.5993053042992,370,0.03915600925294628,0.5,0.750121225700467,91.55182072754262,3865.9730000344853
609,372099,319,0.012369835586618461,0.4702194357366771,0.21989100720818783,29.247741737402976,1245.2814415986218,371,0.010864677198859904,0.5013477088948787,0.20842064560363704,35.4527725694651,3871.183316791855
610,373320,320,0.014808138055533602,0.490625,0.2636514024179321,38.09757033975447,1260.8944778154046,372,0.015636190921313485,0.5026881720430108,0.3003614192081695,56.96066247527233,3892.0719314314124
611,374543,321,5.447118962447002e-05,0.4984423676012461,0.0009713604576651144,11.482197514394954,1267.4308500281882,373,0.005213185141118186,0.5013404825737265,0.10027761837400663,22.6826198156798,3901.032117920875
612,375768,321,0.018815903473655395,0.4797507788161994,0.33553562416308885,48.675493659290225,1259.069687460571,373,0.021329459806214975,0.5013404825737265,0.4102803512005271,57.840273897785934,3909.686482737678
613,376995,322,0.021558445697847643,0.4813664596273292,0.38504615218093985,50.84681561119089,1265.1706192929587,374,0.02058330755406924,0.5026737967914439,0.39646250264062155,67.21639230464719,3921.3866948630584
614,378224,323,0.012693337549352616,0.4984520123839009,0.22706532497362433,30.335322091553536,1280.4098677426878,375,0.012317709294015723,0.5013333333333333,0.23757537321384944,39.25683861389767,3933.1068090331373
615,379455,323,0.007389530574013974,0.49226006191950467,0.13218794148246632,19.068376686332016,1282.7671506685579,376,0.005790235776335651,0.5026595744680851,0.11182802743003598,34.35265521754316,3939.00542501433
616,380688,324,0.007253220394825649,0.5,0.12995212640348996,22.79284882856598,1283.981818057384,376,0.006351850966026698,0.5026595744680851,0.12267461835722634,35.81195726069835,3943.41733834208
617,381923,325,0.010678092473678923,0.48307692307692307,0.191611518855765,26.671884703091962,1279.962414251283,377,0.007108043995045434,0.5039787798408488,0.1374630286618098,48.443299240341716,3955.5778698550084
618,383160,327,0.010732307693742471,0.4831804281345566,0.1931815384873645,26.593676949157583,1292.1271062561807,378,0.007812994055879466,0.5052910052910053,0.15129797931219358,60.43388797605145,3965.367016217711
619,384399,327,0.028374309644113072,0.5107033639143731,0.5107375735940353,64.9094993088934,1297.579246911066,379,0.02039060644693137,0.5065963060686016,0.395388528613171,101.4368366631523,3978.7273627752816
620,385640,329,0.02683372692959648,0.49240121580547114,0.4844955538535739,53.361074102061224,1294.624236319255,379,0.01411715103809572,0.5065963060686016,0.2737417149259226,85.8509553994075,3975.929246213736
621,386883,329,0.016507389433024405,0.48936170212765956,0.2980486760938378,31.597002731386056,1302.396992814316,379,0.006969939659763321,0.5065963060686016,0.1351521443841675,69.27391697471757,3991.8262491747832
622,388128,331,0.007262569928073635,0.5045317220543807,0.13153073558272346,12.332214961496476,1304.319714363908,380,5.054318496197529e-05,0.5052631578947369,0.0009813711361558724,42.246130458891116,4001.5875024283937
623,389375,332,0.012502032275312363,0.46686746987951805,0.2267663264756503,20.678770655916168,1307.7777547973437,381,0.0032386797521799324,0.5039370078740157,0.06296713103718592,39.66614220430559,4010.1551184820223
624,390624,333,0.01643767281256422,0.4984984984984985,0.29860515546899263,24.837148822458744,1309.0357393854265,381,0.0032001787255078614,0.5039370078740157,0.06221858552573338,39.38556191735712,4013.753729588786
625,391875,335,0.011067600326097245,0.5014925373134328,0.20166127530284947,12.761216099577553,1316.9319925306304,381,-0.0004970613449218735,0.5039370078740157,-0.0096639770629216,30.480824978842435,4022.4234046117163
626,393128,335,0.03548107856903123,0.49850746268656715,0.6464960192391186,63.988674500702956,1314.5986904712424,382,0.02283939872295797,0.5026178010471204,0.4446356404922466,74.61149377144808,4026.5784304528083
627,394383,335,0.055500870441571336,0.5164179104477612,1.0112739874852577,105.06275766490563,1327.8577865769137,383,0.03819173146347988,0.5039164490861618,0.7444939044934165,120.50826040443214,4048.396991583713
628,395640,336,0.05491139486784181,0.5059523809523809,1.0020389255655544,99.95412224758593,1335.1166328477036,383,0.03509668895052753,0.5039164490861618,0.684160418769042,113.26174228300424,4054.8225107780895
629,396899,338,0.0391701872367468,0.5236686390532544,0.7169321413733685,62.559331157490476,1333.7344506815596,384,0.019965498589999277,0.5026041666666666,0.38971098526203657,69.06215090589735,4054.514073185445
630,398160,339,0.03238976699288672,0.528023598820059,0.5937142359475422,51.171404790085006,1343.4408495209373,384,0.013079435024074444,0.5026041666666666,0.25530038666081845,52.44530837740534,4071.332457685333
631,399423,340,0.0341725411896171,0.5117647058823529,0.6273244667211682,58.755421397487254,1346.9419313665412,385,0.01489840574162245,0.5038961038961038,0.2911866627633336,67.31273162704446,4082.238227334341
632,400688,341,0.038119327082177176,0.5190615835777126,0.7008153015259627,63.96564148317273,1353.3128396219709,385,0.017773293007819213,0.5038961038961038,0.34737581772277387,74.29632654090318,4081.8670641283666
633,401955,342,0.02801371001775049,0.5146198830409356,0.5157871021041242,48.98208359871026,1355.0481572654808,386,0.013176959688051354,0.5025906735751295,0.2578781846447333,54.275473737281914,4096.396555014793
634,403224,344,0.024664769704096496,0.5087209302325582,0.45546420804892634,41.67615433335092,1365.7444809303113,387,0.010823799754304668,0.5012919896640827,0.21210229180886692,37.92184787812752,4107.504483013317
635,404495,344,0.0213756765533157,0.5116279069767442,0.39472720441614095,33.980441383114794,1367.867566748039,388,0.009124858019811206,0.5,0.17904264308945916,23.01938242881846,4119.856675622126
636,405768,346,0.02459660356937038,0.5086705202312138,0.4555354729897837,35.08328436354998,1374.9662257611967,388,0.007710756281080046,0.5,0.15129596337673032,19.80770752107655,4124.565501079134
637,407043,346,0.006467379562177747,0.5115606936416185,0.11977754569048879,-7.198156460192479,1373.8423704103939,388,-0.005882233826008272,0.5,-0.11541776202897379,-15.63574746181672,4126.054121719606
638,408320,348,0.009792958655920777,0.4942528735632184,0.18189613392433032,0.6995740670502357,1370.1878648235809,389,-0.0048614928841219434,0.5012853470437018,-0.09551318046256317,-2.081709596739387,4135.762294963888
639,409599,349,0.009371363622771087,0.4899713467048711,0.17431743982736853,3.2620905456765,1371.9430114743475,389,-0.004843554826257215,0.5012853470437018,-0.09516075354375032,-1.8315689657572705,4132.8389394844635
640,410880,350,-0.0035025147988704854,0.5028571428571429,-0.06524462154812796,-31.270471151961914,1389.5097513695964,389,-0.017061523898512797,0.5012853470437018,-0.3352057587922021,-33.219211042069674,4146.541249568472
641,412163,351,-0.0005619125562508503,0.49002849002849,-0.010482342813683545,-20.3103936463923,1382.6824823179493,390,-0.014186522072045725,0.5025641025641026,-0.2790817390832798,-14.217118424033202,4152.468109375882
642,413448,352,-0.015378753238961039,0.4971590909090909,-0.2872988198087738,-52.232302374539415,1394.3518080014017,391,-0.027223628027084026,0.5038363171355499,-0.5362432825754831,-38.855390144440975,4163.272563946883
643,414735,353,-0.018187034328855555,0.48725212464589235,-0.34024825670036823,-62.921360811185025,1392.2595869182867,392,-0.03208035109966918,0.5051020408163265,-0.6327234249478676,-41.18679490137559,4170.579133420458
644,416024,354,-0.013184882494007262,0.4971751412429379,-0.24701869435258028,-54.01818833941243,1404.3086825048595,392,-0.03082672310886582,0.5051020408163265,-0.6079980161302628,-36.06263934001031,4178.332660781686
645,417315,355,-0.01854230692438956,0.5098591549295775,-0.3478845144865596,-63.49727520479931,1393.8419025127964,393,-0.03684719073424955,0.5063613231552163,-0.7276737121487932,-42.33530586871527,4182.003226667664
646,418608,356,-0.020387182008169868,0.5056179775280899,-0.38304037405042374,-72.30356220743818,1420.3989386361557,394,-0.039819996917327544,0.5076142131979695,-0.7873894667875144,-39.558680784582464,4214.895987494692
647,419903,357,-0.002583631971496935,0.5126050420168067,-0.048610745459270244,-33.15168943745297,1429.2717164384787,395,-0.026438772937988037,0.5088607594936709,-0.5234609976596762,6.790135485672309,4227.645743181095
648,421200,358,-0.016877285187184655,0.5251396648044693,-0.3179924183495492,-62.41429328109021,1425.8914090535422,395,-0.03868204317552859,0.5088607594936709,-0.7658653811078783,-22.331500394589156,4230.543058472253
649,422499,360,-0.025902287058011002,0.49722222222222223,-0.48940930264586385,-83.64818836637585,1429.997515909919,396,-0.04666824934311394,0.5075757575757576,-0.9251619967460643,-53.645661533519416,4234.952314259948
650,423800,361,-0.007726207070088217,0.5207756232686981,-0.1461866980849402,-44.46860280313598,1430.1191324580473,396,-0.03108451109155075,0.5075757575757576,-0.616226422763331,-12.333694520292042,4243.750574948597
651,425103,362,-0.0015114321435691898,0.5138121546961326,-0.028637551182607808,-26.50087842955446,1430.311888262465,397,-0.026187178810377153,0.5088161209068011,-0.5198006575740227,9.289110455484106,4255.134771837533
652,426408,363,-0.013823084582897974,0.5261707988980716,-0.26227458942669724,-52.79781224166635,1443.0355029264804,397,-0.0348251705438571,0.5088161209068011,-0.6912598978264546,-15.569044850185207,4261.804132656545
653,427715,364,-0.004509470250741251,0.5054945054945055,-0.08567993476408378,-34.14176631811199,1442.8839778165636,398,-0.02841115580730031,0.5100502512562815,-0.5646605536524968,10.20411304960605,4267.966619723478
654,429024,366,0.002459541356778391,0.5136612021857924,0.046860556525827705,-9.135555411438162,1455.7492936631975,399,-0.01932481553467279,0.5112781954887218,-0.38455897362804553,45.33109115140954,4283.935968642869
655,430335,367,0.01727606475357017,0.5258855585831063,0.3296063082929634,31.42587526965073,1451.5124049960177,400,-0.0011619666477971123,0.51,-0.02315202144015431,82.73243205598627,4290.1999348571735
656,431648,368,0.007777129746633064,0.5135869565217391,0.14858185518436354,11.27759147631005,1457.9247963304506,400,-0.008897263981978756,0.51,-0.17727672894915322,62.95296451398643,4299.064088357645
657,432963,368,0.01957809903424334,0.5135869565217391,0.3740390568577613,39.402439055966624,1461.365449119646,400,0.0015813771874734182,0.51,0.03150871724138181,90.13981211988423,4304.453114991504
658,434280,369,0.0311991710265306,0.5203252032520326,0.5968752866586374,71.44815235394748,1464.2412469903206,401,0.012419518194056369,0.5112219451371571,0.2477686098049022,128.85027017384982,4318.510519640484
659,435599,370,0.04144960661387425,0.5162162162162162,0.7940602301206682,97.95726922841851,1476.348077018409,402,0.02035646921497672,0.5124378109452736,0.40662015410111885,159.1813231150279,4336.290630592788
660,436920,372,0.03946192905477317,0.5268817204301075,0.7580389031594209,102.97015465354067,1477.848693666537,402,0.022568961215161845,0.5124378109452736,0.45081464719134884,165.65084609900515,4333.600797183166
661,438243,373,0.031456361943562314,0.5201072386058981,0.6050752031673635,78.89519647187845,1489.9141194147262,403,0.010574250633884659,0.5136476426799007,0.21148501267769318,145.7076605288339,4356.725612157208
662,439568,374,0.021927424899349793,0.4919786096256685,0.422352031092391,61.724900502446616,1487.5684790635291,404,0.006210900601375909,0.5123762376237624,0.12437318761834813,124.23173885531239,4362.972300887
663,440895,376,0.028587078577997176,0.5,0.5521081922829711,77.10519007066853,1490.623054031925,405,0.010174162787738883,0.5135802469135803,0.2039913295937528,145.05007711652738,4377.074948830825
664,442224,377,0.03034811729936616,0.506631299734748,0.5869046563390146,84.95447913081239,1494.9416387407723,405,0.014201809919595697,0.5135802469135803,0.28474540348689625,155.35468864661038,4382.727286786929
665,443555,379,0.031662458845204924,0.5171503957783641,0.6139578559206936,95.28683728247461,1495.5429642868103,406,0.016019169001685582,0.5147783251231527,0.32158257342141444,170.5200757578503,4393.356621272592
666,444888,379,0.03289537911919995,0.5145118733509235,0.6378650670328773,97.73240820716777,1521.100805078796,406,0.017056646589135964,0.5147783251231527,0.34240979063875127,173.27162454396623,4410.317346638634
667,446223,381,0.023753278633910867,0.5091863517060368,0.46181651869022405,69.00825058417163,1511.4872368737142,407,0.007785942606048848,0.5135135135135135,0.15649550956795352,139.01397269947222,4408.63907578864
668,447560,381,0.008775502906680275,0.49868766404199477,0.170615276508958,33.24136975094308,1519.6065087649317,407,-0.0076307694736919215,0.5135135135135135,-0.15337656820809986,99.69911094151274,4422.941879286396
669,448899,382,-0.004829769280574623,0.49214659685863876,-0.09402557324503635,-4.489177414067626,1509.131111253423,408,-0.018043657000825802,0.5122549019607843,-0.36312159254882825,60.81704161452336,4423.66504510746
670,450240,383,0.006759337965480731,0.4830287206266319,0.1317637541132002,28.068411302314757,1519.6912131324882,409,-0.007815853571329362,0.5134474327628362,-0.15748508571187161,99.27268483235251,4440.103849736308
671,451583,384,0.0061144754193786744,0.4947916666666667,0.11934979881945706,22.34354594219829,1533.0570551556561,410,-0.008321102643367523,0.5121951219512195,-0.16787193012827784,87.54417650882934,4451.223970558427
672,452928,385,0.008283648867762143,0.4987012987012987,0.16190242843018762,32.35350056726571,1530.5224302158679,410,-0.00413992257042081,0.5121951219512195,-0.0835197956645933,97.84688526258364,4459.3384250053805
673,454275,387,0.012448751006279915,0.4935400516795866,0.24394470320275533,35.48015639270602,1524.981416005403,411,-0.00431814236014432,0.51338199513382,-0.08722220018165608,107.93736367999233,4462.390740311418
674,455624,388,0.010352832147195885,0.5051546391752577,0.20313723534887648,26.06321387958519,1540.3508913444,412,-0.006261505620555516,0.5121359223300971,-0.1266311143764658,92.35579775435053,4485.035285196805
675,456975,389,-0.0008038229050731889,0.4987146529562982,-0.01579261433107375,1.7876690537545414,1541.0630395864046,412,-0.014681271485495676,0.5121359223300971,-0.29691034095195945,69.97740852985717,4486.204238829716
676,458328,389,-0.018990393719505127,0.4884318766066838,-0.37310203791727325,-44.96386740118214,1544.9081113782656,412,-0.031943123837892676,0.5121359223300971,-0.6460097001236789,23.27437186012486,4489.550553569072
677,459683,391,-0.03310916122921769,0.47058823529411764,-0.6521748417666114,-72.65866721586286,1553.9112778207168,413,-0.04494026256729773,0.513317191283293,-0.9099709620879346,0.8476214734787391,4501.934361653027
678,461040,392,-0.055629344322912146,0.45663265306122447,-1.0971821710504956,-128.83436588487996,1549.9207810306407,414,-0.0647530319744592,0.5144927536231884,-1.3127469545205097,-43.90500054770965,4509.191742279043
679,462399,393,-0.06127621475559245,0.46055979643765904,-1.2101082815028,-150.08980349292963,1558.4831193338089,415,-0.06680789427885925,0.5132530120481927,-1.3560521494565747,-71.85571708267915,4521.034664120529
680,463760,395,-0.06004777221242472,0.4708860759493671,-1.1888852339434184,-139.1119033748006,1567.6865930851302,415,-0.06384742898925454,0.5132530120481927,-1.2959612670437397,-62.6575276508683,4534.168149623699
681,465123,396,-0.047806931260020745,0.4898989898989899,-0.9477354862326498,-103.25654075823496,1570.3720034414541,416,-0.05115417266856858,0.5120192307692307,-1.0395756319386127,-30.872941859492016,4544.022959423434
682,466488,397,-0.04382521240801483,0.4811083123425693,-0.8699056279777716,-91.4059366832407,1563.1069131016268,417,-0.04743786237482112,0.513189448441247,-0.965217708960358,-12.36097160745797,4556.134783826254
683,467855,398,-0.04523331276426065,0.4824120603015075,-0.8989943106236119,-93.06832904686587,1572.2282611282462,418,-0.04951208862651002,0.5143540669856459,-1.0086379290241587,-9.05491762964354,4567.780786175947
684,469224,400,-0.03268473527436882,0.505,-0.6512387367335891,-58.12208767573472,1575.9119955682293,418,-0.037210561887674465,0.5143540669856459,-0.7580367769036851,27.1118964725421,4566.082581458163
685,470595,400,-0.036363284765999135,0.485,-0.7245333161092997,-64.8152766063676,1588.4207215083798,419,-0.03822900932737712,0.513126491646778,-0.779721858182466,16.58300773685602,4591.454503149699
686,471968,402,-0.027961992415061705,0.48756218905472637,-0.5585403610377385,-35.10911112248033,1596.8498523478538,419,-0.02872195990865682,0.513126491646778,-0.5858153361714831,42.89824745914717,4592.083089643484
687,473343,403,-0.025905399203461615,0.48635235732009924,-0.5181079840692323,-28.597758691142275,1593.264741914292,420,-0.022639822786512033,0.5119047619047619,-0.4623182638730025,46.04811516878604,4600.751003455031
688,474720,405,-0.024082880247056168,0.48641975308641977,-0.4828602475246926,-23.031954063649437,1603.075387033287,420,-0.02063992025999996,0.5119047619047619,-0.42147909862462746,52.61245945572844,4612.597868575219
689,476099,405,-0.007238427579580913,0.5037037037037037,-0.14513002169635583,23.147980483012873,1601.9256277998948,421,-0.0022066083418052092,0.5106888361045131,-0.045114214127966054,92.81904827340128,4617.849263084736
690,477480,406,-0.016746720293695276,0.5,-0.33618806367848914,0.28767227788213745,1611.2370504667447,422,-0.008793350671560075,0.509478672985782,-0.17999539915741708,63.22252359652694,4632.217671368097
691,478863,407,-0.003008890262971905,0.48402948402948404,-0.06047794580093874,33.959396485984286,1613.9756618313695,423,0.0007523951314199443,0.5106382978723404,0.015419511736415741,100.95096651718734,4646.498423649159
692,480248,409,-0.007729935603522207,0.5061124694376528,-0.15575388663031076,21.471612765868144,1612.273033614332,423,-0.00402995750597597,0.5106382978723404,-0.08258955230529019,88.00462704749881,4648.2315971625585
693,481635,410,0.007221206496498703,0.4975609756097561,0.14568236018435987,57.47608100478445,1611.7305612706878,423,0.009338129317981577,0.5106382978723404,0.1913747027350422,124.70287913886725,4651.466854212471
694,483024,412,0.0008066000288111423,0.5,0.016312476055141273,40.14874446745549,1623.6943335608705,424,0.005292754964587261,0.5094339622641509,0.10859825230400195,102.48538825594107,4666.03112851078
695,484415,412,-0.005720916952270767,0.5,-0.11569838515244985,23.173914870870732,1639.1026021283683,425,-0.00030631620677678444,0.508235294117647,-0.006292543128290636,76.31445327828905,4683.582786289051
696,485808,414,-0.018746036004376306,0.5144927536231884,-0.38004091737022244,-7.715182847524829,1625.8837528820486,425,-0.011075434532233752,0.508235294117647,-0.22751864875835973,45.0524430620456,4672.251744127871
697,487203,415,-0.005100281133321485,0.4843373493975904,-0.1035244003471308,27.238872973242252,1633.4470879058483,426,0.0030254111938563936,0.5070422535211268,0.0622235225077992,74.89616014804452,4693.215091710113
698,488600,417,-0.001473131912048141,0.49160671462829736,-0.029973800208548285,37.583084770310904,1640.089589320793,427,0.008294505307901176,0.5058548009367682,0.170794317705208,78.82471037001332,4706.121173211765
699,489999,418,-0.004402088290609731,0.49760765550239233,-0.08967735637887732,33.87516030246934,1662.4658101456641,428,0.00839444349473859,0.5046728971962616,0.17305588598543128,67.78751289153516,4733.044603569999
700,491400,419,0.0036559571269079104,0.48687350835322196,0.07456718692384819,52.01557810884543,1663.2626313784776,428,0.014093592153820743,0.5046728971962616,0.29054684547289616,83.79411148013708,4729.012256488835
701,492803,420,7.868994521051139e-05,0.5,0.0016068941527077258,38.154933646478696,1655.3091824344774,429,0.007665337943645341,0.5058275058275058,0.15821079251006587,76.60542213608105,4733.391863447417
702,494208,422,0.002065892312411217,0.5,0.042287760977320864,36.152991744126155,1665.4501513724156,429,0.006852494682528871,0.5058275058275058,0.14143389663500341,74.5370183772506,4746.243472188657
703,495615,423,0.020433546080773142,0.4988179669030733,0.41876308132729817,89.93290665906812,1671.4616127789484,430,0.028301200339159133,0.5046511627906977,0.5848153902319033,122.29315077141004,4758.6355244822735
704,497024,424,0.0044167584109888434,0.47877358490566035,0.09062430577112375,42.21239964880118,1665.432278337838,430,0.010316706485908789,0.5046511627906977,0.2131841991562686,72.20226391215883,4758.776218755533
705,498435,425,0.010144961490418717,0.4776470588235294,0.20840427734803632,54.72431821404234,1680.3236784539554,431,0.013072581011285932,0.505800464037123,0.2704476588897733,91.91127343635213,4776.170847449719
706,499848,427,0.009362340601792715,0.5011709601873536,0.1927823921800069,44.479322201979556,1698.5748288236186,432,0.010554979203151555,0.5046296296296297,0.21861805594455055,73.25143317967016,4795.997668868595
707,501263,428,0.031183770892761052,0.4929906542056075,0.6428699059795768,99.77251996140384,1694.3793118287942,433,0.032871044840417495,0.5034642032332564,0.6816284935559231,123.12913483173338,4804.108918574897
708,502680,429,0.017687654831745787,0.5081585081585082,0.3650690822959588,68.12135098056541,1703.6249374689291,433,0.02062513660048176,0.5034642032332564,0.4276919355202631,90.86889398619391,4811.315343452719
709,504099,430,0.021085667236652686,0.4930232558139535,0.4357137706361142,74.69674498977301,1704.6163859534036,434,0.020950188678712553,0.5046082949308756,0.4349372194298225,103.85965423111998,4816.2282021412575
710,505520,432,0.03949316697960616,0.4930555555555556,0.8179949218277057,126.65081110214655,1697.483256220124,435,0.03774588707703846,0.5057471264367817,0.7845335303302573,162.53388210370596,4829.157325350283
711,506943,433,0.05036911806539527,0.5080831408775982,1.0444762627819089,156.66875334056377,1718.9222420940982,435,0.04756499558905415,0.5057471264367817,0.988619868264376,193.16063551188716,4834.574270196207
712,508368,435,0.034723418356672135,0.49885057471264366,0.7217126976747115,119.25874734462155,1711.7853397290219,435,0.03472341835667223,0.5057471264367817,0.7217126976747135,155.90279985551135,4835.628781342159
713,509795,435,0.029952533004123236,0.48735632183908045,0.6225517077423013,107.32472583940347,1722.2086711402571,436,0.031206962772640144,0.5045871559633027,0.6493748297697151,136.63996784811565,4850.289290870123
