n,X,cnt_sf_A,corrA,signagreeA,zA,sum_mu_errA,sum_abs_errA,cnt_sf_B,corrB,signagreeB,zB,sum_mu_errB,sum_abs_errB
714,511224,100,0.023222113536159966,0.51,0.228711294074804,22.82127351682783,631.2591046819988,437,0.011980382423818723,0.5034324942791762,0.2495833134468127,67.50540552662977,4862.130877388142
715,512655,100,0.016390353992615098,0.51,0.1614262657943671,16.76255537283282,634.293145552875,438,0.010703176535938028,0.5045662100456622,0.22323244558612587,75.68354873537109,4862.999445927728
716,514088,100,0.053788339213999864,0.49,0.5297537043134579,55.15149176091205,640.6250159466376,438,0.02493003300730069,0.5045662100456622,0.5199570630341694,117.8557653324794,4868.3294947744525
717,515523,101,0.024150327357574906,0.44554455445544555,0.23907604339382696,31.860731815788427,621.7987457954342,439,0.017594247279639402,0.5034168564920274,0.367378668786002,86.01340894643474,4880.258209349944
718,516960,101,0.06408018007667805,0.5544554455445545,0.6343614182062381,73.21338822119452,637.4446267492012,440,0.033053573402177704,0.5022727272727273,0.6909699112866104,120.45558335608251,4897.0843169113205
719,518399,102,0.11265245347434062,0.5784313725490197,1.1208777596620692,109.34935141606724,630.5981457788401,441,0.04775400028715471,0.5034013605442177,0.9994171851736393,169.1298639374713,4916.841968687713
720,519840,102,0.12772768977207652,0.5686274509803921,1.2708744669386784,127.14195303908849,645.5592065779482,441,0.054940386200120886,0.5034013605442177,1.1498171001026527,192.02125042484397,4917.1418102735315
721,521283,103,0.11960073535868615,0.5533980582524272,1.1960073535868614,128.80371641317555,642.3588280778545,442,0.05536459539481972,0.502262443438914,1.160017098063166,183.95277441904264,4933.762509733458
722,522728,103,0.11950774859325324,0.5145631067961165,1.1950774859325324,126.52005419858051,647.3614926178022,442,0.05978244593093704,0.502262443438914,1.2525813464250917,195.84859678799145,4934.6036215683735
723,524175,103,0.10618301574823204,0.5436893203883495,1.0618301574823203,117.42942176669106,656.558639580601,443,0.05194648069294864,0.5011286681715575,1.0896385716412895,165.2850691953542,4948.800429037527
724,525624,103,0.12439310297746684,0.5436893203883495,1.2439310297746684,138.50298473733096,656.2339866265996,443,0.05906702922951128,0.5011286681715575,1.2390004578207279,187.5208553950035,4947.30914573536
725,527075,103,0.14214692098179588,0.5339805825242718,1.4214692098179587,152.58722919115758,648.0645600605787,443,0.06945811366486941,0.5011286681715575,1.456965683778463,214.84006853276628,4955.525659355071
726,528528,103,0.11200782260498386,0.5145631067961165,1.1200782260498385,122.2965411695663,657.0012131708698,443,0.05344626512016971,0.5011286681715575,1.1210983151936347,169.0176748940507,4954.476754207844
727,529983,104,0.09583337696785993,0.5192307692307693,0.9631135188789837,109.7826639823636,643.2418706203388,444,0.044240480487573355,0.5022522522522522,0.9290500902390405,151.48473032926486,4966.221909349309
728,531440,104,0.08384977887696747,0.5288461538461539,0.8426798485720127,99.9920843905187,649.6351477253028,444,0.0389239174659816,0.5022522522522522,0.8174022667856137,137.93266206791796,4964.9249829995815
729,532899,104,0.09585088390844002,0.5384615384615384,0.9632894614543199,112.63566568922732,654.4333257616127,444,0.04219524347187482,0.5022522522522522,0.8861001129093712,147.89681341185963,4969.441710426296
730,534360,104,0.09120242193436078,0.5673076923076923,0.9165729967853135,108.83355469773397,649.0513040918986,445,0.04048422185161452,0.503370786516854,0.8511320231123891,154.77502571510627,4987.796059652239
731,535823,104,0.057344447016291655,0.5384615384615384,0.5763045600756881,70.79849825183237,647.2771701579534,446,0.023682723428684584,0.5022421524663677,0.4984636650015802,91.90280904495665,4991.636579231697
732,537288,104,0.1099616697691445,0.5288461538461539,1.1051011042706713,121.99933822145726,655.3153196003676,446,0.04747603707707416,0.5022421524663677,0.999254984860655,160.03886786274938,5007.241640353892
733,538755,104,0.08256437926593566,0.5480769230769231,0.8297617423577058,95.38269080843764,657.1781657221263,447,0.033472566546608,0.5033557046979866,0.7053107427087671,131.58347425009498,5016.754915220871
734,540224,105,0.07651359396206298,0.5523809523809524,0.7727494200716859,95.70458692624396,647.8991803074888,448,0.029799688286508065,0.5022321428571429,0.6286251130666078,109.32487558860234,5022.842513741853
735,541695,105,0.05913952687426932,0.5047619047619047,0.5972799437190798,76.23064978022552,657.6458257220763,448,0.02777831336258202,0.5022321428571429,0.5859841623329612,102.37140657861812,5032.315408890908
736,543168,106,0.05805684648045882,0.5188679245283019,0.5892126395413824,84.7996275811696,674.9667571550935,448,0.030554935804427086,0.5022321428571429,0.6445570769106751,113.18273370742418,5040.793113708052
737,544643,106,0.04516401110818488,0.5188679245283019,0.45836465138158883,72.10270859158152,663.5060686827435,449,0.026420222044212446,0.5011135857461024,0.5579610624927228,90.58289080282333,5051.473220316855
738,546120,106,0.011678573840678018,0.5283018867924528,0.11852457954396378,36.35022322405365,667.796512493914,449,0.015275279889434864,0.5011135857461024,0.32259423795606706,56.91235083064248,5060.332603649628
739,547599,106,0.023462119617537084,0.5283018867924528,0.23811450788560679,50.04035598837015,674.5377545787481,450,0.01619918518521747,0.5022222222222222,0.34248923997293873,72.31371781681054,5071.601352416449
740,549080,106,0.0465522030203585,0.5566037735849056,0.47245326056977693,75.11135596930637,663.0783092082304,450,0.024031163962607974,0.5022222222222222,0.5080758684535149,95.89182143008844,5075.787056355216
741,550563,106,0.031112510049115704,0.5283018867924528,0.31575749080631726,57.44984647033431,665.446064397253,451,0.011999282308328803,0.5033259423503326,0.25397693519276066,70.03880060386345,5084.931991998638
742,552048,107,0.03868739845840603,0.5607476635514018,0.39453559933910354,59.024687526442165,664.2240550065574,452,0.013130635101880384,0.504424778761062,0.2782331694860468,84.45594977122593,5103.858393662654
743,553535,107,0.039122317917592,0.5233644859813084,0.3989709249575645,60.625978474549015,671.7835088215936,453,0.009668106514412026,0.5055187637969095,0.20509151032723738,85.83337669354071,5111.646163400631
744,555024,108,0.03416690435865432,0.5370370370370371,0.3501065867883812,49.234474412816894,681.7375552913693,453,0.006262069260093099,0.5055187637969095,0.1328385491421497,75.57627249009641,5125.936506720248
745,556515,108,0.00829483888342925,0.5185185185185185,0.08499680565006681,21.47977642475604,679.9670041690599,454,-0.0008825935528895154,0.5044052863436124,-0.01874342797357421,42.34365134715878,5122.740468313414
746,558008,109,0.009009857471218394,0.5229357798165137,0.09276216014667302,27.23467714535292,668.0851219270389,455,0.0018013659117725501,0.5032967032967033,0.03829756460846382,39.37542829581699,5139.654862575147
747,559503,109,0.014975699379377308,0.5321100917431193,0.15418426191267734,34.7070143410952,677.2139443949836,455,0.005676572641979875,0.5032967032967033,0.12068558980165288,51.638125039980224,5150.156202009035
748,561000,109,0.06225263557237512,0.5137614678899083,0.6409301111548248,85.6705187660234,684.9321068833602,455,0.02665419995953813,0.5032967032967033,0.5666760641833527,114.90984985078984,5164.4743727921705
749,562499,109,0.017148916606633126,0.5137614678899083,0.17655890270052452,37.00977102151387,677.8030022025368,456,0.0049242580019932475,0.5021929824561403,0.10480690598523612,37.87086305424259,5171.1793613121545
750,564000,110,0.010241795288404139,0.5,0.10594195423940775,35.001662285357384,678.9365802047494,456,0.007644351148565324,0.5021929824561403,0.1627008153962515,46.36499485506519,5184.802937371944
751,565503,110,0.021216087019493807,0.4636363636363636,0.21946091059868614,46.973286822425905,671.7112341951587,457,0.012389467176319334,0.5032822757111597,0.26398579355439705,71.9539800585795,5194.042366527942
752,567008,110,0.007462807222269343,0.5,0.07719587816154977,31.97931122995965,678.6330780880543,457,0.00434314313669008,0.5032822757111597,0.09254054844673917,47.58300666393802,5188.514315137398
753,568515,111,0.019157801639485224,0.5405405405405406,0.19909371480548846,51.670210892046896,684.010217662222,458,0.008912924065516739,0.5021834061135371,0.19011916790775907,50.81955983113892,5198.584299759719
754,570024,111,0.0029895903653838506,0.4954954954954955,0.0310687344399794,32.7527773921895,700.9688760371274,459,0.0024015193294299893,0.5032679738562091,0.051282419608179516,41.57902505004296,5218.397312562762
755,571535,112,0.022120856883883672,0.5267857142857143,0.23094852610748948,48.52339105301047,703.2203265743615,460,0.010233654136386994,0.5021739130434782,0.21877053819314454,54.50768222200887,5221.714949808053
756,573048,112,0.062408076820411676,0.5446428571428571,0.6515594506367337,92.29275314273451,707.373559755966,460,0.02604758641885594,0.5021739130434782,0.5568337979318696,102.33352478737774,5233.517107105807
757,574563,112,0.044095858591750955,0.5446428571428571,0.4603742794714567,73.09098472682786,707.3675843621791,461,0.016214656133615148,0.5032537960954447,0.34700879481271585,84.23908446904147,5243.995410041622
758,576080,112,0.06444409448086072,0.5892857142857143,0.6728160990693767,99.88953036411351,696.4720758438083,462,0.031045805656169833,0.5021645021645021,0.6651341972999629,121.77025163550692,5242.515985385223
759,577599,113,0.08237155661827704,0.5752212389380531,0.8639201741879756,116.36071912258012,695.7085196531099,463,0.039541208248599816,0.5032397408207343,0.8480644367553702,160.8930352209562,5261.592416158128
760,579120,113,0.05967284245416086,0.5575221238938053,0.6258540516138736,84.39913179538866,692.830007733553,463,0.03262995330528718,0.5032397408207343,0.6998345320462559,135.01826015533706,5272.724497172944
761,580643,114,0.04639936813066481,0.5526315789473685,0.4888476769758344,77.73994412149705,708.9028057068217,464,0.024622871298839298,0.5043103448275862,0.5286754672297865,123.49378467723153,5295.643853560032
762,582168,114,0.06450544837146319,0.543859649122807,0.6796070692142547,94.61504235770809,705.1994895843804,465,0.031072562433852282,0.5053763440860215,0.6678794134624972,152.33086972568285,5307.556816435243
763,583695,115,0.0701924134023377,0.5217391304347826,0.7428466791440909,97.19849013137139,706.7145568283745,466,0.03707182375759829,0.5042918454935622,0.7976905503005415,160.89275169467078,5314.308147827038
764,585224,115,0.06956884892047599,0.5565217391304348,0.7362474929624151,96.8806850307518,701.0310431278306,466,0.035003076119886324,0.5042918454935622,0.7531764079063148,154.57494272210124,5306.524444964252
765,586755,115,0.07219851825225441,0.5217391304347826,0.7640772972912916,101.10154892007785,719.237354707649,466,0.03792049495130582,0.5042918454935622,0.8159517773704403,164.93463269904944,5332.0118081629535
766,588288,115,0.11998778466896487,0.5304347826086957,1.2698313543985984,153.16847445725818,728.2222259703692,467,0.06131792701371049,0.5032119914346895,1.3208285704027034,224.9507778979614,5336.145763466606
767,589823,115,0.09489403980773485,0.5130434782608696,1.0042641209341199,127.11679123514517,724.1039061157276,468,0.05264544001501731,0.5021367521367521,1.135238827200812,188.69832026486932,5347.817041315914
768,591360,115,0.09418364966166314,0.5130434782608696,0.9967460582927733,133.6368064146152,726.3616095350969,468,0.05202246640125424,0.5021367521367521,1.1218051122491715,192.93421398501172,5359.705949989597
769,592899,116,0.07657444483930578,0.5172413793103449,0.8139975141710268,118.06480187464604,720.8221097598055,469,0.051400712365104545,0.5031982942430704,1.1095888814981603,202.08996047636396,5361.955047156149
770,594440,116,0.08304692871250652,0.4827586206896552,0.8828009615137241,123.15283659306226,721.3388521061677,470,0.05852313688727391,0.502127659574468,1.2646956852840616,210.88058848134165,5379.868220560913
771,595983,117,0.08719750270690446,0.49572649572649574,0.931014559783331,132.09144391163403,718.9298362366596,471,0.06281865808276631,0.5010615711252654,1.358975356639526,211.39639838680847,5388.960760699751
772,597528,117,0.09563870085008767,0.5299145299145299,1.0211418928989995,148.37466633066725,728.4805579316994,471,0.068585981797573,0.5010615711252654,1.4837416448951357,236.8906572813494,5393.115614424317
773,599075,117,0.11008121180479714,0.5213675213675214,1.175345712518252,167.94493820989584,724.2401518562298,472,0.07367574786029657,0.5021186440677966,1.5955520426739465,266.5527831713638,5403.786685052948
774,600624,117,0.10905735646894553,0.5299145299145299,1.1644139289786046,169.53674235370556,725.5335376847619,472,0.06887988159003973,0.5021186440677966,1.4916908068381167,253.31687368427944,5414.509994704963
775,602175,118,0.10214641424889784,0.5338983050847458,1.0953982579634474,164.10591288784195,722.073722058435,472,0.06682571282801873,0.5021186440677966,1.4472048903808528,243.73274427448783,5425.6650092203545
776,603728,118,0.10777301466221097,0.5508474576271186,1.155736825267254,174.06539371757577,739.8371393587673,472,0.07104403451282133,0.5021186440677966,1.538558585135401,260.8238147013501,5424.630911719105
777,605283,119,0.10142086085530544,0.5210084033613446,1.0923361011745525,160.21975274914803,744.0970462364821,473,0.06144419756467636,0.5031712473572939,1.3320784604340996,240.19143091993095,5444.76573661896
778,606840,119,0.08725599693069365,0.5210084033613446,0.9397758477652154,141.46618270456105,753.3864468811911,474,0.05830953398602456,0.5021097046413502,1.2654646680082868,218.1296507578252,5449.93767710937
779,608399,120,0.08624904191330893,0.5,0.9329260292342343,143.91130663988372,762.2145732630959,475,0.06047505895950974,0.5010526315789474,1.3138545813390905,211.64166246114715,5471.285426916467
780,609960,120,0.09230578942844796,0.5083333333333333,0.998439770419353,146.45221301220982,748.6203190132094,475,0.06607475547854498,0.5010526315789474,1.4355111295463259,224.37863956384075,5477.3032115405795
781,611523,120,0.09803643703989326,0.525,1.0604262018333968,155.6776073835918,747.4912560645805,476,0.0675439808125945,0.5,1.4689845335188998,220.3877862313939,5485.443549189462
782,613088,120,0.09733399665501181,0.5416666666666666,1.0528281473564567,149.96062315461302,739.8214724406158,477,0.06380947308203684,0.5010482180293501,1.38923056303603,215.348767680004,5491.232279081725
783,614655,121,0.08147646903786995,0.512396694214876,0.8850609983564521,138.2393143798958,748.2792425745274,477,0.06255518653280609,0.5010482180293501,1.361922811932113,212.44547199524627,5492.7860700117435
784,616224,121,0.09250018566147285,0.49586776859504134,1.0048092122358452,151.89581657589008,748.1473932345751,477,0.06831233852911812,0.5010482180293501,1.4872648829916546,231.02113003698446,5501.819028084539
785,617795,121,0.1256434932643529,0.5041322314049587,1.3648376874782584,192.02992665085333,761.5702814608277,478,0.08326324429377893,0.5,1.8146803379396101,268.92149740002185,5521.601818692356
786,619368,121,0.09104642896579196,0.5041322314049587,0.9890173723630511,146.6348879004355,753.5009388471562,479,0.0696075882242344,0.5010438413361169,1.5186582818645602,231.84584149242247,5524.704632358766
787,620943,122,0.08768841756687601,0.5,0.9565677030250155,156.6226650567683,768.0124021776558,480,0.06930781281963651,0.5020833333333333,1.5137054805379164,252.04772651106677,5541.074385807749
788,622520,122,0.07499612232853765,0.5163934426229508,0.8181111081960206,142.41729511447284,766.4648910876097,480,0.05713459259195628,0.5020833333333333,1.247838337646143,213.6313406608085,5546.405957961087
789,624099,122,0.07112553956867884,0.5245901639344263,0.7758880351528487,138.44416345056936,782.1917705368866,481,0.05441679489564152,0.501039501039501,1.1897258746826698,194.22947327442827,5551.758393776976
790,625680,122,0.06519012013863516,0.5327868852459017,0.711140253310887,128.73928041824507,775.9650063716176,482,0.05063565459636795,0.5020746887966805,1.1082154115319292,190.58007240270933,5573.859970760455
791,627263,123,0.0487783075488337,0.5284552845528455,0.5343395872284149,103.52508964984196,763.9290941420978,483,0.040154292526759824,0.5010351966873706,0.8797364719026988,145.88112240166475,5586.436620610031
792,628848,123,0.021779664767013224,0.5121951219512195,0.23858427375587282,68.36244306032512,757.5580774284401,483,0.02984000592786198,0.5010351966873706,0.6537617745111153,110.3191531978782,5588.314231880646
793,630435,124,0.01558370868796566,0.5161290322580645,0.17142079556762227,55.44770827367313,759.1604680529216,484,0.023541206045095065,0.5,0.5162989558092438,79.80965339559373,5594.8763353020695
794,632024,124,0.015308349293571642,0.5,0.16839184222928805,55.29854237203034,766.5429917714021,485,0.02571445817450139,0.49896907216494846,0.564548030851533,75.52412396844562,5607.2593794598215
795,633615,125,0.019344663532338827,0.504,0.2136687924706993,54.370556402385205,773.1464601848143,486,0.022710863051123926,0.5,0.49912256426101953,76.27176830818817,5623.21175912261
796,635208,125,0.013632892137435626,0.536,0.1505802153663502,46.43100607942108,765.8877405370451,486,0.02607898489482504,0.5,0.5731446570184525,86.34820499160512,5627.185512171424
797,636803,125,0.02993257528259263,0.512,0.3306161001703716,66.02914106084165,776.063529824608,487,0.028911411745192742,0.5010266940451745,0.6360510583942404,106.2551933554532,5644.770113513674
798,638400,125,0.029139632342974234,0.52,0.3218577591362567,65.82321994906198,764.2591142255098,488,0.03163733312147833,0.5,0.6967399879539741,104.85487964519538,5649.770994837107
799,639999,126,-0.01794702944314,0.48412698412698413,-0.19904218522074885,0.03489137711767398,777.236397576788,489,0.006691415707081168,0.49897750511247446,0.1475149872527421,11.12217267881283,5660.9918781694805
800,641600,126,-0.002723707888851614,0.46825396825396826,-0.03020738177410415,19.70454350426411,780.5311543624816,489,0.011981415149819666,0.49897750511247446,0.2641351816215922,29.756535953550014,5654.281777636783
801,643203,127,-0.022752094436772927,0.4645669291338583,-0.253356601169615,-14.130921031207833,764.640430368018,489,-0.002528733900014009,0.49897750511247446,-0.05574696975281176,-20.36867619149561,5660.939235622884
802,644808,127,-0.028917887817812096,0.44881889763779526,-0.3220159704806612,-21.55475633467779,776.6513941977573,490,-0.0021605215373357053,0.49795918367346936,-0.04767855454575915,-30.586051712942037,5671.643230904476
803,646415,127,-0.026099728775941723,0.4645669291338583,-0.2906342795164351,-18.061653524991925,776.7798292741165,491,-0.0017345017873239509,0.4969450101832994,-0.03831639685189919,-40.75464016130033,5687.541635280814
804,648024,127,-0.022897544506754394,0.4566929133858268,-0.25497626460204287,-13.736630792935216,788.8242900387924,491,0.0017147676149128215,0.4969450101832994,0.03788045473458651,-28.739893880657746,5682.331857759846
805,649635,127,-0.031053546612017126,0.4251968503937008,-0.3457976603317398,-24.55275259874486,783.135610185805,492,-0.0044081903556088,0.49796747967479676,-0.09747983145921578,-38.476583694020206,5703.022534614597
806,651248,128,-0.028897433656379562,0.4921875,-0.323083130154775,-28.09999925170945,793.6786257645929,493,-0.009916809323008386,0.49898580121703856,-0.2195179320760925,-46.510875325411234,5712.125546213172
807,652863,128,-0.03788051668529021,0.484375,-0.4235170516556196,-39.83380199517484,791.5780123884786,494,-0.01602869661311608,0.4979757085020243,-0.3551721913686678,-79.13434110528186,5717.1991384486355
808,654480,129,-0.03385848679058749,0.4883720930232558,-0.3800605716149688,-40.52668526015566,785.2214546910257,494,-0.016163766702966292,0.4979757085020243,-0.35816514462983357,-79.59860040801166,5727.589428175522
809,656099,129,-0.030688234483513627,0.49612403100775193,-0.3444745777268687,-36.54377881557764,806.6584325907677,495,-0.014751751155155108,0.498989898989899,-0.32720966943943003,-63.691792267081695,5742.558528522282
810,657720,130,-0.027802293024656744,0.49230769230769234,-0.31331593028996685,-26.50448090505182,801.1641792084118,495,-0.012514270458035784,0.498989898989899,-0.27757994673185354,-55.35883843865588,5748.812111670988
811,659343,130,-0.04172595993125198,0.49230769230769234,-0.4702276873892312,-46.64403166006201,793.9968490498017,496,-0.019962350777931157,0.5,-0.44323611783169947,-70.42491195110233,5755.060089461015
812,660968,130,-0.03557500407789246,0.5076923076923077,-0.4009099353009878,-35.81761609214806,798.4637058546228,496,-0.018877468838943836,0.5,-0.4191478296189671,-64.88560110653319,5772.960790104478
813,662595,130,-0.04363848711321529,0.43846153846153846,-0.4917807741324813,-48.961269386387926,810.704394924921,497,-0.02165282715838372,0.49899396378269617,-0.481258134925234,-88.2834839783163,5774.651875096913
814,664224,131,-0.03891507599820628,0.46564885496183206,-0.4402738260595443,-46.33455787367376,797.7636488573332,498,-0.01776281142556806,0.5,-0.3951976056625902,-61.45215372297716,5798.05387167939
815,665855,131,-0.024069702191632836,0.48854961832061067,-0.27231759425350854,-25.83219532826581,793.8897210037958,499,-0.009889523798200267,0.49899799599198397,-0.22025015267591538,-45.34637232419425,5804.461066047791
816,667488,132,-0.04100791688278408,0.49242424242424243,-0.4657604028590529,-54.97192343394448,807.9869167139777,499,-0.025010107429480965,0.49899799599198397,-0.5570015394256579,-98.25221948648147,5808.129427304031
817,669123,132,-0.05812647552512931,0.4621212121212121,-0.6601898539432244,-82.06570487791356,821.18439695758,500,-0.0281782827875749,0.498,-0.6281924574250318,-124.01813946877806,5812.219053855515
818,670760,133,-0.05036769794697047,0.45864661654135336,-0.5742801141795203,-76.76843965251555,820.7555648101204,501,-0.027484644499536887,0.49700598802395207,-0.6133449520999009,-132.7481609436201,5831.585715289967
819,672399,133,-0.032452705014038484,0.48120300751879697,-0.37001776734998254,-50.298382068387866,819.5254078674129,501,-0.021851107991705258,0.49700598802395207,-0.48762743810377646,-111.56176331053172,5824.41455492403
820,674040,133,-0.028997302467633348,0.45112781954887216,-0.3306201166776213,-46.21389965832998,827.2573414061438,501,-0.018139575547769963,0.49700598802395207,-0.40480120074490944,-99.26935561403494,5831.7744849426035
821,675683,133,-0.02492830199064156,0.49624060150375937,-0.2842263731917942,-40.352361773708765,828.641268365875,502,-0.020409097831339543,0.49800796812749004,-0.45590471139296757,-95.52900134873903,5844.673304068641
822,677328,134,-0.050220070619273346,0.4925373134328358,-0.5747949804788044,-82.65250183556145,838.9288188368106,503,-0.032690111062736935,0.4990059642147117,-0.7309731052829768,-128.78415585758017,5869.527267869289
823,678975,134,-0.021689639533200473,0.5149253731343284,-0.24824927122451468,-42.1621932919939,826.1105218741693,504,-0.022543206858004993,0.5,-0.5045852592940508,-80.48653686149467,5876.350358586249
824,680624,135,0.012765766972565009,0.48148148148148145,0.1466674962100116,-0.0847499592399572,826.5846387212122,504,-0.0072839297303799195,0.5,-0.1630364124693418,-25.311587100682203,5887.170783397591
825,682275,135,-0.0012378172814599229,0.4888888888888889,-0.014221437836627845,-19.070562027704284,834.3332373684259,504,-0.015120097975633498,0.5,-0.3384335957897367,-53.52869682109704,5890.268094658104
826,683928,136,-0.011334563676348115,0.45588235294117646,-0.1307165650807666,-38.792147066214056,832.7797253098338,505,-0.01776178511562177,0.500990099009901,-0.3979591276346713,-50.96151678463755,5897.912765221363
827,685583,136,-0.004824335903675155,0.49264705882352944,-0.055636955786851426,-29.741192419761887,825.7653037575094,506,-0.01878198727670792,0.5019762845849802,-0.4212360527891652,-43.13559114923845,5915.004912856031
828,687240,136,-0.013834895457561948,0.4632352941176471,-0.15955179785505985,-42.901508291205175,843.1760177447659,506,-0.021850008202794872,0.5019762845849802,-0.4900445875698335,-54.57337663134035,5927.025119288819
829,688899,137,-0.011896482610682177,0.48905109489051096,-0.13771174241813694,-45.384514231652986,843.8871784853746,507,-0.020449126217606178,0.5029585798816568,-0.45908174499107296,-35.86741200349317,5948.581502254648
830,690560,137,-0.028481147466602037,0.44525547445255476,-0.32969311787770217,-68.49351968388288,843.0335218358947,508,-0.03272175360682827,0.5039370078740157,-0.7353299567871006,-68.63624231136077,5959.176666147933
831,692223,138,-0.04880364479394497,0.4782608695652174,-0.5670471105635135,-93.15837493206442,853.5961084999864,509,-0.034006721391726356,0.5029469548133595,-0.7649622817539022,-87.45432239791293,5964.239705291805
832,693888,138,-0.04055276219204063,0.463768115942029,-0.4711805178374494,-78.39446524923949,848.7308409969253,509,-0.03210461714074744,0.5029469548133595,-0.7221755046576359,-77.09890350135447,5967.622068222897
833,695555,139,-0.034256136324806945,0.460431654676259,-0.399491766026424,-63.99518050014291,848.7773056218372,509,-0.027808918683704137,0.5029469548133595,-0.6255461573126125,-61.93361540080522,5975.96303564492
834,697224,139,-0.03577881063695913,0.4316546762589928,-0.4172490473577761,-65.9990480520546,851.0416014123939,510,-0.029585549911303535,0.503921568627451,-0.666167783011154,-56.411987623911756,5985.037709153965
835,698895,139,-0.04398500453626313,0.43884892086330934,-0.5129488910910053,-80.0231302677783,862.8884478767438,511,-0.03323641928520722,0.50293542074364,-0.7491108462612619,-84.17397457536248,6003.500192004634
836,700568,139,-0.028042333686608176,0.4316546762589928,-0.3270269974916243,-59.36529089205578,860.9258405551776,511,-0.028234100010857008,0.50293542074364,-0.6363642957763441,-69.47318665535224,5987.640841665878
837,702243,139,-0.03477813244976253,0.4460431654676259,-0.40557923461424733,-69.53877582699926,854.2304509359167,511,-0.029143882169403633,0.50293542074364,-0.6568697442379837,-72.72316863390085,5997.45527039698
838,703920,139,-0.046066483596766634,0.4316546762589928,-0.5372228996348527,-84.29542645595825,848.8541464164382,512,-0.029745971574380595,0.501953125,-0.6710997078497829,-84.7311223641448,6013.110098431261
839,705599,140,-0.014068343866875478,0.44285714285714284,-0.1646657432025904,-43.256838453300304,864.343978298016,513,-0.0187092175652382,0.5029239766081871,-0.4225136201008708,-31.844444030053268,6031.916127338074
840,707280,140,-0.009911885084175868,0.42857142857142855,-0.11601564045981648,-37.137820294114476,866.4259879125166,513,-0.014299442760392675,0.5029239766081871,-0.3229268837700737,-15.695406262041786,6039.074425412485
841,708963,141,-0.03487047238563773,0.4397163120567376,-0.40963529941505067,-66.02541884028182,872.2733832231512,513,-0.020749155988959215,0.5029239766081871,-0.4685819158585003,-38.24295390103603,6052.239521022853
842,710648,141,-0.012704458752964831,0.4326241134751773,-0.14924359806838713,-34.54415467691399,874.3675192611743,514,-0.012271117133552275,0.5019455252918288,-0.27739239594018983,-19.063336972193497,6067.387542176235
843,712335,141,-0.0028392089395369332,0.41843971631205673,-0.033353153097178206,-21.359638205140243,867.565136072044,515,-0.0049548231538103955,0.5009708737864078,-0.1121148496524623,-5.530524220054161,6069.802777791249
844,714024,142,0.015044658065782084,0.47183098591549294,0.17737390266881417,9.717751424531912,870.477135002086,515,0.004711710760097234,0.5009708737864078,0.10661384414254006,28.650071181116175,6073.6243052304435
845,715715,142,-0.007974723547343514,0.4788732394366197,-0.09402060399859788,-22.708416124791427,868.0346027579069,515,-0.008283549336515577,0.5009708737864078,-0.1874353250605917,-17.617337854267618,6074.6601567070575
846,717408,143,-0.013614464410276148,0.45454545454545453,-0.1610885153107279,-25.89806601599588,876.5575749739321,515,-0.006453702520622934,0.5009708737864078,-0.14603061811498214,-11.844995105726127,6078.532968046291
847,719103,143,-0.026761035585563763,0.46153846153846156,-0.31664084320512637,-46.208758715655904,877.481324719997,515,-0.015383180713013585,0.5009708737864078,-0.3480816447484805,-45.22932006698824,6076.359245484451
848,720800,144,-0.012970150927834163,0.4791666666666667,-0.15401200903761508,-19.948356115101944,876.7802565740506,515,-0.005370730566532639,0.5009708737864078,-0.12152576011267512,-8.306705605230349,6075.618304988643
849,722499,144,0.012831383246507979,0.4652777777777778,0.15236423411892291,19.632758486398757,880.7184962436107,516,0.0070901984382656345,0.5,0.16058947296636233,26.463513058121436,6088.177888786066
850,724200,144,0.004402556769413941,0.4791666666666667,0.05227746513762564,6.537856150693585,875.193825726225,516,0.001719279898209936,0.5,0.038940835738122494,6.3216852002308315,6097.456012514454
851,725903,144,0.01468541586122234,0.4930555555555556,0.1743796516265666,21.802703751556407,875.7562612814779,517,0.007981378223222192,0.4990328820116054,0.18095035989975944,17.506182364936365,6106.1960834202455
852,727608,145,0.016454527399002213,0.4827586206896552,0.19607832367011163,29.7261533062038,868.2972508605787,517,0.010057142891111169,0.4990328820116054,0.2280111999222081,24.531772984826205,6116.4887531126715
853,729315,145,0.0194124665189945,0.4827586206896552,0.231326236302443,34.193413147931835,882.7331093653288,518,0.010059869255822255,0.5,0.2282947639867863,36.60761319905336,6131.694153485243
854,731024,145,0.015101031426836628,0.47586206896551725,0.17994955771524324,27.83653953605699,882.1445676610213,519,0.007540885143853578,0.5009633911368016,0.17129598231260554,39.292696879998374,6136.043850983238
855,732735,146,0.022292867806120234,0.5068493150684932,0.2665839259370766,33.17760043387011,902.9178293712782,519,0.008585052252982605,0.5009633911368016,0.19501489955437742,43.53207016663518,6150.308308980251
856,734448,146,0.014620698448910485,0.4931506849315068,0.17483812429832976,20.962057457039236,892.4101656697235,519,0.004022607708642728,0.5009633911368016,0.0913760819539668,26.309634429242465,6147.298138781412
857,736163,146,0.036476001266640766,0.5342465753424658,0.43618953401218713,51.38464780623224,896.9618954758589,520,0.011862690907137192,0.5019230769230769,0.2697295241230155,65.9859800362033,6164.0204149886895
858,737880,146,0.012026497411874717,0.4863013698630137,0.143815991877432,16.9720907139465,900.3095650674825,521,0.002442938255469379,0.5009596928982726,0.05560033014091311,20.613568601246726,6184.6733636210265
859,739599,147,0.032829024987230865,0.4965986394557823,0.3939482998467704,42.32017618582091,903.7655932813396,522,0.009181928238795939,0.5019157088122606,0.20917875467806168,57.32028426023311,6194.116742605973
860,741320,147,0.028675053789696474,0.5170068027210885,0.34410064547635766,37.516390148030325,899.0686149161311,522,0.007505112647553455,0.5019157088122606,0.17097826039421002,51.74405227964735,6202.867105235726
861,743043,148,0.029750843426776523,0.5067567567567568,0.35824759492237057,46.32133489503815,905.6626059292657,523,0.0107698905333695,0.502868068833652,0.24559129034311503,76.41127022167208,6210.539303894434
862,744768,149,0.0027703942313123922,0.48322147651006714,0.03347480086192883,10.203573771097126,893.1180257662268,524,0.0003266937225324905,0.5019083969465649,0.007456922872489214,24.977838138100196,6212.402182210883
863,746495,149,-0.017572652525624965,0.4697986577181208,-0.21233116834512922,-23.319650440571138,910.7592137041796,525,-0.010651067292026528,0.5028571428571429,-0.24334833549408708,-6.235666079905343,6231.184242276549
864,748224,149,-0.027839789361427097,0.5033557046979866,-0.3363894547493127,-41.26351905285304,910.5819954789481,525,-0.01583494333790568,0.5028571428571429,-0.3617860068171028,-27.497048192265822,6230.496699400788
865,749955,149,-0.025922565166629646,0.5033557046979866,-0.31322354666188723,-37.51005901947582,916.776149155593,526,-0.01391615488520034,0.5019011406844106,-0.31825123539522515,-31.287389341712867,6255.980486272622
866,751688,150,-0.020664704935135586,0.5,-0.2505462320975191,-22.684519496014218,925.2958545077636,527,-0.010172920719925762,0.5009487666034156,-0.23286879904856495,-28.246455148047943,6273.328500762738
867,753423,150,-0.005926143169268263,0.5133333333333333,-0.07185066743469916,1.4531571331880286,928.4487844883845,527,-0.0019583206980438852,0.5009487666034156,-0.044828009738854514,4.0131890736416835,6270.031715245046
868,755160,150,0.002266736332199945,0.5133333333333333,0.027482717463128407,15.127909938024061,914.7744010092457,527,-0.0008799194782815926,0.5009487666034156,-0.020142277503993916,8.553576314472252,6283.7212509364535
869,756899,150,0.0071272851777967085,0.52,0.08641374033583535,23.629615143687772,922.0337206785962,528,0.0044589055413736325,0.5,0.1021663608000136,17.767163637274535,6286.656256546254
870,758640,150,0.0035540354423008375,0.5466666666666666,0.04309038970575904,17.82906480434798,935.8406912870987,529,-0.004126540448246987,0.499054820415879,-0.09464092546755712,-28.65225359403982,6303.357353566191
871,760383,150,0.010491946053388336,0.5533333333333333,0.12720808544318252,29.40262576496366,929.9263681678586,530,0.001307503145978665,0.4981132075471698,0.03001567056129421,-18.622270990009895,6321.367710350693
872,762128,150,0.007282453108551556,0.56,0.08829505151424442,23.418121473092583,930.3497864685729,530,0.0008967165731077333,0.4981132075471698,0.020585456584204357,-20.384845293907574,6325.6242153901285
873,763875,150,0.0050538434787877244,0.54,0.06127459575132688,20.30934600419846,938.5979949815433,530,0.0045977170015373105,0.4981132075471698,0.1055474009960487,-5.4766719283520615,6327.597445083478
874,765624,150,0.020077776361511555,0.5466666666666666,0.24343010132800383,44.214744655474306,940.2119947061219,531,0.008081132279570337,0.4990583804143126,0.18569028253980988,19.615849019397245,6327.995566368354
875,767375,151,0.010438171074561254,0.5099337748344371,0.1269858317943678,34.36200147889002,942.2672985192884,531,0.003616570484777631,0.4990583804143126,0.08310246286170204,2.064301216349719,6343.094621987602
876,769128,151,-0.0026537630278867536,0.5364238410596026,-0.03228442062064059,13.505660169694522,950.0862277997758,531,0.0028125748788400554,0.4990583804143126,0.06462805035830321,-1.0494107005610545,6348.02525718146
877,770883,152,0.0037184220296953216,0.5131578947368421,0.04538912530824534,17.659310775349866,945.1812784805566,532,0.004036300916891214,0.5,0.09283492108849792,15.55136704149723,6356.311341515893
878,772640,152,0.009008194654669175,0.5131578947368421,0.10995902904957434,26.065363161349296,943.5809832063472,533,0.004018864116042952,0.49906191369606,0.09252120003061665,3.5603911386116067,6375.161352519701
879,774399,152,0.0072310351271873685,0.5328947368421053,0.08826603243933664,23.105979459293508,941.2780209771638,534,0.006912366862329622,0.49812734082397003,0.15928469199687317,2.5575045790098443,6396.436629256611
880,776160,153,0.012399376472037591,0.5163398692810458,0.15186072742581574,26.958269399296285,950.5665448918649,534,0.008642732158525955,0.49812734082397003,0.19915825610828675,10.774319512282148,6395.837395496602
881,777923,153,0.024687336103795362,0.5490196078431373,0.30235688281443784,47.41710522994515,951.7567214290054,535,0.009717996328678669,0.49906542056074765,0.2241468019105355,26.81626358604916,6401.036320426998
882,779688,153,0.029795235484816825,0.5751633986928104,0.3649156185193409,56.06890484309736,965.5237130399269,535,0.01365405764865679,0.49906542056074765,0.314932549008756,42.66726251166847,6412.3806352667425
883,781455,153,0.03619059143253345,0.5555555555555556,0.4432424124962372,65.48465718900025,957.5159748212814,536,0.014432067497327453,0.5,0.33319015142688785,56.910931194309,6429.570305714147
884,783224,154,0.04098848503685345,0.551948051948052,0.5036749365891361,79.85794631863382,965.1585737770723,536,0.02002812413163743,0.5,0.46238515122331075,79.37854143165387,6429.543426322373
885,784995,154,0.04029993006733929,0.551948051948052,0.4952138314690918,76.7964972550742,960.7308873509961,537,0.015112702528458003,0.5009310986964618,0.34923097986732926,70.99232723427588,6443.867018264328
886,786768,154,0.015453515686571714,0.538961038961039,0.18989597996888408,36.4840366380289,957.5742180555512,538,0.005450836444652256,0.5,0.12607821223866097,21.163627810446997,6456.677387589979
887,788543,155,0.0321346460536835,0.535483870967742,0.3961825242275566,56.82204817522836,960.6869415253286,539,0.009504935691097954,0.5009276437847866,0.22005517066331923,48.68696626922781,6473.739924048212
888,790320,155,0.029034423581383546,0.567741935483871,0.35796041458642675,53.878233917069736,980.2365996941063,539,0.0063128579738393874,0.5009276437847866,0.14615322859128702,37.00725824919357,6480.305782515088
889,792099,156,0.030355665751197587,0.5384615384615384,0.37547884868439635,49.03561548323046,972.4512106046823,540,0.007577191519613999,0.5,0.17558823258258746,29.55175442010281,6498.7092837022765
890,793880,156,0.045173164068590115,0.5833333333333334,0.5587611806944603,74.05223055171126,981.0342577843185,541,0.010017100996034487,0.5009242144177449,0.23234492473957385,51.413618006482295,6509.016866133645
891,795663,157,0.057146692481650434,0.5286624203821656,0.7091718036450813,100.18009447601537,981.4646089625937,541,0.019087023737945536,0.5009242144177449,0.4427202137276072,87.30386121921802,6514.3121637699405
892,797448,157,0.060418490068951045,0.5668789808917197,0.7497737439392221,101.39018404261105,980.7396474510288,541,0.023709711135518324,0.5009242144177449,0.5499426482332409,103.20652997132538,6527.196681859454
893,799235,157,0.04929521699716211,0.5668789808917197,0.6117375552430833,83.26613936579719,977.1621064495439,542,0.01815337711308693,0.5,0.4214555839335412,69.54378144436325,6536.566150972692
894,801024,158,0.05993187488390601,0.5632911392405063,0.7461458250238524,102.11947496664482,969.3924479306381,543,0.02339296175094627,0.5009208103130756,0.543603307679292,99.65370589661305,6559.207422722225
895,802815,158,0.05172989838501921,0.5189873417721519,0.6440320411076487,92.94368919904468,967.218583863151,544,0.023526501914160815,0.5,0.5472124762315858,89.957740155392,6561.723812560964
896,804608,159,0.04545861138556502,0.5220125786163522,0.5677778742256484,91.18060373256253,968.6229884559345,544,0.02224154403137985,0.5,0.5173251182446068,86.63635392038898,6568.801162413402
897,806403,159,0.0655819325232566,0.5283018867924528,0.8191180746776726,122.71189490465918,987.9714136741275,545,0.03124587392896775,0.5009174311926605,0.727431861806342,133.28958845087848,6593.776937036953
898,808200,160,0.039548199086521,0.525,0.4955375142256888,78.87156360829334,977.0157020636071,546,0.019484907841589856,0.5,0.45404434479709216,78.10061900043877,6594.868756583135
899,809999,160,0.05859163120265423,0.53125,0.734151034717715,114.51180300970339,1004.3580129181,547,0.026651240378969633,0.4990859232175503,0.6216084023509223,97.38698917296583,6606.344314617344
900,811800,160,0.051622564524820745,0.5125,0.6468288795305348,97.74602021262956,995.0882122856231,547,0.026727353573190185,0.4990859232175503,0.6233836518471745,94.1023935241434,6607.777702642704
901,813603,160,0.06212409705676603,0.5125,0.7784127050052577,117.71153462314004,999.0357294216667,548,0.0317322169519492,0.4981751824817518,0.7407960637136491,103.89583220573036,6625.825493819482
902,815408,160,0.05690570038002924,0.53125,0.7130263820585047,112.9471260739391,1000.8016566164738,549,0.03110695023243007,0.4990892531876138,0.7268649975122844,117.28930083215167,6630.722873560132
903,817215,161,0.05557808810024835,0.515527950310559,0.698605734693666,101.13808953401207,992.7657796213812,550,0.03264612797188278,0.5,0.7635286571841501,132.40034824448153,6645.911731522302
904,819024,161,0.03763973670807492,0.484472049689441,0.47312415405853675,72.83851930225893,1002.132938225634,550,0.026564828550914833,0.5,0.6212990370336224,110.23344360868032,6646.628229286993
905,820835,162,0.06129219721535576,0.5123456790123457,0.7728651996812149,115.28446578757354,992.4027058580511,551,0.03749367226647508,0.49909255898366606,0.8777043648599234,138.15640551121712,6661.476569459814
906,822648,162,0.07604804354597382,0.5123456790123457,0.9589293422458625,140.95021039718557,995.7492168019598,552,0.043081223469099504,0.5,1.0094253349115896,173.60204950087763,6679.083148598918
907,824463,162,0.07756604131283201,0.5308641975308642,0.978070565770226,138.00818341227176,1009.8792886953997,553,0.04657680496641696,0.5009041591320073,1.0923229002835215,195.0248138684042,6692.093235428031
908,826280,163,0.10661248862625212,0.5337423312883436,1.3485531643110102,180.60728520236643,1003.5773439165932,553,0.05606825662574828,0.5009041591320073,1.314917172516171,233.35353649661468,6703.589583291171
909,828099,163,0.10020636636706773,0.5398773006134969,1.2675214150769054,173.68205562938965,1010.7694782635228,553,0.05738689394406143,0.5009041591320073,1.3458419588127073,240.45060616666333,6703.261606242985
910,829920,164,0.07714336499071522,0.524390243902439,0.978839568415889,139.63040820876324,1012.5574440220846,554,0.0457228573605214,0.5,1.0732704256388663,180.96527024674523,6717.488873483254
911,831743,164,0.08342216380822973,0.5121951219512195,1.0585085940728045,150.13904463888355,1013.747256721969,555,0.0470758834903257,0.5009009009009009,1.1060328300416247,198.9146113941521,6729.965931410887
912,833568,165,0.09801793642813761,0.5333333333333333,1.2475646554724644,170.77766769464375,1026.2220078687042,555,0.05164004947909577,0.5009009009009009,1.2132664505508712,218.52244333404053,6733.593894069874
913,835395,165,0.08213245329975741,0.5151515151515151,1.045375464307426,150.0202300251865,1025.5296281349495,556,0.04650340958728702,0.5,1.0935719492074434,191.20111227037418,6751.119384504882
914,837224,165,0.0848637314408417,0.5393939393939394,1.0801389596150373,150.0426236132925,1016.7685965032158,557,0.051192552106252016,0.4991023339317774,1.2049295725053126,194.1625209050448,6760.449917823616
915,839055,166,0.07983037221150038,0.5240963855421686,1.0192059641557003,147.1382390716451,1019.062089360767,558,0.045046965666746965,0.5,1.0612361467922677,181.5293029829897,6763.2825193349
916,840888,166,0.07432688739603917,0.5301204819277109,0.9489421736688217,144.29774695268054,1026.3953808262263,558,0.03930346287595736,0.5,0.9259281925145038,163.23239695657156,6774.366886170258
917,842723,166,0.09319318306953978,0.5301204819277109,1.1898109124617824,175.2502583514592,1005.6911678942647,559,0.053488145923859504,0.4991055456171735,1.261231880119941,207.38492007981847,6772.112949229444
918,844560,167,0.11065891514523438,0.5329341317365269,1.4171255633089503,215.52227327786517,1039.8727580410077,559,0.06324133187827617,0.4991055456171735,1.4912086132069107,251.1927102735266,6789.41395225997
919,846399,167,0.07708879057986329,0.5389221556886228,0.9872182067926153,157.16221706908152,1031.246941562565,560,0.04858276945787339,0.5,1.146594530305138,203.86362502894985,6802.112240270237
920,848240,167,0.07544629886201584,0.5269461077844312,0.966184049735952,152.8370916140604,1039.7544103385007,560,0.045392248662987356,0.5,1.07129553576319,189.6657275738568,6813.3882978661995
921,850083,167,0.07412029964395565,0.5449101796407185,0.9492029742719955,147.5446456859358,1034.6604823884481,561,0.04402293024427838,0.49910873440285203,1.0399106981415618,169.37970893743645,6823.129431070434
922,851928,168,0.06785412618045614,0.5178571428571429,0.8716020322100496,142.39477874562806,1027.8875859300151,562,0.048411782808883606,0.498220640569395,1.1446085354987512,174.90464801164737,6842.039552072688
923,853775,168,0.057903868068952376,0.5178571428571429,0.7437886525500346,130.1822218736039,1033.9013436739351,563,0.04071930068605712,0.49733570159857904,0.9635945262829474,136.8526694971996,6841.5595295439925
924,855624,169,0.049257917076502726,0.5621301775147929,0.6346438666865006,109.00348620217932,1046.7090305295146,563,0.03318356001804852,0.49733570159857904,0.7852663542161984,105.04971345325205,6850.245854884468
925,857475,169,0.06600289205435078,0.5562130177514792,0.8503877774776368,136.59879893901848,1048.3560050463366,563,0.04100151290091131,0.49733570159857904,0.970272886198318,135.03324789213187,6848.9450111930855
926,859328,169,0.06371835828213858,0.5443786982248521,0.8209536188119171,137.55124445445165,1052.304216197691,564,0.03941422976057042,0.49645390070921985,0.9335433175671489,121.17043770813635,6868.7525039646
927,861183,169,0.07006630785164729,0.5502958579881657,0.9027412277777396,146.40489788285856,1049.8081314930882,564,0.04431554716558136,0.49645390070921985,1.0496331698494048,139.12143816101923,6874.794627180327
928,863040,169,0.08133862232591386,0.5562130177514792,1.0479748403428828,160.81311135656983,1049.9696994457756,564,0.047660945860925334,0.49645390070921985,1.1288704051222485,148.28371068636775,6895.479520993451
929,864899,170,0.06040242774111859,0.5352941176470588,0.7805713915219517,133.33705065689452,1063.285924374077,565,0.03792808492200919,0.49734513274336284,0.8991436313116726,123.25050490123331,6902.149469203866
930,866760,171,0.06405451062486932,0.5321637426900585,0.8302413478463786,131.1821380204372,1060.257986499058,566,0.039749585073396716,0.49646643109540634,0.9431630909363212,116.2532857118556,6921.202945765399
931,868623,171,0.06507461570475366,0.52046783625731,0.8434634208620967,130.07957613332252,1056.8594476740848,566,0.044440516278770464,0.49646643109540634,1.0544677288806055,132.79890228720228,6926.321990582053
932,870488,171,0.06408988785018441,0.5087719298245614,0.830699889094171,123.36170558742151,1059.3058902561456,566,0.040046656176192554,0.49646643109540634,0.950211881484032,110.39089111297292,6929.372293215086
933,872355,171,0.039338125715425894,0.52046783625731,0.5098803846460909,84.03052612119996,1070.6258993404122,567,0.03392456995997353,0.49559082892416223,0.8056638977207519,75.8318294898142,6932.568427477385
934,874224,171,0.04106050111482605,0.5321637426900585,0.532204921343749,89.86732748460594,1078.3517961179823,568,0.03222878187103342,0.49471830985915494,0.7660693997303498,60.2367385966634,6939.657440624853
935,876095,172,0.0611076770113643,0.5174418604651163,0.7943998011477359,130.7466670120554,1078.7134862910611,569,0.04308019582661821,0.4956063268892794,1.0249103630133864,117.20841668241687,6963.786402730624
936,877968,172,0.07276637744144569,0.5232558139534884,0.945962906738794,155.26467581661967,1085.774507908805,569,0.04770287937383691,0.4956063268892794,1.1348874924476153,139.98223275259818,6961.069139018743
937,879843,173,0.06400276514945695,0.5260115606936416,0.83449396100392,143.19153463662593,1089.031683670412,570,0.04339725470292197,0.4964912280701754,1.0333650917417379,132.26126423290398,6976.0847139530615
938,881720,173,0.06769108618967783,0.5260115606936416,0.882583783797055,147.78520135798368,1074.7789876515212,571,0.046767183977554694,0.4973730297723292,1.1145906308614721,156.5293015290149,6983.369463633811
939,883599,174,0.049789504996732195,0.5057471264367817,0.6510822621890072,122.04188752902445,1067.0753998476202,572,0.039233618107565094,0.4965034965034965,0.9358677755976202,112.82364328766045,7000.228493988882
940,885480,174,0.05174654357976504,0.5344827586206896,0.6766738624251578,128.98878549750316,1088.7203506514873,572,0.04060804329666287,0.4965034965034965,0.9686529304339583,122.50665521435675,7003.43830466946
941,887363,174,0.05883319410902132,0.5574712643678161,0.7693438429408093,141.95156842565092,1091.6867461589181,573,0.041328584804359594,0.4973821989528796,0.9867064383598353,138.13925728150878,7018.546242865876
942,889248,175,0.05667567823240222,0.5485714285714286,0.7432945516641972,142.9348520496456,1097.951733395611,574,0.04296029244930901,0.49825783972125437,1.026562234501893,156.18516177346615,7033.387229487911
943,891135,175,0.05108578432250016,0.5028571428571429,0.6699837803210914,134.04580468709963,1092.4883498159556,575,0.042291636970435344,0.4973913043478261,1.0114688442901054,142.50981706117196,7044.593440497489
944,893024,176,0.06488653626656542,0.5,0.8534491360592671,167.22861432113558,1089.8963470748631,575,0.0521081182608339,0.4973913043478261,1.2462449299908303,186.6397460737452,7040.703906414495
945,894915,177,0.07386710112128039,0.536723163841808,0.9743739843010458,176.3543318052449,1093.252591208561,575,0.05616284774348982,0.4973913043478261,1.3432199547835106,201.26897564485967,7060.294955870393
946,896808,177,0.08674178199460096,0.5254237288135594,1.1442026889437924,202.86112525220386,1092.5037618585602,576,0.06509186672578457,0.4982638888888889,1.5581312487189594,254.92581597646665,7068.3594466733775
947,898703,177,0.0934227054968135,0.576271186440678,1.2323301225758934,213.9154072117364,1092.9045712480604,577,0.06703287577845114,0.49913344887348354,1.6059935534628387,274.2920693768883,7082.784550743373
948,900600,177,0.08936649426563299,0.5254237288135594,1.178825021678501,210.09151651481716,1090.273447022999,577,0.060478724785668944,0.49913344887348354,1.4489672567301837,249.60400271885518,7085.466843072005
949,902499,177,0.08449827651622378,0.5480225988700564,1.114608819161649,197.90822582360386,1093.223367027648,578,0.059178486750891234,0.4982698961937716,1.4190502613093414,229.1684248121657,7108.276430897427
950,904400,178,0.03667698241104776,0.5337078651685393,0.4851908714996127,117.24345743188616,1093.821079556223,578,0.03945358791296548,0.4982698961937716,0.9460638031039477,148.22468538250573,7096.395227369565
951,906303,178,0.049445158993794924,0.5674157303370787,0.6540979711681503,145.72766830639034,1109.2817822065992,579,0.049392016193193666,0.49740932642487046,1.185408388636648,185.2937311378756,7100.4709746746
952,908208,179,0.06555127601373052,0.5251396648044693,0.8696359482662718,171.53769945462187,1107.5863767514838,579,0.054070604100589656,0.49740932642487046,1.2976944984141516,205.12201206384603,7111.101069845067
953,910115,179,0.09681067356930136,0.5307262569832403,1.2843387197237965,223.00854000873488,1106.703722210052,580,0.06864894427460616,0.4982758620689655,1.6490042287272568,271.5570519267802,7129.33830754952
954,912024,179,0.08250981923344518,0.5251396648044693,1.0946164476695481,192.60109475770628,1106.45481398924,580,0.061394272201609465,0.4982758620689655,1.474741025515459,237.03782979423605,7136.415956778232
955,913935,180,0.056886984855111705,0.4888888888888889,0.7568321089418117,155.16602478070791,1103.0132842462108,581,0.052671585485787854,0.4974182444061962,1.2663107992768157,192.51863852911518,7143.91431096497
956,915848,180,0.06492927090673446,0.49444444444444446,0.8638277658335487,171.3294177042344,1117.5842624666263,581,0.05492548055860589,0.4974182444061962,1.3204981119392836,203.2754510184918,7149.812027182112
957,917763,180,0.07105306629598952,0.5055555555555555,0.9452995645407989,184.87524239303303,1109.5740539181966,582,0.05560422193194099,0.49828178694158076,1.3379720769000156,220.69824422964942,7167.298939780788
958,919680,181,0.07464856715804344,0.5524861878453039,0.9959361058909895,187.22553901943246,1106.860272893757,583,0.05781362713491572,0.4974271012006861,1.3923365181762406,219.40343984818128,7173.968478230294
959,921599,181,0.07144116206964518,0.5082872928176796,0.9531439846840104,183.9822297772916,1124.9551039936737,584,0.06141357789714494,0.4965753424657534,1.4803092942438647,227.251762664427,7189.4320914107575
960,923520,181,0.07759240115878685,0.5193370165745856,1.035211750189461,195.33143600245467,1119.6161381841362,584,0.06421845929797061,0.4965753424657534,1.5479179916861125,238.51774921011372,7191.160825920908
961,925443,181,0.10540810084195983,0.5138121546961326,1.40631947107098,248.6742992613818,1121.2734761053712,584,0.0785987522399244,0.4965753424657534,1.8945397327541127,301.0180501033425,7197.449894159822
962,927368,181,0.10842593754249612,0.5027624309392266,1.4465824345299267,260.27307272498615,1133.565346839396,585,0.07541725496887627,0.49743589743589745,1.8194168532740282,305.21972125125535,7213.566629002349
963,929295,182,0.0987477604825452,0.5439560439560439,1.3211549931241764,226.1608932836296,1135.9354957776063,585,0.06602630814929676,0.49743589743589745,1.5928633023818048,253.360377793179,7221.181003986274
964,931224,182,0.08864002721826765,0.5494505494505495,1.185922738681018,207.69572252184486,1140.3492827618775,585,0.06251780962603981,0.49743589743589745,1.508221911687658,238.82945709489803,7233.081447625415
965,933155,183,0.09320870678838153,0.5573770491803278,1.2505260268420033,214.65779078412783,1142.1191339618056,586,0.0654960102786708,0.49658703071672355,1.5814269038729065,244.01970769632504,7235.177974216182
966,935088,183,0.10853192098058403,0.5628415300546448,1.4561085182473292,248.08137424057082,1136.2095105762019,587,0.07274107292725071,0.4957410562180579,1.7578674566971317,267.0391171495191,7245.596795784393
967,937023,183,0.09569619551733963,0.5300546448087432,1.2838991901892924,219.0019681627607,1137.0321485127067,588,0.0616194305273772,0.4965986394557823,1.490375193645273,226.1416469786705,7258.344591331318
968,938960,184,0.08687812725305899,0.5489130434782609,1.1688256619764843,198.18037271181453,1150.5288391374672,588,0.056429518362816046,0.4965986394557823,1.3648479649601069,205.45728151205375,7255.195469003833
969,940899,184,0.08345385478562059,0.532608695652174,1.1227567875648226,189.3426182064776,1132.8225356145228,589,0.05566623230213599,0.49745331069609505,1.3475368044573797,212.0243986047436,7276.353546132752
970,942840,185,0.08089781676641984,0.5081081081081081,1.091371215434203,174.04294589298314,1150.7646594034425,590,0.05417223823509851,0.49830508474576274,1.3124894777101863,214.5917192569033,7289.555239121208
971,944783,186,0.10452532913148048,0.510752688172043,1.41399244364958,207.67197497952742,1140.974988530856,591,0.06359357436175629,0.49915397631133673,1.5420622256126,261.67963594643305,7311.205018117487
972,946728,186,0.09344422310711976,0.5161290322580645,1.2640900198455216,200.02339585765196,1146.968497338992,591,0.0585031969806956,0.49915397631133673,1.418627134060849,251.44320315990564,7304.070879569222
973,948675,186,0.05949921245144627,0.489247311827957,0.804890427119523,130.43817365494715,1150.4851731173258,592,0.04318830671707626,0.4983108108108108,1.0481509309469614,169.14623471349395,7320.944940119877
974,950624,187,0.05303485500827624,0.5026737967914439,0.7193997745466665,109.98961553160933,1158.2306410961196,593,0.038430277048475,0.4974704890387858,0.933468186106683,133.64926765428308,7340.640037565019
975,952575,187,0.04772946874604252,0.48128342245989303,0.6474340139098491,96.6180947876561,1155.2151987376365,593,0.038264081959690055,0.4974704890387858,0.9294313214264666,129.26170857015555,7346.970290409752
976,954528,187,0.047040667169526894,0.47058823529411764,0.6380906547401974,97.66619293986082,1165.0222456541464,593,0.03697507193092477,0.4974704890387858,0.8981213766163602,126.48224673062467,7351.529091548988
977,956483,187,0.03839171134642939,0.4919786096256685,0.5207705099367572,81.39161466611466,1161.150217429063,594,0.03017765093415472,0.4983164983164983,0.7336335284043937,109.7772143566124,7366.392970517504
978,958440,188,0.013844876598086406,0.4627659574468085,0.18831068074595375,39.64281079436972,1171.7510382892785,595,0.018992639981407898,0.4991596638655462,0.4621108753214073,73.45015003720988,7391.744885184624
979,960399,188,0.014184020491974272,0.4734042553191489,0.19292353641688728,39.97847480682441,1162.9247116293827,596,0.017870114970142004,0.4983221476510067,0.4351657366617154,55.384423022642665,7411.734266974606
980,962360,188,0.014428475600320612,0.4574468085106383,0.19624848536376974,39.73006690294807,1169.2952274028185,596,0.014728645817443192,0.4983221476510067,0.35866596369895803,40.27415103986044,7401.80720475041
981,964323,189,0.024130980180766017,0.48148148148148145,0.3291026922316515,51.920525533441776,1164.4456527539546,596,0.018357461585904043,0.4983221476510067,0.44703340228177574,55.40261769019099,7404.038629202816
982,966288,190,0.0020715372360932236,0.45789473684210524,0.028327845652950396,15.686795929531911,1166.6454580831057,597,0.010736652376509906,0.49748743718592964,0.2616749287319773,10.03927079424352,7418.375021051339
983,968255,190,-0.0025889685135636383,0.47368421052631576,-0.035403611952876675,6.71451348307653,1178.6316453519753,598,0.003731863427085538,0.4983277591973244,0.09102993331788768,-8.40190533523591,7431.04538965776
984,970224,191,0.007694125657296642,0.4607329842931937,0.10549653591701887,33.03542400504023,1184.9976379883003,598,0.012356511974174306,0.4983277591973244,0.30140772378940167,31.04455232510915,7429.62773915591
985,972195,191,0.03842443525979806,0.450261780104712,0.5268493127132933,96.66220492014799,1186.342802422837,599,0.03108237794536778,0.4974958263772955,0.7588175501187728,105.55300144398674,7436.477747334565
986,974168,191,0.018679958984961234,0.4816753926701571,0.2561266935011046,56.35757013309427,1180.564260434767,600,0.015611362846376613,0.49833333333333335,0.3814415368086873,47.30958730206055,7449.881998861813
987,976143,192,0.007888156570158115,0.4583333333333333,0.10844422372923841,39.073668069524444,1176.9452488224324,601,0.01373798596544401,0.49916805324459235,0.3359492380037027,49.71956006220222,7458.250164800864
988,978120,192,-0.003737323166629929,0.484375,-0.051379698922781124,15.552058325675773,1177.2052720861077,601,0.005266444698307756,0.49916805324459235,0.12878584152258218,11.483043871747157,7463.155322163085
989,980099,193,-0.007136144664896789,0.47150259067357514,-0.09836496596290588,2.4230562569209155,1188.9899582131645,602,-0.0004725934779757747,0.4983388704318937,-0.011566477971263256,-27.069548993743098,7487.511430693343
990,982080,193,-0.010526394387855232,0.49740932642487046,-0.14509633342592543,-4.977799427764239,1197.1595962437846,602,-0.0019123638823960488,0.4983388704318937,-0.046804104901141313,-33.87863134189533,7491.264039489586
991,984063,193,-0.02847072891220343,0.47668393782383417,-0.3924419153333567,-43.07132870652214,1196.4603556784714,603,-0.013545513329451433,0.49917081260364843,-0.331795959612241,-76.14422383120103,7500.523430491463
992,986048,193,-0.028583596853337136,0.46113989637305697,-0.39399769253649175,-44.62700891273931,1209.0208659635468,603,-0.010583224208154178,0.49917081260364843,-0.2592349914344828,-62.92964547928398,7505.792482716847
993,988035,194,-0.037531021876921034,0.4690721649484536,-0.5186890419095547,-59.56016896692523,1203.876621419133,604,-0.014690316747181695,0.49834437086092714,-0.3601375418998257,-95.67153414417274,7518.913028244021
994,990024,194,-0.050153878744356784,0.4587628865979381,-0.69314039461194,-87.505069017793,1213.5300263237887,605,-0.02046353092287487,0.4991735537190083,-0.50208681609313,-111.11063685428726,7530.988545717071
995,992015,195,-0.06398265980229802,0.48205128205128206,-0.8865697406478001,-107.57065355853547,1207.5389091086702,606,-0.02758155769647843,0.49834983498349833,-0.6772943392302888,-154.9126533725463,7556.5720686967
996,994008,196,-0.051655788915640745,0.49489795918367346,-0.7176251542413811,-94.58357364671593,1198.357452141896,606,-0.026391129039270992,0.49834983498349833,-0.648062103703321,-154.23596318926272,7549.833445699938
997,996003,196,-0.0626880724665905,0.4846938775510204,-0.8708905355486789,-115.66513933176338,1214.2227758605584,607,-0.030229409315038813,0.49917627677100496,-0.7429304013646486,-158.65004875993836,7566.773384913373
998,998000,196,-0.03920716513817332,0.4744897959183674,-0.5446833456671819,-63.38844081199824,1216.4727806264245,608,-0.017849775931929022,0.49835526315789475,-0.4390464360362625,-111.12129540301407,7575.451054252037
999,999999,196,-0.03632423629837071,0.4897959183673469,-0.5046324182346547,-58.243258808541725,1207.6040744642057,608,-0.014970659496064888,0.49835526315789475,-0.3682295353132422,-97.92397265213074,7583.625553873557
1000,1002000,197,-0.03833709401639087,0.49746192893401014,-0.5339739308792041,-66.25574151346706,1222.6626356337733,608,-0.020214068225845094,0.49835526315789475,-0.49720033720289025,-121.70720971944516,7591.652437159128
1001,1004003,198,-0.028471406989406162,0.4797979797979798,-0.39758156158390845,-37.35310087426819,1231.0230145302867,609,-0.012346786841917378,0.49917898193760263,-0.3039416820111465,-70.773155440296,7601.909953995618
1002,1006008,198,-0.027054776359008704,0.5,-0.3777993914076826,-36.75905303077383,1225.5653806993287,610,-0.012738496058420071,0.5,-0.31384304050120804,-61.791494327183045,7609.633371694386
1003,1008015,199,-0.009738912759950792,0.48743718592964824,-0.1363447786393111,-3.6175822152888486,1222.4634227992815,611,-0.006442962191813396,0.49918166939443537,-0.15886834542325673,-42.9587482454113,7615.739395854865
1004,1010024,199,-0.016453765224365445,0.48743718592964824,-0.23035271314111622,-17.033402505877064,1221.1950600237142,611,-0.008534991011246761,0.49918166939443537,-0.2104528724197755,-52.06562890989136,7623.769784643245
1005,1012035,199,-0.03264183251925601,0.47738693467336685,-0.4569856552695841,-52.03887531296715,1212.5684288880223,612,-0.017465768374105014,0.5,-0.43101892826512056,-81.98065177713062,7637.6239837186195
1006,1014048,199,-0.028840164438192196,0.4723618090452261,-0.4037623021346907,-44.08747598269565,1221.3735894310169,613,-0.012985999024231091,0.499184339314845,-0.3207305163232395,-73.56012730041886,7650.902256922578
1007,1016063,200,-0.009452901431937328,0.515,-0.13267779414784822,-8.40807324087757,1218.7241411028199,614,-0.007846073772750928,0.498371335504886,-0.1939425012692987,-61.602007015123974,7662.433058871925
1008,1018080,200,-0.0038844770755383966,0.5,-0.05452123387842132,3.076909906310675,1232.5236147132805,614,-0.004098966006390928,0.498371335504886,-0.10131993949103042,-44.59457188854873,7660.361061016281
1009,1020099,201,0.01695149464317204,0.48756218905472637,0.23852867288068974,42.17251767211462,1230.1832804043866,615,0.0043253643746072445,0.4991869918699187,0.10700360511473606,7.947777076485892,7671.832860984665
1010,1022120,201,0.023088558317186775,0.4975124378109453,0.3248848134076055,54.81540854572489,1249.5942596849611,616,0.007677643960756518,0.5,0.19008953388109104,36.09256678689118,7691.391761271807
1011,1024143,201,0.01862711256577708,0.5074626865671642,0.26210670701557753,45.29749713665916,1245.2939179161058,617,0.00683428563436116,0.4991896272285251,0.16934692356541256,19.596198757582357,7708.217337963916
1012,1026168,202,0.027426804283088257,0.4900990099009901,0.3869026867874955,57.35019545213095,1247.0016247083831,617,0.008530534990105695,0.4991896272285251,0.21137832602112824,27.272208577605227,7711.054570018936
1013,1028195,202,0.013821423573625076,0.49504950495049505,0.1949751732162591,28.864009507783408,1252.6926376471235,618,0.0007255170474174381,0.5,0.017992237672045965,3.3824018722636424,7730.139992560411
1014,1030224,203,0.02552120959858153,0.4876847290640394,0.36092440742480414,47.87616536373599,1245.5520506898354,618,0.00960740659000434,0.5,0.23825593539758916,44.904264668043254,7731.976325816868
1015,1032255,204,0.010692159468977691,0.49019607843137253,0.1515875228906387,24.468903769749716,1256.8392408841796,619,0.0011671503861622036,0.5008077544426495,0.0289679107761303,18.287009403512116,7755.525286626741
1016,1034288,204,0.004627700408333213,0.47549019607843135,0.06560897670995003,9.950497960420648,1240.8874267027422,619,-0.0033378254702768283,0.5008077544426495,-0.08284264954682279,-3.2721855568252636,7747.0566186266515
1017,1036323,204,-0.009535877683797331,0.45098039215686275,-0.13519439930436888,-20.373032147885795,1255.9667639563363,619,-0.008575338082185434,0.5008077544426495,-0.2128342940079167,-27.886150152537567,7760.517529414911
1018,1038360,204,-0.02849530316230165,0.46568627450980393,-0.40399064687763153,-60.71878689583434,1254.3472644849178,620,-0.017058428761281493,0.5,-0.42372258016642517,-80.53694865936518,7773.8575726355
1019,1040399,204,-0.04144365557670238,0.44607843137254904,-0.5875652254002336,-92.50320469880444,1270.6097629825351,621,-0.024075616972631317,0.500805152979066,-0.5985103470740862,-104.6980603253412,7784.488755188032
1020,1042440,205,-0.021153219410642205,0.4634146341463415,-0.3006437354574739,-51.90897180832019,1256.8151809751223,621,-0.01620988327991299,0.500805152979066,-0.4029713082293985,-64.88271560942255,7785.238344499618
1021,1044483,206,-0.03218430792513015,0.46116504854368934,-0.458555802878753,-79.68673212383834,1269.2077452204965,622,-0.025349024233454007,0.5016077170418006,-0.6306763871551873,-93.89683943406342,7799.64108855099
1022,1046528,206,-0.030039323706976546,0.44660194174757284,-0.42799448204482987,-76.88159375464676,1272.235093624977,623,-0.028475974434545102,0.5024077046548957,-0.709046045329961,-98.36517103294076,7806.522409693507
1023,1048575,206,-0.033639090417849404,0.46116504854368934,-0.47928326284199646,-84.167274414107,1271.8525409684257,624,-0.02800801005242684,0.5032051282051282,-0.6979560139630143,-83.00224937040582,7836.106093665858
1024,1050624,207,-0.044657831412724155,0.48792270531400966,-0.6378414136158044,-102.93167533319019,1283.0334539390024,624,-0.030921245906369264,0.5032051282051282,-0.7705534773510142,-97.61777627500555,7841.270047088466
1025,1052675,207,-0.058600213205962176,0.45893719806763283,-0.8369784570154609,-138.21876322476004,1289.5110561336562,624,-0.04155402193202713,0.5032051282051282,-1.0355208905423927,-153.2315551379723,7839.60528237564
1026,1054728,207,-0.0661024163528538,0.47342995169082125,-0.9441313506752919,-153.01017255214634,1280.1553670016751,624,-0.04246544211468239,0.5032051282051282,-1.0582333644575608,-155.40871493542437,7844.673671703499
1027,1056783,208,-0.05261123107964735,0.4807692307692308,-0.7532781925170744,-131.8273446884366,1293.4352851401009,625,-0.03768672649429365,0.5024,-0.9399042387915071,-147.9817452295918,7859.177016665346
1028,1058840,208,-0.048146202712325885,0.49038461538461536,-0.6893487153113127,-119.48485941421899,1280.2216889990138,625,-0.03685820284758525,0.5024,-0.919240918839902,-141.47463436538018,7867.3127292016015
1029,1060899,208,-0.056724100545255014,0.46634615384615385,-0.812165521582258,-141.85489516477259,1295.1615870871547,625,-0.039916421776244125,0.5024,-0.9955126781988405,-159.76643975570553,7868.657479054725
1030,1062960,209,-0.06456979570770405,0.45933014354066987,-0.9267509129498255,-176.79174706524168,1294.285690302605,626,-0.04786559228951745,0.5031948881789138,-1.1947236493917714,-197.75592129524753,7881.039788135641
1031,1065023,209,-0.06472239986584677,0.46411483253588515,-0.9289411946648074,-169.60032636197178,1291.877739055358,627,-0.04700734006963875,0.5039872408293461,-1.1742429785797073,-173.323588906117,7889.954038753078
1032,1067088,209,-0.07587205928729931,0.45454545454545453,-1.088968912495699,-200.25911547683353,1290.0671258333036,627,-0.05337271128648466,0.5039872408293461,-1.3332499006127692,-209.4828486648603,7897.171555407985
1033,1069155,209,-0.059301370331312296,0.45933014354066987,-0.8511347835527097,-161.79657829994585,1304.8540455650502,628,-0.04617191335617583,0.5047770700636943,-1.1542978339043957,-162.1330135062553,7906.76720376017
1034,1071224,209,-0.0430674737132387,0.47368421052631576,-0.6181345340298859,-121.5077990897517,1306.9835961165409,629,-0.040497911976565465,0.505564387917329,-1.0132574339293,-119.46108258824233,7920.676471506366
1035,1073295,209,-0.046694374554096175,0.49760765550239233,-0.6701903540708671,-130.50370621129485,1305.8615626601704,629,-0.04306557654438618,0.505564387917329,-1.0775003808912744,-132.9083240341489,7918.484588043777
1036,1075368,210,-0.04725214121732631,0.5095238095238095,-0.6798399251822334,-125.32071174153549,1315.9106600353225,629,-0.04165185868866095,0.505564387917329,-1.0421291714417331,-124.49684649644553,7929.39205614373
1037,1077443,210,-0.06037041134468873,0.4714285714285714,-0.8685789654066421,-156.8900993737504,1318.592809840541,630,-0.04462782518411632,0.5047619047619047,-1.117479316800252,-152.76404373159207,7940.454133006962
1038,1079520,211,-0.054426068945421034,0.4976303317535545,-0.7849439292186153,-150.10096142737467,1312.5971362932264,631,-0.04093804314150022,0.5055467511885895,-1.025904420639832,-122.61809344353713,7954.65804182063
1039,1081599,212,-0.03648914578328368,0.5141509433962265,-0.5275174611694758,-98.80929313352084,1318.7936814629036,632,-0.03243374220418059,0.5063291139240507,-0.8134341161938055,-63.76624393294682,7980.586209925735
1040,1083680,212,-0.03468416918453405,0.5094339622641509,-0.5014232171853121,-95.41854590752706,1314.9418997081616,632,-0.03151930131596852,0.5063291139240507,-0.790500055392817,-60.03539813860078,7985.172295373395
1041,1085763,212,-0.03137654492128462,0.5,-0.4536054479173005,-90.25631269854733,1331.1285612958006,633,-0.032329026840774454,0.5055292259083728,-0.8114521336326959,-81.27151566732326,8001.250216660143
1042,1087848,213,-0.0400965413692,0.5211267605633803,-0.5810540872002478,-103.73109067214068,1312.9429454950423,634,-0.033341883688160545,0.5047318611987381,-0.837538561601205,-95.8264419985118,8015.8772165625305
1043,1089935,213,-0.032599103563654676,0.5258215962441315,-0.4724058913289666,-91.78792002986006,1321.986013802632,635,-0.030204972535698524,0.5039370078740157,-0.7593412350436495,-100.813821918299,8014.822657448412
1044,1092024,213,-0.01612046616650096,0.49295774647887325,-0.2336077485429656,-47.28352592719631,1329.102391202668,635,-0.021786470664379807,0.5039370078740157,-0.5477033796994916,-53.23611828658392,8030.743897609563
1045,1094115,213,-0.010306604057283324,0.47417840375586856,-0.1493568823678973,-31.141897687306823,1332.232811148432,636,-0.014872481909717102,0.5047169811320755,-0.37418407848548013,-1.0854025502755746,8049.754897536719
1046,1096208,213,0.00485715161252264,0.5352112676056338,0.07038681393042712,5.655958950924685,1336.0604209870444,637,-0.0063221358155331805,0.5039246467817896,-0.15918731232485223,31.090320641547038,8064.549765911848
1047,1098303,213,-0.01853559309366597,0.48826291079812206,-0.2686062627343806,-50.406960534702876,1322.9026810872733,638,-0.015635085535637746,0.5031347962382445,-0.39399174650461904,-29.380379693371253,8067.5716718084
1048,1100400,214,-0.014873291198704194,0.514018691588785,-0.21604703404163245,-35.32687011707071,1327.1314296350884,638,-0.015402133681579206,0.5031347962382445,-0.3881215446676791,-27.467989806490436,8072.506138593687
1049,1102499,214,-0.021183844092983548,0.5233644859813084,-0.3077131096773112,-50.86393611321171,1335.9493472221359,639,-0.01801328535417519,0.5039123630672926,-0.4542777715490814,-28.817682658301635,8087.003588097717
1050,1104600,215,-0.021222840498709702,0.5023255813953489,-0.30900922198655917,-44.79602033452261,1339.556383291781,639,-0.01670199822854618,0.5039123630672926,-0.42120836851796384,-21.693101031763263,8096.639298195573
1051,1106703,216,-0.014664064431125026,0.5185185185185185,-0.2140149745727145,-34.77911400582309,1360.0696010725828,640,-0.012416501689196875,0.5046875,-0.313378334515992,13.08395883246601,8112.552199082491
1052,1108808,216,0.004187623600983025,0.5,0.06111635438413877,9.722838635983749,1348.5630519849792,640,-0.004404026542428625,0.5046875,-0.11115260462061553,54.111631252468584,8120.489624138624
1053,1110915,216,0.005947642585507284,0.4861111111111111,0.08680298580816313,14.180386692098295,1350.920854023043,640,-0.004287798018756268,0.5046875,-0.1082191293082104,54.369326180634374,8123.53852138917
1054,1113024,217,0.027670371627758872,0.4838709677419355,0.40478264010195963,71.92700599754278,1362.094480869668,641,0.010910094612582714,0.5054602184087363,0.2755743909049117,144.3901906932559,8136.692205439271
1055,1115135,217,0.03137078379823896,0.5023041474654378,0.45891500333808255,79.30505642985514,1364.7416065021548,642,0.014146379125445111,0.5046728971962616,0.3575985277774083,147.30936164088405,8145.575203734349
1056,1117248,218,0.02197993485222513,0.48623853211009177,0.3222891097496673,52.18634505266431,1353.5167559350614,642,0.007556378288563253,0.5046728971962616,0.19101352560663606,114.57956745694881,8164.194097028118
1057,1119363,219,0.016063651470049907,0.4840182648401826,0.236086497045187,44.33279274142848,1353.8327101494217,643,0.008922348194279279,0.5038880248833593,0.22571953896810434,109.03531011141266,8180.635119056673
1058,1121480,219,0.017215708485209508,0.4885844748858447,0.2530182080955961,45.78602806119443,1365.9899988079464,643,0.009069116715924318,0.5038880248833593,0.22943252150581672,108.84817309315028,8184.3297943402595
1059,1123599,219,0.01178255983892773,0.4931506849315068,0.17316755681509496,35.29540503529478,1353.6455599491178,644,0.01146862536106669,0.5031055900621118,0.29036240231488963,110.9328523526199,8189.625228398269
1060,1125720,219,-0.000640351737170691,0.4931506849315068,-0.009411210071837983,4.345395981782644,1367.9290161230324,644,0.001441729131426436,0.5031055900621118,0.036501666146447675,58.43194971967756,8208.345413798488
1061,1127843,219,0.01138688121474758,0.5159817351598174,0.16735229242688793,34.47665452494522,1378.0546478676756,645,0.004298915739204333,0.5038759689922481,0.10892471865487625,86.24818407731732,8208.393158951321
1062,1129968,220,0.010458504559026758,0.509090909090909,0.15406339254224805,25.867007731799674,1373.9821905813146,645,0.003150616804801643,0.5038759689922481,0.07982944302040725,80.02583200563305,8212.558880940369
1063,1132095,220,0.026191592602721622,0.5272727272727272,0.3858262517060321,63.10439886171963,1384.5337885198383,646,0.009884076511361906,0.5046439628482973,0.25063492321346464,127.13634140608261,8234.315335178979
1064,1134224,220,0.03409054450579362,0.4863636363636364,0.5021850791891617,81.78454016142348,1372.2259846271063,646,0.01573660077537263,0.5046439628482973,0.3990399833957793,156.84874610932533,8248.05697248869
1065,1136355,220,0.03863402364204587,0.5181818181818182,0.5691147062429441,94.8580761991181,1390.4672931238865,647,0.014897024200775938,0.5054095826893354,0.37804409338699707,166.76115827782024,8258.18711801375
1066,1138488,221,0.033649130369446105,0.49321266968325794,0.4968234560355979,77.86378046883658,1387.0967660704039,648,0.01002530869724783,0.5061728395061729,0.2546112631767257,154.58168677071265,8268.488993870487
1067,1140623,222,0.02219017534361039,0.5045045045045045,0.3283846069928647,55.814859774661954,1399.5636616854736,649,0.008962316008357372,0.5053929121725732,0.227790974182349,136.52907876095873,8281.211769086793
1068,1142760,222,0.015637641619610253,0.5045045045045045,0.23141596305725612,39.67388615390627,1394.6659905188712,649,0.0036643964047139103,0.5053929121725732,0.09313624135119813,108.91058481416795,8296.096218228133
1069,1144899,223,0.013498066148326934,0.5067264573991032,0.20020867549587879,40.13691504111131,1382.3342256435055,650,0.004447057851669287,0.5061538461538462,0.11311622928586536,125.63652554076515,8297.51754551968
1070,1147040,223,0.01091614778748523,0.4618834080717489,0.16191263741292128,34.2735896504077,1399.732511405288,651,0.0024975752593454133,0.5069124423963134,0.06357788648664811,128.39753487497913,8313.938798744783
1071,1149183,223,0.0031745562007606766,0.4663677130044843,0.04708627778656297,14.335773544683263,1394.1315189908964,651,-0.0008748683177063286,0.5069124423963134,-0.022270511523434827,110.27128999586913,8321.494515096034
1072,1151328,223,0.004139426236892958,0.47085201793721976,0.0613976131909793,16.541360325919754,1398.5545587481322,651,0.00029759287132030443,0.5069124423963134,0.007575477744361065,116.68888186761089,8325.513163906313
1073,1153475,224,-0.012338736282284211,0.48660714285714285,-0.18342850182747025,-18.7449291288234,1394.8555799600776,652,-0.005014693591842235,0.5061349693251533,-0.1277517183102492,76.1999140964655,8342.181727567702
1074,1155624,224,-0.024300475908492828,0.47767857142857145,-0.3612525454482115,-51.47428795040361,1404.2488655206657,653,-0.012997607041945452,0.5068912710566615,-0.33137525968445425,45.07819541433406,8355.559840981958
1075,1157775,225,-0.006532862702306783,0.4888888888888889,-0.09733746200387815,-10.174405682333372,1421.5713891054359,653,-0.00606217223786162,0.5068912710566615,-0.1545556726780842,83.82512113632717,8372.79657956597
1076,1159928,225,0.0009154387000529409,0.48444444444444446,0.013639729433134854,8.199095053145811,1423.1040256193637,653,-0.005239005187233968,0.5068912710566615,-0.13356894840759911,88.20127821719018,8368.86666740289
1077,1162083,225,0.01818485318343667,0.4622222222222222,0.27094821006476233,50.93603430895547,1423.0939279318948,654,0.008625477120906567,0.5061162079510704,0.22007647528006485,147.7890142130656,8398.068697071896
1078,1164240,226,0.030885076757534605,0.48672566371681414,0.4612125502293854,85.92536534088367,1434.5430157720034,654,0.014645928618351855,0.5061162079510704,0.37368649900163836,177.65630652308323,8403.940549883519
1079,1166399,227,0.02677833696950894,0.4845814977973568,0.4007814493099394,83.67360954163559,1419.2639912473278,655,0.01460798014649769,0.5053435114503817,0.3730044111565262,165.69737791001333,8414.338308852195
1080,1168560,227,0.029525193727473115,0.5022026431718062,0.44189263682532565,91.54293951031673,1443.4147690889895,655,0.017584997050178314,0.5053435114503817,0.44902042610344195,182.06262438998158,8417.567555907468
1081,1170723,227,0.027610216891812103,0.4713656387665198,0.4132318879347176,84.21317807429568,1452.1903878117816,656,0.017105926510723787,0.5045731707317073,0.4371225312530283,164.7608746827512,8432.187563270822
1082,1172888,227,0.019324177809475686,0.4977973568281938,0.2892178105766311,64.35506717614828,1445.971601440947,657,0.012193045181614483,0.5038051750380518,0.31181791068471915,126.75235824265235,8444.861637362152
1083,1175055,228,0.01613034255830382,0.4956140350877193,0.2419551383745573,50.13165048426589,1437.920812006626,657,0.006604993079880872,0.5038051750380518,0.16891228660097324,97.79147558254925,8448.44136653674
1084,1177224,228,0.022167341627601665,0.4956140350877193,0.332510124414025,63.167339114725394,1440.3832310897305,657,0.007702985435614417,0.5038051750380518,0.19699171033909582,102.79798225980392,8450.15015227222
1085,1179395,228,0.03998735588076856,0.5043859649122807,0.5998103382115284,103.61224578369246,1444.0899723892474,658,0.01498614550674878,0.5045592705167173,0.3835399391626477,151.82343523225646,8463.52083368883
1086,1181568,229,0.055516321952250064,0.5240174672489083,0.8345933217453453,144.70038512309623,1452.4860678877594,659,0.02470509956340813,0.5053110773899848,0.6327592872106012,212.99807912941387,8486.845903008805
1087,1183743,229,0.0695826762592405,0.5283842794759825,1.0460569950055347,183.11932550476712,1461.2031137846654,660,0.03155790914725953,0.5060606060606061,0.8088926818457275,263.6805365643821,8501.3284330799
1088,1185920,229,0.07147885309454398,0.5327510917030568,1.074562783356457,182.8602736883364,1465.4619633492202,660,0.031065191555641528,0.5060606060606061,0.7962633390012233,258.7209430097414,8506.646721485204
1089,1188099,230,0.08439347513106568,0.5260869565217391,1.271515911165252,210.5454377571441,1480.5006742631062,660,0.038439558336429654,0.5060606060606061,0.9852831911844201,297.74631766757045,8510.469528889991
1090,1190280,230,0.06481594867756335,0.5130434782608696,0.9765507334873921,162.55649842776558,1477.4300160475918,661,0.028058515275806235,0.5068078668683812,0.7197433041714142,257.19955444464625,8524.168181814224
1091,1192463,231,0.08849112736915463,0.5324675324675324,1.336186721255147,208.457569944356,1472.559956970327,662,0.03386571568741017,0.5075528700906344,0.8693666284453924,297.188854931072,8529.099049982176
1092,1194648,232,0.07377709417279729,0.5344827586206896,1.116450023077268,184.70975717967372,1480.854866122549,662,0.029627786882286466,0.5075528700906344,0.7605747779819553,278.4605021873451,8544.666076942802
1093,1196835,232,0.053238346889537026,0.5172413793103449,0.8056423782997795,137.68494893124802,1488.3101538730152,663,0.020756563038219503,0.5082956259426847,0.5332457595193072,247.47920360673922,8559.08649315322
1094,1199024,232,0.06872023961084323,0.5431034482758621,1.0399259276829869,172.43611082282786,1483.9179321408305,664,0.026412729886006823,0.5075301204819277,0.6790691793334428,262.5482948678522,8569.260346670319
1095,1201215,233,0.06337989946998646,0.5321888412017167,0.9612037666748324,163.69370569216716,1457.9783516615144,665,0.02430183515989702,0.5082706766917293,0.6252706815419145,263.0057813445799,8579.864746453306
1096,1203408,234,0.06280424678685735,0.5256410256410257,0.9545419104163501,165.43326430721675,1483.9552163009002,665,0.022230080400370177,0.5082706766917293,0.5719657561338638,257.32274317854205,8594.798980194442
1097,1205603,234,0.04136441081355499,0.5085470085470085,0.6286846151537653,114.83158171026952,1475.182464608658,666,0.011043666584051544,0.509009009009009,0.2843610117154933,212.85093983853167,8601.606694484304
1098,1207800,234,0.03749371675709784,0.5170940170940171,0.5698551587345698,105.06258690593756,1479.5770609478163,666,0.007191249755967325,0.509009009009009,0.18516595376564282,192.66757396530915,8606.219730191966
1099,1209999,234,0.02726721125628243,0.5256410256410257,0.4144257316329234,81.15490092894515,1491.6460581646513,667,0.006029677154374331,0.5082458770614693,0.1553739114944758,174.36110128229802,8631.64782442009
1100,1212200,235,0.04739765617050402,0.5234042553191489,0.7219395902886181,136.36372761815448,1492.3825098060636,667,0.014833356049476026,0.5082458770614693,0.382228847580229,220.14262035815122,8631.154924142704
1101,1214403,235,0.045985806201055954,0.548936170212766,0.7004349322349434,132.57322902251695,1499.0346718389947,668,0.01632780733500756,0.5074850299401198,0.4210548651012944,215.14073369405602,8651.766822152787
1102,1216608,236,0.05085963705052337,0.5211864406779662,0.7763386662096999,139.06906171198165,1482.8839268450574,669,0.01859229399590422,0.5082212257100149,0.47981088123975535,239.94667710587134,8660.287418849892
1103,1218815,237,0.05251083991339264,0.5063291139240507,0.8032613921806079,136.10629862918643,1504.6247763779484,670,0.01701139948363893,0.508955223880597,0.4393422403610097,244.13947520835168,8676.69031990039
1104,1221024,237,0.06266894125095092,0.5358649789029536,0.9586504630043957,166.89757495069102,1506.7041929048437,670,0.022572162573918975,0.508955223880597,0.5829564160524411,276.106924862387,8680.753532984421
1105,1223235,237,0.04331224395950859,0.540084388185654,0.6625499313810767,117.19307955364923,1497.0067314823696,671,0.010493456854702375,0.5096870342771982,0.2712106955056938,224.65604296536472,8700.515370820101
1106,1225448,238,0.035497161791260355,0.48739495798319327,0.5441611860287399,91.45264340903282,1490.8976786388416,672,0.006048053594726736,0.5104166666666666,0.15643311375298902,213.97907225940804,8716.82826102063
1107,1227663,238,0.045593347886301615,0.5252100840336135,0.6989327881120695,119.00580810647932,1506.488960251306,672,0.009929211088110174,0.5104166666666666,0.2568193854925583,235.32698841480536,8722.739627166342
1108,1229880,239,0.05188496324957207,0.5271966527196653,0.797071929685539,128.5741784343124,1510.3282227794293,672,0.009733588641956309,0.5104166666666666,0.25175960421044347,234.1971341004776,8732.751618646407
1109,1232099,240,0.06601708707221347,0.5458333333333333,1.0163201371435828,158.39809253457167,1513.745807196543,673,0.014284752624102953,0.5111441307578009,0.36975165387908254,271.05041624402577,8737.222521188363
1110,1234320,240,0.036720577251573766,0.5166666666666667,0.5653061012444893,85.70086405349736,1522.5401704145409,674,-0.00041935828352167233,0.5103857566765578,-0.01086291762106209,179.63694772308227,8758.5884637015
1111,1236543,240,0.009796662914898207,0.5333333333333333,0.15081770854760262,14.317270364267415,1518.1622013162105,675,-0.012573155185258563,0.5096296296296297,-0.32593343406601194,99.83963627732194,8771.845755692213
1112,1238768,241,0.016478379546842118,0.5311203319502075,0.25421605813277953,38.03478917292165,1508.0141864670702,675,-0.009173814833527442,0.5096296296296297,-0.2378124606051961,118.79552090453416,8769.106073276658
1113,1240995,242,0.025808035221180133,0.5206611570247934,0.3989825422154009,59.238923124061614,1519.3431967936085,676,-0.005936013061928116,0.5103550295857988,-0.15399349652189714,148.76449892460607,8783.951452560206
1114,1243224,242,0.019320940035047716,0.5206611570247934,0.298694484377031,42.163612557889394,1517.5935920632664,677,-0.0066640317945408185,0.5096011816838996,-0.1730083278843268,131.19237736898543,8793.959599982078
1115,1245455,243,0.014360671170378897,0.5020576131687243,0.22247456113295377,32.993769380297806,1524.28998466763,678,-0.006745483986859572,0.5088495575221239,-0.17525281480324578,118.6321821077749,8812.476987356102
1116,1247688,243,0.02895673863331311,0.5308641975308642,0.44859586594921036,71.45100696346884,1530.4552535010532,678,0.0020864281602452446,0.5088495575221239,0.054206993698308344,167.7869898355852,8834.124182959582
1117,1249923,244,0.03354680726267164,0.5204918032786885,0.5207864964474791,85.40892251778712,1522.669058524812,679,0.004750104574076456,0.5095729013254786,0.12350271892598787,194.67787178120045,8852.990785929313
1118,1252160,244,0.04115791341295035,0.5,0.6389426379561849,110.4666613623578,1532.8927802763897,680,0.006958641168956602,0.5102941176470588,0.18105844096226928,220.55516426964368,8858.370618295972
1119,1254399,245,0.03898195654234978,0.5061224489795918,0.6064169279303263,112.9744007374502,1531.2787529904472,681,0.010316394974775454,0.5095447870778267,0.2686227607200067,226.6073081517831,8864.199659396387
1120,1256640,246,0.03270644032723883,0.5203252032520326,0.5098429474334758,89.32841189180579,1529.7337326521763,681,0.007227904555948216,0.5095447870778267,0.18820330946875016,209.48567439928271,8881.05451992911
1121,1258883,246,0.04806761003806725,0.4959349593495935,0.7492998850590623,125.8152068739937,1537.7170535312907,682,0.01714859983587301,0.5087976539589443,0.44685184281670326,248.67692437237258,8893.613741129882
1122,1261128,246,0.06197352114872354,0.508130081300813,0.9660715861818016,163.92010241672995,1537.276495740623,683,0.02304941024843209,0.5080527086383602,0.6010550829203243,268.4121616995485,8913.099699431963
1123,1263375,246,0.07485693589253996,0.5203252032520326,1.1669041463832497,195.55649302352163,1536.7695169860378,684,0.027439008008130965,0.5087719298245614,0.7160477136897075,304.45873111766355,8929.445241558138
1124,1265624,247,0.07571659576570204,0.5303643724696356,1.182731035079659,204.51402222231025,1526.7828969319453,684,0.03003686421099872,0.5087719298245614,0.7838413086333313,318.37647985306705,8927.635154899634
1125,1267875,247,0.07553793427806726,0.5222672064777328,1.179940253427866,205.86000789013013,1533.7730922452965,684,0.03394443386705794,0.5087719298245614,0.8858131553369496,340.71552423635353,8939.556591708679
1126,1270128,248,0.06865860766818102,0.5201612903225806,1.0746771979057876,178.70603797187175,1537.266547731368,685,0.02754439620804815,0.5080291970802919,0.7193254798780377,291.29078065873864,8966.900212414328
1127,1272383,248,0.07095713675223392,0.5362903225806451,1.110654868867206,179.8193701247144,1533.292253634673,685,0.028707764858719103,0.5080291970802919,0.7497070030959776,294.6999094144743,8963.804429888412
1128,1274640,249,0.054397857064085654,0.5100401606425703,0.8531970498533822,146.35591338607583,1540.3824870882454,685,0.020646745644964496,0.5080291970802919,0.5391924406984957,253.91158691651702,8973.656879610582
1129,1276899,249,0.051843862580317486,0.5060240963855421,0.8131392116130691,144.881123197261,1538.9234163048106,686,0.01675992040951792,0.5087463556851312,0.4380082632178249,248.39279331585465,8978.12938076588
1130,1279160,250,0.05467229215827104,0.504,0.8592425174945187,166.25548283749032,1554.2579921241697,687,0.01965782954284329,0.5094614264919942,0.5141189545596135,281.3011378508221,8994.684187298797
1131,1281423,251,0.06244930217107716,0.5258964143426295,0.9834525940432088,182.49833215379743,1550.6551798973233,688,0.018339314814706055,0.5101744186046512,0.47998580238683564,286.59403293816837,8993.694568114879
1132,1283688,251,0.05833018327399474,0.5338645418326693,0.9185846447839732,171.98817091010113,1565.4555342515428,688,0.02024919060535329,0.5101744186046512,0.5299720354110872,298.34536232899103,9005.597967881064
1133,1285955,251,0.07430713236793364,0.5537848605577689,1.170189890720695,218.1337517738056,1569.9836480979,689,0.028546500123436003,0.5094339622641509,0.7476785613737829,332.90792181446915,9015.555907064103
1134,1288224,252,0.0839140512511352,0.5476190476190477,1.3241413940161972,239.2569154701568,1572.1007123808265,689,0.031363088550088285,0.5094339622641509,0.8214495236183814,348.5650845588076,9034.71449616471
1135,1290495,252,0.07079477204785617,0.5357142857142857,1.1171226600412647,193.39294798199523,1576.573230967212,690,0.023470881754252493,0.508695652173913,0.6151878846753116,287.1220606118869,9047.068041091836
1136,1292768,252,0.06357287468342081,0.5396825396825397,1.0031630418246913,176.30128919738007,1582.2347531986757,690,0.023480031415703363,0.508695652173913,0.6154277035680311,288.7156220747297,9058.50872988343
1137,1295043,253,0.06225909234336393,0.525691699604743,0.9844026842988998,170.7702712468133,1590.2196740130198,691,0.02052787008156097,0.507959479015919,0.5384409843787774,260.87182073397787,9073.574941860425
1138,1297320,253,0.06138807119679373,0.5691699604743083,0.9706306307322338,161.53154064539035,1586.8770484391716,692,0.02047311834869451,0.5072254335260116,0.5373949833405967,244.3622391125778,9093.081199795764
1139,1299599,254,0.05279222819818599,0.5433070866141733,0.8363861900405012,135.58963949268673,1585.8883489624138,693,0.017547488687787077,0.5064935064935064,0.4609348195581786,216.47240313321313,9099.55380115392
1140,1301880,254,0.05402193398460334,0.5393700787401575,0.8558683936275758,140.80417118252814,1591.6456428442384,693,0.02104421322475229,0.5064935064935064,0.5527862589389312,237.41402661473592,9110.430908322736
1141,1304163,255,0.06345770304575248,0.5372549019607843,1.0073598061826825,169.9660850302966,1584.1638451776137,694,0.024875258519911493,0.5057636887608069,0.6538929072293174,243.72289237517143,9112.340268931704
1142,1306448,256,0.047648822672332794,0.5,0.7579009212430291,131.87390681730392,1594.2716344175656,695,0.02072271508265822,0.5050359712230216,0.5451295230628636,207.5917632461809,9134.935752117863
1143,1308735,256,0.04299540199966274,0.5078125,0.6838837343127034,120.74357703895612,1583.9864197982788,695,0.01878355111171725,0.5050359712230216,0.4941180833744238,197.67279789687572,9138.03677910712
1144,1311024,256,0.03860869079431241,0.49609375,0.6141088211605972,108.82643468220368,1594.061610095568,695,0.01632557700251945,0.5050359712230216,0.4294588797660526,184.3407532654288,9152.183376881205
1145,1313315,257,0.034501230883310925,0.4980544747081712,0.5498591390944921,105.95688247178686,1584.91192976664,696,0.015071749309746162,0.5043103448275862,0.3967621903461731,165.39668574762877,9150.783880301584
1146,1315608,258,0.04050084110626735,0.49612403100775193,0.6467465680081761,120.5785227286367,1580.715400034212,697,0.021092405192114815,0.5050215208034433,0.5556557859062716,215.20150282250987,9167.923188152421
1147,1317903,258,0.05627652931954923,0.5271317829457365,0.8986641067856174,167.36967671979494,1601.20496172658,698,0.02905485020425611,0.504297994269341,0.7659687347877028,248.7487598365621,9181.334606532595
1148,1320200,258,0.044165244127565756,0.5155038759689923,0.7052623917068793,128.0457445744217,1603.178724894471,698,0.021344250268390933,0.504297994269341,0.562695324812812,201.72536227548244,9194.791881472876
1149,1322499,258,0.04753593480512888,0.5193798449612403,0.7590880053974988,133.38835282370633,1606.7437200101497,699,0.021605932527876577,0.5035765379113019,0.5700036482320197,187.50236666844978,9203.455570408336
1150,1324800,258,0.05223694602375522,0.5155038759689923,0.8341571345505729,148.57894202054223,1613.6290374846503,699,0.025686525030106305,0.5035765379113019,0.6776570721339115,211.97909066288662,9207.824822015198
1151,1327103,258,0.05535600210412606,0.5193798449612403,0.8839644659615918,157.69318659540238,1622.8505974384593,700,0.02520710031857485,0.5042857142857143,0.6654865444245099,222.95393288260573,9233.139219577622
1152,1329408,259,0.028384886121214283,0.4980694980694981,0.45415817793942853,86.19120668359164,1638.1455888576622,700,0.011704916592963494,0.5042857142857143,0.30901866528806604,145.56997524318973,9243.878217282516
1153,1331715,260,0.023010330204595947,0.5115384615384615,0.36888365524106237,64.88653745346028,1617.817090422763,701,0.0057546902557141085,0.5049928673323824,0.1520371304569026,124.94399195334438,9263.020065393812
1154,1334024,260,0.031149086192156193,0.5038461538461538,0.4993578392754424,88.64251413481742,1630.8920384976382,702,0.013293843269522184,0.5042735042735043,0.3514707127818185,154.7997704662611,9271.57903775052
1155,1336335,260,0.022009662584346255,0.5038461538461538,0.3528417329323875,63.72807700876194,1621.0939929662027,703,0.007680227511364152,0.5035561877667141,0.20319972007466042,110.25930187696855,9287.799149653247
1156,1338648,261,0.02875229137748696,0.5019157088122606,0.4618301840932715,90.06813836414125,1617.7856446050505,703,0.01406569117218703,0.5035561877667141,0.37214320859843475,147.22488303666984,9277.180731918323
1157,1340963,262,0.04643738633956109,0.49236641221374045,0.7473390061831784,145.00127211880283,1628.4227465694823,704,0.023796787929917105,0.5028409090909091,0.6300533851689041,188.53345755634703,9301.65409875489
1158,1343280,263,0.04632699301859907,0.5057034220532319,0.7470003168391463,152.33122336350385,1627.2277053614382,705,0.022931130031990914,0.5035460992907801,0.6075667705116378,198.00825683965112,9321.984131358871
1159,1345599,263,0.04118775764053248,0.4790874524714829,0.6641326363448515,139.45064406748253,1646.7027464615726,706,0.022744810028837326,0.5028328611898017,0.6030592403929095,185.59972250958876,9335.663182741024
1160,1347920,263,0.022803032370010017,0.49809885931558934,0.3676878488196318,84.87551933693868,1633.535779674487,706,0.013899498678947688,0.5028328611898017,0.3685333535228883,133.76227206225525,9334.210640011484
1161,1350243,264,0.014747767108609755,0.49242424242424243,0.23825746925130306,69.43496795401467,1638.8007630390882,706,0.007509821291864719,0.5028328611898017,0.19911650693131522,98.19413669326403,9326.510242224223
1162,1352568,265,0.011776589669748374,0.4830188679245283,0.1906207565649699,64.33193951508326,1629.1882141471174,707,0.006831521284753562,0.5035360678925035,0.18126074279083387,106.06796838705185,9351.254454727965
1163,1354895,265,0.020637188884372607,0.4716981132075472,0.33404208423926074,92.09370384118273,1627.574867301884,708,0.009993328336569938,0.5042372881355932,0.265341216033161,138.72954591920646,9366.18560236301
1164,1357224,266,0.02430692500443047,0.4924812030075188,0.3941920808869388,106.94695228755177,1645.8872334122516,708,0.013629235739981706,0.5042372881355932,0.3618812334640693,158.62161576665858,9374.994256936443
1165,1359555,266,0.007194550481609698,0.4849624060150376,0.11667600179269592,57.29151585567047,1655.0035520033257,709,0.007253132479656569,0.5035260930888575,0.19272052075951598,109.5191003141851,9387.410893607706
1166,1361888,267,0.004148880892789663,0.49812734082397003,0.06741133541856711,41.80956797672957,1654.721371190789,710,0.0030146991663317553,0.504225352112676,0.08015925786758094,97.3687327276015,9410.557083982743
1167,1364223,267,0.008941845373634422,0.5205992509363296,0.1452877904474449,56.345803192793596,1669.8359329605353,711,0.006972486120886896,0.5035161744022504,0.18552578903165984,107.42750504464695,9432.327866127956
1168,1366560,268,0.004244079874518481,0.5,0.0690886148728037,48.32438845473126,1665.949806072063,711,0.006764852099680294,0.5035161744022504,0.18000100706059566,107.02582092611826,9418.960934276449
1169,1368899,269,0.011395608696999699,0.516728624535316,0.1858567533209002,75.8128873430905,1668.4784486542962,712,0.01041317381455688,0.5028089887640449,0.2772721405488671,115.08296738927982,9433.372163721406
1170,1371240,269,0.013032767262663874,0.5092936802973977,0.21255800147502094,80.18451078149428,1665.1739730231284,712,0.013827203892447015,0.5028089887640449,0.3681777034879503,134.47887960546842,9446.71588881021
1171,1373583,269,0.015805292695294723,0.49814126394052044,0.25777652284668434,90.08952155037429,1673.474547394437,713,0.012115423844914232,0.5035063113604488,0.32282546586160243,139.2227531127326,9469.366660585902
1172,1375928,269,0.024190132634926698,0.5390334572490706,0.394529123759149,116.28004984309342,1657.0424774213593,713,0.012183624302543732,0.5035063113604488,0.3246427233334043,139.77171029437187,9467.02756072954
1173,1378275,270,0.030575074837825976,0.4962962962962963,0.49960083942825995,137.6877486394389,1657.1790952052315,714,0.019559908221517968,0.5042016806722689,0.5215568011731039,193.71786102849092,9507.610478911916
1174,1380624,271,0.039294538105077464,0.5313653136531366,0.6432793127956868,170.30189003932804,1681.1848321062246,715,0.028262940237433046,0.5034965034965035,0.7541493082246213,231.95497805078094,9510.721882303218
1175,1382975,271,0.03855434055854094,0.5166051660516605,0.631161756717135,171.2309114398911,1673.2619496983689,715,0.02628407922278907,0.5034965034965035,0.7013467104506691,223.34498827473317,9506.25510291193
1176,1385328,271,0.03430675191796502,0.5166051660516605,0.561625733811311,158.11756346852894,1686.034530322676,715,0.023586769891135607,0.5034965034965035,0.6293735204907619,207.00599115562898,9517.46520648172
1177,1387683,272,0.038024281970907035,0.5147058823529411,0.6236445936744898,165.1624739055046,1698.6261355122203,716,0.025664710180884714,0.5027932960893855,0.6853006271709225,207.4893603996917,9537.310494915935
1178,1390040,273,0.03784534378083365,0.5421245421245421,0.6218624545590132,158.89669482864224,1675.0641419710091,717,0.02483687189817019,0.5034867503486751,0.663660550929379,216.00828674258858,9542.227000231383
1179,1392399,273,0.027421382236259877,0.5494505494505495,0.4505792882631297,128.98032635565045,1693.2197839270125,717,0.01863310580207082,0.5034867503486751,0.49789109163295137,181.07353368125473,9547.6186574873
1180,1394760,274,0.03601695025726588,0.5620437956204379,0.5929138312445688,146.4114863113365,1701.1510670658886,717,0.02226458987987039,0.5034867503486751,0.5949271730543516,199.70544364346753,9549.241697426398
1181,1397123,274,0.0490695664368097,0.5364963503649635,0.8077870121079854,182.10775716978986,1700.6819837140106,718,0.031001882157845564,0.5041782729805014,0.8289743292709337,261.3963271783131,9565.436164140548
1182,1399488,275,0.06442013011294191,0.5309090909090909,1.06244400348677,234.5402667851983,1699.8732945152271,719,0.04010284981976291,0.5048678720445062,1.073079126432522,328.54162588851483,9576.68348702748
1183,1401855,275,0.06669021131590355,0.5563636363636364,1.09988314180093,248.80542594234817,1705.4824013636255,719,0.04186891312643151,0.5048678720445062,1.1203357597855594,344.9921022101103,9578.66292922922
1184,1404224,275,0.06060608761909336,0.5309090909090909,0.9995412032358427,231.77216336907594,1701.448837935295,719,0.03957981631051538,0.5048678720445062,1.0590837035705365,333.1359127937573,9585.91503011873
1185,1406595,276,0.04731645798795269,0.532608695652174,0.7817961912490453,183.19168806349182,1701.451918708013,720,0.02911335782653643,0.5055555555555555,0.7795641808228981,282.19745429540416,9600.614392686035
1186,1408968,276,0.0513338643810758,0.5217391304347826,0.8481746386307765,195.6753866554734,1701.8826698437863,721,0.0324135634152639,0.5048543689320388,0.8685383520442204,288.83472591916296,9609.925331741026
1187,1411343,276,0.04581954104186716,0.5398550724637681,0.7570630641970629,176.16080189675876,1704.4400320101622,722,0.029749381359206434,0.5055401662049861,0.7977051284858986,284.2454282942786,9627.15335527253
1188,1413720,277,0.0447432469688366,0.5126353790613718,0.740632522180953,160.91410866929027,1707.1906398171182,722,0.0249954803194785,0.5055401662049861,0.6702331923835414,251.2484034554049,9636.179602061675
1189,1416099,278,0.015196730065664773,0.5071942446043165,0.25200925834061516,69.92183185678095,1700.9073382598117,723,0.008003999211386833,0.5048409405255878,0.21476983594218801,141.00686697759565,9648.092885645325
1190,1418480,279,0.01899320368355563,0.5197132616487455,0.3155387979021733,90.24818233411014,1722.9195461795955,724,0.011674979194766472,0.5041436464088398,0.31349004029143224,151.8619278203749,9661.683816719953
1191,1420863,279,0.013334847758329754,0.5089605734767025,0.22153512919544305,72.67164489285437,1717.4985802836563,725,0.007390974905036754,0.503448275862069,0.19859592204738133,112.69838999457284,9673.745293520678
1192,1423248,279,0.004006113994244917,0.5161290322580645,0.06655456420432974,42.25433352811183,1709.1383646376762,725,0.0011820680397323505,0.503448275862069,0.03176223641530811,74.13189239724255,9677.593039473804
1193,1425635,280,-0.003159298545674081,0.5107142857142857,-0.052581207120923415,25.00249957640125,1725.0799232462466,726,-0.0017314163044296119,0.5041322314049587,-0.04655546315003121,69.45033250096233,9695.619111089838
1194,1428024,281,0.009210089807308369,0.498220640569395,0.15356288511197805,57.65910130500032,1726.5794621337986,727,0.0022318753253480752,0.5048143053645117,0.06005362309434665,106.85891249311618,9711.7320458636
1195,1430415,281,0.011944720060688627,0.5088967971530249,0.19915828322528895,67.2281512666421,1727.2404238644176,728,0.008589943520200519,0.5041208791208791,0.23129130770128456,132.60113181185775,9727.431646197529
1196,1432808,281,0.02381854350955081,0.501779359430605,0.39713448370388266,104.13365516073691,1738.1901963012085,728,0.015435020035524513,0.5041208791208791,0.4156006334636128,173.6998456448635,9735.964328860879
1197,1435203,281,0.0328410374401239,0.5124555160142349,0.5475695204811223,131.8577446562544,1740.9755464364891,728,0.018602319319860127,0.5041208791208791,0.5008827766619451,192.4900291732582,9739.147590657542
1198,1437600,282,0.023502815384871385,0.48936170212765956,0.3925744137781802,108.97816828558541,1752.1019709580264,729,0.01946158052777322,0.5034293552812071,0.5243803606924227,184.63232995522742,9759.63022202326
1199,1439999,283,0.03459248918823839,0.5123674911660777,0.5788430584422251,138.56650685457691,1741.5236564363286,730,0.023984331648926896,0.5027397260273972,0.6466880358391021,199.12838387206307,9741.968154397011
1200,1442400,283,0.02483865733421338,0.5053003533568905,0.41563023408627553,107.62714201858705,1738.799853813942,730,0.017484021103049488,0.5027397260273972,0.47142056869474486,159.65877524696563,9748.7170824366
1201,1444803,284,0.020031430743064575,0.5105633802816901,0.33578796754736184,99.1936330248007,1750.9699192718458,731,0.01682635847683296,0.5034199726402189,0.4539999727116366,170.12233380537225,9771.61997722648
1202,1447208,284,0.015535171257467503,0.49295774647887325,0.2604169242305025,83.225637808778,1752.0061966879023,732,0.015482117273492494,0.5027322404371585,0.41801716638429737,146.46810466380677,9789.487315476525
1203,1449615,285,0.006961835265898286,0.49473684210526314,0.11690909449653789,62.69976919368395,1763.278635910426,733,0.011904517490728206,0.5020463847203275,0.32164235072755776,111.82781253973664,9807.702405216736
1204,1452024,285,0.017773240467732473,0.49473684210526314,0.29846346114076305,96.71270338992923,1761.9024457155908,733,0.014794995101837044,0.5020463847203275,0.39973875524680985,129.60786882731196,9817.395863807149
1205,1454435,286,0.014853144931848599,0.48951048951048953,0.24986857298531848,81.49714938507304,1773.6208484478013,734,0.013987624063471095,0.5013623978201635,0.3781835550283325,111.05714023500255,9841.654224734175
1206,1456848,287,0.035428190465998884,0.49477351916376305,0.5970464781182506,151.0719695357737,1777.8943666661153,734,0.027689920535350833,0.5013623978201635,0.7486527046332672,193.04474404776246,9845.881732953556
1207,1459263,287,0.022645890944696403,0.4808362369337979,0.38163533769406033,113.0089017246417,1770.8277284836022,735,0.021787754997060566,0.5006802721088436,0.5894785730103668,146.4445744940715,9848.109225036253
1208,1461680,288,0.03148333506226733,0.5034722222222222,0.5314998684790548,135.01712974210056,1774.6313206854074,735,0.024612565223711493,0.5006802721088436,0.6659052219081505,163.36392971925548,9850.23157282624
1209,1464099,288,0.028753765797819134,0.5104166666666666,0.48541943569804924,126.00564472066606,1769.7885257158441,736,0.023273071874053853,0.501358695652174,0.6300945135258873,168.32270594849217,9870.279621924168
1210,1466520,289,0.026367456881842968,0.5017301038062284,0.4459141574013238,122.73740955883176,1788.698971308693,736,0.024850765503280275,0.501358695652174,0.6728089478377836,175.73596333571138,9887.889550106373
1211,1468943,290,0.029026242247827357,0.5,0.491735727908277,127.98324366925021,1798.400696366979,737,0.022718815521205197,0.5006784260515604,0.6155080184334976,152.59791373227682,9895.251710745117
1212,1471368,290,0.01363873817651968,0.503448275862069,0.231054877435377,78.81501106412065,1786.376187515696,737,0.015452002247810093,0.5006784260515604,0.4186323567574356,108.3229667426732,9894.40858573022
1213,1473795,290,0.018412340177373282,0.503448275862069,0.31192482383051723,93.66597964203316,1786.5857097558994,738,0.019184235297071504,0.5013550135501355,0.5201015667069769,143.96660554250434,9911.283887294354
1214,1476224,291,0.010760352932323582,0.49140893470790376,0.18260924463375733,63.91392334578535,1796.72514295993,739,0.014204142274465158,0.5006765899864682,0.38534872013072874,100.9987186490005,9925.350585586744
1215,1478655,292,0.027555318484742828,0.4965753424657534,0.4684404142406281,123.84339972593642,1807.8470202442563,739,0.022561686231376468,0.5006765899864682,0.6120832039877167,152.154653554806,9941.582689396633
1216,1481088,292,0.03884517973192575,0.5068493150684932,0.6603680554427378,157.64187325189107,1806.4924863507692,739,0.031127807550070576,0.5006765899864682,0.844476249823187,202.03245244371863,9946.389827752697
1217,1483523,292,0.03722028334967347,0.4897260273972603,0.632744816944449,153.51340907871213,1819.8719278240603,740,0.02885245840985936,0.5013513513513513,0.7832791524020625,202.92318551299772,9960.820813591026
1218,1485960,292,0.034165656621587506,0.5068493150684932,0.5808161625669876,145.17147189240313,1805.7753151752704,741,0.02949056230884389,0.5006747638326585,0.8011451989404612,195.04015629133173,9962.483611680458
1219,1488399,292,0.03572491568383964,0.4931506849315068,0.6073235666252739,152.45998286111472,1814.7254413850728,742,0.03266823183078695,0.5,0.8880713266016874,203.93406129399787,9975.564913769244
1220,1490840,293,0.05737907649792078,0.5119453924914675,0.9771304630031402,215.98710142078448,1811.9695344529882,742,0.047084944165762,0.5,1.2799832278907686,291.78439167978763,9987.396701190375
1221,1493283,294,0.04877577637062437,0.5068027210884354,0.8320524147685248,193.9252002693031,1814.263055977155,743,0.04388524862347038,0.5006729475100942,1.1938078298413102,285.42568090391137,10000.710691794126
1222,1495728,294,0.07428377092530106,0.5170068027210885,1.267186205440557,276.4819976192354,1807.4690657389199,744,0.057279780834694684,0.5013440860215054,1.5592309674069318,381.4375329088601,10019.474232482251
1223,1498175,294,0.07436630654413899,0.48639455782312924,1.2685941576264266,277.7470134928196,1813.0726356334726,745,0.05508696036819807,0.5020134228187919,1.500551004243011,382.50570122242283,10028.923145198998
1224,1500624,295,0.07607515667134787,0.5186440677966102,1.2999728470512282,282.692399661683,1809.6037444804022,745,0.05583856088212344,0.5020134228187919,1.5210243594330966,391.86963876733296,10031.90829391247
1225,1503075,296,0.07159283643614642,0.5,1.2254719617718859,261.5645006619908,1839.1495074845916,745,0.05342330769741694,0.5020134228187919,1.4552336429443222,376.44730733367743,10049.233773815622
1226,1505528,297,0.0659273915111546,0.494949494949495,1.130419284925168,240.6043713187745,1833.476370258816,746,0.05158626985035211,0.5013404825737265,1.4061399024085397,343.0731618778882,10056.860091721826
1227,1507983,297,0.0693234597515181,0.5117845117845118,1.1886497251691026,254.01856861740083,1830.4104023886662,747,0.05302753734435142,0.500669344042838,1.446398378491935,341.1310135741206,10065.72311439036
1228,1510440,297,0.0809211439083156,0.5218855218855218,1.3875085838439039,285.07512083920363,1839.1746714304395,747,0.05879278126993378,0.500669344042838,1.6036532668610073,370.3457543746018,10088.401516921513
1229,1512899,298,0.07593152715799471,0.5234899328859061,1.3041668071534638,270.35735147955603,1841.9921166721535,748,0.05241729049758906,0.5013368983957219,1.4307135966418776,351.3318395275567,10094.247006779286
1230,1515360,298,0.07401378789093915,0.49328859060402686,1.2712285535652723,267.54612819615636,1857.6314870396327,749,0.05194982081125707,0.5006675567423231,1.4189054852991447,338.40068619412443,10116.59916827555
1231,1517823,299,0.07109942657331197,0.5050167224080268,1.2232407873676872,258.76184082691736,1854.7900934716322,750,0.05160333984653769,0.5013333333333333,1.410386400401676,344.346559740377,10132.931306518838
1232,1520288,299,0.06056335705775903,0.4882943143812709,1.0419713933497698,228.53701071992248,1862.551065702108,750,0.045562242950041805,0.5013333333333333,1.2452753643395744,311.39413951788964,10136.23010939691
1233,1522755,299,0.05304313757996893,0.4782608695652174,0.91258864529477,202.0719514336301,1870.7762884277577,750,0.04060961021362206,0.5013333333333333,1.1099134695784312,278.7682129464381,10140.09513972984
1234,1525224,300,0.06106788535183849,0.4866666666666667,1.0524248792857147,215.53344212633755,1856.1369480446424,751,0.045458567614926434,0.5006657789613849,1.243273125448076,288.164979602688,10167.31768891295
1235,1527695,300,0.05966028551248771,0.5,1.0281667429104924,218.5445178129071,1870.1119066850915,752,0.04115183087212445,0.5013297872340425,1.1262377257541247,283.30912030673096,10166.523154004484
1236,1530168,301,0.05931480274936978,0.4883720930232558,1.023932251620487,222.28763064664582,1879.8298312385073,752,0.04345658803762173,0.5013297872340425,1.1893140072578834,296.10123180310893,10179.349100504289
1237,1532643,301,0.04075111229499343,0.4983388704318937,0.7034732686301528,163.69512231568132,1872.8431495643667,753,0.029868827909912556,0.50199203187251,0.8179915406249495,227.3614267211309,10188.402300048325
1238,1535120,301,0.041130136480309845,0.5116279069767442,0.7100162405275646,163.73172195861474,1866.8457085578173,754,0.03114333284999076,0.5013262599469496,0.8534637033494691,220.64966125286034,10207.325723922848
1239,1537599,302,0.04860616479774965,0.49337748344370863,0.8404791595556984,183.83135257467285,1880.2096680199797,755,0.032044128304657846,0.5019867549668874,0.8787339025106754,241.11822976618717,10232.674999623287
1240,1540080,303,0.0469309357541071,0.5214521452145214,0.8128676517286432,181.561850137408,1883.3946056366603,755,0.0315599921399313,0.5019867549668874,0.8654576212109631,235.64249623866493,10237.049317222089
1241,1542563,303,0.03813277031930423,0.49504950495049505,0.6604789562638942,154.07546668536787,1887.062854150357,756,0.029096477495203523,0.5013227513227513,0.798431942609732,207.9352077156808,10260.063736906735
1242,1545048,303,0.0317873665196831,0.48184818481848185,0.5505733385090501,138.0701376265547,1881.0531779585276,756,0.02512429064091296,0.5013227513227513,0.6894317769710264,188.12952370690496,10254.254858945991
1243,1547535,303,0.03548480189177781,0.5181518151815182,0.6146147977307538,150.38245384000834,1880.2627878784615,757,0.02744188129659328,0.5006605019815059,0.7535282769867514,189.20492937944266,10270.271896922523
1244,1550024,304,0.036297015293116235,0.4901315789473684,0.6297296793671098,145.3692743932021,1882.00178411566,757,0.026817777977202067,0.5006605019815059,0.7363909862215969,183.14194453102394,10275.849969823492
1245,1552515,305,0.028036201193641436,0.5114754098360655,0.4872172311873248,124.17410050305,1886.7365406303954,758,0.02141149304978021,0.5013192612137203,0.5883292327759123,163.23810981249588,10292.638750894603
1246,1555008,306,0.015627629381499638,0.4934640522875817,0.2720285066420609,88.68983185491157,1896.0538450588149,759,0.014488746666447016,0.5019762845849802,0.3983746699441953,133.5961443038766,10315.536895147392
1247,1557503,306,0.02343211238570022,0.4934640522875817,0.4078803242734246,112.53637500251011,1894.052544217525,760,0.021919637655306926,0.5013157894736842,0.6030888655990438,164.2297550606728,10321.81532559098
1248,1560000,306,0.01685833480708844,0.4869281045751634,0.2934512669895473,91.03294847153262,1900.6527948230241,760,0.01954144163648559,0.5013157894736842,0.5376560531722437,149.65292226187253,10328.264031308903
1249,1562499,307,0.009918138991218638,0.46254071661237783,0.17292866228284995,63.14607664022628,1896.0072500469516,761,0.011951885108344475,0.5019710906701709,0.3290569079862089,117.2867232585973,10339.98397401259
1250,1565000,308,0.0019728193255760798,0.4772727272727273,0.034453808321675695,29.97672636534253,1911.2909311699427,761,0.007338455460496036,0.5019710906701709,0.20204088654930352,87.07016178026609,10345.09640039509
1251,1567503,309,0.018015127230546258,0.5145631067961165,0.3151360207824986,88.78484569804965,1903.191239908468,761,0.01692313585852474,0.5019710906701709,0.46592438837525246,146.4928374418888,10349.305046252151
1252,1570008,309,0.003203165227568299,0.47249190938511326,0.056032507059575846,40.06068324623658,1918.3988183782353,761,0.007428789490577276,0.5019710906701709,0.20452794498025453,88.32958362831656,10351.343812336629
1253,1572515,309,0.006157205321784165,0.4692556634304207,0.10770710411402683,49.606270726564276,1917.4092157543928,762,0.012684981277788105,0.5013123359580053,0.3494706586589732,106.48817256186038,10371.094955284418
1254,1575024,310,0.01986919255562186,0.4870967741935484,0.3481363777794564,91.56225376167771,1918.241326002973,763,0.017724246631500143,0.5006553079947575,0.4886237593253377,127.20524292637498,10388.255557648172
1255,1577535,311,0.006101465944948853,0.4758842443729904,0.10708029275562402,50.05735663145151,1937.867055275375,764,0.011656257996763964,0.5,0.32155219595067497,74.31958084501352,10409.11690635213
1256,1580048,311,-0.0006184583481615221,0.4790996784565916,-0.010853899960405429,27.014042739468607,1932.4944051155603,764,0.0059160934895120575,0.5,0.16320270652298735,37.99764758409674,10401.241807503919
1257,1582563,311,-0.006428947687243082,0.5112540192926045,-0.11282757400792999,7.129481664748596,1915.588715736798,765,0.004453327606111609,0.4993464052287582,0.1229312026977898,14.862276605452593,10419.501741400236
1258,1585080,311,0.003479017605170765,0.5080385852090032,0.061056511176967386,41.02190024128424,1925.0206741787358,766,0.010203985235977084,0.5,0.2818591192654182,64.92595665792828,10436.081343183876
1259,1587599,312,-0.013438445861946122,0.4775641025641026,-0.2362263207180715,-13.145707367339526,1922.7846659375305,767,-0.0001464456240276283,0.500651890482399,-0.004047837581819072,12.639677492917315,10435.816720972667
1260,1590120,313,-0.011626677352904381,0.49201277955271566,-0.2047087788621858,-10.948009745224567,1920.7766826447419,767,0.00023999855880229928,0.500651890482399,0.006633692145823927,15.157565369207617,10443.673965826965
1261,1592643,314,-0.02290328752558758,0.47770700636942676,-0.40390387497299124,-60.09483226750041,1945.0000185522306,768,-0.0078230781652772,0.5,-0.21637565081295126,-52.27140247962976,10457.628678260322
1262,1595168,314,-0.02082123839448112,0.4745222929936306,-0.3671865386081336,-51.00945426703106,1950.0864435660544,769,-0.005647317271388487,0.49934980494148246,-0.1562991341966154,-50.82485274065712,10474.84701491312
1263,1597695,314,-0.019425862004459005,0.4840764331210191,-0.34257880793426837,-46.1377199043236,1939.266784158917,770,-0.004228554182895758,0.4987012987012987,-0.11710881374339234,-55.18474425420413,10483.573999537866
1264,1600224,314,-0.019633128642752188,0.4745222929936306,-0.3462339949141163,-48.17048192818493,1938.651486100381,770,-0.0054683928672411225,0.4987012987012987,-0.1514458545561039,-63.80967082328095,10489.20645537542
1265,1602755,315,-0.021216890227981542,0.4666666666666667,-0.3747650016413222,-56.47189801462031,1948.3037802525646,771,-0.005533322819724939,0.4993514915693904,-0.15334394013510205,-49.536997284114705,10510.993721354616
1266,1605288,316,-0.0004227563145209476,0.4936708860759494,-0.007479322707256028,10.265997881277428,1953.4682103023936,772,0.003414510436811572,0.5,0.09468727417800225,21.82320794828749,10527.019280695507
1267,1607823,316,0.004685251120512156,0.509493670886076,0.08289055394607706,27.678427893811204,1959.1205953042477,773,0.008274732734191272,0.49935316946959896,0.22961451479200604,39.32033764735124,10536.371800051118
1268,1610360,316,-0.020393749456195383,0.4620253164556962,-0.3608022592557975,-57.72899216888112,1951.7943906337016,773,-0.007531734918812845,0.49935316946959896,-0.20899716214148423,-61.67794946772818,10538.930788832608
1269,1612899,317,-0.024491029594808224,0.501577287066246,-0.4339821501084169,-78.87478509802531,1969.1363465303427,773,-0.009748155327177063,0.49935316946959896,-0.2705003324540163,-76.53527149088208,10551.44648399645
1270,1615440,318,-0.02564026015339268,0.5,-0.45506947418070326,-80.01094473867494,1947.6040541429238,774,-0.01161229439186141,0.5,-0.3224372633309468,-76.44859414656688,10548.210714705843
1271,1617983,319,-0.019851866452245643,0.49843260188087773,-0.3528944971482887,-66.85768733204384,1965.1496915983523,775,-0.011603433324083,0.4993548387096774,-0.32240009508027684,-91.37914217866617,10559.270128304635
1272,1620528,319,-0.019125811092626132,0.49843260188087773,-0.3399878547602243,-63.591300535005985,1980.6673437633067,775,-0.00789888215310598,0.4993548387096774,-0.219469555782579,-66.35317438313066,10576.502472485747
1273,1623075,319,-0.014036530024170176,0.4890282131661442,-0.24951881559862402,-44.37838584018084,1983.5757848565227,776,-0.00740549434082151,0.49871134020618557,-0.20589405234704855,-76.23911394097556,10581.814198759157
1274,1625624,320,-0.02388283253480963,0.475,-0.42522174414508296,-75.14042700351553,1980.5210319768266,776,-0.010678254581705683,0.49871134020618557,-0.29688620457131104,-98.49363249232331,10572.449273285085
1275,1628175,320,-0.009815636365739833,0.48125,-0.17476243696179586,-22.147803724942037,1987.1215893669432,776,-0.0008544096787652489,0.49871134020618557,-0.023755047675318604,-32.820106845772955,10597.33096799034
1276,1630728,321,-0.011304521505368368,0.4735202492211838,-0.20158849584233923,-21.96747492154401,1972.5883682931028,776,-0.0007419115336447572,0.49871134020618557,-0.02062727552205343,-32.148620559103335,10606.462729604606
1277,1633283,321,0.007962376939495332,0.48598130841121495,0.14198952072410498,45.42258390711771,2006.2364385048677,777,0.007360000768974666,0.49935649935649934,0.2047615177740782,34.163235154106104,10623.486829232712
1278,1635840,321,0.011592074121277692,0.48286604361370716,0.2067162935371963,56.76996166168044,1995.1118982374096,777,0.009067675460127704,0.49935649935649934,0.2522704885745784,43.91868690632657,10625.32647053347
1279,1638399,321,0.014095189047908057,0.4984423676012461,0.2513532268864137,67.86776791676834,1992.5165823711989,778,0.00997360884108989,0.5,0.27765351937113364,65.78624038497563,10635.805983696895
1280,1640960,322,-0.005686449635276607,0.48757763975155277,-0.10156323801453677,-8.758979114749081,1996.3359090145568,778,-0.002790340109062129,0.5,-0.0776797810970568,-18.507696056941796,10639.750781916333
1281,1643523,323,-0.011132844607562243,0.4984520123839009,-0.19915037860360918,-35.55281848123934,2007.3283129215397,779,-0.007208285759764184,0.5006418485237484,-0.20079960574978536,-35.316408076380554,10648.145794774378
1282,1646088,323,-0.020358718608456977,0.4984520123839009,-0.3641878299463978,-67.76046663183803,2015.7743949227192,780,-0.011840108609428955,0.5,-0.33003970905505936,-78.93426383313283,10667.850216989766
1283,1648655,323,-0.02107377654326479,0.48297213622291024,-0.3769791751470449,-71.03031321360032,2021.7746015982614,781,-0.013839856157996457,0.5006402048655569,-0.38603028271470785,-79.24622617656479,10683.047530578393
1284,1651224,323,-0.018946429010060932,0.47987616099071206,-0.33892402557896234,-61.99717310667279,2036.7829771048341,781,-0.010802551099904788,0.5006402048655569,-0.301311791649431,-57.95290390839301,10693.696544115772
1285,1653795,324,-0.025886869924973206,0.4876543209876543,-0.4638014026267135,-80.23986055099567,2024.9649508072057,782,-0.012745864279206619,0.5,-0.3557443559614982,-83.86517535403033,10704.660017909191
1286,1656368,324,-0.007442194262298553,0.4722222222222222,-0.1333378715726722,-13.843374680707427,2018.4540546683193,783,-0.0036881821737169036,0.49936143039591313,-0.10300532239786472,-37.41379828065129,10728.841617742932
1287,1658943,324,-0.005758571056266706,0.4691358024691358,-0.10317328208326669,-9.220140457289915,2022.105957499758,783,0.0003027970432350694,0.49936143039591313,0.008456661192555982,-11.672092787199318,10722.247518330314
1288,1661520,325,-0.012509585765587633,0.48615384615384616,-0.22447649097525305,-40.25210308585508,2021.9309635617406,783,-0.006081701594616182,0.49936143039591313,-0.1698526818835854,-54.7516049513618,10740.015387980971
1289,1664099,326,-0.00021162385995415438,0.4938650306748466,-0.0038033464957734605,10.895631886589058,2010.1457051369985,784,0.0005312065818061061,0.5,0.014845299519537268,3.572032537508335,10745.062833530481
1290,1666680,326,-0.006236194351374954,0.4785276073619632,-0.11207813683392066,-11.517818548364971,2049.2542009361396,785,-0.002863039837335527,0.49936305732484076,-0.08006279872795559,-33.29241518792077,10769.924615414002
1291,1669263,327,0.008057798876534685,0.4984709480122324,0.14504037977762432,34.91332178680062,2041.7153942760385,786,0.0026115217151333435,0.5,0.07307595882726396,17.34623145116825,10790.643553919266
1292,1671848,327,0.005954830970516627,0.4923547400611621,0.10718695746929928,27.342592843145667,2023.2376112780796,786,0.001501292916948969,0.5,0.04200938431830126,9.974257529962074,10776.902844882305
1293,1674435,328,0.000958252822523888,0.4847560975609756,0.01727514843233986,3.568280963048778,2031.6596046924867,787,-0.0007117768129978794,0.4993646759847522,-0.019929750763940622,-18.556854896853707,10798.523186811479
1294,1677024,329,0.007095200699639886,0.5075987841945289,0.12810718398131904,20.383453633080705,2048.0193788799475,788,0.004033876071385586,0.4987309644670051,0.11302054054484216,-0.15043113750556358,10810.10997151847
1295,1679615,329,0.010479333914207842,0.49240121580547114,0.1892093000015119,32.04799533742306,2042.1756164350631,789,0.004524493321377384,0.49936628643852976,0.12684729912275705,16.41047456013999,10827.564469998684
1296,1682208,329,0.003921382223042096,0.49240121580547114,0.07080239942103747,8.212503501060837,2071.3150582517333,789,0.0025450693712614175,0.49936628643852976,0.07135277983486647,3.186562849356733,10844.344139841169
1297,1684803,329,0.0005834048380493742,0.5015197568389058,0.010533648601000974,-3.670446959341973,2077.8985440162865,790,-0.002835051551575654,0.5,-0.07953317619190138,-19.57884119657851,10850.915009560773
1298,1687400,330,-0.004977796985766752,0.49696969696969695,-0.09001420635601526,-18.753384591916983,2055.395698427918,791,-0.005348658752963458,0.5006321112515802,-0.15014400607101921,-22.975660967061913,10866.038472628294
1299,1689999,331,-0.015446846513086854,0.47129909365558914,-0.27975428869139296,-65.39640032044821,2076.3518702101424,792,-0.01192214165028545,0.5,-0.33488275134254475,-83.21848969311327,10877.857505494536
1300,1692600,332,-0.006235638082308871,0.4819277108433735,-0.11310423057770595,-35.95965856879883,2081.745781743936,792,-0.008446147736703975,0.5,-0.23724505841996207,-59.1619560851627,10899.538736007518
1301,1695203,332,-0.006888589586563925,0.48493975903614456,-0.12494769816169674,-38.40095982595267,2090.6114541828306,793,-0.010663792239117797,0.5006305170239597,-0.2997265541890883,-60.74203884401334,10916.97598267033
1302,1697808,332,-0.0024313427047618044,0.49698795180722893,-0.04410056232625032,-20.979641803465768,2085.7300941275244,794,-0.0044789489445291025,0.5,-0.12596919490625239,-30.829555711994203,10930.024945296895
1303,1700415,333,0.005542633052565939,0.4954954954954955,0.10068692954540236,3.075920987340737,2076.3210693345236,795,-0.0005580186161007708,0.5006289308176101,-0.015704035867403494,9.975100889923425,10941.903620724592
1304,1703024,334,0.02469692260338343,0.4940119760479042,0.44932112502269056,67.16279462726868,2082.1563185612113,795,0.009459055828816383,0.5006289308176101,0.2662014271951802,77.3881551270157,10949.628685894346
1305,1705635,335,0.013069358751908532,0.4955223880597015,0.23813504966254184,32.59438168867712,2079.398484585216,795,0.003872881617934553,0.5006289308176101,0.10899254986014413,40.60472009127406,10955.74352922742
1306,1708248,335,0.01734736737125213,0.48955223880597015,0.3160840764176151,49.119027558728135,2081.2987457118725,796,0.007944518135199091,0.5,0.2237196619468263,55.13446244703587,10976.556174721247
1307,1710863,335,0.02332876832601419,0.4835820895522388,0.42507038863479524,69.39121993507996,2101.3350676958003,797,0.008943478785007872,0.5006273525721455,0.2520093953519221,74.68038080659463,10995.965297478144
1308,1713480,335,0.0008699814000741663,0.49850746268656715,0.015851815520933312,-14.332341514497045,2091.8945527395185,797,-0.004652497143693844,0.5006273525721455,-0.1310980906025371,-18.241607032210624,10993.638902393048
1309,1716099,335,0.009178132620747341,0.5014925373134328,0.1672335352437925,17.261153317618493,2088.410989176905,798,-0.001272882521820897,0.5012531328320802,-0.035889870185247474,18.82543097679516,11009.934348810259
1310,1718720,336,0.006894714682095031,0.4880952380952381,0.12581673637603397,2.80223101833883,2100.915332594144,799,-0.00359787304802838,0.5018773466833542,-0.10150849035378423,16.540594523170597,11027.921448131368
1311,1721343,336,0.006563546343311647,0.4732142857142857,0.11977348128891595,1.7831541152321506,2085.277517395094,800,-0.004834843793296614,0.5025,-0.1364933861436015,21.498495002369168,11036.970480578573
1312,1723968,337,-0.0005270145152609569,0.4836795252225519,-0.009631541723149914,-31.404965002849792,2099.617075859378,800,-0.008798399267803054,0.5025,-0.24838926758520552,-7.556103498738935,11043.676357553763
1313,1726595,338,-0.005050527983774021,0.47633136094674555,-0.09243984003927257,-55.2049748207242,2106.355764918941,801,-0.0135332740923841,0.50187265917603,-0.3823000223807953,-54.81744005154545,11066.973057360976
1314,1729224,338,-0.009362117512212645,0.4911242603550296,-0.1713548856749651,-72.0190071810336,2106.82019506423,801,-0.016462532840319035,0.50187265917603,-0.46504834161604,-75.09858800167814,11062.45785597648
1315,1731855,339,-0.022619168150820726,0.4749262536873156,-0.4146162008322811,-120.70236314706818,2111.9629145526897,802,-0.02199094503796391,0.5012468827930174,-0.6216089842228287,-130.7596031341123,11078.352613467781
1316,1734488,339,-0.021862705905414098,0.4808259587020649,-0.40075001883247263,-116.675314715159,2108.065423214885,802,-0.022217131245119075,0.5012468827930174,-0.6280024965631221,-130.96269752140586,11091.06024471869
1317,1737123,340,-0.023415730936581124,0.47352941176470587,-0.4298556797742704,-115.12935965937271,2094.951951191956,803,-0.024714015536639336,0.5006226650062267,-0.6990179190522947,-159.86337725860088,11108.5981123187
1318,1739760,340,-0.027531941583850493,0.4764705882352941,-0.505419262677927,-130.69441816907045,2107.574632157083,804,-0.02334042748937914,0.5,-0.6605794576468142,-163.5433289386215,11121.3399838462
1319,1742399,341,-0.0318658655950229,0.44868035190615835,-0.5858468109161146,-155.4332420861682,2111.540996165653,805,-0.02646354802184315,0.5006211180124224,-0.7494372140955688,-173.73301827461012,11133.57319339464
1320,1745040,341,-0.03717008215523274,0.4838709677419355,-0.68336364587988,-177.8126663795564,2120.5541988998866,805,-0.02978217751837569,0.5006211180124224,-0.843419488975863,-198.4905141129097,11145.865245269975
1321,1747683,341,-0.024220122444543767,0.47214076246334313,-0.44528153336434034,-123.88600269663664,2122.334174450136,806,-0.021024789353124206,0.5012406947890818,-0.5957848094544084,-119.83766456521099,11163.999782862207
1322,1750328,342,-0.018969305555877992,0.4853801169590643,-0.3492619554994465,-96.2215901490838,2117.1381497926054,807,-0.016457462834005756,0.5006195786864932,-0.46664961017649564,-100.10422167245221,11180.797907974662
1323,1752975,343,-0.015917422066809146,0.5014577259475219,-0.2935027607808835,-89.33443280883716,2127.9358869231487,807,-0.0177378262715009,0.5006195786864932,-0.502954179417678,-107.34954884567028,11190.559785719015
1324,1755624,344,-0.016324546967784133,0.5,-0.30145210945166073,-86.52485072904818,2127.770346665327,807,-0.0185771529690489,0.5006195786864932,-0.526753198754498,-115.00789753449527,11215.584389115964
1325,1758275,344,-0.023547477780437812,0.49127906976744184,-0.43483208833835213,-114.8978231689793,2136.9140062123543,807,-0.022253242568445956,0.5006195786864932,-0.6309883287885097,-140.92566846531452,11218.830921110839
1326,1760928,345,-0.0369422314617515,0.4782608695652174,-0.683181626771226,-175.9430009168936,2141.3325652724766,808,-0.03183430231834013,0.5,-0.9032194402784175,-225.0384240848133,11237.853059779158
1327,1763583,345,-0.0444754539266809,0.48985507246376814,-0.8224953329220998,-211.8778698450859,2121.8331909526732,809,-0.03897012189982407,0.5006180469715699,-1.1063671827720853,-268.55275948269264,11259.243598036117
1328,1766240,346,-0.036167621627215124,0.4884393063583815,-0.6698337263680473,-181.68844565129348,2124.7022763080845,809,-0.03452552494320545,0.5006180469715699,-0.9801844567828776,-233.73117610142842,11254.02340960909
1329,1768899,346,-0.03272344643909901,0.49421965317919075,-0.6060467092315869,-166.23625868627977,2123.7149771718855,810,-0.03255013068871459,0.5,-0.9246758260800843,-231.67907019508715,11268.782407024806
1330,1771560,346,-0.03132672290533048,0.5057803468208093,-0.5801790273869468,-163.13960503101737,2134.2664765758227,811,-0.03049305260343133,0.499383477188656,-0.866775412501479,-234.3851366311429,11283.717195428584
1331,1774223,347,-0.037535846352262627,0.4783861671469741,-0.6961862379528553,-183.7901584911611,2140.0992815298296,811,-0.03298342019002073,0.499383477188656,-0.9375649598852472,-253.37053217793994,11289.627370389137
1332,1776888,348,-0.032187842445788074,0.49137931034482757,-0.5978626384493618,-169.1662233866499,2143.5821294614266,811,-0.03289675155770275,0.499383477188656,-0.9351013744743231,-254.57635513778752,11298.420075707854
1333,1779555,349,-0.037971079354841515,0.49570200573065903,-0.7063029039375376,-183.98858253298687,2145.8646639326585,812,-0.03523798256166351,0.4987684729064039,-1.0022713059586341,-281.58672928389535,11308.85418489739
1334,1782224,349,-0.02355335245113161,0.5071633237822349,-0.4381176810444663,-125.8066307818138,2160.02964417797,813,-0.02646136457378737,0.4993849938499385,-0.753103638443329,-205.37565800273634,11322.131741263656
1335,1784895,349,-0.03292332653323135,0.49570200573065903,-0.6124092739212612,-163.71779503551852,2155.5325466547597,814,-0.033093780105665084,0.5,-0.942446712787622,-238.78249630371147,11335.114517241094
1336,1787568,350,-0.02914875893207523,0.49142857142857144,-0.5429812161633601,-153.68433092140953,2152.8117722862307,814,-0.03285615816104183,0.5,-0.9356797003798115,-236.15329904307768,11342.944795971249
1337,1790243,351,-0.03896461559630158,0.47863247863247865,-0.7268754786492022,-193.81042552193304,2156.182146462908,815,-0.03733450336222076,0.49938650306748467,-1.0638695853997249,-289.6030371424972,11352.916951706715
1338,1792920,351,-0.044122124136273366,0.4843304843304843,-0.8230875528929213,-211.37418293762863,2166.6530894125676,816,-0.04042022628253384,0.5,-1.1525081714202714,-293.518227831903,11381.143944605847
1339,1795599,351,-0.04804696212974546,0.47293447293447294,-0.8963044562670789,-226.40890917897565,2169.6104654797873,817,-0.04192179632416642,0.49938800489596086,-1.1960575754262597,-317.1559015545028,11408.267182594707
1340,1798280,352,-0.048708302736293736,0.48863636363636365,-0.9099461883277514,-225.4856938387341,2188.7497354381208,817,-0.03776709026675189,0.49938800489596086,-1.0775209646566632,-289.185984241802,11403.483722710735
1341,1800963,352,-0.03329060298967943,0.48863636363636365,-0.6219197877124848,-159.8402955938817,2195.017873759742,817,-0.028294029791840255,0.49938800489596086,-0.8072480580312948,-218.45501863401788,11404.960172821497
1342,1803648,352,-0.034192500300611044,0.45454545454545453,-0.6387686199287994,-165.9991011649102,2179.435707064208,818,-0.027931263781801705,0.5,-0.7973874400851815,-204.47498551845567,11429.968251370408
1343,1806335,353,-0.027475627046091546,0.4702549575070821,-0.5140219144662717,-144.1768282440242,2184.689226157299,819,-0.02372983936889683,0.4993894993894994,-0.6778597978951806,-188.15688220570252,11438.534894555094
1344,1809024,353,-0.027385860167770015,0.47592067988668557,-0.5123425299494746,-143.9600132208621,2186.089391809514,819,-0.02608306978289674,0.4993894993894994,-0.7450815042049831,-205.50925931312491,11454.865498562096
1345,1811715,354,-0.02563715420774841,0.4717514124293785,-0.48031193013605966,-139.98535019740734,2189.178068584435,820,-0.026850285930972495,0.49878048780487805,-0.7674674111568245,-221.65750328457884,11469.218540988048
1346,1814408,355,-0.02059931140762217,0.48169014084507045,-0.3864773394712864,-115.11784134978382,2200.1890503524764,821,-0.020424514574341242,0.4981729598051157,-0.5841553995288726,-191.4068663477606,11471.66258749004
1347,1817103,356,-0.021331033456672744,0.4887640449438202,-0.4007737327724726,-123.20644327087501,2202.847903057565,822,-0.02236989902862193,0.4975669099756691,-0.6401857084542394,-218.4513468386797,11502.228011256455
1348,1819800,356,-0.033017862917576836,0.4803370786516854,-0.620349323277051,-175.15252855981936,2212.944958592924,822,-0.028960625805468272,0.4975669099756691,-0.8288002876021018,-270.5702559006389,11499.054713607842
1349,1822499,356,-0.02959797100702979,0.49719101123595505,-0.5560953878335447,-157.98753748351044,2190.035575142336,823,-0.024941992832727,0.49696233292831105,-0.714229980681013,-251.90415621622776,11504.732422435154
1350,1825200,356,-0.022001763302349223,0.5,-0.4133756024605808,-123.31183709040045,2208.5153610264188,823,-0.020403817185589028,0.49696233292831105,-0.5842764069421332,-214.9767686547268,11523.874113507913
1351,1827903,357,-0.009113133042046152,0.49859943977591037,-0.17146257498381332,-77.27614333606243,2203.8224093240656,824,-0.012936617446739268,0.4963592233009709,-0.37067416184683266,-175.75101025515366,11533.014492675735
1352,1830608,358,-0.0024204298476576333,0.5,-0.04560439265946148,-44.59422288331666,2225.888170379265,824,-0.01073705651264928,0.4963592233009709,-0.30764992780485384,-159.9077345408835,11522.39764750646
1353,1833315,358,-0.007282488669109653,0.4972067039106145,-0.13721260011958533,-64.09930845694356,2227.5288974968566,825,-0.012999426684925965,0.49696969696969695,-0.3727006136034941,-162.0416747644441,11549.206416847446
1354,1836024,359,-0.003348094299500522,0.48746518105849584,-0.06317171689966838,-54.40555413233909,2222.496140953201,826,-0.009251442886201755,0.4963680387409201,-0.2654051768095066,-149.77460257387432,11567.038127728998
1355,1838735,360,-0.02250219705681185,0.46111111111111114,-0.42516649378912996,-129.05196418305263,2228.17404915037,827,-0.019744647292551175,0.4957678355501814,-0.5667780021196771,-242.5992273868165,11578.489773762154
1356,1841448,360,-0.018538732658580106,0.5027777777777778,-0.35027903914637937,-113.9039744867327,2237.881943386541,827,-0.0176933775885253,0.4957678355501814,-0.507895484370423,-229.3060294631832,11584.394148024658
1357,1844163,361,-0.021551980867881498,0.5069252077562327,-0.4077826146367349,-129.7422829152233,2258.7152605271417,828,-0.01876701113962125,0.49516908212560384,-0.5390413558991565,-248.12014540095845,11622.572808095261
1358,1846880,361,-0.01639532778182679,0.4903047091412742,-0.31021415950972936,-108.99728240591708,2244.577230158974,829,-0.016259674959324604,0.4957780458383595,-0.4673065659721305,-216.69330689696443,11620.214575600916
1359,1849599,362,-0.023854053827639995,0.48342541436464087,-0.45196980248716695,-132.87609793857035,2237.355518680491,829,-0.018340854935712435,0.4957780458383595,-0.5271201274589804,-230.54283467002122,11624.601864345728
1360,1852320,362,-0.026161348254803877,0.4861878453038674,-0.49568679139228394,-141.23589434123664,2243.1770527292365,829,-0.020245166987750224,0.4957780458383595,-0.5818504666449297,-243.14861818119184,11634.840876345444
1361,1855043,363,-0.01385294276155791,0.4903581267217631,-0.26284110853479503,-85.60177235117709,2258.1457690259476,830,-0.013388038158930136,0.4963855421686747,-0.3850079491011708,-180.2111897484982,11646.8573474062
1362,1857768,363,0.004925494313129116,0.4931129476584022,0.09345468379016761,-9.49598548229352,2265.2935088133163,831,-0.003205063579444818,0.4969915764139591,-0.09222566969113775,-93.04889448906576,11657.467919273957
1363,1860495,364,0.0051746133361049804,0.510989010989011,0.09831765338599463,-14.178959180510333,2274.638680780072,832,0.00010557451573503377,0.4963942307692308,0.003039739474191404,-83.47357364619893,11679.924187229184
1364,1863224,364,0.004358338888648137,0.5027472527472527,0.08280843888431459,-17.07256226135371,2273.1667664416927,832,-0.0005274663418370423,0.4963942307692308,-0.015187000853628698,-87.9920263914893,11670.84450216144
1365,1865955,365,0.010559929718402921,0.4876712328767123,0.20091636535646995,12.791363187177865,2272.851653442426,833,0.0049678037471235096,0.4957983193277311,0.14312103785972743,-63.08948486209678,11698.894549969584
1366,1868688,366,0.013578326088295536,0.4972677595628415,0.2587018573333242,30.04704879369899,2268.2276195960085,834,0.007886539271890565,0.4952038369304556,0.22734582446562981,-57.06896539951802,11716.957797750161
1367,1871423,366,0.0033964059996910746,0.48360655737704916,0.06471022530056376,-9.852379990610757,2277.895617464592,835,0.0037050446376452164,0.49580838323353293,0.10686982735130178,-71.70722510548592,11713.18361990664
1368,1874160,367,-0.0019646477894720857,0.46866485013623976,-0.03748309086709138,-25.568460448745384,2289.5785068639702,835,0.0008599085815488099,0.49580838323353293,0.02480355586388593,-92.22749459752407,11732.814489836397
1369,1876899,368,0.000593751272810352,0.47554347826086957,0.011343602139392419,-9.380640033110069,2299.0532406474194,835,0.0023657664601525134,0.49580838323353293,0.06823913822282257,-81.71887617787559,11736.181213397134
1370,1879640,368,0.004574101077817325,0.46467391304347827,0.0873880783893473,6.862746231062545,2292.7137833504603,836,0.006845650139912398,0.4964114832535885,0.19757737022018193,-35.18389801423993,11740.481253913804
1371,1882383,368,0.009144861125726987,0.483695652173913,0.17471232649193336,24.66011001938682,2287.7145508341355,837,0.009655035860748026,0.4958183990442055,0.27882834212454716,-29.966602033826177,11761.686697202596
1372,1885128,368,0.008566127736950252,0.5027173913043478,0.1636556406241416,23.036206575926087,2286.3093528075815,837,0.007884290864633953,0.4958183990442055,0.22769089440163706,-41.596881574666014,11752.37994094775
1373,1887875,368,0.014289673037213707,0.5163043478260869,0.2730038200489554,45.876607287106935,2294.8880326846092,838,0.009952114225891472,0.4964200477326969,0.2875799406546549,-12.983012451983853,11761.009150137668
1374,1890624,369,0.02056352722594223,0.5067750677506775,0.39340344002280486,76.79541519861743,2290.6149644985303,839,0.01349750526742642,0.4970202622169249,0.39026234009875266,25.90802735120866,11778.787562037087
1375,1893375,370,0.0197635402177284,0.4972972972972973,0.3786149634538509,81.22322788433854,2305.765006694727,839,0.014699530184714408,0.4970202622169249,0.42501728538556155,36.01587341336392,11792.82562697753
1376,1896128,370,0.01881282796287631,0.5027027027027027,0.3604019367561814,76.33233371630575,2294.297098412343,839,0.012297042604436297,0.4970202622169249,0.355552565308716,17.745325182277526,11785.755048308822
1377,1898883,371,0.02630172091954109,0.5013477088948787,0.504554489213235,112.21603581163515,2279.7080096605096,839,0.018992616700941142,0.4970202622169249,0.549146148969884,65.22283057436104,11797.115858415658
1378,1901640,372,0.021025159254910955,0.5080645161290323,0.40388012046301774,98.52464747887308,2302.6732702870486,840,0.015498804839241737,0.4976190476190476,0.4483951832473046,56.090085699574615,11812.08805369242
1379,1904399,373,0.01632030490518977,0.49865951742627346,0.313927332854904,74.52498199484779,2308.582209710709,841,0.012980626046174929,0.49702734839476814,0.3757661438147829,25.015636328325627,11822.35268264524
1380,1907160,373,0.01474094474642571,0.5201072386058981,0.283547733629375,68.163604392573,2321.2072887149825,841,0.010857180641880347,0.49702734839476814,0.3142961585972267,9.635895685810453,11833.165309515483
1381,1909923,373,0.023341418343523396,0.5308310991957105,0.4489811463818131,103.09877384093812,2325.317009465463,842,0.014723836661543949,0.497624703087886,0.42648324246570074,51.16926138706728,11856.949037373048
1382,1912688,374,0.0322898437731221,0.5080213903743316,0.6219463144365167,145.2570622510844,2319.1314918888474,843,0.02096583184105529,0.4970344009489917,0.6076475360119734,81.8680806429764,11873.643193469125
1383,1915455,375,0.03942763998817176,0.5306666666666666,0.7604527807521777,170.91032191309824,2316.5448409327623,844,0.0270778608586327,0.49644549763033174,0.7852579649003483,113.70703486215916,11884.328011839501
1384,1918224,376,0.05547798296991633,0.5558510638297872,1.0714578198487572,244.4518597090629,2317.2228150558526,844,0.03682423396669926,0.49644549763033174,1.0679027850342786,185.14159801486912,11893.233724490789
1385,1920995,376,0.05164453093926365,0.523936170212766,0.997421563745409,230.19592897319336,2313.2934741143363,845,0.036369230987902595,0.4958579881656805,1.0553345680647872,169.4914962179061,11900.986376278977
1386,1923768,377,0.040548006771477185,0.5278514588859416,0.7841611308106708,189.1560911356525,2330.951468251924,845,0.030170311597348582,0.4958579881656805,0.8754590595704014,123.68432182335968,11904.970568782206
1387,1926543,378,0.03933785857075082,0.5317460317460317,0.761774355599903,189.09846972977545,2350.0293496488275,846,0.032264194027422165,0.49527186761229314,0.9367735245456067,124.21421591368176,11928.032120037438
1388,1929320,379,0.04647202797903709,0.5303430079155673,0.9011260558690647,222.49840723327918,2324.2134987549525,846,0.039970038729327306,0.49527186761229314,1.1605085818933734,177.80915068640036,11924.174702620085
1389,1932099,379,0.05808436128237956,0.5461741424802111,1.126297552877937,273.157900116632,2344.3839462529104,847,0.047512563923040284,0.4946871310507674,1.3803197124494726,221.20336921163866,11947.793723548948
1390,1934880,379,0.05427466598616798,0.5620052770448549,1.0524248202765827,259.4524618349519,2354.2315434935267,848,0.04338898869833763,0.49528301886792453,1.2612694666578896,207.91840033614642,11959.617161298058
1391,1937663,379,0.04953637274229111,0.5329815303430079,0.9605459054090877,239.53561225056848,2361.576764131681,849,0.04097443321868744,0.49469964664310956,1.1917856074996898,176.44134597715257,11977.202209021496
1392,1940448,380,0.0555403661278903,0.5236842105263158,1.0783988434928793,259.452504666052,2371.461247744425,849,0.042352551098932385,0.49469964664310956,1.231869653234942,186.1923832690379,11985.821393583343
1393,1943235,381,0.05184053984098022,0.5485564304461942,1.007895289124624,232.6424467609968,2375.7979397027057,850,0.03694205702883496,0.49411764705882355,1.0751344539920926,127.2379513317081,12008.600735047297
1394,1946024,381,0.04701102332822255,0.5695538057742782,0.9139987564710397,209.7737793259937,2386.605884941944,851,0.03617197514704662,0.49471210340775557,1.053343815931293,133.5576884172956,12020.763484633622
1395,1948815,381,0.058537860046961196,0.5511811023622047,1.1381060760121346,257.1418689883235,2381.938944268578,851,0.04655411239275924,0.49471210340775557,1.3556762160688132,208.71143979140754,12021.77346814023
1396,1951608,382,0.053787053054175235,0.5340314136125655,1.0471221714297518,234.70470186962655,2374.8637868922947,851,0.041545109744750855,0.49471210340775557,1.2098118572160206,174.96836973246224,12012.545140061537
1397,1954403,383,0.06480432786071771,0.5378590078328982,1.2632689126239787,286.61990702232,2372.1983007851595,852,0.04911258285184975,0.49413145539906106,1.4310230184830905,216.18015044100156,12032.605421399796
1398,1957200,383,0.06249642642663656,0.5248041775456919,1.2182796313318214,277.6647930112565,2376.5694867385873,853,0.0495127303314935,0.4947245017584994,1.443531743726932,234.0211779727518,12045.408268232017
1399,1959999,384,0.06805308290558885,0.5390625,1.3283431851053538,305.19813170292235,2369.0881197976196,854,0.05106176083030407,0.4953161592505855,1.489568799903714,269.03417563763304,12042.806510876557
1400,1962800,384,0.067031875734906,0.5208333333333334,1.3084100163517913,298.6171188263786,2363.579501573201,854,0.05137080053973252,0.4953161592505855,1.4985840767294734,269.2547206542153,12061.07047527282
1401,1965603,384,0.06317879040153837,0.5286458333333334,1.2332007910576357,284.55757265621077,2381.5455237980264,855,0.04904929047205601,0.49473684210526314,1.431701654407066,240.39723680338793,12071.069614986767
1402,1968408,385,0.05872019129493812,0.5272727272727272,1.1476755860010253,271.79260093431697,2382.9877065989035,856,0.04639269346308168,0.4941588785046729,1.354952601298592,206.98162845519312,12098.141460277655
1403,1971215,385,0.05150189826077165,0.535064935064935,1.0065953458787786,247.30529636156655,2384.9981629876156,857,0.04088363144757915,0.4935822637106184,1.194753743485086,158.61290049183458,12105.799980902031
1404,1974024,386,0.046228969473439026,0.5310880829015544,0.9047187673054362,219.43035767732107,2385.858223604565,857,0.03769874623473865,0.4935822637106184,1.1016809562623942,135.2776548537028,12115.464456833033
1405,1976835,387,0.046745606519502804,0.5400516795865633,0.9160230695176045,221.5759439229072,2381.1510137028654,858,0.03621783744029865,0.493006993006993,1.0590234394329396,115.43554946509872,12107.480789830068
1406,1979648,388,0.05303669187364952,0.5309278350515464,1.0406550406771062,248.09542440366664,2397.1798596852464,859,0.038473202885168374,0.4935972060535506,1.125628874562255,150.09167042018058,12132.1898848181
1407,1982463,388,0.046433769329121216,0.5077319587628866,0.9110963448682936,211.77565031919715,2394.0891591658124,860,0.03661074511785476,0.4941860465116279,1.0717635401423389,144.0044127400121,12143.334085474813
1408,1985280,388,0.059271809592718556,0.5128865979381443,1.162996884678657,270.46375661635693,2385.9870870161712,860,0.04636940046333227,0.4941860465116279,1.357443904375002,220.10316414571187,12159.7034086409
1409,1988099,389,0.05724491987928515,0.5244215938303342,1.1246842262904329,274.74433507660626,2389.41759801194,861,0.0459568436684995,0.49477351916376305,1.346151183862732,238.99116432307318,12163.320242299531
1410,1990920,389,0.05412642181187378,0.5167095115681234,1.0634154605461394,259.0832160936229,2406.897638885803,862,0.04324675934700643,0.494199535962877,1.2675063726314617,202.6313535743746,12189.735952607949
1411,1993743,389,0.050463270620984414,0.4987146529562982,0.991445958770295,236.73955990064178,2403.73086179965,863,0.04129088912578885,0.4936268829663963,1.2108865641861097,168.03742852754638,12193.866838206992
1412,1996568,389,0.046580407382712234,0.5218508997429306,0.9151598001707794,213.86903774226374,2397.5229827109283,863,0.03944083269710413,0.4936268829663963,1.1566322596673604,147.567800259065,12208.738795293464
1413,1999395,390,0.053521236843355614,0.5205128205128206,1.0528866610347352,249.2171049164795,2414.9615508724924,863,0.0443694847878952,0.4936268829663963,1.3011687112343298,183.4687732411456,12208.666941733334
1414,2002224,391,0.045933303723132556,0.5166240409207161,0.9047811534716882,225.52503181078697,2425.9142055505763,864,0.04138470365940314,0.49421296296296297,1.2143431447069917,179.71491757184634,12223.652389957597
1415,2005055,392,0.05283415744044942,0.5127551020408163,1.042052468381518,260.194220105503,2423.992260304433,865,0.04455922879903606,0.4936416184971098,1.308251672631874,187.51842033801037,12224.0823430707
1416,2007888,392,0.05568300103198781,0.5306122448979592,1.0982404467729872,269.7294774577707,2427.700133327613,865,0.046006254333730935,0.4936416184971098,1.3507361057589247,194.89271543713852,12249.600879229973
1417,2010723,393,0.06373408595537781,0.5267175572519084,1.2586473485060539,309.9934527264274,2409.453298979591,866,0.05239619223141504,0.4930715935334873,1.539235689809477,228.34067738610028,12247.240102823373
1418,2013560,394,0.059722465862255894,0.5304568527918782,1.1809353136854337,302.1388247222333,2425.7708233772855,867,0.05280568570154841,0.4925028835063437,1.552163825838902,221.57530623285763,12272.603459853322
1419,2016399,395,0.06434988468092749,0.5215189873417722,1.2740627151407726,321.7280182063175,2439.693376977841,868,0.05608854358977998,0.4930875576036866,1.6496135561244611,253.4325610489351,12285.755105935186
1420,2019240,395,0.055027177515714815,0.5037974683544304,1.0894825303857,279.51328361261363,2436.325282793782,868,0.05104832963982048,0.4930875576036866,1.5013764166752601,213.408611146881,12290.167347579185
1421,2022083,395,0.06280250589154386,0.5215189873417722,1.2434261781597256,312.6153087659117,2450.8103993007053,868,0.0557468650596998,0.4930875576036866,1.6395644890782695,248.22145321666042,12292.92670781993
1422,2024928,396,0.05477509566561349,0.5277777777777778,1.0858739633744812,274.23964991954745,2447.9625142079176,868,0.04883104019489799,0.4930875576036866,1.436163977697574,198.61879511850495,12292.625410832577
1423,2027775,396,0.05655831681425642,0.5176767676767676,1.1212249452891634,283.1612329806717,2453.6640975417317,869,0.04912068617685285,0.4936708860759494,1.4455175570984569,216.1107715309101,12311.829932032735
1424,2030624,397,0.06518080518661033,0.5264483627204031,1.2938020411644473,328.67645390784855,2461.2136231624704,869,0.05643051788564174,0.4936708860759494,1.660630392380237,273.3682805851007,12315.096812332864
1425,2033475,397,0.07135266293517455,0.5214105793450882,1.4163099195192446,352.6571858942725,2459.4489930791933,869,0.05937109942496859,0.4936708860759494,1.74716546698959,292.31410248172847,12318.23356249872
1426,2036328,398,0.06454416031356355,0.5276381909547738,1.2827898148489807,332.90921405840885,2457.461649736582,870,0.05720188571549386,0.4942528735632184,1.684301729915724,294.6950661189235,12337.705922506262
1427,2039183,399,0.05574300313660635,0.5213032581453634,1.1092717565503647,300.1379474414274,2452.2867141777906,871,0.0505266923991048,0.49483352468427094,1.4886093133125895,258.53878096198434,12332.117812104836
1428,2042040,400,0.045130819220402324,0.505,0.8992252025334591,245.17478569649785,2475.4833197731186,871,0.0435784607636937,0.49483352468427094,1.2839016264957617,202.80051862038573,12342.637952801959
1429,2044899,400,0.041460162082296796,0.5225,0.8260878771876861,224.72979365179123,2468.1758041630574,872,0.039937992428130654,0.4954128440366973,1.177324328660377,184.21305703533534,12354.985254970208
1430,2047760,400,0.0430160163811383,0.5225,0.8570880544757559,234.22505755922367,2472.9501344082432,873,0.04108011542741586,0.4948453608247423,1.2116893243199491,182.16255243076344,12373.553937115055
1431,2050623,401,0.04383462931268343,0.5336658354114713,0.8744981082530627,246.51181094096978,2469.181187508677,873,0.04218233741250551,0.4948453608247423,1.2442002021124823,193.60579968434124,12377.161944506695
1432,2053488,402,0.04342893904606793,0.5174129353233831,0.8674923780184851,252.76137250649015,2468.3010898719367,873,0.04385869030811953,0.4948453608247423,1.2936455088326468,209.06983426190365,12383.548736912795
1433,2056355,402,0.04072652215038198,0.5124378109452736,0.8135116428052864,243.73730716540587,2482.8152878434653,874,0.04175723526863753,0.4954233409610984,1.2323691384204578,211.0688010656827,12406.551063497871
1434,2059224,402,0.03690770359209628,0.4975124378109453,0.7372308018472726,222.2815746585132,2487.1437164313847,875,0.03783386850640295,0.496,1.1172207483623529,189.47657000051623,12422.935486261333
1435,2062095,403,0.039018128128790755,0.5235732009925558,0.780362562575815,236.31413086284817,2495.5837691561032,876,0.03889214941141324,0.4965753424657534,1.1491297474776512,210.109672103824,12447.36679314071
1436,2064968,404,0.05262445781597901,0.5396039603960396,1.0538039465340447,292.65694285615837,2485.676073209324,876,0.04726651494351383,0.4965753424657534,1.3965635533954153,276.00682512212484,12450.294707655463
1437,2067843,405,0.049551381732833195,0.5111111111111111,0.9935021145002401,285.62403600262155,2491.60169236078,877,0.04687245156316904,0.4960091220068415,1.3857132998507962,259.679099069361,12460.42915639524
1438,2070720,405,0.05777423905845703,0.5456790123456791,1.1583698912312355,325.922181185761,2505.0534857175576,878,0.05216043130626283,0.49544419134396356,1.5429263656436891,290.2126641451553,12483.73864630052
1439,2073599,406,0.05014979388978359,0.5221674876847291,1.006750086345501,297.92272716809106,2509.244927616878,879,0.04644479871891163,0.4960182025028441,1.3746405098654806,261.12136769259996,12492.3893464399
1440,2076480,406,0.0471781461422013,0.5443349753694581,0.9470946741409784,284.8928599616821,2518.1572813958287,879,0.04351663923941309,0.4960182025028441,1.2879749035781973,238.78485456297227,12495.926471625122
1441,2079363,407,0.053275668904869476,0.5282555282555282,1.070827692251912,306.9308237618005,2501.8152149324505,880,0.047130482475347624,0.4954545454545455,1.395730864393593,252.89208951873522,12506.073770203282
1442,2082248,407,0.0550389955156113,0.5503685503685504,1.106270118486648,321.92101688914244,2506.571522245943,881,0.04762257846176073,0.4960272417707151,1.4111077073938323,279.1459916319146,12508.117675741925
1443,2085135,408,0.054220384038714146,0.5441176470588235,1.0911641802903849,313.82088229880725,2505.042356737299,882,0.04659345561948877,0.4965986394557823,1.381399704528299,286.7004129695981,12524.73676492348
1444,2088024,409,0.05767576435840985,0.5623471882640587,1.1621344502667017,332.80203448885584,2536.3092639078386,882,0.050063314936934236,0.4965986394557823,1.4842738651189775,310.71211639049795,12543.157335708132
1445,2090915,410,0.052211272233174705,0.5463414634146342,1.0533227890443266,296.0507738133516,2527.7170490326052,882,0.048428133111259444,0.4965986394557823,1.435794102010521,290.98446173773993,12535.851873526795
1446,2093808,410,0.06024964318556552,0.5536585365853659,1.215490821899985,338.74120821565236,2550.323786557973,883,0.05199856408925457,0.4971687429218573,1.5425266893195066,340.06627068109947,12556.902637846235
1447,2096703,410,0.05280927071734089,0.5439024390243903,1.0653869545826256,310.74473133836955,2522.097112809246,884,0.047760218005904825,0.497737556561086,1.4176017958224165,328.4141907209149,12562.97826784418
1448,2099600,411,0.05850815336282756,0.5328467153284672,1.1818067676446455,343.60461580912056,2534.7774841828073,884,0.05122472892776215,0.497737556561086,1.5204341761910345,356.0435814415357,12568.065941887828
1449,2102499,412,0.05918566254087317,0.5315533980582524,1.1969559490701678,342.10641941672657,2545.2392915804353,884,0.050271488044885085,0.497737556561086,1.4921404195073693,349.36839201915245,12569.560662963984
1450,2105400,412,0.06998435010103356,0.5461165048543689,1.4153458895115323,393.01954724240426,2551.8866545397736,884,0.057168394250532044,0.497737556561086,1.6968519353035307,404.2264651588456,12563.374304644409
1451,2108303,412,0.07583583797813968,0.5388349514563107,1.5336849081983175,420.544682021587,2543.711990122366,885,0.058299926526224136,0.49830508474576274,1.7314194823535638,427.2735891267423,12575.231100939594
1452,2111208,413,0.07859582311494076,0.549636803874092,1.59144412360509,441.472824387501,2558.939947627113,885,0.060719860840517455,0.49830508474576274,1.8032878648274024,448.27246764692245,12590.401946163227
1453,2114115,414,0.0652084888392934,0.5434782608695652,1.3219804929973238,382.63172820647424,2557.8040707784953,886,0.052519855654364594,0.49887133182844245,1.5606441026430478,395.7802734822991,12603.571591234726
1454,2117024,415,0.06422146514022416,0.5421686746987951,1.3035533717189698,371.02347494520865,2557.9195792659766,887,0.05138565927402313,0.4983089064261556,1.5278054867878252,371.2275005759635,12630.077674225595
1455,2119935,415,0.06253340375526249,0.5590361445783133,1.2692894678165791,366.77538184032517,2579.957720656361,888,0.04875930567015519,0.4988738738738739,1.4505381250248237,368.3549889261165,12649.438161480855
1456,2122848,416,0.06630541296869141,0.5384615384615384,1.347485219524065,383.25047373566844,2584.6282629153097,888,0.05009703007830942,0.4988738738738739,1.4903340209699065,382.5695458359594,12667.76087681609
1457,2125763,417,0.0608692196766913,0.5563549160671463,1.238505400987986,363.6106825072392,2571.6713923135844,889,0.048600835022750394,0.4983127109111361,1.4466404087087505,357.07622318599215,12666.228983948218
1458,2128680,418,0.06267529389225873,0.5191387559808612,1.2767928072947532,369.43723293720046,2581.8671615273956,889,0.05205191504079431,0.4983127109111361,1.549364401114491,375.6228540836791,12683.521715938237
1459,2131599,418,0.06779289233053458,0.5287081339712919,1.381046213554736,398.010624603485,2609.3514925530617,890,0.054344498568115386,0.49887640449438203,1.6185174862626128,413.06553671558436,12704.317408748475
1460,2134520,419,0.07174387917439358,0.5393794749403341,1.4632937595643034,412.11669426531165,2592.008374338266,890,0.05311761664062974,0.49887640449438203,1.5819778197731673,403.39457271911914,12703.106465790152
1461,2137443,419,0.063478329410854,0.5608591885441527,1.2947089614248612,365.107822163568,2607.1297682209406,891,0.05003976780867237,0.4983164983164983,1.4911514965834656,357.4075874858707,12724.482376528362
1462,2140368,419,0.055836752565487605,0.5369928400954654,1.138850763628293,329.7450394744923,2616.2764010347396,892,0.04596823410697619,0.49887892376681614,1.3705936043212592,340.1515211254889,12735.574290105165
1463,2143295,420,0.059543015657271915,0.5238095238095238,1.2159027870497738,344.57815052272156,2623.7502839453473,893,0.04908826131134297,0.49944008958566627,1.4644436092686928,382.58855632807985,12752.515431790762
1464,2146224,420,0.05991128746059399,0.5190476190476191,1.2234231100819255,349.0539712976453,2641.012458078877,893,0.05148418708473162,0.49944008958566627,1.5359209460777352,404.95569719646767,12764.821068876228
1465,2149155,421,0.06578756271368219,0.5344418052256532,1.3450298972376735,371.0008582959571,2607.8569339163523,894,0.05456756225206422,0.4988814317673378,1.6288211674301194,415.0199257239051,12760.61149016013
1466,2152088,422,0.053982649683434726,0.5284360189573459,1.104997280362182,306.84846206960515,2631.223488410186,895,0.04557680752658679,0.4983240223463687,1.3612137535337572,326.6969021039365,12775.205842196518
1467,2155023,423,0.06306130166725057,0.5153664302600472,1.2923721068432852,358.5769755351254,2630.6602215718617,895,0.051739398653651805,0.4983240223463687,1.545267974415125,377.91330102797315,12790.431125544597
1468,2157960,423,0.07386101296172247,0.5224586288416075,1.5137003266853477,414.3247423647424,2635.2125490203694,895,0.05874251946649333,0.4983240223463687,1.754425765086127,438.82893353299977,12794.621857200382
1469,2160899,423,0.06888363944396585,0.48699763593380613,1.4116945239248613,379.89143658512074,2645.0808897322568,896,0.056043933638314815,0.49776785714285715,1.6747667868711333,392.2608143417078,12818.550314386333
1470,2163840,424,0.06379933509463123,0.5023584905660378,1.3090529102124466,343.086634709849,2633.777878895242,896,0.04994671992801194,0.49776785714285715,1.4925631057310667,335.9750366136986,12825.755965472235
1471,2166783,425,0.06006546624878304,0.4823529411764706,1.23390316453866,328.8683678360764,2643.5795963449937,897,0.046467992045677885,0.4983277591973244,1.3893851915768074,331.82392977905255,12834.224197289612
1472,2169728,425,0.060384802144592215,0.5152941176470588,1.2404631664332213,330.24843074396006,2643.183241814106,897,0.04580888640302591,0.4983277591973244,1.3696780430801565,326.2740445950326,12842.628782616805
1473,2172675,426,0.05028595392600537,0.5093896713615024,1.034229394105121,275.0439634784289,2629.4394550860397,898,0.04218326827197856,0.4977728285077951,1.2619778798713601,281.6659213252957,12856.219757790117
1474,2175624,427,0.049887408957272485,0.49414519906323184,1.027244622632479,269.48599782165275,2655.3960866150137,899,0.040452980238234806,0.4983314794215795,1.2108895386032923,284.15927806702393,12856.96519004782
1475,2178575,428,0.05497570450933487,0.49065420560747663,1.133353182673664,285.3055112773431,2646.4704662002764,899,0.044382151683122525,0.4983314794215795,1.3285024454886152,312.74794593553133,12846.458103561497
1476,2181528,428,0.05458798725116836,0.5093457943925234,1.1253601866321872,295.4445895368488,2641.4178936721373,899,0.044646970606233696,0.4983314794215795,1.3364293389271467,327.0948804448969,12846.762713751592
1477,2184483,429,0.043755544696272686,0.5058275058275058,0.9031042667656721,245.7562881796511,2657.295372276966,900,0.03765805578841356,0.49777777777777776,1.1278571991567246,253.4721754450269,12873.96324878463
1478,2187440,429,0.04271180192655805,0.5221445221445221,0.8815616587310062,236.7307825765622,2645.9833716899266,901,0.038156900026089256,0.4972253052164262,1.143434396719668,239.0594652905726,12893.18899680004
1479,2190399,429,0.04429227881230638,0.5104895104895105,0.9141823340980169,240.86046693363664,2671.754180158432,902,0.03820343464333138,0.4977827050997783,1.1454661384231382,250.2967029692781,12914.620591729454
1480,2193360,430,0.04899333498854701,0.513953488372093,1.0123972120166538,258.3476976837908,2671.3600750388405,902,0.04148102938802155,0.4977827050997783,1.2437393390022793,277.16709164834845,12921.396183858977
1481,2196323,430,0.04755311869328265,0.5046511627906977,0.982636613715529,254.22959980213733,2684.17125619721,903,0.04066002599240345,0.4983388704318937,1.2198007797721033,287.82861753164434,12926.833131430838
1482,2199288,431,0.04259510292339616,0.4965197215777262,0.8812143413650375,241.52076214527744,2682.5906683853395,904,0.039039119985840656,0.497787610619469,1.1718240709386567,266.64442186320844,12955.833687166685
1483,2202255,432,0.03359388400304909,0.4976851851851852,0.6958071134977181,192.1345432553574,2663.625683300634,905,0.03198057294321896,0.4983425414364641,0.9604826158189679,224.00785802566483,12946.218164842861
1484,2205224,433,0.04035503553994505,0.48729792147806006,0.8368198277855264,217.22084886312052,2682.220003703118,905,0.03357869462460009,0.4983425414364641,1.0084795074211061,234.05259486644476,12967.812580175349
1485,2208195,433,0.038584863929428,0.49191685912240185,0.8001127679987138,207.87639269907942,2708.310790352619,905,0.032553004410752706,0.4983425414364641,0.9776746303050774,225.15833856872703,12972.519291899598
1486,2211168,434,0.04895147040477382,0.4930875576036866,1.0162589345310828,256.8542382948658,2706.2744794348578,906,0.038876816589587596,0.4977924944812362,1.168246721343917,254.49672217779468,13003.306204745373
1487,2214143,435,0.03447056357904227,0.49195402298850577,0.7164572098132139,195.98106683051964,2703.9557358633065,907,0.028818489356933947,0.49834619625137816,0.8664737833595466,190.49952047043868,13007.464383190632
1488,2217120,435,0.028290093282420437,0.4896551724137931,0.5879985469921822,165.95528606649947,2701.4317196725774,907,0.02466248932800581,0.49834619625137816,0.7415170229927405,156.58840238306476,13024.081968551982
1489,2220099,435,0.011885017818762096,0.48735632183908045,0.2470254565314886,87.64069668836459,2706.4749008482495,908,0.015652072215656777,0.4988986784140969,0.47086469925334395,99.53867244982183,13032.387774341903
1490,2223080,436,0.009486461701804894,0.49311926605504586,0.19740048070705948,70.87209851986228,2725.6565296408307,909,0.013006401546190769,0.49944994499449946,0.3914905260025621,93.55336229114786,13059.196665502066
1491,2226063,437,0.005005028950528142,0.4919908466819222,0.10426809972998059,42.29343305951818,2723.695167914565,910,0.007136568629313898,0.5,0.2149280458744807,58.68249988266689,13073.32201532159
1492,2229048,438,0.01756206913094791,0.5068493150684932,0.3662859926200893,109.25230932396198,2736.1888328131768,910,0.015267161891002813,0.5,0.45979257563701736,124.60893328822632,13078.596209023715
1493,2232035,438,0.01745888202161596,0.5091324200913242,0.36413385482325955,109.45806764032682,2733.179431381057,911,0.014910462319062533,0.5005488474204172,0.4492975328264231,136.88208225008933,13090.824538777219
1494,2235024,439,0.03478277928599213,0.4920273348519362,0.7262857539550854,191.33601685788614,2724.2049490232007,911,0.023229723320923705,0.5005488474204172,0.6999821436112019,207.06863053426173,13086.541121699429
1495,2238015,440,0.03765400521164192,0.5068181818181818,0.787139844884657,199.60869002750974,2720.7219750716226,912,0.023452343082513656,0.5010964912280702,0.7070793930093514,223.05817679877617,13107.424667580948
1496,2241008,441,0.037054258229039766,0.5192743764172335,0.7754881734572812,206.758310754818,2728.829213230515,912,0.02357720669778804,0.5010964912280702,0.7108439844186846,227.35369147546183,13106.76568913693
1497,2244003,441,0.038221643005515005,0.5034013605442177,0.7999197268413706,215.14343796902597,2727.764026873711,913,0.026597741022068827,0.5005476451259584,0.8023529416685086,240.69254369674513,13117.670559275275
1498,2247000,442,0.04593086039179289,0.5113122171945701,0.9623583989600921,252.71265009916402,2718.864300599546,914,0.029400180489808397,0.5010940919037199,0.8873790781234059,281.60684872721663,13125.415345641213
1499,2249999,442,0.04858928681060642,0.502262443438914,1.0180586181665179,263.49183781026966,2714.8278458296236,915,0.030128823533177855,0.5016393442622951,0.9098705176199277,299.6867853100506,13145.396423287959
1500,2253000,443,0.037390245669808184,0.5011286681715575,0.7843044098750104,208.04178391922363,2729.793878976053,915,0.024420518803193104,0.5016393442622951,0.7374834951500966,257.87589175087976,13150.786986123228
1501,2256003,443,0.03612671792403324,0.5033860045146726,0.7578004282814654,193.26765738932306,2739.924360381246,916,0.023788647581343452,0.5010917030567685,0.71879515522377,231.62452005294173,13178.034944825627
1502,2259008,443,0.03805058704507383,0.48306997742663654,0.7981558474188395,196.54201349034173,2751.6621992036853,917,0.025090385089096168,0.5005452562704471,0.7585433840342247,223.0519138074755,13197.882311362837
1503,2262015,443,0.034919159959472416,0.5056433408577878,0.7324704787232709,181.0095856837861,2759.860318167401,917,0.02443718824739971,0.5005452562704471,0.7387956543369143,217.72637865506127,13207.683919352792
1504,2265024,443,0.03568010993758925,0.49887133182844245,0.7484323001245472,184.07396786127578,2774.2106706685263,917,0.02562377592190934,0.5005452562704471,0.7746690866050779,227.15329911125622,13229.993751330383
1505,2268035,444,0.03590009543547604,0.5,0.7539020041449968,192.0186330158141,2771.440434136455,918,0.026129174285918603,0.5010893246187363,0.7903805287394658,246.56126628495312,13242.4982559305
1506,2271048,444,0.04096221328555615,0.5045045045045045,0.8602064789966792,217.78936394474675,2764.797936388957,919,0.02680541343182444,0.5016322089227421,0.8112790231196338,266.81588081059044,13254.594915860735
1507,2274063,444,0.05144131276763724,0.5112612612612613,1.0802675681203822,267.79477435920415,2766.646625081699,920,0.034522694524127734,0.5010869565217392,1.0454165069091463,314.89962377478616,13272.577189120188
1508,2277080,445,0.050220454248384595,0.4966292134831461,1.0558245872359802,269.16125246367307,2781.1373818033994,920,0.03537158967884602,0.5010869565217392,1.0711227566561774,323.1570643594077,13289.504180200913
1509,2280099,446,0.048718167679441586,0.4910313901345291,1.0253988096758688,255.2181266025392,2773.037907631373,921,0.03555796041116556,0.500542888165038,1.0773533903119494,309.6116456449725,13294.770046275233
1510,2283120,446,0.03567855662320152,0.5,0.7509467460497739,190.05760818073912,2765.975036106856,922,0.026383886896652525,0.5010845986984815,0.7998278685226898,247.84502159547824,13300.552433673163
1511,2286143,447,0.03576471895607049,0.48769574944071586,0.753609390978495,199.78018281287717,2772.8933218659745,923,0.02679205194788709,0.5016251354279523,0.8126431712455461,268.8614456838628,13319.547259773808
1512,2289168,448,0.04242388270378719,0.4888392857142857,0.8949327860408227,229.30735769451127,2791.982832288913,923,0.028631896050195015,0.5016251354279523,0.8684484059026415,285.3008100501016,13323.819454311712
1513,2292195,448,0.04877800787747712,0.5,1.0289732034219223,265.06263753969495,2783.4347251344757,924,0.03276088891592897,0.5010822510822511,0.9942268609323793,308.2993654097059,13341.152424103137
1514,2295224,448,0.034536181753358444,0.5022321428571429,0.7285415522088969,189.53378213690513,2786.094126255711,925,0.023002357770544244,0.5005405405405405,0.6984540091443359,209.5011495659083,13366.258320177356
1515,2298255,449,0.04042863894378407,0.49888641425389757,0.8538007857185987,215.06864401932626,2789.9075062583374,926,0.02756108322925793,0.5010799136069114,0.8373309286027755,263.7273643453955,13386.818652796373
1516,2301288,449,0.05010696987502653,0.5100222717149221,1.0581946700892704,261.2032119686208,2793.133111941055,926,0.032563133782764535,0.5010799136069114,0.9892978016043228,302.74047491186036,13396.712164472117
1517,2304323,450,0.05234917257367259,0.5177777777777778,1.1067858119388887,277.6227485925629,2808.7077575717462,927,0.03577746106114299,0.5005393743257821,1.087540660969971,314.82312273327216,13402.325468758889
1518,2307360,450,0.04179595287189334,0.49333333333333335,0.8836656886978692,226.3769815090722,2819.9102809833516,928,0.02844771928007012,0.5,0.8652036045462639,241.10745381219405,13430.531424442244
1519,2310399,451,0.04990048025141199,0.5188470066518847,1.056194088383408,276.0677306207366,2819.160934225773,928,0.03403461309746016,0.5,1.0351223464121386,290.0163570176317,13431.82067468702
1520,2313440,452,0.040134855903500515,0.5154867256637168,0.8504423493801581,229.34291682356286,2813.9910470406476,928,0.02793129465256569,0.5,0.8494971626767281,235.88385947193035,13439.380701878781
1521,2316483,453,0.03982881684384662,0.5099337748344371,0.844896794307628,238.2235250079945,2825.370218814817,928,0.028574307595220436,0.5,0.8690536378471135,245.24518084179348,13447.027318622597
1522,2319528,453,0.03351376691421962,0.4988962472406181,0.7109343554445015,204.22044930006354,2837.122058499739,929,0.026933506516260183,0.49946178686759957,0.8195932857460974,216.02602642874876,13468.661781438057
1523,2322575,454,0.028670485284914605,0.5044052863436124,0.6088682317538826,174.36308873481852,2825.3416999676033,930,0.021169218735598926,0.5,0.6445323163959363,182.37669009031194,13461.24346993678
1524,2325624,455,0.01797731344874729,0.5054945054945055,0.38220292656283866,113.63069238711842,2828.7947896215583,930,0.010933774694354536,0.5,0.33289708131046053,95.1592758038498,13465.954137783581
1525,2328675,455,0.017968397088026018,0.5032967032967033,0.3820133621336665,110.96318520721582,2830.7619965322683,930,0.011885960391871238,0.5,0.36188796949224666,101.24732925502124,13480.280179432433
1526,2331728,455,0.01349088027685868,0.4835164835164835,0.28682004897030755,90.65758287379794,2835.14528912981,931,0.008542469600731894,0.5005370569280344,0.2602300409716558,89.64918976897974,13492.395052076352
1527,2334783,456,0.015590290477917072,0.4934210526315789,0.33182057230554857,95.20443525081532,2832.16435941202,932,0.010971093496383416,0.5,0.334393458576021,95.6264463047084,13511.599744716104
1528,2337840,456,0.014821250894105069,0.5109649122807017,0.31545249018497645,90.99007633479727,2853.9144400985515,932,0.007633971857291565,0.5,0.23267965521151035,66.50725801305936,13518.95850583145
1529,2340899,457,0.01370191870041463,0.5120350109409191,0.29195056009029774,90.97406922180699,2871.4684619945097,933,0.007973944000568793,0.4994640943193998,0.2431726097230372,55.023160845909075,13536.521540935084
1530,2343960,457,0.015218599072460856,0.487964989059081,0.3242668870061375,98.06441533408594,2858.9932362032723,933,0.007921822607859159,0.4994640943193998,0.24158312087201228,53.85502816631072,13549.60598834694
1531,2347023,458,0.0030746694379792413,0.4847161572052402,0.0655849405697972,28.464764982599263,2854.3921175614328,934,-0.00021041689120161942,0.5,-0.006420301753332962,-1.8577116227929764,13542.45840228683
1532,2350088,459,0.004088072754843385,0.49019607843137253,0.08729734540692007,40.037713376831164,2844.642432923101,934,0.0004913777800226765,0.5,0.014993062603541444,4.3668971755887185,13548.348556152421
1533,2353155,460,-0.001698404047366607,0.49130434782608695,-0.03630773158442773,2.3745791666156606,2845.8551164722603,935,-0.0017185844629677021,0.5005347593582887,-0.05246610660723658,-0.7669993102086607,13576.38798893413
1534,2356224,460,-0.0077974283813025454,0.4891304347826087,-0.166689980017471,-30.802325481601486,2859.165626874092,936,-0.005488173627525333,0.5010683760683761,-0.1676365307191474,-19.52596881730281,13594.853401414664
1535,2359295,461,-0.0049498124207540805,0.4772234273318872,-0.10593061169604528,-8.475401368181053,2861.397028835028,937,-0.001881921192590575,0.5005336179295624,-0.05751417189148698,-1.6777827111457952,13618.269923165215
1536,2362368,462,-0.00628290542889702,0.47835497835497837,-0.13460675833131416,-21.464277439039222,2877.008985827039,937,-0.005961220855907239,0.5005336179295624,-0.18218333601834116,-36.91149237358414,13616.225166108647
1537,2365443,463,-0.011870371942129086,0.46652267818574517,-0.25459111496763454,-44.291615457845296,2896.4836223601255,938,-0.007008011068693915,0.5,-0.21428934853348536,-59.8435725654584,13650.819471597437
1538,2368520,463,-0.017721269496177524,0.468682505399568,-0.3800788873060827,-74.78330597988088,2892.720805793368,939,-0.01082255678089749,0.4994675186368477,-0.3311065692765733,-106.96779064409259,13657.495642109354
1539,2371599,464,-0.02606191189284079,0.49353448275862066,-0.5595729791065688,-114.56013790368053,2893.7200860694147,939,-0.015727222113881865,0.4994675186368477,-0.4811604747197496,-150.44159494077087,13670.97531271584
1540,2374680,465,-0.023961782966733933,0.4838709677419355,-0.515039002251796,-98.56702229383507,2896.040050507219,939,-0.01118842164309501,0.4994675186368477,-0.34229988170667186,-111.69196583328795,13669.619182947983
1541,2377763,466,-0.027874223417382278,0.4742489270386266,-0.5997817847430447,-125.57012505682019,2899.020398094216,940,-0.013357290757144116,0.498936170212766,-0.4088727573946712,-145.10715326826895,13682.576875276893
1542,2380848,466,-0.026529984376357448,0.48283261802575106,-0.570857208833806,-118.81713312194194,2888.8843985150443,941,-0.012315144912844252,0.49946865037194477,-0.37717330364494744,-121.7696816635507,13699.572312968297
1543,2383935,466,-0.029020962230719954,0.48283261802575106,-0.6244566623817482,-128.30088758575744,2902.5475144792395,942,-0.012834141514266595,0.5,-0.3932779702898699,-109.73506367482645,13719.234637507656
1544,2387024,467,-0.03185396415128134,0.48822269807280516,-0.6861553868608175,-151.5161492507587,2903.829487529733,942,-0.016825468909642653,0.5,-0.5155846423077021,-145.48473162412404,13724.310569741523
1545,2390115,468,-0.021377124736266965,0.47649572649572647,-0.46097329621715766,-98.06946938267919,2912.487398275859,943,-0.01276602298632791,0.5005302226935313,-0.39139885323568,-93.04544237486365,13746.041867608958
1546,2393208,468,-0.0226489692587273,0.4829059829059829,-0.4883991717278911,-104.64300075595673,2915.9852912608735,944,-0.015128122607903118,0.5,-0.464066103173895,-127.73660322592065,13761.757125649101
1547,2396303,469,-0.036540342562215423,0.4669509594882729,-0.7887975860173814,-177.77185737501924,2920.939658927878,945,-0.022562004962563595,0.5005291005291005,-0.6924734738535196,-181.89707703591347,13758.881775421873
1548,2399400,470,-0.019101299695067946,0.49148936170212765,-0.41278257784099237,-86.99717159094928,2922.367734083822,945,-0.01184434278392076,0.5005291005291005,-0.3635267879207815,-85.84017188060744,13773.46514456483
1549,2402499,471,-0.02081768088629252,0.4861995753715499,-0.4503552952306459,-103.72057007706599,2925.9818868515267,946,-0.013865594134184984,0.5010570824524313,-0.42578889458790514,-89.83879578739356,13785.693155406812
1550,2405600,471,-0.021833721444981566,0.47770700636942676,-0.4723356132244725,-108.53590424995616,2941.9509781170013,946,-0.014957343759421156,0.5010570824524313,-0.4593146751348772,-98.82856314181379,13785.486631358508
1551,2408703,472,-0.023957278674112917,0.4915254237288136,-0.5188285974086341,-118.59221378895302,2952.691500944547,947,-0.016864530813981447,0.5015839493136219,-0.5181556766064508,-104.7948269408322,13798.280098116877
1552,2411808,472,-0.01951321739358923,0.4915254237288136,-0.4225861939062881,-97.78362357555909,2949.961901205568,947,-0.013482733594935301,0.5015839493136219,-0.41425136728953005,-77.75689270708034,13790.301009319532
1553,2414915,472,-0.025549734565905993,0.4766949152542373,-0.5533154716489409,-127.44228263665792,2936.225963955166,948,-0.01673790321352934,0.5021097046413502,-0.5145374104632963,-89.09990633611781,13816.974586021617
1554,2418024,472,-0.012931130817682029,0.4830508474576271,-0.28004184266116156,-58.40913216629821,2921.7524964940703,949,-0.008847787852983888,0.5015806111696522,-0.2721324107806219,-33.91923041676216,13819.77565034766
1555,2421135,473,-0.018410813310028883,0.492600422832981,-0.3991369213268377,-83.09578583398445,2938.551464172404,950,-0.011586574422030838,0.5010526315789474,-0.3565578850269399,-73.20416940014394,13842.167101292318
1556,2424248,474,-0.015307959989305321,0.4873417721518987,-0.3322215284792593,-72.34630566240963,2947.014919521005,950,-0.010335442448041975,0.5010526315789474,-0.3180563439945164,-62.30958367055288,13843.244707399077
1557,2427363,474,-0.013630684127397149,0.4810126582278481,-0.29582039136407223,-63.059332773704,2933.260338614666,950,-0.008262131577071287,0.5010526315789474,-0.2542535915821172,-43.856994713041956,13848.800172470115
1558,2430480,475,-0.024893915499967275,0.4652631578947368,-0.5408342792852624,-134.57792782045078,2949.093214219071,951,-0.01652901464418617,0.501577287066246,-0.5089218920444663,-105.78259405932457,13863.761641618757
1559,2433599,476,-0.021283743314042567,0.49159663865546216,-0.4628908359793467,-120.59683459136505,2928.628376681644,952,-0.01618904351234225,0.5021008403361344,-0.4987171424990729,-88.4543167663486,13872.76526586786
1560,2436720,477,-0.025909474225136064,0.4779874213836478,-0.5640891818598344,-139.68385937421363,2951.8323500014017,952,-0.018162028004829082,0.5021008403361344,-0.5594965942028046,-105.16376581581676,13892.191555019454
1561,2439843,477,-0.03449411657120408,0.480083857442348,-0.7509900751575781,-195.54539432694725,2969.4749007886876,953,-0.02400488434803921,0.5015739769150053,-0.7398802260735186,-179.38134740735592,13897.18023962683
1562,2442968,477,-0.029878255215641896,0.4716981132075472,-0.6504956601411798,-167.59289875767212,2967.7323126633605,954,-0.02131653764828994,0.5020964360587002,-0.6573655248206474,-139.1499300973969,13909.928656952232
1563,2446095,478,-0.022795609055595762,0.47489539748953974,-0.4968187811490129,-128.71439898630268,2959.6117407970937,955,-0.016272741672663526,0.5015706806282723,-0.5020872630440535,-103.59132877909437,13931.121522882706
1564,2449224,479,-0.016969405205388755,0.4822546972860125,-0.3702287122843733,-91.89855532158617,2964.63754357463,955,-0.01405734935138612,0.5015706806282723,-0.4337324467792833,-85.2331857562566,13928.253686720034
1565,2452355,480,-0.020052380339284765,0.46875,-0.43795059723492374,-103.71739187671164,2972.732710366226,956,-0.014907544939956236,0.5010460251046025,-0.4602063189683345,-107.60925567071257,13960.43302698281
1566,2455488,480,-0.024892992459567602,0.48125,-0.5436711617360505,-131.41607248160278,2967.664556233623,956,-0.0174192107184444,0.5010460251046025,-0.5377431948960866,-130.42802495410865,13954.240259615326
1567,2458623,481,-0.01981507452768738,0.49064449064449067,-0.43322115754089263,-106.61471508204215,2986.070806735043,957,-0.015448181367540562,0.5015673981191222,-0.4771462851332532,-96.32705568974364,13984.550203057193
1568,2461760,482,-0.017194748109457467,0.4854771784232365,-0.3763254371688739,-85.67125326595817,2984.838142212884,957,-0.011035380284574214,0.5015673981191222,-0.340848581625348,-56.011175879413486,13989.927709693398
1569,2464899,483,-0.018701765508330925,0.4865424430641822,-0.40973515336339666,-98.25201632332875,2989.3301211070348,958,-0.013174765858248559,0.5010438413361169,-0.40714076794861337,-88.32473152118558,14017.033230855846
1570,2468040,483,-0.019402724833381284,0.4968944099378882,-0.4250924027323438,-104.7214746784851,3003.0019861660767,959,-0.015321605571245445,0.5015641293013556,-0.47373254796399983,-95.56680892193668,14031.205950758871
1571,2471183,484,-0.011137901918902517,0.4855371900826446,-0.24427325939119784,-63.54759648968343,2990.9531608897914,960,-0.0116990107528566,0.5020833333333333,-0.36191377140673964,-48.04203489359929,14037.025828388214
1572,2474328,485,-0.0056930349666587205,0.4845360824742268,-0.1249877270672231,-39.24625667902279,2995.711625204493,960,-0.009340130649287627,0.5020833333333333,-0.2889408327016006,-28.37411672836049,14039.477909989848
1573,2477475,486,-0.01744662500097516,0.4732510288065844,-0.38342903079397456,-101.89631279104066,3008.1582738528655,960,-0.014611514126670413,0.5020833333333333,-0.4520132766144284,-76.6524411618521,14056.607373024004
1574,2480624,486,-0.029905058150951014,0.4732510288065844,-0.6572312674809994,-173.66370838110635,3003.0171339976373,961,-0.02281196362340071,0.5015608740894901,-0.7060662048366514,-166.27509070063667,14072.106222207303
1575,2483775,487,-0.024616922330948136,0.4702258726899384,-0.541572291280859,-141.57854534765545,3002.905597357125,961,-0.019108808389529885,0.5015608740894901,-0.5914477175785883,-136.40383316973066,14062.527596388558
1576,2486928,488,-0.015147257427720238,0.4692622950819672,-0.3335837416258301,-89.71063735138978,3010.4410645343733,961,-0.01306080662035078,0.5015608740894901,-0.40425253672931033,-78.11774357381506,14078.950688824627
1577,2490083,489,-0.014354225363793726,0.48261758691206547,-0.31644475014789775,-89.18902964192296,3027.340471565048,962,-0.011138030545553746,0.501039501039501,-0.34491946847330474,-73.10505580419021,14100.490767882795
1578,2493240,489,-0.015849195885236606,0.48466257668711654,-0.34940198477023576,-100.33981772427677,3023.833153006905,963,-0.014634698369442862,0.5015576323987538,-0.45343954449296836,-93.5796901177709,14101.04566200745
1579,2496399,489,-0.009581164015696829,0.49284253578732107,-0.211220666823354,-62.604019716145444,3017.694418159005,964,-0.012720583259793366,0.5020746887966805,-0.39433808105359436,-60.36796227739035,14126.275310164045
1580,2499560,490,-0.01742014433236824,0.4897959183673469,-0.3844290776059787,-112.9097300722616,3010.405113590478,964,-0.019053696345979438,0.5020746887966805,-0.5906645867253626,-116.74717437748797,14135.14651929119
1581,2502723,491,-0.01392820974849447,0.48268839103869654,-0.3076842099904568,-98.33593679588506,3001.749198450937,965,-0.017484280410356608,0.5025906735751295,-0.5422946239196887,-87.49217748864544,14142.246415048265
1582,2505888,491,-0.015037108950629239,0.5112016293279023,-0.33218059402895567,-104.94832827880612,3029.4098300092874,966,-0.019329837225303504,0.5031055900621118,-0.599848173033752,-90.31032681398494,14151.264656151805
1583,2509055,492,-0.017060914694056333,0.5020325203252033,-0.37727388219535835,-112.97709961313973,3037.621423028823,967,-0.02053594853808364,0.5036194415718718,-0.6376073053172321,-89.85599345732544,14165.641857889648
1584,2512224,493,-0.015646872601601258,0.4847870182555781,-0.34635828975681043,-97.39788144200998,3033.1824856023713,967,-0.018078664293847635,0.5036194415718718,-0.5613126855454581,-64.51801139861419,14194.972497406437
1585,2515395,494,-0.012516995950313027,0.48582995951417,-0.27735810267864,-83.73453765080052,3046.6600872912536,968,-0.015225425242445825,0.503099173553719,-0.47296944798775403,-51.0415380779184,14210.280290303595
1586,2518568,494,-0.020661762867582756,0.48380566801619435,-0.45783408173152074,-133.7212015367764,3053.2511347104432,969,-0.020371428985704508,0.5036119711042312,-0.633155024363177,-87.20979083160069,14221.327616178578
1587,2521743,495,-0.023751005105861082,0.4868686868686869,-0.5268227783809376,-149.10520940201855,3054.1322958869505,969,-0.022143184167050828,0.5036119711042312,-0.6882221330965961,-107.02308070242049,14220.163103465706
1588,2524920,495,-0.014445493046244056,0.4909090909090909,-0.32041653596490616,-89.88115895300655,3071.2914234388672,969,-0.014870735295927192,0.5036119711042312,-0.4621904911628133,-34.00573534542514,14242.862831390043
1589,2528099,496,-0.027921188029514758,0.4798387096774194,-0.6199509829840603,-162.20862023843392,3066.0001582464374,970,-0.021478598277163453,0.5030927835051546,-0.6679118863153736,-109.22387864518475,14256.482265094777
1590,2531280,496,-0.027470980027635122,0.4838709677419355,-0.6099547431028083,-156.5410340265176,3077.816806665205,971,-0.02051056819937258,0.5025746652935118,-0.6381391218296824,-112.40658565642644,14278.125852307978
1591,2534463,497,-0.03643133050197268,0.4708249496981891,-0.8097267872678529,-214.85275088924857,3082.8071624964064,972,-0.02826164340857628,0.5020576131687243,-0.8797500514468662,-198.64106669013506,14288.435492586525
1592,2537648,498,-0.03239167213821166,0.4799196787148594,-0.7206692097177122,-191.14172240640318,3094.0928474604084,972,-0.02603392588426377,0.5020576131687243,-0.8104039565191988,-183.3057413240802,14291.156021550158
1593,2540835,499,-0.023485262437083165,0.49498997995991983,-0.5230416289956087,-144.49397159233587,3093.3809550094566,972,-0.019924067026674624,0.5020576131687243,-0.6202115969812535,-126.22416489114823,14299.63835844463
1594,2544024,499,-0.031901067676589644,0.48697394789579157,-0.7104705109837781,-197.3194432445938,3105.6214006656683,973,-0.025504823395705086,0.5015416238437821,-0.7943432104277862,-196.1846448915719,14316.370314098767
1595,2547215,500,-0.030353560998603236,0.48,-0.6766870152826017,-193.1628422282435,3090.3087841335214,974,-0.025651965877602805,0.502053388090349,-0.7993376483924134,-182.05529713932742,14323.918282829658
1596,2550408,501,-0.022002688731621197,0.4810379241516966,-0.4910101007998348,-148.93926579728702,3094.1535009139966,974,-0.019540699624820624,0.502053388090349,-0.6089052574206175,-124.24703482354613,14340.575756940467
1597,2553603,501,-0.018167159145761842,0.48303393213572854,-0.4054167539345953,-125.8557747020044,3089.0956651156716,975,-0.017804965879717628,0.5025641025641026,-0.5551038995526221,-93.29038363848059,14344.15929628367
1598,2556800,501,-0.011832687000535545,0.5049900199600799,-0.26405722081211136,-88.5960602929685,3092.051334993511,976,-0.01653527169516517,0.5030737704918032,-0.5157838688462846,-67.7044912615819,14359.679077613695
1599,2559999,502,-0.01919045709688023,0.4820717131474104,-0.4286823394426381,-128.52166183939568,3082.3810643648153,977,-0.02138416476592177,0.503582395087001,-0.6673778222753224,-100.77502718232847,14372.843602446223
1600,2563200,503,-0.009235487269348192,0.47713717693836977,-0.2065117733959647,-62.085472432480515,3112.4989097635917,977,-0.01195934666163615,0.503582395087001,-0.3732389278817053,-10.907538671205543,14387.413736134396
1601,2566403,504,-0.018792310525124808,0.4880952380952381,-0.4206288368279463,-115.45772033418729,3113.8679991270747,978,-0.018002830761622794,0.5040899795501023,-0.5621382103591973,-54.815760819464,14401.614949113411
1602,2569608,504,-0.015438861673568255,0.48214285714285715,-0.3455684929757963,-94.6680232115815,3114.1498732602613,978,-0.014908461793541002,0.5040899795501023,-0.4655165702993127,-24.836035568397847,14407.41331907451
1603,2572815,504,-0.013868885790627736,0.4801587301587302,-0.3104276768102539,-83.07725762376936,3129.411025928693,979,-0.013503976992178139,0.5035750766087844,-0.4218777277064409,-23.923920077184277,14431.42043221189
1604,2576024,505,-0.01676834650927976,0.47128712871287126,-0.3757007814963231,-95.48598583338497,3128.93342051668,979,-0.013286577665924166,0.5035750766087844,-0.4150859556367712,-22.564461364896033,14435.704542530717
1605,2579235,506,-0.013626941224477001,0.49209486166007904,-0.30562042495402925,-67.8775918347464,3133.162539020288,980,-0.011213374532709711,0.5040816326530613,-0.35049643897959054,14.792344687419131,14466.240780021872
1606,2582448,506,-0.008870620814075277,0.48023715415019763,-0.19894728084202126,-38.86766141710575,3142.1455017337294,981,-0.01109929571746077,0.5045871559633027,-0.34710818109679126,32.28544398759999,14488.482306266786
1607,2585663,507,-0.010830132006378501,0.49506903353057197,-0.24313586052841804,-43.7219439898351,3150.063553120334,982,-0.01237223232519285,0.505091649694501,-0.3871144765074892,36.23102085519548,14506.086387624979
1608,2588880,508,-0.012114518799673832,0.4940944881889764,-0.272239950599767,-45.473784750869925,3150.278884889216,982,-0.012587929816855,0.505091649694501,-0.3938634300814328,34.20612183890955,14525.253410574822
1609,2592099,509,-0.008643688832949331,0.48919449901768175,-0.1944349723179233,-32.597960688482374,3137.153800182612,983,-0.012026730146427944,0.5055951169888098,-0.37649620616242435,52.69202506385528,14541.455865148722
1610,2595320,509,-0.011093482465502222,0.47347740667976423,-0.24954171740508052,-44.95364819139803,3151.4936195238,984,-0.011554719779360734,0.5050813008130082,-0.36190444836329205,44.39898588804533,14557.341167111414
1611,2598543,509,-0.006603529771333565,0.481335952848723,-0.1485427290482092,-20.09960659059385,3170.0141290246206,984,-0.01003961422461265,0.5050813008130082,-0.3144499492085232,57.09732734118518,14566.842952611945
1612,2601768,510,-0.003628437012771628,0.49411764705882355,-0.08170028435639073,2.191302847292718,3176.9461742710278,984,-0.009192478980174985,0.5050813008130082,-0.28791689438923296,63.24179277391357,14565.96924363323
1613,2604995,511,-0.004429850885305912,0.49902152641878667,-0.09984376827800095,-8.37414939652183,3180.110537774757,985,-0.011442634175935293,0.5055837563451777,-0.3585764452670661,57.19256590133466,14576.398648479068
1614,2608224,511,-0.010844711105716113,0.4892367906066536,-0.2444273748068181,-46.699828899063334,3181.663389974222,986,-0.015078661883329235,0.5060851926977687,-0.4727587349171942,37.206689498665014,14595.673741533927
1615,2611455,512,-0.010041597460284395,0.47265625,-0.22654876493414067,-47.960671427080115,3183.3997187111636,987,-0.015432418836862383,0.5065856129685917,-0.48409606312987447,48.68422543006045,14622.29463794791
1616,2614688,513,-4.748362926065426e-05,0.49707602339181284,-0.0010723313267639173,17.29928624576263,3184.778755918829,987,-0.008152658281075732,0.5065856129685917,-0.25573889742318207,117.53410955952074,14634.369872138755
1617,2617923,513,0.0033356868333068155,0.49707602339181284,0.07533041478345376,37.23005729252753,3203.8058541379996,987,-0.007598920433128005,0.5065856129685917,-0.23836881985911276,122.47573975966543,14630.861454300775
1618,2621160,513,-0.004377720298043576,0.48927875243664715,-0.09886284364729953,-8.617825205728366,3198.6198540331225,988,-0.011980948643025654,0.5060728744939271,-0.3760185945282706,65.27809510148853,14640.714373173127
1619,2624399,514,-0.002869782591960185,0.4961089494163424,-0.06487232257238176,-5.472954959700189,3186.1692836512707,989,-0.010647175571140796,0.506572295247725,-0.33432809450553147,92.87129527931341,14652.6831559254
1620,2627640,515,-0.009836288521053468,0.487378640776699,-0.22256980207821775,-53.99815968503742,3194.8691530577403,989,-0.015623068778249951,0.506572295247725,-0.49057431053534534,44.613679976664514,14662.4735506027
1621,2630883,515,-0.0097670681646682,0.512621359223301,-0.2210035242095402,-53.83351854245228,3203.8794417776653,990,-0.018331746223572254,0.5070707070707071,-0.5759203344652667,32.99077243953326,14682.432853691798
1622,2634128,515,-0.005446597455500424,0.487378640776699,-0.12324243184568784,-26.492854508145,3219.6763642290853,991,-0.014219531190454325,0.5065590312815338,-0.44695494903735855,60.20321751375707,14710.079263842536
1623,2637375,515,-0.004848739503643247,0.49902912621359224,-0.10971445066346351,-23.38827375035902,3212.940059796103,992,-0.013157863486587033,0.5060483870967742,-0.41379336442820347,53.58876961178481,14714.344880851115
1624,2640624,515,-0.0054822424176018,0.5145631067961165,-0.12404898526703251,-27.544141213311377,3224.1680715182392,992,-0.013329589166225996,0.5060483870967742,-0.4191938572064545,50.96183346973504,14717.007993398325
1625,2643875,515,-0.0014799251874013826,0.5184466019417475,-0.03348688434112927,-2.8647446382984754,3225.412201683683,992,-0.011342583256696482,0.5060483870967742,-0.3567057594023474,72.38366702562666,14738.991827417067
1626,2647128,516,-0.00028776636998665493,0.5058139534883721,-0.006517765348314331,-1.6735113399220154,3215.473524312838,993,-0.012285830620807663,0.5065458207452165,-0.38656463586668594,80.57682329742039,14760.420562952298
1627,2650383,516,0.001894029713205694,0.5096899224806202,0.04289883225055899,10.973835577337923,3234.5586541889547,994,-0.010457497737464287,0.5070422535211268,-0.32920362330738256,112.42670179239332,14782.813810627762
1628,2653640,517,0.0029747756439749895,0.4912959381044487,0.06744282858719096,11.406982997276941,3240.187120566495,994,-0.009836169885850824,0.5070422535211268,-0.3096441278001389,117.88596869622938,14780.49793180484
1629,2656899,517,0.013483286400848145,0.4912959381044487,0.30568724581504936,72.38434471985005,3246.854795606787,994,-0.001763555712751204,0.5070422535211268,-0.05551700273978784,192.29536905906747,14800.149151412443
1630,2660160,518,0.01796579630814193,0.5038610038610039,0.40770880055207026,102.31184318771676,3251.503219593479,995,-0.00022745789967930951,0.507537688442211,-0.007164021172324287,221.3460083252134,14818.807881252495
1631,2663423,519,0.013252814429602577,0.4951830443159923,0.30104607387844945,83.1622094980367,3241.808883198738,996,-0.0007993257231926998,0.5070281124497992,-0.025188274265523426,201.1710605571048,14833.669868382896
1632,2666688,519,0.011685884568228479,0.4951830443159923,0.26545226961028534,73.041880500567,3273.4352388669704,996,-0.001713990404322826,0.5070281124497992,-0.054011098529542514,193.21823115509602,14852.91037503737
1633,2669955,519,0.014473739626501446,0.47398843930635837,0.3287801630395168,91.55001556651217,3262.3488386958234,997,0.0010584712051920889,0.506519558676028,0.03337123198905711,203.49825791571766,14852.509906872763
1634,2673224,520,0.0016256804125781648,0.49615384615384617,0.036964126225104275,21.767381597461906,3259.138227911938,998,-0.0076755114971727885,0.5070140280561122,-0.2421134225100201,135.23173345931292,14858.912885165015
1635,2676495,521,0.008132393261406592,0.5028790786948176,0.1850901262680772,55.26835864489493,3247.7180979315954,999,-0.0032470122430475557,0.5075075075075075,-0.10247397792842199,192.50521759680862,14868.651871507007
1636,2679768,522,0.004897960175545195,0.5057471264367817,0.11158322994230212,41.239394866899545,3241.560108235834,999,-0.005199361074942872,0.5075075075075075,-0.1640890677811309,174.57269284470806,14878.99649964145
1637,2683043,523,-0.003164279602146136,0.4780114722753346,-0.07215667681019004,-1.556124056822057,3259.252845014301,1000,-0.011117826516198989,0.508,-0.35104878328369754,133.1590176055201,14899.76431868815
1638,2686320,524,-0.002845937479937754,0.5019083969465649,-0.06495973085528625,-5.270577973819627,3269.4545439236826,1000,-0.012290554217813967,0.508,-0.3880780202640722,123.90333562980936,14913.121682812283
1639,2689599,525,-0.0027167214077978693,0.5028571428571429,-0.06206980150089525,1.4580996297933666,3274.3887448484556,1001,-0.009590013035443897,0.5074925074925075,-0.30295942520400965,134.81790968250596,14939.86658856153
1640,2692880,525,-0.006932342980860461,0.5085714285714286,-0.15838545370278462,-23.545746387031727,3281.1949483758626,1001,-0.013095642862995494,0.5074925074925075,-0.41370626085561546,102.24075598695651,14944.100701527346
1641,2696163,526,0.0020195030533546217,0.4923954372623574,0.04618440560028914,23.644363063913374,3282.0248430370625,1002,-0.007685220566215265,0.5069860279441117,-0.24290646869984073,138.28880986222003,14957.79774085042
1642,2699448,527,0.005681899943823868,0.5123339658444023,0.13006463459807918,40.11579084426489,3292.3285969266576,1003,-0.0038183080411779277,0.5064805583250249,-0.12074550218258244,158.3803797247395,14982.873594132849
1643,2702735,527,0.006352543121431039,0.5066413662239089,0.14541635861708196,44.15074215461078,3281.1329856647944,1004,-0.0013839685741505305,0.5059760956175299,-0.04378680604075261,166.17852957400527,14990.354239007169
1644,2706024,527,0.013760332151330806,0.5161290322580645,0.31498840016647106,87.26231962423111,3290.9140813480435,1004,0.004795213275870046,0.5059760956175299,0.1517137582140836,223.65761620596322,14999.076316862865
1645,2709315,528,0.02135760432833584,0.5170454545454546,0.4893641924875773,126.0773435044606,3284.961934088955,1005,0.006650967343078266,0.5064676616915423,0.21053227147373618,255.5906760472655,15008.109456944105
1646,2712608,529,0.024278460314638588,0.5085066162570888,0.5568189581374066,137.41882944227012,3290.8447026134418,1006,0.007369146344310174,0.5059642147117296,0.23338215612465232,247.2527967405175,15020.905547034765
1647,2715903,530,0.024115764484533193,0.5075471698113208,0.5536130787354288,132.10222574415803,3294.3200618008314,1006,0.008022601440676954,0.5059642147117296,0.254077193540821,254.09247044480685,15040.154315556196
1648,2719200,530,0.035804351820360174,0.5018867924528302,0.8219419067601554,198.9058228118945,3319.927849821155,1006,0.015115907410498031,0.5059642147117296,0.4787234366659706,318.8460955510829,15054.04473130533
1649,2722499,530,0.02675845801069162,0.5056603773584906,0.6142800213118947,148.8655200982053,3304.8208742424335,1007,0.008100760215295374,0.5054617676266137,0.2566803563383361,240.23906239418903,15055.570354831598
1650,2725800,531,0.021892470511148454,0.5009416195856874,0.5030506733551149,127.50289956480725,3312.1797921320244,1007,0.005338889490302691,0.5054617676266137,0.16916783368484442,215.2644837163777,15084.976009425875
1651,2729103,531,0.013641838212323842,0.512241054613936,0.31346557689852267,77.52106360590523,3337.8621467521025,1008,0.0007795645215358402,0.5049603174603174,0.024713547852414683,157.12709294426162,15091.97939226175
1652,2732408,531,0.018926100565453883,0.4971751412429379,0.43488868141171455,109.73021232957984,3325.24610293035,1008,0.005699487220964191,0.5049603174603174,0.18068363333418935,203.8392011737585,15096.625494066328
1653,2735715,532,0.00856800317998469,0.4924812030075188,0.19706407313964786,53.265507326815964,3330.6455767900234,1009,-0.0014352579592605563,0.5054509415262636,-0.04552279870656572,150.95116152474264,15111.546096205857
1654,2739024,534,0.001271743808851323,0.4850187265917603,0.029305348649209705,-3.6711562844748755,3344.241709077753,1010,-0.005780649090475245,0.504950495049505,-0.18343885966327517,92.93441758981419,15126.936738885322
1655,2742335,534,0.0114727716154987,0.4887640449438202,0.26437209273196655,60.49097859843357,3354.660297418393,1011,0.002871546117730869,0.5044510385756676,0.09116876286922658,162.67715869225106,15141.514618426398
1656,2745648,535,0.008186635575282193,0.4934579439252336,0.18882577442340132,45.90319620722562,3348.338753419851,1011,0.0004282770354099167,0.5044510385756676,0.01359737433521572,139.02558534721146,15149.096896758952
1657,2748963,535,-0.0005746445378038352,0.4934579439252336,-0.013254248203816798,-9.565930228187653,3339.524819456441,1012,-0.0041039128375334214,0.5049407114624506,-0.13035980777553433,109.50597631766635,15164.47501409184
1658,2752280,536,-0.002420841336918017,0.4925373134328358,-0.055889462253246175,-15.589359505656262,3349.5393862098654,1013,-0.00274276154484232,0.5044422507403751,-0.08716632549777746,107.76758416223709,15178.855746717116
1659,2755599,536,-0.009174560204567151,0.4925373134328358,-0.21181117011827333,-59.19064837119731,3334.464363756802,1014,-0.009564994593615277,0.504930966469428,-0.30413073161590276,55.25576908821574,15186.83563297595
1660,2758920,537,-0.009760292833007835,0.48789571694599626,-0.22554514147584345,-57.206094923740466,3350.45372464985,1014,-0.011147948897305401,0.504930966469428,-0.35446270470631885,39.79258806204541,15206.92807693235
1661,2762243,538,-0.0031974354715912042,0.49256505576208176,-0.07395689672585966,-20.165150924861393,3357.0428024439034,1015,-0.005336869168749426,0.5044334975369458,-0.1697762014966773,83.14410909517596,15216.238586529376
1662,2765568,539,-0.004580746695334515,0.5083487940630798,-0.1060519532763753,-23.037598025446016,3373.300029500756,1016,-0.006889492201270123,0.5049212598425197,-0.21927642173213596,83.26504642235477,15251.837005842102
1663,2768895,539,-0.000953498548099955,0.5083487940630798,-0.022075087359704718,-0.09631267280980182,3369.3261754769196,1017,-0.005206073072869266,0.5054080629301868,-0.16577889369824858,114.62072685724132,15263.138553831186
1664,2772224,540,-0.0026601269494039774,0.5037037037037037,-0.061643814635287064,-16.79734672768143,3369.8314907464346,1017,-0.0084438592012491,0.5054080629301868,-0.2688809045385454,83.12893265907991,15260.526561027877
1665,2775555,541,-0.005786346286780351,0.4953789279112754,-0.13421330113885424,-30.781650286563888,3379.3123367208977,1017,-0.009696938597374027,0.5054080629301868,-0.3087831711986577,71.13870836845348,15283.870345630648
1666,2778888,541,-0.003966910538551556,0.49353049907578556,-0.09201180370381189,-19.916356491631632,3382.7607819598766,1017,-0.009149069559095403,0.5054080629301868,-0.29133717653318203,74.44499321481044,15289.282309145037
1667,2782223,541,-0.0033984208494432467,0.512014787430684,-0.07882578370826794,-16.06677798374102,3373.2689469790785,1018,-0.010893309932484782,0.5058939096267191,-0.34705066532777196,72.82769717486121,15299.7449428683
1668,2785560,542,0.004933761742368944,0.4870848708487085,0.11454405553113525,32.16623348961065,3376.3878281178318,1018,-0.0037650918426297185,0.5058939096267191,-0.11995230440549444,142.9925476098001,15305.906115556689
1669,2788899,544,0.0047709389017818295,0.48161764705882354,0.1109692082537023,30.910492327178474,3391.959605523534,1019,-0.004857261961493182,0.5063788027477919,-0.15482403451263532,147.55079219560167,15327.814708828086
1670,2792240,544,-0.001577189837328323,0.49080882352941174,-0.03668449986830559,-10.221529966250102,3394.017295583477,1020,-0.010868025594560248,0.5068627450980392,-0.3465860903001229,103.0787006896013,15336.444315094206
1671,2795583,545,-0.002589055816225707,0.5009174311926605,-0.060275532603092215,-10.892037643141975,3404.2494416212166,1021,-0.01203269201723686,0.5063663075416258,-0.38391642237724843,76.58190574101133,15363.147799969995
1672,2798928,546,-0.017522788037946675,0.4908424908424908,-0.4083223219935254,-113.88251264505573,3403.0955099973926,1021,-0.022279216446147734,0.5063663075416258,-0.7108431811535347,-24.83990650123326,15369.441920721976
1673,2802275,547,-0.014123175062736417,0.4844606946983547,-0.3294062175731792,-96.66074172138116,3409.5128670611957,1022,-0.01957129157449919,0.5058708414872799,-0.6247504521951546,-11.36961737311816,15378.350762299344
1674,2805624,547,-0.01201574677884742,0.4789762340036563,-0.2802529657924067,-81.63666401508033,3421.5944253105195,1022,-0.017119373320533104,0.5058708414872799,-0.5464808585876073,15.501004154847465,15400.544662379281
1675,2808975,548,-0.0010333379859997214,0.5,-0.024123518179443238,-18.337259644661344,3400.0398778571525,1022,-0.009425277071779203,0.5058708414872799,-0.30087161546002156,89.19207892394547,15408.711357767274
1676,2812328,549,0.007966126087985513,0.48633879781420764,0.18614162352339986,44.07374129601652,3414.5302763375107,1022,-0.0014926137275112306,0.5058708414872799,-0.04764688613756952,166.6499144087523,15412.796321750324
1677,2815683,550,0.0071400613432881805,0.4781818181818182,0.16699197694589182,43.83365105591781,3419.2706699381197,1023,-0.0031953746064120993,0.5063538611925709,-0.10205208108024717,165.87829164377058,15424.221605293842
1678,2819040,550,0.013499684778485361,0.49818181818181817,0.3157310478046192,84.8753627695715,3430.879587810242,1024,0.001689940716712657,0.505859375,0.05399882885905358,197.08575347766606,15430.704841090035
1679,2822399,551,0.017251563742923495,0.49727767695099817,0.4038487532031411,99.94134892298172,3426.5841474310278,1025,0.003661396621967065,0.5053658536585366,0.11705021733540513,200.4064416728893,15456.92301579644
1680,2825760,552,0.016505796467923436,0.4963768115942029,0.38674317454254065,99.58327812548288,3446.749002823066,1025,0.005784287819864538,0.5053658536585366,0.18491636289376878,219.96416328573645,15480.369989213084
1681,2829123,553,0.01462013420711086,0.5117540687160941,0.342872539478832,98.3892007777211,3463.0005679765004,1025,0.004112017010383093,0.5053658536585366,0.13145598099493558,205.8326765091636,15478.809095516313
1682,2832488,553,0.02374603158243593,0.5189873417721519,0.5568938038376119,155.95352080645716,3469.462371496788,1025,0.009338618454884397,0.5053658536585366,0.29854381609425007,256.25862885116703,15487.976644293529
1683,2835855,554,0.036223094027607934,0.5252707581227437,0.850278783725692,229.54386031349287,3464.8834056746505,1025,0.01744020688776446,0.5053658536585366,0.5575413475665849,334.7459902044039,15492.62847434789
1684,2839224,555,0.0407739371609415,0.5261261261261261,0.9579706160867525,266.57056868569134,3443.490484303376,1025,0.02229413509224346,0.5053658536585366,0.7127152907160388,382.6805827341131,15497.183957370587
1685,2842595,555,0.03797522122823462,0.5207207207207207,0.8922156801401865,247.63230681449147,3448.622089273707,1026,0.02137056100154487,0.5048732943469786,0.683523955471736,358.031038154475,15503.296592210465
1686,2845968,556,0.04383878053064427,0.5197841726618705,1.0309106601267344,284.99249111292414,3457.6334386832086,1027,0.024983096498704623,0.5053554040895814,0.7994590879585479,412.15020597079854,15521.67382436183
1687,2849343,557,0.05135594991255554,0.5206463195691203,1.2087755001021432,323.9533658101351,3461.137399095245,1028,0.031047679996885534,0.504863813229572,0.994010761520584,453.7814638998805,15554.099600777654
1688,2852720,558,0.04231474791818887,0.517921146953405,0.9968693644183413,266.355524240055,3469.5398830672502,1028,0.025567927245141737,0.504863813229572,0.8185730732214337,396.72924966879634,15574.200098444755
1689,2856099,558,0.042692311333221364,0.5125448028673835,1.0057641687144403,264.52265690411593,3474.9096963846514,1029,0.02608648463488114,0.5043731778425656,0.8355823133011151,383.3532016991533,15591.128959592428
1690,2859480,559,0.03995104457030422,0.516994633273703,0.9420317377963915,247.15825150485966,3462.138639452967,1029,0.021328534898709946,0.5043731778425656,0.6831793083441203,341.4879148210451,15579.322428295127
1691,2862863,559,0.037551053478511044,0.5134168157423972,0.8854407824605629,233.50585646220804,3464.867835312321,1030,0.019117602491054056,0.503883495145631,0.6126587619393989,306.3817368969212,15600.619290699735
1692,2866248,560,0.03628083684293942,0.5303571428571429,0.85625849541325,229.168183708147,3469.8983199959885,1030,0.020468981128342157,0.503883495145631,0.6559661778781761,317.91129668151603,15608.924172927795
1693,2869635,560,0.031325397595109064,0.5053571428571428,0.7393059297150655,199.8029987344625,3479.736621287143,1031,0.017514483489267197,0.504364694471387,0.5615570599581988,305.9684488735834,15625.519103620978
1694,2873024,562,0.04090610550752118,0.5231316725978647,0.9671504497729307,250.50345458274091,3483.4162302310087,1031,0.02149120547638259,0.504364694471387,0.6890604664231462,344.8308862237329,15625.518157755761
1695,2876415,563,0.037417858079813245,0.5044404973357016,0.885468134851495,225.1518712036381,3494.301968967126,1032,0.018085283789360997,0.5048449612403101,0.580140273506532,328.70912084629924,15645.68571222655
1696,2879808,563,0.028597767422988644,0.4955595026642984,0.6767466947717117,170.35660477544178,3489.5539536853826,1032,0.012593395743305093,0.5048449612403101,0.4039713247516118,276.19359694137125,15640.691196443007
1697,2883203,563,0.029299723198987597,0.4991119005328597,0.6933580002717813,175.17717124040513,3494.2899350215366,1033,0.012981572044107038,0.505324298160697,0.41662555024677933,295.43263050994705,15661.208597515351
1698,2886600,564,0.02484660368220779,0.5053191489361702,0.5885027050552389,138.3336311291951,3515.4840108047306,1034,0.0073236447375525935,0.5058027079303675,0.23515629096705054,254.02766229914613,15684.79072983723
1699,2889999,564,0.029171648777426288,0.5177304964539007,0.6909432949473949,166.25489916863626,3500.812304605656,1035,0.008261970359665255,0.506280193236715,0.2654137885626043,278.39701933094256,15703.948986597125
1700,2893400,564,0.02704828920336116,0.5070921985815603,0.6406505922052054,151.94055119093161,3504.700463352761,1035,0.007156129946682511,0.506280193236715,0.22988893422661308,267.4052070794394,15709.634470423562
1701,2896803,565,0.024893579441682148,0.5292035398230088,0.5901406164209247,145.5649817122898,3507.486254009393,1035,0.00813440090340877,0.506280193236715,0.26131565080418256,277.7258633843086,15716.895346821439
1702,2900208,566,0.025120308716348107,0.5176678445229682,0.5960451655139981,140.6927795936238,3514.506410362937,1036,0.006318961275393915,0.5067567567567568,0.20309342077656162,274.96516650567906,15745.373576373835
1703,2903615,566,0.02399125228465003,0.5123674911660777,0.5692553423750746,134.29932346927478,3515.142092500738,1037,0.0069466052055821735,0.506268081002893,0.22337413658303612,266.4761966856751,15766.608787990224
1704,2907024,566,0.022627728722745828,0.5229681978798587,0.5369021720253602,123.73640418354432,3531.3857726028355,1037,0.005750745899604072,0.506268081002893,0.1849202397453418,254.25463076656717,15776.053228177243
1705,2910435,568,0.02299432523915317,0.5176056338028169,0.5465688713787453,112.08323825713137,3552.1368473881103,1038,0.0030610056238379274,0.5067437379576107,0.09847688494864304,242.77483752853897,15798.632776855236
1706,2913848,569,0.017881531711144236,0.5149384885764499,0.4254151311443303,87.77518152588442,3537.2214312121555,1039,0.0017358309487030552,0.5062560153994226,0.05587111068740679,214.72193966477226,15794.221366266382
1707,2917263,569,0.009530156629815713,0.5114235500878734,0.22672961679073234,33.80054573367494,3542.661655112348,1040,-0.004808330388354592,0.5057692307692307,-0.15484018420664084,134.7093066639045,15819.350892460683
1708,2920680,570,0.01879312434952685,0.5052631578947369,0.4474974004808449,99.43548588460294,3558.5195485884847,1040,0.0036393533945004875,0.5057692307692307,0.11719622082590599,218.56167859952683,15834.163958576424
1709,2924099,571,0.014720537809020781,0.5043782837127846,0.3508309059414639,80.22662892848257,3564.454739253336,1041,0.0007545507585596056,0.5062439961575408,0.02431012191327114,205.41119702830662,15845.518805056923
1710,2927520,572,0.01590770645312399,0.5017482517482518,0.3794579896334981,81.87954632783675,3558.784413870005,1041,0.0005282691196531993,0.5062439961575408,0.017019778399402694,203.19194013964704,15850.945100876348
1711,2930943,572,0.016097050478705886,0.5087412587412588,0.38397454917073487,81.4149514409633,3562.5183802209554,1042,-0.0001382807177830537,0.5057581573896354,-0.004457274686409826,181.4778859818855,15876.08416404113
1712,2934368,573,0.010895763709812285,0.506108202443281,0.26013279317962884,54.75484509911098,3565.075911836606,1042,-0.002848631423000982,0.5057581573896354,-0.09182142627126218,154.57881203560856,15885.538821034526
1713,2937795,574,0.014555624386918648,0.5087108013937283,0.34781546966507654,83.09653141037438,3562.6798646717566,1043,0.0022131450887375647,0.5052732502396932,0.07137178455913325,189.33404666136676,15896.309832293828
1714,2941224,575,0.017127258337534538,0.5060869565217392,0.40962444202939075,96.9281783892165,3557.9625871273042,1044,0.0054449681025628294,0.5047892720306514,0.17567934545950942,206.76983528097173,15907.995878440614
1715,2944655,575,0.019157130227817024,0.49217391304347824,0.4581719167075709,112.82098788108004,3568.537955315598,1044,0.005281735868011063,0.5047892720306514,0.17041273386807512,205.97363887152147,15910.851913384295
1716,2948088,576,0.018356811922843018,0.5017361111111112,0.43941468761885044,115.82026782247755,3553.805798395234,1044,0.0040463733949960105,0.5047892720306514,0.1305543423079161,194.04277835587504,15911.60300117773
1717,2951523,577,0.023173125117803655,0.5077989601386482,0.5551886163407618,155.37133670846072,3566.0776458692003,1045,0.009759207731162768,0.5043062200956938,0.3150274674257256,237.83823645599517,15935.32232949094
1718,2954960,577,0.02036600947629528,0.5199306759098787,0.48793490580345567,136.75494855412677,3567.380590107957,1046,0.008914047634556437,0.5038240917782026,0.287883719192455,214.47799071267025,15950.109660192473
1719,2958399,578,0.012236598998361953,0.5121107266435986,0.2934233360724055,75.88169758416814,3585.7467853937433,1046,0.003363737189457259,0.5038240917782026,0.10863360980178531,157.58419605643337,15959.269629003295
1720,2961840,578,0.007951033818997703,0.513840830449827,0.19065909316037352,44.03859636112247,3589.0466109601293,1046,-0.0004051424075994046,0.5038240917782026,-0.013084280888308921,117.87905412027214,15962.252321847953
1721,2965283,579,0.01741043300671856,0.5181347150259067,0.4178503921612454,104.1288219660425,3589.074241593367,1047,0.00532527275397458,0.504297994269341,0.17206482853857685,192.39410437867627,15971.155183074254
1722,2968728,579,0.020231740850457043,0.5198618307426598,0.48556178041096903,121.06789101737928,3594.3209895916834,1048,0.0062984762567416,0.5038167938931297,0.2036074392029694,186.40100908363223,16005.42336217606
1723,2972175,580,0.02051920805713809,0.5137931034482759,0.4928882914936747,132.33670507194427,3599.3025587204284,1049,0.005667936305663667,0.5042897998093422,0.18331196102669642,196.23425082133724,16005.716224698566
1724,2975624,580,0.016895736484238855,0.5155172413793103,0.40584951748889964,105.97713067341232,3608.742719731199,1049,0.0038536701438039818,0.5042897998093422,0.12463510405098366,177.24712378476187,16020.193817802616
1725,2979075,581,0.014567670944345683,0.5094664371772806,0.35023056296859634,84.99708609757965,3616.8677603046513,1049,0.0019426126278061443,0.5042897998093422,0.06282782852773633,157.67057454431057,16020.694383683234
1726,2982528,582,0.018337642941106052,0.4948453608247423,0.44124804482281,116.93938565947661,3608.133494737002,1050,0.005868905982678665,0.5038095238095238,0.18990241739613778,183.0300241848342,16037.779583163916
1727,2985983,583,0.03069268025605178,0.5094339622641509,0.7391776243597569,193.42795091253254,3624.950832846662,1051,0.01360408808815952,0.5033301617507137,0.440402805304988,246.0155375837419,16076.540051416225
1728,2989440,584,0.015500326503674413,0.5051369863013698,0.3736189646145083,83.40220852141601,3641.9245135150413,1051,0.0022239344085908264,0.5033301617507137,0.07199504634273467,129.89735805596177,16090.86499912737
1729,2992899,584,0.006816292739819945,0.5034246575342466,0.16429952203633988,23.84220719986274,3643.1041630403556,1052,-0.004455211703065793,0.5038022813688213,-0.1442965972355966,76.60163677077014,16102.945118885178
1730,2996360,584,0.007125298118891362,0.5205479452054794,0.171747769643357,25.840654862918086,3647.916029704531,1053,-0.0049507614449966954,0.5042735042735043,-0.16042300592349296,86.76988384574844,16108.831586311086
1731,2999823,585,0.013718586437826088,0.5094017094017094,0.3309564552353158,78.28089742703094,3651.7591230869643,1054,-0.00039127485406393215,0.5037950664136622,-0.012684790420236028,118.39662469889748,16132.708360565175
1732,3003288,585,0.00852501654537299,0.5162393162393163,0.20566326344670804,40.83061011576012,3649.591618951463,1054,-0.003611799397059065,0.5037950664136622,-0.11709139474662786,85.71653022771807,16145.474724711474
1733,3006755,585,0.006989667816919386,0.5008547008547009,0.1686234725745243,30.070139117051838,3648.9504884857492,1055,-0.0056627265292867775,0.5042654028436019,-0.18366798380842989,80.3059495987639,16156.260045043924
1734,3010224,587,0.007833254777453773,0.5093696763202725,0.18929915519770651,22.896829045780066,3653.39422516454,1055,-0.006880570730703614,0.5042654028436019,-0.22316821181876792,69.47033605837123,16180.585115845905
1735,3013695,588,0.011414542256972464,0.5051020408163265,0.2760809452636724,52.14461574236344,3658.664763258938,1056,-0.004351277352571688,0.5037878787878788,-0.14119878247616177,79.59093880947233,16197.667283850262
1736,3017168,588,0.006382679870885269,0.5238095238095238,0.15437643073186183,19.724706028194987,3670.1744674695724,1056,-0.006840845082917294,0.5037878787878788,-0.22198515942567607,53.66695704141472,16197.774824663258
1737,3020643,589,0.0008350297226000361,0.5042444821731749,0.02021392929760414,-11.946979690242529,3663.4274694496853,1056,-0.010751757442497798,0.5037878787878788,-0.3488941148424964,13.409891541821082,16201.610644466358
1738,3024120,590,-0.004428831304340843,0.5084745762711864,-0.10730209189943887,-42.24015668339115,3673.9037856592104,1057,-0.01190238813646153,0.5042573320719016,-0.38641538904646777,16.70692666306485,16215.176894408047
1739,3027599,591,-0.007101604628113595,0.5042301184433164,-0.1722047604362264,-53.709424587233116,3683.7992810404485,1058,-0.014119473898216559,0.503780718336484,-0.45861129296644204,-18.68723479265219,16237.404723006464
1740,3031080,591,0.0023535826629805254,0.5245346869712352,0.05707134652933739,10.266515178870861,3677.271836486823,1058,-0.007601566605073294,0.503780718336484,-0.24690468741640087,45.46986801198187,16236.619023229196
1741,3034563,592,-0.0036209691596837254,0.5084459459459459,-0.0878784672090906,-36.54015060617098,3686.2783143881616,1059,-0.01076187919355236,0.5042492917847026,-0.34971967949788824,28.95488164387166,16252.502191433025
1742,3038048,593,-0.009574401555793626,0.5126475548060708,-0.23256140573928902,-83.37403193173287,3682.3061645319594,1060,-0.017729186088306214,0.5047169811320755,-0.5764030791008639,-26.750243590880984,16275.534658353248
1743,3041535,593,-0.009968347508534633,0.5075885328836425,-0.2421303196835045,-87.23932458373758,3697.228912145168,1061,-0.01927837600002951,0.5051837888784166,-0.6270660383947034,-30.033858334130286,16287.947980218552
1744,3045024,594,-0.005539784458075398,0.5033670033670034,-0.1346748833249275,-50.0461025409885,3676.428596449615,1061,-0.015916756266367585,0.5051837888784166,-0.5177229293603317,6.233282595518972,16295.135893275512
1745,3048515,595,-0.013878521867348873,0.4823529411764706,-0.3376790111625368,-102.35922036137924,3678.309957091683,1062,-0.02104156761327886,0.504708097928437,-0.6847405889196381,-62.332801314633286,16308.84329994796
1746,3052008,596,-0.01485497261730432,0.4966442953020134,-0.36174222230241615,-116.8076315458672,3691.85857151525,1062,-0.021259783159263395,0.504708097928437,-0.6918418203589998,-67.58986145866601,16304.09546475732
1747,3055503,596,-0.016567457509609213,0.5151006711409396,-0.4034439545479584,-129.87229696121426,3710.605707508626,1063,-0.022740419966811035,0.5051740357478833,-0.740374433839361,-69.17613991787738,16332.810913093625
1748,3059000,596,-0.019248228769781026,0.4899328859060403,-0.4687250007081752,-150.7403865564889,3707.611659627149,1063,-0.02430919873093336,0.5051740357478833,-0.7914501699515977,-88.26976308023654,16334.534520514362
1749,3062499,597,-0.015942401770256347,0.49246231155778897,-0.38855005273109666,-130.43089254049596,3694.9209849187973,1064,-0.022984047362865807,0.5056390977443609,-0.748659258676699,-54.80346975074798,16357.168297561424
1750,3066000,598,-0.018379138115250115,0.4916387959866221,-0.44831536570406166,-147.7334253161372,3699.367149575423,1064,-0.0247064024066388,0.5056390977443609,-0.8047615208192873,-81.97601969554506,16367.956804021105
1751,3069503,599,-0.012683819402509818,0.5041736227045075,-0.3096514939133166,-110.80764083652628,3716.59313708908,1065,-0.019382083324706523,0.5051643192488263,-0.6316299498553172,-38.70268567760132,16380.171855083354
1752,3073008,600,-0.00988904955396343,0.515,-0.24162491747583556,-84.00970547473884,3725.034566507127,1065,-0.01596554601725564,0.5051643192488263,-0.5202906654228115,-1.1791612961318378,16381.323279291257
1753,3076515,601,-0.010909431257330788,0.49916805324459235,-0.26677965221196825,-82.98579577198939,3745.0367119293824,1066,-0.0155149922409632,0.5056285178236398,-0.5058458542323824,23.849040069788032,16422.505660676652
1754,3080024,601,-0.0062442546591889156,0.4841930116472546,-0.15269724397245643,-50.10734443081668,3733.9248464974626,1067,-0.010521260270402339,0.5051546391752577,-0.3431931240699756,59.9722311015351,16432.477458851194
1755,3083535,602,-0.0033613112318970585,0.49335548172757476,-0.08226633275774917,-35.53630207937016,3737.6958633375793,1067,-0.008991672367153895,0.5051546391752577,-0.29329947658249617,76.04160432431729,16438.392330840787
1756,3087048,602,-0.006735013593543201,0.5066445182724253,-0.16483593192936366,-60.273318236422085,3731.349569944362,1067,-0.011053372496754805,0.5051546391752577,-0.3605500996246493,52.938101868417505,16437.102827569062
1757,3090563,603,-0.0013126572769344524,0.5008291873963516,-0.032153405356406387,-15.048257749227275,3746.2413571396733,1068,-0.0072414176119986445,0.5046816479400749,-0.23631886809648278,79.7421237029584,16464.86851963769
1758,3094080,603,0.004277720075620194,0.49917081260364843,0.10478231447729346,23.936623256635414,3756.6905524247422,1069,-0.005766863964522718,0.5051449953227315,-0.1882861213800454,110.3803049096681,16479.40355412189
1759,3097599,605,0.0027178198360909393,0.515702479338843,0.06668358033423616,13.204139118643639,3738.29299075119,1070,-0.006069414587340785,0.505607476635514,-0.19825722078410613,122.44797135928007,16494.5839924881
1760,3101120,606,-0.006537222498898741,0.49504950495049505,-0.16052841690512326,-59.8838998045257,3753.102591385873,1070,-0.0120524509362813,0.505607476635514,-0.3936928993527269,55.66677273536396,16488.469172391087
1761,3104643,606,0.0003186024708473582,0.49504950495049505,0.007823620853627504,-9.47218208452324,3760.327402394442,1071,-0.00570411243007272,0.5051353874883286,-0.18641193019955563,109.90421231186326,16527.414643312855
1762,3108168,607,0.005447981162195697,0.5123558484349259,0.1338918266406059,33.041400433439264,3760.2352828036583,1072,-0.002828381453575856,0.5046641791044776,-0.09247553092883638,124.6717355654767,16534.776431022252
1763,3111695,608,0.004277819795670341,0.5049342105263158,0.10522045444474458,18.19788558803276,3763.020821762472,1073,-0.002331740283609666,0.5041938490214353,-0.07627321707337806,114.89827001371282,16557.04341284171
1764,3115224,608,0.006848369463953376,0.5148026315789473,0.16844761622076898,36.88743138509301,3768.982341674054,1073,-0.0032172635483695288,0.5041938490214353,-0.10523943971460509,105.44346215425651,16567.59871315719
1765,3118755,608,0.020031616162890745,0.5148026315789473,0.49271260983347925,128.01352890863149,3793.523924628624,1074,0.005811133142572612,0.5037243947858473,0.1901759355364289,183.32986384935566,16592.444176353918
1766,3122288,610,0.01750565477185637,0.5163934426229508,0.43129329352285384,123.28398816300125,3784.8224554963917,1075,0.006336895311931854,0.5032558139534884,0.20747889442634776,173.59318049177892,16607.14050641633
1767,3125823,611,0.019272640040334434,0.5090016366612111,0.4752181285552726,133.3169726920164,3787.1101642249423,1076,0.006650282706979016,0.5037174721189591,0.21784117395199756,193.5084732011971,16599.031191333852
1768,3129360,611,0.023990217908251846,0.5155482815057283,0.5915425408316192,166.41024694854087,3787.31207966779,1076,0.008559343664097345,0.5037174721189591,0.2803756703589175,213.29616479228275,16613.44649394905
1769,3132899,612,0.020113592644290874,0.5081699346405228,0.49636173796720817,142.47734309033166,3786.8204347640767,1077,0.007541654327159998,0.5032497678737233,0.24715463720039443,186.31156952367513,16628.658680191547
1770,3136440,613,0.020060163623114295,0.5073409461663948,0.49544949328617943,136.00841591735053,3805.888258325851,1078,0.008520125238531955,0.5027829313543599,0.279350987355136,180.97086565010096,16650.624567061735
1771,3139983,614,0.024337820080688764,0.5162866449511401,0.601592317202494,164.8020856821472,3795.8706243843467,1079,0.013584924900177278,0.5032437442075997,0.4456186694571485,251.58070068341522,16654.12472513946
1772,3143528,614,0.024660001390587206,0.5211726384364821,0.6095561282643946,168.51958976614537,3805.9914684928926,1079,0.013066258020146455,0.5032437442075997,0.4286051307979977,247.1082565110769,16667.50711947011
1773,3147075,615,0.020985878615977588,0.5040650406504065,0.5191619650803994,149.72226407365105,3807.1900068872205,1079,0.010814115300375533,0.5032437442075997,0.35472935676270473,224.56009014133315,16690.891912258106
1774,3150624,617,0.02061394223482493,0.49756888168557534,0.5107933567293815,145.18034429744205,3810.1185401028647,1080,0.011400490797588791,0.5027777777777778,0.3741376378937322,213.94551479017218,16693.276915221035
1775,3154175,617,0.02916986733468851,0.5089141004862237,0.722800824873992,206.16984804008712,3827.1937938543015,1080,0.017273019772587894,0.5027777777777778,0.5668604037972282,275.2876642563394,16699.123935040694
1776,3157728,618,0.03439901899735897,0.5161812297734628,0.8530679295390889,244.2750994934109,3820.933356181489,1080,0.021176985443045446,0.5027777777777778,0.6949794927290952,312.08391293551574,16705.913810645394
1777,3161283,618,0.027993810363004003,0.511326860841424,0.6942239209819089,205.0433089653962,3800.6350627863994,1081,0.01503471688030971,0.5032377428307123,0.4936335109992161,268.1067040723448,16721.992284491775
1778,3164840,619,0.02641411837920841,0.4927302100161551,0.6555811774650907,203.00622315492342,3799.0487026754154,1082,0.01512061578981316,0.5036968576709797,0.4966840349662305,286.950542296234,16734.518193853204
1779,3168399,619,0.02759002643679204,0.5008077544426495,0.6847664479296984,208.749353563456,3815.740561312609,1083,0.017012875581452144,0.5032317636195752,0.5591001434394095,289.7826480280872,16750.09991983783
1780,3171960,619,0.033386534089383586,0.5008077544426495,0.8286319844399976,253.76759955334245,3840.4096039535357,1083,0.021182333823323386,0.5032317636195752,0.6961225233383321,336.2259003157933,16761.618113148972
1781,3175523,621,0.03601228194717242,0.499194847020934,0.8952511327802672,277.23223956893236,3823.4896540672935,1084,0.023615268639660885,0.5027675276752768,0.776436131868,349.63301795901833,16766.67862704159
1782,3179088,621,0.035774386666290396,0.5104669887278583,0.8893371498784025,273.1681377607917,3846.314520738124,1084,0.023823661132218076,0.5027675276752768,0.7832877778645098,350.34646264125143,16789.18575560883
1783,3182655,622,0.029736557639234506,0.5112540192926045,0.7398369485794207,236.0422980511841,3853.696686253865,1085,0.020696985595532683,0.5032258064516129,0.6808018508982666,333.75151696875275,16809.43749167786
1784,3186224,623,0.03664798498532338,0.5136436597110754,0.9125274670717494,296.5644440045121,3853.003211238475,1085,0.02525095067914121,0.5032258064516129,0.8305989236911256,385.2373983447236,16798.89643176599
1785,3189795,624,0.03734444218773072,0.5160256410256411,0.9306187038719054,303.9171553644856,3859.4352005573987,1086,0.026061993245177176,0.5027624309392266,0.8576732324961113,375.3538298733869,16827.43264691819
1786,3193368,624,0.04055437530256006,0.4951923076923077,1.0106098249019424,329.08662321930564,3863.5431922631433,1087,0.027494706371838293,0.5032198712051518,0.90523998158797,407.5634802967554,16842.48461835151
1787,3196943,624,0.049695517668929746,0.5144230769230769,1.2384059188463958,398.59025772491964,3871.283471801938,1088,0.03312464429376959,0.5036764705882353,1.0911038606172223,484.9605403979395,16863.907062234954
1788,3200520,625,0.06228194466636582,0.5216,1.5533072048844319,487.87390285845424,3878.5719599740196,1088,0.043284826652463165,0.5036764705882353,1.4257735433413532,595.4625037328611,16874.32073742393
1789,3204099,625,0.06500504778078825,0.5088,1.6212212000227342,500.4670475192809,3890.169164135148,1089,0.04317245983422405,0.5041322314049587,1.4227274366221838,603.7274197141987,16898.355195459157
1790,3207680,625,0.05526929296701103,0.5216,1.3784121776288796,420.5123595165317,3909.4495319035677,1090,0.037616072196637096,0.5045871559633027,1.2401899776708978,553.8699509750269,16918.923324227075
1791,3211263,626,0.05828527390582914,0.512779552715655,1.4547985685705425,440.42932604657557,3914.132812204431,1090,0.03945231231177832,0.5045871559633027,1.3007302322591743,566.7045066200288,16939.4384068483
1792,3214848,627,0.06162212271271958,0.5199362041467305,1.539320131991977,475.54420352065273,3909.781647975857,1090,0.04329855714917748,0.5045871559633027,1.4275397054565728,610.8116657311666,16942.811852640665
1793,3218435,627,0.06812617504981634,0.5055821371610846,1.7017913072985678,531.6726818450295,3926.7201779772768,1091,0.04915336923494443,0.5041246562786434,1.6213162656852913,664.9589354480619,16951.94537278473
1794,3222024,629,0.06513051130768148,0.5135135135135135,1.6295648722905192,516.5231888392889,3922.7130615074766,1092,0.04876270967243571,0.5036630036630036,1.6091694191903785,640.3500218569854,16972.382162343056
1795,3225615,629,0.0644256263903635,0.505564387917329,1.6119286572937959,509.25155672686674,3924.4646827755996,1093,0.048325223472300234,0.5032021957913998,1.5954644069286081,618.6611848435659,16989.836775042422
1796,3229208,629,0.0668262045504223,0.5007949125596184,1.6719911036691901,529.3046979258163,3937.96418851761,1093,0.048696704463557484,0.5032021957913998,1.6077289068484322,624.9498756840993,16990.031024964177
1797,3232803,630,0.0723865462462464,0.5079365079365079,1.8125568053353254,578.7977461367623,3943.4877163401184,1094,0.05316558131992519,0.5027422303473492,1.7560745227524843,669.693332973612,17008.012116246973
1798,3236400,631,0.0722191074529053,0.5039619651347068,1.809805645436219,584.5815675403426,3938.575969854547,1095,0.053672671679886354,0.5031963470319635,1.7736361544297936,691.8173159635171,17028.662836190946
1799,3239999,632,0.07056710119268332,0.5063291139240507,1.7698138941127282,563.6191063566971,3945.9061172791066,1096,0.05268501567987191,0.5027372262773723,1.7417956219852162,652.5093979858514,17049.25971559757
1800,3243600,632,0.06477828158739922,0.5174050632911392,1.6246310370194539,522.6722993128174,3953.778421297601,1096,0.049063062642737944,0.5027372262773723,1.6220518606575298,615.2124230299708,17049.130080851603
1801,3247203,634,0.06732519330432238,0.5189274447949527,1.6911895586645576,532.0162401886721,3948.186316347741,1097,0.0492971538992667,0.5031905195989061,1.6305364345911981,634.5617854579639,17058.496240262808
1802,3250808,635,0.06868132700352024,0.5023622047244094,1.726621787510383,535.4165589731506,3958.8443564511094,1098,0.050104612009169484,0.5036429872495446,1.658000904199212,657.8874109170677,17083.56211252595
1803,3254415,635,0.06784901894365054,0.5244094488188976,1.7056978873356259,531.0771838896524,3965.0623217358693,1099,0.05046064181919346,0.5031847133757962,1.670544493449429,647.8883238438827,17093.916927035207
1804,3258024,636,0.06338773173818595,0.5283018867924528,1.5948030820761034,505.18169215081593,3956.2299948442346,1099,0.047843665193220294,0.5031847133757962,1.583907151267577,620.7968711123403,17098.10790181958
1805,3261635,637,0.07086455622055708,0.5196232339089482,1.7843239330809129,549.7553822019647,3972.4205964948123,1099,0.05252819240288719,0.5031847133757962,1.7389925971198814,666.1948045610161,17124.38976486073
1806,3265248,638,0.06143391314793964,0.5078369905956113,1.5480858534863482,474.4271258531218,3972.4285431519334,1100,0.04713982040004645,0.5027272727272727,1.561317535314791,593.460857719261,17135.078034095837
1807,3268863,639,0.062257938467148666,0.5070422535211268,1.5700854670322937,485.1059912873774,3975.2294749238986,1101,0.04896926643044446,0.5022706630336058,1.622649679413264,595.6995651109692,17158.784297574268
1808,3272480,639,0.0616173898814548,0.513302034428795,1.5539314463549672,493.66283932345266,3980.845821239738,1101,0.04812984166964599,0.5022706630336058,1.5948344308239086,599.3873550168289,17161.98465418641
1809,3276099,640,0.059705662801269134,0.5125,1.5069028006587715,478.05106282396326,3993.8274259089067,1101,0.046244656256672234,0.5022706630336058,1.5323667704120174,571.9223932535936,17177.072043683664
1810,3279720,640,0.06605681194742635,0.5140625,1.667198557990896,524.7767733689441,3988.014769195592,1102,0.050504264518914134,0.5027223230490018,1.6742754036661645,632.8013491962579,17196.365943090714
1811,3283343,640,0.0618623743790677,0.5140625,1.5613357399197485,498.64071253861175,3992.2225842226726,1103,0.045844428651614054,0.5031731640979148,1.5204876856562257,603.4913736327869,17207.822509964066
1812,3286968,641,0.06281756810146294,0.5132605304212169,1.5866877128383121,509.78802185680365,3999.828555299967,1103,0.04793188113886787,0.5031731640979148,1.5897206523353762,623.8066199829175,17215.11186765154
1813,3290595,642,0.06693273868721822,0.4968847352024922,1.6919558427221288,535.9281446444554,4004.862293278225,1103,0.05131876742742119,0.5031731640979148,1.7020509626026834,660.7239255865595,17226.155132809316
1814,3294224,643,0.06797100150076546,0.52099533437014,1.719545436681136,533.9906616845346,4001.020520788319,1104,0.05163935571410466,0.5027173913043478,1.713461988922773,645.2457259757575,17244.50719443738
1815,3297855,643,0.0696390210721185,0.5241057542768274,1.761743364898843,560.3944457566438,3997.3169163681987,1104,0.05333944143588506,0.5027173913043478,1.769873077362929,676.3338907736855,17252.313206286464
1816,3301488,644,0.05662167866380342,0.5186335403726708,1.4335464035416483,451.7805971230449,4012.825598278741,1104,0.042275589409939765,0.5027173913043478,1.4027598623476327,552.1313156878477,17254.8507121697
1817,3305123,644,0.058815049673314516,0.5186335403726708,1.4890781220727558,475.9094653467452,4031.5139368647597,1105,0.04542868567592855,0.502262443438914,1.5080681554329805,577.9825581395535,17265.0118620313
1818,3308760,645,0.056991249060900986,0.5162790697674419,1.4440282495273067,458.1837538355755,4023.133827398666,1105,0.044926542355934976,0.502262443438914,1.4913988122838573,563.0582609620665,17274.049383645284
1819,3312399,646,0.05493937127211347,0.5232198142414861,1.393122067029091,444.3718419593872,4044.7510443551946,1106,0.04558931230266437,0.5018083182640145,1.5140868839143746,550.6642686771463,17287.96650092183
1820,3316040,646,0.04905525384374517,0.5108359133126935,1.2439158849297485,400.63853504942017,4048.765113188168,1106,0.04062595003314311,0.5018083182640145,1.3492464567873694,497.5068355701142,17304.327204229994
1821,3319683,647,0.051644115670343604,0.5038639876352395,1.3105807323821979,427.0596513338156,4031.273074103923,1107,0.041884330632541864,0.5013550135501355,1.391669521258491,496.35718379807105,17311.358360157617
1822,3323328,648,0.04899015723113349,0.5108024691358025,1.2441956843951885,416.0693215868208,4024.6686176243966,1108,0.042072438617075394,0.5009025270758123,1.3985526628490872,485.7256621111648,17335.827482916862
1823,3326975,649,0.04203294101643283,0.5177195685670262,1.0683315086138456,352.4434347494062,4029.7038843874807,1109,0.03609071358292645,0.5013525698827773,1.2002536420519054,431.2119289468471,17356.34425948609
1824,3330624,649,0.042586501611530395,0.5053929121725732,1.0824010981160066,362.03243116524396,4033.340758025985,1109,0.037344007401202604,0.5013525698827773,1.2419339060480912,450.24460419689404,17345.670143631305
1825,3334275,651,0.034499019540659565,0.5084485407066052,0.8782016638135532,312.4010601923044,4038.2065158054634,1109,0.03331692796931135,0.5013525698827773,1.1080070236146442,405.80132445464835,17354.308062897515
1826,3337928,651,0.03031424866404006,0.5069124423963134,0.7716747886890467,277.84241715863,4053.3562935723353,1110,0.029098338665053926,0.5018018018018018,0.9681485617219356,372.62043229757546,17372.366591163223
1827,3341583,651,0.03495150193130394,0.5099846390168971,0.8897199850180701,308.83688561363755,4052.5832029819976,1110,0.03212140829076932,0.5018018018018018,1.0687309538581777,400.9978645238219,17387.598059265685
1828,3345240,652,0.04091189467323147,0.50920245398773,1.0422500892847535,350.5792659005483,4048.2475139586386,1110,0.03334959193989242,0.5018018018018018,1.1095946006497024,417.62142777360367,17389.63186898436
1829,3348899,653,0.041759858969373904,0.5176110260336907,1.064671678848601,368.1844543793338,4054.1550442511802,1111,0.0351091235553661,0.5013501350135013,1.1686645442397774,426.07588093110104,17397.71274843327
1830,3352560,653,0.03513942270217073,0.5084226646248086,0.8958830102737693,315.39590004756093,4067.772219049159,1112,0.031073971134295553,0.5008992805755396,1.0348145608750545,364.0480746456392,17416.034528676642
1831,3356223,654,0.03354373486455842,0.5290519877675841,0.8558583871062598,299.0957868907432,4073.0862631575656,1113,0.028835848140948174,0.5013477088948787,0.9607142203531106,357.19072006157813,17429.70264514296
1832,3359888,654,0.021575278157264594,0.5152905198776758,0.5504867850763844,212.9604929178555,4055.4414304558813,1113,0.020219363569866835,0.5013477088948787,0.6736417119798985,268.8154420250219,17429.32918877704
1833,3363555,655,0.018033549329325542,0.516030534351145,0.4604738903797021,180.82248925982543,4077.619992217184,1114,0.01657602194688993,0.5017953321364452,0.552506437502384,245.5746111477443,17447.166217792637
1834,3367224,655,0.02976803926838013,0.500763358778626,0.7601057673431056,265.9735922035681,4087.6235596623324,1115,0.02481129757727616,0.5022421524663677,0.8273740037398942,346.441781129043,17478.73383760634
1835,3370895,656,0.03201352674713918,0.510670731707317,0.8180693303734937,280.80547721225446,4088.2057998942246,1116,0.02812989645535539,0.5017921146953405,0.9384598904681939,370.6420489874995,17481.71058382375
1836,3374568,657,0.03374342047380945,0.5098934550989346,0.8629347890356989,290.70811368671315,4090.9855071219513,1116,0.028070992801507516,0.5017921146953405,0.9364947671117683,372.29338093268626,17479.771707617198
1837,3378243,657,0.03658035301605006,0.5053272450532724,0.9354848669611727,305.86424611480857,4089.9066871514506,1117,0.03102608874075342,0.5013428827215757,1.0355465491032763,382.4610186796364,17518.748360588128
1838,3381920,658,0.03324049961923936,0.5,0.8507230358838928,295.45757126425644,4125.506969912717,1118,0.029096915979203705,0.5008944543828264,0.9715930368438406,355.3639191965601,17539.241774347633
1839,3385599,659,0.04031456819432276,0.5159332321699545,1.03255675490683,353.8490631338833,4116.000557411954,1119,0.03375374716688769,0.5004468275245755,1.1275974635266328,388.3717037190082,17554.417789651878
1840,3389280,660,0.04033680014148855,0.5166666666666667,1.0339133144490087,359.23934078211477,4141.408777541904,1119,0.03461954324430583,0.5004468275245755,1.1565207547985932,397.10125852835665,17574.768343135987
1841,3392963,660,0.03679310053220347,0.5,0.9430811662469727,335.0614940229767,4125.1463233966415,1120,0.03330205628199688,0.5,1.113006336938193,370.51348179211544,17585.69150774501
1842,3396648,661,0.035785286615699304,0.49924357034795763,0.9179466616935746,328.1620010233031,4124.781981464066,1121,0.0326536803423453,0.5004460303300624,1.091825011166293,373.4687914120858,17607.00552713774
1843,3400335,662,0.03247384200183981,0.513595166163142,0.833635845596589,306.52693131594543,4125.3177835577935,1122,0.030169170944588767,0.5,1.0092027356613702,328.28795380160295,17612.17534622198
1844,3404024,662,0.031892645644140634,0.5075528700906344,0.8187159566262369,298.2988564441387,4151.618469842579,1122,0.028941060439032655,0.5,0.9681206494423585,310.79617324327785,17624.361316964187
1845,3407715,663,0.024251090111990118,0.5203619909502263,0.6230217855493585,249.1549612053202,4147.8983360550765,1122,0.02472938509667487,0.5,0.8272339712823349,268.1056542692761,17635.962820703382
1846,3411408,664,0.034776556908054486,0.5150602409638554,0.8941025051752286,325.0068270352953,4175.79082574497,1123,0.030243580759625403,0.5004452359750667,1.0121438032333459,345.2379444298903,17685.29620870341
1847,3415103,665,0.04058883792100838,0.530827067669173,1.0443248496617141,373.66947155410963,4168.134012436506,1124,0.03341312592974308,0.5008896797153025,1.1187161657493339,393.9454822773709,17683.11384992746
1848,3418800,666,0.03676574566457497,0.5225225225225225,0.9466733311879433,349.15549194712827,4163.217649681849,1124,0.03274100415491767,0.5008896797153025,1.0962126293717334,385.05397196506226,17672.49375238776
1849,3422499,666,0.03940241727317135,0.5165165165165165,1.0145644251897072,371.7565102433789,4171.555552842192,1124,0.03487294871809132,0.5008896797153025,1.1675929860710355,410.86829233780134,17688.881992092673
1850,3426200,667,0.0434869282557766,0.5172413793103449,1.1205797539388764,395.2895550376308,4165.939121920828,1124,0.03829946314234792,0.5008896797153025,1.2823172739646405,446.26486933483875,17687.147899123855
1851,3429903,667,0.0440814521058009,0.5037481259370314,1.1358995618970882,399.1682315535644,4161.608773098443,1125,0.03869026965107391,0.5004444444444445,1.2959796585922534,434.13502566699145,17711.642951761223
1852,3433608,668,0.04452145260754895,0.49850299401197606,1.1481011404141803,396.13482958513805,4155.831287330253,1125,0.03978373117655171,0.5004444444444445,1.3326065393881887,445.0935986988357,17712.648515550856
1853,3437315,670,0.04485427865124209,0.517910447761194,1.1584219917571585,408.1772272003434,4165.970307070275,1126,0.04198809399158777,0.5,1.4070710861939837,450.5092320429994,17725.19349618395
1854,3441024,670,0.047156447922711744,0.5149253731343284,1.217878605329165,428.4287459889953,4187.90426737918,1126,0.04203514947167959,0.5,1.4086479714295328,454.23520397129244,17733.62111236631
1855,3444735,671,0.051624974800829684,0.5141579731743666,1.3342834029877042,465.0798968335885,4188.4451230139075,1127,0.04649995055242388,0.5004436557231589,1.5589624213395017,514.5677777663633,17765.69040852573
1856,3448448,672,0.0540114326759176,0.5133928571428571,1.397007559443672,508.1633235760766,4199.141437412769,1127,0.048764267920419484,0.5004436557231589,1.6348761727468675,559.6431139673889,17741.996725155594
1857,3452163,672,0.055525676352550936,0.5282738095238095,1.4361735240976659,514.0274515742728,4206.74156367726,1128,0.050050143367097004,0.5,1.6787328427865866,551.6103650042392,17763.740123053103
1858,3455880,673,0.053533213280044324,0.5215453194650818,1.3856728687313244,498.2724201344766,4189.6575043139,1129,0.04965432992199576,0.4995571302037201,1.6661968948724837,524.7251878607253,17777.199629647293
1859,3459599,674,0.05152610342836525,0.5059347181008902,1.3347150607738747,476.94156529033853,4186.870812612426,1129,0.046722774216231486,0.4995571302037201,1.5678258359585178,492.4897240174393,17775.777361096814
1860,3463320,675,0.05043883192574813,0.5096296296296297,1.3075239633653983,470.1166096078735,4205.5296006291055,1129,0.04448379168351642,0.4995571302037201,1.4926947094375451,475.49138430501523,17790.73148822244
1861,3467043,675,0.05729684588280286,0.522962962962963,1.4853040040123333,531.8154798440119,4199.149463143806,1130,0.04904771082667184,0.5,1.6465719041021558,550.1285683062378,17789.126807059256
1862,3470768,676,0.049467569699891786,0.522189349112426,1.2832997405926596,473.1964395041251,4196.3361651453815,1130,0.044351408400306935,0.5,1.48891317756656,494.72530733802427,17802.45977459979
1863,3474495,678,0.05279806316850739,0.5206489675516224,1.3717339192362874,485.9566418512676,4227.661519014434,1130,0.046392697412839724,0.5,1.5574409249280365,514.9431612539944,17822.402360969892
1864,3478224,678,0.043208490016545247,0.5176991150442478,1.1225895004048345,413.54820336422443,4218.503058830404,1130,0.039075546428287464,0.5,1.3117981614601555,436.92811587288514,17820.760242887838
1865,3481955,679,0.03660013170989003,0.5066273932253313,0.9516034244571407,368.4750506830963,4236.8809182569485,1131,0.03488240059015499,0.4995579133510168,1.1715502338403363,375.7659528814365,17850.785309932508
1866,3485688,680,0.030387924111414725,0.5279411764705882,0.7906701940944435,329.0794551827919,4217.638682234389,1132,0.02956579695508664,0.5,0.9934283762236935,337.25590610182115,17835.6944673904
1867,3489423,681,0.031869712476902554,0.5183553597650514,0.8298373772844756,337.6907490940257,4234.641399029659,1133,0.02783476932480756,0.500441306266549,0.9356789263431822,335.69759843427335,17856.533446458932
1868,3493160,682,0.03284304086998048,0.5219941348973607,0.8558117558819313,338.64409189918644,4233.1180550926665,1133,0.027691512376689036,0.500441306266549,0.9308632763249411,332.61201046894274,17868.506234199092
1869,3496899,683,0.02767028303531397,0.5080527086383602,0.7215527028658276,290.4258767250008,4223.469050771571,1134,0.023149243030120677,0.5008818342151675,0.7785169935160343,296.28496064770246,17882.36093114908
1870,3500640,684,0.021437344123017187,0.5175438596491229,0.559428432774146,244.29234312611845,4229.708692429427,1135,0.02015382301015092,0.5004405286343613,0.6780795607733072,245.04242839865498,17906.710407134084
1871,3504383,684,0.019572840526963474,0.5131578947368421,0.5107723903718522,228.6283790828847,4233.431293917449,1136,0.01766525718538157,0.5008802816901409,0.5946137114507957,232.0023146182033,17919.400911856028
1872,3508128,684,0.006564028894134938,0.5146198830409356,0.1712947450886603,123.26319900089794,4230.963686890428,1136,0.009739106302055033,0.5008802816901409,0.32781895466945,141.91278448140383,17925.77695652213
1873,3511875,685,0.011896303506490041,0.5007299270072992,0.31067350919387315,160.77023183064256,4245.1317187754385,1137,0.01234867807122577,0.5013192612137203,0.4158407026988576,187.44696322545815,17949.511171456186
1874,3515624,685,0.02151305855350575,0.4948905109489051,0.5618163146783107,238.54951364978444,4247.342381746606,1138,0.01922180193059286,0.5008787346221442,0.6475779141044734,249.63647164122898,17970.221441616133
1875,3519375,686,0.01590116818484324,0.5189504373177842,0.41556540183940266,202.6782290478332,4241.327824812298,1138,0.016364160277070338,0.5008787346221442,0.5513046496140669,221.78019006837195,17965.194575173104
1876,3523128,687,0.02079730421569051,0.5254730713245997,0.5439200842456041,253.3611587162868,4234.9662084687225,1138,0.02159993036121505,0.5008787346221442,0.7276964926922492,287.7455023092073,17952.825599861117
1877,3526883,688,0.013310182991634922,0.5101744186046512,0.34836082632882703,199.45321567190126,4241.128743108021,1139,0.01469794785613443,0.5013169446883231,0.49538843997650034,227.22209501094318,17969.15521418056
1878,3530640,689,0.007334128690357947,0.49927431059506533,0.19209257752879952,140.87762509937374,4243.8973933336565,1140,0.009883032845796337,0.5017543859649123,0.33325024016307697,184.77162088290282,17979.371111189284
1879,3534399,689,0.009141913961218556,0.5166908563134979,0.23944136931571663,156.32588124781546,4279.591575642548,1141,0.010701584556160777,0.5021910604732691,0.3610099886019856,209.14111598617075,18009.19391930641
1880,3538160,690,0.0031224659326211657,0.5057971014492754,0.08184197049656673,97.31707678939313,4271.0618002247675,1141,0.0070097886468818175,0.5021910604732691,0.2364700018238228,163.32888126472272,18022.25166130636
1881,3541923,690,-0.004871668116034711,0.4927536231884058,-0.12768975765473978,27.692782549741253,4283.847438889623,1141,0.0002880430489406033,0.5021910604732691,0.009716917832982463,82.60242025243559,18050.149028547465
1882,3545688,691,-0.008010635230995196,0.4992764109985528,-0.210116992271435,-8.143455825354522,4284.2005879436465,1142,-0.002724902283627201,0.5017513134851138,-0.09196292898013722,29.155129544792658,18047.524863770177
1883,3549455,693,-0.015022411352805893,0.4963924963924964,-0.39460646417476347,-80.34313210468707,4305.548113886728,1143,-0.009005658538069361,0.5013123359580053,-0.30406602852489756,-62.71780841568716,18080.998261024208
1884,3553224,693,-0.01539399699380302,0.49783549783549785,-0.4043672204533886,-86.30355624995582,4313.590133620547,1143,-0.009310997817946498,0.5013123359580053,-0.3143754691718441,-68.37090546925822,18072.52115305035
1885,3556995,694,-0.007138171742788755,0.515850144092219,-0.18764025585736543,-16.463819067525947,4310.38031392331,1144,-0.0044568354256537945,0.5017482517482518,-0.1505460689455715,8.65149752219611,18095.140626403285
1886,3560768,695,-0.010463615639495456,0.5007194244604316,-0.2752547521074922,-51.119321252579255,4307.743282454649,1145,-0.007072254190544794,0.5021834061135371,-0.23899615478359637,-6.9549276890663805,18109.581897446587
1887,3564543,695,-0.015366823636599882,0.4892086330935252,-0.4042380164277334,-96.81842651198696,4329.43237946169,1146,-0.012208925982060985,0.5026178010471204,-0.4127628248344468,-56.06779603722845,18137.564736507025
1888,3568320,696,-0.009907786210100415,0.49712643678160917,-0.2608214134545777,-51.42743219530496,4333.109670360132,1146,-0.00907751610526472,0.5026178010471204,-0.3068952335033114,-14.745605491057745,18138.2821223314
1889,3572099,697,-0.0008654532970530878,0.5078909612625538,-0.022799397582167865,33.36738600416646,4318.250216372597,1147,-0.0027289400684114406,0.5030514385353095,-0.09230112836876246,77.75802081785127,18154.948845776027
1890,3575880,698,-0.009647824311636938,0.498567335243553,-0.25434417074902244,-51.121108424475096,4308.851029543337,1147,-0.009035621378937857,0.5030514385353095,-0.3056124458146716,-0.26974107496209854,18154.14267221259
1891,3579663,698,-0.007993002956546546,0.504297994269341,-0.21071835919785556,-37.695202620730186,4328.928664728621,1148,-0.006507348829338373,0.5026132404181185,-0.22019468467872189,13.508078994229948,18164.54824070944
1892,3583448,699,-0.004704659634425823,0.49928469241773965,-0.12411744560678738,-13.302134481565531,4337.330077660142,1148,-0.004570453374429872,0.5026132404181185,-0.15465430946072545,38.22237869704651,18185.74350046269
1893,3587235,700,0.0021415159691812583,0.4942857142857143,0.05653764392369093,54.408626446054086,4348.082609687713,1149,0.00024967172140037593,0.5021758050478677,0.008452042348640526,82.31735269254267,18208.816039105506
1894,3591024,700,0.002001848502161273,0.5071428571428571,0.052850316987194286,53.12190476638091,4335.274659679102,1150,0.0019180493030949441,0.5017391304347826,0.06495932080218467,86.9923152655976,18228.629227611036
1895,3594815,701,-0.004155872160405858,0.4978601997146933,-0.1097968526084343,2.950806075275409,4342.7490231810825,1151,-0.0014538476690297837,0.5013032145960035,-0.04925948289786799,29.2690189557527,18233.372996567072
1896,3598608,702,-0.0038300337455738254,0.5042735042735043,-0.1012607613346441,1.0373304464421267,4363.489365093869,1151,-0.0016528921668687202,0.5013032145960035,-0.05600353817001009,27.284392393519624,18245.102750380163
1897,3602403,703,-0.0009518718328689124,0.492176386913229,-0.025184161497783797,20.89571333652941,4367.783081278405,1152,8.494991657394352e-05,0.5008680555555556,0.0028795390406247384,32.74938825868696,18267.68215301537
1898,3606200,704,-0.0003287854609380282,0.5085227272727273,-0.008705056887021842,20.55633415568019,4384.960927312374,1153,0.0007956670039362193,0.5013009540329575,0.026982380886900355,57.325338290303705,18292.475749799472
1899,3609999,705,0.0038100710306906488,0.5049645390070922,0.10094890868034923,62.379471541532496,4370.468537993011,1153,0.004171700583021374,0.5013009540329575,0.14146924972423514,97.56451355128314,18288.749552214373
1900,3613800,706,0.007222225186765452,0.5113314447592068,0.19149114147602112,84.75426661927946,4388.113157150765,1153,0.00641680793602677,0.5013009540329575,0.21760454430235265,122.96382339625126,18319.113163714588
1901,3617603,706,0.0108627417424937,0.5028328611898017,0.2880163331989575,115.35561702894233,4401.752628733102,1154,0.009519400936230849,0.5017331022530329,0.32295891736659693,175.04646264789528,18332.04370608122
1902,3621408,707,0.007758126471607397,0.5134370579915134,0.2058463566595645,94.12251987610216,4399.939095399086,1155,0.007084574653555275,0.5021645021645021,0.24045843740886097,161.4810461358266,18354.316970746942
1903,3625215,708,0.01120406375952131,0.501412429378531,0.2974884645374174,126.26222240419429,4405.350828918048,1156,0.011660587192443669,0.5017301038062284,0.39594519267758044,195.50954649766925,18372.391325301112
1904,3629024,708,0.013813028965872462,0.5042372881355932,0.36676128107323747,149.34240724958562,4410.600822366961,1156,0.01150895005685444,0.5017301038062284,0.39079622428713257,195.66286945889806,18369.86669776131
1905,3632835,709,0.012087507377225226,0.48519040902679833,0.3211730549465488,127.79436340379948,4407.787449220908,1157,0.009362690699824799,0.5021607605877269,0.31805599132894197,185.61983446609116,18394.24367336614
1906,3636648,711,0.010748677686448277,0.4978902953586498,0.2860037114812725,119.8128309309173,4416.324863043694,1158,0.010078781113149067,0.501727115716753,0.3425303084099563,180.98605363408342,18420.546652129746
1907,3640463,711,0.0122137691326591,0.5021097046413502,0.3249872593649396,133.41017567734946,4410.970639864747,1159,0.009646274331560284,0.5021570319240725,0.3279733272730497,193.0815920163036,18426.47229157538
1908,3644280,712,0.009800605164801511,0.49157303370786515,0.26096124208740434,106.74599520329434,4410.7705778241525,1159,0.007321907307940921,0.5021570319240725,0.24894484846999132,165.4778297758284,18430.097451521622
1909,3648099,712,0.003922923345920439,0.4943820224719101,0.10445589142206886,56.98067047028229,4410.902084867997,1160,0.0040116143562863625,0.5017241379310344,0.13645386968973147,110.91936886584256,18442.05346183321
1910,3651920,713,-0.0053756838564369734,0.4950911640953717,-0.1432395323096719,-17.97696882533171,4409.300627791283,1161,-0.00357571509803953,0.5021533161068045,-0.12167943597584108,36.249507386977314,18443.67398914911
1911,3655743,714,-0.0065345601727965046,0.5,-0.17424132374238804,-21.97777494663194,4419.283802644537,1161,-0.004222189671205375,0.5021533161068045,-0.14367857720459032,28.757227532924617,18460.807787035923
1912,3659568,715,-0.008599736622030334,0.4881118881118881,-0.2294695941021866,-44.1209450740667,4448.591084255411,1161,-0.005377909263957666,0.5021533161068045,-0.18300702042128555,16.073118471638168,18474.193386300343
1913,3663395,715,-0.009747885786621864,0.4979020979020979,-0.2601060350011616,-55.26256494558635,4448.4314036610485,1162,-0.006779754646202488,0.5025817555938038,-0.2308105709877132,14.383532505871585,18486.062211771146
1914,3667224,715,-0.008159494577148,0.48391608391608393,-0.21772247116273832,-41.18657437727751,4443.465527233851,1163,-0.0041079256937494365,0.5021496130696474,-0.13991090760275082,30.536342571113096,18495.86209405162
1915,3671055,717,-0.008076963863643899,0.4895397489539749,-0.21582276180188015,-40.47384364947146,4468.8743686637,1164,-0.0035666517163492296,0.5017182130584192,-0.12152812919123106,21.111790420228886,18523.284273804427
1916,3674888,717,0.001769179220923475,0.500697350069735,0.047273845968396094,44.87427895049285,4460.560958674678,1164,0.0037901925031241174,0.5017182130584192,0.12914493502908708,109.25954684025612,18526.677489788526
1917,3678723,717,0.0005137676357654604,0.49372384937238495,0.013728271160705633,33.91076161818336,4479.26367333342,1164,0.004054638557656488,0.5017182130584192,0.13815552446567408,111.55898166234942,18540.087096649953
1918,3682560,718,0.0001349048049651642,0.4860724233983287,0.0036072848623199456,36.638946396655456,4496.526597896942,1165,0.0043787499847137215,0.5021459227467812,0.1492633597373064,131.91560517400347,18554.53073549192
1919,3686399,719,0.001797300633444594,0.4812239221140473,0.048092487250691485,56.869659899946896,4494.0223107942875,1166,0.005626830902620682,0.5017152658662093,0.1918906090609363,130.76470334010173,18589.411928872854
1920,3690240,719,0.0023444385044784966,0.4951321279554937,0.0627328988754502,61.71832052122073,4499.677498161991,1166,0.005605684870841497,0.5017152658662093,0.1911694704684401,130.8102525986311,18581.024862215865
1921,3694083,720,0.006060074548930316,0.5166666666666667,0.16226974159457813,99.98563008918711,4503.760023374951,1167,0.008513016967930406,0.5012853470437018,0.2904423815342028,149.95108144490393,18588.151944134923
1922,3697928,721,0.007476767205452458,0.5117891816920943,0.20034388024686972,104.79942761459569,4505.12000588334,1167,0.009003850405378818,0.5012853470437018,0.3071883639569059,153.49152463158464,18601.023985493117
1923,3701775,722,0.014052759407319208,0.5096952908587258,0.37681315497768775,167.36565815458994,4509.514404210771,1168,0.01487679875729931,0.5008561643835616,0.5077763282922289,207.47269918071856,18613.145703549228
1924,3705624,723,0.01415332373789264,0.5076071922544951,0.3797735278258723,161.08581881601435,4511.2834373141,1168,0.014761895698647512,0.5008561643835616,0.5038544460255128,204.4752171045098,18620.105981964865
1925,3709475,724,0.01254709223242689,0.4930939226519337,0.3369075339549245,143.32292551737248,4489.022886983019,1168,0.013758590077591455,0.5008561643835616,0.4696095219174391,194.9021259035876,18621.953230100626
1926,3713328,725,0.01248867761245839,0.5006896551724138,0.33557148785723406,137.04531322390898,4516.913215891925,1168,0.013066274846328921,0.5008561643835616,0.4459793517520471,186.68162950269982,18637.686649189505
1927,3717183,725,0.008648061835922012,0.496551724137931,0.23237392039543947,104.27016986776675,4531.39450679392,1169,0.010317489787816297,0.5004277159965783,0.35230866350161577,138.71416298342956,18645.01141967804
1928,3721040,727,0.009118749105970799,0.4896836313617607,0.24536044450264127,119.46211923555944,4531.672528164449,1169,0.011415859757178272,0.5004277159965783,0.3898144196394301,150.72854433998953,18658.513732647167
1929,3724899,728,0.015069046053423808,0.49313186813186816,0.4057464824199349,164.42202926723172,4523.082394736688,1170,0.01572866254495087,0.5,0.5373128449084215,185.2738498542151,18674.175434528788
1930,3728760,728,0.023288068315333622,0.49725274725274726,0.6270504295893937,233.62930531031748,4534.775414212082,1171,0.023021914703120816,0.5004269854824936,0.7867973017913799,285.7948106285735,18701.989123512278
1931,3732623,728,0.02335242640931859,0.5027472527472527,0.6287833243033042,227.0926506750062,4535.50383583989,1172,0.021994567814758274,0.5008532423208191,0.7520083939794174,282.05157368177936,18732.82606035811
1932,3736488,730,0.029831397135851163,0.510958904109589,0.804342097270113,272.8890414273083,4556.969505653565,1172,0.026457118342025538,0.5008532423208191,0.9045858614398363,337.03096947637533,18746.431116838558
1933,3740355,730,0.0239045986214171,0.4986301369863014,0.6445381991996425,224.35061965668137,4567.556008175355,1173,0.02013511922932807,0.5012787723785166,0.6887270438016289,281.2700817655995,18762.727121944656
1934,3744224,731,0.02165926238306109,0.4911080711354309,0.584398849246122,212.49639252007938,4566.006678085683,1174,0.01841167486605084,0.5008517887563884,0.6300452541508269,246.33860450875488,18767.20552125955
1935,3748095,732,0.01991312588087753,0.5109289617486339,0.5376543987836934,195.44673197478687,4557.877701298331,1174,0.01711592571676316,0.5008517887563884,0.5857048772965737,234.7113113558965,18763.878500376108
1936,3751968,733,0.02682318685777892,0.5061391541609823,0.7247226006144326,241.38134302900824,4566.863487250368,1174,0.022535624976698393,0.5008517887563884,0.7711663207822613,291.0510224418094,18780.878123502393
1937,3755843,734,0.021348841222973817,0.5013623978201635,0.5772088692692607,190.86775111398146,4582.604636232978,1175,0.01929108087730884,0.5004255319148936,0.660420229292099,238.81976843685385,18802.379283652368
1938,3759720,734,0.014023808763153638,0.5081743869209809,0.3791618811758956,130.41799748187623,4572.254304840722,1176,0.014221055100907244,0.5,0.48705816161800003,165.50500434507939,18808.420085059777
1939,3763599,735,0.00803235634339223,0.5034013605442177,0.21731940513616094,75.94409940726592,4567.495347933473,1177,0.009859907359592636,0.4995751911639762,0.33783674410292525,101.7554424634838,18817.947543526523
1940,3767480,736,0.005641771758676948,0.4986413043478261,0.15274517480740432,61.03109261615219,4548.534344836307,1177,0.00760695342802639,0.4995751911639762,0.2606422438814068,74.95864286085202,18804.506493037567
1941,3771363,736,-0.0013785849898436697,0.485054347826087,-0.037323772436678004,-0.25248790339855987,4583.598738472961,1178,0.00393846397878524,0.499151103565365,0.13500374347336416,15.009026214620633,18832.95954029197
1942,3775248,737,-0.0027022022420025577,0.47761194029850745,-0.07320923689129534,-17.852243095863116,4590.465126775623,1179,0.002838395551706611,0.49872773536895676,0.09733669105813442,-13.858759989038617,18835.734128702028
1943,3779135,737,-0.0033901329110456666,0.49525101763907736,-0.0918469533922783,-23.42080052706592,4580.592834936531,1180,0.002438286606222192,0.49830508474576274,0.08365135583297585,-35.04722702799711,18865.795359515258
1944,3783024,739,-0.007741104014124153,0.496617050067659,-0.21001088742994245,-61.4001910348706,4591.017059776701,1180,-0.0007492181831571233,0.49830508474576274,-0.0257037530681908,-72.89251702583556,18875.286520029254
1945,3786915,739,-0.003828627823122429,0.489851150202977,-0.1038680691159635,-27.366530524989116,4604.792341583362,1181,0.0026924595655306977,0.497883149872989,0.09241060960277728,-48.02924996958342,18905.04165503756
1946,3790808,739,-0.007712208038374274,0.4912043301759134,-0.2092269592590622,-62.282925839682264,4607.487159425043,1182,0.0008165193017461982,0.4983079526226734,0.028036471692713276,-54.1078554614341,18903.076444547085
1947,3794703,740,-0.01025866007648317,0.47162162162162163,-0.278499476728915,-80.95277851586002,4601.445274072669,1183,-0.0007085581025581155,0.4987320371935757,-0.024339770129294423,-56.69338877745673,18916.343788350092
1948,3798600,742,-0.006377660394554243,0.4757412398921833,-0.17337385618370613,-56.105920789936704,4615.331759952506,1183,-0.0008780425182664765,0.4987320371935757,-0.030161750999947067,-58.55401765736724,18928.840001983423
1949,3802499,742,-0.005525011395369775,0.4919137466307278,-0.15019497304875346,-49.62372154025519,4621.984887781736,1184,0.0002578060254105093,0.49915540540540543,0.008859679514380624,-28.83228669632149,18937.586221414214
1950,3806400,743,-0.004501234027417487,0.48721399730820997,-0.12244680375367084,-33.915554236955415,4609.636973500342,1184,0.0017292641259172758,0.49915540540540543,0.05942733854628544,-11.143704698906902,18939.391847374492
1951,3810303,744,-0.0036257066078038275,0.4932795698924731,-0.09869650231265241,-20.70832594460228,4628.805942982017,1185,0.0007879623525582837,0.49957805907173,0.027090324450182144,-6.407400761099609,18958.724416903708
1952,3814208,745,-0.002644194073889277,0.48322147651006714,-0.07202699234932866,-6.274149205800029,4639.174308932543,1185,0.001181938889518309,0.49957805907173,0.04063532717442944,-1.5069643993679165,18963.49253147312
1953,3818115,745,0.0043534731107127194,0.47516778523489933,0.11858720111912761,55.29503312616015,4641.414782825035,1185,0.006691349360765791,0.49957805907173,0.23005010912530366,63.16473848963096,18983.717342444987
1954,3822024,746,0.006710828737716644,0.4865951742627346,0.1829239465018015,69.31767373966136,4656.441534391895,1186,0.00814014311010272,0.4991568296795953,0.27997832597549965,63.57642355488406,19009.704179073327
1955,3825935,747,0.013044485601626927,0.4926372155287818,0.35580612955740776,117.26996708915271,4653.186397999549,1187,0.011349024464361103,0.4995787700084246,0.3905119996242337,116.84249783168082,19028.91730468622
1956,3829848,748,0.006924602682582845,0.4852941176470588,0.18900487063080407,71.57048986780967,4670.313560176795,1187,0.008102668802210885,0.4995787700084246,0.27880717027094687,79.6968190929145,19034.631029391072
1957,3833763,749,-0.0027212428521063837,0.4753004005340454,-0.07432530756387426,-17.63407426478898,4662.640300726905,1188,0.0008693378346717875,0.49915824915824913,0.029925936925822745,-21.77723088352417,19036.95971969606
1958,3837680,750,-0.004314422389412522,0.49066666666666664,-0.11791877583334748,-25.824642305838722,4667.228522800147,1189,-0.0005790555071812642,0.49957947855340623,-0.019941716640018328,-22.921410468790555,19062.100670604297
1959,3841599,750,0.002486316869426732,0.48533333333333334,0.0679542740868547,33.338089784421186,4670.492393305835,1190,0.005900980310087449,0.4991596638655462,0.20330568598046442,37.97531455037796,19068.784369322173
1960,3845520,751,0.004493832360869466,0.48601864181091875,0.12290446658735814,44.929349927754004,4672.840696894547,1190,0.008064334442178894,0.4991596638655462,0.2778394367695779,63.67186142240638,19071.835077643907
1961,3849443,752,0.0042041858427944835,0.5079787234042553,0.11505958791845389,47.827997598834315,4676.117885111665,1191,0.008879841538536043,0.4987405541561713,0.3060648360567056,56.17312050091368,19095.492111913893
1962,3853368,752,0.0028467268672172524,0.4867021276595745,0.07790883479135007,36.635298772921374,4697.909601724681,1191,0.006171449342767484,0.4987405541561713,0.21271366421678253,25.379427209158962,19113.13988519778
1963,3857295,753,-0.00860128270040852,0.48871181938911024,-0.2355558279246348,-57.29767057878058,4692.261629132513,1192,-0.0023543939800859197,0.4983221476510067,-0.0811839290439288,-92.24863172359255,19141.64702735467
1964,3861224,755,-0.0050329860949340005,0.47152317880794703,-0.13801765710195507,-26.204044244346733,4701.218543577876,1192,1.946745806972747e-05,0.4983221476510067,0.0006712745394212818,-63.97774818452427,19134.227142589094
1965,3865155,755,-0.0065021487629133255,0.4913907284768212,-0.1783059443158348,-38.4063010962837,4707.041768859445,1193,-0.0007753379815490009,0.49874266554903607,-0.026746351020328917,-57.30683831694171,19157.70780619372
1966,3869088,756,-0.005190377487916424,0.48148148148148145,-0.14242834656662773,-33.590017899687155,4706.280679580942,1194,0.0008489743061309967,0.4983249581239531,0.029298840089882282,-54.12244052596742,19172.876148389754
1967,3873023,756,-0.0058471890244699,0.4828042328042328,-0.16045181044280737,-40.55729011648265,4694.896860720254,1195,0.00048364505524671985,0.497907949790795,0.01669801626067619,-74.33755895036057,19171.573614488632
1968,3876960,757,-0.002180237407493532,0.4848084544253633,-0.05986727073608522,-13.796612691273197,4704.388487793096,1195,0.0017005204947206042,0.497907949790795,0.05871107036951423,-59.413307703681596,19171.843872743746
1969,3880899,758,-0.005798848927625814,0.4841688654353562,-0.15933649898406024,-40.78001503053747,4711.320142424473,1196,0.0012517816521786405,0.4974916387959866,0.04323632806499861,-80.91917402016804,19188.14649663248
1970,3884840,759,-0.0036315409270844877,0.48089591567852435,-0.09985086712616863,-15.566180953437254,4725.393836555435,1197,0.0037116351710839803,0.4979114452798663,0.128252974070833,-34.3722537163128,19204.922661178414
1971,3888783,760,-0.000382423421939897,0.4723684210526316,-0.010521857675890835,8.250645252903155,4718.244705057115,1197,0.004878136877826679,0.4979114452798663,0.16856062992935886,-20.79369468146325,19221.631217902308
1972,3892728,761,-0.0029163755280797645,0.4730617608409987,-0.08029306716867375,-8.557656850717024,4752.27359273881,1197,0.003985320951471339,0.4979114452798663,0.1377099960241314,-31.91544993631743,19238.668434195242
1973,3896675,761,-5.631434928277335e-05,0.480946123521682,-0.0015504353900881469,17.170603629997856,4753.499342481384,1198,0.004727283435805575,0.498330550918197,0.1634163834366613,-7.925396926382291,19254.231175795278
1974,3900624,761,-0.0015569820280316952,0.4967148488830486,-0.04286651748154004,3.8844944109365542,4743.486002134239,1199,0.002779300030349253,0.49791492910758967,0.09611718033631882,-46.955657063299725,19268.863526950197
1975,3904575,762,-0.00029749486158177086,0.49081364829396323,-0.008195969938614694,9.042393764502663,4746.273060988384,1199,0.0027393391565175866,0.49791492910758967,0.09473520412844877,-46.60558418806801,19267.245985261376
1976,3908528,763,0.0018798351068656854,0.4836173001310616,0.051823477517854676,22.74087171509302,4747.687454752006,1199,0.004143851280973708,0.49791492910758967,0.14330777408374473,-29.991968041435996,19273.54275624897
1977,3912483,764,-0.004115444365743295,0.48429319371727747,-0.11352958843952966,-36.39945110829973,4753.464246692276,1200,-0.00040513982656370805,0.4975,-0.014016901228320099,-101.33362298946258,19293.87945741711
1978,3916440,764,0.0006924390813687737,0.4829842931937173,0.01910178268514744,6.192566881786433,4758.421058763179,1201,0.002794259636122375,0.49791840133222315,0.09671529622064533,-46.47985872087929,19305.357824701598
1979,3920399,766,-0.0019534805426258133,0.4869451697127937,-0.053959927666821984,-17.585965047418483,4758.736812304147,1202,0.0006790148186228269,0.4983361064891847,0.023511960521559218,-55.995860795399096,19314.339143682668
1980,3924360,767,-0.0019631371668945813,0.49022164276401564,-0.05426219086561805,-11.488167487400176,4773.820955942191,1202,0.001286936044110585,0.4983361064891847,0.044562193096565283,-48.824915433898184,19310.784884490404
1981,3928323,767,-0.002256805066322997,0.4863102998696219,-0.062379333100308125,-14.084395222427247,4757.980740694238,1203,0.001057883204399194,0.4979218620116376,0.03664614916986352,-67.65193266611436,19328.295728790064
1982,3932288,768,0.006775657718023997,0.4921875,0.18740543267616575,59.483983143520106,4757.589782764389,1204,0.008172697655391727,0.49750830564784054,0.28322848964519964,1.0629715403138107,19343.57903344081
1983,3936255,770,0.007792796062450356,0.4935064935064935,0.21581965445995027,58.696172547567016,4770.828233041171,1205,0.008487922107400606,0.4970954356846473,0.2942751700109313,-8.882573728000011,19363.02484491182
1984,3940224,770,0.012440470203393826,0.487012987012987,0.34453589688468345,101.14327644979198,4769.2323712361895,1205,0.012841666156891118,0.4970954356846473,0.4452189173894358,44.81434377209922,19367.372409753458
1985,3944195,771,0.015260457520462479,0.48638132295719844,0.4229102043550013,132.7749849112543,4766.344574893708,1206,0.016219617606871586,0.4966832504145937,0.562565927124729,70.4370450036185,19382.196670158446
1986,3948168,773,0.013750123882294192,0.4890038809831824,0.38155045304572316,118.38738077242778,4756.300195572436,1207,0.013961780958967813,0.4971002485501243,0.48445569288183643,57.73829931831858,19397.559392414783
1987,3952143,773,0.01926958424655023,0.47865459249676584,0.5347092624191866,168.68127441885798,4784.138202443697,1208,0.01702401956347858,0.49751655629139074,0.590956662309285,111.93759963325567,19415.686051164223
1988,3956120,773,0.014834913062416381,0.48771021992238034,0.41165213115988863,130.33185256318802,4772.307438481919,1208,0.015107257682321145,0.49751655629139074,0.5244198964469805,90.62034921332258,19397.303619342634
1989,3960099,774,0.013838014842305445,0.479328165374677,0.38423859102410907,126.95160096334206,4796.901252282603,1208,0.015648230150181765,0.49751655629139074,0.5431987331850421,97.14093414025558,19418.09343407114
1990,3964080,775,0.012642607485819074,0.4993548387096774,0.3512734327546806,110.77517725675807,4789.2165912676555,1209,0.012498715360253364,0.49793217535153017,0.43404927151407574,74.94926651798141,19422.21840157804
1991,3968063,776,0.007921387800597722,0.49355670103092786,0.22023737503749302,61.77940097720062,4786.482050193702,1210,0.008646816996040828,0.4975206611570248,0.3004068992296378,11.399170991822018,19445.96321547466
1992,3972048,776,0.002133180339487435,0.48711340206185566,0.05930855176852355,8.11652281239509,4803.879930564334,1210,0.005123439045975018,0.4975206611570248,0.1779980353346363,-32.39676876293589,19449.946302001896
1993,3976035,776,0.003604730618083956,0.4845360824742268,0.10022188397141539,21.65662207108801,4803.480567059779,1211,0.0047265979940002666,0.49793559042113955,0.1642790313614002,-21.529446894651585,19466.251175186604
1994,3980024,777,0.007015285980252192,0.48906048906048905,0.1951712574529753,59.08671940973818,4807.744098031353,1212,0.007680320557648566,0.4975247524752475,0.26704994768151735,-0.6853648302874831,19484.565407537848
1995,3984015,777,0.004747210829418482,0.4864864864864865,0.1320714664491382,38.04893187094336,4808.097331040277,1213,0.005791648717429856,0.4971145919208574,0.2014628149013841,-40.44856094132052,19503.248178199232
1996,3988008,778,0.005782365391353329,0.4974293059125964,0.1609742397941937,54.03402651679522,4806.74899911991,1213,0.007089386628590084,0.4971145919208574,0.24660469855875533,-23.543904066349967,19513.960799639735
1997,3992003,779,0.006048385443964768,0.4890885750962773,0.16848852182721988,63.43089656124141,4816.730863329464,1214,0.006885605179352817,0.4975288303130148,0.2396151029644451,-8.65114261365278,19534.218761668544
1998,3996000,780,0.001140028095965096,0.4948717948717949,0.03177796365881987,10.639461279501688,4816.271080641492,1214,0.0021704160282740256,0.4975288303130148,0.07552923040810247,-69.40115210333295,19545.804398237986
1999,3999999,781,-0.0030005291226920345,0.4839948783610755,-0.08369271272066474,-22.749990338968473,4820.538921789172,1215,-0.0013157055417356226,0.49794238683127573,-0.04580469692002383,-97.24571854173479,19550.330989219194
2000,4004000,781,-0.003426182421034096,0.4852752880921895,-0.09556531177238936,-26.660610641445714,4833.878778380281,1215,-0.001996139803865707,0.49794238683127573,-0.0694931926831064,-105.87936261821801,19560.149786517457
2001,4008003,783,0.0011922764731402045,0.4763729246487867,0.0332984697389361,5.589343395775529,4826.979882935725,1216,0.0005499671919900011,0.49835526315789475,0.019154339601716624,-57.31146564066876,19560.60160032141
2002,4012008,783,-0.0032583067565433296,0.47126436781609193,-0.09099955536921052,-36.826569445138944,4833.167599870511,1217,-0.00034270175533206653,0.4979457682826623,-0.011940586862994759,-84.80329363085644,19578.111658403184
2003,4016015,783,-0.002572253678430981,0.4827586206896552,-0.07183913563815572,-30.24262938332896,4845.723436287101,1218,0.0001719255299855675,0.49835796387520526,0.005992782429797881,-62.18966609269199,19602.65309185934
2004,4020024,785,-0.0067297856957821015,0.48662420382165605,-0.18819349651282308,-70.23941330717935,4857.323204478842,1218,-0.004584326863011887,0.49835796387520526,-0.15979519434614695,-123.10082538489814,19618.47944318373
2005,4024035,786,-0.007529607219456078,0.49872773536895676,-0.2106945019702228,-70.95646815147416,4866.120998003409,1219,-0.0036640044108136975,0.49794913863822804,-0.12776819964339356,-126.82426113493909,19637.959298196096
2006,4028048,786,-0.0089903787708242,0.4847328244274809,-0.25157001187896,-83.93491910587892,4854.748906993196,1220,-0.0065101503274221,0.49836065573770494,-0.22711002557486687,-146.00276125339525,19651.701470582917
2007,4032063,787,-0.014893382029961426,0.48538754764930114,-0.4170146968389199,-144.68748103345092,4874.933648750144,1220,-0.010225167380132476,0.49836065573770494,-0.35671035358852377,-192.41206738794722,19672.531596171168
2008,4036080,789,-0.004826356985378492,0.5044359949302915,-0.13531025569314784,-50.81288884188359,4891.546680413146,1220,-0.0036296817832890712,0.49836065573770494,-0.12662336216095207,-109.87659685504559,19688.132243684213
2009,4040099,789,0.002158657515789657,0.49936628643852976,0.060519456248329655,14.119392132159533,4892.049327905751,1220,0.0025719755104625704,0.49836065573770494,0.08972472133226253,-32.59197879442149,19681.939243388944
2010,4044120,790,0.004250303989958572,0.5025316455696203,0.11923598917086424,39.239098852637426,4922.602031523111,1221,0.004940358958979663,0.49795249795249796,0.172417819879121,-19.51870409543824,19717.505726764877
2011,4048143,792,0.0051655797380010205,0.4962121212121212,0.14509671212467648,47.75668337623466,4935.026537285936,1222,0.0056212731830122065,0.4983633387888707,0.196262146552578,5.144722002658739,19739.881715722997
2012,4052168,792,0.0066626246449535105,0.49873737373737376,0.18714742180665636,61.557970478618415,4927.561504829216,1222,0.0063685877120263565,0.4983633387888707,0.22235402090899414,14.34052503387636,19733.820013250188
2013,4056195,793,0.005337067530882501,0.5044136191677175,0.15000862963532527,55.691371591882444,4917.951957252077,1223,0.005693662737831199,0.4987735077677841,0.19887108978945206,22.763335451411763,19748.654767923916
2014,4060224,795,0.0008441000126658102,0.49433962264150944,0.023755080013649236,13.718329289483336,4937.093180028658,1224,0.001993036500003606,0.4991830065359477,0.06964229657839571,-7.496985311551782,19780.415376034915
2015,4064255,795,0.005435170992566857,0.49937106918238994,0.15295927008522445,57.05313592455576,4921.475821414345,1225,0.004418641107854227,0.4995918367346939,0.1544629523584976,39.50911045458503,19781.275015292937
2016,4068288,795,-0.006658009868956243,0.4981132075471698,-0.18737300651047373,-56.46892174541284,4933.238115677487,1225,-0.004353666298913742,0.4995918367346939,-0.15219162038721867,-70.75899666703941,19798.71091665718
2017,4072323,796,-0.003850683696642203,0.4937185929648241,-0.1084362374427836,-36.329100218101246,4932.84097090966,1226,-0.002577044057103831,0.5,-0.09012288209088107,-32.503215602243415,19813.26023539029
2018,4076360,797,0.0027712212569842892,0.49435382685069007,0.07808748811812491,31.70399422332582,4934.010285232447,1227,0.0022934048124595573,0.49959250203748984,0.08023639882115031,12.482130050787362,19824.94363957455
2019,4080399,798,0.010141611838615535,0.5012531328320802,0.2859502947973505,105.34040815081732,4969.781483337184,1228,0.008674440048763178,0.499185667752443,0.30360540170671124,75.05081343920034,19853.25600652239
2020,4084440,799,0.00659671628270129,0.5068836045056321,0.18611626986566016,78.90612637377404,4950.2719731588995,1228,0.005847871888716387,0.499185667752443,0.20467551610507353,40.458547753981975,19850.127540112113
2021,4088483,800,0.011456320738155867,0.49,0.323425549438868,128.76386821488063,4960.333381504135,1229,0.010726997301310177,0.49877949552481693,0.37559811710316016,83.73802610592111,19870.367464662457
2022,4092528,801,0.009591476573808313,0.4868913857677903,0.2709486029618885,107.38383068387986,4979.768152178054,1230,0.009021938826175089,0.4991869918699187,0.31602552347056123,80.63286386463972,19887.039849496563
2023,4096575,801,0.0118458967202223,0.49563046192259674,0.33463347822166034,127.15004267481822,4967.719334380228,1230,0.011851663661903227,0.4991869918699187,0.4151467090292714,114.48113764740043,19898.47402957648
2024,4100624,802,0.011564071280194623,0.49501246882793015,0.32687683906046977,120.87192176060557,4973.767921027872,1230,0.011677883581290852,0.4991869918699187,0.40905944308761516,114.78798061570757,19896.24141482955
2025,4104675,803,0.008987718433340855,0.47696139476961397,0.25421106606442606,91.32656436493528,4985.788878385173,1230,0.008525580522046505,0.4991869918699187,0.2986388069439432,75.6651596506698,19892.29344337896
2026,4108728,804,0.005983857984396684,0.4962686567164179,0.16935480996511373,56.347093434072804,4989.369965876714,1231,0.006878378498719218,0.49878147847278637,0.24103785484354404,37.828062393525215,19921.53927884062
2027,4112783,805,0.005942518693817927,0.4906832298136646,0.16828977924387792,61.61917446336997,5002.035258753774,1232,0.005850284074651601,0.4991883116883117,0.2050939721050234,40.8892609394166,19947.167716037155
2028,4116840,806,0.000728218822149575,0.4975186104218362,0.020635722190055043,18.43848936039751,4993.147786534059,1232,0.0034986382071908184,0.4991883116883117,0.12265209649907378,11.14581996370481,19929.735441782766
2029,4120899,807,-0.003752886539789656,0.48698884758364314,-0.10641269911974623,-29.915171377767763,5012.304646709388,1233,-0.0010308366106444027,0.49959448499594483,-0.03615283757810932,-29.257883698870728,19963.486314675647
2030,4124960,807,-0.0033146242039664574,0.4857496902106567,-0.09398581714955878,-25.86810257420376,4990.902618113112,1234,-0.00015705224194763624,0.4991896272285251,-0.005510273645533296,-34.36031860010263,19968.751423341197
2031,4129023,807,-0.008693089648780813,0.483271375464684,-0.246491633415739,-75.82946492095635,4985.530746935311,1235,-0.002220591538290741,0.4987854251012146,-0.07794244666978217,-76.34926491565074,19980.018246050488
2032,4133088,808,-0.011572256321029983,0.4863861386138614,-0.3283340961117088,-110.9932947238911,4972.091745374035,1235,-0.005522120362123394,0.4987854251012146,-0.19382563808210268,-118.92420763998024,19976.97503897095
2033,4137155,809,-0.017570442733353266,0.49443757725587145,-0.4988273138310627,-166.02864638004513,4983.377339379615,1236,-0.009511960065787712,0.49838187702265374,-0.33400391439838223,-187.98007353829655,19997.477191342936
2034,4141224,810,-0.017031487200126295,0.48641975308641977,-0.4838261525508818,-165.84008235645462,4989.241819162873,1236,-0.009674534398946343,0.49838187702265374,-0.33971256574680364,-189.5975821489921,20010.25807461519
2035,4145295,811,-0.014694115342557629,0.4932182490752158,-0.41768523647109324,-148.00718807841292,4989.3105847117695,1237,-0.008223889282130076,0.4987873888439774,-0.2888915470849254,-154.12117262956082,20027.30911740269
2036,4149368,811,-0.00909734017611514,0.48951911220715166,-0.2585949949442305,-95.78215672609753,5013.225925383506,1237,-0.004308296616988266,0.4987873888439774,-0.15134329175454533,-104.93409580927863,20041.098583798175
2037,4153443,811,-0.005471751355070586,0.48581997533908755,-0.1555363970796134,-59.82651013490107,5020.814013605775,1238,-0.0013984871645898343,0.4991922455573506,-0.049146428574824284,-50.646471044125576,20043.66240059312
2038,4157520,813,-0.002330650580635792,0.4907749077490775,-0.06633147838322725,-28.42354890748129,5007.796792776996,1239,0.001226416402107987,0.49878934624697335,0.04311686594037584,-32.80427058757681,20060.823055593344
2039,4161599,814,-0.007571995436550161,0.4950859950859951,-0.21563575347495526,-72.46937660044426,5019.36609781248,1240,-0.003454390698700671,0.4991935483870968,-0.12149441253735346,-76.27229285106716,20082.13648048942
2040,4165680,814,-0.005112143363547538,0.47911547911547914,-0.14558393428889949,-47.79685962978351,5040.224188049606,1240,-0.001584581478384078,0.4991935483870968,-0.055731332274099155,-52.16045533288576,20103.309577331318
2041,4169763,816,-0.0034989480072749827,0.4852941176470588,-0.09976604637420405,-33.54728646414537,5045.010040893655,1241,-0.0004180411604172331,0.49879129734085415,-0.014708871942202016,-53.9490086726845,20117.333369450782
2042,4173848,817,-0.0010503269039545818,0.4981640146878825,-0.029966546290973294,-15.99260407039867,5030.988462766046,1242,0.0024424248374231177,0.49838969404186795,0.08597196652470854,-33.495868523529964,20130.231168498085
2043,4177935,817,-0.001192597197553345,0.48959608323133413,-0.03402561525598388,-17.61146679149448,5053.893082604604,1242,0.0010486878390386265,0.49838969404186795,0.03691321608398756,-51.20188830056196,20146.33429681202
2044,4182024,818,-0.001083500523326714,0.49266503667481665,-0.030931994892023203,-10.566058299301801,5057.943206320458,1242,0.0007008693875369787,0.49838969404186795,0.02467020421684473,-55.84822949844363,20147.79812532113
2045,4186115,819,-0.0001748784598389801,0.4835164835164835,-0.004995528018535526,-7.498836279780676,5075.768641153633,1243,0.0021835355539346984,0.49798873692679,0.07689022121809878,-53.554031166561,20173.551906720033
2046,4190208,819,-0.0006371277878764719,0.5006105006105006,-0.018200009987822622,-11.923328835671725,5082.141944262203,1244,0.0030619471188523912,0.49758842443729906,0.1078657522890502,-58.60833917205707,20189.241333842925
2047,4194303,821,-0.004005054097250093,0.48721071863581,-0.11454734788424391,-56.07911543409347,5070.8402461446785,1245,-0.0001085700599378331,0.4971887550200803,-0.0038262282642716966,-114.94540634012634,20197.312848396075
2048,4198400,822,-0.006840878436431447,0.48905109489051096,-0.19577346337919457,-88.74495889647108,5067.6256491522945,1245,-0.0034084527806663573,0.4971887550200803,-0.12012076233805719,-156.83104047485932,20210.423332851096
2049,4202499,822,-0.0052921603058572655,0.4927007299270073,-0.15145197527819818,-73.53365766687625,5071.015373484931,1246,-0.0027261220458935148,0.4967897271268058,-0.09611271805291721,-164.17649247729702,20222.91230803761
2050,4206600,823,-0.0027987850582504915,0.4835965978128797,-0.08014500731720405,-55.70840043979496,5092.513700062485,1246,5.185683740029265e-05,0.4967897271268058,0.0018282752966537522,-129.23522266573434,20229.9227466404
2051,4210703,824,2.652656189334788e-05,0.4890776699029126,0.0007600681659619791,-34.748714134794966,5102.798437338018,1247,0.0018291806464271932,0.4963913392141139,0.06451590412879736,-123.03716621337259,20241.524074930545
2052,4214808,824,-0.0005534207930132004,0.4866504854368932,-0.0158572199760366,-40.20051347696028,5091.227411474609,1247,0.00101316903633191,0.4963913392141139,0.03573486114776541,-133.358811754312,20238.93292230631
2053,4218915,825,-0.004601535312449691,0.47878787878787876,-0.131928513159495,-73.37672454603063,5111.1598520924745,1248,-0.0022832886282736224,0.4967948717948718,-0.08056482895907205,-158.92175600517766,20259.59164258127
2054,4223024,827,-0.01022453378683218,0.4860943168077388,-0.2934993340950742,-137.3014954525554,5123.359975326919,1249,-0.007843674787006562,0.49719775820656525,-0.2768717207819278,-211.90632574726578,20292.534356009826
2055,4227135,827,-0.0053364174853950085,0.4848851269649335,-0.15318399949285166,-91.78093994006332,5129.055411317904,1250,-0.0045912401672875474,0.4976,-0.16212994597952005,-155.48524399619657,20308.094070126208
2056,4231248,828,-0.0006644537297185913,0.47946859903381644,-0.019084980380471475,-53.0591049079689,5116.863055121359,1250,-0.0014875704712868664,0.4976,-0.052530408204055044,-116.34100573271905,20307.87944493608
2057,4235363,829,-0.004502785482298036,0.49215922798552475,-0.12941102613094685,-84.0695461354598,5149.166125471027,1250,-0.003227287545041488,0.4976,-0.11396484093034903,-138.46452254746384,20329.150256913228
2058,4239480,829,-0.010659824006951035,0.4825090470446321,-0.30636564156522855,-145.3118204315656,5137.563367911925,1250,-0.008543725680029939,0.4976,-0.30170362091631747,-207.95555232220266,20318.471483824345
2059,4243599,830,0.0003809348137201898,0.4963855421686747,0.010954773928084392,-31.385702123752537,5129.5092596903,1251,0.0005925354758640059,0.49720223820943243,0.020932526510586705,-106.27030229441982,20341.40511092203
2060,4247720,832,0.0023979834513896047,0.49759615384615385,0.06904360304091708,-11.159314880375064,5140.248326489253,1251,0.0023893514847914163,0.49720223820943243,0.08440872375713267,-82.52273680859975,20347.861019847398
2061,4251843,832,0.002271903530557213,0.49158653846153844,0.06541346455921178,-12.832834832877552,5134.127595008494,1251,0.0020247022295773235,0.49720223820943243,0.07152674366859099,-87.83019767517834,20343.438744763986
2062,4255968,833,0.009197932375025981,0.5018007202881153,0.2649898616545686,48.99271599031067,5148.39637988541,1252,0.006667719305846585,0.4968051118210863,0.23564516215319914,-44.29195153972836,20374.60351324072
2063,4260095,835,0.008352276377636069,0.5029940119760479,0.2409164859713078,40.83873548418245,5144.4296406732965,1253,0.004423329271468492,0.4972067039106145,0.15638830616381608,-56.91190877676405,20385.203267167173
2064,4264224,835,0.008683430229833226,0.5041916167664671,0.250468423524622,44.24001503087743,5140.505369406196,1253,0.004999619349138284,0.4972067039106145,0.17676323725635767,-49.46924374045517,20387.73232936045
2065,4268355,835,0.005390666173041018,0.49700598802395207,0.15549058636646898,13.216955340526908,5161.462114929161,1254,0.0034198076768353317,0.49760765550239233,0.12095681364736703,-52.586625326950525,20402.677887807873
2066,4272488,837,0.008544897834964562,0.4946236559139785,0.24676860151632954,43.807182431389265,5153.102104004072,1255,0.00623541792080474,0.49721115537848604,0.22063160852915048,-32.776128023874946,20416.027168053763
2067,4276623,837,0.00679361796053189,0.4874551971326165,0.19619328817447776,27.067067313757036,5169.353626507246,1256,0.004492266499303233,0.49761146496815284,0.1590160817365808,-38.692028756130526,20440.84776077891
2068,4280760,838,0.0019829054347824033,0.5035799522673031,0.05729876228459747,-15.308613122642612,5163.4418133867275,1256,0.0013256996920126517,0.49761146496815284,0.04692677307010633,-80.43189501589296,20455.09480903477
2069,4284899,839,-0.006122748458682005,0.4934445768772348,-0.17703109530083364,-90.907981927251,5187.94757241405,1257,-0.004775038990773566,0.49801113762927607,-0.16909302378783528,-144.54870315389076,20470.86470658648
2070,4289040,839,-0.009463870042102921,0.48748510131108463,-0.27363516411694566,-126.26956963370236,5203.701159560415,1257,-0.008348701133818867,0.49801113762927607,-0.29564305593024315,-193.4792005556377,20472.8724572773
2071,4293183,839,-0.009311030214587833,0.47794994040524436,-0.2692160046082418,-124.28829913726139,5221.932333515851,1258,-0.008307543661943608,0.49761526232114467,-0.2943028687039081,-208.84862005785828,20501.63064582696
2072,4297328,841,-0.009846414364270046,0.4946492271105826,-0.28503626426820344,-130.98708939580058,5204.210726671687,1258,-0.00860916687076928,0.49761526232114467,-0.30498816621630237,-214.02358263818422,20498.077124689735
2073,4301475,841,-0.005513030940523977,0.4863258026159334,-0.15959248574630444,-85.53258839163215,5208.225626095397,1259,-0.0044204798879579925,0.49722001588562353,-0.15666220636911898,-173.16835148104911,20517.641321013
2074,4305624,842,-0.011852986652833557,0.49049881235154397,-0.3433276459664997,-143.54609091982633,5219.307181434974,1260,-0.009658146262448299,0.4976190476190476,-0.34242180867775196,-226.07210227880165,20540.702713002538
2075,4309775,844,-0.007938721094302265,0.48933649289099523,-0.2302229117347657,-115.70099410776282,5205.458710410602,1260,-0.008600926481609409,0.4976190476190476,-0.30493893156164376,-212.16349757718717,20535.772018525255
2076,4313928,844,-0.009444188355499704,0.495260663507109,-0.2738814623094914,-129.02754173445788,5228.629140033241,1260,-0.009911570872526426,0.4976190476190476,-0.3514067744246269,-227.2091828654954,20544.186527001388
2077,4318083,845,-0.01866690508258508,0.48284023668639053,-0.5416619949701166,-228.56240523334083,5244.887452325844,1261,-0.017642156780874673,0.4972244250594766,-0.6257372335239852,-346.5088108243567,20561.824564742674
2078,4322240,846,-0.019952798630634438,0.4929078014184397,-0.5793187792598198,-250.16182264113678,5241.041852950036,1262,-0.018633659228168613,0.4968304278922345,-0.6611667638315429,-378.85095705867036,20577.403838131722
2079,4326399,846,-0.02046433164783447,0.49763593380614657,-0.5941708653536688,-256.0930736228399,5239.940495818385,1262,-0.018664326725100183,0.4968304278922345,-0.6622549199179443,-380.0527402333245,20570.849615260264
2080,4330560,847,-0.019013809808141307,0.5029515938606848,-0.5523830818613328,-244.80574382323942,5246.789733920398,1262,-0.018987054126141045,0.4968304278922345,-0.6737060594248527,-381.64310232883787,20586.797208477117
2081,4334723,849,-0.01189875544243565,0.4876325088339223,-0.34608814251970926,-175.66952883622565,5251.631683054688,1263,-0.014205309328604735,0.4972288202692003,-0.5042384599898091,-305.8641287392425,20594.418286980846
2082,4338888,849,-0.013176933105791626,0.5005889281507656,-0.38326531919681067,-186.38589227778402,5269.402863285661,1264,-0.01605779771695493,0.497626582278481,-0.5702214183464251,-311.04682278431846,20626.829405087545
2083,4343055,850,-0.01120049192536548,0.5011764705882353,-0.32597087815714487,-171.9379100613333,5233.707628422971,1265,-0.015121935150902873,0.4980237154150198,-0.5372012923082344,-282.0410033675985,20638.012805054008
2084,4347224,851,-0.01780392807726389,0.4994124559341951,-0.5184582114533117,-235.25252091138793,5242.035847463457,1265,-0.019281045534277782,0.4980237154150198,-0.6849521886389992,-339.75271932148524,20641.671739342702
2085,4351395,851,-0.015228906753350672,0.4864864864864865,-0.44347245863199636,-210.08985664927297,5278.539004396625,1266,-0.017133416314590682,0.49842022116903634,-0.6088995357784983,-296.36623045046275,20658.30721985786
2086,4355568,852,-0.01740664963382302,0.49061032863849763,-0.5071880738956662,-237.50733835312099,5275.489317268745,1267,-0.020070640932827084,0.4988161010260458,-0.7135670347643976,-318.3418949971259,20685.538248430068
2087,4359743,854,-0.01444813484538243,0.4929742388758782,-0.42147960690205555,-199.2788215222593,5272.1347045248485,1268,-0.017410070569020386,0.499211356466877,-0.619221167985326,-271.60358201456916,20699.613349944542
2088,4363920,854,-0.019446987939597087,0.4859484777517564,-0.5673056709344022,-250.0311774780397,5274.168686798442,1268,-0.020925563269824272,0.499211356466877,-0.744256129079005,-317.3078436075717,20704.435447942546
2089,4368099,855,-0.020777851412461776,0.495906432748538,-0.606485516017675,-274.1508828877486,5273.256659134059,1269,-0.0220909670035868,0.4996059889676911,-0.7860163497742321,-322.16138514020406,20717.14968209743
2090,4372280,857,-0.017266057494934314,0.4959159859976663,-0.5045708049137348,-247.38158730362085,5273.457896214637,1270,-0.019341428773542724,0.49921259842519683,-0.6884570636514432,-299.1557520137774,20733.409613396536
2091,4376463,857,-0.014858511068847658,0.4830805134189031,-0.43421440546156503,-219.78399944540473,5283.874358827923,1271,-0.018154908921236775,0.4996066089693155,-0.6464779271915589,-263.4537206060744,20770.398945709767
2092,4380648,858,-0.016123749111582878,0.4836829836829837,-0.4714645999736837,-237.30088386806557,5295.336774755604,1271,-0.018969202386459317,0.4996066089693155,-0.6754740931214753,-272.38533981784263,20769.14567135833
2093,4384835,860,-0.019837538995659293,0.4872093023255814,-0.5807352719333377,-264.97031568597106,5296.793997142606,1272,-0.020716648866697517,0.5,-0.737989726620638,-280.5324658880143,20781.682266120268
2094,4389024,860,-0.023884689897732157,0.4744186046511628,-0.6992138433017328,-310.89480035866404,5309.716509983799,1273,-0.02454128654440696,0.5003927729772192,-0.8745792854129673,-320.4465992548783,20804.381196146052
2095,4393215,861,-0.01899422525671249,0.48548199767711964,-0.5563719519189895,-251.75908130819363,5317.331160876544,1274,-0.02099981982672205,0.5,-0.7486664023657909,-286.0708352680276,20831.47070021685
2096,4397408,863,-0.01804930307430905,0.48899188876013905,-0.5293094687068288,-256.13171867379094,5337.776337409405,1274,-0.021060018184499284,0.5,-0.7508125392525493,-290.1272844007488,20839.623571844037
2097,4401603,863,-0.01825091385890515,0.48783314020857477,-0.5352218575032707,-263.6293534832477,5312.858428592053,1274,-0.02123648937690741,0.5,-0.7571039290754883,-299.78754581839587,20829.51375677038
2098,4405800,863,-0.012395869238883101,0.4959443800695249,-0.363518244110581,-199.0308450817027,5332.805456021753,1275,-0.015682423978117827,0.4996078431372549,-0.5593153605677694,-236.98167509028502,20840.429960664005
2099,4409999,865,-0.01576941623283254,0.4982658959537572,-0.46298748248258925,-239.70863968613764,5310.52274839515,1276,-0.01902778476502529,0.5,-0.6788947215663379,-273.1094289192077,20859.901072128036
2100,4414200,865,-0.005991377461093457,0.5098265895953757,-0.1759058627382256,-129.37794844051228,5308.9654914648745,1276,-0.011529717451024006,0.5,-0.4113702364890655,-162.5761659014313,20860.716898809776
2101,4418403,866,-0.004157660831458406,0.5046189376443418,-0.12213902700484255,-114.99030500153009,5324.019905967044,1277,-0.00998814978482039,0.49960845732184805,-0.3565083946024072,-156.65671964836366,20885.72135891646
2102,4422608,868,-0.006508240568892252,0.4942396313364055,-0.1914130976101879,-138.46051397680185,5331.940447342319,1278,-0.01224137240699152,0.49921752738654146,-0.43710442455834625,-199.968474717976,20915.18132943745
2103,4426815,868,-0.002624530162095932,0.49078341013824883,-0.07718974779441162,-97.88561232338367,5357.543173365931,1279,-0.009839642552784397,0.4988272087568413,-0.3514832708151805,-184.60486237679646,20936.256863174127
2104,4431024,868,0.00203666172749678,0.5046082949308756,0.059900018433189116,-48.73831058081896,5370.403068310693,1279,-0.0055895470671533665,0.4988272087568413,-0.19966500561369657,-125.0600220751574,20954.71032429095
2105,4435235,869,-0.0011602142091499924,0.5017261219792866,-0.03414264213010363,-76.45491482137089,5379.764936542427,1280,-0.006896494839342928,0.4984375,-0.24644718632035506,-160.06475212828008,20971.832485475665
2106,4439448,869,0.006956825375223531,0.49597238204833144,0.20472460798588082,7.7849554559469425,5384.594370183384,1280,-0.0009436486089661968,0.4984375,-0.033721412104615385,-78.26410474822512,20985.40285341991
2107,4443663,870,0.01321322612124702,0.4862068965517241,0.38906164255623343,76.73278653316845,5389.151030272564,1280,0.004369637433765402,0.4984375,0.15614959133271558,-7.463120412123601,20985.35641621202
2108,4447880,871,0.008370693737191305,0.4890929965556831,0.24661603727480708,33.27936064991093,5400.376268748761,1280,0.002064559828365619,0.4984375,0.07377732783734221,-38.103423396179494,20988.802047388126
2109,4452099,871,0.008016668336893438,0.5005740528128588,0.23618579767254172,28.89926787225653,5403.096120802456,1281,0.0013978284365510718,0.49882903981264637,0.04997114471375836,-30.727014951596743,21016.28234038179
2110,4456320,873,0.007686266672288999,0.4936998854524628,0.22671229556656233,26.0737164165011,5414.804270020714,1282,0.0012603911547114453,0.49921996879875197,0.045075506859234914,-16.05471167617418,21031.013197085413
2111,4460543,873,0.00417201835492172,0.48911798396334477,0.12305686215652197,-10.183115194707398,5428.106064012152,1283,-0.0026691566964843834,0.49961028838659394,-0.0954946530550057,-51.671076924126794,21039.421226184877
2112,4464768,873,0.0019815924857277487,0.49713631156930127,0.05844858114752342,-32.28301517611828,5409.161619244938,1283,-0.004508318704154295,0.49961028838659394,-0.16129451338756426,-76.45547097253444,21041.835196797678
2113,4468995,875,0.0016177331425238596,0.5085714285714286,0.047771087216080255,-24.33402092178926,5420.229082140041,1284,-0.004369979855790733,0.5,-0.15640621268722515,-58.248791538186765,21065.923890707163
2114,4473224,876,0.0015623654242900064,0.5,0.046162544694825336,-18.943446001918346,5419.891940303425,1285,-0.006286479218109999,0.5003891050583658,-0.22508756178512498,-67.68057696957197,21090.084250685693
2115,4477455,876,0.006021059378256088,0.502283105022831,0.17790167289784525,26.97879759800645,5443.734135358754,1285,-0.0019803516362467076,0.5003891050583658,-0.07090654495378537,-10.067718730780712,21099.30856436243
2116,4481688,878,0.008699559134544682,0.4988610478359909,0.25733642958879693,42.278550988619884,5425.535300293889,1285,-0.001282943453799464,0.5003891050583658,-0.04593582574678856,-0.5758733487326708,21102.89401305795
2117,4485923,879,0.00619603420705677,0.5005688282138794,0.18338586572589347,23.076931361805237,5442.664871393653,1286,-0.0023949047501974677,0.5,-0.08578306780659632,-32.02483997925299,21117.553215985998
2118,4490160,880,0.0039986057974373814,0.5056818181818182,0.11841545498596862,-5.758161616887776,5450.618231430635,1287,-0.004445531805095472,0.5003885003885004,-0.15929649993225897,-42.65501554983348,21134.76139252743
2119,4494399,881,0.0018789872841999404,0.5175936435868331,0.05567639393903389,-21.31419192738315,5438.290047581369,1288,-0.0034786021892755175,0.5,-0.12469709319279926,-46.39393250337895,21136.644899496845
2120,4498640,882,0.002113725332671658,0.5102040816326531,0.06266758949695275,-12.877360814472468,5429.878531858778,1288,-0.002955480148314653,0.5,-0.1059447914510212,-39.6594897712194,21127.66658258444
2121,4502883,882,0.004328789591713627,0.5090702947845805,0.12833966881085332,11.193842734474515,5426.051033177124,1289,-0.002064765986072266,0.5003878975950349,-0.07404424711165544,-11.905892497483933,21143.924561271815
2122,4507128,883,0.004638614443118514,0.5084937712344281,0.13760354166110247,19.515194709866932,5448.544744840454,1290,-0.0006667594473651536,0.5,-0.023919849973556097,-9.018303533645508,21174.35351749506
2123,4511375,884,0.006988680760386109,0.503393665158371,0.2074355354728081,49.981879482055774,5461.618439335774,1291,0.0011755160248387584,0.49961270333075136,0.04218776181492328,-0.503626799490803,21200.90905302688
2124,4515624,884,-0.00028788032426438977,0.5090497737556561,-0.008544761345282871,-26.256015380278996,5451.857688383367,1291,-0.005049455735057746,0.49961270333075136,-0.18121848732333062,-84.18169596639711,21203.190741797083
2125,4519875,884,0.0015827648698349957,0.502262443438914,0.04697906365430158,-6.725529052066179,5468.632726721448,1291,-0.002842050823503914,0.49961270333075136,-0.10199755739130476,-54.96997914489731,21218.26275139144
2126,4524128,885,0.0002440032808095112,0.49265536723163844,0.007246527728671171,-14.95409656899551,5480.191566970833,1292,-0.003178891137409406,0.49922600619195046,-0.11413060363045305,-76.04230109180867,21237.926719316038
2127,4528383,886,-0.001331083438918919,0.4966139954853273,-0.03955356489830724,-25.670731374758702,5474.435122987504,1293,-0.003470259671855527,0.4988399071925754,-0.12463982439508572,-96.45833607948106,21243.17390872557
2128,4532640,887,-0.005987995375190096,0.4926719278466742,-0.17803590181240248,-80.52544121759843,5476.775888112599,1293,-0.007667643610915751,0.4988399071925754,-0.27539545842620955,-153.42311123010415,21261.88815221644
2129,4536899,888,-0.014218838014002868,0.4954954954954955,-0.422995494898682,-161.63027303062114,5498.166575685882,1294,-0.014182551121811621,0.4992272024729521,-0.5095859892233449,-225.81909430967437,21272.72412959869
2130,4541160,889,-0.012422451046183591,0.5084364454443194,-0.369763598716014,-149.17294746266123,5498.099341708024,1295,-0.012578332747378122,0.4988416988416988,-0.45212064261352214,-221.1106982405916,21294.42357345126
2131,4545423,889,-0.018540065089631495,0.5028121484814398,-0.5518589819742055,-213.9560674737359,5485.3597516984655,1296,-0.016719926269648255,0.4992283950617284,-0.6012202784836674,-261.2890568185136,21306.084691021395
2132,4549688,890,-0.027198339109670604,0.503370786516854,-0.8100357645425007,-301.5428003226485,5513.9912156300015,1296,-0.022829565668437808,0.4992283950617284,-0.8209125810414296,-346.3097837442871,21334.106000429696
2133,4553955,891,-0.016511323575149353,0.5050505050505051,-0.49202636098944447,-190.86306516645243,5523.649136854423,1296,-0.014479258180329689,0.4992283950617284,-0.520649642529666,-228.93413372429012,21346.487045215526
2134,4558224,892,-0.013381495158951469,0.5022421524663677,-0.3989840383781762,-152.99961816183367,5527.348457593487,1297,-0.012401283634296455,0.49961449498843485,-0.44610159772979985,-185.1691859935238,21357.112571778358
2135,4562495,893,-0.014996882145312574,0.5083986562150056,-0.4474000021586406,-165.54367661353172,5524.524900082841,1298,-0.015159526173266206,0.5,-0.5455323526321205,-207.70814136052854,21371.28291505557
2136,4566768,894,-0.001613141835026385,0.5033557046979866,-0.04815167580367119,-28.786419501772116,5548.084400712386,1298,-0.005814006816178848,0.5,-0.20922347970496394,-79.25462663891363,21386.22889218187
2137,4571043,895,0.001499933523448435,0.5173184357541899,0.04479756815598228,-1.7601058984188853,5557.396205393474,1299,-0.005007607605474605,0.5003849114703618,-0.1802738737970858,-51.44848017492717,21398.779636306863
2138,4575320,895,-0.0023102883138162375,0.5173184357541899,-0.06899992338341138,-42.110143953261854,5548.645572379795,1300,-0.007455636856915896,0.5,-0.268506457393555,-101.95163615928516,21425.086891749805
2139,4579599,896,-0.006214305228448687,0.5044642857142857,-0.18570273934109305,-89.38896068214791,5563.843207709835,1301,-0.010347482553742675,0.5003843197540354,-0.3727966911999243,-124.9142910674392,21438.54157130893
2140,4583880,897,-0.006867194487983668,0.5150501672240803,-0.20532796682721813,-90.0486133374132,5573.08048377408,1301,-0.010127503728258118,0.5003843197540354,-0.3648713453151877,-121.11348949573517,21450.56627487308
2141,4588163,897,-0.0042508959517670855,0.5027870680044593,-0.12710107810368218,-62.5913114470257,5574.473161041201,1302,-0.007931524065224712,0.500768049155146,-0.2858651554884105,-75.2267302683909,21454.073868306477
2142,4592448,898,0.0015865235243342653,0.5077951002227171,0.04746331129907696,-6.612296279306179,5570.827057072594,1302,-0.0038058064503685503,0.500768049155146,-0.13716751581999748,-18.764788557559427,21477.34986032186
2143,4596735,899,0.005011527348284638,0.5072302558398221,0.15001134657383072,34.83116994124481,5579.63033383967,1303,-0.0017922745002959001,0.501151189562548,-0.06462137610523466,25.36807809712502,21500.088370518228
2144,4601024,899,0.0011502359798423677,0.5150166852057843,0.03443031160408286,-5.315331975489926,5576.745025257063,1303,-0.004650104614124691,0.501151189562548,-0.1676619062249826,-14.058427965760984,21502.236938458773
2145,4605315,900,0.0016665513347207685,0.5188888888888888,0.049913142919273665,-5.592882811408288,5580.237905182,1304,-0.004521250751766928,0.5007668711656442,-0.16307870056147514,-29.209349519792795,21532.728597687706
2146,4609608,902,-0.0005877893874371664,0.516629711751663,-0.017623882410564354,-29.616503774663272,5595.278223750573,1305,-0.006844235443834701,0.5011494252873563,-0.2469621703246419,-42.281899786895735,21567.532934920702
2147,4613903,902,0.005386934063359788,0.5155210643015521,0.16151821471302985,33.22990338662487,5597.0813620275385,1306,-0.0005079280186357517,0.5007656967840735,-0.018334724060267676,26.174377134986457,21582.69301220504
2148,4618200,904,-0.0013091606571054213,0.5011061946902655,-0.039296632999883604,-37.339596985429466,5599.90917717675,1306,-0.005839567342804726,0.5007656967840735,-0.21079139549979345,-46.68714119238217,21576.10217932536
2149,4622499,905,-0.00317743999231737,0.5060773480662983,-0.09542905565973911,-51.43791638323404,5606.227488886249,1307,-0.0061804258170553685,0.5003825554705432,-0.22318098690811988,-68.00763156013608,21595.332376234535
2150,4626800,905,0.002324550510860027,0.5027624309392266,0.06981395734336172,6.854186958642401,5603.802096481273,1307,-0.0011045735730449168,0.5003825554705432,-0.0398871902101797,1.618341722247294,21610.3054810206
2151,4631103,906,-0.00015300613775313284,0.5022075055187638,-0.0045978280748292435,-25.04367809435979,5604.525672850579,1307,-0.0030091925745573452,0.5003825554705432,-0.10866477302146021,-24.843201341622603,21609.83957088751
2152,4635408,907,0.002499598804449287,0.5093715545755237,0.07515441930862544,10.00791752726417,5612.155317948497,1307,-0.0009785284245171135,0.5003825554705432,-0.03533558139290593,2.7819839771012767,21610.248888873615
2153,4639715,907,0.004472330441882596,0.4961411245865491,0.13446773806968107,31.18139359009143,5608.617180591643,1308,0.00015554246642942573,0.5007645259938838,0.005618937961585666,35.232867245614955,21625.58624012011
2154,4644024,909,0.004091008360562144,0.49064906490649063,0.12313867208155023,39.051274783475094,5601.976757945818,1309,0.0015031448188039733,0.5011459129106188,0.05432158241679068,70.6315554530965,21636.70862472392
2155,4648335,910,-5.4538917096805214e-05,0.5032967032967033,-0.0016425180621928083,-0.5884438266296002,5617.311092858632,1310,-0.00018320877391295737,0.500763358778626,-0.006623446948090299,30.540265550736024,21658.36337081907
2156,4652648,911,-0.0028582200630094174,0.5027442371020856,-0.08612685476179494,-25.775175426222233,5633.181947118402,1310,-0.0021010009963242826,0.500763358778626,-0.07595634390113973,3.4770213677524566,21665.039383886095
2157,4656963,911,-0.005809040853643442,0.4994511525795829,-0.1750440508000288,-60.09705452218617,5616.5045530779225,1311,-0.004535333382997091,0.5003813882532419,-0.16402614899632806,-48.84559678706279,21677.762819705982
2158,4661280,912,-0.006200385185803771,0.5032894736842105,-0.18693929976110532,-59.05411073599993,5606.341386239126,1312,-0.005133896717327027,0.5007621951219512,-0.1857449224473531,-41.242312493496115,21681.33625712352
2159,4665599,913,-0.004466684784358185,0.4928806133625411,-0.13474293449440455,-45.2935942336253,5630.621933515933,1313,-0.003648776758681609,0.5003808073115004,-0.1320635419161948,-36.45977028173627,21703.89356941731
2160,4669920,914,-0.004981415272340034,0.5021881838074398,-0.15035294404574462,-44.44090290363755,5630.1820727122295,1313,-0.003967860626861868,0.5003808073115004,-0.14361243859778602,-40.16097859678405,21701.179322287007
2161,4674243,915,-0.0022986378600458397,0.49398907103825135,-0.06941734107996458,-8.33393522248548,5642.314743161745,1314,-0.0022270109323996117,0.5007610350076104,-0.08063501941190877,1.3604040979320757,21716.365920145534
2162,4678568,916,-0.00010669223869856569,0.5,-0.0032238009333768114,10.424694087380374,5666.602469225835,1315,-0.0023899945754601785,0.5011406844106464,-0.08656928543540458,15.340581835335684,21752.138258268464
2163,4682895,917,0.0055767411660231185,0.4994547437295529,0.16859845318980432,68.05971800815308,5657.760610738494,1316,0.0022221991865429354,0.5015197568389058,0.08052214721425681,97.68717030093495,21764.582544576617
2164,4687224,917,0.012266214512823158,0.5190839694656488,0.37083750738804516,139.51028986260314,5671.045712680974,1316,0.008316374785710366,0.5015197568389058,0.3013466834292557,181.76661191242124,21783.453865943316
2165,4691555,918,0.011635208844213407,0.5119825708061002,0.3519530474883584,141.27352903858014,5669.216983857213,1317,0.00928319649468103,0.5011389521640092,0.3365078700814286,181.14548235683537,21798.069130283377
2166,4695888,920,0.013120016153057657,0.5195652173913043,0.39730043226304806,158.88187768578854,5690.363592293842,1317,0.010521579064675324,0.5011389521640092,0.3813981706598463,199.47786598126288,21806.2325893707
2167,4700223,920,0.012899278532398289,0.5195652173913043,0.390616053899364,157.08317298434702,5707.587648496848,1318,0.011553150761595864,0.5007587253414264,0.4189510826624207,198.4151783377609,21831.31763321302
2168,4704560,921,0.015001048345687667,0.501628664495114,0.4545094855436426,173.29422963442494,5696.814854066729,1318,0.01270684325531927,0.5007587253414264,0.4607873513374227,213.21880635356547,21840.621799755318
2169,4708899,923,0.013792098853554124,0.5157096424702059,0.4183350708741885,173.45219149932467,5715.890590083033,1318,0.013307183688859877,0.5007587253414264,0.4825574536920052,223.70108305990584,21853.30089060757
2170,4713240,923,0.015385082344739226,0.5092091007583965,0.46665265246653653,191.8827885868705,5708.520247231941,1319,0.01444721610916815,0.5003790750568613,0.524097531142239,223.96763254239227,21851.534430377356
2171,4717583,924,0.014896375506547812,0.5270562770562771,0.4520749329223458,178.19026842139516,5713.966276745845,1320,0.014655049319013992,0.5,0.5318389885151131,207.72591485085036,21887.713566800736
2172,4721928,926,0.012734529702936096,0.5237580993520519,0.38688666525848325,153.91804160965626,5693.649261369646,1320,0.013264955616081823,0.5,0.4813918004630422,187.653197480767,21887.451611945045
2173,4726275,926,0.007160762874332699,0.5107991360691144,0.2175505286636993,91.75487127145755,5725.165239141174,1321,0.009303910127011983,0.4996214988644966,0.33777166271417475,115.27388116262637,21920.37228541741
2174,4730624,928,0.004257474073400885,0.5118534482758621,0.12948601883699518,47.57363267644752,5713.2807013759975,1322,0.0053855815190718805,0.49924357034795763,0.19559376284997423,43.007377190062016,21923.867709372233
2175,4734975,928,0.014605597129600875,0.5172413793103449,0.4442118947628372,159.22608045307436,5737.67229311236,1322,0.013735989965268364,0.49924357034795763,0.4988642274306029,156.96514230466983,21941.41481740083
2176,4739328,928,0.01961217622286625,0.5129310344827587,0.5964810533302825,213.702523229049,5746.006438955072,1322,0.017867604043802342,0.49924357034795763,0.6489163511246949,214.00446791512155,21958.48692148155
2177,4743683,929,0.023921217854986198,0.5059203444564048,0.7279285944063799,260.34853526237356,5744.303591959404,1323,0.022055328383026887,0.4988662131519274,0.8013098734632937,261.0397553114767,21956.97067717814
2178,4748040,930,0.024833441282669944,0.5096774193548387,0.7560957082977058,280.31165218416,5734.861628403179,1323,0.02113315026680674,0.4988662131519274,0.7678054786619151,251.78517522560912,21955.249262378828
2179,4752399,930,0.01892017303619034,0.4967741935483871,0.5760563536112322,215.40168951775917,5730.029112852417,1324,0.015254422806897068,0.49924471299093653,0.55443059569405,186.23342642219728,21968.409942914957
2180,4756760,931,0.01771122291389539,0.5091299677765844,0.5395386205584204,207.809430629845,5736.187233428714,1324,0.015053444145338959,0.49924471299093653,0.5471259129499034,183.56564120810924,21973.50529442167
2181,4761123,932,0.02131878677406088,0.4978540772532189,0.6497859893704266,242.58354419371972,5734.475764330138,1325,0.017546651836364228,0.49886792452830186,0.637984292644595,202.20427225901005,21999.4929800322
2182,4765488,933,0.020704603337221104,0.5101822079314041,0.6314055411516837,229.29628555417162,5751.726297189072,1326,0.016596231674730462,0.4984917043740573,0.6036558459711586,171.47970816177838,22026.485690102145
2183,4769855,933,0.02124727766785092,0.5166130760986066,0.6479548840113202,235.125776757341,5777.712831982363,1327,0.017290503304219496,0.4981160512434062,0.6291462723210799,164.77489802314608,22044.413364551805
2184,4774224,934,0.015618575509603326,0.5085653104925053,0.4765585460189412,181.9999968534516,5771.366166560567,1327,0.013299675479915538,0.4981160512434062,0.48393277535344953,112.15514969278468,22048.552847271632
2185,4778595,935,0.01663071835838997,0.5058823529411764,0.5077137965273301,197.3884737743076,5774.250380007452,1328,0.014656794034701276,0.49849397590361444,0.5335153559858823,146.43278987864966,22053.407877389356
2186,4782968,936,0.0201108248851842,0.5106837606837606,0.614286125487019,241.4676509557798,5802.458470251783,1329,0.01821871781884036,0.49811888638073737,0.6634215449503553,179.58032589885767,22087.898590902827
2187,4787343,937,0.020504281989152464,0.5058697972251868,0.6266398420288142,243.5656433499139,5783.521646467656,1329,0.017797214066495502,0.49811888638073737,0.6480727880639723,176.70073674709096,22083.57401540799
2188,4791720,938,0.021510259663893035,0.5106609808102346,0.657735766250838,257.4004133090023,5799.102120094873,1329,0.018690185871962823,0.49811888638073737,0.6805897160207578,197.56157214366414,22077.013260286607
2189,4796099,939,0.015478837360690435,0.5079872204472844,0.4735613624993374,176.78987643587107,5794.002644906434,1330,0.01350734688304542,0.49774436090225566,0.4920457835402135,100.47211952312091,22097.165429770925
2190,4800480,939,0.01336571167027953,0.5069222577209798,0.40891214771886086,151.1527859466962,5804.557278191666,1331,0.01248508102386633,0.4973703981968445,0.45497800559267637,67.98377233134624,22126.618811373046
2191,4804863,940,0.023359725497588545,0.5074468085106383,0.7150518432095389,260.15601466044575,5813.111498416898,1332,0.02131421674159954,0.496996996996997,0.7770194110343547,179.24034456178504,22139.80424171457
2192,4809248,942,0.018048062626079067,0.5180467091295117,0.5530487122460597,208.6960649315604,5811.250419534423,1332,0.01686421655821391,0.496996996996997,0.6147926417602807,112.26435377999815,22143.38864837207
2193,4813635,942,0.012919743734502446,0.5074309978768577,0.3959010882747572,147.64241725754312,5821.033886699926,1333,0.013585746905148731,0.4973743435858965,0.495460846314932,79.35909096945346,22153.404973584373
2194,4818024,944,0.017094399314291634,0.5021186440677966,0.5243830633510044,199.63642587941376,5824.324411253358,1334,0.017317746804883842,0.4970014992503748,0.6318011520279335,121.06338045488957,22176.783226047744
2195,4822415,945,0.019570963111076395,0.5005291005291005,0.6006723619941211,231.0580996363634,5845.276567965388,1335,0.01886988592228958,0.4966292134831461,0.6886862102346295,123.56949861677163,22208.72444619914
2196,4826808,946,0.01579022073647235,0.5021141649048626,0.48489091542825347,200.57852546502795,5846.455604707758,1335,0.016193714013072992,0.4966292134831461,0.5910151009505137,92.98868384923185,22207.539767850725
2197,4831203,946,0.01923949808913122,0.5190274841437632,0.5908123766294575,241.7509177942572,5834.248850871878,1335,0.01914496097920774,0.4966292134831461,0.6987255077300781,137.14701705460288,22207.676497045562
2198,4835600,947,0.020365462888293145,0.5110876451953538,0.6257203546711553,257.0790898108392,5847.143411995522,1336,0.02060396330558684,0.49700598802395207,0.7522563154244652,171.23144893847603,22215.323682813814
2199,4839999,948,0.027387702276236697,0.5116033755274262,0.8419213104520712,338.93829263818486,5850.851874522918,1337,0.026193732781266646,0.49663425579655945,0.9566989723940762,229.93828152137775,22242.114912485125
2200,4844400,949,0.02353020013087188,0.5047418335089568,0.7237210243015906,293.4181386698292,5855.881226213784,1337,0.022121302408999823,0.49663425579655945,0.8079576690896263,175.79129126828445,22243.995102179346
2201,4848803,950,0.021605288308892447,0.5042105263157894,0.664867425368483,266.6038188849726,5870.460565115435,1338,0.021303238771101518,0.4962630792227205,0.7783703207053706,148.7956623310102,22258.370781029946
2202,4853208,950,0.02683619234410168,0.5105263157894737,0.8258399450829148,329.48787459685,5892.420303270359,1339,0.024613486991422406,0.49663928304705,0.8996557781438217,215.83306957382268,22289.328275695265
2203,4857615,951,0.01987297476021308,0.5162986330178759,0.6118811153136062,253.37079520724302,5874.19128854442,1340,0.018734670088673893,0.49701492537313435,0.6850334103342345,145.6509799101584,22301.913930331215
2204,4862024,952,0.019039600025964786,0.509453781512605,0.5865309406349623,249.03520334078308,5875.918412445289,1340,0.01924148681545219,0.49701492537313435,0.7035651693199059,152.7081516298427,22301.00009772234
2205,4866435,953,0.020966742066149884,0.49842602308499473,0.6462383919460651,267.3663861798537,5880.037389065265,1340,0.021558838255893602,0.49701492537313435,0.7882991492979273,188.38102386368018,22310.77689048511
2206,4870848,955,0.0235384784329455,0.5151832460732985,0.7262679178686092,296.2880558157063,5883.668945410581,1341,0.023698920268049473,0.4966442953020134,0.8668752757253422,201.5241512628176,22330.209029178324
2207,4875263,955,0.02309380567814511,0.5193717277486911,0.7125477635824358,291.43502536862616,5892.144847402864,1342,0.02271280686235308,0.4970193740685544,0.8311149538202369,204.09445145225226,22358.576056237467
2208,4879680,956,0.025044311012307755,0.5188284518828452,0.7731353639042668,315.6913501312559,5916.657721784059,1342,0.024090097048720026,0.4970193740685544,0.8815132368935973,231.87903904824674,22346.54050195868
2209,4884099,957,0.023392591330327523,0.5245559038662487,0.7225244051289338,293.4171454430001,5901.243722082129,1342,0.022792811910696546,0.4970193740685544,0.8340425264651476,203.22832250999448,22350.353598168807
2210,4888520,957,0.02792533894110377,0.5193312434691745,0.862526883897918,344.86280041879036,5912.7357550045235,1343,0.02613941011065227,0.49664929262844376,0.9568595192869462,234.07105184197815,22379.971829244794
2211,4892943,959,0.03262714948727758,0.5172054223149114,1.0088069809353477,396.48852041823574,5915.560201589786,1344,0.02990274943935431,0.49702380952380953,1.0950287222844846,301.9326621673181,22406.598872871127
2212,4897368,960,0.030672934486311008,0.5260416666666666,0.9488800065716747,378.13763472414985,5940.814464509534,1344,0.03014235299176879,0.49702380952380953,1.1038029245493086,303.59512201695526,22419.434447926084
2213,4901795,960,0.04177787955382106,0.5135416666666667,1.2924161085165242,497.20291973929966,5932.03867455549,1345,0.038396117786511495,0.49739776951672865,1.4065771992903702,430.5126113558956,22426.27937037941
2214,4906224,961,0.03203859778468231,0.5171696149843913,0.9916450648252563,383.2921147151812,5937.818053108658,1345,0.03031805896138618,0.49739776951672865,1.1106511001695047,317.47954242599496,22440.127967350996
2215,4910655,961,0.03485378331852288,0.5161290322580645,1.0787794912431052,411.51708328310445,5929.711123942333,1346,0.03244283337381991,0.4970282317979198,1.1889313598028686,327.61623586591,22438.625415920924
2216,4915088,962,0.03798579020930297,0.5187110187110187,1.1763335102148307,451.31221601865366,5917.847412075729,1346,0.03564669137001822,0.4970282317979198,1.3063430297437928,383.3998914240049,22446.01328463494
2217,4919523,963,0.04044351064298359,0.5233644859813084,1.253096345459503,487.77673599380995,5927.218948864089,1347,0.03777722555630172,0.49665924276169265,1.384935965257383,399.99267266320675,22458.585180868045
2218,4923960,964,0.04097580560445938,0.516597510373444,1.270249973738241,496.17223538199335,5935.8312933839925,1348,0.03848527477972392,0.49629080118694363,1.4114182669220696,389.8858560840913,22475.024946598227
2219,4928399,965,0.0411547954602238,0.5160621761658031,1.2764622736989484,507.5067642809001,5940.674794256018,1349,0.039744995972518495,0.49592290585618976,1.4581593509406021,395.07725277105396,22494.574824394906
2220,4932840,967,0.04225813512875907,0.5232678386763185,1.3120453441540367,527.3851342384207,5976.864606822094,1349,0.0408358315529989,0.49592290585618976,1.498179787805561,405.1883552108332,22522.813464680745
2221,4937283,967,0.04086457598467023,0.5129265770423992,1.2687776329492253,511.81376226361647,5981.910372338714,1350,0.03991077345897324,0.4962962962962963,1.4647851965090037,409.2467671869364,22545.67247876479
2222,4941728,968,0.04202692987785774,0.5227272727272727,1.3055434254496587,524.4747014561656,5986.924083109539,1351,0.04078428723987727,0.4966691339748335,1.4973999797903605,444.2934971916102,22552.407741064308
2223,4946175,969,0.04466412183682805,0.5211558307533539,1.3881850492472356,563.271220527755,6006.780722799604,1351,0.04278194090010213,0.4966691339748335,1.5707440726478685,475.23418159184,22572.038725564897
2224,4950624,969,0.04460543699540041,0.52218782249742,1.3863610926544045,562.5078893667467,6005.750797420836,1351,0.04232949422640203,0.4966691339748335,1.5541324389549713,468.477696925694,22568.413405427225
2225,4955075,971,0.04979766973484988,0.5262615859938208,1.5493398780992198,611.2048972952805,6025.5348043570475,1351,0.04535401116461452,0.4966691339748335,1.6651779397753657,511.4406738996669,22592.248140226053
2226,4959528,972,0.04768009987234295,0.5246913580246914,1.4842226161185066,578.8982541655257,6013.039921094061,1352,0.04451533983520956,0.496301775147929,1.634992135574058,480.7260768266773,22604.08138583256
2227,4963983,972,0.05374780893850746,0.5246913580246914,1.6731029047114534,646.7704970917035,6023.033423555801,1353,0.0497582200373684,0.4959349593495935,1.8282337440102345,537.9045643168297,22619.135697628895
2228,4968440,973,0.05480588254674375,0.5231243576567317,1.7069195115399105,650.3322922865038,6040.172046049978,1353,0.05090262897419926,0.4959349593495935,1.8702820132949836,550.9584013533874,22624.114497529597
2229,4972899,974,0.051547354227111285,0.5318275154004107,1.6062605534933132,620.3615938538394,6048.351579230092,1354,0.047983017215975914,0.49556868537666177,1.763661472758254,493.759018734027,22641.78700708902
2230,4977360,975,0.048807164483842765,0.5425641025641026,1.521656795868964,586.6295474086658,6036.223227583076,1355,0.046009301258687796,0.4959409594095941,1.6917414237189905,473.70440556853936,22657.696765994355
2231,4981823,976,0.04997556718751045,0.5327868852459017,1.558885264600673,610.6038525869292,6046.953275177339,1356,0.04763302619234995,0.49557522123893805,1.7520926671492587,484.99172402216965,22676.40847284306
2232,4986288,977,0.04741688332194242,0.5291709314227226,1.4798322345940322,594.5862453517417,6053.222321340525,1356,0.046086685386246946,0.49557522123893805,1.6952133839320636,470.9486862133316,22687.55062431085
2233,4990755,978,0.046758027462085704,0.5194274028629857,1.4600189395489127,583.8686222274921,6053.818823671223,1357,0.04538884325856953,0.49594694178334564,1.6701614182596973,467.79479963107445,22703.85729115668
2234,4995224,979,0.04567810664190909,0.5178753830439223,1.4270296703840002,573.8603869483297,6056.439895313385,1358,0.04586559768618729,0.4955817378497791,1.688327540572522,467.07472144690985,22721.525219717725
2235,4999695,979,0.048200568473501085,0.5148110316649642,1.5058338971947134,606.2944170510576,6049.9548563060025,1359,0.047426850568916885,0.49595290654893304,1.7464418530331662,510.2033126050018,22730.436262356787
2236,5004168,980,0.0448752343624075,0.5255102040816326,1.4026651652914661,564.0102986416059,6041.508227306526,1359,0.045320328557096244,0.49595290654893304,1.668871486001662,468.89508711658937,22728.620540388903
2237,5008643,982,0.04340512464587693,0.515274949083503,1.3581018900539483,555.5744131767992,6059.552221444032,1360,0.0439196127514618,0.4963235294117647,1.6178878964290024,461.55219499568966,22755.50803883279
2238,5013120,982,0.03921079713400358,0.4989816700610998,1.2268656784809082,506.08985492024993,6094.626808762444,1361,0.04036028707005223,0.4966936076414401,1.4873190192046897,425.80899634529203,22787.169618530257
2239,5017599,984,0.03991460771418538,0.516260162601626,1.2501622161570627,518.1186507202574,6090.2424643999,1362,0.04105732798868569,0.49706314243759175,1.5135626788324057,456.5954081525852,22806.029381680408
2240,5022080,984,0.044046375949792785,0.5172764227642277,1.3795729965676282,571.1336951059823,6087.1733334249375,1362,0.04496068241439389,0.49706314243759175,1.6574583454631058,519.1424649061103,22795.088736919977
2241,5026563,985,0.043530952255123705,0.5137055837563452,1.3641241936721078,569.3525043158422,6112.176109247497,1362,0.04363530794583474,0.49706314243759175,1.608598923056434,497.3796425644536,22831.033035986176
2242,5031048,986,0.04276667373153953,0.5101419878296146,1.3408562859475037,564.7350075023394,6114.915313084271,1363,0.043776746509091975,0.4974321349963316,1.6144066425448587,514.1643196345619,22861.47069646872
2243,5035535,987,0.04294245701809669,0.5126646403242148,1.3470522413459192,579.987412961636,6103.325457891873,1364,0.044247073790363266,0.49780058651026393,1.6323512540481009,546.4562691013655,22853.54935084888
2244,5040024,987,0.03972720184315132,0.5146909827760892,1.2461936275017227,543.6755681904463,6106.678423477486,1364,0.0417129386718211,0.49780058651026393,1.5388626166236625,511.0870106355316,22852.10189850208
2245,5044515,988,0.040733808830725096,0.5232793522267206,1.2784187632110955,553.8261489781769,6113.8751706003,1365,0.041647695447682334,0.49743589743589745,1.537020035709408,498.06748337841134,22868.82360829191
2246,5049008,989,0.032497730027714125,0.5096056622851365,1.0204494218513889,454.2410012069963,6124.795134518136,1366,0.034431136306689994,0.4970717423133236,1.271157264017764,365.7746048014659,22883.79553337927
2247,5053503,990,0.03681351503981842,0.5131313131313131,1.1565538621362632,517.5843253380565,6139.319617816032,1367,0.0379056854394616,0.49743964886613024,1.3999468234539127,441.26666132709653,22896.02402974686
2248,5058000,992,0.041382653703416566,0.5151209677419355,1.3014170212633578,554.8148382137515,6143.980408243431,1367,0.04193308600769841,0.49743964886613024,1.548688273896332,493.9300870524,22916.073717854546
2249,5062499,992,0.040061920841146764,0.5040322580645161,1.259882125028371,535.1439896697461,6147.163094480037,1368,0.040820404600747366,0.49707602339181284,1.5081468477453708,456.63689720501014,22923.795092042295
2250,5067000,993,0.04018975278969685,0.5216515609264853,1.2645410499481529,543.5726910047842,6141.185798372002,1368,0.04161615746931273,0.49707602339181284,1.5375466587479598,469.1302857288111,22920.138697034126
2251,5071503,994,0.0429842316957691,0.5241448692152918,1.35315016790646,584.4576007648193,6170.006664775807,1369,0.04429621380136419,0.4974433893352812,1.6371631333034604,527.59253747856,22947.60169935061
2252,5076008,994,0.04008897584740874,0.5160965794768612,1.262007072339008,558.6570433164031,6177.75845146959,1369,0.0424231500445642,0.4974433893352812,1.5679357509653027,509.5917131465208,22954.348005244792
2253,5080515,995,0.03869816917170481,0.5105527638190954,1.218838755071379,549.0781088084138,6174.320238719607,1370,0.04081777781627525,0.49708029197080295,1.5091541928076786,470.38974681012155,22966.192561756237
2254,5085024,996,0.04302782889894774,0.5150602409638554,1.355888749617321,594.6894762935021,6194.9404778195785,1370,0.04359375972345929,0.49708029197080295,1.6117904694134721,510.91371816404813,22977.223970812483
2255,5089535,997,0.041878058084019856,0.5125376128385155,1.3203215965798671,574.314576432274,6202.697406724266,1371,0.04136475068030626,0.4974471188913202,1.5299366899380025,493.52808499418165,23007.71901179378
2256,5094048,998,0.045412327664198074,0.5280561122244489,1.432469234001585,625.4670188298642,6193.343117606215,1371,0.04561812306388117,0.4974471188913202,1.6872539796249066,559.8670586697774,23000.912539537814
2257,5098563,999,0.04330389858271413,0.5295295295295295,1.3666479875711017,602.6930153953277,6195.204267773833,1372,0.04410507184808085,0.4970845481049563,1.6318876583789914,516.4771351423044,23029.077972085317
2258,5103080,1000,0.03878079040039896,0.531,1.224515355137467,558.2681672766844,6186.847593471935,1373,0.040595893057767,0.4967225054624909,1.5025965361420168,452.2721027369705,23035.411086166707
2259,5107599,1001,0.03056522577883247,0.5134865134865135,0.9655902655149248,454.7068214626196,6207.736442838819,1373,0.03344195573361929,0.4967225054624909,1.2378041979676804,346.7671599043041,23034.870691551936
2260,5112120,1001,0.03290429328594872,0.5264735264735265,1.0394840699185506,481.5738719804512,6235.159877737794,1373,0.03491743529171842,0.4967225054624909,1.292416876890479,366.91770027047323,23052.860221796742
2261,5116643,1003,0.030119758077356878,0.5274177467597209,0.9524703809770175,436.36475869471445,6209.827704014579,1374,0.030290817623245047,0.49708879184861715,1.1215786240216572,314.95511711705836,23055.436910822362
2262,5121168,1004,0.030289906525817843,0.5249003984063745,0.9583297531539575,438.6195549606327,6205.286655531488,1375,0.030353509124279865,0.49672727272727274,1.1243097118536427,305.7961666749255,23066.9863084642
2263,5125695,1004,0.028601940218386433,0.5219123505976095,0.904924889281098,410.5883257520915,6224.593357228119,1376,0.0297382699773034,0.49636627906976744,1.1019222907295314,270.9377976508204,23107.68063426824
2264,5130224,1006,0.02718034402083394,0.5238568588469185,0.8608062583381676,396.1666243750721,6222.987908068991,1376,0.029043772680459996,0.49636627906976744,1.0761883777336771,263.57581533573466,23101.996432898188
2265,5134755,1006,0.0332670866288787,0.5218687872763419,1.0535744634014437,466.5003358805414,6231.038073245758,1377,0.033372709261961356,0.49673202614379086,1.237043100326821,341.8090770496779,23118.076888105817
2266,5139288,1007,0.033146535791976114,0.5203574975173784,1.050279775273612,463.98130094663105,6241.686568247117,1378,0.03266052459446741,0.49709724238026126,1.2110846654261995,353.2671704810667,23137.39515780419
2267,5143823,1007,0.037047557848985856,0.5253227408142999,1.1738874003686424,509.32643240136764,6222.732272892178,1379,0.03649445537091691,0.49746192893401014,1.3537426252431104,425.79442017985906,23144.332366592098
2268,5148360,1008,0.03233949422325213,0.5099206349206349,1.025218074874237,446.4248211394522,6225.209153954946,1379,0.03207504043611223,0.49746192893401014,1.1898067529284118,359.2023112125014,23148.61033018118
2269,5152899,1009,0.028171799846825895,0.5242814667988107,0.8935391476870373,400.5456209277935,6260.051598194198,1380,0.02839625944358799,0.49782608695652175,1.0537269935252063,319.4896745755216,23166.508841666488
2270,5157440,1011,0.02782166625409693,0.5143422354104846,0.8833105196133412,386.9380877971561,6252.689500392761,1381,0.026634562926540827,0.498189717595945,0.9887128604770321,312.2039420016501,23187.3134144062
2271,5161983,1011,0.030209342199458342,0.516320474777448,0.9591168807673893,413.94593437554994,6269.7113242153155,1382,0.029595512818003492,0.49782923299565845,1.0990260909490184,337.90603696553046,23206.535962081198
2272,5166528,1013,0.03044145980000976,0.5113524185587365,0.9674447268465349,411.11122478206795,6251.889815129518,1382,0.0295949857963233,0.49782923299565845,1.0990065200572894,331.3712791042137,23212.061384561803
2273,5171075,1014,0.03152042529555264,0.5059171597633136,1.002230572339246,434.6601980231689,6273.0366793834255,1383,0.029760933451573476,0.4981923355025307,1.1055696091492382,355.88663187433843,23222.28933908968
2274,5175624,1014,0.0331128527385428,0.5059171597633136,1.0528637555095866,448.43154517352684,6262.612966965761,1384,0.03143901127997347,0.4985549132947977,1.1683305119666416,392.1287822346646,23238.387865995726
2275,5180175,1016,0.026279372864064,0.5088582677165354,0.8364109688569213,371.9605003911102,6270.610734575333,1384,0.025676874038665178,0.4985549132947977,0.9541990721065058,311.7419294725032,23264.29220921816
2276,5184728,1017,0.024007587932128056,0.504424778761062,0.7644824250532675,354.25669515113367,6294.799161988103,1384,0.02511414930823728,0.4985549132947977,0.9332872035193437,307.3601976997079,23272.635933681162
2277,5189283,1017,0.026611814203781677,0.512291052114061,0.8474097570771938,388.2078773336312,6297.518330615906,1384,0.027147486098272004,0.4985549132947977,1.008849675625937,340.4159698783328,23271.332211982517
2278,5193840,1017,0.023473813001163007,0.5083579154375615,0.7474852342146696,348.86432907402803,6296.931880892837,1385,0.024500010607747688,0.49891696750902526,0.9107942788223987,316.3081504080131,23293.617022410275
2279,5198399,1018,0.028438414849587493,0.5078585461689588,0.9060212970701058,415.4102498878084,6277.928991664705,1386,0.02973706187007189,0.49855699855699853,1.1058829095808385,378.54931191977096,23296.778733500516
2280,5202960,1019,0.02963577919161606,0.5014720314033366,0.9446331980334648,436.77695660565644,6299.218578900156,1386,0.031215119540397813,0.49855699855699853,1.1608499646359098,401.6426501697002,23303.356610600043
2281,5207523,1021,0.034255255189534546,0.5132223310479922,1.0929520178150254,492.4746590499542,6318.107755430321,1387,0.03681128193291919,0.4989185291997116,1.3694588496636508,501.58249061208517,23325.831737559063
2282,5212088,1021,0.03187086162628066,0.5063663075416258,1.016875289096926,471.98044284491914,6329.052711279741,1388,0.034743071617472226,0.4992795389048991,1.2929838437514498,497.63903650019296,23352.206828489463
2283,5216655,1022,0.03925282648654214,0.5097847358121331,1.2530200678915933,558.9289030837397,6328.684186627343,1389,0.04048314971396697,0.49892008639308855,1.5071480283363548,569.7678096992563,23371.668042471356
2284,5221224,1022,0.043116907558142833,0.5078277886497065,1.3763684114391779,598.7211401028406,6324.890148007501,1389,0.04426031223929546,0.49892008639308855,1.6477680910779344,618.1496528816131,23362.84909133788
2285,5225795,1023,0.04056638745625995,0.5210166177908113,1.2955865185607762,570.1786290189359,6318.404885668818,1390,0.042698581055585536,0.4985611510791367,1.5901997230255343,574.2867987267462,23372.7503878213
2286,5230368,1024,0.03832195396447566,0.5146484375,1.2245048676604577,546.2598988003547,6336.534004029807,1390,0.040301430580432215,0.4985611510791367,1.5009239689512501,548.7107204370734,23386.238184214777
2287,5234943,1025,0.03973830438106904,0.5102439024390244,1.2703833112310259,555.5591915893715,6340.610439088211,1391,0.04066354571112352,0.49892163910855497,1.5149558549090718,568.4509719601951,23394.409097210635
2288,5239520,1025,0.042315112868606695,0.5190243902439025,1.3527606182095737,592.9787278481228,6362.6290091083165,1391,0.04215750301298129,0.49892163910855497,1.5706145369510185,597.3288829746243,23406.981831315134
2289,5244099,1025,0.041154422546634074,0.5180487804878049,1.3156548172070572,572.8816125635897,6361.700479832062,1392,0.04101330850429631,0.4992816091954023,1.5285369011040797,590.5395762010937,23425.792494520745
2290,5248680,1025,0.041876118511138705,0.504390243902439,1.338726524049341,570.8089808073601,6366.328756026018,1393,0.040776445192386095,0.4996410624551328,1.5202561266817698,592.0600176248681,23457.48421347734
2291,5253263,1026,0.05151596576190191,0.5097465886939572,1.6477057708020033,680.7514978103957,6378.279473979264,1394,0.049035974182321605,0.49928263988522237,1.8288512046464993,697.6361830396813,23471.44099913185
2292,5257848,1028,0.046629926413978985,0.4990272373540856,1.4928860600552951,632.703351623931,6375.0652051383695,1394,0.045626452557519216,0.49928263988522237,1.701689302904652,657.9703937146213,23476.693649432236
2293,5262435,1028,0.04194518757032647,0.5029182879377432,1.3429012358761223,568.5398673501193,6393.658756796648,1395,0.04159674476801904,0.4996415770609319,1.5519544233036104,606.8811172226693,23507.469636094782
2294,5267024,1029,0.04249546066399542,0.49271137026239065,1.3611820765967926,563.6567516051315,6386.543765561404,1396,0.04158302812782641,0.5,1.5519998331164493,617.3508653315278,23524.684337407212
2295,5271615,1030,0.04306998732386232,0.4961165048543689,1.3802570234908274,571.6757056786016,6401.588530140385,1396,0.041951638479591914,0.5,1.5657574460220431,629.9878786650759,23528.489300499627
2296,5276208,1031,0.04413359898840804,0.5111542192046556,1.4150308291130482,590.9932301701642,6396.833583410727,1396,0.042774965021880544,0.5,1.5964863927525295,642.4218793304408,23536.878489254632
2297,5280803,1031,0.04592809115455181,0.501454898157129,1.4725666248763225,618.4615142123944,6408.761086212972,1397,0.04343646658915853,0.5003579098067287,1.6217573560409748,675.2539795228957,23556.665334683108
2298,5285400,1032,0.04074694278682461,0.49709302325581395,1.3070816476106104,571.7498497044012,6403.452859511352,1398,0.03925011924770474,0.5007153075822603,1.465980131529027,640.659637720096,23563.793864252195
2299,5289999,1033,0.04212614780948892,0.49661181026137463,1.3519802880016099,599.3124049753674,6417.953928353429,1398,0.04164140700209907,0.5007153075822603,1.5552940088853553,681.8930961675719,23581.72277600829
2300,5294600,1035,0.03937688878480362,0.4956521739130435,1.2649729760839392,567.2557896147202,6442.188604762794,1398,0.03927549901180618,0.5007153075822603,1.4669280580736779,634.8486060182754,23594.86962819046
2301,5299203,1035,0.03662439593635322,0.4985507246376812,1.1765498127105605,535.9726074415375,6454.934675905814,1399,0.03775270415866552,0.501072194424589,1.410557433472045,631.8534409241515,23637.2848381354
2302,5303808,1036,0.03824359932103596,0.5019305019305019,1.2291614191658733,556.9579555741172,6430.02190453215,1400,0.04043390607316327,0.5007142857142857,1.5112764016505205,650.3921676148352,23612.1511715307
2303,5308415,1037,0.04271457677825312,0.5081967213114754,1.3735243942875641,609.2861946020312,6442.986092797918,1400,0.04369606125458383,0.5007142857142857,1.6332042246830571,702.8831629398067,23632.42120435704
2304,5313024,1038,0.03723913166005923,0.4884393063583815,1.198035591805627,550.3226768889128,6429.078110543369,1400,0.03984645625497527,0.5007142857142857,1.489319605149708,647.8042886889241,23622.73143510687
2305,5317635,1039,0.03764877475570113,0.5062560153994226,1.2117993766574224,550.3086917090632,6445.530372593144,1401,0.039106492217663824,0.5003568879371877,1.462185416262637,620.4258455609618,23648.72728467125
2306,5322248,1040,0.035698216584048495,0.5,1.1495712618063552,514.9794937871236,6434.417343954135,1402,0.03741615912535673,0.5,1.399484397986604,571.8391758410803,23647.965989651875
2307,5326863,1041,0.039286700414426924,0.5043227665706052,1.2657392041696995,567.3797998078517,6459.2948882768915,1403,0.04068947079656431,0.49964362081254454,1.5224605896988743,606.8666069195165,23686.47020432343
2308,5331480,1042,0.037862050643915644,0.4942418426103647,1.220427277326252,539.0087095620356,6464.0107838844,1403,0.039278058140650156,0.49964362081254454,1.4696503638010001,579.6382238917432,23697.86689067095
2309,5336099,1042,0.04413214606907647,0.4961612284069098,1.4225345419398898,622.1816881682217,6478.725831848379,1404,0.043768355762615424,0.5,1.6382466913118374,671.1023331451407,23715.066179993813
2310,5340720,1043,0.04735207059999619,0.5100671140939598,1.5270583923711967,659.8555437225618,6494.695363930476,1405,0.04575210449833679,0.500355871886121,1.7131093375991724,721.943812381621,23737.107337988735
2311,5345343,1044,0.04777835595351929,0.5028735632183908,1.5415462759267595,661.5231911951793,6497.087611380977,1406,0.04566465632390838,0.5007112375533428,1.7104446657417696,739.8074041865098,23742.82217430396
2312,5349968,1044,0.04562738627378624,0.5028735632183908,1.472146246703284,637.6573898092597,6493.434539269077,1406,0.04363347436456856,0.5007112375533428,1.6343634110650596,711.8162836555541,23741.281505880706
2313,5354595,1046,0.040450023290945714,0.5066921606118547,1.3063541528851534,561.3129935800694,6512.925016700612,1406,0.03861303898955324,0.5007112375533428,1.4463147625438553,634.3832183583218,23769.650434827156
2314,5359224,1046,0.041420633482360754,0.49904397705544934,1.3377005045366126,571.3627774186884,6526.731459534027,1407,0.038086340827379266,0.5010660980810234,1.427094733399816,641.02058388024,23784.721405426113
2315,5363855,1047,0.041549091424725355,0.5109837631327603,1.34249222945307,580.5383265778748,6527.298130144763,1408,0.039425859222541486,0.5007102272727273,1.4778124771049614,646.4045904012094,23801.01567056908
2316,5368488,1048,0.046158835324311094,0.5009541984732825,1.4921517322408029,631.5905218982643,6526.561859825542,1408,0.0426806838731173,0.5007102272727273,1.599814142363778,695.0177304738415,23813.007351393248
2317,5373123,1049,0.04243756936378063,0.5119161105815062,1.37251261160215,602.273338101693,6535.6020464838675,1409,0.040740664682025036,0.5003548616039745,1.5276391173241417,660.5294702747942,23828.226836599824
2318,5377760,1049,0.04557868187623681,0.49857006673021925,1.4741022314234709,626.6647498751986,6540.978885687225,1410,0.04376021993236435,0.500709219858156,1.6414457913315808,708.2673075287096,23840.528885774467
2319,5382399,1051,0.047414917253282424,0.50523311132255,1.5349549662078459,630.1432020442662,6548.497615798704,1411,0.045252154137819404,0.5003543586109143,1.6980113354718973,705.582415273474,23866.093073082884
2320,5387040,1051,0.048762773873406474,0.5071360608943863,1.5785888968913864,644.1702795064166,6564.018594155664,1411,0.0464096591018357,0.5003543586109143,1.7414447716742643,720.3775961091751,23890.81162448664
2321,5391683,1053,0.050490107804332,0.5109211775878443,1.6360664825726736,675.4030738820329,6551.240957517788,1412,0.04835067948339464,0.5,1.81492247299076,730.6525883550669,23892.526000893384
2322,5396328,1054,0.04366878165844878,0.4990512333965844,1.4157039162909273,587.0558083518933,6573.579427516084,1412,0.04212901130660299,0.5,1.5813818999481695,637.9433199322343,23908.51897311768
2323,5400975,1055,0.04051475380527949,0.5099526066350711,1.3140777869857379,549.4484970459162,6555.783238521855,1413,0.04039112804718451,0.4996461429582449,1.5166855135930182,589.6180608584741,23928.91130326168
2324,5405624,1055,0.03791607719577702,0.5052132701421801,1.2297908819111323,521.1618931383528,6563.568990417615,1413,0.03735997862513993,0.4996461429582449,1.4028659536990646,548.0911862315345,23929.053971935064
2325,5410275,1056,0.034814375983106105,0.5104166666666666,1.12972515957334,479.4443385324946,6572.195949527687,1413,0.03459931144608453,0.4996461429582449,1.2992029930252815,508.8856708945299,23936.636418641574
2326,5414928,1056,0.03701261487867068,0.5142045454545454,1.2010579270564363,508.458421094038,6559.99745389997,1414,0.03598100393575483,0.49929278642149927,1.3515645234324551,515.0565432993571,23932.758080863234
2327,5419583,1058,0.03210313029619278,0.505671077504726,1.042734183974573,446.4185995582769,6580.053049431317,1415,0.03293113037482655,0.4989399293286219,1.2374395334894221,450.5210062999879,23948.057648433634
2328,5424240,1058,0.03566924072396052,0.5075614366729678,1.1585641735286634,489.2930106074224,6589.072480249393,1415,0.0350048846803424,0.4989399293286219,1.3153641455868816,480.3956851869697,23956.69037599514
2329,5428899,1060,0.03685279522669376,0.5066037735849057,1.1981409939709926,512.4785838464834,6587.50296908959,1416,0.03835127799055364,0.4985875706214689,1.4416204076378176,510.3335355153481,23978.311874152794
2330,5433560,1061,0.036061843004822965,0.5051837888784166,1.172980391616569,509.20610537799286,6587.1884166480095,1417,0.0371716745803266,0.49894142554693016,1.3977735921899006,510.1545281787259,23997.67804774118
2331,5438223,1062,0.03525348917964396,0.5018832391713748,1.1472289225783538,494.2555168948278,6612.485302897767,1417,0.036524833373590415,0.49894142554693016,1.373450298517395,501.2019944891376,24004.472982548345
2332,5442888,1062,0.03146229729601445,0.5112994350282486,1.0238548940451586,449.8460111827366,6609.597297542876,1417,0.032837945774434746,0.49894142554693016,1.2348115586259265,448.2751074900284,24001.762187697634
2333,5447555,1063,0.030959965668820175,0.5032925682031985,1.0079834535682595,449.60493776700935,6593.604654029266,1418,0.032695106717357515,0.4992947813822285,1.2298750158500034,463.1891750683522,24020.618358029336
2334,5452224,1064,0.03451366861098958,0.49906015037593987,1.1242135533649953,502.64420405542535,6625.9839283947595,1419,0.034919942118651195,0.4996476391825229,1.3140295804581603,517.0917305010269,24055.202009773493
2335,5456895,1065,0.03794686460332085,0.5089201877934272,1.2366253815455093,545.5540649675013,6636.808823961132,1420,0.037813486996110215,0.4992957746478873,1.4234153767985926,550.8925345143698,24056.31230058689
2336,5461568,1065,0.04179929798388628,0.507981220657277,1.3621697960556731,587.6993989519101,6617.393599408973,1420,0.04041473163148085,0.4992957746478873,1.5213341858516243,583.917946516148,24053.099037494118
2337,5466243,1067,0.041214833619816996,0.49953139643861294,1.3443871878923073,578.8089925946747,6612.021137302527,1421,0.03934693738524458,0.4996481351161154,1.4816616823372573,582.5924901795147,24079.19040640419
2338,5470920,1067,0.03778630374557438,0.5089034676663543,1.2325519278314354,541.4922810959945,6635.3280078665575,1422,0.035315147151164704,0.5,1.3303080464237007,543.9237285754982,24090.146768828257
2339,5475599,1068,0.03860033248729867,0.5065543071161048,1.259696287427432,545.1442864777716,6646.130328285879,1423,0.03487707177909929,0.500351370344343,1.314268767397259,553.2447517259902,24119.50195827912
2340,5480280,1069,0.033813122209099905,0.49859681945743684,1.103986789296114,495.83087814905423,6660.435799364082,1423,0.030364458659597426,0.500351370344343,1.1442204755030254,488.726815144853,24131.839651639268
2341,5484963,1070,0.03074149440819604,0.5102803738317757,1.0041698678536621,462.42174344329567,6658.1666531690325,1424,0.028862280440574005,0.5007022471910112,1.0879969581755797,482.147126318404,24143.670588878776
2342,5489648,1071,0.030645297332424305,0.5126050420168067,1.0014965688892774,450.60030648700956,6664.329823853512,1425,0.02886315594016609,0.5003508771929824,1.0884127333484586,460.300398498137,24159.247972741126
2343,5494335,1073,0.03409393130561985,0.5004659832246039,1.1152416251662183,485.8719605779801,6682.6653347444335,1426,0.03096095498253937,0.5007012622720898,1.1679299566635282,512.7935453560497,24180.996040786144
2344,5499024,1073,0.0342853523049409,0.51071761416589,1.12150316961705,485.4522960619805,6695.908631496922,1426,0.03093500176254315,0.5007012622720898,1.1669509318523568,509.64981243439604,24194.043971009552
2345,5503715,1075,0.03495079685304072,0.5041860465116279,1.144338407600751,483.62251713460853,6705.904231140287,1427,0.030560075831723155,0.5010511562718991,1.153212715162781,522.0423703677425,24212.676856660175
2346,5508408,1076,0.038722005888085935,0.5074349442379182,1.2684043058176442,538.2981622466193,6683.922274959204,1428,0.03454215831518248,0.5007002801120448,1.3039378815826927,567.3309713535803,24219.348564158896
2347,5513103,1077,0.03633325337208206,0.5153203342618384,1.19071117104204,516.9771024577612,6698.377777351043,1429,0.033334797377293515,0.5010496850944717,1.2588024584024755,580.6155869068496,24222.06127385228
2348,5517800,1078,0.03678783540035939,0.5027829313543599,1.2061698453999878,516.2508235111748,6687.480109287741,1429,0.03305771220674569,0.5010496850944717,1.248339053152859,574.9421540697872,24234.03502519788
2349,5522499,1079,0.028436892549516764,0.4986098239110287,0.9327994313200947,413.7319043073011,6688.204173958191,1429,0.026052951896123097,0.5010496850944717,0.9838223860877683,464.83318430902125,24218.458683080655
2350,5527200,1079,0.02841392604514409,0.5004633920296571,0.9320460739628892,417.8672466607216,6707.954843861762,1429,0.025913313855836246,0.5010496850944717,0.9785493164359538,466.8874247789077,24235.499670838064
2351,5531903,1080,0.027036721284091864,0.4842592592592593,0.8872824176798378,393.5043174624833,6713.266939257706,1430,0.024161878570973384,0.5013986013986014,0.9127307536529963,455.49508581103765,24259.45014549364
2352,5536608,1080,0.03329527808327844,0.5009259259259259,1.092673720479421,462.6799134017389,6712.60894294557,1430,0.029477632890703664,0.5013986013986014,1.113536847112563,527.4740133754585,24290.71324516149
2353,5541315,1082,0.03025238684065324,0.511090573012939,0.9937344994572218,440.76657621721733,6716.903488500965,1431,0.02846124457545161,0.5010482180293501,1.0755187624096039,500.03025891128453,24286.154920814388
2354,5546024,1083,0.024802195266336768,0.4986149584487535,0.8150833093812299,369.9565230120305,6752.061812692399,1432,0.02249972074548998,0.5013966480446927,0.8505370613031339,428.9652552333007,24304.711361835245
2355,5550735,1084,0.02488885930994864,0.496309963099631,0.8183099647983035,362.4055161481982,6727.919820919819,1433,0.02212070271381323,0.5017445917655269,0.8365019119109368,436.95689240746435,24329.197112305286
2356,5555448,1084,0.021199545359011467,0.49907749077490776,0.6970106183025594,318.2440026036542,6734.001084980489,1433,0.019171433675674365,0.5017445917655269,0.7249742981158139,394.34576515048093,24331.435336976312
2357,5560163,1085,0.01687681942109928,0.5004608294930876,0.5551421894809745,266.8062727270555,6757.617375938163,1434,0.01556402362224101,0.502092050209205,0.5887646113769667,353.5519189885442,24343.550926196283
2358,5564880,1086,0.013894846237292553,0.4972375690607735,0.45726501328061087,220.47844589736002,6759.711327446134,1434,0.013355412733867608,0.502092050209205,0.5052160404587178,317.171945603651,24341.29508025411
2359,5569599,1088,0.015152112105281761,0.5101102941176471,0.49910054483777444,243.82429285965742,6758.675295303531,1435,0.015295304286810675,0.5017421602787456,0.5788014764837913,325.7219307158699,24375.49837840713
2360,5574320,1088,0.011255133931287593,0.5082720588235294,0.37073666286890905,192.2613140565109,6780.788638645767,1435,0.012064070743069167,0.5017421602787456,0.4565258609803932,273.738362421293,24396.246936064963
2361,5579043,1090,0.004735334524248621,0.5073394495412844,0.1561224783702205,121.52537549670103,6752.195387357269,1436,0.006968052808730767,0.5013927576601671,0.2637755447374882,179.95665048577803,24410.94031508331
2362,5583768,1090,0.012120160674397156,0.5009174311926605,0.3995978558732166,219.83930767330298,6771.606615738887,1437,0.01371683717894886,0.5010438413361169,0.519431830200942,271.3286543738658,24439.318669446915
2363,5588495,1091,0.015112990092593745,0.49587534372135655,0.4984996357654179,253.0684806286763,6766.018718575072,1438,0.016298962813233973,0.5006954102920723,0.6174274296705718,294.9845733672691,24450.770090498834
2364,5593224,1093,0.014240412373451729,0.4958828911253431,0.47014932263791814,232.81493913187285,6783.094379512328,1438,0.015322666849549823,0.5006954102920723,0.5804439777563298,282.7780465140364,24445.644699638135
2365,5597955,1093,0.016397104447028122,0.4986276303751144,0.5413528307203693,260.30391062675596,6785.96676136672,1439,0.01698329876303432,0.5010423905489924,0.6435751543928321,325.0559420521571,24459.439206433206
2366,5602688,1095,0.01292920697492999,0.4904109589041096,0.42725111720934267,212.0717863397706,6809.724423235124,1439,0.012798671036952277,0.5010423905489924,0.48500039971963516,255.37010285856775,24482.067706842165
2367,5607423,1096,0.007964647195292785,0.5,0.2633156208913846,139.60581337128764,6811.115628015323,1439,0.007772371857918209,0.5010423905489924,0.29453084988092815,174.06748074108737,24500.744319191428
2368,5612160,1097,0.013974754352151604,0.5059252506836828,0.4622243747013568,222.60390787542576,6811.863544442237,1439,0.012779615503706973,0.5010423905489924,0.48427829808782036,251.60865780633588,24498.045821375475
2369,5616899,1098,0.01345871585816477,0.4972677595628415,0.44535946228091233,227.01071908744188,6800.776373814842,1440,0.012480392897480038,0.5006944444444444,0.47310402374113314,235.28220517280653,24491.76220253622
2370,5621640,1099,0.01015781029822764,0.5095541401273885,0.3362833576316829,176.90213815410675,6809.245361991813,1441,0.009694195742061784,0.5003469812630118,0.36761331028788646,173.1990298449552,24528.332744087085
2371,5626383,1099,0.006665795275753461,0.5104640582347588,0.22067708992428248,129.33753887630922,6806.9416304703645,1442,0.007254417823076204,0.5006934812760055,0.27519019908527054,149.9444678454622,24554.11790611102
2372,5631128,1101,0.009732991362276223,0.508628519527702,0.32251321012051837,157.34344664871435,6828.618524953339,1442,0.009604381392981559,0.5006934812760055,0.3643340778109052,186.3675337396174,24558.504874246828
2373,5635875,1101,0.004747020987151721,0.4913714804722979,0.15729768167776623,90.80593886400561,6841.10625591343,1443,0.004764294116598922,0.501039501039501,0.18079225021670897,125.64103958886318,24581.8862850187
2374,5640624,1102,0.003170749666167579,0.4981851179673321,0.10511405774969633,77.13810120455639,6846.563171722172,1444,0.003988464231223749,0.5006925207756233,0.15140411955137006,97.71296779479212,24595.04413562056
2375,5645375,1103,-0.0011585218155076955,0.4986400725294651,-0.03842382173480368,25.804034689313482,6858.807212783364,1444,0.00015520150509057895,0.5006925207756233,0.0058915276329497964,36.5451903112525,24612.143503800376
2376,5650128,1103,-0.002916504359303681,0.5022665457842248,-0.09672950659246181,2.0247271442303827,6867.9824906440845,1444,-0.0016255035271764487,0.5006925207756233,-0.06170493605863061,7.9375627978279795,24612.306482241715
2377,5654883,1104,0.0006933200124580563,0.4936594202898551,0.023005273227718857,44.49252268941717,6850.323455949984,1445,0.0009370928303560299,0.501038062283737,0.035584858671071626,66.25903161068442,24632.20492273084
2378,5659640,1104,-0.002402323289212881,0.4882246376811594,-0.07971225791351007,2.7004585738644664,6878.64335972676,1446,-0.0025225913794111356,0.5013831258644537,-0.09582527467726215,27.057735640848705,24666.38596071597
2379,5664399,1105,-0.002920930767047332,0.49502262443438916,-0.09696434331012535,-10.003799239278521,6891.794876762534,1447,-0.003369157940559343,0.5017277125086386,-0.12802800174125503,30.58258052984445,24671.462908751484
2380,5669160,1106,-0.008914843490961478,0.49819168173598555,-0.29607482368242166,-97.89267247122314,6902.468048623387,1447,-0.008685835195672394,0.5017277125086386,-0.330061737435551,-56.74914184185576,24689.452785649693
2381,5673923,1106,-0.010727859203205662,0.4918625678119349,-0.3562876931377735,-121.92846990473339,6878.884139798732,1448,-0.010396779174262485,0.5020718232044199,-0.3952143846719858,-67.02715798793554,24689.01725444382
2382,5678688,1108,-0.013012545834265019,0.4936823104693141,-0.43255706645849273,-164.89163679911826,6900.9048414446315,1449,-0.014044415214639233,0.5024154589371981,-0.5340572401445755,-109.48737329198565,24724.496238386022
2383,5683455,1109,-0.012869787569888118,0.5022542831379622,-0.42800509797900266,-159.35525332183846,6891.745211475707,1450,-0.014584588423210264,0.5027586206896552,-0.5547897688129378,-104.19652679199066,24727.433570306355
2384,5688224,1109,-0.015115659957673113,0.49233543733092877,-0.5026951288876177,-189.560341231817,6903.20505112671,1450,-0.015817113392284636,0.5027586206896552,-0.6016743446958431,-123.69113029086651,24731.98915688532
2385,5692995,1110,-0.010900255842568906,0.4954954954954955,-0.36266905605363897,-125.25487459467769,6907.0676955627405,1450,-0.01202514247404785,0.5027586206896552,-0.457429844403602,-60.4246798752049,24750.47054455291
2386,5697768,1110,-0.009912187227634461,0.4918918918918919,-0.3297944229193354,-109.56945926816167,6902.682219529983,1451,-0.01119993831330179,0.5024121295658167,-0.426186718686911,-61.23266094564224,24761.840255887284
2387,5702543,1112,-0.004449049981701438,0.5017985611510791,-0.14816071248918325,-47.25141998920611,6902.9568824288845,1452,-0.007898301230809313,0.5027548209366391,-0.3006546228148555,10.590397687559005,24772.48938648788
2388,5707320,1113,-0.004777551178698115,0.49595687331536387,-0.15917206018720284,-46.02352327563773,6917.982114226938,1452,-0.008065527861648237,0.5027548209366391,-0.307020227031539,7.522903252043648,24800.30479514612
2389,5712099,1114,-0.0050591349512598745,0.5044883303411131,-0.16862939960626921,-45.47361075049804,6946.795744684427,1453,-0.008279231931344716,0.5030970406056435,-0.315263759399724,18.36786229920955,24818.443071960624
2390,5716880,1115,-0.003255375933484101,0.5094170403587444,-0.10855592745105132,-14.409139920974724,6956.22687121996,1454,-0.006406529051499036,0.5034387895460798,-0.24403746561061965,67.36700238764246,24838.82174295401
2391,5721663,1116,0.0008661819598190219,0.49551971326164873,0.02889726339474416,35.00717937393841,6934.363233908359,1455,-0.0024344752837690774,0.5030927835051546,-0.09276596738769145,114.51297082535729,24833.998819599354
2392,5726448,1117,-0.002107940051010919,0.4932855863921218,-0.07035595313932354,-10.747991218815855,6945.903363433459,1455,-0.005153106992039009,0.5030927835051546,-0.19635974879509988,70.60030973724616,24855.1580939459
2393,5731235,1119,-0.00031479447110067976,0.4959785522788204,-0.01051620862686174,1.6222161333503777,6953.786115344637,1456,-0.004509104115164586,0.5034340659340659,-0.17187909979338903,97.9187246116071,24871.006955860197
2394,5736024,1119,-0.004974741571777883,0.4924039320822163,-0.16618913302580346,-61.19179462799923,6943.3133275275395,1456,-0.009981073271430739,0.5034340659340659,-0.38046091752369154,9.691083097404487,24882.13758318755
2395,5740815,1121,-0.004577445846329868,0.5075825156110616,-0.1530538000582158,-56.8311408551001,6958.108585102865,1457,-0.008775717577041342,0.5030885380919699,-0.33462997536735545,10.018327937373726,24889.55692518381
2396,5745608,1122,-0.004106259303152844,0.49554367201426025,-0.1373603580187241,-56.39151259780499,6966.882967187153,1457,-0.007939070048267065,0.5030885380919699,-0.30272747400640304,23.417581585278185,24887.96275334617
2397,5750403,1122,-0.008426846480123998,0.5008912655971479,-0.28189029577111735,-114.21505848874403,6980.209230264694,1458,-0.012713111204883982,0.5034293552812071,-0.4849347903778109,-35.20989956420419,24931.55187462435
2398,5755200,1123,-0.007355510797103725,0.4942119323241318,-0.24616247434705926,-93.75936125364962,6994.944416283105,1459,-0.01177736636698695,0.5037697052775874,-0.44939565867673303,-2.929905366703565,24938.42799919907
2399,5759999,1124,-0.006547910610560647,0.5044483985765125,-0.2192328089062486,-78.3579074884849,6983.419340266406,1460,-0.011460169279189442,0.5041095890410959,-0.4374423324570749,16.692184494941216,24958.61945120851
2400,5764800,1124,-0.006341937636356335,0.4919928825622776,-0.2123365581204244,-76.03173394096979,6964.216578421511,1460,-0.01116031228139479,0.5041095890410959,-0.42599659013657876,20.747058646805897,24955.25415257743
2401,5769603,1125,-0.009348355783167322,0.496,-0.31313503486869143,-125.06226894568636,6989.811772275054,1460,-0.013525684492287323,0.5041095890410959,-0.5162844307307765,-20.672388895912775,24968.88831833825
2402,5774408,1126,-0.006387128865921542,0.49733570159857904,-0.21404030277806196,-88.82188331742105,6993.483950457723,1461,-0.011098866904733435,0.5037645448323066,-0.4237965387984938,4.017995217037708,24993.263414506666
2403,5779215,1126,-0.009908037496008838,0.48401420959147423,-0.3320301484595368,-139.20993003246207,7010.254403716495,1461,-0.013549498084063308,0.5037645448323066,-0.5173708667534261,-38.65984805010902,25004.006238062677
2404,5784024,1127,-0.013012540431417864,0.4933451641526176,-0.43625985184373306,-177.40358116668193,7001.244617947859,1461,-0.016075745245143228,0.5037645448323066,-0.6138324976752815,-81.37817495460519,25003.27662832436
2405,5788835,1128,-0.013280212602118915,0.49379432624113473,-0.4454318720098089,-187.65554529490015,7010.896538037099,1462,-0.017469054630136156,0.5041039671682627,-0.6672630080032342,-88.52444238180567,25026.18903684961
2406,5793648,1129,-0.011906238821790744,0.4800708591674048,-0.3995248387329481,-173.73089467642433,7018.332502673207,1463,-0.018310965986164815,0.504442925495557,-0.6996610279312888,-84.97036448259746,25041.91183573514
2407,5798463,1129,-0.008619809888385156,0.4924712134632418,-0.2892456809502991,-128.2860063960452,7018.635318217671,1464,-0.015508862853992224,0.5040983606557377,-0.5927957255935438,-56.82060998088673,25059.059436913645
2408,5803280,1130,-0.014953640721137322,0.48672566371681414,-0.5020059909110619,-215.45162982495202,7041.895715377514,1464,-0.020188375874219264,0.5040983606557377,-0.7716608907810646,-140.13083119623394,25080.03133529405
2409,5808099,1130,-0.00836803184816294,0.4982300884955752,-0.28092169647853243,-118.10302309287869,7033.966334265536,1465,-0.014776789373292652,0.5044368600682594,-0.5650069230682409,-25.660922670366972,25092.477003783995
2410,5812920,1131,-0.007187479879478939,0.4995579133510168,-0.24139662382934782,-107.04193211209201,7032.654287620216,1466,-0.014455452275414633,0.504774897680764,-0.5529092393984513,-2.4898788129909235,25116.91478764139
2411,5817743,1133,-0.011533229979905819,0.49338040600176525,-0.38769497670129816,-156.2530178476124,7047.010123309066,1467,-0.018143744714891576,0.5051124744376279,-0.6942205495494097,-46.791107973134444,25132.866544836223
2412,5822568,1133,-0.012752813158392575,0.4977934686672551,-0.42869184165521973,-172.91101285348662,7077.930333610535,1467,-0.01876916513938818,0.5051124744376279,-0.7181505440249769,-56.19155861824004,25160.00833863575
2413,5827395,1135,-0.01772126784987735,0.4828193832599119,-0.5962357372067137,-247.80308111353315,7065.078945288589,1468,-0.02231603402064963,0.5047683923705722,-0.8541533079674924,-139.6548730625491,25153.21801747092
2414,5832224,1136,-0.011260337203007325,0.4876760563380282,-0.3790236862222639,-148.24964291666504,7062.664840119467,1469,-0.01650188617243844,0.5051055139550715,-0.631830479215538,-21.448785528833014,25190.32260701495
2415,5837055,1137,-0.013730511141296146,0.48021108179419525,-0.4623738159241136,-179.03298975056356,7066.385111394803,1470,-0.01762794709332162,0.5047619047619047,-0.6751756874840029,-59.927311230512714,25199.785917810375
2416,5841888,1138,-0.017013655554505697,0.4771528998242531,-0.5731859903177646,-232.59566448480172,7092.135170916653,1470,-0.02054903831049169,0.5047619047619047,-0.7870576758014898,-110.23397015954947,25215.27506019775
2417,5846723,1138,-0.01719201934465667,0.48857644991212656,-0.5791950237889659,-232.93258111783814,7108.688856425504,1471,-0.020851783771039578,0.5050985723997281,-0.7989254216041634,-95.39460322568681,25239.319977080893
2418,5851560,1139,-0.013488968710860904,0.4978050921861282,-0.45464028257361444,-172.07301032555944,7109.572930478248,1472,-0.01682477726598182,0.5047554347826086,-0.644852252879139,-41.23787730680607,25259.147850043737
2419,5856399,1141,-0.012031703617349024,0.4934268185801928,-0.4058805649730722,-140.71801394238435,7102.857353939337,1473,-0.01451086078318715,0.5044127630685675,-0.5563548045838078,-20.593929125733553,25278.063355267732
2420,5861240,1141,-0.013931649888899526,0.49079754601226994,-0.4699738380988699,-169.26943487114545,7114.65439599376,1473,-0.015594418956163286,0.5044127630685675,-0.5978990523433758,-40.90627025750524,25280.207364848597
2421,5866083,1142,-0.016938879857256655,0.4912434325744308,-0.5716715108192442,-221.6632988734034,7107.167330870431,1473,-0.01829172688386643,0.5044127630685675,-0.7013154001012126,-90.57496224668216,25287.52025436263
2422,5870928,1143,-0.012260727628696512,0.4925634295713036,-0.4139698103279918,-162.12237524299076,7115.160706550433,1474,-0.015413233513770361,0.5047489823609227,-0.5911532675811497,-27.220241738436243,25300.264700249667
2423,5875775,1144,-0.013136528923389897,0.49213286713286714,-0.4437347579905395,-167.80652919768147,7118.863452753614,1475,-0.01677417179035513,0.5050847457627119,-0.6435688147971846,-31.836971614106744,25319.91902792888
2424,5880624,1146,-0.01972406060362988,0.4860383944153578,-0.6668366229693329,-252.44665573817053,7108.941008800956,1475,-0.021434028137904276,0.5050847457627119,-0.8223519025226652,-111.97278427473486,25334.55169513839
2425,5885475,1146,-0.013185225139036947,0.4956369982547993,-0.44576982303469803,-151.75484462278234,7124.258658231216,1475,-0.016627872788842597,0.5050847457627119,-0.6379558118909209,-21.795242024096524,25343.139164927627
2426,5890328,1147,-0.013377556720054447,0.48561464690496947,-0.4524700246703922,-149.71055710570852,7146.864796142474,1476,-0.01459742117375113,0.5047425474254743,-0.5602443844902616,-6.086298425386872,25386.512722552754
2427,5895183,1148,-0.010805768150647743,0.4930313588850174,-0.36564394702737574,-118.58455035881411,7157.810214204744,1477,-0.011217404934831978,0.5044008124576845,-0.4306665481526483,34.199592428423614,25387.745678158568
2428,5900040,1149,-0.01311504647078713,0.4856396866840731,-0.44397870753541574,-158.02428960667748,7156.3957711468975,1477,-0.013729007065086224,0.5044008124576845,-0.5270937544497737,-8.769637008854318,25398.324909024024
2429,5904899,1151,-0.014304147816102841,0.48566463944396177,-0.4846552632203304,-184.65707064830252,7136.847671615886,1478,-0.01509813679294702,0.5040595399188093,-0.5798549461394179,-46.411806440037935,25416.443024801123
2430,5909760,1151,-0.011688028459850978,0.4908774978279757,-0.3960155181952758,-149.84875639462092,7153.293284185796,1478,-0.011932631623311846,0.5040595399188093,-0.45828141327142136,4.243594469742106,25432.56446586465
2431,5914623,1153,-0.005251671673263252,0.49262792714657416,-0.178092851255515,-57.212410285670785,7151.226759717404,1479,-0.007286872402244739,0.504394861392833,-0.2799524957633629,100.84523467907212,25439.757965217294
2432,5919488,1153,-0.0015008481017335443,0.4900260190806591,-0.0508962354025203,-3.8318242040916175,7159.420304662459,1479,-0.004563486911128816,0.504394861392833,-0.17532344188713891,146.5792227372844,25444.351839048915
2433,5924355,1154,0.00020834916577178875,0.4878682842287695,0.007068535243199127,26.405911672421325,7179.093713382695,1480,-0.0015848172058024784,0.504054054054054,-0.06090731085401644,180.18573441352032,25474.243261709493
2434,5929224,1155,-0.001156148740606456,0.49696969696969695,-0.03924098949806936,13.04491374727968,7182.490402701448,1481,-0.0014822733951078458,0.5037137069547603,-0.05698565319073065,164.6526538222895,25502.60841529943
2435,5934095,1156,0.00012255567370207887,0.4913494809688581,0.004161482525437984,25.223484807315913,7193.231034126983,1482,-0.0002608502643640109,0.5033738191632928,-0.010031719222514519,167.931738389825,25525.94082571136
2436,5938968,1157,-0.0013763572069486417,0.48833189282627487,-0.046755646417645264,10.183981049332544,7205.612690990725,1482,-0.0007968186270003767,0.5033738191632928,-0.030643866728778175,159.10288511929377,25526.29978734384
2437,5943843,1159,-0.0014083170602872067,0.48490077653149266,-0.047882780049765025,9.903316775648818,7235.559848283583,1483,-0.0007497852441428987,0.5037086985839514,-0.028844814269725343,177.285004349892,25560.33914063518
2438,5948720,1160,0.0005652159799920121,0.49137931034482757,0.019225653522633467,31.33937227919631,7230.516558940641,1484,-0.000229010254697798,0.5040431266846361,-0.008813176322799132,202.95486850066135,25564.802850834683
2439,5953599,1161,-0.001033817078919955,0.49526270456503013,-0.03518017392776661,15.005794362484664,7242.518119624483,1484,-0.0010669882109702934,0.5040431266846361,-0.0410617212318205,189.3494946394909,25588.283740491523
2440,5958480,1161,-0.0017639533354835114,0.5004306632213609,-0.06002627196641503,4.241485900737757,7250.029534037591,1484,-0.001711550418204179,0.5040431266846361,-0.06586690033116259,178.05230826050934,25580.39337251027
2441,5963363,1162,-0.004401587772128813,0.4939759036144578,-0.14984804612459504,-26.842470975677315,7235.562053890678,1485,-0.005721672877436018,0.5043771043771044,-0.22026582813792397,128.72541901582537,25589.780366148916
2442,5968248,1164,-0.005697816866193065,0.49398625429553267,-0.19414427852559213,-56.75602725329486,7244.5122321161925,1486,-0.00608247762845059,0.5040376850605652,-0.23423462611491205,105.62275675185606,25607.33354247056
2443,5973135,1164,-0.008661224048570245,0.4879725085910653,-0.2951177852056296,-100.60632219371121,7241.940632747351,1487,-0.008569073314949983,0.503698722259583,-0.3301040168429491,44.72055619559819,25622.7231463961
2444,5978024,1165,-0.0037300710600691248,0.4927038626609442,-0.12715111400022402,-24.290863322945427,7252.157215476889,1487,-0.0038583911556583916,0.503698722259583,-0.14863572433346348,124.25513026356106,25631.71937833496
2445,5982915,1166,-0.0014380138587994273,0.49656946826758147,-0.04904027861839075,2.4768785877580513,7250.157320078137,1488,-0.002166645910492394,0.5040322580645161,-0.08349321190766541,169.6473830994986,25660.941757496596
2446,5987808,1167,0.0019769842834050093,0.48671808054841476,0.06744965100985034,45.85119772657856,7269.483547013908,1489,0.00124948254270279,0.503693754197448,0.048165890877624976,210.83960063084498,25692.78190398039
2447,5992703,1168,-0.00021601771383404793,0.4931506849315068,-0.007373137417948566,8.687495071151204,7290.169259078698,1490,-0.0019130707695779801,0.5040268456375839,-0.07377114433922081,174.92425288860045,25718.699813293457
2448,5997600,1168,-0.006304255148576646,0.4888698630136986,-0.21517744403116174,-79.89690561392922,7304.788756322038,1490,-0.006636134023331483,0.5040268456375839,-0.2559002043597143,93.55875441919022,25730.21294894381
2449,6002499,1168,-0.004168585141525185,0.4811643835616438,-0.14228254961764775,-48.30141703053158,7285.068908840066,1491,-0.004493868288689915,0.5036887994634474,-0.17334918536810642,113.57486210493295,25740.798448187306
2450,6007400,1169,0.0003036762442655132,0.49187339606501285,0.010369554412422365,10.258430149696437,7314.047235360646,1491,-0.0007076085379072912,0.5036887994634474,-0.027295718460299042,178.08595347018542,25761.889420610456
2451,6012303,1170,0.0010903950187008294,0.4811965811965812,0.03724940044315409,15.456263589899663,7308.420697961577,1492,-0.000933771225514673,0.5040214477211796,-0.03603195577097045,191.6759678956288,25773.353748919908
2452,6017208,1172,0.0008111559928000823,0.492320819112628,0.027733944151567488,23.27285474301243,7309.125582354709,1492,0.00010743748126441453,0.5040214477211796,0.004145750551405292,209.20979492917945,25788.55013634028
2453,6022115,1172,0.0014222850675172692,0.48976109215017066,0.04862883955768802,32.09976078526478,7298.031390901781,1493,0.0011583697669116028,0.5036838580040187,0.04471367319034875,209.56689045242365,25794.88135534023
2454,6027024,1174,-0.0008115859691397624,0.48722316865417375,-0.027772372253583266,0.5120539213860411,7306.568387230065,1494,-0.0010750680178442378,0.5040160642570282,-0.04151210574399212,189.87240910637303,25830.07164463991
2455,6031935,1174,0.0018824437597459065,0.4778534923339012,0.06441699441589915,37.85546500262899,7329.433973168135,1495,0.0013986109499245245,0.5036789297658862,0.054023328138492,213.1249728830253,25857.44261825526
2456,6036848,1175,-0.006014225472833764,0.4919148936170213,-0.20589391496747228,-81.83017711816211,7304.233527584414,1495,-0.005392794326371896,0.5036789297658862,-0.2083043161450357,97.64884585783966,25831.69925323499
2457,6041763,1176,-0.004107054900336591,0.483843537414966,-0.14066288297374802,-59.23287954226038,7301.324629395237,1495,-0.004290758558471773,0.5036789297658862,-0.16573662431276728,117.3251130210574,25834.047058523676
2458,6046680,1177,-0.003555680603658018,0.4791843670348343,-0.12183071446823188,-57.914061598230944,7310.892212939158,1496,-0.003992608864115315,0.5033422459893048,-0.15427184394414162,104.14607406446078,25846.881448030857
2459,6051599,1179,-0.004035011239946593,0.4851569126378287,-0.13837206101969618,-75.90465289151399,7319.686375356372,1497,-0.005930488998385476,0.5036740146960588,-0.22922701725886704,89.30601691767555,25863.016723593144
2460,6056520,1180,-3.184346100045668e-06,0.4915254237288136,-0.00010924674237659957,-23.493656360623902,7323.381637586054,1497,-0.0022987888106717953,0.5036740146960588,-0.08885346596575933,151.54417224326562,25878.054673450562
2461,6061443,1181,-0.004172182430084041,0.47671464860287893,-0.14319766457182367,-89.51060526808777,7351.507493756043,1498,-0.005464678300259555,0.5033377837116155,-0.21129304258154089,80.3910647185948,25907.930563254882
2462,6066368,1182,-0.0025938986585651606,0.48307952622673433,-0.08906558137585102,-61.375595227755355,7331.492767371827,1499,-0.003939621597378818,0.5030020013342228,-0.1523773113769839,87.76330820998965,25892.312871115802
2463,6071295,1183,-0.003323352713927442,0.4775993237531699,-0.11416091471330847,-66.77911945919612,7336.3644547964595,1500,-0.004015126900692118,0.5026666666666667,-0.1553496131662588,68.5885913594945,25925.3799787974
2464,6076224,1184,0.0017096435553698435,0.47888513513513514,0.058753064286547904,13.280904685897553,7325.695786734096,1500,0.0006877611414961535,0.5026666666666667,0.026610224265587873,150.07243460687363,25930.49024846792
2465,6081155,1185,0.0007514971337047834,0.49451476793248944,0.0258366419529398,5.3206678819018975,7354.577285748192,1501,0.00019804265452659191,0.502998001332445,0.007665043883232807,159.01576264207358,25945.673629345067
2466,6086088,1185,-0.006851418821599974,0.49451476793248944,-0.2355533335045966,-108.58009682713094,7340.455589838293,1501,-0.006675221578245864,0.502998001332445,-0.2583578090783815,38.56391024265287,25956.571823657538
2467,6091023,1186,-0.004381258581253888,0.49156829679595276,-0.150692368261051,-75.70038445046515,7351.853007365243,1502,-0.005175854368774524,0.5033288948069241,-0.2003931465936316,84.46788615182885,25993.501044051176
2468,6095960,1187,-0.0030108779244195213,0.502106149957877,-0.10360220498085963,-50.19550246422398,7337.103009477109,1502,-0.0039385921308713115,0.5033288948069241,-0.15249016182058686,105.04343643865042,25978.569667306492
2469,6100899,1188,-0.001796892640783597,0.4882154882154882,-0.061855924918839955,-37.891269259462035,7364.129669848712,1503,-0.0033326455260235498,0.5029940119760479,-0.12907280621101866,98.81709152792467,26005.671563243548
2470,6105840,1190,-0.0002483294043324868,0.4890756302521008,-0.008555659779211864,-15.328833090244302,7376.417284526935,1504,-0.0017425603034540878,0.5026595744680851,-0.0675115629590382,108.70548302463419,26035.88380918549
2471,6110783,1191,0.005219552946724138,0.4836272040302267,0.1799042933362739,59.33943864633255,7377.558447575197,1505,0.0024765285116537944,0.5023255813953489,0.09597945921127762,163.80463592405948,26044.423816520968
2472,6115728,1191,0.004935580320660135,0.49622166246851385,0.1701165020943144,55.52002572152361,7372.990300329381,1505,0.002363091801616975,0.5023255813953489,0.09158314637546462,162.0311332646424,26044.499664561867
2473,6120675,1192,0.009050277948909153,0.48573825503355705,0.31207059185789343,110.58117661116313,7371.209442479694,1506,0.004531508803846309,0.50265604249668,0.17567999822154745,216.89760858598464,26068.792836416214
2474,6125624,1193,0.004383580013813813,0.5071248952221291,0.1512176271062154,47.63783605948964,7392.940359611015,1507,0.001597831684022974,0.5023224950232249,0.061966211761438274,149.01665165585928,26100.661639716505
2475,6130575,1195,0.0049610304099683665,0.4870292887029289,0.17128132616408606,45.23403930459972,7400.999910435994,1507,0.0017328627783235948,0.5023224950232249,0.0672029118891663,151.65014218709143,26113.766269004656
2476,6135528,1196,0.004800930023640614,0.5008361204013378,0.1658233168364129,37.50834073705602,7398.777965011265,1507,0.0006248525430278114,0.5023224950232249,0.02423268069353033,132.338210419863,26120.13601950911
2477,6140483,1197,0.005125005367094436,0.48872180451127817,0.17709099902372127,47.27295170759237,7426.234000238866,1508,0.0023037752205845832,0.5026525198938993,0.08937341496107339,178.77781404102728,26132.959884725635
2478,6145440,1197,0.0010986497536134116,0.48454469507101083,0.03796307876939228,-12.64594845282528,7429.676438903854,1509,-0.0015900840519510564,0.5023194168323393,-0.06170673498214963,93.27161935275592,26153.720734823793
2479,6150399,1198,0.0037624164421313075,0.48330550918196996,0.13006211628834857,32.487745940679076,7427.696137819637,1510,0.0009046956839324547,0.5019867549668874,0.035120375008713955,119.69376899895218,26173.63982327016
2480,6155360,1199,0.002214365975208861,0.4854045037531276,0.07657993431641592,3.4420280042608056,7435.217075735309,1510,-0.0011160617838739911,0.5019867549668874,-0.0433256276985569,84.80969061043248,26179.59656037228
2481,6160323,1199,-0.00021631592127569895,0.48874061718098416,-0.00748090389228707,-32.48971683024433,7441.99558686366,1511,-0.002514948770939997,0.5016545334215751,-0.09766294445306534,43.38971409768811,26210.51074642833
2482,6165288,1201,-0.0003702601759457155,0.48959200666111574,-0.012815495787281892,-34.781061503904084,7457.194327482774,1512,-0.0031487066690199027,0.501984126984127,-0.1223141844369793,49.75601278726356,26224.922664773047
2483,6170255,1202,0.002826120098897328,0.5,0.09785887195986033,17.753532677540363,7482.993791599556,1513,-0.00032733720121105875,0.5016523463317911,-0.012719904141855812,81.19410014751082,26257.131485557995
2484,6175224,1203,0.005815773122392999,0.4937655860349127,0.20146429066556332,56.35272764765972,7465.9480896830155,1513,0.0016199346997585852,0.5016523463317911,0.06294858641413424,114.57897069477474,26252.669523384422
2485,6180195,1205,0.0074630392861309265,0.4954356846473029,0.2587426141445838,67.02800013625296,7457.70778647037,1514,0.002139806308000371,0.5019815059445178,0.08317765947074135,140.29776682992008,26284.11163534858
2486,6185168,1205,0.0037974259943039015,0.4904564315352697,0.13165627181043216,15.532673627046563,7467.779680770227,1515,-0.0006974124746266095,0.5023102310231023,-0.027118496447340046,109.3633150087569,26284.41034823125
2487,6190143,1207,0.0034164859538427955,0.48218724109362054,0.11854763191416924,9.957639029777454,7478.6460567424965,1516,-0.0006172063694912566,0.5019788918205804,-0.02400766173420256,93.41371153674544,26310.11540904107
2488,6195120,1208,-0.0037178584123566793,0.4759933774834437,-0.1290584277181047,-90.51501266474844,7475.553716346281,1516,-0.006036522814396746,0.5019788918205804,-0.2348044429585014,-0.5272149540186888,26329.168808141738
2489,6200099,1208,0.0011572267988033593,0.48344370860927155,0.040170941063930134,-17.8610309759747,7482.616204443826,1517,-0.0019660903386673973,0.5016479894528675,-0.07650087572557022,52.74612956273063,26334.22830282893
2490,6205080,1210,0.00471099078591156,0.48512396694214877,0.16366879684664068,36.04547598445504,7517.212277431765,1518,0.0015882299166880484,0.5013175230566534,0.061818674495805324,97.39069704549127,26369.189021679627
2491,6210063,1210,0.0029914313822542093,0.4768595041322314,0.10392802648797649,9.453791974426792,7506.392829580892,1519,0.0007002976802512838,0.500987491770902,0.027266681699529175,64.27547311233451,26391.456003875213
2492,6215048,1212,-0.0009304494201149651,0.4801980198019802,-0.032352356532117724,-49.30560774376056,7507.401937842009,1519,-0.002798189485540155,0.500987491770902,-0.10894987116024055,2.661784029619241,26402.04204942673
2493,6220035,1213,-0.004182428669375264,0.47732893652102226,-0.14548600821054475,-105.57640365368917,7496.57114249911,1519,-0.006095764658714069,0.500987491770902,-0.23734374588354337,-57.22703057619094,26389.607515655633
2494,6225024,1214,-0.003951934390855788,0.47528830313014825,-0.13752504555636533,-95.2646072099879,7495.561869103923,1520,-0.005654234831466639,0.5013157894736842,-0.22022500677728485,-30.472988315502505,26411.952507148737
2495,6230015,1215,-0.003236496359229453,0.4823045267489712,-0.11267470578690798,-78.9772767319555,7499.212359745752,1521,-0.0036534537716499476,0.5009861932938856,-0.142344110284491,-12.979747608475861,26438.315452158982
2496,6235008,1215,-0.004112148402439513,0.4806584362139918,-0.14315947245721197,-92.33889212193105,7534.940436186975,1521,-0.004965058052216008,0.5009861932938856,-0.19344620600861182,-36.19695382899357,26443.754544303505
2497,6240003,1217,-0.007460574418670698,0.48890714872637636,-0.2599450849256813,-143.86403645733714,7525.65580623915,1522,-0.007143584862598362,0.5006570302233903,-0.2784165805457901,-92.51464420021978,26455.91848066043
2498,6245000,1218,-0.00820531990451666,0.48440065681444994,-0.2860116060644753,-150.3110575191057,7525.956324505563,1523,-0.007554346906249593,0.5003282994090611,-0.29452266281823447,-118.0152408531722,26480.910050537783
2499,6249999,1219,-0.008731773764643416,0.4963084495488105,-0.3044873555035229,-164.18211855834414,7541.715637534891,1523,-0.008546814556179285,0.5003282994090611,-0.3332161751291967,-135.64469732090953,26482.41560577334
2500,6255000,1220,-0.008850866440470602,0.49098360655737705,-0.30876714093497437,-160.88942840447072,7562.966188120095,1523,-0.0080220600294233,0.5003282994090611,-0.31275747731400416,-126.84459498898104,26498.79592131775
2501,6260003,1220,-0.01126137784895886,0.48688524590163934,-0.3928591019645528,-196.7922374340992,7552.2140404400125,1524,-0.009132751785758963,0.5,-0.35617731964459953,-162.9346661879004,26501.822626908237
2502,6265008,1221,-0.008326262259589382,0.48976248976248976,-0.2905853599829718,-155.90079431382713,7563.730521796284,1524,-0.008380938293015882,0.5,-0.32685659342761936,-147.7933588879862,26511.780293221054
2503,6270015,1222,-0.0068311807625495375,0.4983633387888707,-0.23850507817309502,-127.62773535732669,7578.714370479963,1525,-0.007141809528554657,0.5003278688524591,-0.27862211822961674,-108.82873083394634,26548.877726415805
2504,6275024,1223,-0.0033258748344176174,0.49141455437448894,-0.11616781380976032,-68.27396242415364,7578.205718623644,1525,-0.004331339961848546,0.5003278688524591,-0.16897777938738448,-59.10414185602866,26547.25114334588
2505,6280035,1225,-0.010186314546042022,0.4873469387755102,-0.35608418516661017,-161.7782173761184,7574.951247209465,1526,-0.0097623708544781,0.5006553079947575,-0.38098269829305054,-138.1515668603538,26562.30234815529
2506,6285048,1226,-0.004190448898320328,0.4926590538336052,-0.146545935421689,-63.63561208009372,7584.026054624982,1527,-0.004164783238228964,0.5009823182711198,-0.16258665135325165,-21.02903424615397,26575.947892665463
2507,6290063,1227,-0.001496790810003526,0.4906275468622657,-0.05236629125866255,-28.643417258557122,7578.658229574533,1528,-0.00226349524149893,0.5006544502617801,-0.08839231488166636,-5.0991199438330455,26600.247917648263
2508,6295080,1228,-0.0026573954034674395,0.496742671009772,-0.09300883912136038,-52.07391223007312,7602.703503527068,1528,-0.0037276934316722524,0.5006544502617801,-0.14557108208298786,-30.75176218685425,26605.334252743098
2509,6300099,1229,0.000103222274220174,0.49227013832384053,0.003614253900806716,-16.058491291674727,7628.891051094964,1529,-0.0003702155117826326,0.5003270111183781,-0.014462117251667933,11.045663957724457,26653.272323509686
2510,6305120,1230,-0.0011929945664831676,0.4983739837398374,-0.04178888148482571,-29.179950331404257,7646.161848122131,1530,-0.0014986039439886932,0.5006535947712418,-0.05856071758007272,9.407981075259784,26667.645110218775
2511,6310143,1230,-0.0019539985109242146,0.4943089430894309,-0.06844575364265922,-40.36266443657445,7618.131486140314,1530,-0.00215076279886182,0.5006535947712418,-0.08404502960978733,-1.7697110288854105,26651.871738284128
2512,6315168,1231,-0.005706530447461859,0.49147034930950445,-0.19997298170080313,-102.60512023768302,7640.372306351134,1530,-0.0050758568542537495,0.5006535947712418,-0.19834848354107415,-52.75265845861537,26673.577321799065
2513,6320195,1232,-0.0006244203769368043,0.49107142857142855,-0.021890365277161643,-20.97238029027386,7628.593946933123,1531,-1.6899034987154154e-05,0.5003265839320705,-0.000660577203651101,17.14985374178002,26700.50864957487
2514,6325224,1233,0.002689540114604432,0.4906731549067315,0.09432581838776538,34.775172593287266,7653.160678599477,1532,0.0033462798137223727,0.5006527415143603,0.13084767081132476,93.39000887221243,26724.32030010513
2515,6330255,1235,0.0034384489748700135,0.4882591093117409,0.12068906920939727,33.60193074417998,7650.616804589119,1533,0.0029402167376530613,0.5003261578604045,0.11500720816754953,68.11305311025717,26736.66197264457
2516,6335288,1236,0.0014029104158829182,0.47896440129449835,0.049261936258597275,-2.6323864611237013,7668.639988509727,1533,-0.00035964037964217435,0.5003261578604045,-0.01406741056782754,11.262130533781772,26739.40186095871
2517,6340323,1236,-0.000346507173864448,0.4854368932038835,-0.012167287460984742,-28.631887870309527,7671.500415430624,1534,-0.0009536725269884147,0.5,-0.03731529395635802,-16.5997077035546,26738.614556461795
2518,6345360,1237,-0.0021256998917172244,0.4858528698464026,-0.07467230033006837,-49.256816771959734,7687.518854974582,1535,-0.002558986614504239,0.4996742671009772,-0.10016071055858468,-61.59155498243325,26774.371808418342
2519,6350399,1238,-0.004520202308417255,0.4894991922455573,-0.1588515114899463,-78.62533184215334,7671.981679237177,1536,-0.003715242654716837,0.4993489583333333,-0.145464916383966,-98.58657615246653,26781.570027244445
2520,6355440,1240,-0.007155264713199958,0.4838709677419355,-0.251657892434249,-118.42186579726763,7688.747053828047,1536,-0.006036419132524717,0.4993489583333333,-0.23634720150956207,-139.02594234494472,26797.30010568396
2521,6360483,1241,-0.003928739512954725,0.49073327961321517,-0.13823358047481388,-76.64675423320841,7722.926867545906,1537,-0.004873124200796199,0.4996746909564086,-0.19086230313180103,-102.13517540551277,26831.879341295942
2522,6365528,1242,-0.0032768848585563205,0.47906602254428343,-0.11534448513975866,-72.47137696493473,7688.683781543348,1538,-0.005153081986596842,0.5,-0.2018929910361028,-89.21507045652362,26830.924017066245
2523,6370575,1242,-0.009197490421786634,0.4830917874396135,-0.32374643695788174,-161.73883290226445,7709.871824493402,1538,-0.0094560631632649,0.5,-0.3704798177912679,-164.36098552410584,26842.071188433503
2524,6375624,1244,-0.007535043727589165,0.48392282958199356,-0.265443238781968,-150.97558473925267,7697.300401269762,1538,-0.008453801859376183,0.5,-0.331212145945924,-149.9843876437373,26825.304666144242
2525,6380675,1245,-0.011856589732970858,0.4907630522088353,-0.41785017692854876,-222.65241002348984,7707.119140628892,1538,-0.012665681553814534,0.5,-0.49622970080069667,-223.7933446079084,26842.39996462116
2526,6385728,1246,-0.011250647192250676,0.4959871589085072,-0.39665512522834123,-221.17477640828696,7723.131085685102,1539,-0.013144145256961913,0.5003248862897985,-0.5151431837532858,-217.2988333716919,26857.15841588245
2527,6390783,1246,-0.016243946370508144,0.4943820224719101,-0.5726999053205049,-302.69665206613234,7725.135969479617,1539,-0.018041105414939064,0.5003248862897985,-0.7070640425978125,-309.5900166522523,26860.995392138706
2528,6395840,1247,-0.015673972310925016,0.4963913392141139,-0.5528270249875029,-298.61084423045713,7740.388178719399,1539,-0.018211755853956735,0.5003248862897985,-0.7137521465974163,-311.3914680754911,26866.842032394925
2529,6400899,1249,-0.022469456152322282,0.49159327461969576,-0.7931431578771215,-394.5934801228546,7752.698909423164,1539,-0.023383819214484805,0.5003248862897985,-0.9164548050076274,-405.49989326015213,26891.255734199563
2530,6405960,1250,-0.022516771801585043,0.488,-0.7951322219723744,-385.32733985943867,7766.0736997177155,1540,-0.022742191315535454,0.5,-0.8915983218829114,-406.88970747181986,26913.068417438273
2531,6411023,1250,-0.021783712972811724,0.488,-0.769245798265848,-372.32315322918015,7780.8567801856125,1541,-0.022680894350650464,0.500324464633355,-0.8894844156154599,-386.62174984956664,26929.206748293578
2532,6416088,1251,-0.02481640485896178,0.4876099120703437,-0.8766902131053076,-430.7013327853873,7777.5425035833005,1541,-0.0261355488002747,0.500324464633355,-1.024966784466106,-454.2561808478107,26935.877199889917
2533,6421155,1251,-0.02182523030404272,0.49320543565147884,-0.7710208595913485,-381.10227559996673,7785.561199468025,1542,-0.02381540903862603,0.5,-0.9342806516861041,-426.94810037344524,26951.607210040675
2534,6426224,1252,-0.02263531569625335,0.48562300319488816,-0.7999590854035271,-399.1890080480629,7782.398624764188,1543,-0.024644798004696045,0.5003240440699935,-0.9671317106713521,-423.8820621573914,26966.714208013553
2535,6431295,1253,-0.025389077250073194,0.4876296887470072,-0.8976394345797929,-439.6226212722204,7795.097157840162,1543,-0.02703724936506513,0.5003240440699935,-1.0610182816390208,-470.4372401653138,26975.102750984744
2536,6436368,1254,-0.03204919168760397,0.48564593301435405,-1.1335631920955302,-542.2872341306029,7817.5561952940025,1543,-0.032813494064449604,0.5003240440699935,-1.287694492022549,-578.7344156742712,26992.178860030373
2537,6441443,1256,-0.029323256084793355,0.4872611464968153,-1.0379769960409557,-501.3908587771271,7816.118403713688,1544,-0.030356884499039866,0.5,-1.191676891035519,-553.8898371826433,27001.060742637994
2538,6446520,1256,-0.030363987012284162,0.48487261146496813,-1.074816518864754,-516.2552251594993,7808.8730633312725,1544,-0.031263440569690264,0.5,-1.2272642689120665,-568.5126469039435,26995.343912283977
2539,6451599,1257,-0.026040003995699848,0.4908512330946698,-0.9221250388924837,-438.6247727094234,7821.089406115651,1545,-0.027316224753407583,0.5003236245954693,-1.0726619224288332,-475.5931417059862,27028.521497719506
2540,6456680,1258,-0.026871176286668682,0.4872813990461049,-0.9519377313467923,-451.94326112060594,7845.541578176833,1545,-0.02850931499060897,0.5003236245954693,-1.1195125571347826,-490.4291440629204,27053.370827253144
2541,6461763,1259,-0.023312563535096573,0.49404289118347894,-0.8261993566530177,-406.4629088627446,7832.596364879832,1545,-0.02608401288727602,0.5003236245954693,-1.0242750475551587,-451.5887337014005,27048.6271105388
2542,6466848,1260,-0.028628541472492927,0.4888888888888889,-1.015001914904945,-480.80916475290064,7827.657688344183,1546,-0.03046434042100389,0.500646830530401,-1.196670934523585,-509.2585000098598,27062.739510065217
2543,6471935,1261,-0.03065239588404658,0.4948453608247423,-1.0871882411881824,-526.0720659806168,7836.142486835477,1547,-0.03263461673165748,0.5009696186166774,-1.282336974059098,-539.5775096918431,27083.297224376394
2544,6477024,1262,-0.03561067423959648,0.4849445324881141,-1.2635518314760632,-604.637061303594,7836.935295004715,1547,-0.037469467235440264,0.5009696186166774,-1.4723164555412458,-620.6453045526699,27086.046494687875
2545,6482115,1262,-0.032192245876288654,0.5,-1.1422578231075131,-551.8572358062652,7848.88472383832,1548,-0.03428701328405129,0.5006459948320413,-1.347702076687721,-581.9356377528545,27113.7857951821
2546,6487208,1263,-0.03182859703744411,0.48693586698337293,-1.1298031167458846,-542.7898069481339,7872.627149960578,1549,-0.0342689341856526,0.5009683666881859,-1.3474272998722534,-567.0549355985358,27125.097896431245
2547,6492303,1265,-0.03205169056943483,0.4932806324110672,-1.1386247476095022,-534.4950709358884,7862.0235876348,1549,-0.033879706767281276,0.5009683666881859,-1.3321231866328083,-559.3832339204596,27134.68641055753
2548,6497400,1266,-0.0305631312456893,0.4881516587677725,-1.0861742973927218,-508.06837639823596,7846.482120123332,1549,-0.03191221901879379,0.5009683666881859,-1.2547631295585457,-526.9539382056965,27113.9561451022
2549,6502499,1267,-0.02554910210114586,0.4988161010260458,-0.9083415466513224,-419.50207291616044,7858.740712473061,1550,-0.027342663497540748,0.5012903225806452,-1.0754394772953004,-422.8205820558355,27139.50722007504
2550,6507600,1268,-0.02859639546292824,0.4960567823343849,-1.01708337875629,-465.67690345404907,7880.914703506532,1550,-0.030103637990829563,0.5012903225806452,-1.1840339076131532,-476.85031391557237,27147.702939868068
2551,6512703,1270,-0.02364096278760959,0.49763779527559054,-0.8414987337912958,-382.579177106226,7871.336213479287,1551,-0.026790276008647272,0.501611863313991,-1.0540535278547236,-393.5340631319696,27167.244728764843
2552,6517808,1271,-0.023877104575797423,0.4901652242328875,-0.8502395214685577,-381.20233918545284,7875.8049320608825,1551,-0.026367509534732513,0.501611863313991,-1.0374199368777317,-386.6356993926619,27165.500694315466
2553,6522915,1272,-0.028223287968577943,0.49764150943396224,-1.0053989284796279,-447.66280920637126,7903.3633380257725,1552,-0.029935820301432433,0.5019329896907216,-1.1781941772043965,-437.74138182135437,27195.903160796606
2554,6528024,1274,-0.027618861734143702,0.49843014128728413,-0.9846424408664644,-442.5448483370803,7885.886391056052,1553,-0.029595872384775204,0.501609787508049,-1.1651906609798433,-454.0590565373407,27204.56392837565
2555,6533135,1274,-0.02741617980077419,0.49843014128728413,-0.9774166096387503,-427.17808986926934,7900.010716423588,1554,-0.029412722714488346,0.5019305019305019,-1.1583535329727779,-419.4547726060504,27237.889927690718
2556,6538248,1275,-0.02686348364204309,0.5050980392156863,-0.9580890722200074,-433.3716572165712,7898.666921521027,1554,-0.029396600884608073,0.5019305019305019,-1.157718611181243,-429.36901896176533,27227.307887411447
2557,6543363,1276,-0.02733841172803795,0.49764890282131663,-0.9754106243774071,-440.49655424205565,7906.696447626142,1555,-0.030178526581524895,0.5022508038585209,-1.1888960678766503,-432.5170257849975,27244.26669649596
2558,6548480,1277,-0.027486635491215185,0.48707909162098667,-0.9810842351290276,-441.68269589094245,7921.401118617821,1556,-0.03017227546656645,0.5019280205655527,-1.1890326821444233,-441.6410786896669,27282.163335577025
2559,6553599,1279,-0.02700097780901314,0.4870992963252541,-0.9645057678273563,-446.539075451145,7943.651374567498,1557,-0.030580412642976836,0.5016056518946692,-1.2055045352641782,-467.19165159583247,27318.422904593135
2560,6558720,1279,-0.029310002767679897,0.491790461297889,-1.0469867767168937,-485.4906482736986,7950.759522890503,1557,-0.03201371973163313,0.5016056518946692,-1.2620066569318622,-495.75503631412226,27317.80849084286
2561,6563843,1280,-0.0203717614565842,0.4875,-0.7279876819052291,-343.69890064318264,7936.489048242875,1558,-0.024279395141054882,0.5012836970474968,-0.9574212443778707,-366.04983883512523,27329.837768432782
2562,6568968,1280,-0.024210379708470346,0.50234375,-0.8651612301457776,-403.59227346142137,7971.403446768605,1559,-0.027711607462888987,0.50096215522771,-1.093116663857885,-444.92024667968457,27362.030455602948
2563,6574095,1281,-0.0238809038273494,0.49492583918813426,-0.8537214366565947,-393.74153318816997,7972.535222684791,1560,-0.02637163894798591,0.5006410256410256,-1.0405942636927028,-439.80013726087,27373.537606231876
2564,6579224,1283,-0.0244730036601134,0.49883086515978176,-0.8755727967618356,-397.9799326680281,7977.20233114591,1560,-0.026598667399724645,0.5006410256410256,-1.0495525428895445,-451.15709580542546,27383.46277548937
2565,6584355,1284,-0.02406919896907544,0.4953271028037383,-0.8614621525497096,-373.5749593555731,8002.187851750132,1560,-0.025601495315857408,0.5006410256410256,-1.0102052898639227,-419.00631451596695,27405.559232527365
2566,6589488,1285,-0.023084975656879336,0.4964980544747082,-0.826558190076723,-352.8940339033634,7983.897179496541,1561,-0.024146892880931248,0.5003203074951954,-0.9531142927169521,-411.17793380614467,27411.093917887047
2567,6594623,1285,-0.023745021243688647,0.488715953307393,-0.8501911405164457,-368.3282153673095,7987.318044534959,1562,-0.024022272920382223,0.5,-0.94849960494004,-432.35676592911557,27424.26343783744
2568,6599760,1287,-0.017405673052788236,0.49417249417249415,-0.6236965379701872,-271.2150628108146,7991.750665096607,1562,-0.01791487959900785,0.5,-0.7073542240788496,-325.2535734870177,27424.62139067223
2569,6604899,1288,-0.014767918089391784,0.5031055900621118,-0.5293840336023139,-235.5983956823908,7996.286232782384,1563,-0.015617023551095385,0.4996801023672425,-0.6168230073278151,-301.6378407278593,27439.084963203386
2570,6610040,1289,-0.014601664905439926,0.49961210240496506,-0.5236280003607829,-226.90851993525763,8009.007875497473,1564,-0.015483050962620861,0.5,-0.6117274863535643,-281.46270456875703,27459.650132392526
2571,6615183,1290,-0.01710889938177706,0.5046511627906977,-0.6137780395043293,-264.44046051836824,8011.824392291103,1565,-0.018063180419991314,0.4996805111821086,-0.7138956481970009,-336.621696384441,27503.116539897226
2572,6620328,1291,-0.015321183711882385,0.5011618900077459,-0.5498576246531698,-242.95678572460127,8035.559090814548,1565,-0.016306996284948458,0.4996805111821086,-0.6444874829520727,-305.7643670622019,27515.26555831943
2573,6625475,1292,-0.0176902023349543,0.5030959752321982,-0.635125074612821,-288.9294548414159,8039.583091346038,1566,-0.0184045094964616,0.49936143039591313,-0.727618506365633,-364.26406606737146,27526.874099972716
2574,6630624,1293,-0.016571477386109805,0.4934261407579273,-0.5951906274113108,-276.18377123358164,8036.83149526314,1566,-0.017168395813333074,0.49936143039591313,-0.6787490055517689,-340.78868625953424,27541.7296130716
2575,6635775,1294,-0.017263503522246607,0.5100463678516228,-0.620286113851216,-284.0794608438669,8044.506897188637,1566,-0.018178041038565455,0.49936143039591313,-0.7186651223536873,-362.0774479320793,27531.574709072636
2576,6640928,1296,-0.012142944704313796,0.5,-0.43663976018794376,-204.23953141657654,8043.567371529504,1566,-0.013033429614094712,0.49936143039591313,-0.5152739653535698,-270.37514914550445,27521.13704318498
2577,6646083,1296,-0.009383029755179505,0.5154320987654321,-0.3373978851013341,-160.02901947995713,8055.295076868102,1567,-0.010848935885720385,0.4990427568602425,-0.42904763955680436,-248.07180639010824,27551.51319503175
2578,6651240,1297,-0.009699169412500888,0.5042405551272167,-0.34890057345375103,-160.00266546573062,8039.228951776357,1568,-0.009499757421920052,0.4987244897959184,-0.3758111720437323,-242.20902270515808,27556.085194842788
2579,6656399,1298,-0.007359122628875344,0.4930662557781202,-0.26482618487894766,-118.49063739020107,8053.434549222393,1569,-0.007438286152810714,0.49904397705544934,-0.2943531993973494,-188.95059133334422,27568.299164498818
2580,6661560,1299,-0.009282100630823624,0.5080831408775982,-0.3341556227096505,-145.52039021783617,8068.173680737003,1569,-0.009513153816502267,0.49904397705544934,-0.37646135208019954,-228.996743639871,27570.702150504607
2581,6666723,1301,-0.005381731571332454,0.5026902382782475,-0.19389177148148315,-81.85768212511982,8090.043048975031,1570,-0.006059903102066639,0.49872611464968153,-0.2398833902655342,-182.50223874497487,27597.172184020816
2582,6671888,1302,-0.00809799019697978,0.5061443932411674,-0.29186486831111486,-119.9052088177171,8087.87785907831,1571,-0.008333921725989749,0.49840865690642905,-0.3300064637142139,-241.7262729456873,27601.131827536614
2583,6677055,1302,-0.007141497298491772,0.49615975422427033,-0.25739129313170345,-104.82680276022262,8080.438354647572,1571,-0.007376086747710678,0.49840865690642905,-0.292078133643881,-224.55668116436198,27607.209280999254
2584,6682224,1303,-0.013499358981843472,0.5019186492709132,-0.4867263099493199,-201.00868564607356,8095.637186482785,1571,-0.012242218060966871,0.49840865690642905,-0.48476710282974966,-313.13129214200967,27628.878372370877
2585,6687395,1305,-0.01864429061370766,0.49195402298850577,-0.6727463588752306,-290.13020430991367,8122.756031078268,1572,-0.017070669337761853,0.49872773536895676,-0.6761795340898075,-389.86441127946944,27668.787703944545
2586,6692568,1306,-0.014935467778336386,0.4946401225114854,-0.5391269439365045,-233.42855252265844,8119.82155280062,1573,-0.014108481280543131,0.4990464081373172,-0.5590235354152762,-315.52153049303973,27673.79668359702
2587,6697743,1307,-0.012285192946813562,0.49426166794185156,-0.4436298674858702,-196.36952482559445,8129.966657863446,1574,-0.011222675421705477,0.49872935196950446,-0.44482019393066674,-279.8927913116045,27681.962496158176
2588,6702920,1307,-0.015689927813456118,0.4996174445294568,-0.566578044551736,-249.80771414621978,8139.522192733156,1574,-0.013953215469405552,0.49872935196950446,-0.5530474488332077,-328.474744257774,27691.007329398242
2589,6708099,1307,-0.011744246049887006,0.49808722264728383,-0.42409576645551844,-184.08101640159714,8125.053422675606,1575,-0.009830316318967521,0.4984126984126984,-0.3897568562058502,-268.560672575683,27695.13993069447
2590,6713280,1309,-0.010398778617324649,0.4988540870893812,-0.3757975297047063,-150.45283045083858,8118.626330281645,1576,-0.00771269385561569,0.4980964467005076,-0.30589364485216264,-247.00599620923816,27708.635415732017
2591,6718463,1310,-0.00842396879047283,0.5015267175572519,-0.3045471523245594,-125.92126919491687,8117.32733415867,1577,-0.006727092915421567,0.4984147114774889,-0.26688845664796645,-212.5818675375662,27716.05989590746
2592,6723648,1311,-0.003089858525694457,0.509534706331045,-0.1117486967580347,-43.847565167254174,8125.336971698197,1577,-0.0023312804633912904,0.4984147114774889,-0.09249044910048886,-130.53105964909213,27744.15291468624
2593,6728835,1313,-0.001285103774520914,0.5186595582635186,-0.04651294595902467,-15.179190385519291,8123.668368794376,1578,-0.0013273572859301074,0.4987325728770596,-0.05267785919251077,-94.95293242059324,27748.8432343529
2594,6734024,1314,-0.007212213039984127,0.5045662100456622,-0.2611378911621741,-104.87242789413284,8150.5871003511475,1579,-0.005945636132709862,0.49841671944268523,-0.2360350149863238,-196.95895663039244,27777.87766786459
2595,6739215,1315,-0.01257806593688129,0.4920152091254753,-0.4555969254053893,-186.0805339381522,8143.468557178208,1580,-0.010555754202352583,0.49873417721518987,-0.4191844034226746,-264.26824311983347,27801.163538722416
2596,6744408,1316,-0.013097865216014106,0.5015197568389058,-0.47460562379069343,-188.81426956435877,8166.371016148935,1580,-0.010397832747842166,0.49873417721518987,-0.4129131120087616,-261.51068308245925,27808.788489114802
2597,6749603,1317,-0.010398014367768693,0.5026575550493546,-0.37691905691953803,-152.25348543555629,8167.193000501781,1580,-0.008325133681272563,0.49873417721518987,-0.3306032073786336,-224.46734266823864,27808.795448124485
2598,6754800,1318,-0.007777474563628439,0.496206373292868,-0.2820340057919823,-114.40040484557892,8164.098789985064,1581,-0.006475399124635257,0.4990512333965844,-0.2572290665014552,-171.82344271364337,27832.49779222796
2599,6759999,1318,-0.0017707477908835638,0.5083459787556904,-0.06421250093773417,-16.476208252400795,8179.035934667847,1582,-0.001072011164567411,0.49873577749683945,-0.04259811418895656,-89.8470950311293,27859.900101621468
2600,6765200,1320,-0.0011387479003370565,0.5045454545454545,-0.04132572455441702,-18.27551983764039,8188.766859975426,1582,-0.0015702716823317684,0.49873577749683945,-0.06239730950810198,-99.036843557841,27869.10980782794
2601,6770403,1320,-0.0059124557627457126,0.5098484848484849,-0.21456594406811558,-95.2740993034983,8184.77901369398,1582,-0.00516511745226092,0.49873577749683945,-0.20524437646092009,-164.809105577781,27865.628329661315
2602,6775608,1322,-0.005890738400722138,0.5113464447806354,-0.21394007047926822,-106.5066520269209,8187.162397022983,1583,-0.005338454069134213,0.4984207201516109,-0.21219935230872858,-185.38562636546078,27882.156738318416
2603,6780815,1322,-0.008009108949160858,0.49319213313161875,-0.29087513593364794,-140.93497635909796,8208.546239658339,1584,-0.007138448637991213,0.4981060606060606,-0.2838375006960748,-236.16847669518364,27892.89665025803
2604,6786024,1323,-0.00619309841400049,0.4981103552532124,-0.22500643927331038,-118.1148660558971,8193.695767990313,1584,-0.006009162597719374,0.4981060606060606,-0.23893506551767651,-216.13521702520683,27904.247774894833
2605,6791235,1324,-0.0066522157443819115,0.5015105740181269,-0.24177853102219232,-122.39416745852725,8192.436642506813,1585,-0.006548146295971946,0.49779179810725555,-0.260448351699679,-246.39824491468528,27903.321985807088
2606,6796448,1325,-0.011617724238164652,0.5041509433962265,-0.422412529145004,-212.28682427096777,8227.13367883104,1586,-0.0110650688280007,0.4974779319041614,-0.4402451468790608,-350.40466853709154,27919.682086246547
2607,6801663,1326,-0.009101839458208975,0.497737556561086,-0.33106181606301566,-174.76813791398877,8231.885519440128,1587,-0.0092948288037599,0.49779458097038437,-0.3699295155919141,-297.959209838176,27937.737194773523
2608,6806880,1327,-0.009292583220596892,0.5056518462697814,-0.33812746746621436,-180.51080841689515,8256.372260490378,1587,-0.010456145170666705,0.49779458097038437,-0.416149323415057,-315.86662096697785,27967.40324216593
2609,6812099,1329,-0.01027202292483931,0.5033860045146726,-0.37404834886432886,-194.36380244145562,8260.034328861188,1588,-0.011569446856366405,0.4981108312342569,-0.4606034947666204,-316.1900548799763,27985.112982268525
2610,6817320,1329,-0.01084823022907944,0.5056433408577878,-0.39503052465692795,-204.57765310051104,8243.913031877699,1588,-0.011503773894861137,0.4981108312342569,-0.45798891898296007,-316.06163948788355,27964.22755524041
2611,6822543,1330,-0.013162613382447962,0.493984962406015,-0.47948782771937415,-244.49909612271227,8246.536305484346,1589,-0.013272170707585126,0.4977973568281938,-0.5285590953261244,-362.4903832598308,28003.031926477976
2612,6827768,1332,-0.012306324741327312,0.5015015015015015,-0.44863263419109106,-242.12587328885047,8257.458996043553,1589,-0.013898170265459971,0.4977973568281938,-0.5534892870238385,-373.0383728396696,28015.592084505388
2613,6832995,1332,-0.011768696904114851,0.493993993993994,-0.4290331682341192,-236.07031455414324,8274.605932829236,1590,-0.013095683391645812,0.4981132075471698,-0.5216949468658286,-343.93487164926944,28036.732688386368
2614,6838224,1334,-0.010203998176612853,0.49250374812593706,-0.37227116644625036,-210.64583212943324,8263.95316342162,1591,-0.012081643962892645,0.49780012570710247,-0.48145010115650333,-342.7698803978722,28034.760685267254
2615,6843455,1335,-0.007872924711626643,0.49138576779026216,-0.28733478863844875,-179.47986259251599,8252.073506644088,1592,-0.009756224141196519,0.49748743718592964,-0.38890517119832607,-318.7483697393199,28036.646093768202
2616,6848688,1335,-0.007920184167508287,0.49962546816479403,-0.28905959692308364,-181.61060828741512,8298.747416510316,1592,-0.00987727533338523,0.49748743718592964,-0.39373054564038334,-322.67604395355863,28062.47257087995
2617,6853923,1337,-0.007658119676185084,0.5071054599850411,-0.2797048929932177,-177.55628040618438,8286.37479574453,1593,-0.009635090221419578,0.4978028876333961,-0.38419733482168156,-300.82316456904084,28090.230790659505
2618,6859160,1338,-0.002530940639803721,0.5082212257100149,-0.09247462785624196,-99.57602577448989,8296.828081089367,1594,-0.0052453263460655155,0.4974905897114178,-0.20922212245954264,-237.12071226897694,28107.590566910832
2619,6864399,1339,0.0011595449265411042,0.5130694548170276,0.042382913625509507,-34.32633219025553,8310.43328706486,1594,-0.0015815414186042176,0.4974905897114178,-0.06308348242359628,-169.68055293322698,28125.763816420666
2620,6869640,1340,-0.0016708454765834728,0.503731343283582,-0.061094482558167296,-73.43626306850314,8323.048981805647,1594,-0.003998038721675604,0.4974905897114178,-0.1594711352234248,-212.84720198259578,28133.32886455916
2621,6874883,1341,-0.004730329286062067,0.5041014168530947,-0.1730292122065616,-127.67117567425538,8324.116208554959,1595,-0.007120092412734528,0.49780564263322885,-0.28409079502454954,-251.0232717290379,28145.113712956027
2622,6880128,1342,-0.00502302814277733,0.4977645305514158,-0.18380439847097016,-127.26719718508343,8339.768196926938,1596,-0.0063806997832981695,0.4974937343358396,-0.2546690681085122,-256.5163225007906,28166.924140625277
2623,6885375,1342,0.0010635433533022084,0.5044709388971684,0.03891754948309408,-30.34629123952226,8345.421983613112,1597,-0.0005772935051258647,0.4971822166562304,-0.023048402524913695,-169.14093537531642,28197.11568398503
2624,6890624,1344,-0.0009421277803683326,0.5029761904761905,-0.0345004054445814,-61.87039743524025,8341.399837402563,1597,-0.0023620352548370674,0.4971822166562304,-0.09430409115663317,-201.09479889056132,28203.37209180028
2625,6895875,1345,0.0006507349932807896,0.49814126394052044,0.02383858205192499,-30.938278703248557,8348.075800526596,1597,-0.0002719019768163182,0.4971822166562304,-0.010855667270353073,-163.8393609600859,28214.38555386642
2626,6901128,1345,-0.002854921355024196,0.5011152416356878,-0.10458524234330015,-86.08677566778204,8366.620289395523,1598,-0.0037016567974152014,0.4974968710888611,-0.147834737318842,-207.16666878714324,28227.97029340479
2627,6906383,1346,-0.0001644426509581276,0.49108469539375926,-0.006026323976098981,-49.637536517822355,8371.935468050115,1599,-0.0018591002612030549,0.4971857410881801,-0.0742709972654441,-192.14747536730027,28239.356932998333
2628,6911640,1348,-0.0017462588825200506,0.49332344213649854,-0.0640427202266529,-86.2427075684954,8365.721024910434,1599,-0.003877039471745266,0.4971857410881801,-0.15488760558705597,-228.05731016002824,28248.8916050374
2629,6916899,1349,0.0032170605407443637,0.5033358042994811,0.1180271074444689,-12.301615272891581,8361.726046684993,1600,0.0006286991838265922,0.496875,0.02512438007194455,-165.0507521136093,28247.013625986063
2630,6922160,1350,0.0062970939253602426,0.5088888888888888,0.23111278392978943,42.92809326326409,8385.373257858644,1601,0.004069446490262404,0.4971892567145534,0.162676091635803,-84.88457613239132,28273.601138513255
2631,6927423,1351,0.0018194987690386098,0.49518874907475946,0.06680311473785115,-23.249666896467488,8363.218366677489,1602,0.0005000981024577264,0.4968789013732834,0.019997671894968875,-167.37638618211315,28275.435244967215
2632,6932688,1351,-0.00012738222471751708,0.5025906735751295,-0.004676853602854215,-54.9558785163573,8413.47526894421,1602,-0.001807805502723803,0.4968789013732834,-0.07228961900819413,-210.02332305086333,28299.285915890363
2633,6937955,1352,0.007355851269674063,0.4933431952662722,0.2701711145167297,60.2669813222455,8384.93831717579,1603,0.004323437908432848,0.49719276356830944,0.17293751633731394,-80.1069654246433,28304.090527419074
2634,6943224,1353,0.009449044800104603,0.49667405764966743,0.3471800747543243,88.07322141160392,8383.673023791835,1604,0.0061095992928131984,0.4975062344139651,0.24446032977460452,-29.97158661942052,28310.40739189534
2635,6948495,1354,0.009529972720170856,0.49039881831610044,0.35028321890117453,82.69669943665485,8403.354901242474,1605,0.005440762626913043,0.49781931464174456,0.21776648166278204,-25.01428842472461,28337.25556005043
2636,6953768,1356,0.017719176236609614,0.497787610619469,0.6517670875396775,212.3065417014882,8417.776723481975,1605,0.012852886329137314,0.49781931464174456,0.5144366749732558,107.6709922677386,28358.86389492574
2637,6959043,1357,0.017146229640937035,0.49299926308032427,0.6309253366906883,214.92811798874448,8420.305213422229,1605,0.01261216103242204,0.49781931464174456,0.5048016468517188,107.73776242356564,28352.62404229169
2638,6964320,1359,0.020479182221103953,0.5055187637969095,0.7541234663022125,269.6088164008566,8424.128310320713,1606,0.015830032514714872,0.4975093399750934,0.633794648806172,149.3428411963012,28372.989832450112
2639,6969599,1359,0.023831582833621738,0.5025754231052244,0.8775719489149764,325.50360847195424,8450.383607089765,1607,0.019307077275717996,0.49782202862476665,0.7732478422993473,232.0746914527022,28403.60056348044
2640,6974880,1361,0.023642697140440913,0.49595885378398236,0.871258250994115,333.53921718908583,8446.026860562944,1607,0.02008641260892575,0.49782202862476665,0.8044601980704841,245.5530805519785,28403.006795775225
2641,6980163,1362,0.02474209288953515,0.49265785609397944,0.9121077826624496,360.2712575059821,8456.529442015591,1608,0.02128860831030661,0.4975124378109453,0.8528738325698576,252.58737231817798,28404.462433733337
2642,6985448,1362,0.019626523793005366,0.5,0.7235242862491034,271.7295191225927,8469.008596218662,1609,0.017285066506028512,0.49720323182100684,0.69269782714632,156.8466253676844,28439.405513678594
2643,6990735,1364,0.017082452048255075,0.5036656891495601,0.630201268343734,242.61629876078217,8456.153521511917,1610,0.016373634653461592,0.4968944099378882,0.6563765155811232,122.90420897070993,28448.64746001995
2644,6996024,1365,0.02119394683887035,0.5025641025641026,0.7821686308675839,307.93235459489017,8470.264210174064,1610,0.019742800041595683,0.4968944099378882,0.7914376113417063,188.53677928694242,28468.565210146877
2645,7001315,1366,0.01823119272171362,0.49414348462664714,0.6730743026744427,254.09614841461462,8494.412973432742,1610,0.016388804426713234,0.4968944099378882,0.6569846324177209,127.2681289675943,28479.41043608644
2646,7006608,1367,0.018627118077046794,0.5010972933430871,0.6879436285015772,268.4651921044598,8485.180280766006,1610,0.017577448500502364,0.4968944099378882,0.7046342882169553,150.9548133951135,28472.6858952388
2647,7011903,1368,0.014403330042797284,0.48903508771929827,0.5321440836645508,191.50854548132463,8492.345466323837,1611,0.013632491839616206,0.4972067039106145,0.5466612229540171,94.22249382474831,28480.708825177568
2648,7017200,1369,0.02003552955415184,0.493791088385683,0.7405018968293656,292.81786903475637,8480.205580361195,1611,0.018615557941660896,0.4972067039106145,0.7464815523151053,188.84790418199498,28472.62653684782
2649,7022499,1370,0.02161793644840806,0.49708029197080295,0.7992791664899624,312.5948975885726,8501.869429362783,1612,0.020597059013310045,0.4968982630272953,0.8261962802847895,207.65188027918185,28485.323918198104
2650,7027800,1371,0.020070075389373807,0.5025528811086798,0.7423215226253935,289.321700718193,8497.26698272191,1612,0.01964699222355821,0.4968982630272953,0.7880868760631558,186.1917290308495,28493.521859064836
2651,7033103,1372,0.025187365828846973,0.5051020408163265,0.931932535667338,366.65141164041415,8517.502051588597,1613,0.02390757497417447,0.49659020458772474,0.9592867909257873,246.17240976168603,28523.317191930008
2652,7038408,1373,0.030359900879134236,0.4923525127458121,1.1237265265648366,452.0187479978391,8500.754032464974,1613,0.02853894855689956,0.49659020458772474,1.1451197541832507,337.4787595493669,28506.775504955363
2653,7043715,1373,0.0317305644481812,0.4996358339402768,1.1744595977189882,472.7479216848688,8513.333432306888,1614,0.029828752782069128,0.4962825278810409,1.1972445395456797,342.2134459266057,28527.43512417926
2654,7049024,1375,0.037266282402302814,0.5025454545454545,1.3803624173415434,566.4675420453007,8543.177872637572,1615,0.034951803561055726,0.49597523219814244,1.403305119472972,421.4406790945411,28549.806666778662
2655,7054335,1376,0.03869145559694296,0.5043604651162791,1.4336737616405681,592.815643024712,8549.867878154218,1615,0.03662205943623261,0.49597523219814244,1.4703654248552427,460.7147544736566,28561.026739741857
2656,7059648,1377,0.03995811210672847,0.5010893246187363,1.4811475596934802,623.2461996251441,8544.842808825579,1615,0.03806399266731702,0.49597523219814244,1.5282586400532578,490.8225182615029,28547.18746755233
2657,7064963,1379,0.035481098340399586,0.4960116026105874,1.3161526792401261,560.2902627955441,8574.614873009958,1616,0.03453744962992593,0.4962871287128713,1.3870989667841618,442.6014773185978,28567.21313414278
2658,7070280,1380,0.036371608162828944,0.5115942028985507,1.3496758400602913,582.8285708669207,8570.96352264934,1617,0.03537398590631011,0.4965986394557823,1.4211364011045242,477.8827367240211,28586.696536511445
2659,7075599,1381,0.0402638459182149,0.503982621288921,1.4946512312366669,655.1984044604346,8570.150323574595,1618,0.03843310935104032,0.4969097651421508,1.5445137712038286,553.8749490560531,28612.425823671616
2660,7080920,1382,0.045957397952549904,0.5151953690303908,1.7066228834275907,744.0486754865851,8583.319071803313,1618,0.04372534030132751,0.4969097651421508,1.757192987669265,652.1618609231678,28626.341287433483
2661,7086243,1384,0.04686461709206926,0.5130057803468208,1.7415739188711568,779.811667799114,8589.193858684943,1619,0.04524450397803912,0.49660284126003706,1.81880655007441,671.5609376133914,28626.164073119166
2662,7091568,1384,0.047478036823779504,0.5086705202312138,1.7643697053803844,782.6727933435752,8593.74494403537,1619,0.045472062760005316,0.49660284126003706,1.8279542998954261,668.2387226890935,28652.211396100174
2663,7096895,1384,0.046246286522256,0.5101156069364162,1.7185956367374968,758.1267858922273,8599.387312546189,1620,0.04415216006593283,0.49691358024691357,1.7754439463510803,657.4507118533681,28666.278237108985
2664,7102224,1386,0.05043489423753696,0.512987012987013,1.8756085529735085,837.9938894176116,8627.78126582887,1620,0.048276717798335506,0.49691358024691357,1.9413004083324303,743.8947849542576,28666.606974451824
2665,7107555,1386,0.05438950874511378,0.5144300144300145,2.022675557004296,904.4220679256418,8621.337645101821,1621,0.05224203720138279,0.4972239358420728,2.101403071673346,836.3385545320698,28702.48320369177
2666,7112888,1388,0.05016659315839459,0.5021613832853026,1.866979268961238,842.8833803136872,8605.797416882004,1622,0.04904565861970805,0.49753390875462394,1.9734403115029564,791.8212985994235,28708.059860655783
2667,7118223,1389,0.05151839087596385,0.5104391648668106,1.917979252611913,858.5726977526049,8607.929371074692,1623,0.04948249572443577,0.49784349969192854,1.9916320344512595,815.9143850694575,28722.299138005998
2668,7123560,1390,0.0475122677608034,0.5107913669064749,1.7694732041607537,788.8482784804744,8618.779405722758,1623,0.04525724860095642,0.49784349969192854,1.8215691182342248,739.7715778331712,28735.94788012676
2669,7128899,1391,0.04578835139912551,0.5168943206326384,1.705884959750663,782.488947061827,8608.746490727179,1624,0.044317311867230556,0.4975369458128079,1.7842878457731206,721.4197166753728,28737.591933126856
2670,7134240,1392,0.0414722173805471,0.514367816091954,1.5456401092376069,707.9117910422817,8630.323982781718,1625,0.0415333168164179,0.49723076923076925,1.6727153404460997,644.4734887920882,28760.466473558758
2671,7139583,1394,0.03835728819194,0.5136298421807748,1.4305777316868875,652.1728372052999,8619.059174565064,1626,0.038131576204021855,0.497539975399754,1.5361867593077585,594.1421341271498,28775.118910576766
2672,7144928,1394,0.037352081444460894,0.5071736011477762,1.3930874278497358,629.386808722028,8625.767229396384,1626,0.03710199121737251,0.497539975399754,1.494708410350708,568.9417050353509,28784.77781490503
2673,7150275,1396,0.03652834579739356,0.5136103151862464,1.363344353068837,628.2360665863273,8646.17489340656,1626,0.03688769039610075,0.497539975399754,1.4860749858527265,565.3780634683416,28803.387762711794
2674,7155624,1396,0.04000380396886355,0.505730659025788,1.493058583729089,697.9090156229261,8660.766281308088,1627,0.039804029643057966,0.49784880147510757,1.6040579478125192,649.5939841566071,28821.106804386578
2675,7160975,1398,0.039965785536811356,0.5114449213161659,1.4927100518641547,705.7860658478828,8641.038758089519,1627,0.04003831874313214,0.49784880147510757,1.613499536928745,650.1810076535094,28812.536978025237
2676,7166328,1398,0.035362711748482906,0.5007153075822603,1.3207866323436863,624.4271921745467,8655.868270303348,1627,0.03627423654417376,0.49784880147510757,1.4618112274384059,576.0446707399025,28822.771594313745
2677,7171683,1399,0.03933044106339668,0.5046461758398856,1.4695065490023793,694.8336083478302,8658.647451463366,1628,0.040291377240981675,0.49815724815724816,1.6241973417536217,666.8833776011961,28851.213320518204
2678,7177040,1400,0.03187051237746592,0.5042857142857143,1.1912070324697908,560.9144410969081,8658.348368896932,1629,0.033135927087237296,0.49846531614487416,1.3361628619114245,547.6486399880919,28866.411929702146
2679,7182399,1401,0.03214039866263045,0.5046395431834404,1.2017243054118356,559.5798489530093,8668.126831596892,1630,0.033005044250403646,0.49877300613496933,1.3312943713149938,562.75659274439,28889.272193164372
2680,7187760,1402,0.03786118220168787,0.5178316690442225,1.416129688861673,674.3610997038365,8677.791588615644,1630,0.038256629942963596,0.49877300613496933,1.5431227942657646,686.516038052744,28897.805362203675
2681,7193123,1403,0.03718385675460019,0.5096222380612973,1.3912925229459392,644.7874426038516,8675.634371487507,1631,0.0374993900475313,0.4984671980380135,1.5130434644811948,641.4508429276316,28893.15199263068
2682,7198488,1405,0.03236614984106922,0.49608540925266903,1.2118951493670698,565.8413810651621,8704.300888707256,1631,0.03330459210820984,0.4984671980380135,1.3437897353174757,552.4713541142312,28914.169290835755
2683,7203855,1406,0.03280523938951253,0.5099573257467994,1.2287740944366967,575.4562587969524,8691.82851476564,1632,0.03410086059882899,0.4987745098039216,1.3763404745349423,581.2860163906817,28927.97344108978
2684,7209224,1406,0.03238500652513264,0.5128022759601707,1.213033582646802,574.7458844525922,8700.945747455133,1632,0.03349081161008935,0.4987745098039216,1.3517183653005405,576.6826832717297,28922.86815285476
2685,7214595,1408,0.030412547324190926,0.5106534090909091,1.1399635361792695,533.1131705380633,8737.955533009897,1633,0.031629248376905984,0.4990814451928965,1.276975820134217,550.1366081504973,28957.35754528526
2686,7219968,1409,0.030128237372182422,0.5060326472675657,1.1297084695350943,522.8747869366562,8743.10673591385,1634,0.030302366159997575,0.49938800489596086,1.223780481570546,542.9868053329496,28981.97780025434
2687,7225343,1410,0.03268635920629501,0.5028368794326241,1.2260652902579314,572.3505354137824,8749.899768591486,1635,0.03232530655683743,0.4996941896024465,1.3058783728193906,599.0514819740508,29007.676698189185
2688,7230720,1411,0.030905223141465876,0.5060240963855421,1.1596667654687305,542.2204230298535,8748.554910473333,1635,0.029798750897977924,0.4996941896024465,1.2038105274045978,556.910144088781,29003.99461154062
2689,7236099,1412,0.0293979511854156,0.5007082152974505,1.1035005678590342,506.9501777264644,8760.410956691674,1636,0.028423833731147402,0.5,1.1486183400297356,544.9849458974734,29017.575901700715
2690,7241480,1413,0.030912402579276976,0.4996461429582449,1.1607596878100301,525.862675998317,8795.143142451936,1637,0.02875707422267306,0.5003054367745876,1.1624404782027196,567.8704193327792,29043.157220307592
2691,7246863,1413,0.03321998365566124,0.505307855626327,1.2474092804112786,558.2974922362075,8776.48514468566,1637,0.030725748984475842,0.5003054367745876,1.2420197571591072,598.4183874961334,29046.945165254136
2692,7252248,1415,0.03393199745630284,0.5067137809187279,1.2750487039093268,555.9294127281657,8779.870896300723,1637,0.030131072086162104,0.5003054367745876,1.2179812721345458,584.164044130107,29050.894456204867
2693,7257635,1416,0.03032296377957645,0.5084745762711864,1.1398369414304026,489.152928662077,8770.546776227713,1638,0.02612799289792819,0.5006105006105006,1.056488874077382,526.6171616379057,29061.113137979773
2694,7263024,1417,0.032527078732361166,0.5095271700776288,1.2231219657572046,533.0455772944263,8794.011860309109,1639,0.028375455393647993,0.50091519219036,1.1477161421500266,587.4886674112679,29091.63193537351
2695,7268415,1417,0.03212538427442682,0.5081157374735357,1.2080169721896876,519.995021850315,8826.815864125834,1639,0.027925825722589944,0.50091519219036,1.1295297474541919,573.5549200961843,29130.883981618546
2696,7273808,1419,0.03343287402211788,0.5059901338971107,1.2580715419150006,560.3691582253925,8823.746378702712,1639,0.029756902928116776,0.50091519219036,1.2035922369244598,613.4236868701232,29127.2736373659
2697,7279203,1420,0.03462954468956349,0.5112676056338028,1.303562044085733,571.0115953629147,8824.845391689167,1640,0.029610327818698528,0.501219512195122,1.1980296188533515,625.0614357169984,29158.347570184364
2698,7284600,1421,0.030471511171900067,0.5144264602392681,1.147445608390528,510.63353291486686,8828.143573264431,1641,0.026249761395119087,0.5015234613040829,1.062385926237034,583.3105535116156,29162.69826467063
2699,7289999,1423,0.035087849674994856,0.5200281096275474,1.3222114871068669,602.3362666855894,8832.231521075335,1642,0.03049724277237956,0.5018270401948843,1.2346676061191177,682.2688539211733,29174.218476596398
2700,7295400,1424,0.03545836707007206,0.5105337078651685,1.3366440532494632,618.4117574966815,8840.635267931213,1642,0.03140257434470868,0.5018270401948843,1.2713195609694097,702.8515562964595,29194.330317230604
2701,7300803,1426,0.03586059112360842,0.5126227208976157,1.3527573248481668,635.9662644345713,8832.312395126672,1643,0.03263021376986898,0.5015216068167986,1.3214229433056055,718.0356905954786,29206.401997183275
2702,7306208,1426,0.03793636717487543,0.5224403927068724,1.4310611444482633,675.2717530428445,8830.431547770713,1644,0.03413347174402897,0.5018248175182481,1.3827216201773935,767.9785646897507,29222.454116254135
2703,7311615,1428,0.03510742448023443,0.5133053221288515,1.3252762113727057,627.6051553104287,8843.935596724023,1645,0.03089530210625137,0.502127659574468,1.2519270484546612,724.5750586979957,29242.19103642559
2704,7317024,1429,0.03559177701398599,0.5143456962911127,1.3440314604892878,639.3205905057137,8872.582112285148,1645,0.03154561664978892,0.502127659574468,1.2782788337279753,734.6787524740562,29260.27648250477
2705,7322435,1429,0.03800499508620544,0.5241427571728482,1.4351604032450742,684.2860790478528,8870.04735977209,1646,0.0341138007625233,0.5018226002430134,1.3827666304370443,769.3995736292106,29274.013448584214
2706,7327848,1430,0.03610867847746268,0.5195804195804196,1.3640289277730822,653.8869111857414,8870.343054233006,1647,0.03309488178996498,0.5015179113539769,1.3418740082203122,728.8782602066269,29304.20291344082
2707,7333263,1431,0.03582476007983219,0.519916142557652,1.3537778196079016,644.0128836965996,8882.566602475472,1648,0.031820961923804736,0.5018203883495146,1.2906136529608694,722.8980660189359,29301.834879896407
2708,7338680,1433,0.03256818888452241,0.5073272854152129,1.2315771619844365,599.4346529797581,8892.426723691704,1648,0.0299578449806971,0.5018203883495146,1.2150482388921446,687.0866872799643,29315.34873507213
2709,7344099,1433,0.03195959096923517,0.5136078157711096,1.2085628244062325,600.8667135555772,8900.784716031128,1648,0.029172239030690963,0.5018203883495146,1.1831851617371223,683.2886548660506,29304.322015845755
2710,7349520,1434,0.030191262349606465,0.5146443514644351,1.1420919985526634,568.078469090582,8883.06151732422,1649,0.02768689614424926,0.5021224984839296,1.1232830021845002,665.0341597948566,29342.0073565396
2711,7354943,1435,0.03648341450354585,0.5205574912891986,1.380597194135696,670.1717838754657,8902.527622250454,1650,0.03214263805895491,0.5024242424242424,1.3044526445017637,766.9125947901332,29356.528299991216
2712,7360368,1437,0.03466261472664228,0.5191370911621433,1.31261056554946,613.1726096375905,8934.532784219438,1650,0.029374830037175056,0.5024242424242424,1.1921260057591154,701.0532503490168,29384.341318095525
2713,7365795,1438,0.035508739118251614,0.5257301808066759,1.3451205316465715,631.4524501062858,8922.412633032814,1651,0.029520374840762816,0.502725620835857,1.1983963328791132,729.869731883604,29396.319803787854
2714,7371224,1439,0.03622926603850347,0.5288394718554552,1.3728932058251715,652.4966433378227,8914.340726268823,1652,0.030026346759634233,0.5030266343825666,1.2193063163350035,759.5809951649985,29397.610819361078
2715,7376655,1439,0.03919314484310768,0.5135510771369006,1.485208179841091,701.0145998832472,8939.723574024774,1653,0.03292429525499843,0.5033272837265578,1.337391195485904,830.8967878135984,29430.83513753626
2716,7382088,1440,0.037741195864229235,0.5180555555555556,1.4306850570204674,663.4681352625776,8944.386111482005,1653,0.030653157016249533,0.5033272837265578,1.2451371241167373,781.4991372794889,29435.500810197504
2717,7387523,1441,0.03345390444788699,0.5135322692574601,1.2686045220628892,597.9067135060557,8966.122925571719,1654,0.026419868709518762,0.5036275695284159,1.0735052970522188,730.2379006161445,29462.0234841989
2718,7392960,1442,0.02931669482005013,0.507628294036061,1.1121040007357414,522.5084327153986,8964.288509207126,1654,0.022900161934606884,0.5036275695284159,0.9304908139568822,654.7425205877855,29468.268621068153
2719,7398399,1444,0.02758412056286312,0.5013850415512465,1.047107168399436,490.631606846489,8980.93356262835,1655,0.02100131518786341,0.5039274924471299,0.8535943157333059,634.4254343895893,29485.145959035675
2720,7403840,1444,0.025673149957620302,0.502770083102493,0.9745657576703831,460.8562043295724,8995.892222874656,1655,0.019605953476700362,0.5039274924471299,0.7968801140565941,610.551356160476,29511.06152876281
2721,7409283,1445,0.021702816374658176,0.5058823529411764,0.8241356975946698,403.2018844812564,9008.4068236442,1656,0.016722076113518818,0.5036231884057971,0.6798711659131172,541.7653126341262,29533.479206555472
2722,7414728,1447,0.020727387247488845,0.5086385625431928,0.7876407154045761,397.39146878161,9000.936639043099,1657,0.016640333003986277,0.5033192516596259,0.6767523393589414,521.95516847462,29538.80130047682
2723,7420175,1448,0.01856840527284475,0.5117403314917127,0.7058436792053886,364.58561942246126,8996.782787146549,1658,0.015471794353869703,0.503015681544029,0.6294187604246945,481.0172454181266,29575.017448762184
2724,7425624,1450,0.01907604658576191,0.5096551724137931,0.7256423814015438,385.11631346592776,9005.79203208693,1658,0.016507601312057273,0.503015681544029,0.671557139254596,500.82411685939456,29561.23755301814
2725,7431075,1450,0.023526005970343176,0.516551724137931,0.8949164031675546,469.94558816477894,9007.56093285914,1658,0.0209189941848063,0.503015681544029,0.8510200619257182,592.4297807476335,29563.961272168162
2726,7436528,1451,0.024431830857972722,0.5134390075809786,0.9296945691661899,474.6739544945974,9017.91597193306,1659,0.02110310547006042,0.5033152501506932,0.8587693497998738,608.8492209491212,29595.554183630848
2727,7441983,1452,0.0243722090327597,0.5089531680440771,0.9277459924326469,483.50882430469494,9027.739527638401,1659,0.020956903623851334,0.5033152501506932,0.8528198148090809,609.4666490534046,29608.30840462538
2728,7447440,1454,0.021363946983918886,0.5116918844566712,0.8137953383939307,438.75107515554765,9026.30036397275,1659,0.019355483428376438,0.5033152501506932,0.7876516535649706,575.2455757191162,29615.599466382067
2729,7452899,1455,0.02498719988555181,0.5154639175257731,0.9521401942944093,492.912357833276,9029.60994421806,1660,0.021895879651086622,0.5036144578313253,0.8912994767284441,638.8592017145274,29641.556737238447
2730,7458360,1456,0.020268782445753076,0.5151098901098901,0.7726102550987389,420.8530649439249,9060.042721727015,1661,0.01758999380184511,0.5039133052378085,0.7162389742755961,577.8833223294052,29669.30323434595
2731,7463823,1457,0.016259982169666422,0.5044612216884008,0.6200151024850467,339.9461262202562,9053.879978587302,1662,0.012600527163424156,0.5042117930204573,0.5132298505317858,494.93651553756615,29686.53329534116
2732,7469288,1458,0.013152973457429674,0.5130315500685871,0.50171309946327,293.7655507585116,9049.193823368098,1662,0.010405506984277954,0.5042117930204573,0.4238248705776517,454.54825643755925,29687.899192360062
2733,7474755,1459,0.007081732999448559,0.5023989033584647,0.2702217088856796,191.54755639525263,9061.34508526919,1663,0.00529391443993533,0.5039085989176187,0.2156904725795987,336.57114945758974,29694.142838974036
2734,7480224,1460,0.01094988925921283,0.5116438356164383,0.4179646025294591,264.51061062159613,9063.595732433168,1664,0.009995763422384264,0.5036057692307693,0.4073810141675887,409.27846922576936,29732.69336556817
2735,7485695,1461,0.008595426717152245,0.5071868583162218,0.3282057640200804,217.6784847307062,9073.091841609026,1665,0.008232765132569493,0.5033033033033033,0.33563035755429277,357.809698102636,29730.532422747485
2736,7491168,1461,0.008262082588348802,0.5085557837097878,0.31547742974701604,213.09506684017094,9093.041276916174,1665,0.00784256799217537,0.5033033033033033,0.3197229432605161,351.513303492241,29760.564401425338
2737,7496643,1462,0.006060852256805376,0.5095759233926128,0.23150551610059422,180.7205661406303,9052.398651996904,1666,0.005980265889128707,0.5036014405762305,0.2438746270403643,333.984397185303,29748.85562724425
2738,7502120,1464,0.005447444501558984,0.5040983606557377,0.2082178330115909,168.6408330897171,9065.729989456278,1666,0.005713714638408727,0.5036014405762305,0.23300469448859465,327.69821138015476,29785.46652649624
2739,7507599,1465,0.003113254768873948,0.5112627986348123,0.11903874740667321,132.39221322242014,9080.22600771447,1667,0.002618418334998626,0.5038992201559688,0.10681092947925698,284.29785905934585,29801.65119917797
2740,7513080,1467,0.006341510920636577,0.5044308111792775,0.24264049486347813,203.8216771239446,9092.654877015832,1667,0.005883389426341609,0.5038992201559688,0.23999613992785057,350.3980616412639,29811.590103037302
2741,7518563,1467,0.01201917950396088,0.512610770279482,0.45988088630481955,303.01688160757396,9084.373782593204,1668,0.01072252555891911,0.5041966426858513,0.43752634550640096,460.9528375857077,29824.013235821385
2742,7524048,1469,0.01001816345410456,0.5003403675970047,0.38357924360419576,273.30931691608555,9110.770276807047,1669,0.008416219090734695,0.5044937088076693,0.3435219805818686,438.85671796860527,29845.297995300632
2743,7529535,1470,0.008893619791305669,0.5054421768707483,0.3406384092842582,248.93145317039807,9112.433894496571,1670,0.007436081163251295,0.5041916167664671,0.3036070984212821,403.08781547224055,29850.089659893565
2744,7535024,1472,0.009716206665860308,0.5067934782608695,0.37239825876254773,261.2180911621071,9127.120257411025,1670,0.008016024401342378,0.5041916167664671,0.3272855494629448,412.3024904317817,29878.81672490573
2745,7540515,1473,0.010907171334065702,0.5016972165648337,0.4181872644769051,278.318928522156,9127.195980574776,1670,0.008473541883724761,0.5041916167664671,0.34596549018085804,422.32445258965174,29883.792629118263
2746,7546008,1473,0.01581161647187569,0.5084860828241684,0.6062265308586594,368.58270631387603,9154.520018499044,1671,0.013198741514806512,0.5038898862956314,0.5390518574261303,499.69659416367205,29918.92817455061
2747,7551503,1475,0.01594990476286984,0.5071186440677966,0.611944448444855,380.46116390773574,9139.955658452367,1672,0.014444370343940874,0.5035885167464115,0.5901015878663106,504.68162526430973,29938.21923649641
2748,7557000,1475,0.016294732760377937,0.5098305084745762,0.6251743442894159,385.8421448554062,9139.812359985142,1672,0.014859550965583881,0.5035885167464115,0.6070631263930234,512.1107698941601,29941.746519904034
2749,7562499,1476,0.016946734821021662,0.5033875338753387,0.6504102954839378,389.9940419608564,9149.313115844232,1673,0.014700516448976481,0.5038852361028093,0.6007459172206407,525.1260472744443,29960.385141103307
2750,7568000,1477,0.01393423492519565,0.4955991875423155,0.5349730076827234,335.93436944571584,9170.571815551006,1673,0.011816023054926933,0.5038852361028093,0.4828692673941087,473.48864769818937,29982.613102797168
2751,7573503,1478,0.00985207629169126,0.506765899864682,0.3783761695780072,249.7166891696516,9160.423603522098,1674,0.007178863931115941,0.5041816009557945,0.2934566440679249,393.7650156311153,29991.43495959132
2752,7579008,1479,0.01152605815064132,0.49966193373901285,0.4428166938385912,290.42603742244324,9177.062932475346,1674,0.00903535855467993,0.5041816009557945,0.3693461841384449,434.27272302987416,29999.742266292815
2753,7584515,1481,0.012652452779033372,0.5023632680621202,0.48642058101949104,301.24263562381685,9192.528968630184,1675,0.008672224112073782,0.5044776119402985,0.3546080816840708,445.9592327660412,30025.42564773557
2754,7590024,1482,0.014586461580340548,0.5080971659919028,0.560962770655947,331.219895070243,9209.154681692722,1675,0.010499184341040175,0.5044776119402985,0.429312661931818,482.98497283959216,30037.76087812436
2755,7595535,1483,0.014369301136600444,0.5165205664194201,0.5527980521206401,329.8704486782252,9218.870242363353,1676,0.010721319733668092,0.5047732696897375,0.43852687922083844,503.01137006380026,30054.672096203652
2756,7601048,1484,0.01677864301981042,0.511455525606469,0.6457053182444844,379.12821504921817,9189.039357839829,1676,0.012994673120091244,0.5047732696897375,0.5315123129807913,547.8196206126427,30042.26672318036
2757,7606563,1485,0.01809443216032111,0.5111111111111111,0.6965768875386363,403.7243414295127,9235.754101561128,1677,0.014844243112583658,0.5044722719141324,0.6073454541709403,562.5081114977115,30099.901461785375
2758,7612080,1486,0.020653311873385215,0.5114401076716016,0.795353650306707,443.363532046046,9231.610793130963,1678,0.01638440825756356,0.5047675804529201,0.6705608077326887,610.1523686977093,30096.829811200136
2759,7617599,1487,0.021917356291467592,0.515803631472764,0.844316192016822,467.52280610762756,9225.261233316043,1679,0.01778967404405143,0.5044669446098868,0.7282910917667941,625.9049074964046,30100.012029463658
2760,7623120,1489,0.01763713311664651,0.5070517125587642,0.679888033691889,392.7688671240002,9217.817886106537,1679,0.013451951183448494,0.5044669446098868,0.5507091467515254,541.8265501014189,30100.183317073257
2761,7628643,1490,0.024106943055867636,0.5046979865771812,0.9296032347742678,514.1050266742361,9254.295217826973,1680,0.021062056487266282,0.5041666666666667,0.8625162866658684,673.8761231752405,30143.666886714287
2762,7634168,1491,0.021471056500345673,0.5110663983903421,0.8282374814355251,461.77401188046775,9242.592706016994,1681,0.0185975033002329,0.5038667459845331,0.7618169350084357,608.2547791427487,30145.07291745791
2763,7639695,1492,0.017551913630650708,0.5060321715817694,0.677285568836113,392.81388270455744,9243.472111271076,1681,0.01512717468660263,0.5038667459845331,0.619660481788461,536.2146272770823,30170.3887878105
2764,7645224,1493,0.013809472907171154,0.5097119892833222,0.533052809336094,319.2665978705495,9277.8372663883,1681,0.010956456596231174,0.5038667459845331,0.44881369547003996,453.5856665852369,30191.244731596555
2765,7650755,1495,0.013440157566462812,0.5010033444816053,0.5191451150051695,309.38365296504014,9278.247590333387,1682,0.010084223656605338,0.5041617122473246,0.4132071400448698,451.5866059997767,30205.21451064387
2766,7656288,1495,0.015033250505845724,0.5043478260869565,0.5806805853402488,338.3721933449836,9268.245512718855,1683,0.011056184183637815,0.5044563279857398,0.45316869995647163,488.8362722475,30219.717783511463
2767,7661823,1496,0.014189374074382704,0.49732620320855614,0.5482683071068276,315.815887546336,9307.603240314762,1684,0.009594499002722882,0.504750593824228,0.39337445911163815,476.9192688482752,30249.637853965192
2768,7667360,1497,0.01702939112879836,0.5023380093520374,0.6582250696783652,375.29288966218274,9303.714316002446,1684,0.012462188872170904,0.504750593824228,0.510949743759007,535.0722430978333,30244.14204080205
2769,7672899,1499,0.01877004532008295,0.494996664442962,0.7259908012996307,395.77144099277393,9311.933780932903,1685,0.012763935620916713,0.5050445103857567,0.5234769950663665,559.3193723849017,30277.64935228332
2770,7678440,1500,0.020349480921756324,0.502,0.7873434806715758,422.07886045985094,9311.564307633842,1686,0.013348647930439151,0.505338078291815,0.5476200451441544,591.1456285164485,30295.077935401732
2771,7683983,1501,0.014549099231955668,0.5116588940706196,0.5631084088477253,317.58568311306993,9313.347619745591,1687,0.008580621461456201,0.5050385299347955,0.3521192651581675,475.480288928702,30311.167750690474
2772,7689528,1502,0.017330966848250553,0.511318242343542,0.6710016806468106,377.16564946975296,9335.01044733763,1687,0.01127610984264107,0.5050385299347955,0.46273286025598903,530.9831513145039,30323.94146383819
2773,7695075,1503,0.01828926028300289,0.5043246839654025,0.7083400049052294,385.98834703403224,9307.84910586743,1688,0.012729847436161785,0.504739336492891,0.5225443440850774,539.8815012861219,30333.30776572929
2774,7700624,1505,0.02184479115110815,0.5049833887043189,0.8466089654936158,436.2120182731224,9312.777727835608,1689,0.014454638129726685,0.5050325636471285,0.5935208892666152,589.998970051578,30354.486988782737
2775,7706175,1506,0.01832201062090721,0.5126162018592297,0.7103176740082797,382.8852973268686,9320.867389725863,1689,0.01181523127622486,0.5050325636471285,0.4851443883284749,541.0897768073536,30365.425595917797
2776,7711728,1507,0.02047257192607155,0.5023224950232249,0.7939557964441927,418.94987530508087,9318.690534964611,1689,0.013743321464010244,0.5050325636471285,0.5643135652092977,581.1990973092945,30376.37620946511
2777,7717283,1507,0.020006816273073956,0.5056403450564034,0.7758931220640788,406.25424319686243,9352.10756799111,1690,0.012476050769787576,0.5053254437869823,0.5124301501873256,571.2768740702589,30401.13735547001
2778,7722840,1509,0.022522002511080677,0.5208747514910537,0.8740162122331263,451.7569532701337,9345.537292652478,1691,0.014488089317686935,0.5056179775280899,0.5952471652569536,628.8079369284244,30419.045067161416
2779,7728399,1510,0.02040613386537509,0.5112582781456954,0.7921681141605823,408.82338685088894,9355.198584081902,1692,0.012706424921864705,0.5053191489361702,0.522201601610172,576.4388670200955,30436.537466665628
2780,7733960,1512,0.019331795607145718,0.5,0.7509600169032009,390.9888700072341,9354.424497117505,1692,0.011767690682270994,0.5053191489361702,0.4836220226635706,558.7716813896561,30431.52335498538
2781,7739523,1513,0.017407762872807066,0.5023132848645075,0.6764433564136609,349.59374633785245,9362.13823708909,1692,0.010005393274707137,0.5053191489361702,0.4111961015722864,523.6711541364025,30459.110117489014
2782,7745088,1514,0.015426845515729926,0.5138705416116248,0.5996659128527508,319.2958520224913,9364.759741531398,1693,0.00823870285547806,0.505611340815121,0.33868985785236816,506.6522333543302,30483.5962669282
2783,7750655,1516,0.012430703417926072,0.512532981530343,0.4835208084805617,266.15060253690353,9362.134813734589,1693,0.005409688938168015,0.505611340815121,0.22239020020917327,450.9302952411897,30476.998772460873
2784,7756224,1517,0.014147448776314,0.5016479894528675,0.5504793952673803,290.38893296955223,9363.471453329792,1693,0.005891826471675704,0.505611340815121,0.24221068597659393,459.962238100263,30492.351050812875
2785,7761795,1518,0.011782232105458004,0.5092226613965745,0.4585998309868106,242.11089249596944,9371.205828051781,1694,0.0038790314312732734,0.5053128689492326,0.15951263985204092,402.11231451503784,30508.443188779773
2786,7767368,1519,0.008786616412752305,0.4957208689927584,0.34211433180302436,181.41459898984647,9372.737980443957,1695,0.0007061643975079497,0.5056047197640118,0.029047315202488846,356.1938274708847,30504.466020694243
2787,7772943,1520,0.011294686339412167,0.5032894736842105,0.43991317123968077,236.05499601203627,9396.872223193908,1696,0.004072396172992824,0.5053066037735849,0.16756314370571643,407.0088953499716,30532.40869042239
2788,7778520,1521,0.008594903296342616,0.5115055884286653,0.33487049218816584,179.70831670481368,9375.878453184774,1696,0.001033258436822252,0.5053066037735849,0.04251453556571644,345.2000008463453,30539.37371109891
2789,7784099,1523,0.010912430942897733,0.504924491135916,0.42544488080941584,209.53877996156086,9399.78728882003,1697,0.0019347354444832,0.5055981143193872,0.07963028884034322,381.18486698009275,30558.649686640674
2790,7789680,1523,0.007064011800286695,0.5068942875902823,0.27540588106679253,138.6523551666641,9417.785105087529,1697,-0.0015789815998169764,0.5055981143193872,-0.06498808983188857,310.33316820663714,30582.57613029333
2791,7795263,1524,0.0071406697707599885,0.5216535433070866,0.27848612105963955,135.09939191941578,9426.886778558151,1698,-0.001934475994623187,0.5058892815076561,-0.07964310735114406,320.80855964043855,30593.181368497997
2792,7800848,1525,0.00833413084010402,0.5055737704918033,0.32513793303900856,163.07881259749877,9421.647282954245,1698,-0.00043191447485112005,0.5058892815076561,-0.017782082063924134,351.57712847740873,30595.95992077027
2793,7806435,1526,0.008872644321093982,0.5104849279161205,0.3462605574847945,179.43855563359614,9435.360679283385,1698,-2.1798331127748648e-05,0.5058892815076561,-0.000897445525769494,360.22517183725756,30620.881282124607
2794,7812024,1528,0.01038637240672043,0.5117801047120419,0.40560080861717024,210.999555479538,9451.595889693996,1699,0.0013460825800246793,0.5061801059446733,0.05543507353263854,406.5719453283141,30640.430777612295
2795,7817615,1528,0.010067600391173496,0.5104712041884817,0.3931523634616025,199.8923371991998,9445.202062216655,1700,0.00013221809066567213,0.5064705882352941,0.0054466792707365454,399.3726490405728,30654.34431643605
2796,7823208,1530,0.012194712407194707,0.5104575163398692,0.4765309153979685,240.11576335243274,9466.421108282288,1700,0.0021188104522056016,0.5064705882352941,0.08728367586119166,439.7597802783837,30673.158324985205
2797,7828803,1530,0.012002063515161098,0.5117647058823529,0.46900280404890404,240.88385540918028,9474.315793560925,1701,0.0014661819124263278,0.5067607289829512,0.06041665831336387,445.1927959926928,30692.391751096045
2798,7834400,1532,0.009779232684123318,0.5104438642297651,0.38239175749505266,200.8987084338309,9490.490432952092,1702,-1.6861492834414022e-05,0.5064629847238543,-0.0006950126539048676,396.4982744051747,30701.735699209894
2799,7839999,1533,0.011591609404768034,0.507501630789302,0.45340828747040046,226.360579578328,9476.251176011036,1702,0.0013779523341696867,0.5064629847238543,0.056797717623853744,425.24874764319514,30713.603618931484
2800,7845600,1534,0.016355368844393616,0.5084745762711864,0.6399527918880915,306.2860838820393,9503.015345465672,1702,0.00536046504011221,0.5064629847238543,0.22095262087878606,505.5845374588484,30743.96526571758
2801,7851203,1536,0.013112359412485302,0.5143229166666666,0.5133953399011723,233.82508620317674,9530.430914832423,1703,0.0016356323484573517,0.5067527891955372,0.06743884937366733,448.2855810742387,30750.278863751675
2802,7856808,1537,0.015665181979842194,0.5204944697462589,0.6135474058229343,286.49745689629947,9504.319824587903,1704,0.0039747211647946125,0.5070422535211268,0.16393014543612922,513.3740525928465,30776.57897653193
2803,7862415,1538,0.019477632181835583,0.5143042912873862,0.7631156324933309,365.8546403793537,9522.995998837852,1705,0.0075478322558996105,0.5073313782991202,0.31138810436650277,604.277534905691,30800.642852562138
2804,7868024,1538,0.015571427817583054,0.5156046814044213,0.6100741546460037,295.23740073730255,9537.325233277428,1705,0.0037841491785540558,0.5073313782991202,0.15611621978336643,529.076701732571,30816.721153363862
2805,7873635,1539,0.01804444741343108,0.5100714749837557,0.707195021654238,347.5913389123429,9540.509171643054,1706,0.006993531512683752,0.5070339976553341,0.2886050061609949,576.3385606055894,30834.31380440786
2806,7879248,1539,0.019590726807759102,0.5100714749837557,0.7677965499083736,373.59771270120666,9549.80268622216,1707,0.008035482779984886,0.5073227885178676,0.3317009917028692,614.3899405281732,30856.884706227036
2807,7884863,1540,0.02100947526030314,0.5136363636363637,0.8236678966345151,391.69103267027435,9551.287909096089,1708,0.009221319819929472,0.5070257611241218,0.3807634703756757,619.011431217979,30870.624123066948
2808,7890480,1541,0.018880324978539434,0.5074626865671642,0.7404361825654592,355.78560675516803,9576.297072981253,1708,0.007806637853682133,0.5070257611241218,0.32234892392625636,590.1432532869069,30906.70016059084
2809,7896099,1543,0.019381346279776262,0.5145819831497084,0.7605789497281393,363.2614881859899,9573.334261077951,1708,0.00837182152621809,0.5070257611241218,0.3456862878564564,600.5293010218189,30908.93533888083
2810,7901720,1543,0.018318020235784282,0.5165262475696695,0.7188510225716088,343.5865152172541,9602.766239454877,1709,0.006502706768926984,0.5073142188414277,0.26858619327962274,582.0287668074282,30959.753550828987
2811,7907343,1544,0.01822974783380284,0.5123056994818653,0.7156191941776748,341.0597342233611,9590.593210273686,1710,0.0071504435091162815,0.5070175438596491,0.29542669807863814,578.275121144513,30943.04293436339
2812,7912968,1545,0.018483633591735486,0.5055016181229773,0.7258210137368214,349.3900556221847,9573.592689596191,1710,0.007428706704135078,0.5070175438596491,0.3069233803188947,583.012494460826,30954.65387542129
2813,7918595,1545,0.019100381455982557,0.512621359223301,0.7500396587248925,363.538578167349,9582.076868994105,1711,0.008465552234491872,0.5067212156633548,0.34986397567687194,586.6784323100908,30953.065806426457
2814,7924224,1547,0.015042700901094039,0.5009696186166774,0.5910843603219875,300.13388829763454,9598.029899853384,1712,0.005823724353384638,0.5064252336448598,0.24075307469115922,515.9165124274332,30991.597495781883
2815,7929855,1547,0.017195925201761948,0.5016160310277957,0.6756926508649103,341.3663469491423,9590.861164857888,1713,0.008603727497310759,0.5061295971978984,0.35578259781789207,554.4174120955281,31008.10477507928
2816,7935488,1549,0.018804328719088055,0.5100064557779213,0.7393712840500053,374.2331522304239,9600.506257933665,1713,0.009753567578554695,0.5061295971978984,0.40333095302881344,579.1925496016479,31031.76768683089
2817,7941123,1549,0.019562350527811995,0.5087153001936734,0.7691761000807531,388.6211621407526,9610.122590612222,1713,0.010542238034765117,0.5061295971978984,0.43594416908202654,595.1080779724674,31019.81654729463
2818,7946760,1550,0.02039025088985332,0.5129032258064516,0.8019877346943973,404.3680326641477,9618.380905412816,1714,0.011808056788972223,0.5058343057176196,0.48843124488525064,599.4905528749568,31051.909393345344
2819,7952399,1551,0.017234112647594314,0.5087040618955513,0.6780698052449718,351.9386047116051,9653.423790593708,1715,0.008679215771744082,0.5061224489795918,0.35911402414579274,555.3636222683909,31092.730480086448
2820,7958040,1552,0.012627530819318892,0.5032216494845361,0.4969859898269993,272.0743475157112,9637.766879363626,1715,0.004887711435786261,0.5061224489795918,0.20223552089613495,479.2838454643226,31098.92644357303
2821,7963683,1554,0.015852067085570316,0.5070785070785071,0.6242977942482971,333.5141100139814,9619.076926207828,1716,0.007311847152287814,0.5064102564102564,0.3026256851911821,546.5314575516638,31104.75869044709
2822,7969328,1555,0.014482926834917118,0.5131832797427652,0.5705611478036624,318.5190655240362,9624.940630761028,1717,0.005855489676652572,0.5066977285963891,0.2424201013358868,536.9696635599572,31097.81651736159
2823,7974975,1557,0.014365383283239873,0.5150931278098908,0.5662949974198945,303.16842691924097,9636.932632352822,1718,0.005760736939053928,0.5064027939464494,0.23856685538624475,516.503599870063,31133.427388317046
2824,7980624,1558,0.014986597434082979,0.5070603337612324,0.5909738146675478,308.4583452206742,9662.059134875572,1718,0.00609477353996785,0.5064027939464494,0.25240016565661993,523.1997321399492,31150.374096045718
2825,7986275,1559,0.01704000445398243,0.5118665811417575,0.6721628417191395,342.8033892852097,9683.552208552223,1718,0.007606269817544167,0.5064027939464494,0.31499509364661693,554.6998572370576,31169.68101794636
2826,7991928,1560,0.018795548342367144,0.5115384615384615,0.7416505218580618,372.2308195799997,9672.08810167431,1718,0.008874266314398657,0.5064027939464494,0.3675060727271908,581.4053525691658,31167.669193527152
2827,7997583,1561,0.018547457157831983,0.5150544522741832,0.7320961167904614,362.67056822288504,9681.809477605006,1719,0.008699307825050915,0.506108202443281,0.3603656109920124,560.345809002265,31199.784867568673
2828,8003240,1562,0.018725158463630646,0.5185659411011524,0.7393474157944385,364.6320135342396,9680.51467922756,1719,0.008763096383462359,0.506108202443281,0.36300802844504754,563.7022444583629,31197.443109966873
2829,8008899,1564,0.019947510130070192,0.5242966751918159,0.7881160024816295,386.8063015245961,9681.4943843946,1720,0.009621485286438506,0.5063953488372093,0.3986825869587874,598.801092841322,31217.046824180376
2830,8014560,1565,0.019604005851902438,0.5214057507987221,0.7747923754009882,382.393250814359,9690.19797638528,1721,0.008924905774972017,0.5066821615339918,0.3699263091918138,606.0661974776747,31217.30369156435
2831,8020223,1566,0.018011725693890816,0.5223499361430396,0.7120898793296278,345.97534467067675,9701.080083811106,1722,0.007638432072337622,0.5063879210220673,0.3166956945338345,561.3873846549138,31255.01953173156
2832,8025888,1566,0.016868602434182915,0.5095785440613027,0.6668967358242066,318.1627880278531,9730.457148039988,1722,0.006385541991286687,0.5063879210220673,0.2647498382854136,532.7182330353286,31248.049234302478
2833,8031555,1567,0.01301109594459288,0.5073388640714741,0.5145555344669647,240.46674676958872,9732.577905843427,1723,0.0021836388164218705,0.5066744051073708,0.09056179650716414,463.8216607521665,31279.827119766873
2834,8037224,1569,0.015106093051346754,0.5060548119821542,0.5977891585117051,285.1228462398829,9713.529025272688,1724,0.004073826493033857,0.5069605568445475,0.16900243551584676,522.6534339463867,31285.189023591614
2835,8042895,1570,0.017249600862918515,0.5101910828025478,0.6828315017632891,320.6178661371456,9751.499254033779,1724,0.00610127833968304,0.5069605568445475,0.2531111476960848,565.6644614206073,31304.901843738095
2836,8048568,1571,0.01672928112477554,0.50986632718014,0.6624457351514742,303.6048959286717,9745.574250651262,1724,0.005470394325484471,0.5069605568445475,0.22693896409673625,552.1682363492846,31322.46329233925
2837,8054243,1571,0.019863814706949392,0.5060471037555697,0.7865669324529514,364.017183374677,9772.386592155899,1725,0.008021016128967984,0.5072463768115942,0.33284800878822357,623.8757637573967,31348.71377034317
2838,8059920,1573,0.018178561123602725,0.5117609663064209,0.7202932268899659,336.2581500553997,9798.283397059495,1726,0.0068686698127490295,0.5069524913093859,0.28511185676693585,579.2247266545855,31388.71964483925
2839,8065599,1574,0.020233856866685072,0.5095298602287166,0.8019859612082088,370.75276534867334,9792.98200650739,1727,0.00877706357704371,0.506658946149392,0.36443315003049004,600.8222317301515,31403.838689537588
2840,8071280,1576,0.018731141208485663,0.49111675126903553,0.7428969908266673,327.6592717365928,9789.572140161923,1727,0.006733114507173259,0.506658946149392,0.2795661792610166,557.4883108169772,31410.13209570336
2841,8076963,1577,0.017461141564283134,0.4933417882054534,0.6927475481600577,310.9977316732692,9791.784829617507,1728,0.006603643938532,0.5063657407407407,0.27426993161012103,537.4250769195028,31428.61992507759
2842,8082648,1578,0.012881491474577782,0.5019011406844106,0.5112183443599727,229.31928242357355,9795.061983216221,1728,0.0023653571251532526,0.5063657407407407,0.09824065970060651,449.63062711194124,31431.321690958433
2843,8088335,1580,0.012163150238560468,0.49050632911392406,0.48301644569887725,216.4381994231253,9815.03091172379,1729,0.001501028403062134,0.5066512434933488,0.062360459399330305,450.1733819662029,31470.384039297518
2844,8094024,1580,0.006333559897089703,0.4892405063291139,0.2515149060984779,100.8391974654578,9820.269935359032,1729,-0.0038470831111522387,0.5066512434933488,-0.1598276685967066,338.2079813895617,31470.117261660864
2845,8099715,1582,0.006394221243768783,0.49304677623261695,0.2540848227093127,103.6633477843373,9822.554901083857,1730,-0.003683147750968189,0.5063583815028901,-0.15306126908164233,322.62577632282785,31498.710186091463
2846,8105408,1582,0.006590208811843307,0.4943109987357775,0.2618727087690847,109.27114480140443,9816.594298484744,1731,-0.0028436455755774756,0.5060658578856152,-0.11820812677484716,321.2006948977897,31499.107342594587
2847,8111103,1584,0.007293085410272222,0.4962121212121212,0.2899861356706763,111.62902899375916,9812.005708568544,1732,-0.003108237500755415,0.50635103926097,-0.12924438743847183,333.72888313439347,31510.739784317222
2848,8116800,1584,0.004411843329454212,0.49873737373737376,0.17542279108522374,52.77382965159336,9837.742622663543,1732,-0.005737892260578785,0.50635103926097,-0.23858870830373163,279.002900813858,31552.090947409608
2849,8122499,1586,0.006066683333600115,0.5,0.24137472046363342,74.35901956328951,9846.904361863497,1733,-0.00495979226810207,0.5066358915175996,-0.2062939724347621,313.50574929526243,31566.82467547123
2850,8128200,1587,0.00936030877671287,0.5034656584751103,0.3725355856107256,141.4291523665438,9872.990726823946,1733,-0.0015940376932483261,0.5066358915175996,-0.0663012380711616,386.0766435581276,31581.76568912771
2851,8133903,1588,0.006914944201941067,0.5037783375314862,0.2752981629175793,101.73707320871932,9858.566554620742,1734,-0.0043601422536110965,0.5069204152249135,-0.1814049747293489,345.43026158853957,31589.381783884943
2852,8139608,1589,0.004685834507728706,0.4984266834487099,0.18661155758323306,51.694447996515635,9874.904527575756,1734,-0.006910484871928071,0.5069204152249135,-0.28751271418298874,292.1399585586162,31615.469901305238
2853,8145315,1591,0.00397778279381248,0.4940289126335638,0.15851352136692942,38.8392044342894,9873.512476169755,1734,-0.007571913393359326,0.5069204152249135,-0.3150316383915129,276.16168472047156,31607.190578260957
2854,8151024,1592,0.002586961062769359,0.49309045226130654,0.10312212188232214,4.6194997572035845,9869.2821127386,1735,-0.008803340856402128,0.506628242074928,-0.36637131345847235,233.39556631932732,31632.17717379567
2855,8156735,1593,-0.001627195675991804,0.48901443816698054,-0.0648841087714597,-72.85635773723476,9886.389713750872,1736,-0.012035386403332408,0.506336405529954,-0.5010249109033799,150.99429571307115,31660.076580128818
2856,8162448,1594,-0.00032517691667878116,0.49435382685069007,-0.012970442674823552,-53.19959711069578,9897.057754326772,1736,-0.010959635276269808,0.506336405529954,-0.4562421266596173,173.89588777363372,31666.404831936787
2857,8168163,1595,-0.00047686037109528646,0.49404388714733544,-0.01902666904966936,-50.38331813039218,9901.764470606555,1737,-0.011006668600721758,0.5066206102475532,-0.45833227127458753,190.2541432883869,31690.3491782304
2858,8173880,1597,-0.0020825916495372174,0.48778960551033185,-0.08314732490034243,-93.69152358481955,9902.444443198545,1738,-0.01231783863032162,0.5063291139240507,-0.5130790121285285,143.88827025757337,31704.03291668266
2859,8179599,1597,-0.0002467290288284502,0.49530369442705074,-0.009850639095236846,-57.689765288892545,9928.909052183946,1739,-0.010134860510808159,0.5060379528464635,-0.4222723412534416,168.45466468912554,31735.450746312486
2860,8185320,1598,0.0019985976876625705,0.49436795994993743,0.07981889741046683,-7.62301413384364,9943.727488703315,1739,-0.008031162989209422,0.5060379528464635,-0.33462108282840336,215.76331912060976,31758.368605537908
2861,8191043,1599,0.004541661353537733,0.49530956848030017,0.1814392289692288,36.98098371822812,9932.7576455689,1740,-0.006329542918826918,0.5063218390804598,-0.2637984614358648,268.9098257147028,31759.117170242756
2862,8196768,1601,0.0043127633390248055,0.504684572142411,0.17240268076297813,33.76162186128107,9939.434353763296,1740,-0.006443249462119648,0.5063218390804598,-0.26853744678764935,264.8019026817481,31765.531415544683
2863,8202495,1602,0.00891302046737602,0.49625468164794007,0.35640938852551335,121.11021826357705,9936.675432910446,1741,-0.0017110087492860646,0.5060310166570936,-0.07133080354203196,346.83427777819367,31783.063407430724
2864,8208224,1604,0.01087560381522301,0.5087281795511222,0.4351600764218323,172.42032339051974,9960.993902289141,1741,0.0005912711839378017,0.5060310166570936,0.024649697834175463,396.0031531321431,31784.960666193692
2865,8213955,1605,0.012996867172645787,0.5052959501557632,0.5201995071105346,219.46411271752999,9963.634589466988,1742,0.00207384558992061,0.5063145809414467,0.08648209634438143,445.83932660720114,31819.100925859595
2866,8219688,1605,0.012777992453803077,0.5052959501557632,0.511439048197746,213.19790763017176,9961.204465785751,1743,0.002340489635266328,0.5060240963855421,0.0976295632226891,432.8819345356741,31835.865114786182
2867,8225423,1607,0.012129440357137892,0.5084007467330429,0.4857837077314287,202.37898434580916,9969.252588082896,1744,0.0020547093882902433,0.5057339449541285,0.08573334938657863,408.86948600740016,31848.93989759955
2868,8231160,1608,0.012949562230297527,0.5018656716417911,0.5187912055344992,211.71245386129073,9975.868699952356,1744,0.0025615650033683694,0.5057339449541285,0.10688204797319546,419.4378186005353,31856.63385768149
2869,8236899,1610,0.017940304111059523,0.5043478260869565,0.7191802278545064,298.8751702902059,9979.737135805997,1745,0.007401668466815576,0.5054441260744985,0.30892546122551934,503.1496036596311,31883.447107966676
2870,8242640,1610,0.019733472449627695,0.5180124223602485,0.7910636923894219,333.83867902191344,9991.413377618053,1746,0.009559534755554766,0.5051546391752577,0.3991034206398832,530.034129995061,31900.409264699003
2871,8248383,1611,0.02071056522260215,0.5027932960893855,0.8304910830575903,364.43501904610747,9985.481850506123,1746,0.01082792648959809,0.5051546391752577,0.45205782613267076,559.3552405054027,31896.79317690469
2872,8254128,1611,0.02031821565000639,0.5058969584109249,0.8147579141179696,356.05625426464223,10000.160650368034,1746,0.010214648950660437,0.5051546391752577,0.42645394792621283,546.2037587150106,31908.3454944614
2873,8259875,1612,0.019825880592191255,0.5037220843672456,0.7952625075285669,340.56816871268995,10005.670310552643,1746,0.00940038720759357,0.5051546391752577,0.3924591296359872,529.0663336836801,31922.258092589596
2874,8265624,1613,0.01912458316678161,0.5077495350278983,0.7673701759242835,329.64432695572617,9994.999652175879,1747,0.008351008809241663,0.5054378935317687,0.3487483665083803,528.8014071382783,31923.390427985178
2875,8271375,1615,0.018269327061224343,0.5095975232198142,0.7335083624385031,299.46081339214595,9989.518402099966,1747,0.007164873776656034,0.5054378935317687,0.29921391330377806,502.5887693263712,31933.056195065605
2876,8277128,1615,0.017828886626498727,0.5077399380804953,0.715824802395781,290.1037873581524,9997.698780797436,1747,0.006821935968911636,0.5054378935317687,0.28489240999839666,495.20186233428296,31946.787358898957
2877,8282883,1617,0.014703550930925532,0.4972170686456401,0.5907095544385669,233.7484123931352,10013.626350556426,1748,0.004090588862920292,0.505720823798627,0.1708769750238631,453.25223422196655,31969.348444870026
2878,8288640,1618,0.01292054585262071,0.49938195302843014,0.5192387849385135,199.47113612943264,10039.92777995383,1749,0.002800778459502524,0.505431675242996,0.11703098958697425,406.88628365957084,32019.217752909466
2879,8294399,1619,0.014401542377759253,0.5009264978381717,0.5789348385951284,231.23460838928935,10027.909823785789,1750,0.0036304171905852745,0.5057142857142857,0.15174101595823325,444.4324903387149,32013.92164919981
2880,8300160,1620,0.011718052949165112,0.5012345679012346,0.4712056248335008,181.19917488523566,10036.901799085932,1750,0.0012807324395162983,0.5057142857142857,0.053530939101668173,393.49368746333886,32015.51012617028
2881,8305923,1621,0.014428429914478142,0.49784083898827886,0.5803745138197908,238.99669491087445,10073.01751922341,1751,0.004288536994281523,0.5054254711593376,0.17929982882230944,439.3271177694229,32059.919569493883
2882,8311688,1623,0.014677974712833141,0.5077017868145409,0.5907770861385215,258.0263626539611,10071.167833521065,1752,0.00496523083046001,0.5057077625570776,0.20765115357821587,472.77085396447455,32075.427872637512
2883,8317455,1624,0.009940011599376896,0.5,0.4002012111372306,153.8912757505372,10076.905513025404,1752,0.0005770569329326788,0.5057077625570776,0.024133125305813106,378.60878843097834,32090.327977674693
2884,8323224,1626,0.01330011906550679,0.4981549815498155,0.5358149030171283,222.11435530642137,10078.886057780315,1752,0.0035261125615487963,0.5057077625570776,0.1474657203367944,441.42782257023566,32093.902915171682
2885,8328995,1626,0.014702205881748419,0.4993849938499385,0.5923000373054713,249.54481702123286,10107.880800129631,1753,0.005231016591794769,0.5054192812321734,0.21882912402456006,459.265680128958,32122.921015809294
2886,8334768,1627,0.009393807311559164,0.49354640442532266,0.3785599451475086,149.9935162681998,10110.200670490683,1754,0.0010128075388896028,0.5051311288483467,0.042380882754682644,351.49420509307544,32138.01288752969
2887,8340543,1627,0.007294857251472649,0.5070682237246465,0.2939746014992548,107.64568579780297,10123.800414122128,1755,-0.0007877846159602044,0.5054131054131055,-0.03297422116143957,331.30693989109034,32165.056230046797
2888,8346320,1629,0.00911964058143355,0.4960098219766728,0.3677375625197204,155.45403687615936,10120.539277206813,1755,0.0017141369977928611,0.5054131054131055,0.07174845931376136,384.84080600153163,32170.49083134324
2889,8352099,1630,0.011098739477763202,0.5,0.44767973293224594,199.93730259312787,10118.061869516463,1755,0.004143399052855605,0.5054131054131055,0.17342983597417913,436.1733252852654,32182.024382897915
2890,8357880,1631,0.00922877072128253,0.5009196811771919,0.3723668893636097,157.09912708497347,10133.122173917158,1755,0.0021065689415261817,0.5054131054131055,0.08817444357559391,393.4325470318135,32206.191122527838
2891,8363663,1632,0.008082406826101004,0.4889705882352941,0.3262129885015955,143.41952520908274,10125.487974635675,1755,0.0013010198365797183,0.5054131054131055,0.05445665599157464,376.9758863894237,32212.933203975444
2892,8369448,1633,0.00958002830125568,0.49969381506429883,0.3867769588175612,179.24971811695582,10121.020814199572,1755,0.003035322397506017,0.5054131054131055,0.12704918324616074,414.28115326359034,32214.6638591769
2893,8375235,1635,0.009965443681051633,0.5015290519877675,0.4025841906790005,200.17630693954976,10153.98252060822,1756,0.0042388530531809725,0.505125284738041,0.17747587226698527,422.36351987273656,32227.448192778524
2894,8381024,1636,0.007130286642863471,0.4938875305623472,0.28813769757903196,144.8163597731733,10146.789889450662,1757,0.001941881027517756,0.5048377916903813,0.08132749828015498,353.53473038816946,32256.96037383661
2895,8386815,1637,0.007031731282767982,0.49114233353695785,0.28424202725356523,146.63064727912382,10171.588989756545,1758,0.0015076966643998897,0.5051194539249146,0.0631615144046094,362.27236179723343,32283.961269039566
2896,8392608,1638,0.01058283764046941,0.4981684981684982,0.42791845003179824,225.63770769964907,10190.614592230928,1758,0.005753286073482842,0.5051194539249146,0.24102080331176184,452.88292843555286,32304.415693486553
2897,8398403,1639,0.01101064101956968,0.5003050640634533,0.4453528677607843,239.48396058461827,10182.670551857824,1759,0.006008877288350901,0.5054007959067652,0.2517999217710412,476.27950796435533,32319.7795069915
2898,8404200,1640,0.008184447992936023,0.4975609756097561,0.33114159253955844,189.0115024359817,10197.964509987147,1759,0.003553822106575984,0.5054007959067652,0.14892168461466726,424.66284465394466,32329.468006610325
2899,8409999,1641,0.0068444479147163565,0.5045703839122486,0.27700995174794746,168.58687308426727,10214.89584129821,1760,0.002664461963275615,0.5051136363636364,0.11168514324620643,387.7735558411282,32352.76870285249
2900,8415800,1642,0.005152520002497232,0.5079171741778319,0.2085975307487693,137.32883792656048,10232.974184224055,1760,0.0014524783544278851,0.5051136363636364,0.06088293070502816,361.37622178648115,32381.27652745122
2901,8421603,1644,0.002867775367425788,0.4975669099756691,0.11617145282168577,93.16786758107622,10236.569640904327,1761,-0.00033026894856774767,0.5048268029528676,-0.0138476851064062,305.87522283038487,32409.41117078509
2902,8427408,1645,-0.0015461996926444796,0.5033434650455927,-0.06265448419558362,9.640650190312385,10248.389745153643,1762,-0.0038402620969417477,0.5045402951191827,-0.16106225883139685,212.38305497478888,32419.98457927268
2903,8433215,1647,-0.0005911664133506918,0.5069823922282939,-0.023969592931093475,17.374429652586628,10239.071910930716,1763,-0.0036444270897321765,0.5048213272830403,-0.15289229512888405,235.42219748473354,32438.121231163754
2904,8439024,1648,0.0006535299639743138,0.5054611650485437,0.026506260123245994,48.57037361632251,10250.505659379312,1763,-0.0025544621918066304,0.5048213272830403,-0.10716570196331651,258.0984889837444,32443.90267846746
2905,8444835,1649,-0.0002861346391274666,0.5087932080048514,-0.011608747141374247,35.1079975738366,10239.987205944037,1764,-0.0033189088972462454,0.5051020408163265,-0.1392755907843723,259.3184850632241,32449.88048175882
2906,8450648,1650,-0.0006733047777840305,0.5115151515151515,-0.027324894625174023,32.777231197441665,10242.340144319583,1765,-0.0031942175194109973,0.5048158640226629,-0.13408106144803597,242.77124961409203,32459.15136328762
2907,8456463,1651,-0.0011625887168707407,0.5003028467595396,-0.047195947289283384,28.487826641351603,10242.537920336188,1765,-0.002931816808966598,0.5048158640226629,-0.12306648101721064,248.84119222236893,32472.164535812542
2908,8462280,1653,-0.0015013918034090022,0.499697519661222,-0.06098682335650189,33.18394563193567,10247.178040723556,1765,-0.0028863283551521985,0.5048158640226629,-0.12115704932259352,250.15052920286456,32478.49775106312
2909,8468099,1654,-0.00398482840571079,0.49939540507859737,-0.1619135374368255,-13.827652961245462,10263.922183144059,1766,-0.005262697294230644,0.5050962627406569,-0.22097062631777234,215.20417507405398,32486.88699185869
2910,8473920,1655,-0.0030375075990393898,0.49788519637462236,-0.12345889756633503,12.034488281123515,10257.336401075647,1767,-0.003673253292871024,0.5048104131295982,-0.154276638300583,231.85600734109272,32502.290384567405
2911,8479743,1656,0.0009845129948794077,0.4975845410628019,0.040027445942800964,90.91120252999968,10262.812242723621,1768,0.0005246803879099862,0.504524886877828,0.02204282160233268,305.8968422692238,32518.841213925163
2912,8485568,1658,0.002221679820627772,0.4951749095295537,0.09038169243830077,104.70093426403082,10284.725604334377,1768,0.0011420221913309122,0.504524886877828,0.047978525611921806,319.2972900740458,32534.466729249645
2913,8491395,1658,-0.0005645312471511527,0.49215922798552475,-0.022966085877040722,46.62719403526046,10269.867219533671,1769,-0.0011995373252010899,0.50423968343697,-0.0504091199801815,249.8809008922292,32543.84618568144
2914,8497224,1659,-0.000259783297797368,0.49547920433996384,-0.010571616298597496,58.97395584986606,10299.997566255519,1770,-0.001189219989643161,0.5045197740112994,-0.04998969366495535,268.6663102457216,32590.647546984997
2915,8503055,1659,-0.004216159580912167,0.48945147679324896,-0.17157231323556874,-22.824539568775208,10313.481994060337,1771,-0.005231802045336231,0.5047995482778092,-0.21998467826264895,199.8067669819472,32615.62937805413
2916,8508888,1661,-0.008029999104349723,0.4852498494882601,-0.32696988905875035,-89.02962498975262,10306.212100679784,1771,-0.008185787125689317,0.5047995482778092,-0.34419263794136346,137.21771120595355,32630.906984893212
2917,8514723,1662,-0.008973599049686719,0.4825511432009627,-0.3655020809265375,-101.42820381713523,10320.415598903168,1772,-0.00942635625233011,0.505079006772009,-0.39646765819477153,130.26417473778736,32654.65421705352
2918,8520560,1664,-0.007557910758294857,0.48978365384615385,-0.30802543233539975,-84.55105370423513,10325.184466232591,1773,-0.00803318969440227,0.5047941342357586,-0.3379672793322809,141.30119817819656,32672.15448913086
2919,8526399,1665,-0.004479482711086132,0.4870870870870871,-0.1826179126661027,-26.581818701349277,10336.650249578222,1774,-0.0058259562106477225,0.5050732807215332,-0.24517517650816412,207.96419610730612,32687.81219378844
2920,8532240,1666,-0.003683531981155356,0.4879951980792317,-0.15021405481795344,-5.65719206888491,10345.722193069205,1774,-0.004755093235633167,0.5050732807215332,-0.20010978133141913,229.37718564193887,32695.165702966864
2921,8538083,1667,-0.0036610965580896565,0.4907018596280744,-0.1493440223267723,0.16372487808388314,10349.752219262784,1775,-0.004015712749376252,0.5047887323943662,-0.1690419516720961,226.3584546165667,32708.829861539252
2922,8543928,1668,-0.002874901517537116,0.4892086330935252,-0.11730866461889956,23.184813475939222,10369.063814690964,1776,-0.0036450363105898125,0.5050675675675675,-0.1534815677789478,253.94865361269603,32742.711105918213
2923,8549775,1670,-0.005961590401333818,0.49580838323353293,-0.24340524585314566,-41.81293991008533,10376.808957556443,1777,-0.006101168717195221,0.5047833427124367,-0.2569743892601345,181.2377880017812,32767.36692878019
2924,8555624,1670,0.0013908630882823868,0.4934131736526946,0.0567874256969576,110.5928313683765,10376.99483148365,1777,0.0006239736276466651,0.5047833427124367,0.026281069957469545,326.8827844933358,32773.00712558069
2925,8561475,1672,0.0025226936644367447,0.48863636363636365,0.10306060434879821,122.04135600910053,10353.70793917181,1777,0.001356493208416015,0.5047833427124367,0.0571339738214081,342.570343795971,32770.54830551835
2926,8567328,1673,0.003066672437051343,0.4931261207411835,0.12532151182620088,140.34205861560633,10390.338107164494,1778,0.0024096584294683453,0.5044994375703037,0.10152071414448599,347.7769211141606,32802.63129721018
2927,8573183,1674,0.006604873278536236,0.4946236559139785,0.26999313058603414,219.3163324404694,10372.09998791173,1779,0.005810532687245134,0.5047779651489601,0.24487104204979082,439.57172020342557,32822.604831362434
2928,8579040,1675,0.009997651652160476,0.4973134328358209,0.4088049418352077,293.66898530643294,10393.83560989752,1779,0.009173260680662702,0.5047779651489601,0.3865851932644819,510.541448944246,32835.50234449282
2929,8584899,1676,0.00601357801787632,0.49522673031026254,0.24596930850304002,216.89980849246075,10415.846699918086,1780,0.006259910340534434,0.5044943820224719,0.2638832515846898,428.93249716240643,32854.93176982116
2930,8590760,1676,0.009127220320554862,0.4964200477326969,0.37332451065374167,282.4399068739071,10419.155327575952,1781,0.008951955586908233,0.5047725996631106,0.3774711786344754,506.67331294086847,32894.632400088565
2931,8596623,1678,0.009243824192825248,0.49106078665077474,0.37831980989721875,286.19064649326185,10429.050293658755,1782,0.009595235746369928,0.5044893378226711,0.4047097092009911,503.45783753167615,32908.29878157063
2932,8602488,1679,0.009309858351532047,0.5008933889219773,0.3811360953686892,278.7275555285739,10420.481602481845,1782,0.009239242270102843,0.5044893378226711,0.389694547503478,492.734803969373,32900.726859198185
2933,8608355,1681,0.009643990411253904,0.5050565139797739,0.39505062038409133,272.9329717584342,10422.044319500797,1783,0.009210971515605881,0.504206393718452,0.388611313969523,472.7211425841491,32918.39218491381
2934,8614224,1681,0.012737319380229428,0.5056513979773944,0.5217638870024243,337.7524916639776,10445.594199722158,1783,0.012468561228327396,0.504206393718452,0.5260491745132746,543.6546541743184,32922.10154068766
2935,8620095,1683,0.011270382052077407,0.5008912655971479,0.46194820000476755,320.57173956712677,10456.583952357912,1784,0.011867782582751776,0.5039237668161435,0.5008429226528429,513.627267898638,32953.41019474389
2936,8625968,1684,0.011062871493948903,0.49643705463182897,0.45357773125190504,321.5848734891715,10469.607047306421,1784,0.011933087978905714,0.5039237668161435,0.5035989341694573,514.3813802710815,32964.697795196844
2937,8631843,1686,0.01189354070687453,0.49644128113879005,0.4879251691079844,353.4694115521017,10464.800544255613,1785,0.01303855125060477,0.5042016806722689,0.5504060364399189,559.9713591869611,32965.69484687669
2938,8637720,1687,0.01540265207897289,0.5062240663900415,0.6320719957053589,415.0532288517753,10444.533711532458,1786,0.015457943418968377,0.5044792833146696,0.6527206985293185,625.0085840214692,32982.56995011989
2939,8643599,1688,0.016988987657128526,0.5029620853080569,0.6973767326343059,445.6162228412787,10465.350577395559,1787,0.016574754461172216,0.5047565752658086,0.7000749345887884,671.1485847766351,32994.6954796676
2940,8649480,1689,0.01704713423598499,0.5062166962699822,0.6999711912802126,460.53639413968926,10473.42532581896,1787,0.0168842669091714,0.5047565752658086,0.7131479431389326,685.6866414617109,33015.538058706414
2941,8655363,1690,0.01931991445180122,0.49230769230769234,0.7935288856083538,507.2786427766783,10491.76985901434,1788,0.019795393345899498,0.5044742729306487,0.8363407271729655,723.71375781285,33043.40414538583
2942,8661248,1692,0.023073708847241418,0.49763593380614657,0.9482704843580833,584.4614975522782,10513.297931118119,1789,0.023692051406074877,0.5041922861934042,1.0012519930032482,788.4326469402852,33060.82152582191
2943,8667135,1692,0.018768347966617034,0.4988179669030733,0.7713311516034304,497.9073322609501,10496.749984975666,1789,0.019747238950793538,0.5041922861934042,0.8345399061021653,706.3731415932998,33055.22994254972
2944,8673024,1693,0.0210651949346646,0.4985233313644418,0.8659819395367656,551.6351282390046,10490.857671211112,1789,0.02227225901033793,0.5041922861934042,0.9412500142164738,760.9725333003279,33054.21714504269
2945,8678915,1694,0.01864261544050397,0.4982290436835891,0.7666173516116866,500.32419418329516,10500.726819254065,1790,0.019385183287705457,0.5044692737430168,0.8194683561138951,722.246136611742,33068.66382680319
2946,8684808,1696,0.019533479261134384,0.49528301886792453,0.8037261242441158,517.4370478442256,10509.705024275778,1791,0.019984098252720673,0.5047459519821329,0.8450225790818938,751.9410732183876,33107.35302200471
2947,8690703,1697,0.022346999943236315,0.48968768414849734,0.919762991508317,587.4302055633154,10520.54914927588,1792,0.023059541408598255,0.5044642857142857,0.9753395526712839,805.8458094109452,33117.722593589075
2948,8696600,1697,0.02489743182650437,0.49145550972304064,1.0247342567587476,643.5136627432737,10530.486732363708,1792,0.02562253852292022,0.5044642857142857,1.0837455445635804,864.3016936741573,33129.57492306226
2949,8702499,1698,0.024525819399064855,0.502944640753828,1.0097372480732056,635.8460988167488,10531.903598396937,1793,0.02578451361928577,0.5041829336307864,1.0909012994876341,843.4202839597151,33158.697500934555
2950,8708400,1699,0.025416798059314776,0.4985285462036492,1.0467278087474445,661.0950033529555,10522.973580378955,1793,0.02713377762408506,0.5041829336307864,1.1479864893779914,873.5424921615372,33151.07381180918
2951,8714303,1700,0.0283110896549387,0.5023529411764706,1.1662657082640349,728.8905613650454,10547.39418039515,1794,0.0306832369124117,0.5039018952062431,1.2985209663747916,933.6277112047035,33196.2029874782
2952,8720208,1702,0.028416072588371144,0.5017626321974148,1.1712800412836952,733.3135989622715,10555.037244721278,1794,0.03079746708397406,0.5039018952062431,1.3033552109882178,938.1764132923169,33205.001358927024
2953,8726115,1702,0.032156720421039064,0.4994124559341951,1.3254655338161168,809.8772924874388,10585.971580034577,1795,0.03375685210007148,0.5041782729805014,1.4289957712188417,1018.8290931841569,33236.121466448545
2954,8732024,1704,0.03218459381110488,0.4923708920187793,1.3273950361571585,820.0065556834129,10569.543945152736,1796,0.03393762624830511,0.5044543429844098,1.4370491008792214,1038.800988743919,33252.885438128775
2955,8737935,1705,0.028438238864527645,0.5038123167155425,1.1732281523116097,743.7505202326142,10590.064467207361,1797,0.030306592573264568,0.5047301057317752,1.2836550388647754,974.5140837784556,33285.15049806249
2956,8743848,1707,0.026781240036043354,0.4961921499707089,1.1055171322269792,716.4296219638586,10596.782043166351,1797,0.028651269512731097,0.5047301057317752,1.2135427759151842,946.3247576918227,33289.70873308237
2957,8749763,1708,0.023648748890384177,0.4918032786885246,0.9764957591086414,633.8549659494436,10596.631577875485,1798,0.024910613246622453,0.5050055617352615,1.0553989202758498,871.7186510503129,33291.78323342951
2958,8755680,1708,0.02365466877195822,0.4923887587822014,0.9767402007608519,641.2901911310207,10616.089320069219,1799,0.02516481015555741,0.5047248471372985,1.066465534190759,866.6984477468295,33313.81238865943
2959,8761599,1710,0.02682883872487534,0.4994152046783626,1.1084564513612647,699.0299136142276,10609.360111814618,1800,0.028817230767040045,0.5044444444444445,1.2215922895869424,917.731199412458,33348.26629328239
2960,8767520,1711,0.02542032174843675,0.5037989479836353,1.0505699549826424,664.121279059013,10632.437330794977,1800,0.02728148588571724,0.5044444444444445,1.1564904718251086,884.7035724437932,33365.34343247166
2961,8773443,1713,0.027762349635823066,0.49620548744892,1.1480327425582781,698.7909582744398,10629.593291912845,1800,0.02894017298773782,0.5044444444444445,1.2268039377873958,917.6270889237728,33376.279524580445
2962,8779368,1713,0.02561684007941062,0.5078809106830122,1.0593113175872841,658.5211605797347,10642.407774113866,1801,0.02691291992727848,0.504164353137146,1.1411839710159626,860.2698491329921,33381.50395718188
2963,8785295,1715,0.03084399057806924,0.5037900874635568,1.276210877630888,760.747113874733,10658.520608104389,1802,0.03168593094121293,0.5044395116537181,1.3439467240485223,974.4603597731523,33428.95108263986
2964,8791224,1716,0.031900753843338535,0.5011655011655012,1.3203212934962556,803.5141609027228,10661.60292360745,1802,0.03324651807370635,0.5044395116537181,1.4101384344387908,1023.6060712828263,33419.32314596648
2965,8797155,1718,0.03535887039342488,0.5052386495925495,1.4643012880144632,880.1776634074888,10650.640258191934,1803,0.03695869884855187,0.5041597337770383,1.5680247947785486,1089.8116233811652,33422.31774394991
2966,8803088,1718,0.03458292230798285,0.5058207217694994,1.4321672925473343,871.5400671536825,10643.080673934814,1804,0.03676820824081578,0.503880266075388,1.560376220072976,1075.838503142022,33438.166525028486
2967,8809023,1719,0.031793045261079345,0.4968004653868528,1.3170151477814278,809.6029957245087,10653.119337925591,1805,0.03314952145687072,0.5041551246537396,1.407196209709505,1018.1176621662999,33440.389257954186
2968,8814960,1719,0.03162807845180953,0.5014543339150669,1.3101814586866785,801.2083909986359,10662.74757733861,1805,0.03280987458805333,0.5041551246537396,1.3927782101295905,1005.3506552187821,33460.57377831881
2969,8820899,1721,0.029218013302329964,0.4997094712376525,1.2110505248311296,769.1665282378731,10667.543709734106,1806,0.0306086448338659,0.5044296788482835,1.29969654798112,983.4030895415325,33479.13690685707
2970,8826840,1722,0.028466242243282605,0.5058072009291521,1.1802338847330778,742.4955061888838,10666.8929916741,1806,0.029831442839129568,0.5044296788482835,1.2666951931310277,960.987303143222,33486.121454757114
2971,8832783,1724,0.025916905135145888,0.5029002320185615,1.0751611774243546,700.2945869051339,10675.240542860194,1807,0.02758249023056595,0.5047039291643608,1.171525482541441,930.5066013685172,33502.44427475287
2972,8838728,1724,0.022934322694215754,0.5121809744779582,0.9514289326893547,637.8934495256597,10678.552495380556,1807,0.024652970639086103,0.5047039291643608,1.0470984701747401,867.3627858824,33511.84836481011
2973,8844675,1726,0.020561430074281736,0.507531865585168,0.8534851239145131,585.79603897365,10679.780617467659,1808,0.02281332902796982,0.504424778761062,0.9692309354925847,806.8101497193361,33539.832598526926
2974,8850624,1727,0.021285189916802366,0.5049218297625941,0.8837840517261278,594.5042061803767,10707.064801687391,1809,0.023793956094605797,0.5041459369817579,1.011173149375241,808.9364688753257,33550.02191409501
2975,8856575,1728,0.017196594394554315,0.4947916666666667,0.7142282067936404,497.0860516857873,10709.811733989667,1809,0.019683946199853357,0.5041459369817579,0.8365098175309665,713.3998281923414,33570.234575117414
2976,8862528,1729,0.016477966776437005,0.5043377674956623,0.684579702855215,488.96692887943027,10722.427348871259,1809,0.019062572999246935,0.5041459369817579,0.8101032841366727,701.287799752294,33573.08246983618
2977,8868483,1731,0.016145130983359405,0.5083766608896592,0.671140491792791,474.07007826788157,10731.267493019237,1810,0.018122232396718282,0.5038674033149171,0.7703547623157027,666.3079000573198,33593.444367421354
2978,8874440,1732,0.02048152677558488,0.5115473441108545,0.8516473986533462,574.7886327141662,10717.741888754583,1811,0.02299009053956441,0.5035891772501381,0.9775520587341645,757.4445847040777,33614.19960393785
2979,8880399,1733,0.01964169509995762,0.5083669936526255,0.8169623017443826,558.2989021675039,10734.242372328588,1811,0.022545706305623997,0.5035891772501381,0.9586565819194965,742.5865129395178,33630.5137977563
2980,8886360,1734,0.015979629978550913,0.5167243367935409,0.6648371093953606,483.5014518599337,10736.05522041564,1811,0.019246235445946273,0.5035891772501381,0.8183611565465239,667.2963563814776,33625.08244031873
2981,8892323,1734,0.014540955572800234,0.5098039215686274,0.6049806462254226,450.3312372044724,10740.603510108318,1812,0.018072024573502595,0.5033112582781457,0.7686455051473172,620.1698385230413,33624.02538042705
2982,8898288,1736,0.019038437283745307,0.5057603686635944,0.7925571331209569,531.3337334826363,10744.016466209232,1813,0.022355655105124387,0.5030336458907887,0.951101109490724,691.5915474126091,33655.28160541467
2983,8904255,1737,0.01571316533585405,0.5043177892918825,0.6543170343861217,469.17099097896323,10758.637766257021,1814,0.019407041263509645,0.5027563395810364,0.8258830527641658,611.5975493912437,33690.79971288399
2984,8910224,1739,0.013706924963902316,0.5106382978723404,0.5711035973035542,412.4554564685244,10776.297217971709,1814,0.016892761646139523,0.5027563395810364,0.7188857574164859,553.386851075606,33703.13637019659
2985,8916195,1740,0.013668223875368143,0.5126436781609195,0.5696551038714374,417.5168662089033,10775.892062627088,1815,0.017052911208442715,0.503030303030303,0.7259013890313563,575.4199658902048,33732.008631995835
2986,8922168,1741,0.016088302928369175,0.5129236071223435,0.6707105244125976,464.53648430414785,10803.034485781045,1816,0.019376972616722075,0.5027533039647577,0.8250586608852818,609.3584522001794,33762.41887773426
2987,8928143,1742,0.022707810390243523,0.5103329506314581,0.9469456431489501,607.2308197681243,10815.13279831219,1817,0.02638481667642643,0.5024766097963677,1.1237578082497204,739.4722780494758,33782.73932219738
2988,8934120,1744,0.021220790699561516,0.5057339449541285,0.8854436903210235,564.3995843310079,10811.053858116296,1817,0.024367553847071833,0.5024766097963677,1.0378404079668322,695.6478751967509,33795.712477167486
2989,8940099,1745,0.018616106048951284,0.5031518624641834,0.7769855098454184,501.1427681705878,10831.952834705055,1817,0.02150148936013815,0.5024766097963677,0.9157716293341367,630.521858524866,33794.705183376995
2990,8946080,1746,0.017317403287597604,0.5097365406643757,0.7229886250127946,470.5528631185111,10813.137441223074,1818,0.02026551393316715,0.5022002200220022,0.8633679776203982,588.2203217695354,33814.20428217513
2991,8952063,1746,0.0183470692978638,0.5108820160366552,0.7659764102264079,493.6900588184158,10836.075429788274,1819,0.02173655945825153,0.5019241341396372,0.9262937325822198,603.2714351838524,33837.02233236225
2992,8958048,1747,0.014786763419483769,0.5163136805953062,0.6175133694966273,423.0133265668352,10862.986190227373,1819,0.01843083234663424,0.5019241341396372,0.7854216543216554,529.5999608031998,33859.37084360329
2993,8964035,1747,0.012447905594468565,0.5077275329135661,0.5198397992009369,375.4968952700278,10848.923386126939,1820,0.016519088078895797,0.5016483516483516,0.7041473228886569,472.12514640546914,33867.53013832741
2994,8970024,1749,0.014375255314345844,0.5077186963979416,0.6006724128055901,418.60422234442996,10881.00078961398,1821,0.018148430160672517,0.5019220208676551,0.7738129686465565,528.9527925180512,33895.57178071648
2995,8976015,1750,0.014116816107610012,0.508,0.5900423851615131,417.4851974434371,10877.590628421762,1822,0.018545123014797785,0.5016465422612514,0.790944604827806,517.1280762627426,33913.07929376865
2996,8982008,1752,0.013878751553847234,0.5068493150684932,0.5804239256515761,410.6409527227203,10870.842797776742,1822,0.018242163841160224,0.5016465422612514,0.7780234759854405,507.91563668883475,33924.76734313725
2997,8988003,1752,0.019888776647473738,0.4994292237442922,0.8317694695625621,538.3370225389847,10906.902901368274,1822,0.02388119138183144,0.5016465422612514,1.0185265131564747,630.9951777835006,33937.0456542874
2998,8994000,1754,0.01765897251926869,0.49144811858608894,0.7389388557749134,475.7071695992655,10884.694338597054,1823,0.021628551175409436,0.5013713658804169,0.9227055279037267,558.7823369548346,33948.465913701904
2999,8999999,1755,0.014658215244924746,0.5014245014245015,0.6135474360958454,419.5363552345887,10916.66790868328,1824,0.018854477580525508,0.5016447368421053,0.8045804512438116,518.8325942727636,33968.49614808195
3000,9006000,1755,0.01235754064235555,0.4945868945868946,0.517248331456493,376.18489326242167,10915.437545284902,1824,0.016659553850721192,0.5016447368421053,0.7109160833275256,478.2388374170758,33976.34041329232
3001,9012003,1755,0.01087574989938391,0.5071225071225072,0.45522516588075274,344.17927525477415,10905.601168409468,1825,0.014533875034941992,0.5019178082191781,0.620376885347969,449.8297783818546,33991.80678963172
3002,9018008,1757,0.008928589792592001,0.4991462720546386,0.37393633323120545,292.0512370250506,10921.715743701538,1826,0.011633288137949664,0.5021905805038335,0.4967018977794645,406.41932225055194,34004.36317499706
3003,9024015,1758,0.01180679800031558,0.512514220705347,0.4946188842740936,358.79242274291386,10908.513815626005,1827,0.015203469834810655,0.5019157088122606,0.6493145485146837,465.20475893795975,34030.12524978775
3004,9030024,1759,0.009388897607877915,0.504263786242183,0.39343850269054076,314.7604083507241,10915.5841682258,1827,0.013160718364183381,0.5019157088122606,0.5620720793093259,423.18083593461097,34020.08877154778
3005,9036035,1760,0.00813180787580237,0.49886363636363634,0.34085760651771474,282.23310540169376,10912.98928556565,1828,0.011835287601355443,0.5016411378555798,0.5056037079644552,375.94990765506464,34038.6672026715
3006,9042048,1761,0.008304421380529146,0.504258943781942,0.34819201976805114,280.3740309124762,10927.618343560307,1828,0.011927751059895053,0.5016411378555798,0.5095537486447924,378.222807797696,34051.276814688055
3007,9048063,1763,0.010400429482741698,0.4951786727169597,0.4363224986507682,323.2258017486195,10951.813457470602,1829,0.014364111836085209,0.5013668671405139,0.6138032228174127,409.7427865741049,34099.51481345514
3008,9054080,1764,0.007527297072775055,0.49943310657596374,0.3158775306216061,270.50517755916474,10934.244816117029,1829,0.011738864554815506,0.5013668671405139,0.5016218878122154,357.1537184408973,34083.189635127535
3009,9060099,1765,0.007783614214447059,0.5070821529745042,0.3267264202994933,271.01635074987183,10934.832318633597,1830,0.011334316881294769,0.5016393442622951,0.4844674730624933,367.7588918894352,34101.56445650441
3010,9066120,1766,0.00852666016115379,0.5045300113250283,0.35801820451928423,295.1807356960103,10946.365182478994,1831,0.01240281469061062,0.5013653741125068,0.5302837889209111,375.96885803351444,34134.60612980296
3011,9072143,1768,0.013032696581859288,0.4983031674208145,0.5475283856055628,383.1194582364018,10976.84753329069,1832,0.016067267045026624,0.5016375545851528,0.6871457498753428,477.2517030732292,34154.9140528734
3012,9078168,1769,0.01404711873157731,0.49576031656302993,0.5903133471876163,401.57412865914785,10959.368232805862,1832,0.01677325423006344,0.5016375545851528,0.7173385693700971,495.33665885854185,34162.5533798642
3013,9084195,1771,0.011072704580317122,0.4923771880293619,0.4655805654515888,344.3896524227002,10975.117224169395,1833,0.014789785380998685,0.5013638843426077,0.6326848231602245,427.9480797708294,34187.402894045474
3014,9090224,1772,0.013518951734509977,0.4909706546275395,0.5686001029405625,405.7168737725781,10987.296201799176,1834,0.01724030534627071,0.5016357688113413,0.7377158688547936,503.87026934213236,34201.079283276005
3015,9096255,1774,0.013754019128906723,0.4915445321307779,0.5788138368536521,410.10719344848303,10991.289772150234,1834,0.017504816081943396,0.5016357688113413,0.7490343323778543,508.6432294719427,34207.45311371491
3016,9102288,1775,0.016796536222782387,0.49408450704225354,0.7070523818894203,473.93007234543893,11009.526242538468,1834,0.019981821354978786,0.5016357688113413,0.8550258482155063,567.3513668560927,34209.23188416571
3017,9108323,1777,0.016316539037403634,0.49296567248171075,0.687234339571498,462.8282755950287,11028.774564604046,1835,0.019859656801268343,0.5013623978201635,0.8500304311375848,545.298755970488,34232.91037330846
3018,9114360,1777,0.014944151069980371,0.4884637028700056,0.6294308963127323,437.5479439144639,11046.458668776344,1836,0.017956790750605366,0.5016339869281046,0.7687939453025509,527.1134283084152,34255.88909505046
3019,9120399,1778,0.015534764221866294,0.4938132733408324,0.6544912501221344,448.05423506096434,11012.802389381033,1837,0.018164142592320957,0.5019052803483941,0.7778835154400591,554.2135590241614,34256.4913106882
3020,9126440,1779,0.012438753668878515,0.4896008993816751,0.5242016070893228,381.86820870965914,11020.33713387413,1837,0.015291474628477119,0.5019052803483941,0.6548608600601361,485.4119710393175,34268.95365728123
3021,9132483,1781,0.0072572865902345044,0.4974733295901179,0.3060131941349491,263.252610660333,11046.72500846296,1838,0.01001034289424918,0.5021762785636561,0.42881205733854627,380.26319648038674,34288.750998964955
3022,9138528,1782,0.010863442150759323,0.49551066217732886,0.45820036421917976,336.2730283777482,11041.074296221563,1839,0.013415781572957312,0.5019032082653616,0.574847063497432,436.70626427817007,34333.33031531064
3023,9144575,1783,0.013122242911273457,0.49803701626472235,0.5536280349295819,379.6355282521035,11076.038607993789,1840,0.015257983437649326,0.5021739130434782,0.65396080128555,495.90963400497486,34355.68128609567
3024,9150624,1784,0.01350225512600782,0.4994394618834081,0.5698207624348025,384.14012970691823,11066.018747542186,1840,0.015344014795950978,0.5021739130434782,0.6576481257764003,499.91929239969693,34370.783482309
3025,9156675,1786,0.012617817444734114,0.5027995520716685,0.5327947187551495,377.66400306368985,11062.215890221434,1840,0.014810090137858604,0.5021739130434782,0.6347639878653163,489.57552227621414,34363.99713423403
3026,9162728,1787,0.0083857024499208,0.498041410184667,0.35419047128944076,287.3386823507647,11100.537774676748,1841,0.010858247311672547,0.5024443237370994,0.4655137170315116,416.2179675410681,34402.19640883213
3027,9168783,1789,0.010350126526817797,0.5053102291783119,0.4374076619703311,321.38247193220985,11095.434691880208,1842,0.012497111486379631,0.502171552660152,0.5359206713031511,437.0619453908994,34423.331474297374
3028,9174840,1789,0.009217363759655423,0.4974846282839575,0.38953586907314086,298.18513633225143,11143.113310836601,1842,0.011415232616888066,0.502171552660152,0.48952585033684,414.9971890456226,34449.125137075716
3029,9180899,1791,0.01235124509286635,0.4946957007258515,0.5222692988824544,379.04979250668634,11118.383344664919,1843,0.015189904978888889,0.5018990775908845,0.651574333758259,481.28790586841654,34442.74686761776
3030,9186960,1792,0.011644571164569443,0.49720982142857145,0.4925254422650935,354.88268691592293,11112.783693874975,1844,0.014612586483874286,0.5016268980477223,0.626980434927093,446.2971221209921,34467.02345660122
3031,9193023,1793,0.01406638319071814,0.5125488008923592,0.595126048465307,406.3894382421233,11121.018578868023,1845,0.01682229686694722,0.5013550135501355,0.7219882101547168,481.73033772144436,34492.045734051106
3032,9199088,1794,0.015303513664025239,0.5039018952062431,0.64764788045884,431.6591747227955,11134.879288989601,1845,0.018049544999421078,0.5013550135501355,0.7746598928380408,513.6335798411786,34496.39360468388
3033,9205155,1796,0.014022087281016822,0.49721603563474387,0.5937488901611535,418.9951300841835,11140.044485890247,1845,0.017148242610687873,0.5013550135501355,0.7359773215104461,498.4790734029183,34510.925455748365
3034,9211224,1797,0.01120658510937352,0.4936004451864218,0.47466205279720475,358.36243184071054,11156.991282185574,1846,0.014450409517637755,0.5016251354279523,0.6203586219471477,451.94071800763527,34533.7754587472
3035,9217295,1799,0.013398925360803048,0.4874930516953863,0.5678362762985212,404.7936155083887,11188.11450285263,1847,0.01701444561697207,0.5013535462912831,0.7306312799216494,487.93008913923893,34565.84519063347
3036,9223368,1800,0.014758928348512135,0.4961111111111111,0.6256462745799239,423.54720428451964,11161.421781063988,1847,0.018260579591002607,0.5013535462912831,0.7841425421100329,508.82086298236345,34561.87237505597
3037,9229443,1800,0.014791995317279701,0.5022222222222222,0.6270480176694325,419.8799627700722,11176.255549599025,1848,0.01789535535097276,0.5016233766233766,0.7686674873369189,513.8713517420103,34587.9084839395
3038,9235520,1802,0.016057467737763134,0.5099889012208657,0.6810713942007826,452.40674283413637,11188.058095600265,1848,0.01899983569386432,0.5016233766233766,0.8161087430892013,544.0339049467941,34584.628611839275
3039,9241599,1803,0.014673085241911707,0.5013865779256794,0.6225262845290412,411.0998734875717,11170.942593512642,1849,0.017715896358804186,0.5013520822065982,0.76116529616583,490.657719746464,34600.40817318446
3040,9247680,1805,0.015293670505196151,0.5102493074792244,0.6492158626017659,429.62329027774996,11174.33523597109,1849,0.018226138391587772,0.5013520822065982,0.7830878972092122,507.692126302632,34609.1966454096
3041,9253763,1806,0.016832490183966146,0.5027685492801772,0.7147369478383988,462.8682202244974,11181.84180121995,1850,0.01964330918629299,0.5016216216216216,0.8442053502679279,550.2786944338479,34641.194161265536
3042,9259848,1807,0.01723428867856122,0.5063641394576647,0.7320009249214062,478.80513902177785,11218.243643667576,1850,0.020183860844964006,0.5016216216216216,0.8674364972207389,563.6035339105738,34659.44707594089
3043,9265935,1808,0.013386095183628858,0.5038716814159292,0.5687121568936564,392.37815923420703,11222.051345972006,1851,0.016307615958409332,0.5013506212857914,0.7010378371246409,463.2362755230666,34681.71736473078
3044,9272024,1809,0.014449383813554876,0.5035931453841902,0.614056312417768,406.0118873885919,11216.217614605077,1851,0.017105472580628524,0.5013506212857914,0.7353363932227618,476.2575642281887,34673.059080756684
3045,9278115,1810,0.010289178808510421,0.5066298342541437,0.437380876811246,308.6914792591852,11235.742583763364,1852,0.01313629722355945,0.5010799136069114,0.5648607806130563,368.871504415699,34702.92779434035
3046,9284208,1811,0.012283045760892404,0.5129762562120376,0.5222822698511139,347.91036384206996,11242.218874758139,1853,0.015086638580520385,0.500809498111171,0.6489008612797531,395.1482898723508,34726.69132041325
3047,9290303,1812,0.011776125422220507,0.5033112582781457,0.5008661778333624,331.2800869838599,11249.462642486365,1854,0.014831003218515333,0.5005393743257821,0.6380779522296238,371.20208677137975,34748.94399956045
3048,9296400,1814,0.013677443045457881,0.49889746416758546,0.582055155292021,362.1736472067525,11252.831239447636,1854,0.016009451954075295,0.5005393743257821,0.6887786462362808,398.1036711107347,34750.55376943056
3049,9302499,1815,0.019096276755510087,0.4991735537190083,0.8128825426176522,488.9639457779203,11278.76427520128,1855,0.02125819297101418,0.5008086253369273,0.9148435620714657,535.7297518621599,34780.136678272946
3050,9308600,1817,0.019956803603520958,0.5085305448541552,0.849981796432186,501.37660376320343,11275.902640016233,1855,0.021418981292771387,0.5008086253369273,0.9217630665287082,544.524296390548,34772.335770386875
3051,9314703,1817,0.023206580891617503,0.5107319757842598,0.9883933172457433,580.2700693178301,11278.407486384678,1855,0.02450214835237331,0.5008086253369273,1.0544467588403537,620.9240881089836,34783.43524771212
3052,9320808,1819,0.02173136906981403,0.5151181968114349,0.9260725465068174,536.0340488223278,11274.77354514271,1855,0.022670824399315545,0.5008086253369273,0.9756359713568381,579.4431026291759,34793.52291923086
3053,9326915,1820,0.020625492952442284,0.5071428571428571,0.8791880990256149,501.6399877858894,11262.294118418322,1856,0.02156786097700334,0.5005387931034483,0.9284206363817833,531.7266465980194,34800.59946482957
3054,9333024,1822,0.01695392467738131,0.5076838638858397,0.7230804154564928,418.67477868392024,11258.828549892987,1857,0.017590854564315337,0.5008077544426495,0.7574287798978626,459.33984202630563,34812.83866734976
3055,9339135,1822,0.01809855438499137,0.5071350164654226,0.7718985705605278,438.8462979043077,11276.853931948805,1858,0.0184818196820222,0.5010764262648009,0.7960066312522419,492.7123252669906,34839.27923227416
3056,9345248,1824,0.01737187398390202,0.5054824561403509,0.7413130461570154,428.091565414612,11291.201573278702,1858,0.018019658510926195,0.5010764262648009,0.7761014832078872,487.70804505491003,34857.208276441525
3057,9351363,1825,0.01808443203360436,0.5063013698630137,0.7719320271656159,442.3787218313109,11309.771411644113,1859,0.01912977005616426,0.50080688542227,0.8241357158002498,486.17512142560633,34883.92067478581
3058,9357480,1827,0.017078492098585456,0.5112205801860974,0.7293935862531815,420.90612186976995,11325.994980197549,1860,0.017887383807643823,0.5010752688172043,0.7708196504617645,477.7801715126829,34916.5349403929
3059,9363599,1828,0.01808987013539457,0.5065645514223195,0.7727995909455948,432.57762328927475,11332.02492583435,1861,0.018265732904767025,0.5013433637829124,0.787335724645288,500.02748701123176,34933.87374435159
3060,9369720,1828,0.017466009156270165,0.5098468271334792,0.7461482382346128,419.56567175193805,11339.154407061153,1861,0.0176836862230683,0.5013433637829124,0.7622468794124174,487.76673550708705,34941.79793622045
3061,9375843,1829,0.015327458489329308,0.5101148168398032,0.6549686834598266,365.88181612741187,11340.28735704135,1862,0.014984239013509188,0.5016111707841031,0.6460622814985965,445.6543493415416,34943.80951991773
3062,9381968,1831,0.012057574717279211,0.5046422719825232,0.5155230135878951,300.4064902665171,11356.965089949317,1863,0.012121822938905756,0.5013419216317767,0.5227865529388243,369.6075008723774,34968.59478013775
3063,9388095,1832,0.012715317569107003,0.5010917030567685,0.5437935649816464,321.5629747284209,11358.841048043212,1864,0.013235443644433272,0.5010729613733905,0.5709678960443464,376.6944347042647,35000.53588877799
3064,9394224,1834,0.008810621374112664,0.5016357688113413,0.37700812552952323,231.03178303683234,11383.051742059819,1864,0.009461189873538417,0.5010729613733905,0.4081491955460338,287.78966802200074,35019.74317134578
3065,9400355,1834,0.012212687755751416,0.5076335877862596,0.5225831780720356,308.62311138720275,11407.876635101888,1865,0.01318295705285237,0.500804289544236,0.5688564353999924,354.813247860256,35055.50924856345
3066,9406488,1836,0.009423998471918764,0.5065359477124183,0.40347482277741564,245.46048589249153,11422.836142835651,1866,0.010697051432827644,0.5005359056806002,0.46171130821247075,278.8335648136966,35077.99152170471
3067,9412623,1837,0.010162711951931263,0.5040827436037016,0.4352204382559225,269.3091851184102,11409.62484731601,1867,0.011467910815595976,0.500803427959293,0.4951163417585803,316.756678747567,35082.739179387514
3068,9418760,1839,0.007824564032102334,0.5035345296356716,0.3352713841188569,218.26674406024648,11404.719359612267,1867,0.008923356186349984,0.500803427959293,0.3852575715173799,260.59452872953545,35083.14386430483
3069,9424899,1840,0.00808724782649895,0.5016304347826087,0.34662136647507524,230.79628941637736,11422.146861674246,1867,0.009469644524966686,0.500803427959293,0.40884306046218705,273.88014106578083,35090.93765966202
3070,9431040,1841,0.0077066750297260615,0.49538294405214556,0.330399818319215,228.6788972281093,11407.147922782577,1868,0.009013772405646306,0.5010706638115632,0.3892655821019562,283.08721799193125,35089.4780084443
3071,9437183,1842,0.0071050521651766785,0.49022801302931596,0.30468995416703953,210.55367044252358,11426.624616060179,1869,0.008328503648260235,0.5008025682182986,0.35976822212865167,250.15017540998525,35127.76714162451
3072,9443328,1844,0.00852331000132094,0.49783080260303686,0.3657086045337667,231.50368500973985,11419.024046460585,1869,0.00928258440178107,0.5008025682182986,0.4009818603712257,272.22949305728656,35118.888007581176
3073,9449475,1845,0.012385203705023135,0.5040650406504065,0.5315547054077129,315.8701195547554,11419.99513114074,1870,0.013123923392913293,0.5005347593582887,0.5670689207419561,344.03204391102184,35136.55702570705
3074,9455624,1846,0.00869991043948523,0.5027085590465872,0.373488685197133,235.65681441623872,11436.474815524465,1871,0.009316883688598726,0.5008017103153394,0.4026791189939283,273.1384495466332,35143.84441328172
3075,9461775,1847,0.008609560441661742,0.49864645370871685,0.36971020429718693,228.59848171241384,11422.623724151259,1871,0.009127582869450871,0.5008017103153394,0.39449746838766725,269.58252188349087,35151.09818785814
3076,9467928,1848,0.0037020266872051974,0.4962121212121212,0.15901486703663326,120.67069939054642,11437.158390928802,1871,0.0045250359677007105,0.5008017103153394,0.19557370874119093,161.90856145938722,35171.031614394975
3077,9474083,1849,0.003093099775461399,0.4916170903190914,0.13289534771349587,99.81614814450774,11472.325695407664,1872,0.004103495930313208,0.500534188034188,0.177402059657805,131.99230026473714,35209.330540469186
3078,9480240,1850,0.005733677405471297,0.505945945945946,0.24641475102305113,167.4198275893064,11469.521800800714,1872,0.006836103246928455,0.500534188034188,0.29553795510793923,196.60091844887813,35218.146862808775
3079,9486399,1851,0.0037282281297542443,0.5013506212857914,0.16027045222648825,115.59347233079825,11462.13976431356,1873,0.004300390621859767,0.5008008542445275,0.1859639273248539,156.84140220773412,35208.024224972745
3080,9492560,1853,0.001953309781086136,0.49865083648138153,0.08401503042099386,62.98417283564186,11455.78500133088,1873,0.002076839921026261,0.5008008542445275,0.08980982010700636,105.10770393071118,35223.204231991665
3081,9498723,1854,0.0015925946521961384,0.49784250269687164,0.06851859711934506,48.92731472737205,11488.360048503115,1874,0.0010241976439164752,0.5010672358591248,0.044301727986923875,99.36154922417387,35250.683581686186
3082,9504888,1855,0.006296305175172657,0.5018867924528302,0.27096067206643454,163.6352344930877,11482.641834759972,1875,0.005710956568289355,0.5013333333333333,0.24709376086698162,227.50494585405232,35267.609377526314
3083,9511055,1855,0.0072347657376580455,0.5040431266846361,0.3113471999815005,185.23624739831206,11482.349118426395,1876,0.006211708182057124,0.5015991471215352,0.26883136279759723,257.91481685770214,35293.74885435238
3084,9517224,1857,0.005712319738982578,0.5099623047926763,0.24596163617094016,151.61264536959612,11502.157751825976,1876,0.004666408253487893,0.5015991471215352,0.20195360976208357,223.16216177811464,35304.92932127217
3085,9523395,1858,0.002801405389407998,0.5053821313240043,0.12065572033275813,88.30262612183475,11487.75184937481,1877,0.0023449138994121794,0.5013319126265317,0.10151066998429355,148.79006228308498,35312.818193098385
3086,9529568,1860,0.0028015078535631667,0.5059139784946236,0.12072516180519627,89.52661319250637,11488.21516306899,1878,0.0027532694981029443,0.5010649627263046,0.11922006644109905,140.70288187624226,35318.1938880703
3087,9535743,1861,0.004169207595368232,0.491671144545943,0.1797117093746178,126.33903231127164,11519.61489957043,1878,0.00439412263441065,0.5010649627263046,0.19027109143719123,178.26675770836795,35351.71491982263
3088,9541920,1863,0.005389628525489418,0.4954374664519592,0.2324423754300209,154.86688603683268,11546.167775696478,1878,0.005594019487400127,0.5010649627263046,0.24222814926768566,206.42177885110112,35366.35156728313
3089,9548099,1864,0.00899743963121606,0.4967811158798283,0.3881433304415256,235.3151819200665,11541.77898354799,1879,0.00860643502611996,0.5013304949441192,0.37276893373664427,297.9280136861193,35374.92687951977
3090,9554280,1866,0.005608473158544407,0.49732047159699894,0.24207563134260468,143.79012463304525,11546.55320794474,1880,0.005134271201622569,0.5010638297872341,0.22243900383855564,196.84264153095108,35398.797788303156
3091,9560463,1867,0.006842628048684836,0.5040171397964649,0.29542407697067735,178.0029061250999,11563.772938856551,1881,0.006895526520095767,0.5007974481658692,0.29882382951831016,218.99746335479273,35433.37744375915
3092,9566648,1868,0.002980186936615175,0.48822269807280516,0.12870129735331068,94.1614561323928,11565.441794292245,1881,0.0033317832695120967,0.5007974481658692,0.14438581779347773,136.03154952244216,35414.01363101137
3093,9572835,1869,0.00391648651020385,0.4933119315141787,0.1691813377618226,109.98775830566234,11584.221110791937,1882,0.004285320949749226,0.5005313496280552,0.18575766533845567,139.30219764175405,35443.93907697499
3094,9579024,1871,0.0032056186754374745,0.4901122394441475,0.13854801103026212,93.06366144926056,11606.446935915219,1883,0.003834567759280504,0.5002655337227828,0.16626289608016995,109.5735200225705,35478.418610440625
3095,9585215,1871,0.00793794994816698,0.5008017103153394,0.3430810986357316,202.5571336174238,11612.24870617008,1884,0.008747525315298056,0.5,0.37938451943336965,204.7648916689464,35514.194622379924
3096,9591408,1872,0.00865308266963045,0.49252136752136755,0.37408948712288154,212.9384582083643,11608.401969804709,1884,0.009235594714609613,0.5,0.4005523317955839,215.64831315750456,35519.98241377581
3097,9597603,1873,0.006984773609965903,0.49492792311799255,0.3020460340001675,178.79186688592682,11617.759646759703,1885,0.008133772692590953,0.4997347480106101,0.3528595215664974,169.70209704307928,35523.70955079989
3098,9603800,1875,0.004274676426322814,0.49333333333333335,0.18495078049348884,128.91554594139745,11625.946997753357,1886,0.006109261301656315,0.49946977730646874,0.2651025229728241,105.28009825255577,35556.997110314296
3099,9609999,1876,-0.0006048394976788936,0.48880597014925375,-0.026176346613401777,21.208688028486733,11629.798173841582,1887,0.0018170128758017638,0.49920508744038156,0.07886756893630349,-14.71842097378817,35578.004087081135
3100,9616200,1878,0.000501879110294535,0.4952076677316294,0.021732002957189973,35.024578186714336,11662.596425340236,1887,0.002364402378014694,0.49920508744038156,0.10262704795581105,-1.7679370324897832,35604.41767078149
3101,9622403,1878,0.0019510644794412228,0.4957401490947817,0.08448357018087803,68.71305650200748,11639.12849309412,1888,0.0040760732779507305,0.4989406779661017,0.17696918883584586,19.628910015080578,35594.429981476744
3102,9628608,1880,0.0039188897788734805,0.498936170212766,0.16978338391829192,113.41337380180022,11657.027289951224,1889,0.0062891387349055345,0.49867654843832715,0.2731253553347126,50.54031017977394,35638.2900748866
3103,9634815,1881,0.00033648933181382374,0.49175970228601806,0.014582067146232612,25.308180744474328,11661.591620312453,1890,0.002706628122608425,0.4984126984126984,0.11757487887919299,-50.35380000066732,35637.43422504466
3104,9641024,1883,-0.0011891323715296255,0.5007966011683483,-0.05155955099103349,-21.664836756449006,11667.132905550152,1890,0.0006453505973081698,0.4984126984126984,0.02803378036285195,-98.19193513259523,35643.07948757705
3105,9647235,1884,0.0016610325150819936,0.5015923566878981,0.07203980552025549,37.960207794657094,11679.02083606285,1890,0.0032828626406436307,0.4984126984126984,0.14260628348852178,-38.058926991139515,35668.66689739943
3106,9653448,1886,0.0004831643927147772,0.49522799575821846,0.02096621722246406,-0.576534419858092,11711.055752488408,1891,0.001788801769363582,0.49814912744579587,0.07772544385146858,-90.88715134797752,35700.866141941966
3107,9659663,1887,-0.0009114877262414444,0.4970853206147324,-0.039563187493771225,-38.655354264448306,11703.159045207592,1892,0.0004184599718287036,0.4978858350951374,0.018187369931224776,-141.25747322013365,35704.42004483414
3108,9665880,1889,0.0015809815495515908,0.4912652196929592,0.0686590272054777,7.378676863235626,11722.886505734667,1892,0.002370359769498258,0.4978858350951374,0.1030220639970908,-96.09375939421284,35728.38205423468
3109,9672099,1890,0.0015302592954470672,0.48677248677248675,0.06647387197859897,-0.14954329864463034,11747.877161005026,1893,0.0017762034841645848,0.49815108293713684,0.07721890160076997,-91.57376169155572,35760.36602811469
3110,9678320,1891,0.0006903494957076447,0.4949762030671602,0.02999646013633164,-25.18481020455431,11747.693224640592,1894,0.000404551928860045,0.498416050686378,0.017592195417457938,-104.06346033028126,35776.6411681077
3111,9684543,1892,0.001492111108534877,0.4941860465116279,0.06485106948418581,-12.42475025083769,11752.573022614743,1895,0.0007115520280267649,0.49868073878627966,0.0309504684618891,-78.01190829361173,35790.36264324212
3112,9690768,1894,0.0031788946836562794,0.5110876451953538,0.13823623741946425,38.54683779815991,11767.34747580548,1895,0.002924706784140801,0.49868073878627966,0.12721634050267652,-26.667358334738026,35801.00813912454
3113,9696995,1895,0.0026479776754992617,0.5013192612137203,0.11517941950162434,32.24724373162468,11743.768424475686,1896,0.0028981166410667228,0.49841772151898733,0.12609305517543917,-46.009791627869504,35813.146002184076
