n,X,dmax,E,B0,B1,B2,B3,B4,B5,B6,B7,B8,B9,B10,B11,B12,B13,B14,B15
14936,223113968,2773,-1379.384769,-556.256,-21.5417,42.3101,196.665,119.876,-368.95,-104.617,51.1252,-74.791,-253.326,-103.032,-306.848,0,0,0,0
14937,223143843,2774,-1285.580259,-508.27,-14.75,-28.0571,265.335,137.707,-395.605,-130.247,59.9784,-61.5935,-226.635,-112.647,-270.797,0,0,0,0
14938,223173720,2774,-1100.781459,-441.274,-66.0714,107.684,254.058,149.729,-392.322,-81.0802,31.122,-76.0262,-250.606,-102.148,-233.846,0,0,0,0
14939,223203599,2774,-1257.721595,-464.378,-80.3376,120.427,225.783,147.556,-396.85,-124.846,41.2577,-89.9882,-280.19,-109.955,-246.2,0,0,0,0
14940,223233480,2775,-1193.280735,-436.473,-47.6066,129.103,227.501,124.57,-397.312,-121.746,39.188,-89.6954,-301.65,-96.7614,-222.397,0,0,0,0
14941,223263363,2775,-1198.699305,-408.667,-49.8203,169.838,167.159,112.455,-368.903,-156.247,58.3232,-95.5141,-299.676,-79.6436,-248.004,0,0,0,0
14942,223293248,2776,-1261.549004,-438.852,-29.1471,127.567,154.052,128.469,-385.495,-128.146,46.0293,-105.374,-311.143,-49.7467,-269.762,0,0,0,0
14943,223323135,2776,-1005.904387,-343.135,-42.3085,161.468,188.708,99.5462,-355.147,-112.776,84.9632,-50.1898,-269.783,-118.992,-248.258,0,0,0,0
14944,223353024,2776,-1140.023113,-411.411,-70.5828,195.074,145.535,90.3631,-349.622,-87.5445,88.3839,-95.5343,-258.215,-130.058,-256.413,0,0,0,0
14945,223382915,2777,-1238.924825,-440.785,-52.802,137.025,146.304,107.372,-384.277,-54.2458,52.368,-118.641,-209,-188.914,-233.331,0,0,0,0
14946,223412808,2777,-1246.131934,-421.15,-50.024,146.741,137.188,66.1932,-343.741,-97.0128,40.2284,-96.7618,-215.342,-164.166,-248.285,0,0,0,0
14947,223442703,2777,-1251.371620,-427.614,-48.1907,118.687,141.894,66.387,-352.464,-89.7817,72.5054,-106.1,-212.833,-133.181,-280.681,0,0,0,0
14948,223472600,2778,-1130.398737,-385.07,-16.4705,151.509,87.7727,67.3909,-345.737,-81.5502,82.1486,-102.139,-215.859,-101.738,-270.657,0,0,0,0
14949,223502499,2778,-1022.085189,-365.624,-24.5849,143.333,118.59,83.2676,-325.274,-95.9802,126.143,-99.5666,-213.53,-88.9174,-279.942,0,0,0,0
14950,223532400,2779,-890.199455,-327.169,-33.8122,113.264,146.405,94.3941,-287.192,-64.7493,136.638,-81.9124,-198.586,-115.109,-272.369,0,0,0,0
14951,223562303,2779,-976.962952,-320.814,-43.9844,113.197,122.283,96.5213,-271.724,-109.449,126.27,-80.8748,-218.927,-130.692,-258.767,0,0,0,0
14952,223592208,2779,-966.795792,-331.45,-15.1593,117.064,126.149,119.331,-293.067,-102.227,88.2641,-79.0603,-226.425,-118.278,-251.937,0,0,0,0
14953,223622115,2780,-1159.785220,-343.184,-65.2791,138.046,120.018,114.388,-306.603,-137.788,35.2579,-66.2461,-244.234,-141.265,-262.896,0,0,0,0
14954,223652024,2780,-1155.546038,-336.91,-66.5119,99.965,121.004,123.575,-288.201,-112.633,-6.67498,-84.7519,-214.341,-145.96,-244.106,0,0,0,0
14955,223681935,2780,-1106.480083,-375.735,-20.5792,116.056,108.75,161.508,-332.872,-93.1329,14.463,-60.3334,-215.732,-128.548,-280.325,0,0,0,0
14956,223711848,2781,-1021.188195,-342.551,-11.7596,114.91,119.788,151.499,-349.148,-108.04,45.4506,-62.2108,-179.868,-146.712,-252.547,0,0,0,0
14957,223741763,2781,-932.637905,-351.466,-30.8848,170.995,115.648,116.552,-301.884,-78.6072,35.3046,-79.0126,-197.486,-85.821,-245.976,0,0,0,0
14958,223771680,2781,-1013.799958,-413.372,-54.0127,140.957,115.623,121.542,-302.226,-63.3837,23.4386,-112.514,-137.603,-80.7449,-251.505,0,0,0,0
14959,223801599,2782,-1156.068735,-380.377,-73.0854,125.094,87.5402,112.85,-313.891,-98.0196,24.5813,-105.557,-147.699,-122.89,-264.614,0,0,0,0
14960,223831520,2782,-1229.247155,-401.373,-107.271,113.106,88.5681,137.768,-309.306,-99.0001,13.3593,-75.2967,-190.72,-113.911,-285.169,0,0,0,0
14961,223861443,2783,-1141.282640,-401.468,-105.292,123.177,87.478,188.881,-320.979,-60.2989,-20.3694,-74.0983,-183.451,-122.322,-252.54,0,0,0,0
14962,223891368,2783,-1065.128568,-382.555,-72.4249,124.242,60.5034,158.992,-291.325,-65.279,-14.6676,-86.9727,-150.003,-111.02,-234.619,0,0,0,0
14963,223921295,2783,-1214.559871,-408.74,-57.5031,128.479,43.4708,143.04,-307.865,-55.9863,-68.3138,-107.405,-152.268,-112.092,-259.378,0,0,0,0
14964,223951224,2784,-1444.958300,-468.917,-55.584,53.4796,84.5492,164.212,-350.472,-69.418,-73.4597,-109.376,-182.39,-166.09,-271.492,0,0,0,0
14965,223981155,2784,-1421.753992,-504.192,-43.6097,66.6515,85.5093,146.251,-312.761,-77.1995,-65.5405,-121.792,-187.309,-174.177,-233.584,0,0,0,0
14966,224011088,2784,-1425.818060,-471.459,-29.7485,24.8185,114.584,141.42,-321.434,-79.8423,-94.4831,-121.381,-192.363,-172.849,-223.082,0,0,0,0
14967,224041023,2785,-1301.260750,-476.824,-15.7218,68.0429,66.483,132.589,-269.975,-66.4779,-89.4191,-126.738,-182.541,-124.949,-215.73,0,0,0,0
14968,224070960,2785,-1407.652303,-484.181,-34.8082,76.2014,28.6113,153.688,-309.522,-73.1922,-107.429,-152.147,-160.72,-134.371,-209.782,0,0,0,0
14969,224100899,2786,-1372.876943,-460.637,-24.8394,73.419,44.7416,164.662,-344.683,-57.1048,-128.435,-125.25,-151.111,-132.95,-230.69,0,0,0,0
14970,224130840,2786,-1360.926103,-469.084,-33.8733,133.629,4.74864,194.076,-361.487,-64.4063,-100.305,-136.309,-188.766,-101.469,-237.681,0,0,0,0
14971,224160783,2786,-1536.005132,-509.63,-56.852,161.956,21.8758,155.051,-338.908,-117.461,-124.246,-184.88,-199.35,-141.458,-202.103,0,0,0,0
14972,224190728,2787,-1468.488447,-523.167,-63.9438,259.101,-9.94543,142.082,-332.458,-125.626,-102.825,-165.853,-194.132,-132.461,-219.26,0,0,0,0
14973,224220675,2787,-1580.521015,-516.803,-58.8701,230.477,-26.9444,155.301,-349.814,-150.748,-130.837,-158.504,-224.385,-160.563,-188.83,0,0,0,0
14974,224250624,2787,-1416.399577,-454.43,-36.9095,259.675,-12.7082,138.395,-327.365,-154.052,-93.1997,-150.398,-216.65,-151.743,-217.012,0,0,0,0
14975,224280575,2788,-1496.639566,-465.156,-35.8937,247.16,-29.7101,126.805,-355.844,-140.828,-73.9927,-187.181,-212.675,-157.907,-211.417,0,0,0,0
14976,224310528,2788,-1307.558709,-441.873,-29.8806,214.35,-11.4215,141.641,-335.142,-77.478,-43.0034,-181.637,-204.189,-144.988,-193.937,0,0,0,0
14977,224340483,2789,-1247.643972,-439.69,-27.8124,217.713,-23.3696,140.918,-284.564,-76.1925,-60.8787,-196.358,-207.276,-118.152,-171.983,0,0,0,0
14978,224370440,2789,-1361.469235,-461.497,-46.8571,171.127,13.7975,61.133,-249.247,-60.4988,-66.8851,-199.177,-202.542,-122.506,-198.316,0,0,0,0
14979,224400399,2789,-1293.280815,-464.404,-30.7365,217.484,-22.9147,86.3471,-259.671,-61.2816,-88.1172,-199.443,-201.256,-78.5993,-190.689,0,0,0,0
14980,224430360,2790,-1351.470650,-470.301,-29.7288,168.891,-4.81509,104.622,-312.027,-71.0626,-36.9759,-194.245,-222.675,-74.3374,-208.816,0,0,0,0
14981,224460323,2790,-1435.247274,-494.298,-17.666,101.298,62.3469,81.7638,-324.262,-58.6392,-72.919,-218.218,-207.443,-83.1108,-204.101,0,0,0,0
14982,224490288,2790,-1372.145039,-477.285,-12.6059,131.699,59.6823,48.0985,-284.076,-71.4944,-60.5101,-202.959,-198.338,-89.6029,-214.755,0,0,0,0
14983,224520255,2791,-1421.653030,-453.372,-3.49068,67.2727,74.7817,37.2467,-293.37,-53.0724,-69.7242,-196.238,-202.732,-107.36,-221.594,0,0,0,0
14984,224550224,2791,-1258.908370,-397.45,27.5116,34.609,77.1721,73.4492,-288.864,-51.6517,-57.6704,-170.654,-223.784,-72.7865,-208.79,0,0,0,0
14985,224580195,2792,-1294.507125,-412.627,36.6792,73.1751,64.3232,107.589,-298.233,-51.2364,-65.6783,-211.552,-251.508,-80.9823,-204.457,0,0,0,0
14986,224610168,2792,-1319.592073,-454.794,40.7339,73.5628,56.7101,141.921,-302.723,-60.0138,-50.3318,-227.9,-287.144,-73.2271,-176.385,0,0,0,0
14987,224640143,2792,-1226.241360,-442.061,53.8437,64.2387,63.9198,133.12,-227.154,-60.8726,-29.5676,-247.023,-275.554,-82.7309,-176.4,0,0,0,0
14988,224670120,2793,-1339.630497,-472.319,45.9508,79.6757,26.18,166.382,-296.521,-58.3879,-39.2174,-259.066,-295.671,-81.3115,-155.325,0,0,0,0
14989,224700099,2793,-1555.015958,-527.676,19.113,59.2297,2.50149,134.642,-251.89,-117.971,-21.5879,-280.341,-305.83,-63.1571,-202.049,0,0,0,0
14990,224730080,2793,-1462.884770,-498.025,33.1622,48.8333,11.8191,131.839,-240.255,-83.4172,-45.7426,-264.079,-295.15,-93.2463,-168.624,0,0,0,0
14991,224760063,2794,-1570.692579,-543.472,57.3769,-17.5614,3.07823,125.352,-243.007,-79.1306,-28.3948,-270.265,-294.421,-113.583,-166.665,0,0,0,0
14992,224790048,2794,-1547.171488,-557.91,44.4785,-12.0219,-37.5518,124.29,-225.188,-85.9246,-20.1343,-255.012,-309.666,-65.7704,-146.76,0,0,0,0
14993,224820035,2795,-1605.095530,-580.447,30.6353,-11.3677,-59.1792,125.736,-260.557,-64.3056,-29.4293,-230.287,-266.378,-124.021,-135.495,0,0,0,0
14994,224850024,2795,-1505.201666,-557.976,34.7894,-15.7758,-4.81129,147.99,-251.12,-41.088,-47.0173,-248.555,-263.056,-118.715,-139.868,0,0,0,0
14995,224880015,2795,-1330.259122,-516.603,34.9986,4.98759,26.4383,153.308,-194.491,-44.6803,-31.024,-245.685,-261.15,-103.367,-152.991,0,0,0,0
14996,224910008,2796,-1356.448325,-546.222,42.0948,-4.4284,9.97873,224.685,-286.856,-46.3336,3.88941,-255.954,-221.865,-116.858,-158.58,0,0,0,0
14997,224940003,2796,-1163.027818,-472.939,49.3565,24.2709,3.28128,291.87,-318.104,-49.9164,7.4488,-233.849,-179.107,-128.546,-156.794,0,0,0,0
14998,224970000,2796,-1129.800699,-434.648,34.5051,12.963,22.6992,253.245,-259.804,-56.6425,2.28504,-214.419,-197.238,-141.403,-151.344,0,0,0,0
14999,224999999,2797,-985.469100,-433.455,5.70889,32.7721,56.1792,284.619,-248.107,-58.2254,1.0526,-231.183,-138.487,-143.82,-112.523,0,0,0,0
15000,225030000,2797,-1041.062272,-430.254,0.909971,30.399,41.5303,351.927,-284.418,-53.8131,-24.8118,-237.369,-181.658,-113.834,-139.67,0,0,0,0
15001,225060003,2798,-885.007231,-417.152,50.1662,30.2007,20.943,368.108,-252.732,-10.4703,-54.1177,-224.646,-142.934,-117.744,-134.629,0,0,0,0
15002,225090008,2798,-906.581808,-403.041,88.3094,-3.06254,54.5909,366.604,-255.363,0.805553,-52.486,-273.618,-155.185,-127.998,-146.138,0,0,0,0
15003,225120015,2798,-913.398112,-440.029,74.618,41.8473,8.82144,405.783,-225.416,-14.583,-72.7233,-282.194,-129.894,-159.081,-120.547,0,0,0,0
15004,225150024,2799,-1102.929996,-483.008,73.8137,39.5199,-0.537427,407.146,-257.795,-78.3752,-58.6585,-294.177,-129.488,-170.087,-151.285,0,0,0,0
15005,225180035,2799,-1181.359817,-472.086,50.0644,106.422,-49.1345,368.511,-254.435,-113.758,-55.6861,-282.843,-158.979,-196.685,-122.752,0,0,0,0
15006,225210048,2799,-1158.017004,-432.155,63.3125,106.204,-80.6765,335.811,-235.426,-119.351,-45.8316,-280.574,-158.592,-183.875,-126.863,0,0,0,0
15007,225240063,2800,-1228.116798,-476.323,57.6157,106.1,-62.1552,403.427,-310.121,-94.1429,-93.3493,-261.467,-162.492,-196.621,-138.588,0,0,0,0
15008,225270080,2800,-1380.165353,-527.482,36.8059,102.989,-62.6441,371.594,-286.313,-132.668,-86.2939,-310.751,-129.245,-228.456,-127.701,0,0,0,0
15009,225300099,2800,-1434.822549,-512.74,10.1615,87.8211,-60.0711,344.955,-308.63,-140.324,-63.1023,-304.32,-151.68,-208.405,-128.488,0,0,0,0
15010,225330120,2801,-1265.919950,-526.989,7.40416,36.761,-19.5015,412.377,-365.205,-88.9841,-34.9736,-270.299,-143.643,-169.976,-102.891,0,0,0,0
15011,225360143,2801,-1190.639173,-522.338,-3.29809,49.7599,29.9493,384.92,-376.649,-82.5062,17.8668,-285.054,-124.84,-149.72,-128.731,0,0,0,0
15012,225390168,2802,-1217.185579,-547.677,25.997,38.5778,19.6903,410.276,-375.096,-92.2343,13.9917,-259.875,-176.075,-166.244,-108.517,0,0,0,0
15013,225420195,2802,-1184.504565,-538.116,43.3472,13.6262,23.1938,372.566,-366.157,-120.758,23.0471,-259.979,-123.568,-136.329,-115.378,0,0,0,0
15014,225450224,2802,-1224.990334,-561.545,43.5844,22.496,16.7537,345.043,-365.282,-116.945,12.9565,-263.4,-122.003,-112.577,-124.073,0,0,0,0
15015,225480255,2803,-1258.893935,-564.074,16.987,24.6536,49.3739,369.523,-403.051,-143.874,27.0798,-245.862,-115.039,-98.0289,-176.583,0,0,0,0
15016,225510288,2803,-1476.148275,-633.593,3.27658,-4.48397,56.0456,388.931,-429.311,-165.404,9.42088,-228.508,-117.949,-150.957,-203.616,0,0,0,0
15017,225540323,2803,-1541.973950,-638.212,6.62132,-17.3911,70.5406,401.278,-474.507,-161.995,12.4037,-216.886,-148.172,-197.853,-177.802,0,0,0,0
15018,225570360,2804,-1460.263349,-616.822,-18.0366,20.6374,82.2699,374.817,-439.954,-157.728,-16.5465,-195.46,-127.12,-197.123,-169.196,0,0,0,0
15019,225600399,2804,-1461.964035,-638.53,-17.6395,28.7249,102.88,434.224,-480.152,-188.324,-8.4206,-197.041,-135.573,-208.719,-153.394,0,0,0,0
15020,225630440,2805,-1542.842943,-638.23,-24.3553,9.80325,112.543,406.629,-472.474,-192.579,-25.5783,-188.174,-161.321,-196.213,-172.893,0,0,0,0
15021,225660483,2805,-1810.166545,-684.029,-79.9057,14.8256,64.2075,390.032,-498.8,-196.248,-10.5277,-213.229,-197.351,-237.073,-162.068,0,0,0,0
15022,225690528,2805,-1836.226415,-699.819,-73.5691,71.9564,37.8662,378.437,-501.869,-203.843,5.66673,-267.274,-220.435,-200.32,-163.024,0,0,0,0
15023,225720575,2806,-1800.480019,-668.708,-97.1774,104.202,52.5883,369.157,-523.705,-158.298,-32.3559,-244.777,-222.556,-188.839,-190.011,0,0,0,0
15024,225750624,2806,-1671.191559,-638.588,-89.7883,86.2108,80.3606,367.365,-536.78,-147.034,-18.0164,-232.458,-232.297,-146.341,-163.825,0,0,0,0
15025,225780675,2806,-1684.763696,-674.567,-98.3442,82.449,95.9554,413.952,-558.041,-150.499,-24.0349,-250.729,-229.394,-144.866,-146.644,0,0,0,0
15026,225810728,2807,-1557.861072,-660.537,-112.013,130.567,90.9049,396.414,-499.366,-172.162,-15.2013,-252.405,-178.904,-141.125,-144.033,0,0,0,0
15027,225840783,2807,-1360.364531,-614.606,-127.516,215.857,79.4372,429.94,-499.828,-147.558,-3.86223,-232.514,-180.205,-142.473,-137.036,0,0,0,0
15028,225870840,2808,-1377.577982,-605.667,-116.133,208.966,80.2603,400.523,-480.089,-171.292,33.2607,-248.883,-186.937,-125.472,-166.116,0,0,0,0
15029,225900899,2808,-1393.611214,-569.826,-115.694,225.25,93.0845,409.912,-518.163,-172.753,31.1,-251.468,-178.684,-164.696,-181.673,0,0,0,0
15030,225930960,2808,-1440.928987,-539.976,-141.258,175.468,77.7846,404.496,-483.492,-142.427,23.0766,-287.603,-167.44,-168.646,-190.912,0,0,0,0
15031,225961023,2809,-1699.403495,-576.226,-111.767,180.804,16.5467,398.141,-502.95,-167.954,16.5596,-310.334,-218.826,-207.654,-215.744,0,0,0,0
15032,225991088,2809,-1588.043171,-589.466,-123.389,232.015,38.4193,419.591,-468.027,-195.217,39.9644,-338.236,-196.971,-202.648,-204.079,0,0,0,0
15033,226021155,2809,-1634.151422,-597.806,-134.845,241.342,47.1148,362.977,-408.361,-201.958,11.2237,-341.209,-183.624,-209.183,-219.824,0,0,0,0
15034,226051224,2810,-1611.858757,-567.136,-127.415,248.606,58.0453,311.556,-410.756,-206.693,5.49169,-273.2,-185.888,-240.956,-223.514,0,0,0,0
15035,226081295,2810,-1685.228246,-558.566,-149.929,207.041,83.8575,313.13,-419.03,-190.959,-26.5303,-294.552,-178.529,-229.353,-241.81,0,0,0,0
15036,226111368,2811,-1759.919532,-538.986,-135.446,149.298,21.7208,340.576,-445.106,-201.626,-7.40673,-306.377,-157.644,-223.032,-255.89,0,0,0,0
15037,226141443,2811,-1677.435180,-547.506,-104.908,166.669,14.526,276.146,-410.442,-168.298,-12.9997,-294.658,-152.955,-197.305,-245.705,0,0,0,0
15038,226171520,2811,-1543.131152,-519.017,-139.483,183.091,33.4469,246.713,-388.65,-164.698,26.6902,-261.086,-143.621,-169.243,-247.275,0,0,0,0
15039,226201599,2812,-1704.965867,-569.626,-140.892,181.515,-7.69062,254.537,-402.177,-153.297,14.6001,-272.919,-155.796,-223.065,-230.156,0,0,0,0
15040,226231680,2812,-1802.669999,-572.227,-157.415,208.872,-43.8369,182.852,-385.261,-132.976,17.2869,-301.496,-160.034,-199.247,-259.189,0,0,0,0
15041,226261763,2812,-1889.308633,-616.927,-110.882,124.345,22.1388,194.354,-396.405,-160.511,2.1952,-290.563,-176.086,-233.334,-247.634,0,0,0,0
15042,226291848,2813,-1866.599153,-653.618,-162.352,152.697,11.1091,247.107,-411.744,-157.048,-19.9003,-292.392,-156.357,-195.924,-228.178,0,0,0,0
15043,226321935,2813,-1840.256928,-661.408,-170.767,163.336,-11.0977,261.671,-393.082,-171.448,14.2164,-233.055,-192.375,-221.523,-224.725,0,0,0,0
15044,226352024,2814,-1779.910117,-642.189,-148.295,196.681,-64.013,283.359,-392.554,-174.849,27.4779,-266.644,-196.323,-147.287,-255.274,0,0,0,0
15045,226382115,2814,-1958.503118,-670.069,-179.657,211.255,-86.2283,285.789,-406.442,-140.592,-9.54092,-271.704,-234.837,-180.689,-275.788,0,0,0,0
15046,226412208,2814,-1927.214246,-670.94,-135.133,176.709,-100.148,306.599,-452.845,-123.129,-12.4902,-236.368,-206.765,-198.478,-274.227,0,0,0,0
15047,226442303,2815,-1875.271109,-626.91,-132.553,151.336,-138.303,296.224,-449.865,-135.735,-20.2283,-195.578,-174.569,-210.334,-238.756,0,0,0,0
15048,226472400,2815,-1816.968238,-594.872,-127.976,175.839,-140.29,290.841,-449.275,-114.007,-7.32184,-234.33,-152.576,-207.59,-255.409,0,0,0,0
15049,226502499,2815,-1917.881049,-647.932,-152.344,200.343,-166.154,292.331,-456.428,-116.545,35.8681,-250.529,-158.709,-227.09,-270.693,0,0,0,0
15050,226532600,2816,-1827.064349,-601.983,-165.825,209.013,-142.261,315.073,-451.702,-155.949,59.6325,-260.963,-121.188,-253.944,-256.967,0,0,0,0
15051,226562703,2816,-2029.399325,-618.133,-163.14,161.626,-170.248,312.628,-452.924,-184.899,31.6004,-245.326,-173.524,-266.434,-260.625,0,0,0,0
15052,226592808,2817,-2134.707209,-622.275,-145.569,147.174,-190.065,259.238,-439.074,-204.034,51.0819,-289.236,-179.12,-277.796,-245.033,0,0,0,0
15053,226622915,2817,-1911.977351,-599.515,-119.942,137.894,-180.178,268.912,-401.166,-218.776,60.3378,-236.842,-157.779,-222.727,-242.195,0,0,0,0
15054,226653024,2817,-1879.532726,-615.747,-101.318,112.437,-170.996,258.397,-390.382,-227.318,74.2443,-208.901,-166.307,-189.138,-254.504,0,0,0,0
15055,226683135,2818,-1840.147023,-636.077,-110.639,160.266,-170.052,264.385,-412.92,-229.793,95.7201,-219.631,-164.068,-154.648,-262.689,0,0,0,0
15056,226713248,2818,-1748.175493,-627.399,-88.0733,154.801,-169.878,289.925,-361.824,-224.609,81.7615,-218.542,-205.969,-135.847,-242.521,0,0,0,0
15057,226743363,2818,-1881.123199,-594.819,-73.3418,69.5659,-150.821,287.596,-398.175,-258.813,57.8055,-191.521,-249.511,-123.023,-256.065,0,0,0,0
15058,226773480,2819,-1851.074543,-537.231,-54.7233,-8.73373,-112.768,318.327,-442.392,-264.423,55.7124,-205.654,-213.121,-124.192,-261.875,0,0,0,0
15059,226803599,2819,-1900.907076,-565.741,-25.0497,-6.91646,-106.596,290.994,-418.486,-275.9,63.7558,-243.25,-197.548,-138.116,-278.054,0,0,0,0
15060,226833720,2820,-2109.932744,-600.243,-11.3788,-81.2235,-72.4901,253.847,-404.899,-304.373,32.2303,-224.072,-248.337,-152.22,-296.774,0,0,0,0
15061,226863843,2820,-1958.891693,-563.844,-3.65281,-77.4714,-85.4433,315.384,-439.805,-274.852,45.2065,-182.675,-283.59,-134.539,-273.609,0,0,0,0
15062,226893968,2820,-1937.355412,-522.436,-22.0397,-93.6687,-52.162,336.171,-461.025,-299.335,24.1715,-154.168,-284.326,-112.558,-295.979,0,0,0,0
15063,226924095,2821,-2005.350266,-516.127,-17.2613,-110.809,-53.0572,343.022,-484.377,-316.149,32.3644,-131.931,-326.269,-111.507,-313.251,0,0,0,0
15064,226954224,2821,-2063.879436,-574.808,-0.595842,-125.07,-49.8423,336.554,-495.475,-318.149,54.1983,-146.98,-334.906,-112.909,-295.896,0,0,0,0
15065,226984355,2821,-1965.313391,-557.589,-33.8753,-80.1598,-26.6849,341.273,-454.509,-316.037,33.5262,-154.97,-325.928,-99.6699,-290.688,0,0,0,0
15066,227014488,2822,-2063.504459,-602.361,-50.1574,-64.3698,-31.4724,387.121,-489.994,-300.313,27.8521,-195.33,-343.914,-107.023,-293.544,0,0,0,0
15067,227044623,2822,-1783.865189,-545.232,-17.3844,-27.4073,-7.31789,377.837,-443.223,-279.932,-19.3212,-164.388,-293.093,-91.5364,-272.867,0,0,0,0
15068,227074760,2823,-1809.489710,-575.094,-16.7244,-54.5685,30.0078,333.491,-436.258,-269.207,-18.3435,-151.226,-279.207,-88.2035,-284.157,0,0,0,0
15069,227104899,2823,-1761.482959,-573.055,-10.899,-59.6701,19.155,339.268,-443.164,-296.028,-1.79694,-98.6692,-310.154,-91.9596,-234.509,0,0,0,0
15070,227135040,2823,-1728.142655,-533.008,-14.1865,-56.7799,19.4173,319.857,-427.46,-295.304,0.166625,-140.104,-280.787,-89.1736,-230.78,0,0,0,0
15071,227165183,2824,-1765.148409,-530.059,-5.41898,-67.715,-48.3774,370.949,-469.814,-259.71,-35.8597,-135.394,-237.282,-94.7324,-251.735,0,0,0,0
15072,227195328,2824,-1800.329075,-494.101,6.34588,-101.889,-65.0624,353.467,-444.596,-258.131,-60.8094,-122.769,-254.707,-129.74,-228.336,0,0,0,0
15073,227225475,2824,-1703.368978,-462.242,42.1658,-142.833,-69.8646,371.365,-489.894,-226.75,-44.6343,-120.205,-205.811,-105.268,-249.399,0,0,0,0
15074,227255624,2825,-1881.570256,-482.374,-7.12715,-163.897,-76.431,433.075,-532.995,-255.229,-37.3705,-140.269,-216.089,-127.202,-275.661,0,0,0,0
15075,227285775,2825,-2072.721568,-509.606,-0.254805,-189.789,-78.2367,414.97,-569.228,-256.714,-42.6879,-131.55,-253.383,-168.373,-287.87,0,0,0,0
15076,227315928,2826,-1940.287311,-492.828,9.50462,-209.86,-28.8709,427.801,-579.46,-223.194,-83.2153,-116.464,-218.132,-147.353,-278.215,0,0,0,0
15077,227346083,2826,-1779.717874,-403.149,13.3191,-301.817,16.438,465.563,-597.57,-181.749,-67.1051,-92.5264,-197.758,-127.181,-306.182,0,0,0,0
15078,227376240,2826,-1931.945234,-433.462,-26.869,-297.723,8.74045,457.396,-617.735,-245.959,-80.9878,-78.5813,-171.342,-142.01,-303.412,0,0,0,0
15079,227406399,2827,-1915.603524,-442.873,-28.0021,-221.627,-14.8946,440.287,-613.906,-207.446,-115.011,-88.8783,-165.611,-137.58,-320.061,0,0,0,0
15080,227436560,2827,-2011.594918,-470.276,-61.2481,-197.541,-37.5375,414.108,-618.955,-235.336,-105.692,-67.0171,-195.003,-145.93,-291.167,0,0,0,0
15081,227466723,2827,-1900.128804,-438.777,-53.3288,-164.453,-36.18,432.807,-580.062,-196.753,-105.147,-112.298,-164.495,-168.288,-313.154,0,0,0,0
15082,227496888,2828,-1911.915363,-445.27,-70.5224,-161.372,-52.7066,457.758,-609.231,-171.169,-114.611,-87.2013,-169.215,-170.297,-318.078,0,0,0,0
15083,227527055,2828,-1983.203129,-447.861,-105.661,-137.06,-88.4105,448.577,-611.472,-170.525,-110.712,-82.8138,-193.5,-157.05,-326.714,0,0,0,0
15084,227557224,2829,-2003.888834,-483.444,-79.8021,-107.101,-153.944,483.332,-586.261,-200.874,-91.5249,-95.6321,-201.68,-178.651,-308.306,0,0,0,0
15085,227587395,2829,-1903.349504,-482.126,-60.8883,-115.797,-129.596,440.09,-551.374,-192.497,-81.1997,-96.2456,-207.316,-129.003,-297.396,0,0,0,0
15086,227617568,2829,-1878.871088,-475.798,-77.0873,-129.671,-121.073,403.092,-522.614,-177.85,-73.2334,-61.6854,-211.11,-126.007,-305.833,0,0,0,0
15087,227647743,2830,-2115.669402,-529.57,-90.121,-169.373,-88.7864,427.101,-546.785,-243.27,-99.7543,-64.0484,-266.604,-157.533,-286.926,0,0,0,0
15088,227677920,2830,-2247.203331,-576.333,-82.2677,-169.198,-137.27,474.786,-590.712,-287.822,-83.9345,-53.9584,-248.548,-166.389,-325.558,0,0,0,0
15089,227708099,2830,-2417.106863,-586.195,-87.3592,-202.964,-124.751,469.661,-587.823,-307.11,-122.111,-84.0299,-236.89,-200.722,-346.812,0,0,0,0
15090,227738280,2831,-2585.917997,-601.048,-99.4534,-198.68,-128.297,463.6,-619.068,-275.464,-157.572,-113.307,-245.564,-220.131,-390.934,0,0,0,0
15091,227768463,2831,-2435.805026,-579.999,-66.4926,-241.394,-96.8406,430.412,-555.986,-244.16,-142.176,-111.45,-288.679,-193.956,-345.083,0,0,0,0
15092,227798648,2832,-2230.280521,-557.942,-43.6447,-224.117,-81.2748,418.47,-499.164,-247.577,-115.348,-87.3706,-298.219,-179.096,-314.997,0,0,0,0
15093,227828835,2832,-2342.110377,-524.984,-68.6314,-223.782,-88.8257,347.212,-499.222,-258.203,-117.31,-91.9549,-295.333,-184.593,-336.483,0,0,0,0
15094,227859024,2832,-2370.459450,-520.017,-75.7311,-213.51,-77.261,420.331,-542.402,-257.628,-139.984,-102.493,-296.665,-220.947,-344.151,0,0,0,0
15095,227889215,2833,-2571.875604,-578.149,-102.776,-197.009,-100.815,401.267,-506.517,-269.916,-185.875,-139.782,-264.016,-277.71,-350.577,0,0,0,0
15096,227919408,2833,-2715.052292,-573.272,-139.823,-203.802,-95.1385,410.002,-529.573,-270.408,-196.764,-154.226,-277.959,-303.654,-380.433,0,0,0,0
15097,227949603,2833,-2888.689996,-627.494,-151.815,-202.365,-130.699,407.993,-520.503,-282.967,-232.586,-157.149,-286.098,-320.316,-384.69,0,0,0,0
15098,227979800,2834,-2879.584997,-597.708,-135.92,-178.993,-196.084,445.046,-551.749,-263.326,-242.761,-183.138,-310.095,-303.673,-361.185,0,0,0,0
15099,228009999,2834,-2817.768325,-627.02,-136.86,-173.504,-213.528,439.845,-537.741,-263.752,-218.724,-158.88,-275.766,-293.168,-358.672,0,0,0,0
15100,228040200,2835,-2882.926097,-656.323,-128.913,-154.139,-244.92,384.83,-479.669,-293.316,-212.33,-126.335,-266.627,-331.692,-373.492,0,0,0,0
15101,228070403,2835,-2768.789256,-622.725,-153.91,-102.657,-259.311,382.686,-462.855,-291.468,-231.15,-121.078,-243.974,-329.276,-333.071,0,0,0,0
15102,228100608,2835,-2757.733810,-583.118,-141.911,-157.24,-261.706,360.67,-453.722,-304.099,-212.899,-126.996,-208.067,-315.301,-353.345,0,0,0,0
15103,228130815,2836,-2497.701650,-557.611,-133.856,-128.65,-243.1,358.781,-397.099,-265.251,-176.142,-137.902,-183.166,-274.729,-358.976,0,0,0,0
15104,228161024,2836,-2356.250164,-494.094,-146.914,-148.24,-261.382,363.57,-382.841,-241.612,-138.895,-131.508,-167.272,-250.847,-356.216,0,0,0,0
15105,228191235,2836,-2476.178106,-511.676,-152.807,-141.716,-272.842,350.673,-373.966,-274.38,-150.503,-162.121,-172.245,-266.411,-348.185,0,0,0,0
15106,228221448,2837,-2513.736126,-515.25,-139.813,-142.196,-266.067,314.589,-362.961,-265.741,-120.822,-158.415,-204.572,-275.604,-376.884,0,0,0,0
15107,228251663,2837,-2337.482492,-499.922,-140.763,-141.562,-199.47,282.629,-356.15,-233.102,-127.358,-135.4,-146.475,-253.541,-386.368,0,0,0,0
15108,228281880,2838,-2390.803265,-540.585,-109.717,-188.051,-218.762,255.668,-322.213,-229.529,-128.247,-133.47,-137.347,-240.299,-398.251,0,0,0,0
15109,228312099,2838,-2225.387771,-506.348,-103.615,-145.481,-232.053,259.699,-299.086,-186.891,-113.354,-163.459,-114.656,-243.092,-377.054,0,0,0,0
15110,228342320,2838,-2289.620994,-522.101,-106.626,-179.861,-213.407,291.736,-323.276,-166.253,-110.959,-180.909,-113.546,-280.141,-384.277,0,0,0,0
15111,228372543,2839,-2456.156261,-594.954,-89.472,-189.182,-215.7,305.835,-332.337,-188.818,-139.139,-203.97,-134.819,-270.594,-403.006,0,0,0,0
15112,228402768,2839,-2435.428886,-550.797,-112.431,-166.684,-235.883,289.739,-304.276,-198.045,-139.813,-209.186,-106.121,-311.271,-390.66,0,0,0,0
15113,228432995,2839,-2448.160121,-562.74,-136.334,-134.898,-250.241,270.766,-268.216,-205.471,-142.713,-192.399,-114.192,-318.545,-393.176,0,0,0,0
15114,228463224,2840,-2392.282371,-518.673,-94.2409,-146.348,-208.306,222.799,-247.407,-194.905,-157.246,-223.544,-113.661,-300.715,-410.036,0,0,0,0
15115,228493455,2840,-2335.404619,-532.706,-99.0922,-135.51,-177.729,246.826,-290.349,-184.275,-153.571,-212.012,-114.843,-283.41,-398.734,0,0,0,0
15116,228523688,2841,-2306.365665,-537.73,-121.056,-116.91,-171.8,256.79,-302.289,-155.77,-124.892,-197.913,-156.185,-323.088,-355.524,0,0,0,0
15117,228553923,2841,-2337.423996,-577.852,-94.8553,-131.195,-184.11,251.876,-266.163,-140.001,-131.146,-230.051,-176.844,-288.772,-368.312,0,0,0,0
15118,228584160,2841,-2384.648607,-546.966,-83.7671,-156.429,-207.364,293.899,-264.235,-166.431,-161.109,-255.357,-177.887,-287.118,-371.883,0,0,0,0
15119,228614399,2842,-2584.364145,-594.179,-107.624,-135.662,-193.376,255.177,-290.428,-213.001,-172.931,-256.652,-171.742,-304.447,-399.5,0,0,0,0
15120,228644640,2842,-2502.567501,-553.382,-115.483,-121.903,-147.698,260.005,-310.31,-187.302,-156.61,-271.658,-172.766,-325.809,-399.651,0,0,0,0
15121,228674883,2842,-2437.156859,-549.685,-102.288,-134.143,-175.897,262.212,-298.255,-171.735,-119.507,-270.719,-147.893,-346.98,-382.267,0,0,0,0
15122,228705128,2843,-2339.398295,-532.979,-59.2049,-133.333,-213.861,286.231,-284.323,-161.964,-156.187,-263.786,-133.294,-327.339,-359.359,0,0,0,0
15123,228735375,2843,-2214.740695,-528.372,-66.9569,-92.4069,-246.184,326.374,-277.398,-161.814,-145.227,-240.001,-128.412,-289.034,-365.31,0,0,0,0
15124,228765624,2844,-2298.264242,-505.756,-69.8218,-84.7182,-254.214,263.577,-259.339,-179.836,-151.978,-261.449,-134.673,-285.605,-374.453,0,0,0,0
15125,228795875,2844,-2383.077073,-501.238,-98.6315,-133.743,-237.364,294.527,-311.158,-155.341,-127.945,-281.297,-142.404,-276.78,-411.702,0,0,0,0
15126,228826128,2844,-2313.214468,-556.712,-72.444,-202.003,-164.458,273.853,-288.362,-140.715,-120.701,-237.592,-118.812,-256.488,-428.781,0,0,0,0
15127,228856383,2845,-2275.888042,-528.285,-76.2014,-188.975,-171.609,308.93,-294.371,-125.211,-104.522,-254.736,-138.994,-279.386,-422.529,0,0,0,0
15128,228886640,2845,-2239.147964,-558.849,-64.0717,-138.128,-181.65,327.061,-294.321,-125.176,-99.7024,-265.428,-127.508,-271.001,-440.374,0,0,0,0
15129,228916899,2845,-2086.300157,-492.512,-33.7767,-176.222,-170.689,323.009,-251.949,-94.9541,-97.104,-261.868,-131.519,-265.542,-433.173,0,0,0,0
15130,228947160,2846,-2013.099959,-477.166,-65.5946,-155.266,-151.732,311.33,-246.215,-123.187,-94.9257,-239.17,-112.228,-234.051,-424.893,0,0,0,0
15131,228977423,2846,-1914.602584,-445.919,-63.3575,-106.251,-188.894,311.46,-243.973,-129.836,-92.969,-201.489,-138.73,-209.542,-405.102,0,0,0,0
15132,229007688,2847,-1840.215320,-414.663,6.87699,-122.36,-175.825,323.401,-212.989,-154.135,-80.5739,-211.01,-159.771,-230.477,-408.689,0,0,0,0
15133,229037955,2847,-1732.357833,-365.506,-18.8335,-67.3532,-169.873,352.53,-225.942,-195.305,-64.6884,-237.079,-156.538,-199.353,-384.416,0,0,0,0
15134,229068224,2847,-1641.340252,-357.34,-17.6568,-54.3518,-158.867,309.779,-168.829,-167.742,-65.3726,-259.593,-144.135,-165.851,-391.382,0,0,0,0
15135,229098495,2848,-1691.357009,-394.273,-23.3149,-64.2364,-136.978,335.223,-201.969,-147.108,-76.4057,-248.064,-176.761,-183.027,-374.441,0,0,0,0
15136,229128768,2848,-1590.356323,-365.198,-64.0858,-34.3002,-150.859,331.093,-192.733,-152.422,-51.3771,-226.669,-140.934,-175.629,-367.242,0,0,0,0
15137,229159043,2848,-1607.883180,-384.221,-47.8017,-38.1915,-164.917,343.216,-175.753,-153.588,-77.1315,-194.516,-105.232,-215.98,-393.768,0,0,0,0
15138,229189320,2849,-1510.648249,-382.235,-7.52027,-41.1473,-147.859,359.527,-162.772,-194.892,-71.7459,-189.441,-112.489,-185.251,-374.822,0,0,0,0
15139,229219599,2849,-1416.306960,-368.348,20.8162,-85.9862,-163.801,360.711,-146.661,-194.539,-51.9326,-201.514,-48.7629,-186.767,-349.521,0,0,0,0
15140,229249880,2850,-1556.105000,-428.452,-6.96015,-79.9498,-179.691,342.077,-173.677,-174.982,-24.6855,-208.499,-34.0874,-227.94,-359.258,0,0,0,0
15141,229280163,2850,-1841.790974,-538.656,4.42872,-102.796,-165.699,335.131,-213.446,-187.425,-45.154,-219.798,-76.2812,-270.013,-362.082,0,0,0,0
15142,229310448,2850,-1952.045086,-549.85,0.704724,-83.7074,-199.533,326.312,-214.464,-213.252,-30.5528,-243.718,-92.2252,-288.32,-363.441,0,0,0,0
15143,229340735,2851,-1942.202962,-539.143,9.03579,-87.3884,-185.543,362.803,-257.419,-246.038,-27.3816,-249.949,-79.7324,-294.236,-347.211,0,0,0,0
15144,229371024,2851,-1980.428402,-530.427,26.3642,-132.364,-192.383,347.912,-258.381,-230.213,1.07592,-297.693,-116.365,-262.929,-335.024,0,0,0,0
15145,229401315,2851,-1968.724332,-522.811,70.7476,-119.11,-207.281,338.024,-248.215,-229.519,5.60732,-299.608,-148.394,-253.421,-354.744,0,0,0,0
15146,229431608,2852,-1861.725858,-477.185,61.0182,-112.919,-169.123,318.326,-221.975,-250.963,-7.58189,-279.084,-134.852,-259.527,-327.86,0,0,0,0
15147,229461903,2852,-1851.887057,-537.658,63.454,-84.6702,-181.024,346.558,-212.133,-270.276,-11.1256,-279.229,-146.785,-253.892,-285.107,0,0,0,0
15148,229492200,2853,-1791.700604,-474.123,74.777,-144.43,-193.874,404.729,-252.964,-238.651,-47.4457,-228.449,-116.478,-247.652,-327.139,0,0,0,0
15149,229522499,2853,-1772.897411,-498.686,104.155,-113.188,-193.721,381.957,-200.801,-257.893,-52.9905,-236.612,-118.79,-265.859,-320.469,0,0,0,0
15150,229552800,2853,-1791.728447,-516.241,99.5303,-146.896,-159.574,360.251,-163.699,-244.546,-51.0365,-272.455,-100.186,-255.764,-341.114,0,0,0,0
15151,229583103,2854,-1721.239752,-457.894,105.961,-178.546,-166.424,421.733,-184.849,-223.583,-77.8672,-253.82,-98.6306,-298.86,-308.459,0,0,0,0
15152,229613408,2854,-1817.856056,-539.538,83.2782,-210.318,-113.104,407.831,-197.496,-210.101,-76.3413,-249.973,-114.168,-305.465,-292.46,0,0,0,0
15153,229643715,2854,-1710.222531,-501.282,66.761,-234.918,-74.9615,347.996,-137.267,-205.347,-73.3068,-238.123,-77.1925,-292.161,-290.42,0,0,0,0
15154,229674024,2855,-1683.744315,-503.016,43.1309,-180.696,-88.703,301.284,-98.0381,-225.86,-58.2133,-258.275,-52.251,-274.831,-288.275,0,0,0,0
15155,229704335,2855,-1694.816702,-477.85,23.5559,-191.13,-60.5036,298.698,-117.134,-244.106,-25.9679,-268.753,-58.582,-284.355,-288.689,0,0,0,0
15156,229734648,2856,-1612.356877,-500.674,35.9781,-197.916,-41.1334,304.983,-121.097,-229.349,-57.8001,-235.816,-10.4513,-252.685,-306.395,0,0,0,0
15157,229764963,2856,-1397.962154,-487.598,79.4555,-150.471,-61.1196,323.386,-141.875,-213.732,-42.4156,-217.968,22.8943,-239.534,-268.984,0,0,0,0
15158,229795280,2856,-1208.043997,-436.512,54.82,-118.033,-14.6921,363.607,-145.779,-227.909,-32.3871,-187.19,37.0176,-230.324,-270.662,0,0,0,0
15159,229825599,2857,-1098.357438,-439.526,66.3497,-89.5942,-36.4423,368.017,-147.808,-222.428,-3.4335,-168.276,22.4556,-186.267,-261.404,0,0,0,0
15160,229855920,2857,-1081.045968,-463.53,51.7665,-28.164,-68.2608,342.354,-110.523,-208.745,-11.0479,-199.494,77.0989,-192.439,-270.062,0,0,0,0
15161,229886243,2858,-1286.276163,-494.634,40.2384,-55.7326,-60.8376,316.567,-141.3,-228.197,-16.8803,-199.348,71.5776,-224.267,-293.462,0,0,0,0
15162,229916568,2858,-1287.608803,-489.729,24.7076,-4.25009,-100.54,338.034,-186.4,-190.38,-44.5682,-164.568,80.5177,-257.372,-293.06,0,0,0,0
15163,229946895,2858,-1126.434806,-441.922,36.2319,3.34708,-95.2996,349.247,-156.049,-186.556,-4.11422,-146.277,31.7159,-216.156,-300.603,0,0,0,0
15164,229977224,2859,-1144.727037,-432.107,43.6434,22.7651,-107.828,336.644,-147.961,-196.141,-6.30499,-145.354,14.7371,-239.498,-287.323,0,0,0,0
15165,230007555,2859,-1026.641922,-401.39,79.22,-36.6451,-70.6549,329.977,-137.806,-189.19,-3.41648,-142.495,53.9425,-254.6,-253.584,0,0,0,0
15166,230037888,2859,-965.509065,-358.665,99.6838,-33.1758,-66.1272,346.248,-165.586,-199.712,-28.0351,-143.648,37.2929,-221.385,-232.4,0,0,0,0
15167,230068223,2860,-1044.724258,-416.039,99.2027,-46.4764,-58.8358,330.836,-140.554,-211.958,-36.651,-92.9461,-6.9654,-249.154,-215.184,0,0,0,0
15168,230098560,2860,-1107.538105,-410.404,85.7188,-88.0155,-10.4941,328.099,-130.15,-256.419,-32.5563,-119.874,-17.7765,-254.568,-201.099,0,0,0,0
15169,230128899,2861,-1027.426117,-437.867,82.29,-92.3801,-4.9716,334.427,-134.382,-234.601,3.96633,-109.885,15.254,-260.675,-188.602,0,0,0,0
15170,230159240,2861,-1056.003218,-477.322,113.748,-115.753,46.3682,348.819,-151.84,-220.056,-30.3612,-126.276,39.3797,-259.596,-223.114,0,0,0,0
15171,230189583,2861,-1126.832314,-433.876,111.372,-119.066,57.7088,305.272,-106.82,-249.441,-61.9856,-168.261,-13.019,-226.703,-222.014,0,0,0,0
15172,230219928,2862,-1049.603625,-425.42,136.883,-125.503,52.2798,277.786,-79.8592,-253.489,-66.8916,-131.405,0.863873,-229.296,-205.552,0,0,0,0
15173,230250275,2862,-1028.073879,-429.064,131.449,-156.767,81.6136,309.045,-66.39,-260.81,-97.581,-88.7814,-5.68145,-215.258,-229.847,0,0,0,0
15174,230280624,2862,-1001.966407,-438.699,134.012,-136.152,91.1224,304.493,-85.2368,-269.861,-96.6949,-82.4805,11.4198,-221.759,-212.13,0,0,0,0
15175,230310975,2863,-1076.976504,-468.433,157.63,-146.365,66.5138,317.004,-95.3448,-249.382,-119.175,-94.4856,13.7425,-231.78,-226.902,0,0,0,0
15176,230341328,2863,-1148.055445,-438.157,147.135,-165.7,82.0153,302.385,-93.8134,-250.572,-154.074,-107.788,-8.95827,-253.362,-207.165,0,0,0,0
15177,230371683,2864,-1187.104169,-488.981,130.806,-117.977,55.4596,302.701,-83.7324,-256.756,-124.7,-99.6386,-3.93943,-283.791,-216.556,0,0,0,0
15178,230402040,2864,-1139.577214,-468.796,133.363,-93.2033,54.0189,308.332,-102.71,-251.076,-148.03,-104.564,-3.4741,-270.916,-192.522,0,0,0,0
15179,230432399,2864,-1138.523133,-472.71,121.976,-126.371,103.52,318.647,-135.243,-225.675,-153.294,-118.801,6.85694,-243.173,-214.256,0,0,0,0
15180,230462760,2865,-1101.121096,-440.615,112.586,-161.663,102.072,316.963,-89.2281,-214.659,-139.34,-120.65,-11.634,-232.36,-222.595,0,0,0,0
15181,230493123,2865,-1292.359454,-457.618,64.2512,-166.837,96.5662,308.523,-77.0873,-237.913,-151.319,-130.951,-26.334,-277.891,-235.748,0,0,0,0
15182,230523488,2865,-1158.033643,-441.613,77.8035,-179.077,146.175,328.958,-97.6183,-205.439,-165.013,-102.037,-1.192,-286.071,-232.909,0,0,0,0
15183,230553855,2866,-1107.278189,-419.707,90.521,-178.086,111.607,324.587,-93.6633,-209.629,-139.92,-71.1057,-1.42318,-312.986,-207.472,0,0,0,0
15184,230584224,2866,-1101.957194,-388.792,91.1256,-158.39,119.329,305.767,-85.2056,-227.889,-159.683,-83.1886,-2.20258,-311.272,-201.555,0,0,0,0
15185,230614595,2867,-1142.943685,-394.976,79.7853,-153.407,94.8135,297.387,-78.1264,-213.941,-158.802,-68.5743,-33.072,-321.951,-192.079,0,0,0,0
15186,230644968,2867,-976.604197,-364.151,105.442,-122.602,68.473,298.881,-58.9194,-147.402,-188.28,-60.7971,-3.66608,-281.563,-222.021,0,0,0,0
15187,230675343,2867,-925.912268,-324.425,80.1543,-123.624,113.955,294.439,-49.7153,-152.665,-183.189,-28.4241,-30.5329,-286.414,-235.472,0,0,0,0
15188,230705720,2868,-843.475361,-310.69,83.7535,-137.713,135.608,304.054,-68.5714,-117.92,-164.598,-26.1797,-38.8181,-247.824,-254.577,0,0,0,0
15189,230736099,2868,-869.069650,-357.053,95.5179,-177.857,133.322,301.353,-47.1121,-132.247,-144.716,-32.261,-12.4434,-248.113,-247.46,0,0,0,0
15190,230766480,2868,-809.909556,-308.408,63.1694,-126.836,140.792,310.031,-97.0378,-115.646,-152.412,-36.5092,23.0671,-219.799,-290.321,0,0,0,0
15191,230796863,2869,-670.701939,-250.862,79.8761,-152.814,135.504,321.644,-62.9619,-109.496,-142.61,-35.6736,36.632,-218.238,-271.702,0,0,0,0
15192,230827248,2869,-661.380235,-282.307,63.58,-119.915,136.266,318.064,-78.5696,-95.8889,-140.086,-0.679965,9.97208,-208.827,-262.989,0,0,0,0
15193,230857635,2870,-682.806112,-242.851,48.3389,-101.843,91.7915,317.486,-81.1146,-82.5623,-128.493,21.2502,-38.4929,-210.856,-275.46,0,0,0,0
15194,230888024,2870,-920.155431,-298.386,46.9851,-97.8922,65.6719,278.158,-68.2358,-118.481,-137.831,-2.05999,-83.5417,-224.024,-280.518,0,0,0,0
15195,230918415,2870,-825.894266,-260.02,38.7964,-95.7117,46.2534,273.577,-44.9062,-124.877,-89.3848,4.62477,-79.7355,-226.464,-268.047,0,0,0,0
15196,230948808,2871,-885.714637,-253.645,42.4949,-111.826,67.0061,285.118,-45.6448,-128.076,-92.2215,-48.9932,-74.8984,-259.101,-265.927,0,0,0,0
15197,230979203,2871,-1014.098969,-276.369,10.2485,-66.6521,37.7018,256.721,-10.1266,-119.677,-89.9871,-50.7768,-133.735,-309.845,-261.601,0,0,0,0
15198,231009600,2871,-1041.069623,-293.084,15.9993,-96.6005,29.3922,266.259,-51.1888,-106.465,-54.8953,-68.4636,-124.956,-312.946,-244.121,0,0,0,0
15199,231039999,2872,-1131.943944,-286.898,-26.1948,-127.432,62.1439,235.991,-16.9202,-105.794,-86.4446,-96.5296,-173.667,-294.373,-215.826,0,0,0,0
15200,231070400,2872,-1166.367197,-310.703,-30.5017,-70.3307,16.9473,241.272,-12.5353,-115.262,-86.9286,-96.6242,-166.909,-293.121,-241.671,0,0,0,0
15201,231100803,2873,-1020.841887,-288.607,-19.6434,-74.2274,33.5732,293.997,-32.277,-97.3938,-89.0508,-81.7032,-189.536,-232.917,-243.057,0,0,0,0
15202,231131208,2873,-758.314556,-234.502,12.102,-60.0736,61.4925,302.47,-22.8205,-100.865,-78.6789,-14.8619,-170.727,-223.775,-228.076,0,0,0,0
15203,231161615,2873,-1046.134883,-276.496,-3.0975,-84.8051,35.2358,304.254,-50.7578,-126.922,-143.518,-40.9685,-176.459,-229.549,-253.052,0,0,0,0
15204,231192024,2874,-1066.975230,-333.481,16.7003,-79.7153,16.0295,320.849,-52.434,-117.984,-99.2809,-60.869,-181.252,-256.233,-239.304,0,0,0,0
15205,231222435,2874,-1026.858823,-304.565,14.5531,-73.4542,-0.175665,314.315,-14.9866,-116.115,-120.983,-51.8765,-186.181,-269.653,-217.736,0,0,0,0
15206,231252848,2874,-1120.928307,-288.64,10.2931,-53.2558,-61.2654,345.032,-55.92,-111.381,-140.027,-41.3522,-231.389,-270.201,-222.823,0,0,0,0
15207,231283263,2875,-1235.194134,-318.814,-2.80167,-58.9423,-48.532,279.749,-51.6647,-117.848,-129.661,-45.7466,-248.503,-275.706,-216.725,0,0,0,0
15208,231313680,2875,-1161.958247,-281.979,7.99071,-73.7523,-45.6283,279.272,-0.346288,-108.984,-150.572,-65.0509,-195.679,-304.068,-223.161,0,0,0,0
15209,231344099,2876,-1073.730743,-288.243,-9.16188,-32.4456,-66.7825,262.857,-17.8359,-86.2503,-111.19,-57.1328,-204.997,-258.426,-204.122,0,0,0,0
15210,231374520,2876,-896.363970,-250.498,5.68285,24.7956,-105.881,220.573,72.1617,-102.655,-91.2473,-55.5461,-172.68,-236.181,-204.889,0,0,0,0
15211,231404943,2876,-791.410245,-230.852,-32.4174,54.2114,-79.0388,212.095,55.6717,-80.7868,-90.9492,17.3032,-181.578,-254.184,-180.885,0,0,0,0
15212,231435368,2877,-848.070148,-224.197,-30.6304,45.4459,-91.0847,184.801,62.9885,-69.9207,-138.932,17.8487,-184.129,-229.735,-190.525,0,0,0,0
15213,231465795,2877,-962.706347,-211.641,-18.6783,29.8532,-112.25,225.505,23.2369,-104.257,-147.269,-47.9352,-163.55,-233.819,-201.902,0,0,0,0
15214,231496224,2878,-940.459538,-239.076,-22.839,21.14,-120.298,247.087,42.6151,-113.393,-117.179,-58.404,-173.364,-206.661,-200.088,0,0,0,0
15215,231526655,2878,-1106.274048,-264.61,-30.9447,-22.3441,-92.4644,218.981,0.742263,-123.524,-120.164,-54.4794,-188.219,-225.857,-203.39,0,0,0,0
15216,231557088,2878,-1226.562039,-334.135,-19.053,-71.0646,-54.4614,192.431,37.2435,-139.726,-149.222,-69.4359,-193.111,-226.631,-199.397,0,0,0,0
15217,231587523,2879,-1024.100352,-272.759,-26.1063,-50.6705,-44.5144,188.133,59.5551,-122.069,-171.629,-70.3444,-132.305,-184.838,-196.554,0,0,0,0
15218,231617960,2879,-909.593153,-260.374,-8.27243,-30.1681,-47.5129,219.773,58.8076,-123.406,-192.404,-66.7548,-137.257,-192.175,-129.85,0,0,0,0
15219,231648399,2879,-709.396644,-172.088,-54.2734,-2.72163,-71.57,224.597,79.1181,-107.68,-161.174,-56.2198,-83.6178,-175.112,-128.654,0,0,0,0
15220,231678840,2880,-733.693061,-217.793,-46.3872,-32.2843,-10.5749,205.418,41.4308,-93.7452,-167.514,-44.851,-33.715,-208.049,-125.629,0,0,0,0
15221,231709283,2880,-776.828915,-232.597,-42.4459,-63.7879,7.4209,219.864,18.7354,-127.814,-160.072,-12.3092,-66.5146,-211.14,-106.169,0,0,0,0
15222,231739728,2881,-733.584490,-192.392,-55.5073,-62.356,1.4715,211.685,-12.0152,-101.089,-178.773,-15.167,-33.1634,-215.419,-80.8594,0,0,0,0
15223,231770175,2881,-895.843995,-217.286,-7.51368,-89.6939,-21.5937,221.567,-20.6376,-158.632,-197.47,-57.2621,-12.9725,-260.538,-73.8126,0,0,0,0
15224,231800624,2881,-884.553985,-224.171,4.36714,-117.326,7.57019,221.131,-25.1388,-172.638,-215.099,-51.342,10.6181,-259.871,-62.6541,0,0,0,0
15225,231831075,2882,-1030.476356,-305.155,-26.5869,-76.6718,-20.5032,271.758,-37.7029,-177.846,-239.012,-84.9844,22.3365,-297.08,-59.0285,0,0,0,0
15226,231861528,2882,-1093.502916,-318.13,-9.65373,-112.195,-13.3414,242.7,-15.7209,-210.984,-248.572,-95.7381,8.86205,-276.252,-44.4774,0,0,0,0
15227,231891983,2882,-974.363781,-298.204,4.33447,-73.4887,-21.4171,237.325,-31.2864,-184.191,-233.485,-84.7563,22.1123,-284.541,-26.7651,0,0,0,0
15228,231922440,2883,-1071.810482,-317.269,-35.68,-70.9629,-49.2624,293.135,-48.722,-173.537,-265.331,-81.7581,33.8939,-305.699,-50.6169,0,0,0,0
15229,231952899,2883,-919.986978,-272.433,-20.6395,-45.3781,-47.1665,269.756,-1.35512,-161.538,-284.17,-56.6306,29.2169,-284.307,-45.3412,0,0,0,0
15230,231983360,2884,-1007.814818,-303.588,-25.7117,-62.686,-28.1339,283.626,-1.18215,-191.753,-272.805,-83.7902,28.7097,-300.486,-50.0144,0,0,0,0
15231,232013823,2884,-1042.971744,-343.842,-49.6188,-31.0499,-31.9795,362.44,-53.743,-188.884,-297.502,-84.8639,6.23364,-288.445,-41.7171,0,0,0,0
15232,232044288,2884,-1079.281337,-333.087,-52.6387,-27.4219,-40.8359,325.114,-14.317,-189.167,-298.21,-76.588,-20.9747,-287.029,-64.1257,0,0,0,0
15233,232074755,2885,-1216.206408,-354.431,-83.6036,-37.6793,-49.6885,306.858,-13.0144,-228.449,-293.266,-71.5989,-27.9718,-275.073,-88.288,0,0,0,0
15234,232105224,2885,-1258.566190,-365.766,-76.5712,-49.0566,-62.4854,318.662,-40.5847,-257.656,-291.748,-51.681,-47.6361,-265.107,-68.936,0,0,0,0
15235,232135695,2885,-1194.636545,-367.2,-49.4837,-53.2049,-53.462,367.591,-55.412,-264.661,-287.383,-83.5211,-49.5377,-234.193,-64.1696,0,0,0,0
15236,232166168,2886,-1127.605403,-360.625,-47.509,-57.5901,-39.0869,364.452,-64.9815,-220.941,-264.442,-80.4771,-41.408,-245.87,-69.127,0,0,0,0
15237,232196643,2886,-1112.018153,-386.149,-45.3692,-66.8024,-45.0691,340.063,-24.493,-202.22,-285.79,-60.6215,-33.9686,-230.402,-71.1959,0,0,0,0
15238,232227120,2887,-1043.608389,-385.664,-38.3422,-57.0797,-52.877,333.987,-7.12769,-218.226,-285.92,-37.8042,7.12211,-239.996,-61.6802,0,0,0,0
15239,232257599,2887,-903.472320,-400.278,-2.26017,-13.1824,-79.5629,322.848,25.1089,-203.507,-284.757,-19.6752,38.9294,-212.936,-74.2001,0,0,0,0
15240,232288080,2887,-934.231977,-447.883,0.819189,-35.467,-71.4373,329.579,51.7264,-200.383,-281.749,-23.9014,30.7809,-239.891,-46.4259,0,0,0,0
15241,232318563,2888,-930.454396,-434.587,-5.04642,-30.6348,-90.2498,293.371,80.3431,-202.866,-267.52,-13.9924,30.2191,-224.753,-64.7377,0,0,0,0
15242,232349048,2888,-878.926428,-450.282,3.97518,-23.8098,-70.8873,351.415,26.3812,-186.806,-286.869,-1.38256,40.486,-208.188,-72.9591,0,0,0,0
15243,232379535,2888,-828.793152,-449.076,14.1619,-38.8697,-80.7628,382.082,28.8701,-159.027,-290.721,8.38446,21.8034,-215.372,-50.2666,0,0,0,0
15244,232410024,2889,-963.031871,-465.861,25.2358,-15.1086,-89.3473,366.746,26.4855,-202.441,-328.42,7.52697,-8.66189,-206.789,-72.3959,0,0,0,0
15245,232440515,2889,-850.842559,-474.745,1.36482,-23.1764,-33.1692,373.906,7.77555,-195.453,-277.478,21.9589,8.03713,-179.635,-80.2289,0,0,0,0
15246,232471008,2890,-840.737530,-427.62,-7.5089,-35.3064,-10.8179,379.567,-11.7356,-203.801,-309.899,43.9508,-21.8266,-178.078,-57.6628,0,0,0,0
15247,232501503,2890,-802.749952,-457.593,-6.32759,-31.3218,-15.5819,393.733,-25.6323,-190.815,-292.603,22.6309,-24.3264,-125.856,-49.0564,0,0,0,0
15248,232532000,2890,-830.440798,-446.558,-3.25907,-32.4029,12.7043,370.263,-25.8293,-202.965,-269.165,-3.76512,-47.756,-135.207,-46.5008,0,0,0,0
15249,232562499,2891,-772.808848,-461.622,22.9746,-116.482,36.1111,422.357,-18.6071,-246.181,-246.511,6.67451,-13.6057,-112.49,-45.4271,0,0,0,0
15250,232593000,2891,-768.024431,-465.677,6.09544,-78.5122,20.4548,402.204,-15.0551,-242.468,-256.073,37.9859,-24.7299,-93.7829,-58.4665,0,0,0,0
15251,232623503,2892,-707.486912,-454.831,27.2713,-77.4253,10.7399,386.109,10.1057,-235.479,-217.423,59.5721,-37.381,-122.058,-56.6874,0,0,0,0
15252,232654008,2892,-649.753883,-442.976,11.4445,-50.5769,24.1951,380.016,46.7819,-263.901,-212.628,49.2628,-56.9001,-91.1399,-43.3324,0,0,0,0
15253,232684515,2892,-750.473233,-504.22,4.67276,-49.4408,65.4137,348.851,16.1962,-269.711,-229.19,61.7708,-52.1943,-82.0976,-60.524,0,0,0,0
15254,232715024,2893,-749.726181,-485.455,-2.21179,-63.4828,69.9267,379.002,-0.452409,-308.001,-248.179,80.7523,-21.4764,-83.1843,-66.9645,0,0,0,0
15255,232745535,2893,-556.659510,-425.788,-0.931234,-46.2954,71.2016,384.905,-30.2269,-281.946,-205.957,129.288,-24.8433,-44.0384,-82.027,0,0,0,0
15256,232776048,2893,-591.275560,-461.113,-49.7634,-15.3448,80.6478,437.676,-68.6862,-289.029,-217.662,108.722,-18.0015,-17.7981,-80.9231,0,0,0,0
15257,232806563,2894,-456.902836,-443.537,4.45936,-7.22183,99.0962,421.571,-43.0145,-293.183,-231.442,101.406,12.259,-9.80932,-67.4873,0,0,0,0
15258,232837080,2894,-521.888862,-447.952,-5.32052,-64.1055,157.48,460.595,-89.6619,-329.404,-199.146,74.2452,35.2514,-54.3522,-59.5182,0,0,0,0
15259,232867599,2895,-508.673775,-457.466,11.9546,-45.988,116.985,458.551,-76.3179,-327.625,-189.784,53.298,16.9653,-28.4807,-40.7668,0,0,0,0
15260,232898120,2895,-422.397538,-420.971,-0.88301,-5.82182,104.422,488.317,-75.6483,-286.712,-215.633,53.3591,36.2942,-57.2407,-41.8803,0,0,0,0
15261,232928643,2895,-552.488179,-429.574,-11.5555,-20.7116,85.7999,438.396,-68.2372,-288.864,-242.337,75.3463,36.8622,-51.0979,-76.5143,0,0,0,0
15262,232959168,2896,-410.839587,-393.169,14.6592,4.44919,80.4125,449.16,-55.6968,-284.952,-210.4,65.332,71.0215,-85.2887,-66.3665,0,0,0,0
15263,232989695,2896,-449.671999,-374.863,37.9289,-16.2177,100.789,432.428,-72.4771,-279.17,-190.748,34.7659,83.5819,-128.954,-76.7351,0,0,0,0
15264,233020224,2896,-503.224033,-427.548,46.1959,-60.1787,116.336,378.247,-51.8806,-257.26,-173.818,28.7391,111.033,-145.062,-68.0279,0,0,0,0
15265,233050755,2897,-608.128999,-488.331,37.518,-67.8529,123.824,418.136,-93.2773,-247.418,-188.384,28.4278,120.237,-187.117,-63.8917,0,0,0,0
15266,233081288,2897,-556.010206,-483.106,51.7273,-72.7053,147.428,470.332,-99.8673,-243.575,-207.37,14.4141,125.929,-204.541,-54.6763,0,0,0,0
15267,233111823,2898,-560.832583,-504.98,79.1017,-118.327,160.795,472.28,-114.462,-208.795,-224.798,13.2486,131.137,-191.479,-54.5532,0,0,0,0
15268,233142360,2898,-514.343194,-488.844,83.3633,-117.13,178.451,473.35,-108.116,-211.545,-191.718,19.9995,106.041,-202.503,-55.6908,0,0,0,0
15269,233172899,2898,-679.331515,-460.808,29.6799,-88.8168,164.989,414.103,-121.393,-191.975,-192.282,-18.8628,123.61,-261.203,-76.374,0,0,0,0
15270,233203440,2899,-807.382753,-497.763,-2.00613,-59.5109,167.524,388.357,-161.985,-234.855,-195.271,-24.5012,132.124,-243.807,-75.6882,0,0,0,0
15271,233233983,2899,-930.943739,-563.816,-6.63716,-44.1461,145.06,385.426,-183.513,-219.153,-189.773,-27.8291,92.817,-232.321,-87.0569,0,0,0,0
15272,233264528,2900,-860.813785,-524.861,-1.38095,-66.8469,187.765,403.425,-220.115,-208.518,-156.338,-32.2423,70.0222,-214.513,-97.2112,0,0,0,0
15273,233295075,2900,-844.278578,-569.005,21.0403,-62.4905,188.355,409.298,-198.455,-185.329,-171.4,-37.4785,54.6281,-219.123,-74.319,0,0,0,0
15274,233325624,2900,-988.144419,-600.139,10.3489,-103.139,202.94,431.487,-184.178,-198.293,-192.038,-77.1015,37.0203,-237.134,-77.9184,0,0,0,0
15275,233356175,2901,-1050.982338,-607.373,13.7124,-107.616,222.526,454.422,-231.391,-220.858,-194.469,-82.8179,41.6466,-248.506,-90.258,0,0,0,0
15276,233386728,2901,-986.059716,-607.598,2.0733,-116.33,219.282,484.602,-229.057,-187.746,-204.458,-68.9866,45.2913,-268.676,-54.4571,0,0,0,0
15277,233417283,2901,-969.345517,-609.921,19.4892,-140.871,206.802,471.534,-179.398,-182.84,-201.169,-65.0116,19.551,-249.478,-58.0321,0,0,0,0
15278,233447840,2902,-1035.059448,-618.236,32.7923,-165.42,218.497,422.527,-174.807,-201.931,-182.808,-52.6484,16.4432,-269.911,-59.5576,0,0,0,0
15279,233478399,2902,-1069.277207,-629.649,58.2605,-178.909,213.192,444.775,-184.402,-196.16,-201.866,-70.97,17.4861,-279.681,-61.3539,0,0,0,0
15280,233508960,2903,-1154.124386,-627.054,54.616,-168.522,213.82,464.822,-210.882,-261.254,-216.585,-74.6867,12.8468,-285.951,-55.2944,0,0,0,0
15281,233539523,2903,-920.320271,-612.557,71.0264,-183.961,259.51,468.874,-189.226,-185.217,-157.083,-95.6252,14.6601,-275.987,-34.7329,0,0,0,0
15282,233570088,2903,-816.430725,-559.052,60.4342,-113.523,207.314,427.801,-184.698,-131.31,-166.935,-114.732,23.912,-254.004,-11.6387,0,0,0,0
15283,233600655,2904,-608.782441,-508.645,49.897,-83.8539,219.94,424.162,-187.369,-76.6082,-166.219,-69.2744,58.2868,-264.46,-4.63942,0,0,0,0
15284,233631224,2904,-563.647036,-482.23,41.247,-108.422,223.798,398.273,-122.71,-83.4994,-149.215,-51.2056,87.2118,-302.217,-14.6791,0,0,0,0
15285,233661795,2904,-657.741193,-518.913,36.7621,-89.8181,207.418,383.192,-141.997,-86.3933,-120.142,-62.1576,58.8194,-280.829,-43.6822,0,0,0,0
15286,233692368,2905,-597.899038,-503.588,19.1645,-78.2771,219.212,396.301,-150.669,-49.6919,-110.64,-101.111,79.9163,-240.017,-78.4992,0,0,0,0
15287,233722943,2905,-811.165306,-576.361,4.62187,-65.6215,188.95,360.596,-141.207,-51.7204,-138.705,-114.13,79.9905,-234.622,-122.957,0,0,0,0
15288,233753520,2906,-765.127490,-553.125,-23.9234,-83.0312,204.737,403.637,-145.689,-28.8882,-158.993,-108.228,18.8592,-220.226,-70.2564,0,0,0,0
15289,233784099,2906,-879.457124,-572.989,-22.4138,-120.44,208.527,413.675,-164.848,-22.3245,-176.773,-162.797,-10.3809,-180,-68.6938,0,0,0,0
15290,233814680,2906,-1065.098857,-609.843,-23.0168,-133.741,172.372,355.906,-122.518,-19.2891,-176.558,-158.895,-41.4947,-240.947,-67.0746,0,0,0,0
15291,233845263,2907,-1199.750752,-632.796,-4.45478,-163.04,220.099,363.005,-180.872,-29.3873,-213.913,-146.215,-61.3274,-237.29,-113.56,0,0,0,0
15292,233875848,2907,-1294.125184,-633.741,-32.0055,-208.463,231.997,384.166,-176.42,-51.2827,-206.836,-164.309,-58.1853,-249.574,-129.471,0,0,0,0
15293,233906435,2907,-1560.428334,-696.784,-28.5012,-237.656,230.777,376.385,-235.774,-49.5164,-236.696,-199.181,-84.151,-266.774,-132.556,0,0,0,0
15294,233937024,2908,-1426.829995,-682.818,-21.9996,-209.084,229.672,368.296,-230.933,-17.4127,-232.336,-214.677,-48.5822,-247.131,-119.823,0,0,0,0
15295,233967615,2908,-1378.328120,-705.951,-13.443,-208.168,212.449,376.77,-189.736,-16.5758,-244.19,-199.844,-14.528,-240.241,-134.869,0,0,0,0
15296,233998208,2909,-1480.559183,-680.076,-13.9992,-279.547,226.456,368.795,-175.964,-68.6161,-268.907,-206.791,-17.6887,-248.011,-116.211,0,0,0,0
15297,234028803,2909,-1580.109455,-703.299,-14.3903,-275.752,149.168,308.075,-93.5178,-64.6462,-258.765,-213.888,-21.9525,-275.462,-115.68,0,0,0,0
15298,234059400,2909,-1561.210984,-688.513,6.10593,-253.965,138.173,283.23,-90.9339,-59.6814,-273.333,-240.989,-38.4842,-235.146,-107.674,0,0,0,0
15299,234089999,2910,-1541.357969,-692.826,42.6571,-269.119,164.119,288.384,-82.293,-68.8515,-296.4,-246.64,-21.7437,-231.587,-127.058,0,0,0,0
15300,234120600,2910,-1503.750970,-675.131,10.2056,-241.339,139.879,345.723,-104.907,-114.817,-282.475,-207.406,-25.4055,-255.459,-92.6194,0,0,0,0
15301,234151203,2911,-1586.658022,-686.534,-14.1909,-248.558,115.938,411.806,-189.137,-146.057,-267.403,-221.752,-26.3571,-248.222,-66.1918,0,0,0,0
15302,234181808,2911,-1605.944656,-702.928,-25.7001,-246.668,109.873,374.08,-160.431,-163.224,-224.976,-228.304,-28.4072,-243.998,-65.2604,0,0,0,0
15303,234212415,2911,-1393.100978,-668.421,14.9557,-253.722,122.692,408.418,-126.049,-142.921,-190.333,-182.799,-51.6712,-229.536,-93.7157,0,0,0,0
15304,234243024,2912,-1296.643784,-645.905,34.4988,-242.954,139.8,408.496,-130.348,-152.09,-202.687,-148.742,-10.6141,-233.2,-112.899,0,0,0,0
15305,234273635,2912,-1269.767407,-632.488,50.0969,-237.957,119.67,418.765,-139.645,-163.062,-166.263,-130.223,-18.4727,-247.653,-122.535,0,0,0,0
15306,234304248,2912,-1367.610691,-672.062,38.6923,-196.138,67.7758,396.973,-123.133,-159.167,-207.257,-106.873,-17.7595,-266.42,-122.243,0,0,0,0
15307,234334863,2913,-1234.905017,-670.735,11.3427,-191.089,60.6443,402.178,-97.434,-73.2768,-206.547,-101.422,-26.5612,-260.113,-81.8911,0,0,0,0
15308,234365480,2913,-1368.171229,-702.399,9.88039,-176.222,38.6835,384.439,-123.734,-90.2447,-206.691,-76.8997,-51.8302,-276.309,-96.8447,0,0,0,0
15309,234396099,2914,-1329.079162,-684.162,11.5831,-168.237,32.7829,423.579,-157.165,-101.421,-186.341,-93.6262,-13.1734,-272.845,-120.054,0,0,0,0
15310,234426720,2914,-1236.087546,-663.916,27.1731,-171.26,84.7591,414.963,-126.725,-118.458,-191.979,-90.8076,-25.4492,-237.445,-136.942,0,0,0,0
15311,234457343,2914,-1419.949055,-681.769,28.8181,-173.166,65.7379,390.352,-100.017,-115.425,-242.694,-116.844,-47.7179,-287.313,-139.912,0,0,0,0
15312,234487968,2915,-1452.314709,-702.613,35.4604,-178.254,37.945,416.483,-109.456,-125.606,-266.411,-119.937,-57.1166,-244.75,-138.06,0,0,0,0
15313,234518595,2915,-1587.901735,-710.555,14.1577,-213.169,48.8567,414.68,-134.629,-115.71,-292.92,-112.587,-118.336,-198.281,-169.41,0,0,0,0
15314,234549224,2915,-1469.070924,-686.489,15.7423,-221.146,58.0634,485.123,-175.061,-102.616,-276.705,-112.054,-106.605,-159.628,-187.695,0,0,0,0
15315,234579855,2916,-1425.188407,-708.522,61.4919,-183.01,67.0911,436.442,-150.688,-136.725,-292.351,-101.787,-98.0273,-148.495,-170.607,0,0,0,0
15316,234610488,2916,-1281.788527,-704.546,65.1288,-171.995,84.2296,480.698,-145.928,-106.901,-283.999,-116.512,-77.8748,-154.036,-150.053,0,0,0,0
15317,234641123,2917,-1265.362603,-708.669,30.8207,-167.866,128.311,476.946,-141.103,-131.603,-232.85,-162.684,-50.3107,-124.098,-182.257,0,0,0,0
15318,234671760,2917,-1299.729589,-732.782,8.50993,-100.743,79.3876,447.447,-146.538,-116.985,-268.437,-118.78,-30.4268,-148.094,-172.289,0,0,0,0
15319,234702399,2917,-1257.201608,-686.995,-10.7459,-127.561,112.526,431.827,-170.843,-89.0246,-275.295,-99.5652,-46.5358,-117.272,-177.717,0,0,0,0
15320,234733040,2918,-1078.245227,-635.199,26.8856,-120.446,126.715,449.009,-184.152,-94.9344,-257.077,-61.9986,-16.8828,-141.647,-168.518,0,0,0,0
15321,234763683,2918,-1017.708518,-616.501,29.6821,-103.271,83.8462,485.256,-190.593,-99.9098,-265.803,-43.4079,-4.98963,-103.734,-188.282,0,0,0,0
15322,234794328,2919,-1026.765756,-625.795,42.3659,-98.1617,83.0926,440.752,-162.027,-78.8831,-272.517,-46.2875,-45.1426,-88.3428,-175.819,0,0,0,0
15323,234824975,2919,-800.799351,-558.187,28.1047,-58.7644,76.221,475.998,-147.403,-64.8664,-263.163,-62.3151,7.53951,-83.7053,-150.257,0,0,0,0
15324,234855624,2919,-515.643236,-507.571,68.8408,6.28127,75.5206,442.238,-76.6489,-17.8392,-297.885,-31.3922,30.422,-88.5598,-119.05,0,0,0,0
15325,234886275,2920,-491.384608,-506.054,74.6319,6.61348,21.582,468.604,-113.834,-3.09182,-296.393,-4.66627,53.7085,-93.7417,-98.7446,0,0,0,0
15326,234916928,2920,-731.238461,-571.527,69.3103,-32.1746,46.8781,460.907,-125.016,-29.7264,-320.248,-44.6256,17.9873,-108.217,-94.7864,0,0,0,0
15327,234947583,2920,-683.965225,-549.1,69.1538,-43.8478,88.0573,395.586,-108.839,-29.9044,-315.035,-64.4944,44.3848,-104.807,-65.1202,0,0,0,0
15328,234978240,2921,-616.910900,-527.663,95.8845,-51.5867,99.2867,431.696,-133.641,-34.9587,-302.9,-66.3794,19.2274,-99.9185,-45.9576,0,0,0,0
15329,235008899,2921,-718.772235,-531.325,130.67,-46.3243,80.6383,389.181,-94.2162,-42.2745,-355.408,-42.0184,-23.1365,-151.341,-33.2175,0,0,0,0
15330,235039560,2922,-618.734516,-508.979,136.453,-52.9542,52.8058,381.542,-54.4635,-61.9115,-290.271,-43.1963,-25.7831,-142.052,-9.92472,0,0,0,0
15331,235070223,2922,-617.257646,-481.731,101.291,-66.5828,71.0343,394.964,-36.8409,-39.0323,-284.493,-85.0476,-37.9654,-166.579,13.7253,0,0,0,0
15332,235100888,2922,-390.876688,-473.475,96.0164,-58.2772,123.493,377.447,12.8441,-55.2114,-219.71,-64.7799,-2.358,-139.609,12.7432,0,0,0,0
15333,235131555,2923,-388.416800,-470.317,130.907,-80.8566,153.596,363.736,36.5873,-65.9239,-247.071,-59.3598,-5.14451,-151.061,6.4918,0,0,0,0
15334,235162224,2923,-496.203132,-539.15,96.6843,-85.5563,173.052,426.279,-17.8558,-77.0378,-219.792,-71.9362,-6.41368,-164.426,-10.0508,0,0,0,0
15335,235192895,2923,-684.456140,-595.082,110.517,-109.97,103.332,422.759,-52.1689,-70.1506,-206.374,-59.0898,-45.6523,-207.522,24.9462,0,0,0,0
15336,235223568,2924,-585.778205,-574.006,128.347,-117.734,120.661,405.047,-43.2346,-55.2046,-170.307,-81.4443,-67.7703,-180.628,50.4968,0,0,0,0
15337,235254243,2924,-462.474002,-536.028,168.232,-120.212,85.9936,398.396,-24.5559,-49.1893,-151.738,-61.4675,-52.4971,-180.073,60.665,0,0,0,0
15338,235284920,2925,-425.895941,-485.041,223.004,-139.754,75.441,407.997,-51.9361,-88.1035,-150.679,-70.1965,-35.0923,-180.19,68.6546,0,0,0,0
15339,235315599,2925,-457.921503,-460.153,228.941,-165.236,93.7095,388.467,-96.2619,-105.156,-118.04,-60.1513,-35.2898,-204.887,76.1358,0,0,0,0
15340,235346280,2925,-337.965589,-465.256,237.766,-142.785,130.15,373.689,-104.454,-94.8614,-50.1204,-51.1047,-26.7481,-192.004,47.7641,0,0,0,0
15341,235376963,2926,-237.596996,-419.458,207.645,-95.2758,157.473,378.281,-127.714,-105.191,-10.5623,-23.8333,-27.8203,-196.535,25.3936,0,0,0,0
15342,235407648,2926,-259.643785,-447.651,219.522,-93.7729,186.909,344.687,-106.971,-109.306,-34.2079,-8.86315,-26.4762,-200.043,16.5308,0,0,0,0
15343,235438335,2927,-300.362709,-441.943,212.454,-135.155,209.349,346.346,-125.355,-94.0864,-33.068,-8.95871,-55.8015,-178.082,3.9397,0,0,0,0
15344,235469024,2927,-277.061360,-439.226,237.273,-158.659,254.719,387.618,-156.426,-123.737,-45.6511,-23.301,-65.1363,-196.176,51.6415,0,0,0,0
15345,235499715,2927,-187.381799,-399.608,256.257,-110.049,240.151,341.084,-96.7507,-162.927,-30.3748,-37.2503,-62.2037,-154.206,28.4969,0,0,0,0
15346,235530408,2928,-304.920272,-357.981,228.128,-141.502,242.698,302.673,-117.142,-143.182,-66.0316,-49.4323,-57.2854,-181.649,35.786,0,0,0,0
15347,235561103,2928,-158.731254,-365.453,213.055,-193.782,249.009,358.135,-111.336,-120.034,-39.6035,-16.1626,-48.4053,-133.756,49.6027,0,0,0,0
15348,235591800,2928,-237.485593,-414.916,219.978,-182.243,244.609,381.721,-143.662,-116.883,-33.4665,-46.2534,-56.8402,-132.633,43.1023,0,0,0,0
15349,235622499,2929,-403.783213,-410.477,216.957,-206.587,248.091,350.113,-126.802,-102.937,-88.9097,-56.2224,-107.787,-147.992,28.7711,0,0,0,0
15350,235653200,2929,-618.078620,-493.03,195.823,-233.94,267.569,339.759,-130.127,-118.724,-89.9202,-122.732,-116.698,-146.853,30.7937,0,0,0,0
15351,235683903,2930,-598.597160,-523.682,205.854,-240.175,288.049,277.344,-97.3898,-106.121,-44.5665,-106.907,-104.328,-142.976,-3.69758,0,0,0,0
15352,235714608,2930,-493.170964,-532.325,207.772,-190.592,282.579,323.794,-93.6593,-106.701,-58.1527,-109.083,-107.455,-113.15,3.80117,0,0,0,0
15353,235745315,2930,-509.171953,-531.066,178.746,-177.778,302.112,368.184,-162.733,-130.755,-55.7333,-60.9713,-101.638,-131.589,-5.95051,0,0,0,0
15354,235776024,2931,-434.351796,-500.799,179.716,-191.142,289.76,354.827,-135.19,-106.953,-29.5977,-31.4744,-100.957,-141.872,-20.6699,0,0,0,0
15355,235806735,2931,-440.426859,-527.631,161.742,-148.278,280.11,344.277,-118.331,-82.7409,-44.7551,-68.1122,-82.2738,-125.003,-29.4316,0,0,0,0
15356,235837448,2931,-580.846782,-591.453,152.655,-136.592,277.87,319.848,-129.471,-105.931,-76.5552,-104.765,-24.347,-150.761,-11.3448,0,0,0,0
15357,235868163,2932,-694.953134,-563.375,130.732,-99.8491,240.334,293.298,-90.548,-121.652,-86.7053,-81.0983,-56.6194,-194.882,-64.5874,0,0,0,0
15358,235898880,2932,-710.051991,-568.287,151.698,-72.9978,195.852,292.993,-137.818,-92.7125,-123.145,-71.9746,-28.3374,-215.75,-39.5724,0,0,0,0
15359,235929599,2933,-755.215927,-573.299,173.718,-102.145,189.551,240.691,-83.2776,-126.561,-136.794,-75.6993,-14.547,-222.37,-24.4833,0,0,0,0
15360,235960320,2933,-721.914463,-528.301,137.735,-53.3591,185.123,261.131,-111.359,-123.355,-151.167,-88.8905,-32.2252,-216.548,-0.697982,0,0,0,0
15361,235991043,2933,-809.281261,-546.402,150.808,-94.5139,162.755,296.822,-143.567,-146.755,-118.748,-91.5499,-60.0786,-187.097,-30.9555,0,0,0,0
15362,236021768,2934,-841.765180,-514.495,114.767,-102.676,196.503,300.327,-136.837,-157.542,-95.6151,-144.433,-55.0582,-175.61,-71.0965,0,0,0,0
15363,236052495,2934,-743.729069,-504.686,139.892,-119.665,218.014,342.832,-150.045,-148.332,-82.3439,-141.473,-67.4481,-176.143,-54.331,0,0,0,0
15364,236083224,2935,-737.031344,-516.868,144.904,-119.949,260.815,304.519,-127.317,-117.189,-100.142,-110.097,-105.809,-201.757,-48.1414,0,0,0,0
15365,236113955,2935,-709.345691,-556.149,158.971,-117.888,248.378,342.202,-137.467,-123.382,-65.9353,-65.2311,-108.282,-212.964,-71.5976,0,0,0,0
15366,236144688,2935,-643.533899,-528.422,180.036,-81.0629,218.116,341.764,-180.739,-104.382,-24.5971,-49.6281,-97.0295,-249.4,-68.1892,0,0,0,0
15367,236175423,2936,-531.512256,-508.793,192.155,-113.008,234.737,337.515,-152.884,-102.307,-16.3127,15.7737,-110.551,-230.241,-77.5968,0,0,0,0
15368,236206160,2936,-451.985901,-463.155,145.162,-85.076,201.468,317.13,-116.034,-90.238,20.8104,39.6719,-105.354,-258.933,-57.4385,0,0,0,0
15369,236236899,2936,-265.935526,-409.616,124.333,-90.1424,209.201,335.623,-80.9924,-57.889,0.586487,45.2661,-60.4007,-227.569,-54.3368,0,0,0,0
15370,236267640,2937,-332.243873,-410.068,111.392,-51.1017,168.871,408.37,-143.394,-94.9576,-2.63894,19.0579,-72.2498,-244.093,-21.4316,0,0,0,0
15371,236298383,2937,-313.729184,-433.619,89.5062,-70.0597,163.661,418.922,-136.613,-29.8864,1.13232,53.6502,-94.3209,-242.698,-33.404,0,0,0,0
15372,236329128,2938,-276.079878,-442.161,116.617,-23.0829,135.442,416.536,-124.572,-16.0208,-28.5997,16.1418,-53.6344,-225.05,-47.6965,0,0,0,0
15373,236359875,2938,-499.077058,-491.802,109.784,-132.992,200.106,355.21,-130.852,-13.8818,-36.3212,28.0352,-97.4632,-216.425,-72.4741,0,0,0,0
15374,236390624,2938,-604.540356,-520.434,96.8372,-104.963,152.005,285.76,-123.004,-19.7409,-28.763,32.5506,-67.0307,-250.222,-57.5349,0,0,0,0
15375,236421375,2939,-534.666921,-506.164,113.056,-120.763,224.665,202.686,-51.3438,-48.8091,14.582,29.9652,-55.5744,-263.141,-73.8256,0,0,0,0
15376,236452128,2939,-570.276832,-515.886,108.162,-76.7994,200.616,219.105,-47.3089,-76.8763,-47.8676,22.9251,-32.6358,-232.601,-91.1094,0,0,0,0
15377,236482883,2940,-530.230397,-510.707,109.322,-65.606,211.331,231.9,-84.4672,-60.8063,-51.8135,47.7231,-34.1492,-246.135,-76.823,0,0,0,0
15378,236513640,2940,-675.391768,-558.519,110.48,-121.535,248.159,216.57,-34.7483,-103.33,-63.7445,18.3858,-47.5011,-243.907,-95.7024,0,0,0,0
15379,236544399,2940,-484.454003,-543.429,99.6936,-116.289,261.05,222.301,-10.9642,-64.4688,-47.9854,64.4278,-56.967,-226.278,-65.5444,0,0,0,0
15380,236575160,2941,-314.206766,-511.331,129.794,-100.168,276.873,172.092,43.88,-60.2648,-45.7811,45.5434,-40.853,-189.728,-34.2639,0,0,0,0
15381,236605923,2941,-235.744487,-521.331,126.059,-85.987,296.636,203.754,13.9118,-51.4652,-80.0136,51.2059,0.108001,-185.575,-3.04771,0,0,0,0
15382,236636688,2941,-234.460782,-502.323,117.212,-68.8134,272.634,166.418,41.6927,-32.2661,-83.9546,73.8391,-18.1697,-167.349,-33.3813,0,0,0,0
15383,236667455,2942,-197.221953,-450.414,125.42,-104.468,312.396,170.334,15.3435,-56.0612,-56.8249,68.5709,-23.4359,-203.308,5.22533,0,0,0,0
15384,236698224,2942,-241.432117,-481.495,138.625,-120.358,337.328,170.867,21.4398,-40.0634,-63.4141,19.5382,-17.3981,-212.675,6.17381,0,0,0,0
15385,236728995,2943,-259.088279,-459.675,148.885,-127.077,304.202,161.587,27.2772,-22.0672,-51.8577,-23.1181,-6.36268,-213.783,2.90236,0,0,0,0
15386,236759768,2943,-324.390806,-485.847,137.032,-113.802,253.191,147.435,34.0561,-28.5262,-23.8733,-9.37805,9.45883,-244.555,0.417524,0,0,0,0
15387,236790543,2943,-119.719857,-452.117,134.344,-51.4687,261.062,151.155,46.0238,-30.8063,-7.96687,43.5937,-11.6669,-217.579,15.7059,0,0,0,0
15388,236821320,2944,-176.952589,-468.378,131.544,-54.2014,258.985,147.871,16.7923,-27.8051,12.1658,2.85638,9.83147,-200.801,-5.81328,0,0,0,0
15389,236852099,2944,-120.684430,-438.739,120.799,-53.8752,262.028,166.462,-24.981,-27.5386,34.3533,19.04,15.9529,-203.231,9.04583,0,0,0,0
15390,236882880,2944,-265.304706,-472.09,115.051,-122.557,307.948,132.363,-9.27426,-36.6118,2.0606,50.8515,0.608093,-228.425,-5.2283,0,0,0,0
15391,236913663,2945,-211.953684,-490.54,94.3574,-88.1215,289.81,162.332,6.43657,-54.4785,22.9772,75.1215,22.5703,-267.547,15.1285,0,0,0,0
15392,236944448,2945,-58.220084,-452.981,95.5516,-64.8674,257.961,152.852,44.5249,-44.1448,66.0217,91.2264,6.13311,-230.912,20.4141,0,0,0,0
15393,236975235,2946,28.572276,-406.521,87.9107,-29.383,240.876,103.564,114.295,-23.0881,66.9349,51.2611,8.03656,-189.634,4.32024,0,0,0,0
15394,237006024,2946,128.444988,-416.052,116.157,-28.0765,219.966,110.337,133.389,-8.81976,31.2781,64.9321,16.1513,-137.566,26.7488,0,0,0,0
15395,237036815,2946,159.374978,-414.682,98.4587,-34.4838,225.877,126.295,106.095,8.97084,33.7549,67.6451,37.9546,-149.757,53.2461,0,0,0,0
15396,237067608,2947,244.879100,-405.303,100.757,-38.1847,235.959,176.252,94.9289,-3.69644,53.5986,53.3094,27.5526,-125.031,74.7354,0,0,0,0
15397,237098403,2947,238.918785,-400.023,76.1112,-13.7135,234.924,100.832,120.888,17.4251,51.2194,61.4179,45.8529,-159.146,103.131,0,0,0,0
15398,237129200,2948,220.613351,-426.734,72.3523,17.8083,177.004,161.785,136.719,10.4257,27.9139,33.455,86.064,-181.021,104.842,0,0,0,0
15399,237159999,2948,265.779100,-372.543,112.758,-30.7259,167.086,176.74,126.617,-20.5871,31.9716,5.03522,111.276,-153.377,111.528,0,0,0,0
15400,237190800,2948,219.075762,-411.344,107.052,-64.2115,210.158,127.439,171.508,-33.3258,8.52299,34.5217,93.2219,-154.842,130.376,0,0,0,0
15401,237221603,2949,245.168046,-378.244,95.4,-69.6958,220.233,177.076,127.724,-53.1944,36.722,30.4137,116.036,-170.714,113.412,0,0,0,0
15402,237252408,2949,311.983747,-352.134,50.7456,20.8132,175.422,174.151,109.362,-22.1376,52.9077,22.8236,103.325,-155.822,132.527,0,0,0,0
15403,237283215,2949,200.322012,-373.124,62.1463,10.4944,188.434,155.91,76.3166,-52.9473,90.5341,-10.1305,110.032,-155.515,98.1704,0,0,0,0
15404,237314024,2950,127.766472,-357.105,33.4342,24.939,173.677,160.731,20.3354,-34.7542,77.8061,-36.4708,103.8,-143.307,104.68,0,0,0,0
15405,237344835,2950,205.506172,-376.184,71.8871,39.6128,164.742,118.488,82.288,-26.8321,50.9249,-53.9924,99.0405,-112.062,147.594,0,0,0,0
15406,237375648,2951,260.636489,-393.254,107.227,14.1087,163.921,115.366,80.3087,-30.7097,57.4791,-12.3294,99.2106,-88.3555,147.664,0,0,0,0
15407,237406463,2951,143.314052,-407.424,74.6226,-8.10801,188.985,131.561,60.0119,-22.4461,29.5348,-45.4734,113.256,-84.3651,113.16,0,0,0,0
15408,237437280,2951,30.845436,-384.584,58.0151,-19.5629,187.217,149.125,60.151,-32.3263,-15.9138,-69.8147,102.156,-162.575,158.959,0,0,0,0
15409,237468099,2952,1.475615,-419.843,77.4626,-49.9012,222.391,152.063,46.1033,-15.3366,-32.5096,-27.1784,69.881,-177.749,156.092,0,0,0,0
15410,237498920,2952,-0.696099,-420.094,70.7974,-35.19,214.563,111.939,85.0558,15.9213,-44.3171,-66.7393,95.6974,-160.23,131.901,0,0,0,0
15411,237529743,2953,7.498486,-393.443,44.2972,4.5229,197.734,126.815,26.9446,6.10639,-18.6935,-43.6303,91.114,-193.097,158.828,0,0,0,0
15412,237560568,2953,131.154096,-346.783,39.6843,45.1701,160.017,176.874,17.8302,31.0968,-17.2824,-70.2919,80.8399,-178.029,192.028,0,0,0,0
15413,237591395,2953,327.190410,-270.222,21.1264,62.9318,163.243,188.679,56.8405,69.1517,-22.1601,-76.6336,75.362,-153.244,212.116,0,0,0,0
15414,237622224,2954,447.137652,-284.652,-1.43417,140.631,141.462,220.552,65.9861,99.2725,-7.68629,-102.521,116.08,-159.93,219.377,0,0,0,0
15415,237653055,2954,474.581527,-243.181,18.0602,119.502,148.685,272.547,23.6789,64.5968,10.7219,-80.6511,73.5487,-166.216,233.29,0,0,0,0
15416,237683888,2954,439.062763,-275.701,64.4419,80.1937,169.077,233.535,1.6885,89.6489,33.1294,-74.38,78.7557,-198.262,236.935,0,0,0,0
15417,237714723,2955,487.688864,-250.32,49.9885,146,125.174,217.399,-20.1085,91.6311,8.60923,-24.4301,72.2697,-154.385,225.861,0,0,0,0
15418,237745560,2955,632.048759,-259.93,43.4225,201.8,109.564,266.33,-29.3522,109.293,6.94263,-10.2485,108.233,-112.159,198.153,0,0,0,0
15419,237776399,2956,653.992154,-281.638,66.9115,218.716,120.896,256.254,-43.4112,113.938,23.4169,1.63549,89.2658,-153.508,241.517,0,0,0,0
15420,237807240,2956,614.711340,-299.338,58.3978,239.45,107.16,215.177,-43.3357,90.1877,39.0371,16.8953,99.6074,-158.202,249.674,0,0,0,0
15421,237838083,2956,731.259160,-266.137,78.939,234.359,94.4257,262.162,-36.267,82.3073,64.8046,6.38143,76.8893,-154.08,287.475,0,0,0,0
15422,237868928,2957,718.014508,-247.927,55.3676,274.203,100.865,246.082,-67.3879,99.6262,47.855,18.864,19.611,-128.866,299.721,0,0,0,0
15423,237899775,2957,911.541930,-200.815,88.9611,291.22,78.0684,249.194,-56.6312,79.0195,77.6904,34.751,22.3583,-55.0686,302.794,0,0,0,0
15424,237930624,2958,1084.941042,-185.695,98.442,264,111.502,259.044,-16.3092,96.8604,108.019,38.4785,37.7774,-13.6673,286.489,0,0,0,0
15425,237961475,2958,1070.190167,-160.673,78.9778,246.009,155.818,273.087,-44.369,90.047,117.428,24.6623,19.12,-36.1179,306.202,0,0,0,0
15426,237992328,2958,1073.076460,-128.643,113.511,179.898,157.308,224.942,15.5726,86.2321,120.829,36.6981,10.451,-32.8095,289.087,0,0,0,0
15427,238023183,2959,1142.555939,-129.711,92.0991,202.901,164.621,185.046,33.6431,95.3489,120.515,11.1271,63.9527,6.6615,296.352,0,0,0,0
15428,238054040,2959,1181.457738,-116.77,131.575,162.896,188.045,173.145,20.4554,120.665,158.359,12.0564,57.4453,1.87494,271.71,0,0,0,0
15429,238084899,2959,1130.159337,-115.928,116.215,163.836,181.47,216.116,26.647,93.7173,143.9,11.7128,41.5819,-3.25305,254.144,0,0,0,0
15430,238115760,2960,1234.886210,-99.0776,131.743,156.882,208.831,206.214,39.5898,92.8963,173.379,49.827,22.9063,3.72287,247.971,0,0,0,0
15431,238146623,2960,1260.709013,-81.3256,128.325,124.988,218.314,235.19,-8.40579,128.079,177.709,75.6315,38.7257,-15.4082,238.886,0,0,0,0
15432,238177488,2961,1266.335832,-49.5648,119.905,117.913,267.788,208.094,10.5894,101.057,172.044,88.4129,16.8267,-44.0965,257.367,0,0,0,0
15433,238208355,2961,1352.100126,-24.9027,118.54,158.068,232.204,238.124,24.6541,80.5074,148.305,93.1472,28.952,-40.2074,294.709,0,0,0,0
15434,238239224,2961,1336.037857,-40.2318,88.0627,162.044,244.795,304.342,-48.4728,64.82,158.85,88.4838,67.1991,-16.8312,262.977,0,0,0,0
15435,238270095,2962,1335.079905,-20.6596,73.7499,155.308,245.089,251.248,-17.22,65.7291,174.896,114.652,84.4338,-54.1187,261.973,0,0,0,0
15436,238300968,2962,1304.355438,4.92144,28.3245,152.278,268.732,227.272,-9.34916,42.9127,175.795,119.679,90.9772,-60.8253,263.639,0,0,0,0
15437,238331843,2962,1420.032218,6.40375,62.9541,185.477,254.138,246.295,-37.1603,73.2268,188.198,78.8676,116.345,-39.6033,284.89,0,0,0,0
15438,238362720,2963,1478.187904,34.8949,58.581,136.612,254.659,329.446,-61.1656,78.2681,195.465,69.8897,129.285,-52.1211,304.373,0,0,0,0
15439,238393599,2963,1494.537755,12.2873,58.2628,148.806,256.242,315.598,-59.165,109.448,198.582,39.9268,140.627,-52.3236,326.246,0,0,0,0
15440,238424480,2964,1532.145141,40.6886,58.832,155.99,234.697,320.427,-42.9143,84.7564,207.05,53.5155,128.665,-38.9361,329.373,0,0,0,0
15441,238455363,2964,1405.965905,19.9911,94.5661,78.1192,273.333,304.572,-45.1792,91.0029,147.884,62.6945,130.404,-39.4535,288.031,0,0,0,0
15442,238486248,2964,1352.207753,61.3025,115.188,95.3562,224.963,302.531,-41.9264,77.115,183.358,56.6405,100.151,-108.5,286.03,0,0,0,0
15443,238517135,2965,1233.426881,39.5152,100.864,49.7077,243.358,309.923,-10.8711,34.1554,164.254,67.5079,119.325,-154.898,270.585,0,0,0,0
15444,238548024,2965,1280.887808,22.7367,103.538,77.8232,268.162,268.939,7.99883,47.465,180.876,68.9999,141.037,-169.505,262.819,0,0,0,0
15445,238578915,2966,1361.895080,12.8595,92.2665,128.167,248.608,256.015,40.113,66.9145,166.135,58.4024,164.847,-152.368,279.936,0,0,0,0
15446,238609808,2966,1158.843752,-14.0089,98.8826,96.3912,214.289,279.215,4.17236,25.9525,185.746,65.4371,124.825,-179.163,257.104,0,0,0,0
15447,238640703,2966,1266.954523,3.02396,83.6635,92.7876,245.853,282.418,38.1002,28.06,209.009,36.313,84.2556,-131.603,295.074,0,0,0,0
15448,238671600,2967,1387.864282,49.0657,86.3319,151.003,241.468,308.488,54.4737,23.3049,218.198,17.794,63.9833,-139.046,312.8,0,0,0,0
15449,238702499,2967,1527.122884,60.0087,99.0552,142.393,231.204,332.433,76.4593,40.5476,249.944,44.301,75.2575,-121.996,297.517,0,0,0,0
15450,238733400,2967,1467.846572,72.9606,90.7758,128.717,229.816,299.819,88.3856,41.786,234.996,50.7758,37.126,-124.856,317.545,0,0,0,0
15451,238764303,2968,1474.249269,47.8137,99.5513,136.158,215.37,321.886,92.4994,14.756,227.393,27.1048,82.4769,-119.065,328.305,0,0,0,0
15452,238795208,2968,1438.752028,45.6757,94.2143,160.475,190.273,233.893,158.681,38.1309,221.081,17.9157,100.117,-115.512,293.807,0,0,0,0
15453,238826115,2969,1436.869925,42.4389,101.042,189.908,159.82,267.143,145.795,27.3689,212.195,52.0089,98.6384,-115.465,255.976,0,0,0,0
15454,238857024,2969,1464.729383,51.211,97.7573,168.278,191.543,293.27,114.972,17.3389,215.594,44.1177,112.365,-103.164,261.448,0,0,0,0
15455,238887935,2969,1416.769015,48.8844,77.5275,234.819,173.326,266.65,99.8982,45.7885,218.208,22.9964,113.578,-133.524,248.617,0,0,0,0
15456,238918848,2970,1370.648310,17.5666,63.295,203.181,189.98,264.521,126.135,32.9545,196.319,21.7692,137.261,-123.24,240.906,0,0,0,0
15457,238949763,2970,1408.743002,-13.8499,33.1174,274.658,163.698,263.831,157.182,46.0562,216.936,38.7985,126.545,-129.015,230.784,0,0,0,0
15458,238980680,2971,1573.676344,35.7425,-2.17282,306.185,147.53,249.017,247.424,78.2272,199.334,44.3696,151.576,-90.8153,207.259,0,0,0,0
15459,239011599,2971,1505.928032,-2.76391,46.7019,276.715,166.243,265.202,182.536,55.4639,186.729,28.4752,140.782,-64.6838,224.528,0,0,0,0
15460,239042520,2971,1435.858836,-41.2615,31.4639,277.177,164.069,240.509,208.455,22.9061,211.704,33.2643,152.583,-81.4716,216.461,0,0,0,0
15461,239073443,2972,1410.984768,-59.8577,71.281,277.756,180.776,193.498,184.818,22.1429,185.317,56.1363,137.992,-42.7484,203.874,0,0,0,0
15462,239104368,2972,1418.040768,-60.4451,80.0953,327.213,181.597,169.928,190.605,54.3138,174.072,38.1591,123.873,-68.685,207.313,0,0,0,0
15463,239135295,2972,1345.073205,-60.1312,93.9646,268.958,193.361,161.107,226.589,51.5479,157.254,32.1785,123.24,-65.5789,162.583,0,0,0,0
15464,239166224,2973,1496.077322,-17.8085,80.7212,321.408,169.296,161.405,226.015,61.6479,177.649,57.3668,110.197,8.51225,139.668,0,0,0,0
15465,239197155,2973,1304.944914,-81.5845,64.6428,322.088,127.994,171.455,207.119,37.1529,141.05,61.6924,140.017,-46.7846,160.103,0,0,0,0
15466,239228088,2974,1265.312254,-72.3517,69.4517,309.647,119.985,183.88,151.036,5.1171,143.592,77.6401,137.172,-12.4249,152.568,0,0,0,0
15467,239259023,2974,1264.723409,-82.2175,93.3156,274.378,154.74,195.051,131.268,6.35172,131.203,65.3695,160.399,-5.19942,140.063,0,0,0,0
15468,239289960,2974,1410.492711,-62.0745,134.177,227.986,171.606,216.158,146.501,15.5858,157.313,80.5373,183.213,-25.6486,165.138,0,0,0,0
15469,239320899,2975,1462.788008,-82.0303,123.093,268.596,190.532,210.453,130.729,41.8854,178.639,72.794,184.943,-10.2909,153.444,0,0,0,0
15470,239351840,2975,1465.412623,-66.9772,106.896,261.371,147.394,218.681,144.771,49.1859,203.176,51.7324,172.334,44.6227,132.226,0,0,0,0
15471,239382783,2976,1356.204822,-112.023,145.865,207.089,118.259,226.165,144.749,70.4226,193.577,30.3695,153.3,46.8382,131.593,0,0,0,0
15472,239413728,2976,1356.535075,-96.0595,158.721,190.742,121.233,215.2,144.298,94.5849,191.259,23.9448,105.117,73.1303,134.364,0,0,0,0
15473,239444675,2976,1331.971358,-98.195,136.631,199.567,127.092,194.552,152.269,83.8808,189.368,24.6344,68.3618,111.437,142.373,0,0,0,0
15474,239475624,2977,1447.168697,-53.3216,149.539,230.215,110.124,219.903,164.368,86.1139,213.124,-18.6401,88.1194,91.9743,165.649,0,0,0,0
15475,239506575,2977,1561.894205,-25.547,132.502,285.148,87.9782,247.189,169.342,115.617,190.231,-2.61057,91.987,122.109,147.947,0,0,0,0
15476,239537528,2977,1606.436380,-27.7635,127.353,286.788,67.0039,210.662,213.765,119.781,228.486,44.7171,113.326,61.972,160.346,0,0,0,0
15477,239568483,2978,1578.082453,-33.0787,135.368,348.658,19.9112,226.756,161.988,148.941,182.953,41.8843,106.206,101.939,136.557,0,0,0,0
15478,239599440,2978,1552.241326,-10.3851,116.271,345.463,-0.0661488,240.102,152.958,152.443,182.276,50.3594,68.6532,104.495,149.672,0,0,0,0
15479,239630399,2979,1516.383114,-41.7901,114.228,368.385,-19.1013,217.571,143.058,176.673,178.815,34.8522,123.44,63.3747,156.878,0,0,0,0
15480,239661360,2979,1533.371608,-20.1864,106.183,341.183,-17.0859,217.847,147.342,195.629,193.209,32.035,106.47,82.0922,148.654,0,0,0,0
15481,239692323,2979,1619.786099,-12.6813,99.1931,290.039,21.9315,234.062,143.565,228.993,189.6,43.9822,109.161,114.646,157.295,0,0,0,0
15482,239723288,2980,1570.255015,-39.1674,122.09,301.946,16.0039,240.528,118.662,194.353,206.068,44.5269,87.0214,107.505,170.717,0,0,0,0
15483,239754255,2980,1484.858921,-99.7522,106.152,364.911,-44.9809,227.864,142.754,201.315,182.955,41.101,114.34,100.627,147.571,0,0,0,0
15484,239785224,2981,1375.103221,-124.328,109.102,370.754,-52.9149,241.076,161.104,181.878,139.784,48.2745,99.5425,36.8796,163.951,0,0,0,0
15485,239816195,2981,1524.831174,-63.0028,105.106,401.769,-64.9075,248.532,207.327,185.832,161.607,39.667,134.04,-7.18135,176.043,0,0,0,0
15486,239847168,2981,1541.161408,-78.6686,109.108,364.663,20.2743,203.742,247.482,153.327,143.639,66.6946,136.339,-7.62919,182.189,0,0,0,0
15487,239878143,2982,1464.198811,-100.433,81.1648,352.73,19.1612,177.451,246.578,173.764,192.038,72.5789,101.602,-7.57984,155.144,0,0,0,0
15488,239909120,2982,1448.687810,-132.189,49.109,430.673,-18.6039,184.528,236.986,189.914,169.929,49.6719,134.218,-13.1837,167.634,0,0,0,0
15489,239940099,2982,1444.242263,-133.043,60.2179,442.676,-9.48643,155.921,255.076,167.073,195.321,43.1391,116.504,-22.3809,173.225,0,0,0,0
15490,239971080,2983,1475.713681,-128.889,85.2143,439.67,-26.4322,184.313,232.423,183.365,216.924,89.865,64.8606,-22.5134,156.913,0,0,0,0
15491,240002063,2983,1635.833880,-142.833,144.266,421.839,-29.2576,226.827,266.448,186.66,224.824,105.335,58.9059,12.939,159.882,0,0,0,0
15492,240033048,2984,1699.734869,-127.768,171.314,420.769,-23.0326,193.214,278.603,215.088,194.426,134.43,74.6828,21.4859,146.523,0,0,0,0
15493,240064035,2984,1695.034370,-105.802,183.418,436.929,-47.9844,184.536,265.071,210.308,160.104,139.522,92.487,30.8694,145.576,0,0,0,0
15494,240095024,2984,1670.178672,-95.8277,187.409,449.969,-55.7011,155.984,260.16,215.399,161.21,148.007,53.4637,46.3215,143.784,0,0,0,0
15495,240126015,2985,1455.661069,-154.952,171.564,459.181,-73.7153,138.558,277.377,234.554,124.746,75.4236,78.8827,-13.6174,137.658,0,0,0,0
15496,240157008,2985,1385.928060,-182.067,149.608,472.213,-76.3806,168.875,241.524,244.25,124.216,69.8124,81.6789,-46.315,138.513,0,0,0,0
15497,240188003,2986,1493.932292,-174.281,171.706,486.361,-70.1616,213.191,212.93,235.675,133.456,82.8313,103.338,-44.012,142.898,0,0,0,0
15498,240219000,2986,1467.646417,-164.486,169.801,509.559,-57.0674,177.824,229.014,221.76,123.997,51.4613,94.1578,-42.476,154.101,0,0,0,0
15499,240249999,2986,1588.061680,-107.789,141.952,536.758,-87.7336,166.077,302.289,194.049,125.455,49.9522,91.0209,-9.69884,185.731,0,0,0,0
15500,240281000,2987,1535.530847,-128.084,129.99,505.948,-81.5263,158.639,261.498,237.2,132.063,42.4984,89.4402,-2.47565,190.341,0,0,0,0
15501,240312003,2987,1625.944385,-53.4776,131.192,535.14,-84.378,182.075,219.771,227.622,137.386,58.6692,102.798,-5.58886,174.736,0,0,0,0
15502,240343008,2988,1584.770834,-41.8622,119.282,542.325,-118.996,137.51,306.984,179.913,129.777,44.2953,91.4508,6.95048,187.142,0,0,0,0
15503,240374015,2988,1545.666278,-65.3456,108.427,553.739,-121.79,135.139,300.132,151.404,168.027,43.3859,98.2404,-25.6662,199.972,0,0,0,0
15504,240405024,2988,1623.984813,-97.8201,135.57,526.803,-74.4138,77.3783,347.525,173.551,204.694,35.876,99.6786,1.72329,193.42,0,0,0,0
15505,240436035,2989,1873.220922,-42.3934,120.767,556.21,-23.2151,134.937,320.736,173.176,216.805,72.0956,110.906,18.8536,214.345,0,0,0,0
15506,240467048,2989,1837.578477,-39.9577,96.8515,589.439,-59.7816,143.494,322.944,184.058,256.551,65.2149,54.2025,20.392,204.171,0,0,0,0
15507,240498063,2989,1783.207328,-24.6208,124.101,597.841,-102.586,138.926,330.214,172.543,228.94,43.7606,44.073,26.0146,204,0,0,0,0
15508,240529080,2990,1873.997821,1.72495,123.238,546.12,-69.2193,158.603,328.357,151.762,264.474,48.1549,72.9823,20.8952,226.906,0,0,0,0
15509,240560099,2990,1987.323760,0.972042,120.43,598.457,-91.8509,235.901,308.009,104.185,262.644,95.4771,57.4699,74.431,221.198,0,0,0,0
15510,240591120,2991,2135.310780,-37.772,146.619,608.844,-71.5475,247.455,317.153,141.463,281.247,122.517,100.655,71.1552,207.523,0,0,0,0
15511,240622143,2991,2148.784628,-24.6148,140.863,613.233,-87.1813,216.131,355.227,115.818,303.923,95.619,108.604,104.704,206.459,0,0,0,0
15512,240653168,2991,2278.634294,32.5513,167.994,645.614,-125.765,176.612,377.621,109.237,319.817,123.455,121.187,113.92,216.391,0,0,0,0
15513,240684195,2992,2293.192260,50.6186,194.291,642.051,-135.466,220.033,360.142,101.109,293.703,125.172,147.901,90.2866,203.351,0,0,0,0
15514,240715224,2992,2385.428615,105.695,169.475,666.427,-151.933,229.703,320.153,127.802,309.95,120.652,159.491,127.431,200.583,0,0,0,0
15515,240746255,2993,2289.043467,72.6724,119.713,685.03,-169.637,203.186,308.481,153.082,282.264,138.508,129.834,111.212,254.697,0,0,0,0
15516,240777288,2993,2409.975522,75.6588,109.949,694.341,-157.111,176.603,353.872,167.567,260.869,201.152,148.315,132.015,246.744,0,0,0,0
15517,240808323,2993,2383.137923,65.5465,90.2402,689.881,-168.761,192.266,313.263,227.709,266.186,176.837,142.28,126.728,260.962,0,0,0,0
15518,240839360,2994,2526.913417,149.443,84.4186,686.356,-154.297,153.741,367.528,239.259,293.856,156.232,135.179,166.277,248.922,0,0,0,0
15519,240870399,2994,2525.190788,142.241,85.7618,656.948,-122.772,118.471,393.603,230.277,324.248,145.558,167.294,149.314,234.247,0,0,0,0
15520,240901440,2994,2450.116581,138.048,99.9924,600.416,-130.374,107.88,411.983,255.553,285.988,156.197,146.933,145.937,231.564,0,0,0,0
15521,240932483,2995,2243.728669,85.7555,101.278,598,-147.916,123.538,364.439,241.17,285.731,115.366,139.598,130.559,206.211,0,0,0,0
15522,240963528,2995,2349.085014,95.4724,134.561,633.52,-178.282,144.137,345.442,233.516,303.622,124.161,195.7,120.116,197.121,0,0,0,0
15523,240994575,2996,2436.742932,130.091,128.899,581.212,-168.945,195.732,339.959,228.525,320.218,152.62,164.492,149.162,214.779,0,0,0,0
15524,241025624,2996,2386.854652,90.7175,119.124,596.726,-182.319,192.39,345.219,240.344,342.459,141.567,160.918,125.054,214.655,0,0,0,0
15525,241056675,2996,2437.288653,71.2459,124.514,681.353,-196.81,170.916,391.798,240.285,314.993,162.879,139.265,144.595,192.256,0,0,0,0
15526,241087728,2997,2477.039592,62.783,103.791,660.975,-211.306,227.57,368.056,246.699,375.311,136.298,124.003,183.39,199.469,0,0,0,0
15527,241118783,2997,2624.901824,63.2215,121.124,708.711,-193.799,207.287,380.123,237.04,387.907,189.136,147.172,166.513,210.466,0,0,0,0
15528,241149840,2998,2637.245533,126.669,97.4533,762.325,-202.242,212.874,352.569,206.248,394.436,215.685,138.984,177.223,155.022,0,0,0,0
15529,241180899,2998,2613.815026,130.017,97.8379,787.998,-268.624,231.397,334.014,201.596,383.11,209.618,174.323,147.678,184.849,0,0,0,0
15530,241211960,2998,2549.182087,140.375,85.11,747.72,-260.949,255.046,318.145,188.141,378.139,199.858,161.201,113.655,222.74,0,0,0,0
15531,241243023,2999,2362.622065,107.634,81.5468,708.501,-252.512,166.817,368.588,207.278,355.663,155.477,174.869,80.5181,208.243,0,0,0,0
15532,241274088,2999,2245.620310,119.901,89.8711,695.102,-270.726,191.337,309.97,195.826,343.909,177.906,134.283,54.9137,203.328,0,0,0,0
15533,241305155,2999,2150.635757,110.07,114.25,637.99,-256.176,177.98,307.286,175.032,332.646,189.127,117.851,25.1214,219.459,0,0,0,0
15534,241336224,3000,2152.455908,98.2481,138.627,604.643,-219.572,241.558,258.794,186.507,325.168,152.072,94.9829,19.4083,252.019,0,0,0,0
15535,241367295,3000,2079.266986,69.3273,90.0583,597.582,-216.965,246.515,272.792,200.92,328.709,149.234,95.8394,30.0543,215.201,0,0,0,0
15536,241398368,3001,1995.800529,50.4152,90.3772,619.284,-234.189,233.025,265.423,181.19,305.805,98.326,70.4246,102.743,212.976,0,0,0,0
15537,241429443,3001,1913.459071,42.4045,76.8609,624.102,-296.649,249.666,306.799,170.601,306.476,67.0237,65.3922,58.2273,242.555,0,0,0,0
15538,241460520,3001,2166.129615,95.4026,105.232,617.97,-261.934,276.365,313.988,181.938,310.137,110.655,111.083,52.4123,252.88,0,0,0,0
15539,241491599,3002,2197.749642,101.302,112.658,599.839,-264.217,282.125,306.301,194.479,303.309,101.269,120.46,89.9715,250.254,0,0,0,0
15540,241522680,3002,2080.583181,112.21,69.0815,612.7,-256.57,299.01,257.614,153.551,291.906,165.511,73.5942,68.1728,233.803,0,0,0,0
15541,241553763,3003,2147.318246,149.02,86.5598,564.562,-257.861,299.393,294.243,133.295,332.079,170.453,100.76,44.889,229.926,0,0,0,0
15542,241584848,3003,2189.597596,159.838,98.9255,588.474,-244.096,298.397,297.62,112.563,325.533,153.39,104.194,34.1803,260.579,0,0,0,0
15543,241615935,3003,2278.039278,174.558,131.456,612.501,-261.39,268.092,309.675,137.632,328.552,151.552,96.6595,92.5534,236.197,0,0,0,0
15544,241647024,3004,2376.726440,207.287,157.874,590.292,-261.572,291.719,277.239,179.24,369.795,168.722,101.082,49.7453,245.302,0,0,0,0
15545,241678115,3004,2186.208007,148.917,126.347,598.369,-265.872,277.408,260.739,163.643,375.037,150.249,71.9393,40.2355,239.197,0,0,0,0
15546,241709208,3004,2135.791930,132.556,177.817,579.211,-271.998,254.224,256.05,171.048,352.63,158.739,67.3985,54.9538,203.164,0,0,0,0
15547,241740303,3005,2084.120189,129.096,154.342,600.341,-316.361,267.85,257.481,176.383,342.083,153.423,49.1946,64.071,206.217,0,0,0,0
15548,241771400,3005,2179.331507,154.645,136.755,615.289,-317.433,264.593,269.853,174.447,349.823,174.073,61.8836,93.7816,201.622,0,0,0,0
15549,241802499,3006,2436.928985,171.095,123.332,676.297,-302.684,244.401,289.22,219.393,360.986,193.458,117.963,150.407,193.06,0,0,0,0
15550,241833600,3006,2432.953828,129.554,130.797,681.354,-269.938,254.084,243.848,228.525,380.653,199.617,119.688,143.533,191.239,0,0,0,0
15551,241864703,3006,2379.357509,87.9147,155.317,706.47,-312.071,270.082,215.834,259.068,328.76,212.085,100.652,173.066,182.179,0,0,0,0
15552,241895808,3007,2449.293116,105.284,150.834,688.464,-334.215,310.633,262.453,254.53,359.354,216.315,101.131,165.729,168.781,0,0,0,0
15553,241926915,3007,2428.963367,146.555,133.406,697.571,-300.414,274.499,243.015,221.593,327.084,240.319,67.3251,196.504,181.505,0,0,0,0
15554,241958024,3008,2410.103430,103.834,145.865,688.674,-304.439,263.242,242.382,243,350.682,214.328,58.5784,220.789,183.169,0,0,0,0
15555,241989135,3008,2524.933371,112.015,150.489,704.891,-296.702,223.043,266.685,269.328,340.918,255.499,96.162,216.015,186.59,0,0,0,0
15556,242020248,3008,2241.763303,71.2046,149.001,661.928,-284.675,219.904,221.987,260.002,316.444,238.913,60.1409,142.873,184.04,0,0,0,0
15557,242051363,3009,2201.802410,41.2956,154.568,645.138,-263.884,259.638,196.605,236.266,331.826,248.751,59.4105,139.665,152.523,0,0,0,0
15558,242082480,3009,2202.034265,33.3955,135.131,692.284,-305.919,215.561,257.97,223.73,343.211,250.902,50.2693,159.066,146.433,0,0,0,0
15559,242113599,3010,2049.137550,-17.6034,124.75,688.546,-297.953,167.483,231.208,250.929,341.942,254.991,-22.5955,178.583,148.856,0,0,0,0
15560,242144720,3010,2251.224321,27.4066,144.257,717.683,-263.114,140.212,248.888,272.799,345.182,256.687,47.1142,178.282,135.827,0,0,0,0
15561,242175843,3010,2345.899819,20.318,140.928,723.938,-257.154,158.942,276.44,268.93,348.846,256.091,64.5547,173.255,170.811,0,0,0,0
15562,242206968,3011,2266.959823,1.23818,134.486,717.128,-205.08,98.9232,289.547,243.194,348.582,246.478,87.6961,146.309,158.457,0,0,0,0
15563,242238095,3011,2227.270092,-50.9403,108.099,729.548,-227.242,174.713,219.228,259.581,364.891,242.932,81.3704,149.271,175.819,0,0,0,0
15564,242269224,3011,2046.894916,-59.1099,84.7101,782.674,-313.173,190.438,207.78,267.052,312.27,201.71,77.4865,161.059,133.997,0,0,0,0
15565,242300355,3012,2034.019500,-76.3782,79.3757,778.028,-263.284,237.347,173.878,248.514,319.933,239.266,80.1978,123.914,93.2278,0,0,0,0
15566,242331488,3012,2056.206089,-31.6377,81.9288,742.32,-267.219,179.196,266.817,215.843,336.597,239.117,47.2692,133.624,112.352,0,0,0,0
15567,242362623,3013,1851.888525,-74.9958,91.6467,766.669,-307.27,161.235,207.987,203.58,337.692,249.205,25.2788,135.508,55.3528,0,0,0,0
15568,242393760,3013,1891.880207,-100.345,71.252,806.011,-333.272,156.951,226.597,216.838,349.279,215.89,64.5486,154.722,63.4087,0,0,0,0
15569,242424899,3013,1877.812705,-99.793,75.9122,854.353,-349.093,145.919,270.886,180.094,352.876,244.438,45.1799,121.911,35.1286,0,0,0,0
15570,242456040,3014,1728.240546,-101.232,92.5698,750.746,-333.097,135.763,205.374,214.695,331.249,246.276,37.9202,105.897,42.0801,0,0,0,0
15571,242487183,3014,1668.863464,-89.7698,85.2822,711.197,-354.099,180.732,167.791,203.086,344.98,271.845,2.19406,101.692,43.9344,0,0,0,0
15572,242518328,3015,1775.330603,-80.2988,143.882,678.525,-350.871,146.633,220.278,238.547,327.94,247.448,19.7002,120.305,63.2424,0,0,0,0
15573,242549475,3015,1766.159929,-54.9263,116.647,723.025,-358.941,169.408,210.884,243.147,334.529,218.935,10.3327,92.6245,60.4938,0,0,0,0
15574,242580624,3015,1683.978964,-90.545,111.299,685.348,-349.716,164.371,191.303,251.466,318.192,234.766,-0.661097,109.311,58.8439,0,0,0,0
15575,242611775,3016,1739.149992,-59.2624,98.006,690.014,-314.727,148.46,198.655,243.727,318.564,248.397,0.703298,91.6043,75.0083,0,0,0,0
15576,242642928,3016,1631.821373,-103.971,80.7104,735.33,-345.51,108.229,237.2,220.254,320.226,249.716,-3.16689,49.2351,83.5702,0,0,0,0
15577,242674083,3016,1527.524818,-149.778,87.4697,778.875,-378.469,67.1845,230.804,215.575,323.751,240.388,-26.454,52.0979,86.0813,0,0,0,0
15578,242705240,3017,1698.474160,-161.577,102.116,799.412,-371.312,90.2075,238.221,202.17,350.125,253.774,13.1724,103.83,78.3343,0,0,0,0
15579,242736399,3017,1601.044552,-167.474,96.9279,809.952,-386.156,63.9764,219.759,149.694,338.641,265.487,19.8979,106.863,83.4743,0,0,0,0
15580,242767560,3018,1691.920582,-126.362,86.6269,793.482,-347.007,29.9906,289.367,161.15,332.739,270.861,25.1846,86.9064,88.9802,0,0,0,0
15581,242798723,3018,1723.903654,-141.349,89.3808,839.014,-352.796,70.8782,275.647,169.473,334.601,271.24,24.1473,41.8679,101.799,0,0,0,0
15582,242829888,3018,1713.372019,-129.327,71.132,855.597,-342.591,142.83,228.314,159.933,323.058,240.101,3.41909,46.8825,114.024,0,0,0,0
15583,242861055,3019,1761.772917,-100.403,94.9381,871.294,-320.502,130.034,215.733,150.188,312.576,223.48,18.0086,44.3582,122.069,0,0,0,0
15584,242892224,3019,1641.899145,-135.471,62.6317,844.812,-302.124,117.791,228.457,125.845,313.02,273.793,-27.7352,39.1435,101.737,0,0,0,0
15585,242923395,3020,1747.664970,-148.637,71.49,862.502,-286.984,124.738,235.802,146.231,301.532,276.577,-13.0997,45.7753,131.739,0,0,0,0
15586,242954568,3020,1756.369156,-170.795,65.2358,820.071,-268.728,120.809,235.341,150.689,306.982,274.949,2.86403,93.6285,125.322,0,0,0,0
15587,242985743,3020,1792.933276,-128.051,76.0365,795.87,-227.47,122.816,214.878,144.008,300.43,265.19,11.4236,78.0355,139.767,0,0,0,0
15588,243016920,3021,1873.558101,-116.299,88.8346,736.431,-204.221,184.948,235.159,143.938,254.805,308.122,36.8277,70.308,134.703,0,0,0,0
15589,243048099,3021,1660.643556,-171.645,51.6875,742.166,-214.97,203.824,197.077,152.052,208.462,290.275,41.8962,36.4353,123.383,0,0,0,0
15590,243079280,3022,1688.770707,-88.982,38.4279,734.893,-214.664,181.952,230.291,100.644,251.769,271.581,24.2892,-12.0155,170.585,0,0,0,0
15591,243110463,3022,1708.538115,-96.4178,40.333,759.68,-247.476,196.082,226.956,76.959,288.783,284.81,20.553,-5.73237,164.009,0,0,0,0
15592,243141648,3022,1580.403420,-134.845,60.1257,745.343,-239.058,193.892,249.356,76.4082,249.147,237.591,-19.3321,25.1344,136.641,0,0,0,0
15593,243172835,3023,1532.541913,-203.371,31.9732,805.178,-245.816,208.952,263.079,50.0677,263.605,233.203,-40.841,42.59,123.922,0,0,0,0
15594,243204024,3023,1687.897005,-210.887,19.8181,858.893,-256.46,212.076,274.616,39.3167,319.121,236.575,-44.3861,93.1456,146.068,0,0,0,0
15595,243235215,3023,1642.133939,-171.503,7.71782,841.779,-263.102,242.011,225.08,47.7643,320.491,227.807,-22.4504,56.6999,129.84,0,0,0,0
15596,243266408,3024,1726.690210,-93.1095,16.5051,931.545,-321.694,250.003,223.803,45.22,311.146,215.668,-18.0938,45.0622,120.636,0,0,0,0
15597,243297603,3024,1774.581634,-42.8148,23.457,843.367,-284.462,273.057,232.202,44.8725,320.59,211.043,-16.9031,75.1941,94.9788,0,0,0,0
15598,243328800,3025,1822.258144,-60.5113,9.29649,839.24,-264.997,252.112,256.729,89.5926,332.108,203.821,7.0269,47.1465,110.693,0,0,0,0
15599,243359999,3025,1779.341808,-54.3064,18.1908,784.172,-234.648,288.416,221.264,70.7728,307.27,173.423,16.9874,71.7606,116.04,0,0,0,0
15600,243391200,3025,1860.784625,-44.0926,26.0825,774.979,-245.249,324.34,206.912,64.4231,353.926,184.431,63.8967,42.7271,108.407,0,0,0,0
15601,243422403,3026,1732.437890,-118.978,45.0291,699.904,-206.848,319.267,236.636,40.0061,367.301,161.738,60.3446,62.8489,65.1897,0,0,0,0
15602,243453608,3026,1684.117023,-147.854,33.8632,666.763,-195.332,360.503,207.032,82.1861,353.167,200.507,54.2612,31.2071,37.8121,0,0,0,0
15603,243484815,3027,1622.978689,-154.828,6.86193,696.853,-197.994,365.613,190.494,69.6351,354.61,171.04,32.7405,44.4279,43.5241,0,0,0,0
15604,243516024,3027,1553.213802,-133.794,-1.25178,639.649,-192.484,357.784,172.149,74.4223,366.058,134.269,29.6945,45.0488,61.6689,0,0,0,0
15605,243547235,3027,1569.468813,-158.859,5.68939,594.731,-117.153,350.765,170.926,77.6655,388.57,145.114,43.8133,4.50753,63.6986,0,0,0,0
15606,243578448,3028,1730.058837,-102.914,14.6279,619.635,-137.587,380.056,167.195,106.448,381.151,160.423,32.5409,22.4493,86.0338,0,0,0,0
15607,243609663,3028,1803.079764,-79.0686,17.6213,583.712,-114.198,374.227,158.851,144.759,356.744,207.723,48.2602,-2.09338,106.543,0,0,0,0
15608,243640880,3029,1797.750860,-114.214,13.5022,576.723,-94.6984,345.202,217.432,152.138,341.464,192.579,29.5291,-8.72193,146.816,0,0,0,0
15609,243672099,3029,1958.880360,-70.4581,30.5478,627.678,-119.078,347.303,208.142,150.652,336.695,225.411,42.3275,22.097,157.563,0,0,0,0
15610,243703320,3029,1824.958910,-126.693,47.4809,597.797,-122.641,292.531,256.668,134.231,384.991,168.34,48.8982,4.88422,138.472,0,0,0,0
15611,243734543,3030,1749.127655,-122.027,23.4689,587.918,-61.1422,256.628,261.249,115.676,357.856,177.812,7.48417,6.58568,137.619,0,0,0,0
15612,243765768,3030,1669.966993,-152.352,2.45418,634.916,-62.5339,283.663,215.091,104.119,338.306,148.191,10.6801,25.4717,121.96,0,0,0,0
15613,243796995,3030,1702.638853,-163.776,-23.5056,682.086,-97.0424,267.82,243.671,140.698,331.742,159.714,-10.1484,9.99731,161.381,0,0,0,0
15614,243828224,3031,1797.257200,-190.191,5.4221,670.136,-83.3759,262.976,272.188,143.21,353.612,161.566,15.1323,3.92921,182.651,0,0,0,0
15615,243859455,3031,1924.655577,-142.704,18.5145,668.415,-75.9468,266.386,284.645,157.86,361.628,219.958,13.305,-33.5951,186.189,0,0,0,0
15616,243890688,3032,1895.028902,-136.209,37.4944,648.4,-53.2881,235.285,350.543,101.164,342.352,198.622,49.7216,-36.7198,157.663,0,0,0,0
15617,243921923,3032,1953.663281,-121.812,47.5292,687.672,-62.7457,200.503,372.123,87.6725,342.864,227.557,32.6004,-41.1848,180.885,0,0,0,0
15618,243953160,3032,1869.340848,-118.407,51.5614,668.823,-67.0893,215.718,348.574,96.3188,314.163,179.295,50.4822,-48.4056,178.308,0,0,0,0
15619,243984399,3033,1831.517197,-179.1,66.6484,653.089,-53.5504,235.055,324.282,105.757,335.953,139.781,58.2795,-34.1071,179.428,0,0,0,0
15620,244015640,3033,1675.664128,-227.784,70.6229,595.289,-38.8409,289.267,278.732,78.2003,334.185,122.449,24.6126,-16.158,165.088,0,0,0,0
15621,244046883,3034,1561.919403,-268.567,70.7621,570.491,-20.2495,276.35,255.435,89.845,297.048,121.858,42.7338,-4.27427,130.487,0,0,0,0
15622,244078128,3034,1542.898602,-279.341,82.7889,558.744,-6.60325,323.623,233.205,76.3544,275.208,140.825,43.679,-31.8196,126.236,0,0,0,0
15623,244109375,3034,1358.837711,-299.214,73.8705,509.11,-34.894,354.955,230.851,88.7947,261.575,90.059,50.1589,-71.3411,104.912,0,0,0,0
15624,244140624,3035,1402.025757,-270.077,66.9495,477.299,10.8051,345.035,236.356,86.5026,245.58,83.0644,85.3138,-73.6575,108.855,0,0,0,0
15625,244171875,3035,1324.922525,-285.04,42.0833,521.658,-6.61286,366.238,219.187,77.8755,213.878,74.3609,94.3332,-92.4706,99.4316,0,0,0,0
15626,244203128,3035,1468.443293,-257.993,74.1047,544.955,-3.73655,377.569,260.765,103.45,219.322,71.4376,100.201,-113.17,91.5395,0,0,0,0
15627,244234383,3036,1368.791820,-251.046,37.2907,554.366,9.78357,331.832,246.334,88.8192,229.038,84.5875,79.6415,-100.375,58.5202,0,0,0,0
15628,244265640,3036,1383.896349,-242.089,27.3643,544.654,11.593,265.031,301.035,101.392,266.765,98.8894,87.2757,-139.758,61.7449,0,0,0,0
15629,244296899,3037,1473.309201,-204.231,20.4927,604.059,-45.5963,250.23,298.735,110.964,300.135,81.26,103.442,-112.957,66.7769,0,0,0,0
15630,244328160,3037,1621.020152,-192.364,-0.381544,655.399,-64.0279,291.427,294.563,118.876,321.568,112.634,101.962,-120.773,102.138,0,0,0,0
15631,244359423,3037,1591.172923,-188.596,2.7991,651.912,-36.2196,263.94,304.881,110.108,302.508,89.4898,67.9081,-82.7137,105.156,0,0,0,0
15632,244390688,3038,1660.843255,-175.819,-19.1327,675.245,-30.3606,261.067,280.766,135.678,303.446,114.559,88.4378,-61.0145,87.9706,0,0,0,0
15633,244421955,3038,1411.861447,-229.141,-43.8999,686.75,-21.7377,239.385,256.593,81.0494,286.028,86.3886,80.1947,-77.1347,67.3863,0,0,0,0
15634,244453224,3039,1404.425166,-244.453,-53.7795,643.135,16.2389,212.578,252.966,81.6872,276.892,72.7515,162.561,-75.3506,59.1991,0,0,0,0
15635,244484495,3039,1424.312695,-233.865,-42.6043,616.748,32.9181,205.958,228.731,91.0489,306.612,43.4581,172.719,-56.8034,59.3916,0,0,0,0
15636,244515768,3039,1408.877601,-211.267,-10.4317,651.126,-16.1728,182.274,234.491,67.8921,292.768,82.054,201.541,-111.198,45.8013,0,0,0,0
15637,244547043,3040,1506.945085,-219.769,-10.2042,692.618,-15.3801,165.582,229.052,53.1932,328.772,104.914,224.875,-95.8319,49.1234,0,0,0,0
15638,244578320,3040,1581.798110,-166.261,-3.08924,680.218,-7.65231,183.018,237.686,74.6876,294.992,103.193,232.505,-62.7808,15.2817,0,0,0,0
15639,244609599,3041,1619.101253,-132.852,7.19041,700.762,-13.6843,197.21,195.445,78.6685,309.714,59.0428,270.026,-19.9194,-32.501,0,0,0,0
15640,244640880,3041,1733.466968,-154.434,-21.6424,760.297,7.15588,184.638,236.942,109.966,287.081,94.1948,299.06,-32.4511,-37.3395,0,0,0,0
15641,244672163,3041,1697.856033,-116.115,-36.4203,775.891,-10.061,120.881,297.823,94.3984,304.657,83.7082,268.786,-35.1735,-50.519,0,0,0,0
15642,244703448,3042,1838.432707,-63.7866,-30.201,770.42,-7.98563,170.13,252.457,123.232,275.093,83.2743,310.126,5.19944,-49.5257,0,0,0,0
15643,244734735,3042,1821.757617,-69.5571,-44.9267,771.179,-11.2653,184.372,230.207,139.662,263.6,78.5306,295.55,-19.0158,3.42121,0,0,0,0
15644,244766024,3042,1796.796636,-33.3187,-62.7649,825.645,-70.2549,198.921,181.023,162.297,239.04,78.6878,311.023,-16.8179,-16.6835,0,0,0,0
15645,244797315,3043,1780.611826,-42.179,-64.4384,843.397,-90.4232,225.16,182.713,162.588,230.827,64.7573,305.061,-10.8391,-26.0121,0,0,0,0
15646,244828608,3043,2049.853821,89.9695,-30.2244,798.971,-51.4168,231.524,219.464,181.563,251.34,62.6036,357.401,-12.9676,-48.3735,0,0,0,0
15647,244859903,3044,2061.803887,75.0194,-35.9556,793.774,-53.5264,228.014,241.964,211.929,235.769,67.2809,344.746,-7.18086,-40.0306,0,0,0,0
15648,244891200,3044,2102.328643,99.0782,-48.6894,806.398,-69.5863,222.308,229.901,241.357,217.558,61.0448,355.248,3.68683,-15.9764,0,0,0,0
15649,244922499,3044,2065.402217,106.038,-65.3683,827.08,-104.584,243.605,195.846,259.853,227.922,1.33408,332.023,25.894,15.7597,0,0,0,0
15650,244953800,3045,2147.356131,166.007,-17.1597,821.869,-86.5866,228.086,189.276,260.484,216.64,-12.7593,362.059,20.4224,-0.982282,0,0,0,0
15651,244985103,3045,2289.194592,189.878,-47.7864,867.602,-101.647,241.57,224.897,230.315,244.866,46.7804,369.497,-22.0605,45.2826,0,0,0,0
15652,245016408,3046,2547.400195,201.757,-31.5256,904.327,-89.5974,240.925,277.841,251.609,265.37,67.0774,452.598,-19.4173,26.4356,0,0,0,0
15653,245047715,3046,2589.638180,224.538,-40.2099,848.167,-31.6053,250.337,297.585,223.511,265.873,74.9721,474.459,-10.1136,12.1251,0,0,0,0
15654,245079024,3046,2514.327519,194.327,-68.8969,880.887,-40.5577,249.751,250.139,220.874,242.739,107.902,485.437,-59.4234,51.1491,0,0,0,0
15655,245110335,3047,2419.344689,164.018,-13.5291,845.835,-55.6276,246.355,227.89,205.298,213.171,96.8821,462.84,-17.6424,43.8553,0,0,0,0
15656,245141648,3047,2512.023022,222.717,-53.2736,943.547,-90.4683,238.702,233.634,174.128,239.604,121.115,427.721,9.24745,45.348,0,0,0,0
15657,245172963,3048,2596.940455,201.318,-29.8536,932.432,-97.4851,248.048,261.372,191.693,255.319,99.8769,404.16,54.2622,75.7969,0,0,0,0
15658,245204280,3048,2568.075216,172.928,-57.5459,986.251,-133.387,234.585,233.187,235.047,286.825,107.853,391.189,32.4638,78.678,0,0,0,0
15659,245235599,3048,2568.364002,188.44,-77.1835,1033.25,-178.288,206.805,278.993,268.877,281.26,132.322,364.368,9.67444,59.8509,0,0,0,0
15660,245266920,3049,2589.654568,185.96,-56.8236,1014.06,-163.197,229.336,298.798,255.507,259.049,141.225,366.998,21.0367,37.7078,0,0,0,0
15661,245298243,3049,2538.612339,199.381,-90.409,1048.99,-207.165,222.801,303.476,247.861,248.547,111.133,362.953,36.0027,55.0443,0,0,0,0
15662,245329568,3049,2403.691894,136.812,-78.1067,1045.91,-237.899,232.204,274.412,240.281,228.909,122.5,355.163,22.5282,60.9807,0,0,0,0
15663,245360895,3050,2452.254094,212.143,-75.6399,1065.94,-269.928,219.86,295.963,275.98,231.846,89.7973,347.173,-0.75769,59.8718,0,0,0,0
15664,245392224,3050,2584.228784,216.484,-55.2854,1056.8,-222.728,201.069,292.892,255.807,286.129,115.025,367.294,-4.55487,75.2931,0,0,0,0
15665,245423555,3051,2614.970530,192.726,-64.8762,1052.83,-233.525,268.656,219.694,299.501,288.775,135.314,369.769,4.88504,81.2214,0,0,0,0
15666,245454888,3051,2508.052591,216.977,-85.4695,1032.8,-210.388,237.056,216.5,286.852,270.703,89.3076,389.491,-34.7373,98.963,0,0,0,0
15667,245486223,3051,2474.014262,194.129,-79.0081,1002.88,-208.307,211.764,209.046,303.679,289.921,98.3726,373.012,-19.4515,97.9778,0,0,0,0
15668,245517560,3052,2602.840070,214.29,-58.659,1000.89,-204.997,233.161,204.85,322.236,299.141,103.043,381.038,-19.0023,126.846,0,0,0,0
15669,245548899,3052,2596.296503,213.352,-90.1454,992.911,-207.865,264.676,200.773,324.726,302.141,83.2579,391.241,-19.7179,140.945,0,0,0,0
15670,245580240,3053,2516.149053,162.424,-82.7441,987.978,-180.676,247.258,196.383,351.55,279.499,87.1809,351.636,1.7656,113.896,0,0,0,0
15671,245611583,3053,2508.774789,120.396,-74.288,991.161,-187.486,259.837,168.121,349.903,304.287,90.5438,384.522,-43.8965,145.675,0,0,0,0
15672,245642928,3053,2580.111707,109.378,-65.8346,1008.11,-179.187,223.348,255.112,337.728,296.288,97.8371,382.838,-40.1944,154.693,0,0,0,0
15673,245674275,3054,2500.736035,126.261,-120.326,1016.34,-145.944,261.675,218.906,354.417,286.93,85.287,327.263,-48.5583,138.489,0,0,0,0
15674,245705624,3054,2467.194957,88.1523,-112.93,1021.39,-170.645,251.375,243.839,333.767,288.86,93.283,384.838,-83.7854,129.05,0,0,0,0
15675,245736975,3055,2559.777963,76.9455,-104.37,971.675,-111.466,260.885,237.31,342.453,292.432,112.71,389.268,-70.7348,162.671,0,0,0,0
15676,245768328,3055,2457.180731,67.7474,-95.922,992.722,-112.056,246.331,218.232,323.005,272.214,107.009,390.43,-80.957,128.425,0,0,0,0
15677,245799683,3055,2408.259754,44.4508,-90.4191,951.941,-63.9413,192.963,258.155,319.56,245.708,114.075,387.578,-75.2626,123.451,0,0,0,0
15678,245831040,3056,2382.586859,88.163,-87.9189,986.153,-111.594,227.407,268.013,308.312,215.072,129.142,398.43,-123.211,84.6189,0,0,0,0
15679,245862399,3056,2378.652960,116.777,-70.3638,980.367,-105.185,233.227,237.687,304.006,171.291,153.963,380.022,-150.02,126.882,0,0,0,0
15680,245893760,3057,2379.932330,119.399,-80.9212,1001.63,-121.963,231.54,260.602,285.683,160.222,120.865,406.882,-133.058,129.053,0,0,0,0
15681,245925123,3057,2346.777547,121.923,-55.3139,1019.84,-172.62,283.168,245.458,259.303,156.642,113.781,448.854,-188.601,114.349,0,0,0,0
15682,245956488,3057,2347.435335,134.456,-58.8191,1009.09,-145.223,293.856,218.121,211.788,159.145,179.307,409.811,-208.338,144.24,0,0,0,0
15683,245987855,3058,2219.040641,76.8896,-77.2694,960.52,-115.942,251.42,218.042,196.612,179.855,162.37,412.438,-205.871,159.976,0,0,0,0
15684,246019224,3058,2259.546192,90.3325,-94.7224,947.655,-97.4318,291.166,196.837,198.093,186.641,111.658,403.765,-175.421,200.973,0,0,0,0
15685,246050595,3058,2059.844201,61.6768,-138.12,921.077,-113.218,303.536,209.009,193.572,155.999,112.099,348.274,-201.953,207.892,0,0,0,0
15686,246081968,3059,2107.904625,95.03,-135.631,906.32,-132.652,313.345,208.605,177.191,174.643,86.0961,362.553,-165.271,217.676,0,0,0,0
15687,246113343,3059,2079.967642,59.2845,-113.977,903.793,-150.38,324.03,202.331,151.672,174.996,95.6763,378.154,-153.403,207.789,0,0,0,0
15688,246144720,3060,2013.600946,68.5479,-152.435,898.086,-157.939,276.58,241.245,141.691,164.639,101.445,373.902,-146.684,204.524,0,0,0,0
15689,246176099,3060,2042.880973,62.7127,-137.839,895.495,-149.437,309.071,202.351,168.513,150.994,109.816,384.233,-166.323,213.295,0,0,0,0
15690,246207480,3060,2078.396452,46.8864,-126.245,898.896,-116.058,312.876,198.08,169.856,119.781,119.962,375.528,-151.771,230.605,0,0,0,0
15691,246238863,3061,1962.855053,45.9614,-146.596,910.357,-161.618,269.488,218.797,155.467,181.277,94.1688,385.532,-209.343,219.365,0,0,0,0
15692,246270248,3061,1867.016716,-39.9547,-208.06,953.751,-121.068,314.098,132.969,137.15,202.981,124.32,365.702,-215.449,220.578,0,0,0,0
15693,246301635,3062,1903.403570,-31.9694,-162.359,921.203,-138.694,297.647,153.683,127.033,212.407,136.675,366.148,-228.185,249.815,0,0,0,0
15694,246333024,3062,2040.063979,17.0247,-173.771,887.65,-81.146,297.255,144.532,152.377,236.266,137.882,361.484,-201.319,261.83,0,0,0,0
15695,246364415,3062,2101.688894,21.9202,-165.128,917.267,-113.715,283.24,163.258,157.26,233.907,155.735,384.498,-176.453,239.899,0,0,0,0
15696,246395808,3063,1951.187491,28.8246,-187.487,941.649,-132.174,311.717,154.421,113.734,201.332,139.69,355.457,-201.905,225.929,0,0,0,0
15697,246427203,3063,1800.176372,-21.3696,-223.791,919.203,-150.691,320.325,147.137,157.55,204.113,127.375,344.432,-217.474,193.368,0,0,0,0
15698,246458600,3064,1942.740431,41.445,-188.208,930.75,-153.092,308.115,125.047,182.093,150.611,93.1134,363.996,-122.441,211.312,0,0,0,0
15699,246489999,3064,2020.953290,34.161,-149.461,925.356,-143.552,321.783,156.89,152.906,177.175,52.1736,395.876,-150.377,248.023,0,0,0,0
15700,246521400,3064,1974.429691,30.8859,-166.826,979.837,-193.021,314.509,136.868,189.382,177.883,28.7639,397.67,-184.619,263.095,0,0,0,0
15701,246552803,3065,1911.688803,-16.4878,-179.135,970.493,-166.428,284.166,158.835,180.929,189.454,33.8276,392.147,-183.386,247.274,0,0,0,0
15702,246584208,3065,2082.184616,4.14726,-184.448,967.027,-128.781,268.891,192.551,205.737,185.159,62.7525,409.657,-192.625,292.117,0,0,0,0
15703,246615615,3065,2209.780518,26.6838,-148.706,996.79,-155.369,273.803,213.2,222.483,205.516,88.7699,379.45,-171.49,278.649,0,0,0,0
15704,246647024,3066,2370.451150,23.2291,-128.076,996.318,-206.608,282.333,305.491,252.161,164.156,127.546,380.546,-138.457,311.813,0,0,0,0
15705,246678435,3066,2548.316632,62.6759,-108.282,1014.02,-194.085,301.926,314.328,295.63,166.933,149.985,349.989,-88.6096,283.809,0,0,0,0
15706,246709848,3067,2603.723308,78.1315,-125.6,975.652,-132.387,294.896,327.975,305.309,151.289,164.11,367.732,-79.0784,275.693,0,0,0,0
15707,246741263,3067,2662.296363,54.4886,-99.8626,999.402,-127.805,281.611,343.071,317.253,168.06,149.634,384.41,-66.6945,258.729,0,0,0,0
15708,246772680,3067,2545.427902,46.8544,-100.128,952.087,-116.174,344.264,289.843,311.995,154.564,170.619,363.09,-78.4126,206.827,0,0,0,0
15709,246804099,3068,2497.698335,2.12171,-88.3394,930.773,-107.481,370.038,283,289.533,137.056,203.5,337.642,-103.297,243.152,0,0,0,0
15710,246835520,3068,2472.626638,23.3978,-85.6628,948.567,-141.852,329.811,281.836,303.347,112.548,182.338,349.051,-78.6753,247.923,0,0,0,0
15711,246866943,3069,2434.328822,15.5753,-101.822,980.362,-129.221,339.776,254.681,315.951,117.334,143.551,360.335,-108.054,245.861,0,0,0,0
15712,246898368,3069,2426.332476,-41.2383,-107.093,1044.03,-160.362,317.17,291.766,308.556,105.963,153.98,365.51,-121.956,270.002,0,0,0,0
15713,246929795,3069,2507.582301,-2.1505,-56.3091,989.935,-136.737,326.25,266.537,326.159,103.673,180.117,336.994,-105.017,278.131,0,0,0,0
15714,246961224,3070,2618.663753,5.9461,-77.5281,1017.6,-114.939,334.898,251.562,349.037,90.8854,153.034,371.246,-78.8914,315.812,0,0,0,0
15715,246992655,3070,2485.318068,11.9442,-90.6922,970.611,-123.318,335.792,229.461,304.503,90.7972,134.319,396.228,-66.2759,291.949,0,0,0,0
15716,247024088,3071,2466.132130,24.951,-83.9688,1010.33,-159.467,344.62,189.296,318.449,109.082,170.832,355.782,-80.9639,267.193,0,0,0,0
15717,247055523,3071,2438.027632,20.8593,-92.0808,1015.22,-164.793,350.32,161.447,314.052,113.789,157.969,371.208,-100.953,290.993,0,0,0,0
15718,247086960,3071,2309.502147,1.77645,-100.305,1024.1,-160.064,336.333,148.28,322.653,75.4953,130.256,356.01,-138.657,313.628,0,0,0,0
15719,247118399,3072,2397.385796,-1.40498,-100.475,1044.04,-166.214,316.16,149.242,330.392,101.918,151.605,367.114,-120.041,325.051,0,0,0,0
15720,247149840,3072,2568.907523,-22.5776,-93.647,1045.91,-161.492,365.857,132.132,351.855,130.479,183.892,356.37,-80.0288,360.156,0,0,0,0
15721,247181283,3073,2417.475155,1.15122,-121.764,1045.79,-183.708,353.614,104.345,327.731,148.326,155.962,346.403,-127.59,367.216,0,0,0,0
15722,247212728,3073,2409.857675,-33.1112,-120.994,1038.77,-183.81,368.624,130.24,311.466,147.247,103.165,363.275,-84.7729,369.757,0,0,0,0
15723,247244175,3073,2161.964360,-130.472,-111.059,1050.81,-194.089,320.318,97.1303,322.132,143.595,76.7471,325.467,-98.4161,359.799,0,0,0,0
15724,247275624,3074,2220.787476,-93.8242,-103.237,1066.67,-201.137,304.136,106.086,324.074,178.091,84.6547,299.943,-66.7158,322.044,0,0,0,0
15725,247307075,3074,2293.789862,-31.2748,-94.3597,1025.76,-176.364,260.013,140.167,345.741,171.65,57.6147,291.986,-58.5975,361.451,0,0,0,0
15726,247338528,3074,2243.585936,-63.7167,-109.485,1049.68,-192.475,247.826,166.054,345.273,177.496,45.2941,310.464,-72.4851,339.664,0,0,0,0
15727,247369983,3075,2368.733246,-35.2571,-103.556,1082.82,-212.644,275.771,152.952,361.011,151.777,89.8127,337.408,-88.5287,357.168,0,0,0,0
15728,247401440,3075,2398.414020,-14.7887,-86.7387,952.781,-142.703,290.516,172.026,339.88,176.195,60.1673,342.02,-53.8129,362.871,0,0,0,0
15729,247432899,3076,2289.345518,-14.4188,-124.757,972.86,-170.879,270.513,188.915,346.541,169.26,54.6239,314.72,-51.2299,333.196,0,0,0,0
15730,247464360,3076,2294.789405,-34.0401,-89.8879,945.931,-191.88,244.386,212.868,354.276,226.53,59.8849,316.693,-67.6718,317.7,0,0,0,0
15731,247495823,3076,2450.608069,-0.759967,-55.9639,966.118,-177.059,257.136,231.946,347.737,258.95,82.3163,292.949,-111.401,358.641,0,0,0,0
15732,247527288,3077,2439.367759,-67.471,-41.0425,941.124,-180.068,280.314,207.771,340.474,230.874,92.5189,314.811,-44.7045,364.766,0,0,0,0
15733,247558755,3077,2233.250112,-85.2806,-79.0663,908.303,-175.194,306.055,143.972,306.61,208.145,73.9811,295.385,-64.7507,395.09,0,0,0,0
15734,247590224,3078,2374.998822,-96.0814,-51.2025,939.419,-182.205,290.047,182.861,298.135,241.999,58.8557,305.929,-42.2859,429.527,0,0,0,0
15735,247621695,3078,2208.601732,-86.9808,-98.1742,910.648,-147.274,217.04,227.81,262.599,250.842,25.9124,297.132,-87.3638,436.411,0,0,0,0
15736,247653168,3078,2384.968223,-78.8713,-103.258,933.757,-145.293,252.9,233.142,286.326,252.394,46.2026,361.337,-89.5641,435.895,0,0,0,0
15737,247684643,3079,2255.962262,-70.8604,-97.2874,917.98,-149.367,240.7,239.021,303.392,237.313,-3.89305,320.891,-113.964,432.037,0,0,0,0
15738,247716120,3079,2278.993654,-78.8406,-105.319,890.196,-124.269,293.874,225.907,293.65,239.519,17.846,321.603,-135.065,439.892,0,0,0,0
15739,247747599,3080,2259.188513,-116.919,-101.296,900.471,-114.289,261.733,229.976,285.515,222.009,33.4445,339.954,-108.974,427.564,0,0,0,0
15740,247779080,3080,2211.934317,-107.989,-81.3857,853.68,-111.255,233.651,249.984,262.378,219.562,27.7044,351.052,-90.1988,404.752,0,0,0,0
15741,247810563,3080,2127.587544,-113.158,-91.3106,813.947,-72.2226,266.51,221.251,262.905,230.411,-17.695,367.426,-125.988,385.512,0,0,0,0
15742,247842048,3081,2160.976528,-124.318,-79.3478,800.151,-83.194,298.487,188.062,288.967,242.899,-10.4065,412.664,-160.445,387.458,0,0,0,0
15743,247873535,3081,2107.846698,-127.576,-66.3302,778.64,-38.1619,264.72,221.883,285.706,209.462,-26.8168,350.235,-155.936,412.021,0,0,0,0
15744,247905024,3082,1992.865241,-141.825,-83.3153,753.78,-41.0207,244.383,234.203,291.358,203.088,-14.6185,331.346,-171.973,387.459,0,0,0,0
15745,247936515,3082,1850.749535,-153.173,-102.246,725.205,-55.0565,213.484,263.208,264.949,187.722,-60.57,337.357,-166.947,396.819,0,0,0,0
15746,247968008,3082,1912.735615,-128.513,-96.2882,725.51,-61.7981,272.335,254.278,283.08,173.207,-72.2147,330.847,-148.234,380.527,0,0,0,0
15747,247999503,3083,1799.016648,-148.95,-95.1662,724.93,-81.8956,223.495,247.284,292.535,191.12,-85.1537,305.478,-121.631,346.972,0,0,0,0
15748,248031000,3083,1731.413426,-135.379,-73.1567,753.284,-102.763,168.594,259.158,284.264,173.464,-72.3469,278.229,-119.847,317.914,0,0,0,0
15749,248062499,3083,1640.471655,-192.907,-116.092,761.639,-113.511,154.436,282.415,303.056,184.449,-66.8116,241.775,-104.239,306.261,0,0,0,0
15750,248094000,3084,1685.643911,-186.425,-134.031,769.102,-97.5011,229.471,219.29,312.12,172.937,-72.8615,266.908,-89.3755,296.01,0,0,0,0
15751,248125503,3084,1786.634572,-172.043,-96.9141,728.566,-89.369,242.626,186.488,330.574,190.356,-65.883,299.016,-79.922,313.138,0,0,0,0
15752,248157008,3085,1742.826985,-156.651,-135.91,755.965,-130.069,207.589,180.418,366.299,132.618,-69.3759,348.337,-17.8871,261.494,0,0,0,0
15753,248188515,3085,1795.335808,-131.358,-137.741,742.478,-106.004,242.491,164.612,351.359,140.332,-58.6974,329.678,-16.0229,274.208,0,0,0,0
15754,248220024,3085,1864.361093,-104.056,-119.685,775.871,-152.704,209.522,193.612,372.152,96.4598,-24.8908,371.078,-7.22189,254.224,0,0,0,0
15755,248251535,3086,2105.719615,-13.8525,-103.574,771.55,-110.643,236.731,144.608,409.671,121.939,-27.24,388.826,29.361,258.343,0,0,0,0
15756,248283048,3086,1991.519091,-16.6403,-76.4653,747.879,-145.292,215.567,172.797,393.394,81.7829,-60.3301,401.926,5.65395,271.247,0,0,0,0
15757,248314563,3087,1968.933166,-53.5267,-80.302,777.494,-176.177,196.713,178.921,387.113,93.3384,-69.9787,432.475,5.43797,277.425,0,0,0,0
15758,248346080,3087,2006.848422,-37.4042,-87.251,783.044,-147.948,215.608,163.178,400.104,96.0366,-91.3693,448.617,-42.7001,306.933,0,0,0,0
15759,248377599,3087,1915.781705,-36.3803,-104.036,728.654,-125.717,232.066,130.851,405.762,87.4599,-58.3504,428.246,-51.6689,278.894,0,0,0,0
15760,248409120,3088,1854.568775,-25.3476,-119.932,670.197,-82.4943,263.956,126.23,395.277,92.0791,-93.9229,403.882,-35.4632,260.108,0,0,0,0
15761,248440643,3088,1761.784329,-72.4134,-80.7745,602.799,-35.2103,233.973,137.223,403.469,73.995,-88.1708,397.381,-13.4579,202.971,0,0,0,0
15762,248472168,3089,1657.227280,-95.4704,-108.619,620.395,-69.931,299.991,94.4757,401.054,69.2626,-110.518,363.105,-29.8222,223.305,0,0,0,0
15763,248503695,3089,1583.349564,-66.6259,-128.409,631.104,-113.65,254.13,119.276,403.838,39.8896,-121.601,378.228,-35.8773,223.047,0,0,0,0
15764,248535224,3089,1545.098141,-110.773,-84.3114,584.693,-90.2576,216.453,133.268,391.764,66.5195,-123.336,396.86,-112.5,276.719,0,0,0,0
15765,248566755,3090,1636.629141,-72.0178,-87.0492,553.395,-36.1029,198.339,128.64,399.278,132.572,-133.749,363.59,-101.636,291.37,0,0,0,0
15766,248598288,3090,1526.034654,-108.254,-118.899,601.035,-95.6548,178.535,135.507,425.129,91.915,-160.256,369.38,-66.1067,273.703,0,0,0,0
15767,248629823,3091,1611.575215,-97.5892,-138.695,635.846,-86.3823,147.733,196.498,443.854,80.894,-153.837,404.451,-88.0009,266.803,0,0,0,0
15768,248661360,3091,1601.640687,-77.9153,-143.493,655.478,-110.06,138.801,173.871,446.838,112.164,-131.773,394.889,-114.726,257.567,0,0,0,0
15769,248692899,3091,1575.962089,-93.34,-139.236,626.226,-49.6166,139.805,129.921,455.553,121.79,-151.506,426.08,-118.854,229.14,0,0,0,0
15770,248724440,3092,1735.710392,-19.7559,-143.091,606.965,-4.29585,154.184,132.976,432.609,130.275,-162.221,444.805,-92.1671,255.427,0,0,0,0
15771,248755983,3092,1602.803428,-71.2703,-148.782,618.822,-21.9747,206.127,71.0892,422.055,108.246,-154.656,416.379,-93.8074,250.575,0,0,0,0
15772,248787528,3092,1506.134682,-95.7759,-116.586,566.497,-42.4239,243.251,46.2688,409.904,84.9494,-160.518,391.01,-103.289,282.846,0,0,0,0
15773,248819075,3093,1497.237441,-97.3799,-152.334,578.402,-31.2278,216.437,76.4463,417.684,93.5789,-155.395,381.113,-94.9942,264.907,0,0,0,0
15774,248850624,3093,1409.248655,-138.975,-162.085,528.13,27.3205,199.621,88.5592,416.403,87.06,-188.896,397.453,-113.116,267.775,0,0,0,0
15775,248882175,3094,1492.108137,-127.669,-165.782,560.086,1.63266,152.813,117.678,416.392,128.037,-177.761,395.421,-63.0815,254.342,0,0,0,0
15776,248913728,3094,1588.912219,-125.354,-151.59,552.864,9.11462,175.051,109.781,425.166,126.169,-144.41,406.448,-62.1325,267.805,0,0,0,0
15777,248945283,3094,1689.660046,-139.138,-151.235,577.699,5.59931,190.172,94.0236,428.811,141.929,-114.845,404.388,-2.45395,254.709,0,0,0,0
15778,248976840,3095,1648.803424,-108.912,-159.991,579.642,0.019046,207.291,61.1361,417.796,122.77,-125.865,410.88,-47.2524,291.29,0,0,0,0
15779,249008399,3095,1844.521197,-102.786,-162.693,614.586,-7.44017,232.534,105.246,416.512,131.246,-101.211,430.066,6.10515,282.358,0,0,0,0
15780,249039960,3096,1844.337560,-121.65,-172.397,657.464,-12.9671,223.836,96.2291,379.426,134.23,-49.8465,452.177,-20.7896,278.626,0,0,0,0
15781,249071523,3096,1855.665159,-92.613,-186.047,628.4,49.3879,270.009,77.7202,364.869,131.567,-46.6578,413.821,-49.2532,294.462,0,0,0,0
15782,249103088,3096,1853.896492,-70.5671,-215.809,669.33,26.0956,219.186,115.768,364.255,122.624,-70.5379,441.85,-65.9502,317.653,0,0,0,0
15783,249134655,3097,2061.937662,-13.6198,-189.406,692.432,93.508,251.425,104.747,326.764,134.884,-62.1282,435.203,-23.9605,312.089,0,0,0,0
15784,249166224,3097,1977.623751,-12.6636,-172.116,669.24,28.0311,242.594,107.106,324.406,145.719,-33.8476,371.678,-13.8877,321.364,0,0,0,0
15785,249197795,3098,2107.685447,-2.80601,-167.771,702.392,-29.3853,244.764,148.21,329.522,155.129,9.28865,367.319,35.4615,315.562,0,0,0,0
15786,249229368,3098,2156.858351,17.0604,-143.429,642.309,14.1942,274.246,173.191,339.028,153.61,13.8521,388.957,-20.8384,304.678,0,0,0,0
15787,249260943,3098,1902.353970,-44.1717,-126.032,647.455,-19.4026,247.351,178.484,323.807,112.514,17.6834,356.31,-54.8927,263.248,0,0,0,0
15788,249292520,3099,1898.068559,-23.3949,-103.747,623.478,52.2894,228.457,157.91,324.651,90.8562,6.18441,322.642,-61.4645,280.208,0,0,0,0
15789,249324099,3099,1854.795166,-37.7167,-87.2974,641.503,23.863,158.743,183.076,347.423,72.9777,24.5218,347.524,-61.4993,241.678,0,0,0,0
15790,249355680,3100,1942.039168,20.9703,-84.9604,588.635,63.4331,152.97,194.309,335.47,93.2373,34.8823,339.844,-20.0541,223.303,0,0,0,0
15791,249387263,3100,1934.774113,5.55879,-44.5686,535.768,45.0653,149.509,227.092,365.117,85.8649,6.44883,318.641,0.374368,239.904,0,0,0,0
15792,249418848,3100,1839.950011,-29.8439,-59.1795,548.836,65.6868,147.42,214.768,346.09,37.6983,10.8019,317.195,47.4051,193.073,0,0,0,0
15793,249450435,3101,1619.664690,-40.3451,-54.7355,454.018,59.3116,116.89,227.546,343.795,13.5349,-0.0777945,316.952,13.1805,169.595,0,0,0,0
15794,249482024,3101,1678.486984,-74.8375,-57.4039,473.137,50.0514,147.113,234.032,342.772,49.2257,-14.3272,356.589,-6.19701,178.332,0,0,0,0
15795,249513615,3102,1600.802574,-87.4284,-85.9078,473.428,49.5539,149.519,226.132,312.477,84.5598,-36.6116,370.012,-9.08398,154.152,0,0,0,0
15796,249545208,3102,1660.949861,-45.0105,-72.5241,445.483,95.4048,111.802,230.169,319.591,78.3989,9.88468,415.788,-43.2185,115.182,0,0,0,0
15797,249576803,3102,1591.288995,-66.6911,-96.0855,465.767,61.9608,152.014,176.583,312.23,68.1602,12.7224,407.443,-18.5377,115.723,0,0,0,0
15798,249608400,3103,1619.959599,-82.3629,-51.6496,442.93,54.6307,147.479,202.616,324.202,70.4922,-8.57112,369.719,2.654,147.82,0,0,0,0
15799,249639999,3103,1665.618539,-23.1332,-49.1589,479.266,16.3619,140.822,174.909,329.84,79.0439,-28.5909,377.966,5.59889,162.694,0,0,0,0
15800,249671600,3103,1527.585701,-45.8948,-23.7805,425.478,30.0848,145.032,147.132,332.948,35.8006,-52.7134,415.606,-5.9384,123.832,0,0,0,0
15801,249703203,3104,1468.271901,-41.7548,-42.2377,410.749,36.7496,88.3673,194.543,316.447,65.4221,-29.1491,354.013,14.7572,100.365,0,0,0,0
15802,249734808,3104,1543.632153,-12.606,-13.8072,426.014,83.5886,88.8282,200.514,264.488,72.4715,-70.5485,346.735,60.1886,97.7661,0,0,0,0
15803,249766415,3105,1408.760635,-42.5557,-25.3218,429.449,76.2514,102.161,130.735,307.329,55.9444,-63.8354,327.989,30.9807,79.6336,0,0,0,0
15804,249798024,3105,1450.275872,-56.4966,-24.8392,400.65,85.0836,114.242,132.952,261.027,71.0628,-29.2603,331.327,60.4057,104.121,0,0,0,0
15805,249829635,3105,1474.111287,-47.536,-28.3017,434.021,93.8578,94.6968,139.042,261.068,79.3991,-45.3628,358.201,61.4597,73.5664,0,0,0,0
15806,249861248,3106,1407.182361,-62.5666,-20.8766,394.387,65.6278,130.087,147.52,255.634,84.2364,-69.0978,359.146,29.8868,93.1995,0,0,0,0
15807,249892863,3106,1381.196801,-54.6957,-63.287,413.811,55.3403,99.6693,137.488,278.878,79.6383,-61.5212,340.421,62.0871,93.3681,0,0,0,0
15808,249924480,3107,1405.073165,-68.816,-20.8097,436.168,32.2226,137.865,119.893,281.777,80.6122,-68.9303,322.459,49.7053,102.926,0,0,0,0
15809,249956099,3107,1477.240173,-52.0348,-27.2776,456.585,46.0473,134.067,164.303,301.546,29.7978,-71.9891,294.561,43.972,157.662,0,0,0,0
15810,249987720,3107,1407.784335,-51.2449,-48.7482,501.994,6.86774,119.641,165.264,280.312,48.7033,-38.64,263.893,3.08209,156.66,0,0,0,0
15811,250019343,3108,1404.976951,-66.5533,-42.1639,475.519,38.6894,185.027,97.4787,284.355,65.4603,-37.1105,262.058,-26.8015,169.019,0,0,0,0
15812,250050968,3108,1456.751187,-61.8531,-26.692,465.864,84.6214,221.597,57.7626,271.982,79.0111,-3.72332,212.872,14.4015,140.909,0,0,0,0
15813,250082595,3109,1531.824404,-79.2512,-17.0556,482.438,88.3768,239.666,65.2961,284.018,76.4857,-4.38671,214.43,37.8271,143.98,0,0,0,0
15814,250114224,3109,1527.295257,-86.6407,-7.53159,421.835,120.307,198.233,94.4484,276.92,99.2494,-22.5565,201.448,62.7064,168.877,0,0,0,0
15815,250145855,3109,1437.370440,-140.129,-20.9527,466.517,135.119,203.802,86.6013,254.685,116.289,-61.5916,235.845,42.2216,118.963,0,0,0,0
15816,250177488,3110,1541.968434,-118.608,-24.3765,448.907,162.16,186.052,129.876,279.652,108.834,-17.648,270.831,37.5034,78.7854,0,0,0,0
15817,250209123,3110,1673.514193,-45.1852,-27.7455,481.468,122.907,145.49,167.275,303.621,78.3854,-16.9052,259.155,108.854,96.1939,0,0,0,0
15818,250240760,3111,1650.329668,-45.754,-42.2269,515.08,87.9462,155.992,175.363,273.388,51.1419,37.0454,209.411,123.576,109.367,0,0,0,0
15819,250272399,3111,1536.554442,-66.4213,-97.5437,538.635,65.9275,159.305,188.765,272.01,40.9662,19.3108,198.053,105.766,111.781,0,0,0,0
15820,250304040,3111,1565.685068,-44.0798,-95.9729,611.24,13.7219,211.737,127.166,300.316,27.2286,34.1314,210.926,55.3802,113.891,0,0,0,0
15821,250335683,3112,1564.817642,-34.8367,-81.3473,625.845,-13.244,201.23,148.373,284.014,10.2002,13.3299,180.354,95.0653,135.835,0,0,0,0
15822,250367328,3112,1607.615551,-33.5849,-100.724,614.444,3.78471,233.663,140.71,288.708,15.3952,34.191,194.994,92.9231,123.112,0,0,0,0
15823,250398975,3113,1657.846872,-2.43156,-71.0466,551.215,23.6379,226.347,158.86,302.874,8.1519,52.3112,220.387,64.4383,123.103,0,0,0,0
15824,250430624,3113,1594.202749,-34.2694,-64.4812,572.749,-14.2197,187.646,163.382,303.701,-10.1693,28.5864,263.052,44.3785,153.847,0,0,0,0
15825,250462275,3113,1365.810325,-125.206,-67.7513,574.513,-32.374,137.198,184.394,297.465,-3.47322,6.28484,229.011,53.4141,112.335,0,0,0,0
15826,250493928,3114,1530.872820,-112.133,-98.1337,622.098,-57.235,133.566,207.86,350.293,8.84647,-32.5112,263.197,112.961,132.063,0,0,0,0
15827,250525583,3114,1526.370119,-97.1594,-116.461,611.971,-33.2721,146.177,215.065,313.117,6.1786,-16.3971,285.682,68.3021,143.167,0,0,0,0
15828,250557240,3114,1485.357635,-97.1766,-106.792,592.606,-23.2584,97.788,241.335,318.084,21.8641,-28.1287,299.945,88.3537,80.7375,0,0,0,0
15829,250588899,3115,1429.375091,-94.2923,-98.0671,567.357,-18.1254,82.0837,243.794,290.908,12.55,-27.4172,311.949,75.1841,83.4513,0,0,0,0
15830,250620560,3115,1524.380653,-59.3993,-96.4549,558.157,28.8857,114.694,226.997,315.004,21.0144,-51.2981,296.215,111.382,59.1823,0,0,0,0
15831,250652223,3116,1341.544730,-118.605,-90.6783,574.96,7.89836,50.3025,294.139,280.833,-1.36354,-76.9552,284.789,91.235,44.9896,0,0,0,0
15832,250683888,3116,1405.895186,-135.801,-108.014,602.697,3.07961,63.7184,249.659,319.797,-13.4668,-30.0587,260.802,79.6908,113.792,0,0,0,0
15833,250715555,3116,1434.778122,-93.0964,-102.295,615.547,4.14547,53.1959,244.18,321.686,-19.7852,-76.4871,280.243,120.467,86.9769,0,0,0,0
15834,250747224,3117,1473.896934,-121.383,-93.5783,641.336,-17.6748,97.8019,184.059,327.645,30.7638,-74.0772,292.239,132.669,74.0953,0,0,0,0
15835,250778895,3117,1594.044961,-111.767,-119.807,673.296,6.32782,74.2774,208.581,310.601,37.4427,-59.6613,340.894,142.076,91.7854,0,0,0,0
15836,250810568,3118,1490.809833,-100.143,-105.148,620.077,32.5605,84.8138,165.842,292.631,17.3353,-49.4727,301.078,153.233,78.0038,0,0,0,0
15837,250842243,3118,1574.549380,-138.618,-101.325,643.973,21.6158,142.41,163.232,295.316,36.8841,-11.0555,268.028,176.747,77.3417,0,0,0,0
15838,250873920,3118,1574.333132,-126.084,-94.6136,609.861,23.7858,190.883,147.751,309.479,34.6397,-43.8648,245.983,185.945,90.5663,0,0,0,0
15839,250905599,3119,1600.804379,-69.6477,-89.8477,601.866,39.9583,184.67,165.954,271.242,57.3943,-35.1483,224.086,155.979,94.2981,0,0,0,0
15840,250937280,3119,1857.618305,-10.2031,-31.0845,623.69,29.1209,189.01,171.336,328.127,36.9361,-7.80511,254.58,174.815,99.0954,0,0,0,0
15841,250968963,3120,1758.035925,-63.8569,-38.2665,642.688,12.2863,220.667,153.596,320.082,35.8987,-24.8372,195.618,185.034,119.128,0,0,0,0
15842,251000648,3120,1838.546506,-72.5019,-24.5607,622.621,36.6257,253.257,151.92,332.172,50.1581,-45.0607,200.649,181.111,152.154,0,0,0,0
15843,251032335,3120,1945.039673,-48.2454,-41.6906,649.726,68.6686,269.912,183.373,323.06,35.7703,-9.45959,184.264,179.576,150.085,0,0,0,0
15844,251064024,3121,1956.076368,-65.9801,-27.9327,646.595,61.061,302.624,153.502,295.751,62.8796,-13.3764,228.38,164.833,147.739,0,0,0,0
15845,251095715,3121,2056.416772,-19.8133,-5.12008,611.693,115.216,247.023,181.273,320.501,43.6329,-6.41849,214.793,170.95,182.687,0,0,0,0
15846,251127408,3122,2154.208798,5.36229,29.6899,614.671,98.426,325.673,115.399,309.729,25.1772,43.8531,224.757,150.476,210.997,0,0,0,0
15847,251159103,3122,2133.698120,-13.5606,10.5547,615.763,148.699,300.447,114.529,323.547,42.0638,15.4961,234.785,156.672,184.702,0,0,0,0
15848,251190800,3122,2005.354472,0.525352,6.30716,584.847,100.962,260.027,109.167,319.432,32.6085,16.4484,221.954,148.11,204.967,0,0,0,0
15849,251222499,3123,2049.816682,32.5128,-32.7759,592.875,100.286,244.484,190.677,301.52,22.5064,20.9481,216.289,173.395,187.1,0,0,0,0
15850,251254200,3123,2101.724139,8.50906,-57.9713,647.01,94.5479,294.255,152.933,307.209,17.7583,52.7348,223.182,189.251,172.307,0,0,0,0
15851,251285903,3124,2035.792728,-18.5931,-38.1119,641.204,88.8097,276.771,150.313,325.63,9.65458,27.9933,235.017,182.367,154.738,0,0,0,0
15852,251317608,3124,2302.008736,38.3134,-48.2552,661.218,94.2418,295.41,176.564,348.382,48.5478,37.1864,245.054,238.885,166.462,0,0,0,0
15853,251349315,3124,2339.612318,81.1215,-29.3437,666.461,88.438,295.048,146.068,330.399,67.2263,100.378,219.843,242.502,131.473,0,0,0,0
15854,251381024,3125,2334.449921,87.9384,-31.5444,666.526,125.868,320.808,130.641,313.946,58.7677,95.0877,198.816,232.744,134.852,0,0,0,0
15855,251412735,3125,2252.179048,71.6569,-31.5808,652.878,115.18,251.574,161.64,312.169,63.3807,94.2051,209.203,233.884,117.989,0,0,0,0
15856,251444448,3126,2057.264030,31.3841,-49.7294,653.936,110.602,256.019,118.268,294.185,36.5582,47.3871,178.934,256.212,123.508,0,0,0,0
15857,251476163,3126,2096.313973,37.0129,-46.8233,626.223,151.909,222.713,150.709,294.733,21.161,76.3959,180.048,241.998,140.233,0,0,0,0
15858,251507880,3126,1831.596409,28.6504,-81.9198,593.446,136.329,235.471,119.153,263.885,-4.29823,40.917,169.143,246.44,84.379,0,0,0,0
15859,251539599,3127,1727.528288,-10.8105,-96.9615,594.728,98.6908,221.227,124.399,261.764,-30.69,71.6195,192.935,222.136,78.4915,0,0,0,0
15860,251571320,3127,1822.546814,20.7374,-109.116,590.001,129.164,238.858,130.843,261.783,-61.8672,100.814,204.948,204.324,112.057,0,0,0,0
15861,251603043,3127,1847.557189,11.1868,-81.1051,562.219,98.5199,263.607,153.404,297.661,-99.3959,97.9176,207.242,228.944,107.357,0,0,0,0
15862,251634768,3128,1827.510813,0.644997,-50.207,511.544,125.988,268.296,122.65,316.611,-83.6534,85.5593,195.884,219.967,114.227,0,0,0,0
15863,251666495,3128,1643.321491,-10.9953,-64.2541,465.983,129.402,316.236,88.0254,315.425,-111.826,50.2693,193.355,189.404,82.2981,0,0,0,0
15864,251698224,3129,1633.772819,-21.6267,-69.3039,487.187,138.865,278.796,129.652,300.372,-98.1524,-8.46931,205.293,213.026,78.1349,0,0,0,0
15865,251729955,3129,1439.589399,-83.3566,-84.2988,489.619,154.27,264.478,139.021,244.654,-138.752,-19.5904,151.481,235.126,86.9374,0,0,0,0
15866,251761688,3129,1440.116475,-115.078,-97.4061,492.931,152.91,268.35,161.139,271.532,-126.58,-21.1737,160.967,220.984,71.5416,0,0,0,0
15867,251793423,3130,1482.424172,-135.897,-98.349,496.414,164.253,243.91,190.956,284.278,-148.972,30.3914,134.631,252.747,68.0617,0,0,0,0
15868,251825160,3130,1342.533989,-179.708,-105.404,480.718,163.826,232.652,174.323,249.357,-135.789,62.9417,178.104,192.679,28.8338,0,0,0,0
15869,251856899,3131,1091.366905,-198.617,-151.404,446.195,194.341,208.391,166.69,234.572,-202.895,14.6853,148.604,195.299,35.5055,0,0,0,0
15870,251888640,3131,1229.958269,-174.518,-175.407,463.608,240.852,221.194,160.058,236.248,-170.936,-12.4565,168.371,217.482,55.4643,0,0,0,0
15871,251920383,3131,1192.073689,-192.517,-170.356,411.136,247.364,236.122,156.5,238.263,-177.323,-1.73666,156.268,224.626,63.7277,0,0,0,0
15872,251952128,3132,1155.963695,-186.507,-155.416,398.541,232.927,234.732,178.049,239.473,-205.372,-5.85841,116.664,230.957,77.7736,0,0,0,0
15873,251983875,3132,1024.645704,-202.596,-177.312,404.061,213.492,271.469,145.544,200.081,-196.693,-17.5306,112.7,202.003,69.4263,0,0,0,0
15874,252015624,3133,1086.421931,-150.675,-192.321,435.519,191.113,289.266,122.911,208.158,-159.162,-14.7346,124.638,161.585,70.1249,0,0,0,0
15875,252047375,3133,1216.124282,-134.854,-159.274,390.147,208.616,259.187,128.276,237.099,-120.69,-10.115,146.29,184.355,87.0875,0,0,0,0
15876,252079128,3133,1112.940889,-119.023,-187.231,400.597,143.288,236.919,176.705,229.314,-115.593,-41.3636,143.392,186.305,59.6314,0,0,0,0
15877,252110883,3134,1048.551262,-131.291,-185.132,390.162,150.784,275.588,151.45,240.527,-123.127,-115.56,115.033,176.573,103.544,0,0,0,0
15878,252142640,3134,1113.305219,-136.55,-152.146,401.776,152.454,282.564,151.817,260.931,-102.233,-142.633,104.984,163.604,128.738,0,0,0,0
15879,252174399,3135,930.978492,-149.908,-185.995,365.393,157.066,312.483,120.985,200.344,-86.56,-153.517,94.643,152.464,103.581,0,0,0,0
15880,252206160,3135,1153.296603,-86.2565,-186.957,374.943,182.67,296.269,137.6,199.28,-34.0251,-106.584,103.833,140.066,132.457,0,0,0,0
15881,252237923,3135,1288.725351,-100.704,-149.864,375.609,172.395,301.931,123.281,229.159,-38.2737,-39.4025,102.527,167.683,144.383,0,0,0,0
15882,252269688,3136,1250.310682,-142.142,-125.773,340.154,228.114,316.843,108.58,251.3,-61.5338,-79.4377,120.878,177.277,116.052,0,0,0,0
15883,252301455,3136,1240.385420,-177.679,-71.6279,294.985,220.658,301.629,89.9987,243.236,-27.3574,-85.9547,138.815,198.972,114.711,0,0,0,0
15884,252333224,3137,1303.300202,-164.207,-88.5949,313.523,208.55,338.411,77.746,259.108,-11.0337,-97.3206,187.689,169.573,109.856,0,0,0,0
15885,252364995,3137,1141.562332,-179.834,-71.3976,298.289,180.027,321.379,108.034,275.385,-114.432,-127.836,137.483,206.033,108.432,0,0,0,0
15886,252396768,3137,1140.795099,-137.452,-106.312,301.935,165.856,319.097,154.648,263.125,-97.4706,-161.584,120.662,202.963,115.327,0,0,0,0
15887,252428543,3138,1152.034982,-167.168,-110.173,314.753,164.51,383.192,92.0082,288.264,-85.6575,-146.323,94.0797,248.921,75.6275,0,0,0,0
15888,252460320,3138,939.395070,-196.875,-122.035,315.449,108.213,342.903,97.7452,284.198,-98.9855,-195.618,110.884,226.841,66.6762,0,0,0,0
15889,252492099,3139,1065.608214,-141.681,-103.843,367.146,71.0971,327.805,114.163,288.069,-76.3052,-179.062,120.373,233.535,44.3115,0,0,0,0
15890,252523880,3139,1201.093750,-112.478,-88.7636,431.007,18.739,384.706,130.647,253.412,-42.7779,-166.099,104.875,222.147,65.6802,0,0,0,0
15891,252555663,3139,1189.035806,-125.374,-89.5195,434.812,50.4418,389.605,71.1294,273.209,-29.6025,-160.922,132.277,174.085,68.8949,0,0,0,0
15892,252587448,3140,1264.132918,-98.2604,-91.3877,447.552,36.3735,416.688,96.3557,272.284,-71.9312,-153.289,139.149,163.774,106.825,0,0,0,0
15893,252619235,3140,1265.152832,-151.246,-86.201,480.464,34.0694,376.457,117.024,283.489,-65.3281,-182.258,161.702,173.126,123.855,0,0,0,0
15894,252651024,3141,1176.323080,-163.222,-81.0171,421.198,17.9401,372.354,111.699,279.22,-88.587,-195.145,200.355,193.736,107.792,0,0,0,0
15895,252682815,3141,1124.050414,-211.297,-54.7783,452.218,-31.3077,309.373,107.054,261.223,-62.1945,-161.154,186.677,185.675,142.562,0,0,0,0
15896,252714608,3141,1224.104391,-174.363,-55.6519,432.945,9.61478,286.262,97.6568,249.021,-29.9524,-114.042,204.866,176.522,141.226,0,0,0,0
15897,252746403,3142,1172.402492,-187.527,-50.361,396.901,-9.63844,288.089,133.39,212.159,-45.1371,-97.7898,235.035,153.08,144.203,0,0,0,0
15898,252778200,3142,1033.791754,-229.683,-76.1824,393.793,-19.7779,302.045,100.676,205.36,-54.8189,-131.592,233.021,184.999,125.952,0,0,0,0
15899,252809999,3142,1206.916652,-184.937,-41.949,370.801,-16.8565,343.992,136.28,215.294,-60.3636,-73.7423,202.729,184.501,131.169,0,0,0,0
15900,252841800,3143,1149.877815,-217.183,-43.7183,352.685,-2.00248,287.939,148.882,237.493,-95.5431,-91.4142,223.593,219.031,130.116,0,0,0,0
15901,252873603,3143,1171.233883,-212.526,-34.4329,326.629,18.7932,277.886,150.485,243.425,-104.449,-73.4575,234.089,251.066,93.726,0,0,0,0
