n,X,dmax,E,B0,B1,B2,B3,B4,B5,B6,B7,B8,B9,B10,B11,B12,B13,B14,B15
30000,900060000,11189,-3709.529815,-1278.22,103.412,278.27,-265.928,30.077,-184.998,-6.21002,-479.003,168.684,-425.062,-430.036,-851.609,-196.177,-172.727,0,0
30001,900120003,11190,-3753.436993,-1303.74,113.124,276.256,-321.123,11.0677,-166.378,-18.6093,-434.936,177.472,-394.115,-460.969,-864.757,-180.129,-186.599,0,0
30002,900180008,11191,-3785.884176,-1324.25,99.7306,249.343,-270.322,9.88594,-190.636,-20.0737,-391.132,129.258,-386.605,-438.193,-820.359,-279.375,-153.157,0,0
30003,900240015,11192,-3505.086312,-1308.85,102.491,267.483,-179.742,-20.1226,-180.135,-55.2288,-366.003,206.12,-366.163,-459.771,-808.304,-169.873,-166.988,0,0
30004,900300024,11192,-3694.499606,-1255.44,92.1465,246.457,-168.836,-109.305,-164.516,-101.567,-384.326,249.764,-410.205,-528.779,-782.887,-200.783,-176.22,0,0
30005,900360035,11193,-3726.267767,-1229.13,114.853,212.644,-214.151,-83.4943,-224.721,-107.657,-378.65,231.368,-378.692,-560.049,-747.788,-148.606,-212.195,0,0
30006,900420048,11194,-3594.191150,-1200.81,135.558,260.666,-261.304,-92.5636,-226.159,-92.9386,-345.518,238.415,-352.528,-591.646,-730.74,-162.874,-171.751,0,0
30007,900480063,11194,-3502.520609,-1153.58,143.313,247.901,-257.619,-38.5769,-250.361,-85.5247,-336.586,200.466,-311.95,-610.906,-737.144,-169.133,-142.822,0,0
30008,900540080,11195,-3417.834605,-1105.34,123.964,277.969,-308.778,-15.7101,-222.687,-81.5566,-329.973,205.317,-309.559,-606.172,-719.973,-166.296,-159.038,0,0
30009,900600099,11196,-3387.035579,-1120.2,97.7685,359.146,-318.935,-10.9591,-213.953,-85.0861,-353.777,185.038,-352.042,-597.691,-673.579,-130.41,-172.357,0,0
30010,900660120,11197,-3289.798625,-1064.05,65.4682,318.316,-250.15,-8.86038,-254.334,-46.1796,-324.974,172.412,-288.241,-615.729,-637.817,-232.698,-122.965,0,0
30011,900720143,11197,-3545.774420,-1125.99,54.2191,290.593,-241.365,52.8898,-356.662,-88.2099,-332.043,148.674,-319.865,-650.185,-575.81,-227.175,-174.85,0,0
30012,900780168,11198,-3506.923292,-1162.92,53.9676,251.704,-208.366,8.75252,-345.928,-58.6797,-307.974,135.05,-236.992,-606.58,-551.383,-268.76,-208.816,0,0
30013,900840195,11199,-3353.874078,-1123.94,46.7674,254.974,-201.642,4.7305,-368.138,8.10218,-297.366,175.845,-226.18,-635.629,-543.39,-254.693,-193.309,0,0
30014,900900224,11200,-3175.149531,-1100.96,46.4624,311.187,-170.7,-49.4667,-343.466,36.0704,-316.783,195.29,-211.095,-584.235,-538.368,-286.298,-162.785,0,0
30015,900960255,11200,-3076.667326,-1100.07,73.311,293.505,-185.867,-6.19923,-375.966,82.4213,-277.976,167.558,-181.853,-574.172,-510.849,-324.541,-155.965,0,0
30016,901020288,11201,-3068.485972,-1011.18,69.0549,293.711,-209.988,104.483,-411.122,49.2558,-304.176,90.057,-167.483,-565.166,-532.153,-305.992,-167.793,0,0
30017,901080323,11202,-3226.283542,-1029.37,47.8499,347.023,-269.05,2.45722,-354.449,81.3483,-352.567,26.0549,-160.971,-548.237,-525.483,-315.614,-175.275,0,0
30018,901140360,11203,-3270.778474,-1051.56,21.6426,333.33,-252.171,1.42972,-365.778,76.8811,-388.307,-0.95903,-100.227,-524.029,-545.631,-280.978,-194.423,0,0
30019,901200399,11203,-3514.037898,-1082.84,28.4865,352.691,-286.237,10.4022,-423.047,26.7843,-386.506,-18.7196,-111.727,-567.552,-546.926,-294.251,-214.599,0,0
30020,901260440,11204,-3521.446809,-1056.11,1.22567,376.991,-277.254,-47.5136,-361.555,-17.5001,-438.116,4.85691,-104.771,-561.728,-572.341,-261.932,-205.698,0,0
30021,901320483,11205,-3580.050109,-1087.48,10.1185,405.346,-314.435,-67.7181,-335.536,-35.718,-434.249,-7.81237,-53.3136,-533.254,-624.225,-259.794,-241.983,0,0
30022,901380528,11206,-3446.307856,-1048.83,-15.0935,368.642,-271.401,-69.6351,-317.981,-29.6924,-425.446,-46.1525,-19.9431,-502.809,-580.706,-245.506,-241.751,0,0
30023,901440575,11206,-3439.957771,-1041.28,8.74566,349.204,-300.473,-66.6083,-297.371,-21.0987,-387.386,-52.6488,-16.4293,-535.998,-627,-187.378,-264.234,0,0
30024,901500624,11207,-3469.753612,-1055.73,26.5825,309.44,-260.444,16.2967,-395.471,-55.3226,-381.456,-72.6537,-40.0553,-532.96,-638.711,-103.234,-286.039,0,0
30025,901560675,11208,-3375.054657,-1062.26,32.4706,374.942,-289.523,9.2029,-385.627,-8.60886,-375.389,-12.1423,-68.321,-531.541,-687.409,-103.122,-267.727,0,0
30026,901620728,11209,-3565.595220,-1071.79,-23.7461,355.333,-277.44,-26.7176,-385.076,-50.7052,-352.262,-50.5624,-90.1358,-551.931,-721.363,-112.682,-206.52,0,0
30027,901680783,11209,-3471.573440,-1050.41,-8.80917,360.831,-263.522,17.1861,-396.414,-40.1202,-382.589,-83.588,-64.4929,-522.474,-737.538,-129.255,-170.38,0,0
30028,901740840,11210,-3656.531565,-1035.02,-27.977,324.268,-292.445,40.147,-389.393,-35.1568,-383.722,-118.664,-110.117,-529.635,-700.652,-207.813,-190.354,0,0
30029,901800899,11211,-3580.771181,-1029.72,-24.0937,310.706,-287.421,-11.7813,-301.553,3.62051,-366.726,-135.93,-97.5345,-519.349,-738.221,-182.601,-200.162,0,0
30030,901860960,11212,-3623.279171,-1072.42,-64.2126,372.245,-207.403,4.17815,-353.128,9.58377,-443.603,-154.366,-151.369,-558.083,-736.195,-112.561,-155.944,0,0
30031,901921023,11212,-3465.356856,-1003.21,-42.2804,351.784,-240.382,22.3121,-305.34,-7.8288,-446.928,-171.444,-132.636,-503.579,-756.835,-56.3607,-172.631,0,0
30032,901981088,11213,-3614.091995,-1064.99,-49.453,398.264,-299.258,-53.6793,-248.446,-18.1182,-462.737,-164.524,-99.6166,-535.815,-798.132,-19.034,-198.55,0,0
30033,902041155,11214,-3963.563196,-1119.87,-53.4719,437.85,-370.243,-88.6673,-283.725,20.8449,-501.874,-179.421,-163.385,-604.251,-787.518,-17.5919,-252.242,0,0
30034,902101224,11215,-4147.454210,-1122.73,-62.5956,439.324,-441.066,-110.711,-244.887,12.556,-539.809,-197.162,-158.019,-611.144,-878.089,10.187,-243.306,0,0
30035,902161295,11215,-3923.336990,-1053.69,-19.668,462.065,-473.054,-114.471,-226.284,77.2673,-589.883,-209.973,-215.847,-605.443,-827.061,94.0835,-221.377,0,0
30036,902221368,11216,-4356.212622,-1187.64,-22.7429,489.479,-520.883,-144.347,-236.504,-3.20827,-561.078,-259.459,-292.549,-598.374,-891.05,103.827,-231.679,0,0
30037,902281443,11217,-4519.121658,-1177.69,6.23351,448.161,-562.876,-187.399,-250.611,-23.1243,-508.278,-255.54,-301.321,-632.689,-973.756,129.968,-230.202,0,0
30038,902341520,11218,-4337.709473,-1155.72,-30.8949,465.783,-532.652,-220.391,-199.069,-1.22781,-478.028,-245.895,-311.23,-619.402,-911.347,142.51,-240.141,0,0
30039,902401599,11218,-4380.923150,-1180.85,-70.8696,494.46,-525.538,-189.039,-218.291,-6.82906,-510.288,-222.451,-278.861,-607.466,-950.463,196.962,-311.397,0,0
30040,902461680,11219,-4457.093429,-1216.97,-58.9492,440.075,-456.43,-265.037,-188.578,-29.7435,-538.36,-196.33,-318.341,-560.925,-998.262,209.943,-279.181,0,0
30041,902521763,11220,-4653.883759,-1239.19,-135.978,410.745,-416.211,-255.149,-189.565,-65.9147,-525.43,-175.612,-294.962,-605.382,-1058.84,169.163,-271.564,0,0
30042,902581848,11221,-4818.060692,-1261.39,-142.008,410.41,-388.051,-196.971,-275.848,-104.141,-558.37,-214.633,-290.587,-583.276,-1057.29,141.491,-297.392,0,0
30043,902641935,11221,-4764.277591,-1291.69,-137.988,541.18,-492.889,-201.973,-270.192,-149.56,-531.854,-233.329,-243.348,-621.594,-970.894,115.746,-275.89,0,0
30044,902702024,11222,-4981.332251,-1348.98,-156.072,553.839,-556.624,-193.801,-289.244,-195.477,-541.446,-214.928,-264.413,-595.074,-968.057,96.3277,-307.378,0,0
30045,902762115,11223,-5065.369778,-1402.37,-163.003,532.603,-554.524,-144.803,-281.353,-213.834,-553.192,-259.56,-220.882,-588.862,-982.599,80.0285,-313.023,0,0
30046,902822208,11224,-5134.525757,-1389.74,-187.038,485.31,-567.206,-160.691,-257.638,-211.627,-563.588,-233.782,-263.083,-606.705,-934.101,92.4181,-337.049,0,0
30047,902882303,11224,-4847.284900,-1392.21,-168.022,486.176,-566.107,-85.4039,-208.98,-183.98,-544.33,-231.063,-191.768,-603.475,-971.912,135.909,-322.118,0,0
30048,902942400,11225,-4892.655469,-1367.67,-137.009,435.875,-552.85,-67.4123,-201.976,-221.216,-572.602,-258.217,-195.337,-571.073,-1026.94,138.664,-294.891,0,0
30049,903002499,11226,-4937.651915,-1428.23,-112.944,446.682,-545.537,-102.304,-195.264,-201.448,-533.413,-290.571,-153.385,-569.211,-1068.23,157.403,-341.201,0,0
30050,903062600,11227,-5145.559465,-1457.77,-151.984,479.482,-589.282,-151.138,-166.495,-212.43,-559.547,-340.27,-180.665,-531.759,-1062.54,80.4158,-301.577,0,0
30051,903122703,11227,-5011.272854,-1404.41,-151.87,522.391,-591.082,-118.971,-205.605,-209.725,-549.293,-290.735,-154.781,-564.627,-1060.23,81.316,-313.647,0,0
30052,903182808,11228,-4834.695263,-1392.04,-121.862,543.133,-549.668,-92.8086,-202.892,-216.892,-525.563,-247.287,-186.259,-579.325,-1041.31,100.963,-322.881,0,0
30053,903242915,11229,-4660.293891,-1372.76,-102.802,570.087,-565.473,-118.707,-187.951,-173.25,-513.63,-254.177,-225.9,-551.416,-1008.39,138.565,-294.485,0,0
30054,903303024,11230,-4634.380116,-1351.48,-129.744,571.877,-508.116,-74.4311,-264.241,-186.232,-564.029,-222.464,-238.083,-555.072,-1002.04,179.458,-289.779,0,0
30055,903363135,11230,-4668.568906,-1371.29,-100.635,553.88,-476.924,-44.2104,-281.531,-192.278,-567.518,-222.098,-250.855,-591.128,-1000.11,113.654,-237.525,0,0
30056,903423248,11231,-4420.681370,-1252.09,-74.6312,551.717,-483.463,10.8863,-267.587,-182.768,-544.656,-220.904,-263.561,-612.574,-945.211,127.717,-263.56,0,0
30057,903483363,11232,-4592.462301,-1293.98,-77.4735,504.607,-438.166,-82.0716,-236.707,-193.811,-594.405,-212.664,-258.887,-634.127,-972.367,117.595,-220.006,0,0
30058,903543480,11233,-4725.551983,-1362.86,-37.4206,492.598,-460.873,-106.741,-235.876,-203.046,-584.802,-189.345,-293.94,-653.196,-968.845,88.4948,-209.697,0,0
30059,903603599,11233,-4673.109661,-1317.84,-18.3165,487.59,-505.467,-116.587,-220.114,-184.033,-603.939,-152.569,-329.001,-585.334,-1019.09,117.427,-225.83,0,0
30060,903663720,11234,-4472.337601,-1335.81,-41.2147,478.521,-427.125,-128.434,-231.232,-164.145,-583.142,-141.654,-323.415,-546.079,-993.138,191.751,-227.221,0,0
30061,903723843,11235,-4150.935115,-1286.87,-13.0617,469.506,-356.781,-143.167,-191.53,-164.567,-579.498,-122.212,-274.458,-558.857,-967.341,252.226,-214.32,0,0
30062,903783968,11236,-4263.664105,-1236.93,-50.0135,465.486,-389.33,-113.016,-263.47,-134.616,-576.296,-108.362,-281.243,-606.827,-1006.28,198.3,-161.068,0,0
30063,903844095,11236,-4408.739511,-1288.08,-85.8117,476.626,-438.989,-110.746,-274.761,-132.725,-584.71,-136.453,-243.364,-597.139,-1043.59,211.957,-160.958,0,0
30064,903904224,11237,-4497.442499,-1242.22,-102.715,481.493,-483.489,-87.7169,-263.767,-130.839,-624.72,-153.143,-247.253,-593.052,-1039.99,157.436,-167.471,0,0
30065,903964355,11238,-4512.079378,-1254.45,-106.566,480.679,-480.153,-116.339,-280.008,-81.0798,-585.055,-190.826,-237.667,-558.328,-1026.68,89.5079,-165.12,0,0
30066,904024488,11239,-4839.864073,-1327.67,-130.42,514.648,-535.6,-139.134,-278.246,-132.313,-624.678,-184.969,-247.731,-573.408,-1055.13,103.082,-228.294,0,0
30067,904084623,11239,-4693.880081,-1308.99,-101.223,483.83,-548.266,-96.8143,-236.306,-139.493,-585.947,-205.269,-218.51,-518.712,-1050.89,57.4725,-224.763,0,0
30068,904144760,11240,-4515.263149,-1319.3,-102.131,513.897,-550.774,-85.6109,-201.367,-106.478,-525.081,-184.484,-184.697,-528.917,-1070.57,112.895,-282.647,0,0
30069,904204899,11241,-4431.549737,-1214.7,-97.8849,441.967,-505.282,-63.4711,-170.375,-143.844,-559.831,-184.848,-215.973,-594.673,-991.799,191.615,-322.449,0,0
30070,904265040,11242,-4485.348133,-1275.1,-100.744,432.136,-526.902,-114.039,-96.7335,-126.649,-533.232,-157.586,-243.022,-569.684,-1037.41,174.181,-310.57,0,0
30071,904325183,11242,-4265.244394,-1228.58,-80.5513,407.306,-532.356,-43.6673,-114.033,-64.8858,-487.244,-182.881,-247.442,-612.981,-991.835,254.374,-340.465,0,0
30072,904385328,11243,-4460.446058,-1216.06,-99.3612,358.417,-519.818,-88.701,-121.983,-102.252,-515.994,-199.305,-250.417,-619.411,-964.834,197.873,-318.598,0,0
30073,904445475,11244,-4557.071215,-1214.63,-102.12,398.633,-564.443,-93.3351,-108.05,-96.4928,-514.262,-208.333,-262.34,-643.583,-912.838,118.577,-353.85,0,0
30074,904505624,11245,-4565.849599,-1303.2,-20.9834,327.792,-561.74,-63.9649,-134.232,-101.482,-505.885,-240.163,-272.948,-569.506,-936.373,212.14,-395.306,0,0
30075,904565775,11245,-4618.592118,-1352.85,-38.6933,408.11,-600.368,-33.771,-226.359,-121.665,-512.094,-198.987,-271.514,-593.401,-951.389,244.698,-370.304,0,0
30076,904625928,11246,-4651.487248,-1432.5,-75.5079,416.209,-611.727,47.4215,-238.37,-76.5952,-535.232,-168.131,-281.771,-598.165,-933.099,221.47,-385.485,0,0
30077,904686083,11247,-4421.642370,-1395.25,-53.2713,358.521,-520.195,35.7828,-203.378,-84.0228,-529.305,-165.016,-248.9,-580.392,-933.452,264.396,-367.166,0,0
30078,904746240,11248,-4451.564954,-1439.98,-101.037,454.721,-553.667,20.088,-254.508,-66.0159,-488.191,-118.367,-262.536,-513.039,-1022.84,219.946,-326.14,0,0
30079,904806399,11248,-4366.103033,-1398.81,-102.752,475.082,-530.026,24.4554,-285.869,-50.0043,-477.133,-193.93,-265.94,-469.269,-989.335,296.9,-399.477,0,0
30080,904866560,11249,-4292.531830,-1433.62,-79.571,583.328,-545.449,88.5808,-324.704,-67.2512,-452.015,-212.157,-233.351,-483.103,-973.357,273.587,-433.445,0,0
30081,904926723,11250,-4281.802952,-1436.54,-54.2367,538.629,-559.98,165.055,-327.835,-92.4928,-437.964,-242.454,-177.624,-498.65,-948.976,254.125,-462.865,0,0
30082,904986888,11251,-4193.171312,-1460.44,-48.0072,574.924,-530.184,86.3002,-237.142,-61.4868,-449.236,-231.402,-185.259,-473.736,-929.359,252.361,-500.507,0,0
30083,905047055,11251,-4513.658251,-1475.43,-70.7265,587.379,-559.662,-9.28439,-211.214,-89.7353,-460.18,-324.56,-166.738,-524.49,-990.737,251.883,-470.158,0,0
30084,905107224,11252,-4238.728267,-1377.42,-128.448,686.615,-538.037,36.0716,-253.283,-91.7275,-492.389,-277.443,-104.144,-591.768,-946.24,282.808,-443.32,0,0
30085,905167395,11253,-4272.607522,-1360.5,-118.119,651.01,-589.356,45.3095,-253.359,-89.8465,-501.819,-259.481,-106.982,-576.141,-1038.37,354.918,-429.865,0,0
30086,905227568,11254,-4157.130255,-1329.58,-115.894,716.401,-650.734,16.836,-208.429,-76.9678,-466.088,-223.357,-103.754,-596.16,-1043.09,318.755,-395.07,0,0
30087,905287743,11254,-4011.293631,-1299.74,-54.5153,643.845,-653.165,91.1913,-229.682,8.85135,-508.902,-247.661,-140.873,-611.077,-976.323,336.976,-370.216,0,0
30088,905347920,11255,-3756.577810,-1235.9,-53.2417,666.228,-648.438,101.539,-272.637,23.7301,-471.238,-225.404,-147.931,-546.361,-931.274,378.595,-394.245,0,0
30089,905408099,11256,-3789.824224,-1247.15,-47.9168,634.666,-625.71,142.602,-317.48,13.7972,-455.385,-153.964,-156.346,-562.421,-992.245,366.91,-389.18,0,0
30090,905468280,11257,-3985.538042,-1233.4,3.40571,613.098,-663.985,151.298,-322.848,-19.5119,-530.267,-178.709,-205.834,-641.604,-940.626,349.57,-366.13,0,0
30091,905528463,11257,-3977.045083,-1211.73,-37.2206,611.637,-679.37,185.531,-346.748,2.30018,-522.891,-171.942,-182.173,-696.397,-908.197,356.117,-375.961,0,0
30092,905588648,11258,-3966.684224,-1112.06,-60.9516,582.009,-585.54,73.9338,-329.826,4.18211,-495.969,-199.568,-210.076,-711.847,-860.809,285.047,-345.211,0,0
30093,905648835,11259,-4111.411681,-1223.48,-77.529,561.595,-553.876,89.2216,-370.083,-44.7561,-433.109,-198.39,-208.066,-703.663,-806.584,211.522,-354.214,0,0
30094,905709024,11259,-4240.369345,-1254.89,-69.2112,530.015,-565.104,129.622,-390.924,-60.6931,-450.123,-204.021,-212.254,-710.918,-885.845,212.572,-308.594,0,0
30095,905769215,11260,-3999.699525,-1202.4,-62.8422,541.702,-600.441,176.257,-366.998,-34.1248,-474.942,-215.519,-175.592,-676.305,-905.44,267.642,-270.699,0,0
30096,905829408,11261,-4103.980595,-1210.89,-62.4756,506.117,-573.566,198.422,-390.081,-45.1269,-473.157,-218.61,-240.158,-677.601,-897.176,284.768,-304.442,0,0
30097,905889603,11262,-4283.897692,-1235.48,-62.0577,475.691,-578.909,162.88,-416.162,-33.1269,-454.227,-248.955,-249.981,-647.06,-908.765,226.228,-313.967,0,0
30098,905949800,11262,-4274.017181,-1190.07,-64.7446,461.312,-607.089,173.278,-433.181,-55.1893,-418.248,-283.993,-258.687,-640.048,-875.612,209.479,-291.227,0,0
30099,906009999,11263,-4253.406682,-1188.74,-105.278,514.882,-605.27,130.791,-398.324,-42.3766,-432.066,-324.736,-261.098,-595.262,-925.59,234.747,-255.085,0,0
30100,906070200,11264,-4413.595127,-1205.41,-102.916,466.497,-604.512,149.3,-426.284,-102.502,-436.275,-352.96,-258.73,-573.815,-863.633,110.786,-213.142,0,0
30101,906130403,11265,-4308.601881,-1205.17,-76.5028,436.113,-583.698,134.576,-420.19,-45.317,-470.483,-326.987,-222.923,-513.539,-889.624,84.5051,-209.365,0,0
30102,906190608,11265,-4187.937629,-1201.92,-50.092,449.724,-579.833,164.143,-438.333,-17.7549,-519.975,-313.692,-240.113,-493.008,-841.323,110.2,-215.96,0,0
30103,906250815,11266,-4409.034832,-1289.77,-112.63,472.494,-518.076,172.709,-480.414,-14.002,-506.933,-341.784,-230.25,-547.706,-852.724,49.0724,-209.026,0,0
30104,906311024,11267,-4646.876187,-1301.6,-126.273,472.046,-564.105,198.096,-473.5,-36.8195,-530.272,-344.598,-274.014,-536.16,-903.131,0.606727,-227.149,0,0
30105,906371235,11268,-4706.919298,-1322.53,-133.762,421.81,-544.3,221.369,-473.466,-72.0734,-495.155,-374.174,-278.369,-571.21,-928.353,52.3508,-209.053,0,0
30106,906431448,11268,-4733.491550,-1310.45,-160.356,437.409,-564.387,235.876,-457.552,-80.0125,-486.906,-335.185,-311.842,-567.256,-1017.44,83.701,-199.082,0,0
30107,906491663,11269,-4456.277137,-1274.47,-86.8985,389.275,-541.583,254.433,-435.46,-30.205,-487.988,-351.079,-253.183,-568.1,-908.618,10.3422,-172.746,0,0
30108,906551880,11270,-4244.655150,-1263.48,-112.443,489.92,-561.621,197.819,-433.486,-4.27035,-473.939,-301.122,-243.671,-539.879,-865.171,42.5676,-175.883,0,0
30109,906612099,11271,-4028.714791,-1233.57,-62.9374,464.674,-558.768,241.317,-409.399,-34.5244,-431.958,-283.396,-239.576,-495.432,-871.425,111.298,-225.013,0,0
30110,906672320,11271,-4141.880038,-1205.67,-47.536,428.474,-621.863,235.644,-423.369,-62.5279,-471.104,-254.824,-264.145,-472.441,-910.452,162.422,-234.491,0,0
30111,906732543,11272,-4133.613392,-1194.85,-69.981,461.275,-652.958,249.432,-468.688,-64.3424,-421.182,-259.119,-285.11,-494.545,-889.675,192.48,-236.349,0,0
30112,906792768,11273,-4184.969687,-1187.03,-63.5307,473.016,-705.005,224.751,-418.487,-83.4142,-403.068,-249.146,-256.53,-527.455,-896.616,211.248,-303.706,0,0
30113,906852995,11274,-3950.850456,-1116.3,-9.02927,481.863,-749.048,249.303,-490.518,-71.7294,-388.956,-182.1,-248.446,-483.686,-887.603,195.355,-249.96,0,0
30114,906913224,11274,-4038.847234,-1150.56,-24.5302,510.653,-734.097,200.685,-446.428,-127.673,-384.229,-180.943,-274.424,-497.25,-830.286,140.25,-240.017,0,0
30115,906973455,11275,-3686.958301,-1035.91,-18.9799,434.602,-663.2,168.293,-361.637,-67.6806,-346.862,-154.438,-288.773,-429.311,-820.476,144.627,-247.211,0,0
30116,907033688,11276,-3722.806598,-1055.26,-24.5343,402.385,-620.033,166.9,-381.546,-84.8117,-348.136,-150.243,-272.554,-466.885,-827.079,175.758,-236.769,0,0
30117,907093923,11277,-3536.196725,-1056.7,8.0648,391.275,-535.251,58.4438,-288.464,-7.06888,-369.892,-135.873,-218.518,-470.515,-801.891,106.717,-216.527,0,0
30118,907154160,11277,-3573.167956,-1004.13,-9.44081,419.158,-563.143,78.9354,-337.436,26.1104,-405.969,-172.896,-240.437,-423.681,-813.391,103.524,-230.376,0,0
30119,907214399,11278,-3627.339250,-1055.65,-20.8952,408.15,-586.087,99.5407,-331.586,0.859587,-388.667,-164.679,-217.774,-398.342,-877.1,144.339,-239.447,0,0
30120,907274640,11279,-3434.481551,-1046.17,-44.352,501.974,-601.205,14.0251,-258.386,9.97056,-382.689,-148.765,-198.977,-373.646,-842.77,114.23,-177.724,0,0
30121,907334883,11280,-3476.003948,-1061.78,-40.7576,492.959,-601.1,1.50946,-249.243,27.7172,-375.377,-172.725,-223.967,-380.56,-867.128,110.754,-136.309,0,0
30122,907395128,11280,-3469.672245,-1113.38,-24.2679,495.885,-561.945,22.283,-262.633,39.6456,-355.722,-173.816,-251.95,-420.31,-829.461,113.719,-147.723,0,0
30123,907455375,11281,-3513.677506,-1148.07,-26.6246,471.97,-503.064,12.7098,-301.376,79.8823,-402.676,-187.455,-213.916,-430.833,-809.433,104.308,-159.103,0,0
30124,907515624,11282,-3418.065181,-1112.75,14.9139,445.837,-455.858,52.2466,-328.353,73.6901,-388.563,-204.882,-194.194,-432.532,-823.559,85.3007,-149.36,0,0
30125,907575875,11283,-3563.858411,-1157.53,-9.49633,419.916,-443.927,-28.1578,-248.271,104.613,-402.843,-216.363,-235.113,-461.841,-810.512,103.801,-178.132,0,0
30126,907636128,11283,-3404.343477,-1092.3,7.09106,366.884,-453.78,-27.6778,-231.251,123.419,-426.344,-204.247,-165.805,-497.512,-726.075,140.269,-217.012,0,0
30127,907696383,11284,-2975.970135,-1019.17,7.72963,406.959,-444.685,22.094,-166.344,175.594,-477.55,-158.686,-135.798,-506.586,-712.304,258.084,-225.31,0,0
30128,907756640,11285,-3155.042650,-1051.02,-18.7365,505.026,-482.654,22.6232,-204.153,145.459,-471.702,-197.397,-125.785,-528.984,-718.905,208.042,-236.855,0,0
30129,907816899,11286,-3124.593488,-1052.97,-75.0491,537.042,-439.401,-81.8413,-150.131,143.571,-483.983,-202.598,-108.832,-531.629,-656.992,197.561,-219.341,0,0
30130,907877160,11286,-3395.288095,-1046.91,-51.4664,497.157,-513.316,-80.1929,-176.111,126.312,-502.743,-229.651,-102.172,-527.954,-726.027,132.601,-194.814,0,0
30131,907937423,11287,-3446.089421,-1098.94,-25.8326,511.327,-531.23,-29.6034,-200.093,128.299,-489.372,-216.61,-141.939,-505.176,-746.065,82.4223,-183.276,0,0
30132,907997688,11288,-3632.913839,-1133.97,-63.2011,591.33,-585.931,7.10085,-229.133,145.414,-551.777,-263.489,-176.638,-547.177,-716.797,75.0332,-183.682,0,0
30133,908057955,11289,-3508.535773,-1088.08,-71.5183,557.546,-610.907,4.57119,-158.883,175.151,-587.475,-290.929,-148.333,-572.032,-697.598,167.571,-187.615,0,0
30134,908118224,11289,-3371.817583,-1051.19,-31.9404,550.598,-587.609,-50.6149,-135.862,200.135,-517.56,-288.82,-125.113,-633.785,-716.131,166.86,-150.781,0,0
30135,908178495,11290,-3537.804646,-1090.4,-36.2088,504.916,-535.532,-61.0268,-147.963,166.06,-549.252,-282.533,-217.749,-666.777,-607.167,103.089,-117.263,0,0
30136,908238768,11291,-3681.002960,-1146.59,21.418,434.961,-570.296,-89.4455,-178.773,187.109,-563.212,-303.413,-221.205,-638.143,-552.457,79.8594,-140.812,0,0
30137,908299043,11292,-3648.353481,-1106.88,-19.904,487.219,-545.114,-181.922,-119.64,164.032,-540.359,-211.846,-158.996,-704.042,-587.651,25.6856,-148.936,0,0
30138,908359320,11292,-3651.684355,-1103.16,-20.2283,429.418,-552.88,-175.994,-138.683,192.202,-518.512,-209.081,-155.476,-649.68,-635.804,24.3794,-138.185,0,0
30139,908419599,11293,-3512.445252,-1073.53,24.4985,455.672,-550.7,-156.472,-133.435,196.938,-527.466,-215.324,-135.891,-626.378,-614.793,64.9798,-220.543,0,0
30140,908479880,11294,-3553.999898,-1078.9,51.1206,374.917,-502.417,-195.894,-102.423,240.924,-528.967,-192.414,-137.158,-658.047,-641.871,85.2255,-268.101,0,0
30141,908540163,11295,-3631.420012,-1053.35,54.8963,342.111,-553.188,-173.145,-118.352,168.155,-536.248,-201.913,-93.2123,-668.769,-570.324,40.3331,-268.412,0,0
30142,908600448,11295,-3685.064126,-1053.8,54.5673,392.406,-582.908,-182.628,-130.162,147.831,-545.945,-200.468,-102.631,-697.634,-558.114,-4.85503,-220.722,0,0
30143,908660735,11296,-3647.544877,-1048.34,66.2894,329.807,-484.681,-184.645,-164.265,179.006,-570.353,-156.961,-130.824,-642.407,-536.421,-85.3455,-218.401,0,0
30144,908721024,11297,-3469.970132,-1027.88,84.0092,324.989,-407.296,-195.247,-122.023,186.046,-557.986,-248.069,-140.448,-628.716,-547.581,-62.668,-127.104,0,0
30145,908781315,11298,-3542.929623,-1030.5,85.7802,274.384,-387.075,-192.444,-105.893,181.904,-592.204,-226.822,-111.297,-638.108,-594.057,-92.5001,-114.093,0,0
30146,908841608,11298,-3620.884480,-1036.12,43.4465,266.667,-374.692,-186.756,-89.8227,184.885,-665.095,-228.596,-135.422,-618.541,-573.368,-112.021,-95.4474,0,0
30147,908901903,11299,-3721.361335,-1161.83,75.2663,220.11,-346.473,-184.011,-146.755,168.682,-644.986,-214.696,-65.7076,-622.842,-618.251,-99.1306,-80.7333,0,0
30148,908962200,11300,-3820.877998,-1160.54,59.9814,270.386,-373.096,-237.211,-142.864,148.85,-675.069,-243.173,-51.1706,-616.68,-610.105,-121.144,-69.045,0,0
30149,909022499,11301,-3723.068542,-1122.33,39.7477,323.824,-378.718,-273.647,-136.443,164.649,-614.574,-282.298,-42.6568,-634.563,-673.605,-21.9261,-70.5231,0,0
30150,909082800,11301,-3699.567738,-1137.12,25.5116,289.201,-378.454,-275.848,-112.434,160.877,-582.312,-252.367,-57.4364,-650.15,-678.442,-3.50025,-47.0911,0,0
30151,909143103,11302,-3438.911175,-1002,41.3268,312.687,-385.133,-232.936,-80.4846,214.797,-606.942,-235.694,-104.286,-611.684,-604.279,-91.7206,-52.5577,0,0
30152,909203408,11303,-3140.403885,-968.878,78.0372,280.058,-325.654,-233.372,-22.186,170.962,-568.706,-206.9,-61.756,-582.021,-556.626,-64.5009,-78.8598,0,0
30153,909263715,11304,-3128.887645,-915.844,53.9011,322.536,-355.394,-228.695,-34.0041,165.818,-565.925,-235.685,-93.8856,-519.439,-540.805,-82.6479,-98.8172,0,0
30154,909324024,11304,-3115.608238,-906.803,65.6604,260.957,-298.917,-273.842,1.94486,135.925,-588.877,-211.571,-96.0158,-532.11,-518.092,-59.7416,-94.126,0,0
30155,909384335,11305,-3121.083309,-915.854,59.4708,204.536,-195.494,-301.109,40.9456,180.841,-637.71,-181.014,-138.429,-503.687,-561.421,-20.6969,-151.462,0,0
30156,909444648,11306,-2910.433244,-883.897,60.2789,320.95,-186.079,-332.492,79.3033,180.632,-642.542,-188.77,-140.559,-540.574,-490.438,-24.5108,-121.735,0,0
30157,909504963,11307,-2724.889038,-867.033,84.1381,337.47,-192.716,-277.704,27.4856,191.92,-623.627,-177.453,-182.826,-540.112,-435.126,36.4575,-105.763,0,0
30158,909565280,11307,-3083.227659,-913.161,60.8927,324.038,-258.248,-219.975,-22.3937,139.777,-654.912,-201.828,-230.019,-534.88,-410.294,-42.8916,-119.334,0,0
30159,909625599,11308,-2775.776487,-846.381,94.8008,298.607,-228.833,-205.954,-13.3264,162.939,-625.861,-139.127,-186.019,-497.07,-415.106,-67.9153,-106.53,0,0
30160,909685920,11309,-2633.562603,-823.594,99.6042,309.115,-228.315,-229.401,-34.2731,198.98,-658.114,-73.7676,-136.288,-489.625,-414.656,-70.3511,-82.8763,0,0
30161,909746243,11310,-2626.497106,-866.9,66.4587,374.731,-246.906,-249.559,-37.9782,201.834,-667.07,-67.6037,-169.924,-444.226,-455.562,-28.5368,-35.2559,0,0
30162,909806568,11310,-2696.769350,-915.198,44.3109,345.234,-248.335,-263.833,-6.85637,189.812,-689.095,-46.033,-179.102,-381.673,-461.67,-60.4671,-23.8631,0,0
30163,909866895,11311,-2633.774896,-907.588,74.2143,367.004,-316.929,-258.935,-17.9171,193.785,-698.186,-58.0591,-143.022,-397.287,-413.217,2.26416,-59.904,0,0
30164,909927224,11312,-2727.399215,-949.97,125.013,330.501,-340.363,-263.038,-26.7373,187.887,-752.209,-11.2273,-132.436,-417.368,-375.012,-36.6209,-65.8186,0,0
30165,909987555,11313,-2443.495374,-835.446,87.9653,372.211,-329.963,-287.376,34.6714,188.863,-718.298,-0.984198,-129.425,-389.05,-347.42,-28.2645,-60.9788,0,0
30166,910047888,11313,-2258.335392,-781.913,45.8128,380.81,-319.346,-239.482,25.6118,192.022,-714.26,-46.4246,-84.3385,-383.833,-334.132,40.3946,-39.2581,0,0
30167,910108223,11314,-2278.172202,-762.473,30.7115,363.568,-271.891,-234.643,28.7307,144.062,-684.091,-41.8012,-109.316,-380.378,-352.015,7.78278,-16.4184,0,0
30168,910168560,11315,-2164.354153,-710.025,-20.3922,346.213,-224.335,-179.813,-27.0394,200.099,-670.98,-23.5498,-71.5123,-407.963,-355.437,-8.34281,-11.2771,0,0
30169,910228899,11316,-2246.167569,-726.67,-24.4446,319.859,-176.721,-169.039,-70.6897,256.95,-777.205,-68.7125,-77.2907,-415.063,-352.214,36.1277,-1.05487,0,0
30170,910289240,11316,-2352.644044,-746.307,-15.6018,351.659,-163.166,-156.032,-89.6911,175.983,-735.162,-42.6178,-107.844,-457.891,-358.37,48.4214,-56.0229,0,0
30171,910349583,11317,-2448.648469,-771.037,31.3945,328.406,-164.611,-180.431,-77.4608,131.081,-724.865,-31.2645,-108.543,-473.933,-414.018,50.2415,-43.6082,0,0
30172,910409928,11318,-2184.241229,-785.759,45.2862,323.093,-87.0069,-166.49,-23.4105,82.1794,-699.953,-9.22217,-39.823,-451.819,-372.732,51.6904,-50.274,0,0
30173,910470275,11319,-2246.707545,-814.574,56.229,365.94,-150.402,-150.663,-46.1204,44.2144,-686.915,-3.52658,-30.8088,-438.791,-364.99,62.3918,-88.6918,0,0
30174,910530624,11319,-2162.504703,-829.38,6.16952,418.622,-126.745,-171.893,-56.83,40.1255,-672.813,17.3686,29.4913,-434.545,-333.414,31.3902,-80.0515,0,0
30175,910590975,11320,-2221.803694,-897.28,0.161191,472.57,-220.253,-211.833,12.1056,79.2848,-669.574,17.5461,-8.4065,-443.056,-311.852,13.3974,-54.6148,0,0
30176,910651328,11321,-2139.970437,-889.172,-47.9519,523.246,-234.492,-273.071,13.6269,141.067,-660.864,5.37809,54.8872,-420.618,-271.408,-31.448,-49.1514,0,0
30177,910711683,11322,-2288.930148,-923.156,-73.9114,535.135,-232.95,-237.188,-69.1461,185.103,-714.503,-19.5855,87.6219,-437.327,-275.617,-42.8585,-70.5488,0,0
30178,910772040,11322,-2154.281283,-896.132,-76.9756,521.965,-230.246,-209.307,-15.0347,226.197,-765.787,-12.8217,100.635,-434.002,-240.7,-20.8544,-101.217,0,0
30179,910832399,11323,-1983.782614,-886.201,-53.9886,526.902,-258.596,-247.429,55.0139,232.23,-767.494,18.9414,95.8625,-436.072,-200.202,30.0302,-92.7803,0,0
30180,910892760,11324,-1758.318054,-868.263,-67.004,582.725,-263.953,-245.264,145.243,274.448,-754.384,70.1617,62.4432,-388.807,-202.491,-12.6789,-90.4951,0,0
30181,910953123,11325,-1639.393627,-892.417,-55.9682,577.603,-215.254,-184.676,122.525,271.484,-744.156,94.3299,46.6787,-377.744,-237.137,45.3172,-89.9789,0,0
30182,911013488,11325,-1580.865630,-797.563,-81.0371,507.528,-144.504,-283.628,216.693,224.331,-719.44,113.361,57.1111,-391.535,-283.919,118.266,-116.529,0,0
30183,911073855,11326,-1583.071240,-842.802,-113.952,568.507,-159.861,-265.694,185.8,230.357,-681.081,75.2658,52.625,-390.8,-275.107,139.879,-106.207,0,0
30184,911134224,11327,-1542.639432,-813.033,-34.9725,539.373,-173.062,-284.938,186.082,239.387,-711.104,53.1573,64.9982,-380.676,-207.917,126.824,-146.758,0,0
30185,911194595,11328,-1555.351642,-843.356,7.05858,560.398,-166.426,-326.839,153.303,260.298,-695.87,80.4046,47.5932,-343.261,-252.141,94.3967,-130.911,0,0
30186,911254968,11328,-1576.690312,-800.672,33.0873,427.312,-110.573,-351.908,194.47,214.638,-702.029,74.3015,51.8208,-309.668,-266.382,89.6711,-120.759,0,0
30187,911315343,11329,-1657.650291,-833.081,65.1673,470.386,-170.94,-306.981,160.749,190.481,-711.604,-1.4106,109.844,-300.129,-252.178,61.9543,-139.91,0,0
30188,911375720,11330,-1794.746648,-858.481,42.1425,480.346,-154.092,-326.173,136.03,186.573,-714.087,22.3536,43.9975,-283.757,-241.996,39.0347,-166.638,0,0
30189,911436099,11331,-1751.772686,-826.975,58.2713,452.361,-98.2994,-350.134,214.189,201.791,-769.79,-34.8192,60.8569,-303.798,-277.965,56.415,-133.875,0,0
30190,911496480,11331,-1917.724407,-858.46,19.2953,427.369,-150.62,-362.21,232.528,193.754,-737.753,-29.9884,98.1587,-366.197,-231.831,22.7325,-174.501,0,0
30191,911556863,11332,-1755.209280,-874.038,39.3706,493.538,-209.829,-282.054,188.635,177.787,-706.78,38.2508,81.6804,-393.344,-213.174,43.8788,-139.13,0,0
30192,911617248,11333,-1874.667861,-857.609,5.44347,499.487,-251.936,-322.253,223.908,152.815,-720.422,70.944,53.7611,-390.337,-198.494,40.4349,-180.41,0,0
30193,911677635,11334,-1991.032285,-863.272,14.5675,484.649,-273.206,-250.333,165.187,176.029,-726.578,66.7731,-9.80105,-370.719,-272.024,42.3547,-174.66,0,0
30194,911738024,11334,-2058.221173,-876.927,16.5869,495.7,-278.258,-173.354,145.463,165.055,-716.285,8.26089,-75.14,-403.492,-280.244,87.6483,-173.235,0,0
30195,911798415,11335,-1902.664297,-909.675,12.7598,576.91,-286.531,-162.32,162.564,180.204,-680.315,11.2961,-55.1223,-407.969,-247.998,29.5957,-126.062,0,0
30196,911858808,11336,-1850.387581,-870.415,19.828,604.955,-247.59,-116.231,84.9024,186.987,-676.474,-14.5323,-41.1113,-408.402,-208.212,-50.0033,-114.089,0,0
30197,911919203,11337,-2005.843308,-803.247,18.9473,531.106,-234.757,-104.321,79.1742,157.324,-716.115,-68.7096,-105.454,-403.867,-252.623,19.8722,-123.173,0,0
30198,911979600,11337,-1813.269791,-792.072,2.06438,508.304,-171.985,-39.3457,-9.66863,166.346,-700.949,-72.2873,-72.0815,-409.138,-213.094,96.5579,-105.92,0,0
30199,912039999,11338,-1694.565578,-740.99,-28.7674,556.504,-160.99,-111.143,38.6674,149.315,-690.239,-51.5255,-108.149,-365.158,-205.97,116.462,-92.5812,0,0
30200,912100400,11339,-1504.100616,-699.9,-6.70393,593.696,-134.112,-89.2921,39.9989,127.398,-655.075,-77.1507,-61.7029,-393.401,-240.666,153.614,-60.8045,0,0
30201,912160803,11340,-1305.288543,-687.902,0.513109,652.889,-151.288,-5.26694,-17.7318,152.548,-649.781,-74.5949,-80.6898,-321.782,-250.581,160.409,-32.0291,0,0
30202,912221208,11340,-1337.151362,-698.896,17.6254,626.076,-138.247,-23.2408,-50.6335,167.512,-650.678,-45.9024,-104.814,-285.397,-255.374,153.584,-48.7657,0,0
30203,912281615,11341,-1406.344490,-744.984,2.78893,607.476,-148.426,42.7831,-107.303,179.782,-625.038,-66.8725,-136.952,-313.927,-234.345,230.785,-92.1136,0,0
30204,912342024,11342,-1439.167616,-709.063,-8.04991,594.551,-168.39,38.6887,-101.855,183.621,-635.744,-56.4987,-146.36,-352.367,-224.63,258.982,-112.052,0,0
30205,912402435,11343,-1617.480280,-738.235,9.16242,513.945,-96.575,-11.234,-92.7051,170.83,-656.513,-78.6252,-142.916,-423.922,-235.789,295.811,-130.714,0,0
30206,912462848,11343,-2062.141586,-803.399,-4.72996,484.174,-114.488,-12.0997,-140.315,98.7272,-670.739,-147.251,-170.551,-463.49,-276.604,294.869,-136.245,0,0
30207,912523263,11344,-2020.888067,-814.656,58.5312,466.563,-131.619,-10.8472,-125.457,84.1911,-663.572,-157.004,-185.877,-510.75,-209.129,322.108,-143.369,0,0
30208,912583680,11345,-1725.965347,-742.905,84.6877,459.839,-139.647,-66.0057,-60.7175,95.96,-590.345,-157.252,-126.729,-487.839,-172.401,331.199,-153.809,0,0
30209,912644099,11346,-1534.643116,-653.247,92.8953,367.169,-78.5635,3.06783,-57.511,71.1725,-555.379,-123.703,-71.3519,-482.618,-201.812,328.872,-173.634,0,0
30210,912704520,11346,-1545.993987,-688.581,119.101,380.545,-68.5941,26.1419,-112.239,101.128,-508.414,-148.057,-99.4899,-482.762,-209.998,308.637,-163.412,0,0
30211,912764943,11347,-1175.000637,-681.007,101.357,430.923,-22.6233,101.33,-87.0917,151.214,-510.114,-138.367,-104.258,-425.991,-207.109,377.625,-160.889,0,0
30212,912825368,11348,-1349.782428,-664.426,139.509,364.294,30.5055,69.3433,-95.6451,88.4822,-514.084,-184.284,-112.958,-446.83,-222.735,349.738,-150.693,0,0
30213,912885795,11349,-1491.825598,-676.937,65.8141,371.718,1.41509,115.295,-106.265,102.442,-532.92,-172.717,-193.948,-460.735,-248.794,320.639,-76.8325,0,0
30214,912946224,11349,-1258.397297,-656.441,86.0147,408.085,-50.4581,130.65,13.8239,148.588,-539.76,-128.089,-199.014,-447.815,-245.042,263.195,-42.1351,0,0
30215,913006655,11350,-1347.885250,-654.037,93.2664,387.663,-73.4405,72.7221,10.1522,151.668,-516.596,-125.06,-175.421,-453.284,-264.443,262.18,-63.2558,0,0
30216,913067088,11351,-1501.460473,-729.626,86.5159,425.97,-92.375,108.842,-46.5867,151.941,-522.948,-172.307,-194.759,-415.883,-280.165,276.279,-96.3588,0,0
30217,913127523,11352,-1753.331799,-788.307,5.81647,442.489,-42.3078,39.733,-1.02859,100.02,-514.462,-180.951,-221.318,-474.13,-257.879,246.539,-107.546,0,0
30218,913187960,11352,-1910.600680,-768.98,-3.98765,446.949,-63.1888,78.1435,-47.881,69.1626,-514.689,-211.439,-272.235,-434.352,-314.12,266.063,-140.046,0,0
30219,913248399,11353,-2319.043356,-933.746,-3.63822,385.518,-103.124,139.147,-46.5016,30.9947,-524.269,-294.749,-253.572,-431.048,-357.388,208.403,-135.071,0,0
30220,913308840,11354,-2080.647968,-914.504,12.6065,418.971,-108.956,102.208,-29.2405,85.2619,-519.37,-262.58,-231.779,-437.819,-264.447,219.503,-150.504,0,0
30221,913369283,11355,-2316.433081,-984.355,7.90238,427.533,-131.898,87.2675,-56.8026,113.467,-538.075,-233.103,-259.191,-426.137,-309.216,165.135,-178.962,0,0
30222,913429728,11355,-2376.753132,-1010.2,-16.8041,523.036,-202.678,86.4403,-28.5413,98.6097,-558.111,-293.067,-229.382,-405.952,-286.28,123.405,-177.232,0,0
30223,913490175,11356,-2489.857490,-1039.13,-54.4593,527.698,-171.621,72.8468,-58.3957,114.505,-557.207,-342.105,-166.013,-418.994,-311.142,98.0226,-183.861,0,0
30224,913550624,11357,-2395.766675,-942.061,-64.2193,529.195,-207.461,133.726,-41.7259,91.8274,-557.987,-388.549,-168.223,-400.564,-338.682,147.977,-189.019,0,0
30225,913611075,11358,-2239.570435,-953.081,-11.8258,483.797,-141.245,146.899,-23.528,87.8441,-548.817,-405.523,-156.494,-376.113,-308.65,137.203,-170.037,0,0
30226,913671528,11358,-2227.224741,-949.094,-21.5369,530.395,-126.033,178.125,-47.1489,56.0491,-578.049,-444.151,-201.404,-358.341,-251.464,123.007,-137.58,0,0
30227,913731983,11359,-2402.541292,-923.199,-40.1969,556.099,-171.983,188.408,-92.7717,21.9395,-526.568,-472.391,-214.247,-331.185,-321.511,66.3007,-141.236,0,0
30228,913792440,11360,-2567.724026,-985.296,-21.8592,548.69,-177.667,134.577,-96.7506,30.1432,-545.732,-470.697,-310.026,-269.049,-335.205,69.5366,-138.39,0,0
30229,913852899,11361,-2487.131508,-1075.49,-25.4704,556.335,-92.5142,129.567,-108.963,18.281,-494.112,-466.214,-287.943,-249.103,-290.768,63.3215,-164.064,0,0
30230,913913360,11361,-2492.802979,-1049.67,-44.1862,503.027,-75.3093,188.962,-162.706,18.5422,-489.543,-462.395,-250.211,-269.8,-298.276,78.2112,-179.451,0,0
30231,913973823,11362,-2390.219043,-1044.94,-53.7486,546.774,-70.1037,152.186,-52.5079,36.4348,-493.182,-496.035,-248.409,-278.814,-279.89,73.0302,-181.012,0,0
30232,914034288,11363,-2548.117652,-1004.21,-88.4156,511.353,-49.7957,153.289,-53.9596,18.7587,-510.15,-490.203,-297.895,-313.069,-309.421,91.8123,-206.212,0,0
30233,914094755,11364,-2392.576193,-912.57,-34.0314,567.199,-86.54,128.448,-27.7662,16.8991,-537.868,-503.581,-276.095,-270.265,-335.875,28.0126,-148.545,0,0
30234,914155224,11365,-2189.630236,-872.922,-40.6496,539.828,-54.233,127.669,7.54963,62.1599,-486.772,-498.483,-338.652,-266.779,-334.092,122.603,-156.856,0,0
30235,914215695,11365,-2159.642573,-834.367,-91.2166,592.722,-135.091,165.884,19.0966,100.983,-488.068,-472.05,-380.141,-286.092,-307.513,122.87,-166.661,0,0
30236,914276168,11366,-2227.173080,-802.803,-99.8884,553.397,-148.625,194.097,-0.592553,93.2455,-467.582,-459.838,-378.059,-318.854,-305.389,137.226,-223.508,0,0
30237,914336643,11367,-2313.263398,-828.333,-98.4066,544.178,-138.489,162.368,4.83753,156.38,-491.751,-486.876,-455.257,-350.772,-242.842,128.985,-217.286,0,0
30238,914397120,11368,-2383.204292,-848.854,-103.029,527.007,-119.19,143.524,-50.8543,134.52,-505.586,-456.781,-413.171,-369.537,-270.427,140.32,-191.146,0,0
30239,914457599,11368,-1943.315944,-790.468,-98.6012,610.837,-154.725,165.968,22.4007,157.656,-490.557,-420.091,-359.082,-358.702,-182.322,146.051,-191.682,0,0
30240,914518080,11369,-1897.986684,-804.075,-85.1752,620.66,-175.543,120.061,12.0024,163.79,-459.599,-389.071,-351.5,-298.87,-199.373,144.589,-195.881,0,0
30241,914578563,11370,-1768.224187,-771.774,-48.6981,619.483,-198.194,114.328,17.4292,128.923,-396.307,-397.84,-324.851,-274.248,-154.611,83.4558,-165.32,0,0
30242,914639048,11371,-1835.359641,-769.465,-58.3257,583.354,-218.738,140.595,-70.2029,166.182,-398.543,-361.351,-312.838,-263.802,-174.487,108.135,-205.873,0,0
30243,914699535,11371,-1991.692152,-742.249,-66.7998,535.332,-210.502,147.917,-104.955,161.257,-398.252,-350.33,-379.475,-291.544,-179.603,85.022,-197.51,0,0
30244,914760024,11372,-1927.250884,-699.025,-6.37857,460.09,-194.996,202.181,-177.586,158.453,-367.898,-371.498,-396.167,-272.644,-187.874,130.15,-204.057,0,0
30245,914820515,11373,-1689.209172,-639.893,-26.9062,543.115,-234.711,208.498,-120.105,199.4,-381.809,-413.881,-386.154,-234.787,-136.51,82.8395,-148.304,0,0
30246,914881008,11374,-1449.621259,-670.754,-3.43611,612.921,-250.264,225.702,-161.799,247.722,-341.839,-405.651,-334.135,-227.862,-153.006,175.742,-162.962,0,0
30247,914941503,11374,-1449.962082,-676.708,-16.9149,571.994,-196.925,214.139,-164.371,246.728,-377.685,-405.102,-280.062,-258.539,-97.3574,176.728,-185.888,0,0
30248,915002000,11375,-1388.815584,-632.654,-40.4984,544.9,-172.428,252.393,-135.011,209.858,-366.4,-401.01,-252.758,-301.767,-57.3924,153.86,-189.908,0,0
30249,915062499,11376,-1543.351931,-626.692,-47.9283,495.861,-131.04,294.65,-197.412,225.179,-352.303,-421.847,-298.385,-275.063,-127.356,148.752,-229.767,0,0
30250,915123000,11377,-1586.318601,-602.722,-60.4629,496.868,-158.601,266.967,-178.165,219.187,-379.342,-349.954,-334.23,-253.151,-142.886,169.671,-279.497,0,0
30251,915183503,11377,-1595.355384,-614.845,-87.9464,498.93,-172.16,222.164,-130.627,249.442,-380.124,-330.064,-314.29,-289.79,-101.991,135.822,-279.875,0,0
30252,915244008,11378,-1728.743452,-687.961,-75.4322,485.878,-192.672,175.475,-54.1491,236.636,-398.159,-344.105,-264.339,-290.745,-126.005,107.676,-300.841,0,0
30253,915304515,11379,-1614.164761,-632.169,-118.867,555.932,-212.237,117.841,-8.78892,227.826,-373.679,-291.832,-328.277,-288.221,-101.415,96.1378,-256.418,0,0
30254,915365024,11380,-1568.099171,-633.369,-101.406,574.982,-157.695,114.15,-34.2499,234.019,-423.912,-308.737,-315.111,-263.743,-123.977,109.854,-238.905,0,0
30255,915425535,11380,-1608.369686,-624.662,-99.792,475.138,-134.318,94.5773,-60.005,218.155,-426.559,-286.572,-274.877,-241.988,-79.75,105.421,-273.138,0,0
30256,915486048,11381,-1740.565843,-642.947,-118.283,472.129,-143.728,108.88,-30.4133,199.034,-438.532,-301.022,-295.94,-237.718,-101.524,50.8718,-261.373,0,0
30257,915546563,11382,-1800.526756,-641.324,-144.722,470.279,-149.3,99.2431,-78.1146,257.533,-448.571,-285.66,-293.491,-234.322,-147.658,84.341,-288.759,0,0
30258,915607080,11383,-1814.661827,-614.694,-98.1636,465.369,-146.712,102.606,-141.636,266.6,-485.418,-247.11,-353.71,-219.926,-141.847,111.027,-311.046,0,0
30259,915667599,11383,-1675.490764,-591.157,-51.5541,416.568,-103.122,82.855,-50.1608,274.793,-473.135,-286.08,-376.836,-173.016,-114.942,127.683,-357.387,0,0
30260,915728120,11384,-1452.941356,-600.611,-43.0493,395.652,-60.6494,82.3853,14.1975,243.047,-469.17,-296.462,-291.101,-203.185,-97.0821,157.137,-284.051,0,0
30261,915788643,11385,-1276.662009,-633.158,7.60899,432.845,-103.066,78.6276,22.7284,242.115,-421.149,-271.443,-282.293,-156.914,-91.4469,184.76,-285.875,0,0
30262,915849168,11386,-876.599059,-561.698,22.1626,450.978,-41.4309,96.0435,77.0255,278.425,-405.056,-284.479,-287.072,-148.398,-60.2889,218.425,-231.236,0,0
30263,915909695,11386,-911.347766,-571.33,43.7674,376.324,-34.0143,154.576,-37.4393,268.306,-371.965,-301.397,-281.711,-164.781,-53.5162,219.741,-157.908,0,0
30264,915970224,11387,-744.864974,-526.954,88.3698,395.398,-48.2743,124.869,-3.91106,265.68,-338.548,-243.917,-295.776,-152.315,-1.3199,218.622,-226.789,0,0
30265,916030755,11388,-726.822832,-549.671,43.0234,352.684,84.246,75.2222,-21.4387,276.806,-341.592,-236.026,-301.384,-192.479,49.6266,252.21,-218.05,0,0
30266,916091288,11389,-740.200693,-482.38,68.5723,299.912,85.9286,60.6363,-79.1441,274.118,-356.567,-230.936,-283.598,-138.924,6.80701,263.65,-228.275,0,0
30267,916151823,11389,-640.254773,-464.182,86.2748,303.194,92.5027,67.045,-36.5565,304.182,-337.347,-220.848,-282.945,-117.551,-14.7661,173.273,-192.529,0,0
30268,916212360,11390,-622.877969,-435.976,56.8725,332.468,15.0686,81.4518,20.9727,266.492,-282.194,-286.75,-254.928,-84.2293,-33.9962,174.725,-192.854,0,0
30269,916272899,11391,-608.775758,-417.863,68.5214,272.744,98.8016,112.8,18.4996,271.558,-291.782,-314.927,-305.203,-76.4663,-81.0218,176.128,-140.566,0,0
30270,916333440,11392,-597.364837,-425.741,28.168,347.067,65.4205,82.2625,65.9102,283.619,-284.752,-361.25,-314.974,-89.5249,-99.6687,223.611,-117.511,0,0
30271,916393983,11392,-741.104722,-430.713,0.865677,358.444,25.9863,70.901,104.148,276.993,-341.99,-360.491,-346.463,-114.393,-96.0265,225.32,-113.686,0,0
30272,916454528,11393,-707.919235,-474.676,30.4587,334.707,66.8749,87.0714,88.8461,273.239,-329.647,-380.199,-369.377,-68.0903,-99.3,226.997,-94.8245,0,0
30273,916515075,11394,-699.528637,-492.732,42.2053,321.13,69.4345,157.531,21.3737,253.424,-317.556,-349.244,-398.162,-39.1587,-33.0034,181.938,-116.709,0,0
30274,916575624,11395,-770.620798,-497.781,12.8471,317.389,153.212,125.047,-78.1609,246.548,-248.206,-373.107,-405.777,-35.416,-14.1637,170.357,-143.409,0,0
30275,916636175,11395,-1115.731696,-541.922,-26.4599,309.967,132.879,94.505,-147.751,222.674,-281.447,-368.815,-439.779,-47.6413,-24.0027,131.043,-128.982,0,0
30276,916696728,11396,-880.475598,-506.055,9.23083,268.219,173.649,150.021,-150.404,260.044,-292.158,-319.403,-403.899,-67.7096,-5.8106,154.094,-150.295,0,0
30277,916757283,11397,-698.951308,-487.281,52.9727,283.684,197.311,151.472,-180.763,253.293,-251.943,-308.498,-344.163,-68.0902,-18.8762,176.13,-154.2,0,0
30278,916817840,11398,-492.694341,-416.499,37.6098,289.143,270.079,208.985,-143.238,222.414,-283.246,-254.673,-343.372,-44.6904,-26.0994,108.302,-117.41,0,0
30279,916878399,11398,-726.151676,-473.81,-7.5995,290.604,287.794,104.499,-155.713,198.784,-275.159,-303.924,-317.378,-47.3328,3.86525,39.2741,-70.0552,0,0
30280,916938960,11399,-595.237581,-416.112,-60.9135,343.057,267.556,139.89,-150.252,228.779,-252.355,-293.647,-314.49,-77.4281,-21.4201,129.309,-117.21,0,0
30281,916999523,11400,-555.606208,-473.508,-90.1764,384.511,250.375,129.281,-146.611,231.335,-238.852,-320.879,-302.619,5.06887,-46.4137,172.343,-109.461,0,0
30282,917060088,11401,-422.242664,-435.896,-89.4416,530.013,159.135,65.9054,-72.2065,213.271,-191.306,-273.199,-345.037,62.2818,-82.2444,188.69,-152.209,0,0
30283,917120655,11401,-711.252793,-469.376,-81.6556,554.62,53.8962,33.3541,-92.8078,220.574,-183.419,-286.658,-329.248,69.732,-142.26,109.327,-167.332,0,0
30284,917181224,11402,-566.973166,-437.848,-103.974,545.063,94.8168,67.8568,-123.168,263.945,-152.268,-289.566,-242.578,-12.495,-101.189,104.894,-180.46,0,0
30285,917241795,11403,-791.963285,-429.413,-130.14,526.664,88.5165,37.3597,-137.593,215.877,-178.178,-316.067,-241.279,-39.474,-153.017,171.424,-206.645,0,0
30286,917302368,11404,-743.887701,-450.971,-131.409,513.155,151.434,88.7459,-197.132,228.373,-210.962,-252.063,-230.36,-6.94729,-169.5,161.63,-237.88,0,0
30287,917362943,11404,-994.716068,-530.621,-140.628,486.858,119.243,54.5374,-200.786,237.242,-198.747,-257.818,-239.773,-20.8121,-209.905,143.795,-237.301,0,0
30288,917423520,11405,-1169.240358,-522.263,-151.849,412.341,110.099,44.8619,-163.918,190.669,-255.596,-258.881,-293.39,-8.79634,-267.802,199.589,-204.305,0,0
30289,917484099,11406,-1413.525622,-555.997,-192.019,368.986,68.9566,2.4193,-125.64,211.909,-265.771,-297.594,-319.529,4.39706,-281.543,184.954,-217.053,0,0
30290,917544680,11407,-1417.595233,-561.724,-154.294,339.623,87.8667,37.9163,-109.001,189.091,-250.351,-348.12,-351.868,-55.8723,-169.343,185.028,-256.546,0,0
30291,917605263,11407,-1337.387635,-505.544,-147.415,346.315,129.666,18.529,-114.485,197.145,-272.082,-327.506,-351.784,-108.121,-175.432,227.425,-254.1,0,0
30292,917665848,11408,-1327.509333,-502.356,-120.641,367.894,105.68,-53.8035,-84.0857,240.634,-263.932,-308.149,-372.99,-107.004,-165.7,193.673,-256.73,0,0
30293,917726435,11409,-1231.646211,-518.26,-90.8152,346.632,169.475,-26.311,-116.161,228.754,-284.972,-264.668,-338.049,-89.7493,-171.957,237.595,-313.158,0,0
30294,917787024,11410,-1627.460542,-611.157,-116.992,361.26,70.4302,-62.7025,-87.8815,182.743,-333.434,-308.961,-354.832,-113.577,-187.728,214.007,-278.636,0,0
30295,917847615,11410,-1610.811914,-620.146,-127.118,396.046,63.3331,-16.0936,-96.3643,200.355,-251.742,-307.033,-342.022,-158.299,-261.83,253.438,-343.337,0,0
30296,917908208,11411,-1594.054706,-607.127,-127.348,301.72,68.283,-29.49,-46.7966,221.658,-287.518,-317.538,-308.508,-170.067,-220.374,286.013,-356.961,0,0
30297,917968803,11412,-1879.133057,-626.201,-147.425,217.447,94.1799,-38.1162,-68.9889,213.768,-229.242,-369.312,-319,-198.683,-263.396,220.569,-364.733,0,0
30298,918029400,11413,-1909.120657,-642.268,-146.607,196.222,116.239,22.6046,-131.652,185.011,-233.291,-370.041,-287.429,-228.064,-302.409,255.771,-343.207,0,0
30299,918089999,11413,-1892.659802,-637.426,-164.738,276.051,122.188,21.1472,-105.144,128.188,-239.011,-368.813,-310.549,-193.274,-278.037,198.527,-341.768,0,0
30300,918150600,11414,-1898.136054,-645.577,-192.87,294.765,75.1856,29.6919,-49.3369,127.363,-270.118,-377.933,-314.961,-191.282,-285.705,235.522,-332.879,0,0
30301,918211203,11415,-2034.577751,-703.821,-232.952,275.588,116.129,-52.6525,-40.8907,159.478,-243.777,-351.12,-326.446,-208.237,-319.589,257.624,-363.911,0,0
30302,918271808,11416,-1919.189588,-693.057,-239.138,298.351,136.179,-81.9978,-24.2007,195.84,-241.562,-344.894,-300.514,-178.283,-347.577,207.708,-306.044,0,0
30303,918332415,11416,-1966.095344,-744.385,-206.171,242.328,145.175,-94.2805,-15.9845,205.893,-239.412,-381.802,-273.632,-167.953,-284.416,180.803,-332.258,0,0
30304,918393024,11417,-1921.692816,-714.706,-219.309,255.032,98.22,-101.919,21.9939,228.687,-212.265,-375.132,-182.781,-147.105,-347.321,108.673,-333.76,0,0
30305,918453635,11418,-1649.070405,-679.119,-206.395,353.002,86.21,-126.151,63.3222,193.611,-217.25,-306.179,-197.837,-108.678,-297.949,127.68,-333.338,0,0
30306,918514248,11419,-1641.651520,-639.525,-206.484,301.808,137.363,-207.556,95.9496,186.725,-198.165,-310.363,-224.124,-41.1616,-317.049,83.2941,-302.364,0,0
30307,918574863,11419,-1513.976096,-633.023,-150.521,306.773,116.241,-158.846,57.6945,179.959,-165.887,-341.754,-210.383,-7.64793,-282.287,89.1504,-313.444,0,0
30308,918635480,11420,-1644.772491,-679.513,-168.664,318.678,62.3873,-145.14,43.0824,158.506,-124.866,-351.253,-166.508,-15.0966,-320.733,93.9116,-349.564,0,0
30309,918696099,11421,-1690.957107,-723.096,-164.652,348.531,67.5349,-137.61,0.761673,190.494,-128.526,-345.512,-218.294,-75.7813,-317.43,91.1503,-278.528,0,0
30310,918756720,11422,-1774.097313,-676.671,-136.746,344.537,53.5131,-201.903,40.3883,128.103,-122.7,-359.492,-272.132,-88.4895,-311.203,165.458,-336.76,0,0
30311,918817343,11422,-1737.617780,-675.339,-121.788,304.545,33.6595,-135.084,18.9538,130.149,-145.485,-325.547,-209.12,-86.4176,-312.786,131.462,-344.82,0,0
30312,918877968,11423,-1693.864269,-685.998,-144.833,270.438,97.7971,-99.5001,-1.54704,160.383,-125.953,-308.661,-207.545,-73.2952,-359.255,125.707,-341.603,0,0
30313,918938595,11424,-1448.525493,-575.751,-188.826,361.492,81.8817,-111.029,77.4311,121.614,-139.129,-257.365,-162.306,-69.5747,-397.065,197.786,-387.684,0,0
30314,918999224,11425,-1443.870075,-604.496,-198.924,408.434,20.1841,-98.1544,42.6982,160.849,-80.5278,-278.172,-188.658,-50.5703,-386.512,199.937,-389.958,0,0
30315,919059855,11425,-1374.555559,-556.333,-231.869,374.589,104.1,-49.4562,50.3149,167.329,-82.4485,-281.878,-211.292,-101.363,-393.821,253.651,-416.079,0,0
30316,919120488,11426,-1452.506710,-578.163,-171.918,339.472,110.451,-35.9329,23.0541,177.441,-117.619,-311.732,-279.782,-68.8217,-418.497,313.443,-433.901,0,0
30317,919181123,11427,-1735.019281,-564.085,-174.916,277.621,79.5277,-98.3521,25.8491,174.857,-134.604,-329.916,-283.976,-113.984,-417.65,280.333,-455.724,0,0
30318,919241760,11428,-1821.828464,-555.999,-159.917,257.657,35.6552,-61.4849,-14.6515,159.151,-184.264,-344.834,-266.979,-104.989,-462.778,321.712,-440.107,0,0
30319,919302399,11428,-2010.711697,-626.006,-189.866,271.802,43.8947,-101.614,-12.2674,129.384,-215.182,-299.948,-239.597,-141.32,-449.89,267.767,-447.869,0,0
30320,919363040,11429,-2072.978207,-594.005,-182.92,313.885,-15.9282,-131.098,1.46535,138.802,-244.907,-277.062,-308.869,-116.5,-397.021,219.458,-478.277,0,0
30321,919423683,11430,-2222.717596,-641.097,-193.821,269.969,-14.7498,-115.35,5.08104,103.845,-258.629,-319.919,-297.01,-127.237,-422.302,243.541,-455.04,0,0
30322,919484328,11431,-2115.759397,-584.181,-203.826,308.101,-24.4649,-114.601,26.8161,40.263,-242.358,-266.167,-268.067,-113.051,-441.457,215.462,-448.229,0,0
30323,919544975,11432,-2244.521129,-595.357,-216.78,283.339,-40.2879,-142.794,80.3746,46.4924,-306.28,-214.424,-282.138,-107.625,-444.148,145.074,-449.967,0,0
30324,919605624,11432,-2072.349035,-484.526,-223.736,291.412,-28.9537,-93.0499,44.0508,53.7856,-270.192,-230.483,-314.761,-98.4654,-425.502,154.907,-446.834,0,0
30325,919666275,11433,-2087.314041,-513.787,-184.641,314.644,-16.784,-107.307,19.4804,106.261,-277.982,-221.007,-362.255,-84.8628,-435.333,78.4974,-402.237,0,0
30326,919726928,11434,-2111.621538,-527.041,-175.651,317.818,-40.4515,-58.5063,-7.60587,140.305,-294.032,-247.519,-412.373,-70.2902,-421.249,126.013,-441.037,0,0
30327,919787583,11435,-1973.071128,-484.387,-105.508,261.099,-3.2283,-12.7019,-54.2272,139.536,-244.825,-238.298,-361.373,-98.5392,-453.029,159.384,-476.973,0,0
30328,919848240,11435,-2184.229210,-454.726,-81.4687,170.265,18.0427,-62.0233,-59.3787,114.823,-250.416,-243.484,-338.297,-147.783,-523.795,141.287,-467.278,0,0
30329,919908899,11436,-2081.397641,-401.156,-56.3786,261.54,-68.574,6.65797,-97.712,148.179,-283.473,-199.952,-349.997,-145.164,-577.239,107.75,-425.879,0,0
30330,919969560,11437,-1976.696730,-385.58,-45.2908,215.755,9.69466,-34.427,-68.1561,135.278,-263.134,-245.312,-325.202,-115.536,-587.925,136.52,-403.382,0,0
30331,920030223,11438,-2080.070044,-376.095,-22.1519,169.131,-4.03534,-101.689,8.44929,144.88,-275.055,-257.776,-358.764,-103.882,-605.933,72.2078,-369.355,0,0
30332,920090888,11438,-2025.089670,-396.603,-33.1177,117.34,21.4483,-2.95525,-1.82047,146.105,-266.105,-240.346,-344.103,-142.672,-598.581,130.297,-413.976,0,0
30333,920151555,11439,-1817.040180,-325.204,-28.93,123.709,77.6017,-50.1649,57.9668,114.579,-238.633,-248.476,-291.164,-194.188,-588.88,175.986,-401.243,0,0
30334,920212224,11440,-1773.110182,-342.797,-10.8469,114.966,50.0283,-65.3725,115.633,103.436,-193.62,-259.662,-304.719,-201.519,-586.305,167.863,-360.196,0,0
30335,920272895,11441,-1797.931699,-409.482,-46.7127,202.436,9.34528,-82.4052,106.186,127.037,-185.538,-280.252,-294.351,-161.974,-564.66,120.517,-338.077,0,0
30336,920333568,11441,-1631.253255,-400.16,-49.5808,194.687,30.7646,-37.9069,89.1463,149.381,-129.204,-291.835,-208.561,-201.12,-517.08,116.088,-375.872,0,0
30337,920394243,11442,-1166.757068,-282.93,-9.3978,202.045,25.1325,-35.9474,172.812,146.417,-111.994,-253.432,-209.843,-151.201,-505.171,168.672,-321.92,0,0
30338,920454920,11443,-1138.988666,-260.692,-9.31945,230.503,0.549996,-89.1598,258.299,160.894,-127.854,-292.076,-251.544,-140.348,-411.228,138.317,-345.33,0,0
30339,920515599,11444,-1280.695024,-269.547,-80.0876,270.909,-7.03088,-69.3147,220.908,174.181,-136.577,-314.211,-249.238,-170.71,-443.01,148.059,-355.026,0,0
30340,920576280,11444,-1244.341192,-304.395,-81.9604,311.308,-74.6183,-74.3572,265.631,146.344,-69.3711,-295.329,-207.586,-137.867,-519.119,157.138,-360.158,0,0
30341,920636963,11445,-1352.115978,-347.334,-90.7821,345.761,-54.2605,-114.578,309.471,114.505,-103.423,-298.319,-213.218,-150.21,-535.886,108.29,-322.132,0,0
30342,920697648,11446,-1295.829843,-346.266,-79.6061,331.154,10.3143,-83.7933,264.957,95.0409,-150.953,-270.43,-212.052,-157.086,-547.116,146.995,-296.989,0,0
30343,920758335,11447,-1233.385052,-290.291,-80.379,284.761,53.6705,-110.781,308.564,98.2636,-143.811,-303.282,-208.56,-158.302,-564.42,147.336,-266.154,0,0
30344,920819024,11447,-1025.505264,-318.308,-48.2565,252.096,123.185,-95.0025,300.46,104.105,-96.8673,-224.401,-212.756,-188.694,-488.721,111.39,-243.735,0,0
30345,920879715,11448,-784.657984,-263.417,-49.9806,288.696,89.5901,-8.22572,276.12,188.206,-82.722,-215.661,-214.463,-222.971,-431.576,121.585,-259.839,0,0
30346,920940408,11449,-778.733999,-265.519,-63.8093,260.132,97.157,-48.2151,314.785,179.552,-90.4474,-224.238,-244.09,-181.394,-416.883,164.15,-259.913,0,0
30347,921001103,11450,-780.859061,-201.713,-107.587,256.781,136.56,-88.4391,313.502,184.708,-98.2436,-174.836,-308.372,-206.031,-397.748,188.008,-277.449,0,0
30348,921061800,11450,-656.666259,-145.9,-84.3667,235.263,82.0665,-25.607,327.279,152.055,-108.296,-172.076,-276.639,-177.868,-443.509,228.761,-247.829,0,0
30349,921122499,11451,-650.604233,-127.179,-65.0955,281.799,16.6282,-40.719,335.056,141.525,-103.892,-185.812,-268.415,-149.705,-431.282,184.544,-238.059,0,0
30350,921183200,11452,-684.148701,-165.45,-87.9289,251.436,34.1321,-65.833,354.835,160.809,-96.7479,-149.657,-247.327,-138.862,-428.613,170.778,-275.72,0,0
30351,921243903,11453,-667.994786,-166.814,-98.6089,301.02,-32.3622,-65.7103,333.438,153.152,-101.481,-90.8525,-301.105,-95.1539,-419.564,217.94,-301.894,0,0
30352,921304608,11453,-854.311213,-198.17,-96.3935,260.598,4.2448,-69.0593,311.268,117.307,-79.0865,-130.19,-284.742,-119.198,-414.581,180.049,-336.359,0,0
30353,921365315,11454,-1190.804673,-293.618,-125.127,229.282,57.7998,-127.117,318.104,181.84,-89.0693,-164.9,-360.804,-139.434,-414.551,124.372,-387.581,0,0
30354,921426024,11455,-1219.640829,-306.059,-139.863,220.855,92.4059,-94.1749,286.759,159.12,-100.796,-156.819,-360.362,-134.299,-425.584,149.603,-410.426,0,0
30355,921486735,11456,-1304.774410,-351.593,-190.547,291.64,54.9024,-18.2351,265.297,175.276,-163.658,-140.87,-388.852,-180.814,-442.013,164.476,-379.784,0,0
30356,921547448,11456,-1342.914274,-356.118,-165.337,255.206,31.6132,-24.1235,258.012,193.621,-189.456,-118.999,-393.276,-172.079,-405.597,102.047,-358.428,0,0
30357,921608163,11457,-1235.251984,-323.736,-197.972,242.932,48.1039,-39.4749,278.842,223.15,-159.636,-133.706,-387.11,-176.561,-351.986,73.989,-332.087,0,0
30358,921668880,11458,-1301.169855,-339.347,-205.713,247.599,17.7565,-64.3661,315.437,210.303,-184.917,-144.244,-390.96,-146.681,-374.626,57.8432,-299.255,0,0
30359,921729599,11459,-1302.262738,-311.05,-191.402,273.427,0.356119,-94.3727,320.273,199.896,-198.901,-175.786,-399.954,-117.096,-367.561,50.7121,-290.804,0,0
30360,921790320,11459,-934.800748,-259.745,-129.094,256.087,24.0025,-97.3833,315.863,196.986,-142.955,-143.674,-376.939,-110.959,-249.287,65.4764,-283.178,0,0
30361,921851043,11460,-973.375504,-267.533,-141.734,219.855,30.5957,-180.622,370.807,234.575,-143.686,-161.015,-354.083,-56.977,-276.749,53.4196,-300.229,0,0
30362,921911768,11461,-936.907786,-265.313,-154.48,222.617,14.351,-145.461,321.404,234.04,-151.481,-125.195,-340.709,-43.8493,-324.52,123.083,-301.395,0,0
30363,921972495,11462,-1145.986269,-298.186,-186.071,178.486,59.9415,-184.587,344.23,210.192,-174.604,-103.845,-346.619,-69.1611,-236.692,26.31,-365.38,0,0
30364,922033224,11462,-1096.457336,-274.05,-189.768,203.189,49.6908,-194.716,368.176,185.533,-166.144,-192.971,-306.408,-54.0539,-188.329,59.1683,-395.774,0,0
30365,922093955,11463,-1319.265742,-316.008,-194.413,108.051,90.3862,-245.731,391.004,218.872,-171.938,-196.3,-341.817,-69.9226,-190.19,-3.99668,-397.263,0,0
30366,922154688,11464,-1538.080902,-317.958,-176.061,37.8556,89.077,-274.806,364.71,197.459,-177.797,-227.496,-373.877,-24.8896,-261.703,8.24738,-400.843,0,0
30367,922215423,11465,-1584.552444,-357,-166.657,59.7663,73.6605,-276.589,327.363,165.552,-172.266,-260.343,-359.219,21.0679,-173.32,-98.1987,-368.369,0,0
30368,922276160,11465,-1370.134748,-319.034,-108.358,19.6167,66.5117,-283.84,395.243,149.014,-140.261,-237.539,-325.503,-13.2946,-137.103,-116.897,-318.69,0,0
30369,922336899,11466,-1469.132318,-322.161,-128.906,35.4685,31.2535,-258.744,336.009,136.288,-122.057,-276.533,-368.783,51.9196,-132.91,-150.438,-299.54,0,0
30370,922397640,11467,-1394.643683,-292.28,-113.558,115.367,-66.0622,-234.706,290.657,127.873,-110.916,-240.584,-388.543,65.73,-169.837,-67.7907,-309.992,0,0
30371,922458383,11468,-1603.987826,-389.492,-134.159,133.373,2.73272,-265.669,268.421,122.9,-143.976,-205.79,-402.817,25.8862,-207.495,-100.261,-307.643,0,0
30372,922519128,11468,-1541.783104,-382.696,-134.762,106.159,-50.48,-241.52,221.187,130.673,-136.838,-143.913,-398.812,13.6714,-158.677,-94.1588,-271.616,0,0
30373,922579875,11469,-1479.458020,-392.993,-120.315,96.2113,-33.8008,-200.66,221.246,122.76,-172.311,-55.0969,-362.945,20.6524,-270.964,-45.1518,-286.09,0,0
30374,922640624,11470,-1584.396977,-446.282,-97.9718,73.0991,-22.9047,-240.626,243.949,113.284,-147.168,-139.411,-360.444,-22.3527,-223.501,-54.6281,-259.441,0,0
30375,922701375,11471,-1687.011398,-464.663,-84.4753,22.1995,-18.2286,-249.421,293.655,99.4931,-152.357,-189.017,-322.428,-9.06282,-290.931,-89.9781,-231.797,0,0
30376,922762128,11472,-1676.605714,-481.037,-99.0834,15.0808,3.71642,-241.507,295.414,153.703,-128.898,-155.258,-395.347,8.14229,-330.11,-88.8743,-232.547,0,0
30377,922822883,11472,-1627.049728,-469.503,-40.6404,-24.8781,23.443,-232.423,243.289,124.291,-125.369,-159.137,-330.915,-61.4615,-254.353,-64.686,-254.707,0,0
30378,922883640,11473,-1405.074647,-391.961,-54.1998,-7.8428,33.2756,-171.333,276.114,170.623,-108.69,-168.716,-289.261,-55.5228,-262.815,-94.0018,-280.744,0,0
30379,922944399,11474,-1158.913123,-351.512,-37.708,81.1936,13.2199,-237.366,359.872,125.832,-27.9709,-140.315,-275.454,-71.2191,-238.763,-124.197,-234.525,0,0
30380,923005160,11475,-1145.821067,-345.056,7.67919,-15.7244,69.9912,-225.283,384.69,137.731,-65.1509,-167.041,-269.957,-76.5227,-199.925,-157.218,-224.036,0,0
30381,923065923,11475,-950.723949,-256.691,-33.7802,47.3056,32.8195,-131.145,389.625,176.625,-134.757,-158.098,-277.446,-98.0766,-170.336,-137.76,-199.009,0,0
30382,923126688,11476,-1159.251971,-328.319,4.65577,-5.617,-12.1915,-158.236,375.324,199.144,-176.885,-146.543,-239.502,-89.393,-243.994,-137.382,-200.313,0,0
30383,923187455,11477,-1148.684352,-368.04,23.1429,-33.38,-12.4204,-167.865,366.026,234.604,-161.678,-121.011,-209.991,-95.4859,-262.411,-170.991,-169.184,0,0
30384,923248224,11478,-1092.342183,-401.753,32.6276,23.585,-80.4361,-99.0793,377.014,188.061,-133.285,-122.278,-217.697,-102.193,-281.359,-80.3527,-195.197,0,0
30385,923308995,11478,-1382.143724,-425.558,15.1635,20.8156,-69.6167,-186.885,381.951,220.452,-150.278,-145.72,-283.178,-167.172,-351.863,-28.9759,-211.279,0,0
30386,923369768,11479,-1251.391919,-386.356,-6.4052,-8.11843,-7.57973,-103.808,311.708,202.724,-126.82,-162.116,-296.038,-164.681,-270.929,-8.25992,-224.712,0,0
30387,923430543,11480,-1317.541461,-393.246,37.1795,-21.8389,-48.762,-115.617,336.4,225.993,-175.164,-106.461,-325.594,-236.123,-265.564,1.77986,-230.524,0,0
30388,923491320,11481,-1157.635465,-341.128,49.6596,-20.7268,-33.786,-145.428,354.099,271.7,-155.287,-93.5118,-339.575,-185.593,-240.219,-48.7388,-229.1,0,0
30389,923552099,11481,-1706.249820,-473.103,4.19079,26.4933,-69.809,-124.359,315.087,239.968,-214.023,-173.577,-349.504,-284.774,-229.286,-73.5894,-299.964,0,0
30390,923612880,11482,-1536.717759,-378.071,35.7197,-18.2932,-63.891,-87.1714,316.901,239.484,-234.818,-196.571,-335.347,-270.854,-233.635,-38.5096,-271.661,0,0
30391,923673663,11483,-1765.442663,-430.13,21.2997,-93.0251,-44.916,-37.0975,260.597,222.938,-258.755,-171.496,-303.416,-299.702,-275.36,-42.8074,-313.572,0,0
30392,923734448,11484,-1698.825754,-442.182,47.7751,-82.8175,-51.8935,-111.916,355.643,277.956,-282.42,-198.283,-292.69,-317.793,-304.11,-4.41647,-291.677,0,0
30393,923795235,11484,-1730.785397,-500.327,53.4039,-88.5567,-43.9244,-127.849,360.451,322.347,-316.029,-231.137,-245.248,-340.239,-247.556,-54.5229,-271.598,0,0
30394,923856024,11485,-1853.518195,-504.464,70.9281,-87.3002,-29.8484,-147.608,332.086,263.924,-297.766,-265.882,-195.817,-295.235,-293.993,-105.477,-297.065,0,0
30395,923916815,11486,-2037.948462,-454.693,26.5034,-120.885,-84.9369,-87.5416,276.191,262.254,-255.763,-325.402,-230.809,-240.896,-375.15,-91.1327,-335.688,0,0
30396,923977608,11487,-2034.185069,-473.915,2.07636,-36.6884,-106.812,-94.4224,256.999,283.705,-304.5,-281.519,-185.725,-314.949,-415.831,-56.0356,-306.568,0,0
30397,924038403,11487,-2125.207032,-496.229,-56.2995,-61.3321,-86.8515,-53.1872,253.805,272.034,-311.298,-340.866,-174.068,-294.22,-375.906,-68.0505,-332.739,0,0
30398,924099200,11488,-2343.623319,-557.535,-53.78,-115.982,-99.7839,-75.0684,287.793,241.546,-303.972,-366.726,-148.566,-297.444,-400.153,-112.088,-341.864,0,0
30399,924159999,11489,-2149.464941,-536.934,-70.1071,-22.5768,-114.715,-90.8286,343.483,207.252,-219.025,-370.709,-178.618,-324.507,-357.945,-77.1244,-337.109,0,0
30400,924220800,11490,-2185.463870,-469.325,-81.5388,-14.2865,-144.709,-32.6594,318.522,185.263,-258.701,-364.503,-189.828,-321.752,-312.249,-118.642,-381.056,0,0
30401,924281603,11490,-2382.009490,-524.809,-119.919,-7.83473,-150.59,6.45665,279.39,172.714,-265.243,-388.424,-185.24,-296.14,-345.942,-140.026,-416.401,0,0
30402,924342408,11491,-2346.951249,-459.285,-95.3023,-13.4956,-125.366,11.6322,256.195,142.225,-286.108,-389.032,-146.525,-317.201,-371.369,-167.234,-386.085,0,0
30403,924403215,11492,-2468.069287,-500.853,-119.634,-57.9434,-106.471,-51.0814,264.119,139.677,-280.171,-377.827,-189.099,-288.305,-335.193,-171.995,-393.292,0,0
30404,924464024,11493,-2315.222535,-505.414,-102.071,-103.61,-67.1411,-27.7956,301.982,137.943,-282.907,-385.815,-186.074,-321.587,-239.004,-157.92,-375.808,0,0
30405,924524835,11493,-2108.032055,-470.067,-83.3535,-160.118,5.85774,-50.8581,343.082,134.389,-239.58,-429.198,-201.929,-257.806,-208.33,-111.222,-378.899,0,0
30406,924585648,11494,-1908.806137,-404.713,-118.741,-111.683,39.9635,-132.403,373.886,168.839,-182.317,-441.81,-179.069,-259.332,-230.046,-55.9782,-375.402,0,0
30407,924646463,11495,-1923.420464,-435.451,-111.078,-70.1422,-38.8173,-80.0619,326.572,192.104,-173.375,-413.533,-211.485,-243.598,-216.141,-70.4484,-377.966,0,0
30408,924707280,11496,-1922.762046,-399.181,-179.416,-55.6613,-56.7179,-54.9546,306.548,215.859,-206.921,-419.198,-148.398,-194.841,-260.809,-72.3144,-396.756,0,0
30409,924768099,11496,-1899.675875,-390.004,-204.704,-26.1794,-59.5058,-55.7341,344.643,199.063,-191.724,-451.922,-180.381,-183.229,-271.987,-35.0638,-392.948,0,0
30410,924828920,11497,-1811.730917,-424.819,-167.096,-27.5976,-57.2966,-33.4549,353.329,196.509,-133.523,-429.788,-191.888,-145.627,-248.043,-74.2698,-428.166,0,0
30411,924889743,11498,-1968.601988,-445.727,-201.335,-5.01434,-63.2528,-16.1776,363.304,152.955,-200.335,-466.444,-213.443,-100.62,-290.408,-65.4751,-416.631,0,0
30412,924950568,11499,-2010.823386,-513.627,-162.679,-41.5449,-32.8851,-14.0162,346.224,170.401,-196.003,-472.12,-237.289,-82.8916,-321.269,-17.3115,-435.814,0,0
30413,925011395,11499,-2191.341273,-491.619,-161.971,-38.8624,-52.7364,12.2557,322.02,146.035,-232.745,-485.635,-226.351,-91.262,-358.3,-57.8779,-474.293,0,0
30414,925072224,11500,-2193.485071,-504.604,-163.266,-86.3976,13.464,3.47194,289.232,126.231,-221.414,-484.97,-221.559,-114.411,-334.136,-75.9767,-419.149,0,0
30415,925133055,11501,-1897.606362,-470.681,-177.509,3.38625,13.7205,-6.13656,315.858,148.868,-203.413,-435.099,-164.698,-53.737,-306.574,-132.604,-428.988,0,0
30416,925193888,11502,-1761.940276,-480.751,-137.858,-29.1023,-42.9751,-15.9267,345.886,157.998,-175.154,-397.829,-159.607,-18.2891,-293.166,-67.0975,-448.07,0,0
30417,925254723,11502,-1923.624786,-584.913,-115.052,-62.4308,8.16583,-50.5995,361.742,135.506,-164.091,-394.752,-164.389,-55.2327,-331.214,-52.4706,-453.893,0,0
30418,925315560,11503,-2029.298658,-595.067,-161.352,-11.7654,-16.4765,-9.32832,273.717,139.139,-194.696,-389.683,-180.089,-97.4639,-332.899,1.13162,-454.467,0,0
30419,925376399,11504,-2158.088112,-623.314,-148.6,-16.0455,-63.2283,23.9974,231.631,125.33,-178.696,-385.956,-209.505,-164.681,-302.348,12.308,-458.981,0,0
30420,925437240,11505,-2414.504696,-628.553,-190.851,-97.3865,-16.9318,48.2654,148.545,104.961,-135.371,-402.946,-238.722,-187.32,-304.126,-1.46965,-512.601,0,0
30421,925498083,11506,-2668.905241,-685.884,-192.05,-91.7264,24.3662,25.5279,104.514,35.5935,-153.109,-395.68,-267.34,-218.169,-293.772,-15.7426,-545.434,0,0
30422,925558928,11506,-2688.827829,-705.208,-141.354,-150.965,15.6596,117.909,44.5471,21.7861,-169.722,-398.941,-297.775,-214.969,-289.407,13.3989,-533.786,0,0
30423,925619775,11507,-2507.547907,-605.625,-123.505,-138.152,-10.0446,88.3458,147.164,20.2933,-184.718,-361.396,-246.769,-289.351,-292.102,35.4985,-547.188,0,0
30424,925680624,11508,-2820.112035,-626.033,-129.76,-140.503,-89.6461,75.5484,125.489,15.5498,-231.392,-384.46,-235.104,-298.058,-353.316,-15.7599,-532.668,0,0
30425,925741475,11509,-2724.251558,-554.534,-139.964,-145.642,-42.4114,122.808,120.395,-9.82186,-268.075,-364.793,-287.106,-254.009,-378.131,-0.0822103,-522.884,0,0
30426,925802328,11509,-2899.441793,-512.028,-170.171,-199.946,-48.9051,48.3003,85.9525,24.7443,-308.814,-359.72,-242.087,-254.613,-425.953,-93.01,-443.192,0,0
30427,925863183,11510,-3110.062817,-539.614,-165.326,-234.036,-43.6727,47.5582,57.9766,-2.81611,-327.557,-383.788,-244.08,-338.989,-395.292,-99.2923,-441.134,0,0
30428,925924040,11511,-3137.929344,-525.192,-166.586,-211.294,-66.2266,27.8709,22.0629,5.56401,-324.362,-426.861,-237.287,-317.747,-458.337,-128.85,-330.686,0,0
30429,925984899,11512,-3265.142820,-582.863,-157.693,-210.444,-69.8356,16.185,19.1475,7.0652,-312.358,-431.453,-287.281,-303.024,-500.829,-113.201,-338.56,0,0
30430,926045760,11512,-3170.888207,-573.526,-114.904,-229.6,-65.4475,45.5538,16.9964,-16.4334,-295.904,-423.584,-263.628,-242.093,-507.671,-185.261,-315.386,0,0
30431,926106623,11513,-3407.812954,-631.281,-175.064,-198.649,-93.0578,-7.90034,83.848,-13.8619,-276.905,-432.842,-341.19,-237.185,-516.702,-267.755,-299.269,0,0
30432,926167488,11514,-3282.248259,-632.029,-211.226,-134.864,-95.6213,-66.7674,150.046,3.51046,-270.456,-431.64,-317.605,-226.068,-521.967,-243.357,-284.205,0,0
30433,926228355,11515,-3258.215835,-619.869,-220.337,-81.9196,-80.2372,-110.341,193.89,-17.1717,-292.07,-410.98,-362.378,-246.617,-462.914,-264.695,-282.575,0,0
30434,926289224,11515,-3104.956525,-538.702,-237.553,-124.033,0.308578,-102.919,126.975,-2.3009,-286.937,-450.047,-352.382,-227.234,-446.43,-206.964,-256.738,0,0
30435,926350095,11516,-2963.091583,-501.627,-238.616,-139.041,55.6894,-126.439,105.761,-0.048676,-232.94,-427.505,-375.804,-200.148,-444.586,-154.615,-283.173,0,0
30436,926410968,11517,-2892.291523,-485.544,-237.783,-133.161,51.1737,-87.1323,24.9031,74.4534,-227.548,-414.434,-332.515,-186.704,-489.98,-186.664,-261.356,0,0
30437,926471843,11518,-2708.907458,-493.554,-201.899,-171.174,152.604,-79.8301,96.9219,25.8878,-196.234,-407.84,-357.64,-115.63,-483.907,-254.194,-222.42,0,0
30438,926532720,11518,-2850.453130,-505.556,-189.017,-233.194,70.0861,-68.1238,115.647,34.3924,-197.033,-423.43,-388.71,-163.725,-434.367,-270.979,-196.445,0,0
30439,926593599,11519,-3000.001915,-524.651,-131.084,-285.159,71.5696,-23.7039,72.7888,-5.23384,-214.04,-450.977,-338.195,-192.422,-483.581,-338.502,-156.811,0,0
30440,926654480,11520,-3045.270805,-526.738,-167.256,-265.185,102.101,-66.349,93.687,-26.8617,-246.325,-500.367,-367.541,-170.771,-503.239,-291.052,-109.375,0,0
30441,926715363,11521,-3149.883149,-581.917,-206.274,-191.156,60.6336,-145.107,222.942,-57.2377,-268.652,-476.493,-427.669,-131.092,-565.2,-255.846,-126.815,0,0
30442,926776248,11521,-2958.143628,-616.089,-223.397,-166.187,107.217,-97.5752,165.845,-20.8622,-258.529,-445.629,-443.88,-110.241,-548.531,-247.061,-53.2242,0,0
30443,926837135,11522,-2868.034261,-566.353,-188.469,-138.951,71.6931,-191.163,259.741,-32.1187,-306.949,-445.565,-378.875,-115.862,-585.603,-239.306,-10.252,0,0
30444,926898024,11523,-2707.243831,-572.61,-168.543,-179.041,98.3269,-206.812,279.759,-39.6817,-287.427,-414.292,-341.292,-117.718,-559.64,-223.138,24.8651,0,0
30445,926958915,11524,-2571.292320,-539.958,-172.566,-224.865,130.74,-214.288,332.833,-31.2457,-251.369,-419.291,-357.645,-124.657,-484.487,-286.599,72.1063,0,0
30446,927019808,11524,-2523.385964,-597.3,-165.694,-165.801,149.481,-218.936,335.969,-5.81287,-235.308,-392.698,-406.491,-68.3982,-508.638,-317.047,73.287,0,0
30447,927080703,11525,-2704.089770,-588.733,-188.668,-195.629,170.894,-217.18,248.752,-14.3132,-246.985,-447.834,-430.632,-78.8433,-525.321,-279.641,90.0449,0,0
30448,927141600,11526,-2767.200465,-624.16,-218.747,-196.518,133.518,-250.949,306.82,40.2429,-220.401,-478.976,-394.259,-109.996,-586.455,-277.606,110.285,0,0
30449,927202499,11527,-2602.322732,-583.678,-232.775,-220.407,154.256,-269.486,353.833,30.737,-195.47,-393.704,-381.325,-65.7821,-577.896,-335.869,115.244,0,0
30450,927263400,11527,-2487.331676,-585.189,-253.805,-131.194,86.7134,-191.964,254.908,61.1714,-204.02,-462.638,-380.525,35.8518,-550.59,-314.489,148.437,0,0
30451,927324303,11528,-2227.028317,-551.792,-258.784,-76.981,107.338,-213.446,296.864,66.7882,-187.898,-404.499,-358.165,99.0656,-588.887,-250.833,94.2015,0,0
30452,927385208,11529,-2196.731711,-579.388,-251.868,-55.8281,109.12,-246.872,295.998,76.0981,-154.769,-421.301,-335.305,137.809,-574.687,-286.801,91.0614,0,0
30453,927446115,11530,-2209.234207,-570.076,-222.798,-34.5687,90.6276,-219.531,296.123,70.7813,-159.189,-413.57,-368.373,156.511,-651.63,-326.29,142.749,0,0
30454,927507024,11530,-2274.367558,-581.756,-225.833,-14.4204,54.4083,-231.015,287.959,56.2718,-227.131,-417.501,-337.431,189.969,-655.616,-242.406,70.1345,0,0
30455,927567935,11531,-2580.461724,-652.529,-198.816,-12.0066,39.9694,-252.269,236.854,37.8285,-235.874,-426.18,-418.136,215.017,-682.811,-249.268,17.7588,0,0
30456,927628848,11532,-2858.326097,-697.294,-207.802,-48.9182,0.742911,-273.931,197.041,52.4477,-247.754,-419.843,-488.833,252.267,-678.803,-322.083,24.4373,0,0
30457,927689763,11533,-2728.769880,-742.152,-204.737,-3.5632,-29.5911,-190.422,191.106,70.4437,-305.235,-386.645,-437.048,219.352,-716.376,-279.17,85.2681,0,0
30458,927750680,11534,-2851.789351,-753.002,-174.777,-143.268,27.0712,-172.795,174.117,27.3705,-319.051,-418.372,-417.958,199.072,-734.106,-227.566,81.4751,0,0
30459,927811599,11534,-2945.776702,-806.944,-185.663,-91.9175,-34.1563,-173.4,207.244,48.9223,-338.926,-395.718,-436.537,135.061,-728.503,-220.66,75.4217,0,0
30460,927872520,11535,-2832.689941,-802.879,-177.653,-25.6285,-100.445,-133.837,200.19,36.1648,-280.668,-382.515,-390.877,177.868,-772.027,-182.599,2.21584,0,0
30461,927933443,11536,-2959.764680,-844.906,-180.593,-22.285,-38.7877,-187.333,249.256,15.844,-287.029,-385.856,-416.445,216.367,-852.873,-201.103,-24.0218,0,0
30462,927994368,11537,-2960.805391,-808.926,-197.535,-8.94718,-60.9697,-148.884,166.501,41.4575,-297.1,-361.585,-417.717,178.178,-802.406,-213.045,-29.8265,0,0
30463,928055295,11537,-2906.774464,-768.038,-241.425,79.4968,-97.259,-193.145,200.511,57.8288,-322.906,-338.58,-412.421,155.885,-800.453,-242.691,16.4233,0,0
30464,928116224,11538,-3028.731032,-794.142,-209.421,66.8287,-65.4461,-203.648,127.63,50.254,-263.459,-428.322,-389.129,143.981,-836.092,-195.538,-32.2298,0,0
30465,928177155,11539,-2902.478897,-743.339,-186.263,93.2663,-57.7421,-182.145,124.634,33.8666,-262.408,-447.727,-377.769,121.531,-806.264,-215.5,3.37975,0,0
30466,928238088,11540,-3049.072336,-750.528,-236.209,174.646,-56.8759,-245.528,145.639,10.419,-256.891,-488.525,-388.183,100.716,-856.731,-189.385,-11.6353,0,0
30467,928299023,11540,-3111.126869,-733.809,-228.105,133.186,-49.1186,-207.969,177.644,-2.02749,-284.636,-507.664,-334.17,-19.0749,-818.384,-204.517,-32.4808,0,0
30468,928359960,11541,-3046.198849,-746.083,-223.003,154.558,-13.2587,-243.298,180.589,9.46013,-238.059,-502.531,-345.388,2.409,-766.488,-213.989,-101.118,0,0
30469,928420899,11542,-3032.771090,-719.449,-213.849,139.039,-42.4524,-203.804,214.005,31.8248,-277.193,-477.673,-384.237,20.5184,-786.138,-245.168,-88.1933,0,0
30470,928481840,11543,-3059.695144,-691.808,-229.801,149.512,-69.5949,-231.134,201.888,18.5638,-271.204,-462.857,-385.228,4.16638,-802.063,-173.924,-116.213,0,0
30471,928542783,11543,-3100.357012,-734.259,-226.598,139.094,-42.8459,-212.463,183.891,64.0507,-284.947,-480.542,-385.731,-25.6364,-808.352,-227.358,-58.6605,0,0
30472,928603728,11544,-3096.249452,-732.702,-252.501,182.509,-94.8841,-220.973,185.067,77.7264,-265.441,-486.546,-390.993,64.7577,-884.028,-242.974,-35.2674,0,0
30473,928664675,11545,-3194.638054,-741.238,-232.352,156.137,-139.086,-242.367,152.363,127.275,-296.185,-465.87,-399.554,69.17,-879.94,-296.217,-6.77296,0,0
30474,928725624,11546,-3123.540690,-735.766,-231.206,166.6,-130.126,-278.644,133.246,154.577,-216.06,-530.142,-361.546,81.0175,-909.009,-261.056,-5.42741,0,0
30475,928786575,11546,-2702.008832,-793.387,-213.008,239.275,-136.33,-261.095,174.481,163.308,-154.554,-464.42,-325.979,127.176,-860.314,-242.476,45.3141,0,0
30476,928847528,11547,-2643.734705,-795,-208.916,195.786,-93.3764,-231.435,157.715,190.919,-201.431,-474.627,-333.819,184.755,-867.152,-280.525,113.371,0,0
30477,928908483,11548,-2948.199842,-864.705,-177.669,162.349,-147.531,-249.834,116.651,180.344,-270.183,-525.357,-305.457,208.136,-866.692,-293.644,85.3912,0,0
30478,928969440,11549,-2965.065862,-884.403,-179.528,186.013,-129.635,-278.232,144.827,182.769,-285.861,-533.366,-287.872,186.608,-877.69,-298.256,89.561,0,0
30479,929030399,11549,-3109.969325,-909.193,-217.335,175.678,-145.627,-236.398,120.768,186.252,-294.478,-542.1,-327.657,176.479,-898.774,-271.479,73.8944,0,0
30480,929091360,11550,-3244.646815,-860.975,-253.145,217.282,-160.736,-253.916,98.996,112.863,-309.298,-553.233,-304.507,174.338,-852.691,-344.536,44.9107,0,0
30481,929152323,11551,-3437.629118,-958.85,-233.903,259.941,-166.789,-311.204,119.111,64.5925,-305.107,-555.033,-305.566,128.641,-817.37,-392.688,36.5957,0,0
30482,929213288,11552,-3481.596493,-987.717,-260.766,290.593,-156.68,-295.548,74.1648,41.0792,-296.187,-538.63,-285.772,149.251,-912.22,-376.198,73.0325,0,0
30483,929274255,11552,-3460.962063,-959.677,-241.476,252.406,-149.845,-261.951,73.3382,-8.56528,-264.221,-530.319,-260.257,141.673,-952.388,-349.918,50.2375,0,0
30484,929335224,11553,-3706.510134,-992.629,-267.29,252.946,-233.797,-226.183,45.3907,-36.7674,-281.164,-566.778,-280.751,159.287,-985.393,-324.903,31.5232,0,0
30485,929396195,11554,-3459.233333,-985.674,-277.053,278.805,-188.803,-186.535,76.6193,12.8403,-265.911,-614.051,-236.674,120.97,-893.698,-296.216,-3.85231,0,0
30486,929457168,11555,-3464.315760,-1002.71,-317.819,311.447,-189.758,-155.769,59.6116,16.1947,-269.403,-573.93,-239.174,72.6512,-898.109,-296.246,18.6981,0,0
30487,929518143,11555,-3484.822405,-950.84,-321.533,278.302,-166.876,-142.002,77.8445,34.6767,-277.28,-557.998,-254.455,19.6145,-937.29,-257.308,-29.6772,0,0
30488,929579120,11556,-3398.595526,-914.961,-311.352,281.042,-157.781,-92.4716,52.0102,18.4095,-276.904,-601.009,-270.734,51.8446,-885.559,-296.984,5.8533,0,0
30489,929640099,11557,-3353.923323,-903.175,-323.018,300.785,-156.74,-146.826,85.1751,35.9526,-225.656,-582.279,-291.006,83.9238,-911.641,-287.678,-31.7399,0,0
30490,929701080,11558,-3578.747484,-934.382,-283.788,237.627,-155.703,-191.006,163.229,-36.3194,-214.532,-611.42,-315.941,30.231,-914.142,-322.833,-29.7693,0,0
30491,929762063,11559,-3678.497236,-988.68,-299.507,329.47,-219.663,-201.307,153.453,-31.9016,-252.285,-617.607,-322.066,-23.0195,-857.61,-343.702,-4.07265,0,0
30492,929823048,11559,-3851.707434,-1002.97,-263.228,211.253,-208.523,-161.664,141.619,0.764607,-271.102,-655.891,-358.487,-24.5991,-938.38,-340.239,19.7404,0,0
30493,929884035,11560,-3961.838133,-983.355,-261.899,198.143,-224.49,-183.965,176.665,17.2456,-392.594,-651.893,-363.336,-93.6802,-930.178,-309.613,41.1113,0,0
30494,929945024,11561,-3943.487924,-906.731,-291.673,152.974,-222.349,-161.267,120.949,-9.27669,-410.078,-636.763,-364.043,-100.081,-933.498,-270.185,88.5339,0,0
30495,930006015,11562,-3916.733982,-926.199,-316.295,188.965,-218.319,-119.223,66.7618,46.5805,-351.901,-668.113,-360.101,-145.25,-943.208,-204.843,34.4118,0,0
30496,930067008,11562,-3899.963693,-916.66,-315.021,184.737,-157.076,-143.703,54.1578,13.9936,-355.849,-662.71,-359.387,-59.8451,-965.914,-226.25,9.56301,0,0
30497,930128003,11563,-3792.124370,-917.213,-342.696,189.722,-159.05,-131.949,94.4405,-3.46649,-360.341,-649.857,-346.738,-20.686,-981.502,-204.234,41.4471,0,0
30498,930189000,11564,-3988.588581,-973.758,-335.373,224.594,-211.864,-163.198,67.4853,68.0758,-394.091,-682.519,-323.233,-75.5208,-991.629,-192.345,-5.21273,0,0
30499,930249999,11565,-4109.272674,-1003.4,-315,248.628,-238.731,-207.332,73.4699,79.8022,-458.584,-688.667,-338.358,-57.7121,-983.119,-156.441,-63.8322,0,0
30500,930311000,11565,-4328.328246,-985.026,-343.73,237.546,-258.55,-230.526,57.7538,47.3411,-475.721,-725.741,-318.999,-86.9203,-996.644,-190.895,-58.2156,0,0
30501,930372003,11566,-4175.004611,-941.749,-376.308,220.52,-223.424,-163.837,61.2084,52.568,-434.475,-731.135,-264.776,-92.1788,-995.354,-257.743,-28.3218,0,0
30502,930433008,11567,-4107.068396,-989.464,-327.99,159.488,-152.246,-197.919,176.131,13.5454,-469.1,-733.616,-265.773,-87.729,-941.705,-248.587,-42.1059,0,0
30503,930494015,11568,-4108.433455,-977.271,-316.621,181.615,-153.066,-176.114,63.2963,-26.7314,-391.92,-684.901,-257.767,-140.742,-926.195,-253.259,-48.7575,0,0
30504,930555024,11568,-3868.664505,-979.071,-328.254,228.524,-124.839,-175.371,55.5106,-9.50449,-395.347,-646.159,-263.679,-102.547,-909.062,-211.741,-7.1248,0,0
30505,930616035,11569,-3769.099972,-928.963,-308.836,217.592,-151.665,-126.687,45.9028,-38.8402,-428.033,-618.709,-246.678,-46.9912,-875.613,-233.483,-28.0976,0,0
30506,930677048,11570,-3773.022151,-959.847,-331.523,266.655,-236.329,-52.77,15.9467,4.81947,-423.114,-680.033,-211.678,-12.3023,-881.873,-238.794,-32.1805,0,0
30507,930738063,11571,-3787.717578,-926.824,-359.056,288.771,-271.213,-120.087,62.2811,20.42,-420.67,-699.106,-219.091,-30.4947,-863.216,-204.532,-44.9003,0,0
30508,930799080,11571,-3693.724057,-971.794,-347.694,347.827,-306.883,-81.178,74.3176,16.0182,-388.746,-723.256,-171.222,-25.4309,-867.419,-188.703,-59.5629,0,0
30509,930860099,11572,-3576.723167,-931.855,-359.281,308.938,-271.607,-121.44,114.65,22.5555,-361.787,-702.999,-193.656,-64.438,-792.978,-200.725,-22.1001,0,0
30510,930921120,11573,-3496.956970,-924.909,-311.87,287.041,-288.445,-102.645,79.9245,2.27525,-351.607,-667.003,-150.072,-84.0628,-780.886,-167.816,-36.8805,0,0
30511,930982143,11574,-3182.543793,-885.056,-303.408,303.253,-268.116,-70.6181,85.7284,46.8771,-324.62,-639.463,-118.574,-46.3896,-782.484,-106.284,-73.3898,0,0
30512,931043168,11574,-3075.051600,-893.194,-330.05,321.298,-246.741,-90.9466,109.235,75.5358,-336.565,-585.543,-97.6301,-52.5592,-721.954,-130.197,-95.739,0,0
30513,931104195,11575,-3350.217167,-921.426,-322.539,265.556,-252.583,-129.039,45.4476,61.0697,-315.671,-597.688,-46.6867,-134.34,-794.353,-89.0607,-118.904,0,0
30514,931165224,11576,-3515.450141,-1003.65,-281.133,229.649,-267.098,-206.363,86.6632,2.9762,-322.624,-586.449,23.7293,-117.266,-854.069,-109.934,-109.884,0,0
30515,931226255,11577,-3535.258025,-955.965,-272.676,231.008,-238.943,-206.287,15.6954,3.38507,-336.505,-600.783,29.5274,-109.213,-869.118,-112.489,-112.895,0,0
30516,931287288,11577,-3738.393385,-983.273,-297.221,211.095,-222.519,-219.384,-9.03142,-18.1409,-360.258,-660.711,32.893,-143.929,-850.744,-69.6405,-147.529,0,0
30517,931348323,11578,-3606.083598,-879.674,-289.715,190.341,-198.26,-262.656,2.35372,0.700587,-408.752,-648.659,46.0515,-119.4,-848.869,-62.492,-127.054,0,0
30518,931409360,11579,-3517.768331,-908.067,-266.313,232.635,-260.894,-210.64,25.3875,19.2346,-397.316,-652.528,53.9128,-97.128,-788.073,-130.464,-137.514,0,0
30519,931470399,11580,-3496.598390,-920.553,-222.758,245.877,-267.416,-224.739,51.7178,2.39593,-369.942,-663.339,82.8309,-116.738,-782.011,-143.228,-168.696,0,0
30520,931531440,11581,-3004.850218,-896.03,-121.308,238.165,-237.166,-162.958,77.9854,2.48549,-309.895,-579.685,112.196,-120.279,-719.724,-108.387,-180.248,0,0
30521,931592483,11581,-2891.242355,-896.601,-103.807,263.453,-300.749,-62.1209,71.2491,-30.167,-301.132,-544.564,149.28,-43.2078,-747.363,-216.019,-129.496,0,0
30522,931653528,11582,-3014.881248,-926.163,-133.308,255.736,-261.226,-111.108,83.2835,-115.388,-244.274,-565.364,171.012,-71.9092,-779.502,-182.734,-133.937,0,0
30523,931714575,11583,-3112.546096,-906.818,-148.758,223.178,-263.977,-98.2713,81.6659,-77.858,-274.902,-546.921,146.011,-86.8884,-753.857,-197.887,-207.263,0,0
30524,931775624,11584,-2901.826647,-916.466,-129.312,183.402,-217.403,-34.4362,44.0507,-47.1399,-261.393,-542.527,144.436,-49.1319,-634.697,-219.712,-221.497,0,0
30525,931836675,11584,-3021.118390,-893.205,-126.713,174.838,-222.051,-115.488,87.1968,-96.6713,-258.153,-564.398,168.301,-68.1982,-611.548,-276.073,-218.955,0,0
30526,931897728,11585,-3038.542490,-931.938,-139.219,169.11,-154.591,-196.597,146.518,-90.0163,-294.913,-466.476,116.312,-12.148,-729.164,-232.395,-223.025,0,0
30527,931958783,11586,-3154.354154,-956.762,-133.673,166.647,-163.184,-127.474,103.55,-95.2956,-328.596,-491.803,116.551,-32.7021,-676.268,-298.899,-236.447,0,0
30528,932019840,11587,-3096.013092,-987.579,-153.13,160.965,-103.73,-176.703,176.105,-70.712,-331.484,-540.222,117.606,11.8985,-661.903,-310.579,-226.545,0,0
30529,932080899,11587,-3293.549046,-1049.49,-160.536,201.391,-153.22,-117.76,138.25,-116.056,-335.981,-552.305,105.692,-53.8965,-653.383,-314.286,-231.971,0,0
30530,932141960,11588,-3323.999992,-1010.39,-189.046,171.863,-87.7123,-128.757,102.514,-144.403,-344,-551.316,89.7033,-19.6835,-679.934,-329.716,-203.122,0,0
30531,932203023,11589,-3385.163100,-996.384,-227.403,207.336,-152.315,-151.812,121.835,-123.812,-382.495,-512.47,36.8468,36.1824,-707.558,-309.412,-223.702,0,0
30532,932264088,11590,-3503.320477,-1003.37,-240.864,173.749,-147.703,-161.813,170.978,-132.22,-446.054,-536.072,-0.428859,13.3684,-648.448,-300.57,-243.873,0,0
30533,932325155,11590,-3498.045110,-1000.45,-207.275,213.268,-194.201,-173.819,191.296,-145.507,-451.878,-533.672,-26.5594,45.8728,-666.987,-308.716,-239.419,0,0
30534,932386224,11591,-3256.801231,-977.52,-220.688,276.73,-187.647,-180.936,248.559,-149.856,-466.571,-529.815,36.3639,31.8809,-568.758,-326.459,-242.085,0,0
30535,932447295,11592,-3178.078816,-985.684,-208.049,283.351,-120.202,-184.822,304.76,-177.449,-415.328,-566.961,28.5861,33.8408,-605.05,-316.255,-248.818,0,0
30536,932508368,11593,-3563.950197,-1082.84,-253.515,224.806,-134.544,-218.946,327.194,-219.428,-475.153,-617.707,2.44455,28.4665,-557.155,-338.105,-249.469,0,0
30537,932569443,11593,-3261.682685,-975.088,-236.828,261.368,-137.049,-216.954,365.391,-191.023,-477.52,-592.854,29.8844,50.1548,-603.486,-308.341,-229.336,0,0
30538,932630520,11594,-3499.817507,-1017.33,-231.246,209.923,-77.4477,-266.901,320.652,-179.125,-594.213,-550.381,22.4608,-10.3028,-593.57,-329.501,-202.836,0,0
30539,932691599,11595,-3669.201931,-1050.66,-248.612,243.587,-122.846,-245.027,381.084,-231.727,-568.907,-600.613,-30.9546,-16.7332,-584.862,-352.4,-240.529,0,0
30540,932752680,11596,-3638.052825,-1071.99,-243.981,348.082,-190.251,-237.037,403.28,-188.825,-534.862,-572.144,-105.306,-21.4237,-568.981,-359.545,-295.072,0,0
30541,932813763,11596,-3633.873056,-1039.41,-254.298,400.74,-239.71,-144.05,328.711,-209.302,-528.358,-530.017,-119.508,-55.6101,-589.842,-351.307,-301.915,0,0
30542,932874848,11597,-3599.635483,-991.815,-315.72,398.337,-278.007,-120.892,392.028,-226.655,-512.186,-546.509,-164.514,-29.5477,-580.975,-324.02,-299.159,0,0
30543,932935935,11598,-3557.725109,-1043.32,-347.989,450.095,-210.523,-123.844,354.108,-187.001,-510.554,-575.379,-203.797,-51.0456,-582.394,-269.902,-256.181,0,0
30544,932997024,11599,-3384.994023,-1027.81,-344.363,497.633,-217.771,-118.92,393.535,-172.356,-513.378,-573.72,-184.352,-62.6603,-620.744,-224.744,-215.342,0,0
30545,933058115,11600,-3213.321927,-994.4,-357.685,359.384,-140.127,-122.936,482.848,-117.462,-500.007,-528.733,-159.992,-76.2869,-616.133,-211.532,-230.26,0,0
30546,933119208,11600,-3377.928445,-1009.98,-389.009,339.024,-140.488,-92.8956,417.278,-143.121,-519.895,-549.885,-170.912,-86.4208,-644.979,-193.746,-192.899,0,0
30547,933180303,11601,-3384.399093,-962.652,-382.283,349.77,-150.791,-112.797,432.354,-126.29,-529.399,-565.959,-151.837,-87.8612,-759.357,-180.84,-156.457,0,0
30548,933241400,11602,-3148.190139,-919.317,-381.661,414.509,-145.102,-131.702,471.787,-119.644,-501.22,-596.184,-162.194,-62.7143,-748.187,-159.283,-107.277,0,0
30549,933302499,11603,-3114.224702,-916.073,-347.886,448.197,-182.467,-166.669,480.09,-92.8095,-489.848,-650.126,-169.687,-20.744,-721.544,-131.689,-152.97,0,0
30550,933363600,11603,-3172.126265,-918.823,-379.215,460.984,-180.726,-204.517,505.285,-101.415,-438.611,-710.259,-170.242,-73.1183,-689.666,-144.814,-126.99,0,0
30551,933424703,11604,-3208.962202,-952.664,-366.493,449.825,-202.037,-144.536,498.655,-110.889,-474.789,-726.82,-178.175,-19.2229,-680.198,-149.88,-151.739,0,0
30552,933485808,11605,-3058.883151,-979.498,-380.773,478.5,-184.247,-193.506,482.14,-103.935,-465.931,-638.696,-190.024,6.4656,-628.167,-155.008,-106.203,0,0
30553,933546915,11606,-2856.129955,-932.425,-374.003,427.388,-146.564,-143.476,489.327,-99.106,-451.629,-554.229,-118.869,21.2725,-704.31,-145.619,-123.888,0,0
30554,933608024,11606,-2848.730289,-976.343,-368.337,385.111,-42.775,-143.156,490.636,-93.5856,-432.326,-610.179,-103.221,-27.8991,-737.114,-117.683,-71.8589,0,0
30555,933669135,11607,-2597.942035,-882.354,-329.517,426.1,-62.0959,-145.296,499.943,-127.006,-423.832,-559.527,-101.796,20.3166,-733.822,-125.235,-53.8189,0,0
30556,933730248,11608,-2468.643254,-905.358,-299.803,424.817,-65.2029,-160.213,543.366,-81.0504,-419.651,-535.935,-118.49,-3.29723,-703.26,-83.4632,-61.1024,0,0
30557,933791363,11609,-2241.938270,-909.454,-287.037,458.747,-49.5836,-196.071,616.905,-34.5295,-393.094,-511.289,-127.491,36.0644,-735.424,-71.0195,-38.6629,0,0
30558,933852480,11609,-2264.687026,-898.542,-323.273,515.617,-40.6933,-148.045,584.273,-39.8852,-376.656,-590.374,-158.265,-10.9764,-632.616,-72.7971,-72.4529,0,0
30559,933913599,11610,-2006.249130,-798.723,-324.458,539.542,-38.9113,-135.615,615.462,20.7597,-411.805,-604.384,-167.619,-0.142104,-571.968,-8.50846,-119.88,0,0
30560,933974720,11611,-2257.768913,-837.896,-299.748,498.46,-80.1365,-155.768,623.937,-30.5419,-392.11,-616.267,-216.331,-61.8272,-605.086,6.04804,-90.5023,0,0
30561,934035843,11612,-2496.530034,-944.161,-284.885,491.325,-69.2499,-177.571,640.181,-35.9612,-410.487,-639.46,-209.973,-41.4424,-625.679,-116.294,-72.8739,0,0
30562,934096968,11612,-2834.637723,-1060.42,-271.126,496.291,-93.4232,-294.491,670.662,-41.2558,-433.574,-641.093,-320.68,1.43049,-636.66,-131.93,-78.37,0,0
30563,934158095,11613,-3012.621413,-1077.77,-286.316,433.363,-72.5938,-259.183,611.906,-59.6767,-409.331,-655.97,-291.961,-15.7863,-695.037,-154.019,-80.2486,0,0
30564,934219224,11614,-2701.037686,-934.111,-268.508,401.217,-39.6616,-215.991,555.089,-29.9706,-430.773,-661.71,-224.372,21.5307,-707.449,-69.3985,-96.9291,0,0
30565,934280355,11615,-2812.223551,-929.546,-250.649,326.283,11.0505,-181.033,533.922,-95.2082,-474.795,-660.597,-203.876,8.27347,-746.732,-81.4174,-67.8974,0,0
30566,934341488,11615,-3019.787441,-946.974,-268.895,302.238,-13.9097,-201.727,532.867,-69.3822,-503.491,-673.021,-194.012,38.0562,-755.603,-183.421,-82.5137,0,0
30567,934402623,11616,-3039.205413,-978.493,-267.987,216.352,15.8561,-175.479,494.168,-45.9251,-519.606,-634.697,-178.576,0.109958,-746.974,-153.802,-64.153,0,0
30568,934463760,11617,-2839.402766,-926.005,-228.184,229.3,-11.2753,-185.352,487.76,-20.9169,-484.694,-633.512,-162.647,23.7213,-688.416,-169.232,-69.9478,0,0
30569,934524899,11618,-2750.666741,-943.61,-189.33,191.409,-13.24,-181.398,539.355,-39.5244,-441.321,-599.182,-135.567,38.9246,-744.486,-184.44,-48.2562,0,0
30570,934586040,11619,-2618.625132,-903.206,-238.479,237.457,-18.3735,-145.095,506.536,2.23756,-461.892,-629.477,-151.705,101.923,-745.693,-156.059,-16.7983,0,0
30571,934647183,11619,-2547.507237,-891.896,-214.576,262.614,-1.50589,-143.798,472.83,52.8774,-497.788,-677.149,-162.695,118.859,-771.918,-79.3511,-14.012,0,0
30572,934708328,11620,-2609.583631,-923.577,-228.777,246.657,28.5749,-169.846,455.544,27.8269,-485.422,-659.168,-135.046,87.1627,-749.297,-107.756,3.53898,0,0
30573,934769475,11621,-2272.674620,-864.351,-215.826,224.806,78.4363,-146.608,504.775,9.70986,-436.86,-590.384,-125.471,116.252,-675.636,-129.962,-21.5573,0,0
30574,934830624,11622,-2184.308640,-849.117,-253.979,293.898,60.4598,-127.6,474.249,-0.775414,-437.366,-598.66,-125.69,59.6964,-605.47,-84.2239,10.2685,0,0
30575,934891775,11622,-2335.202469,-890.976,-285.08,355.148,56.3748,-146.958,429.489,11.9279,-449.451,-596.945,-153.245,36.9646,-634.348,-21.5715,-46.5317,0,0
30576,934952928,11623,-2122.164485,-865.827,-264.185,364.234,82.3917,-189.072,496.135,49.7462,-432.02,-546.42,-157.882,-15.1021,-569.551,-9.62226,-64.9889,0,0
30577,935014083,11624,-2354.214926,-904.77,-245.238,388.425,57.356,-166.837,359.311,18.4417,-428.463,-528.917,-209.227,-19.2053,-658.876,59.5781,-75.7926,0,0
30578,935075240,11625,-2045.257167,-861.706,-178.395,353.664,101.427,-204.603,428.842,39.8954,-385.098,-457.593,-166.946,-50.0091,-580.751,14.9182,-98.9003,0,0
30579,935136399,11625,-2255.121114,-902.734,-266.399,410.904,67.3881,-259.199,452.252,47.6527,-432.6,-496.544,-196.373,-58.7975,-536.478,10.9973,-95.1893,0,0
30580,935197560,11626,-1982.182639,-883.755,-250.508,419.083,92.4527,-301.91,557.488,43.5379,-395.495,-435.217,-165.925,-66.556,-483.663,25.5067,-137.22,0,0
30581,935258723,11627,-2043.121836,-951.868,-270.566,442.37,102.464,-217.856,423.07,38.11,-401.997,-425.307,-116.636,-77.2722,-483.57,-49.96,-54.1021,0,0
30582,935319888,11628,-1972.624814,-935.973,-281.626,488.544,92.5251,-195.511,423.481,-23.8821,-373.958,-356.251,-122.492,-78.0011,-510.607,-2.20634,-96.6685,0,0
30583,935381055,11628,-1908.067202,-886.171,-332.635,485.985,129.534,-264.167,492.833,9.68897,-401.205,-351.271,-136.995,-78.0241,-480.149,2.8698,-98.3611,0,0
30584,935442224,11629,-1690.991594,-836.361,-293.749,474.153,133.756,-297.945,547.297,69.321,-385.423,-324.227,-153.63,-33.585,-493.767,-37.507,-59.3251,0,0
30585,935503395,11630,-1612.413888,-861.643,-294.709,566.534,112.703,-324.835,574.821,73.2655,-409.606,-312.109,-172.056,-34.6718,-432.035,-67.8347,-30.2392,0,0
30586,935564568,11631,-1665.857229,-823.918,-331.773,576.804,112.923,-360.378,623.053,50.7137,-426.502,-354.197,-201.264,-23.1353,-480.377,-39.387,11.5809,0,0
30587,935625743,11631,-1658.033723,-860.285,-362.787,626.233,74.9235,-325.158,626.516,40.5321,-442.073,-300.148,-180.905,-27.8469,-465.915,-62.9227,1.80169,0,0
30588,935686920,11632,-1851.531882,-852.644,-362.803,501.549,68.0263,-292.822,598.92,40.3502,-494.969,-318.554,-114.823,-25.7695,-541.832,-113.086,56.9248,0,0
30589,935748099,11633,-1635.975013,-875.096,-377.768,653.866,2.29643,-314.774,662.68,15.858,-417.216,-335.774,-60.044,-11.8729,-479.88,-147.739,49.4896,0,0
30590,935809280,11634,-1803.183672,-838.541,-415.837,646.336,19.2872,-368.327,676.905,6.8628,-436.111,-316.796,-70.8113,-20.3506,-485.086,-229.388,28.6722,0,0
30591,935870463,11634,-1913.688016,-852.077,-424.753,624.755,-2.55542,-322.875,641.256,-24.3151,-459.746,-231.399,-80.7347,12.0849,-522.418,-271.516,0.60593,0,0
30592,935931648,11635,-1900.561608,-871.606,-410.774,577.113,2.70466,-331.778,635.832,-25.9387,-458.059,-213.426,-55.7325,41.3708,-581.214,-254.914,45.8604,0,0
30593,935992835,11636,-1940.903732,-869.228,-387.744,535.63,-28.2535,-420.389,701.354,-13.9969,-467.955,-226.314,-84.5198,6.38067,-483.813,-225.716,23.6608,0,0
30594,936054024,11637,-2220.373733,-930.841,-398.716,563.984,-33.9397,-443.117,652.753,-4.30271,-478.661,-242.192,-126.013,16.3091,-521.251,-302.003,27.6161,0,0
30595,936115215,11638,-1968.399800,-822.547,-408.636,629.602,-35.8461,-380.786,620.336,-28.6102,-461.553,-212.144,-81.5139,15.5936,-520.56,-340.132,58.397,0,0
30596,936176408,11638,-2067.270156,-868.246,-406.662,633.949,29.4614,-329.288,551.44,-53.7347,-525.802,-208.955,-117.219,47.834,-539.977,-313.455,33.3834,0,0
30597,936237603,11639,-2094.402114,-890.037,-399.534,590.509,61.6051,-337.079,576.252,-115.917,-520.439,-203.847,-110.142,45.7639,-543.348,-277.937,29.7482,0,0
30598,936298800,11640,-2293.626655,-883.82,-423.51,575.009,111.8,-442.639,607.655,-179.225,-557.205,-182.407,-153.916,67.7821,-547.509,-315.537,29.8953,0,0
30599,936359999,11641,-1899.264555,-786.696,-396.436,567.618,91.1065,-351.37,577.054,-104.41,-523.976,-138.96,-110.345,85.6629,-503.812,-336.994,32.2931,0,0
30600,936421200,11641,-2133.403139,-848.564,-409.364,575.112,80.3504,-380.936,573.391,-107.656,-540.354,-135.901,-91.2649,94.0069,-515.155,-400.031,-27.0377,0,0
30601,936482403,11642,-2130.007840,-845.524,-388.24,543.66,85.486,-321.674,530.203,-92.9708,-571.312,-186.72,-51.9795,63.497,-538.505,-390.053,34.1253,0,0
30602,936543608,11643,-2336.349967,-874.477,-451.222,628.256,51.948,-325.235,506.482,-137.277,-583.819,-227.475,-52.6694,-21.4063,-487.277,-385.579,23.3995,0,0
30603,936604815,11644,-2390.195921,-880.522,-417.049,615.905,7.1364,-366.032,480.878,-80.2825,-582.27,-211.695,-50.5352,7.92206,-509.551,-424.56,20.4587,0,0
30604,936666024,11644,-2401.139048,-852.559,-401.982,560.442,-6.57234,-311.658,461.568,-68.7148,-582.909,-184.844,-70.4621,-19.3205,-517.193,-406.621,-0.312964,0,0
30605,936727235,11645,-2631.682800,-887.689,-418.863,639.137,-82.2802,-348.114,438.022,-82.9635,-633.544,-248.199,-150.664,3.68709,-488.384,-420.15,48.3216,0,0
30606,936788448,11646,-2358.216789,-831.811,-402.747,694.722,-67.9369,-321.856,414.535,-75.1531,-594.182,-226.215,-65.4527,-65.2048,-454.036,-415.574,52.6956,0,0
30607,936849663,11647,-2691.339725,-873.026,-365.58,609.466,-49.7012,-352.251,407.814,-139.276,-657.013,-189.028,-106.025,-83.774,-518.303,-397.422,22.7788,0,0
30608,936910880,11647,-2919.633640,-966.233,-390.517,574.097,2.69209,-389.113,448.679,-184.592,-629.917,-218.856,-76.596,-86.689,-504.759,-441.833,-55.9971,0,0
30609,936972099,11648,-2775.799677,-981.532,-334.301,538.783,-17.9686,-401.629,485.129,-148.967,-597.424,-232.872,-91.3595,-0.569106,-514.281,-448.759,-30.05,0,0
30610,937033320,11649,-2840.545344,-982.824,-394.189,503.461,-1.57749,-382.146,486.523,-140.091,-623.064,-202.691,-109.36,9.50829,-517.948,-433.357,-52.7891,0,0
30611,937094543,11650,-2917.615619,-946.208,-415.026,392.301,26.7596,-329.72,414.975,-185.531,-583.256,-182.575,-117.415,32.2261,-529.76,-395.495,-98.8897,0,0
30612,937155768,11650,-3168.544745,-997.584,-427.866,409.92,-5.80034,-382.295,375.546,-130.658,-612.888,-152.661,-146.933,0.741957,-559.793,-419.843,-118.43,0,0
30613,937216995,11651,-3365.238900,-1072.05,-455.655,466.753,-29.4696,-314.877,271.17,-170.848,-595.786,-148.622,-135.407,-8.58668,-559.668,-447.744,-164.445,0,0
30614,937278224,11652,-3489.304384,-1048.51,-511.548,503.474,-20.0314,-332.397,246.56,-196.918,-607.433,-71.1638,-150.062,3.04299,-629.361,-452.118,-222.836,0,0
30615,937339455,11653,-3178.530411,-1008.07,-514.287,528.355,15.2975,-293.86,217.953,-199.293,-528.003,-62.8017,-110.059,-38.3591,-621.91,-397.771,-165.723,0,0
30616,937400688,11653,-3314.257915,-1003.61,-501.132,525.07,-37.2162,-324.616,191.756,-237.359,-523.905,-141.003,-124.898,-18.5044,-554.821,-379.244,-184.772,0,0
30617,937461923,11654,-3314.108518,-992.252,-502.925,521.891,-0.781799,-286.029,201.141,-267.614,-558.355,-60.1716,-209.973,33.1194,-547.518,-409.8,-234.839,0,0
30618,937523160,11655,-3287.614247,-1034.88,-489.721,465.76,64.6475,-224.609,196.65,-257.929,-552.123,-74.5772,-218.465,51.1846,-533.198,-382.491,-297.86,0,0
30619,937584399,11656,-3190.695559,-928.606,-495.465,504.63,48.0784,-216.136,168.27,-194.186,-629.764,-66.6703,-277.111,85.0781,-538.838,-341.113,-308.862,0,0
30620,937645640,11657,-3194.949645,-945.321,-512.314,559.492,-33.4421,-276.78,246.893,-206.502,-585.145,-69.6248,-249.534,42.97,-583.289,-277.552,-304.8,0,0
30621,937706883,11657,-3151.284668,-989.129,-472.01,533.355,13.9823,-229.253,222.278,-170.388,-627.985,-88.64,-231.311,47.7788,-524.133,-296.66,-339.17,0,0
30622,937768128,11658,-3355.916229,-998.929,-507.81,594.213,-43.4313,-225.786,149.96,-208.766,-641.362,-62.6737,-229.169,-21.9152,-570.768,-292.263,-297.215,0,0
30623,937829375,11659,-3271.966712,-1012.82,-485.559,598.283,-72.0075,-214.141,199.29,-169.956,-656.196,-108.288,-195.587,-20.2232,-489.822,-362.729,-282.21,0,0
30624,937890624,11660,-3282.087364,-1078.71,-488.311,639.028,-70.4272,-212.85,198.023,-175.03,-617.645,-139.513,-165.946,7.44464,-539.799,-319.072,-319.283,0,0
30625,937951875,11660,-3365.650402,-1085.68,-510.011,629.092,-50.955,-210.326,191.406,-194.348,-685.421,-180.065,-154.804,9.00628,-510.371,-311.283,-301.887,0,0
30626,938013128,11661,-3351.669057,-1052.65,-502.816,657.992,-57.3208,-288.747,213.908,-206.538,-651.061,-115.95,-189.078,-2.86232,-518.668,-342.646,-295.229,0,0
30627,938074383,11662,-3354.669299,-1070.72,-564.468,649.051,-30.9616,-306.225,245.588,-186.741,-620.25,-107.044,-175.355,11.2276,-567.973,-319.699,-311.106,0,0
30628,938135640,11663,-3108.873147,-978.77,-566.224,671.997,-0.278296,-341.591,284.97,-118.935,-642.277,-97.6614,-181.783,-22.3548,-471.237,-345.986,-298.743,0,0
30629,938196899,11663,-2955.048989,-975.917,-522.929,692.997,26.2956,-321.246,258.884,-120.252,-562.117,-101.476,-198.565,8.77284,-530.117,-303.211,-306.166,0,0
30630,938258160,11664,-2953.613967,-972.056,-496.636,722.044,-12.2446,-335.613,260.325,-138.325,-517.435,-128.903,-181.785,57.7088,-599.518,-307.634,-303.541,0,0
30631,938319423,11665,-3090.311083,-1021.29,-522.293,694.092,-5.61674,-282.979,243.705,-163.583,-528.143,-167.397,-149.911,94.5912,-627.101,-321.968,-332.42,0,0
30632,938380688,11666,-2948.988571,-1015.51,-481.053,702.133,-22.9982,-298.469,273.318,-130.907,-489.466,-233.211,-179.475,111.117,-564.446,-342.876,-277.144,0,0
30633,938441955,11666,-2972.018409,-968.827,-467.661,733.227,-133.432,-240.126,277.169,-200.853,-500.558,-192.1,-168.047,99.1891,-631.823,-297.867,-280.31,0,0
30634,938503224,11667,-3065.906969,-985.136,-493.373,716.263,-195.759,-240.326,348.551,-213.358,-535.073,-211.405,-161.843,104.45,-617.622,-245.296,-335.983,0,0
30635,938564495,11668,-3098.471165,-947.537,-487.034,687.512,-192.196,-330.928,430.104,-197.316,-528.847,-255.74,-163.401,131.448,-584.861,-321.972,-337.703,0,0
30636,938625768,11669,-3098.997063,-972.93,-495.697,662.488,-190.419,-242.42,382.837,-168.569,-541.296,-270.905,-111.683,143.637,-655.682,-325.492,-312.867,0,0
30637,938687043,11669,-3174.801719,-959.416,-526.31,679.678,-227.916,-182.796,378.446,-177.771,-542.938,-281.727,-161.9,114.039,-610.466,-359.739,-315.986,0,0
30638,938748320,11670,-3130.162025,-892.894,-481.026,661.808,-201.196,-163.29,328.178,-196.034,-553.451,-237.477,-222.607,131.382,-641.317,-360.887,-301.351,0,0
30639,938809599,11671,-3449.547171,-956.464,-474.59,654.046,-245.476,-236.548,359.499,-224.106,-565.833,-260.785,-241.592,59.1815,-645.298,-376.717,-294.866,0,0
30640,938870880,11672,-3569.411092,-1005.03,-453.258,567.17,-229.872,-232.16,324.284,-211.058,-578.545,-261.668,-264.83,49.3822,-573.883,-397.822,-302.124,0,0
30641,938932163,11673,-3280.747954,-980.682,-484.875,608.402,-196.157,-255.484,410.834,-174.383,-533.126,-290.145,-295.733,95.951,-583.851,-315.273,-286.226,0,0
30642,938993448,11673,-3132.187725,-936.329,-442.494,583.574,-141.391,-236.864,375.386,-192.647,-525.835,-270.04,-265.372,73.0886,-584.566,-286.82,-281.879,0,0
30643,939054735,11674,-3473.198505,-1009.07,-497.062,558.906,-132.789,-226.303,312.935,-165.602,-551.61,-326.062,-255.59,83.8899,-588.681,-341.82,-334.342,0,0
30644,939116024,11675,-3653.933358,-993.802,-488.735,550.073,-124.917,-287.516,334.608,-216.862,-587.384,-306.676,-274.939,42.7704,-594.655,-347.465,-358.433,0,0
30645,939177315,11676,-3645.769639,-1028.63,-463.254,595.345,-130.321,-275.018,341.152,-226.002,-621.092,-311.916,-220.577,-1.88914,-645.951,-326.446,-331.173,0,0
30646,939238608,11676,-3562.617064,-981.443,-436.878,561.613,-103.509,-250.402,334.88,-213.393,-607.282,-300.945,-186.924,-41.1912,-672,-338.231,-326.911,0,0
30647,939299903,11677,-3610.990747,-961.353,-438.451,537.987,-110.803,-247.674,345.313,-215.282,-623.668,-342.567,-158.15,-93.3031,-656.267,-315.123,-331.65,0,0
30648,939361200,11678,-3369.243622,-896.254,-422.026,492.247,-51.051,-149.95,263.034,-190.734,-641.512,-315.38,-124.777,-5.37511,-681.882,-345.624,-299.96,0,0
30649,939422499,11679,-3613.607164,-945.248,-387.55,475.562,-52.1872,-214.456,269.697,-236.691,-662.091,-298.477,-147.704,-15.47,-734.85,-356.91,-307.231,0,0
30650,939483800,11679,-3763.580212,-999.235,-401.179,415.924,-107.381,-160.785,311.366,-222.958,-682.608,-323.3,-192.995,-42.8085,-697.92,-364.195,-295.508,0,0
30651,939545103,11680,-4074.602812,-1022.31,-408.654,376.34,-117.63,-85.1217,158.909,-254.407,-693.321,-303.537,-156.349,-76.435,-781.193,-441.126,-269.764,0,0
30652,939606408,11681,-4207.231935,-1061.38,-431.234,345.59,-75.721,-107.631,185.512,-271.117,-672.158,-302.878,-228.916,-29.302,-806.964,-454.241,-296.786,0,0
30653,939667715,11682,-4291.631010,-1056.55,-474.763,419.105,-159.03,-117.797,155.234,-239.319,-673.675,-312.713,-183.542,-49.9892,-771.595,-476.486,-350.511,0,0
30654,939729024,11682,-4220.076743,-1028.7,-432.294,387.403,-188.068,-97.307,158.895,-235.401,-644.256,-274.411,-200.044,-67.9004,-838.421,-444.213,-315.354,0,0
30655,939790335,11683,-4603.673043,-1063.95,-421.774,367.967,-241.325,-113.356,150.385,-293.418,-715.163,-317.691,-181.107,-52.0773,-870.844,-496.265,-355.052,0,0
30656,939851648,11684,-4669.710337,-1090.19,-433.359,389.311,-297.424,-106.816,196.218,-310.876,-714.425,-332.174,-166.32,-32.5994,-887.356,-528.529,-355.17,0,0
30657,939912963,11685,-4663.291182,-1099.53,-413.79,360.762,-234.576,-120.156,186.998,-298.143,-672.065,-364.338,-169.605,-30.8746,-857.479,-577.114,-373.385,0,0
30658,939974280,11685,-4619.593008,-1059.85,-417.326,353.261,-215.732,-33.4973,100.362,-312.038,-743.781,-390.236,-162.894,-62.752,-835.157,-470.962,-368.988,0,0
30659,940035599,11686,-4735.340963,-1141.27,-402.81,360.76,-173.776,-57.726,108.138,-334.18,-667.232,-418.265,-177.683,-98.8363,-823.362,-552.753,-356.346,0,0
30660,940096920,11687,-4730.088115,-1154.68,-427.297,312.253,-161.938,-62.8974,79.741,-333.514,-599.072,-358.953,-167.736,-115.952,-825.181,-575.025,-339.838,0,0
30661,940158243,11688,-4952.212673,-1206.18,-420.733,311.746,-197.044,-85.3621,39.5147,-370.659,-581.395,-362.709,-184.232,-96.9698,-895.356,-570.337,-332.495,0,0
30662,940219568,11689,-4805.445875,-1192.68,-410.274,334.286,-191.988,-117.594,104.996,-332.556,-611.978,-375.6,-150.225,-77.8458,-901.107,-538.012,-344.871,0,0
30663,940280895,11689,-4816.052602,-1174.26,-390.661,249.933,-151.206,-202.71,172.595,-360.012,-587.559,-328.566,-114.874,-109.724,-931.202,-564.038,-323.765,0,0
30664,940342224,11690,-4717.789093,-1178.84,-337.153,262.361,-147.155,-241.12,227.367,-342.908,-587.789,-352.777,-87.7938,-115.496,-932.078,-579.721,-304.683,0,0
30665,940403555,11691,-4812.940441,-1217.52,-320.593,257.055,-175.214,-263.472,275.259,-375.3,-625.924,-325.546,-110.431,-132.355,-851.047,-615.975,-331.882,0,0
30666,940464888,11692,-4541.782865,-1191.18,-306.036,290.531,-114.221,-264.592,292.681,-351.017,-619.57,-312.894,-76.3591,-98.2246,-871.088,-599.991,-319.822,0,0
30667,940526223,11692,-4326.397570,-1195.94,-282.428,288.273,-93.3365,-249.945,356.391,-349.538,-610.96,-320.458,-78.0056,-141.799,-860.225,-501.15,-287.281,0,0
30668,940587560,11693,-4341.412617,-1208.69,-317.925,318.849,-108.239,-283.187,396.223,-328.563,-616.997,-305.825,-154.434,-128.881,-837.806,-464.453,-301.489,0,0
30669,940648899,11694,-4199.873074,-1150.53,-315.268,354.479,-168.307,-277.486,405.814,-309.524,-642.256,-291.437,-133.496,-176.46,-847.059,-393.675,-254.672,0,0
30670,940710240,11695,-3930.276017,-1092.36,-342.715,436.155,-193.322,-211.67,379.704,-272.793,-647.97,-237.338,-87.3452,-209.265,-842.695,-355.464,-253.197,0,0
30671,940771583,11695,-3979.005470,-1051.29,-400.112,448.886,-197.335,-221.794,365.183,-207.818,-650.294,-277.713,-93.5514,-204.295,-884.397,-325.816,-278.664,0,0
30672,940832928,11696,-3933.408492,-1028.2,-359.511,463.504,-257.247,-233.214,372.007,-174.972,-641.204,-278.061,-81.2755,-237.323,-889.272,-338.86,-249.776,0,0
30673,940894275,11697,-3853.841264,-992.216,-357.858,428.228,-168.211,-267.345,400.657,-206.244,-664.981,-240.028,-97.6236,-198.051,-857.671,-320.961,-311.535,0,0
30674,940955624,11698,-3905.758914,-1027.22,-349.311,387.947,-108.124,-308.533,393.369,-203.206,-633.436,-197.98,-135.97,-206.109,-856.401,-413.539,-247.249,0,0
30675,941016975,11698,-3957.002334,-1096.31,-374.61,355.772,-56.1464,-307.721,357.077,-177.42,-641.699,-210.146,-186.047,-201.079,-797.821,-396.449,-224.399,0,0
30676,941078328,11699,-3842.181832,-1112.4,-339.013,360.432,-58.9554,-326.856,361.552,-160.569,-623.414,-220.296,-123.69,-195.277,-761.15,-363.367,-279.175,0,0
30677,941139683,11700,-3907.170596,-1135.58,-337.366,333.251,-27.9281,-371.28,382.552,-118.658,-597.255,-240.331,-122.684,-192.411,-759.71,-442.844,-276.924,0,0
30678,941201040,11701,-3848.128335,-1154.76,-307.721,315.011,-32.8493,-259.301,330.144,-73.8104,-631.453,-280.829,-86.2531,-157.386,-749.329,-496.465,-263.132,0,0
30679,941262399,11702,-3910.170738,-1148.02,-307.024,359.879,-58.7146,-346.32,357.674,-88.1468,-597.841,-283.055,-57.895,-185.179,-802.865,-469.961,-282.702,0,0
30680,941323760,11702,-3719.579704,-1065.28,-338.433,321.632,-79.5865,-339.634,361.733,-37.9896,-576.011,-295.208,-23.8831,-141.657,-739.188,-525.954,-240.123,0,0
30681,941385123,11703,-3623.127585,-1107.63,-300.688,378.494,-115.512,-388.946,413.554,-36.267,-523.728,-308.635,74.7571,-165.022,-742.186,-547.84,-253.48,0,0
30682,941446488,11704,-3705.298870,-1164.97,-287.047,359.296,-106.277,-386.914,444.906,-22.2947,-575.992,-348.139,41.1805,-129.985,-742.462,-526.557,-260.045,0,0
30683,941507855,11705,-3817.821585,-1133.4,-243.356,275.311,-22.2049,-412.056,381.788,-45.5742,-560.379,-324.832,19.1879,-131.248,-747.246,-571.217,-302.591,0,0
30684,941569224,11705,-3557.326701,-1099.83,-264.666,300.054,23.0253,-388.429,437.548,-79.2933,-532.835,-320.73,43.256,-134.049,-757.948,-482.153,-301.276,0,0
30685,941630595,11706,-3495.671502,-1047.35,-310.926,317.009,14.0907,-421.518,495.19,-50.5716,-520.491,-320.899,35.9788,-107.247,-760.855,-463.776,-354.307,0,0
30686,941691968,11707,-3438.828497,-1039.86,-294.29,284.907,42.3181,-475.607,517.069,-2.60125,-558.208,-316.452,84.8981,-104.294,-788.382,-431.858,-356.466,0,0
30687,941753343,11708,-3266.640298,-1035.47,-325.501,309.857,70.4927,-521.633,572.719,-26.6294,-520.241,-296.8,73.7057,-60.4322,-759.38,-341.318,-406.014,0,0
30688,941814720,11708,-3408.403119,-1059.06,-303.816,261.801,39.7137,-501.014,548.473,-55.6637,-540.379,-233.31,72.1311,-102.756,-774.245,-386.889,-373.386,0,0
30689,941876099,11709,-3306.728562,-1108.75,-286.081,320.745,17.9374,-542.05,587.293,-13.9402,-518.224,-231.458,88.7135,-78.849,-772.744,-415.354,-353.967,0,0
30690,941937480,11710,-3297.271910,-1104.43,-270.347,273.737,62.2119,-511.141,548.876,-25.8517,-518.553,-225.764,51.8524,-89.1079,-706.419,-424.079,-358.256,0,0
30691,941998863,11711,-3402.004031,-1177.2,-283.563,244.783,163.377,-495.233,492.753,-16.2538,-529.881,-226.19,-13.8645,-116.474,-726.138,-384.989,-333.126,0,0
30692,942060248,11711,-3440.828370,-1170.97,-314.883,198.715,197.701,-465.213,530.274,-28.9739,-576.792,-195.632,-27.3546,-102.719,-699.551,-416.06,-369.37,0,0
30693,942121635,11712,-3545.188758,-1156.83,-256.05,183.807,141.916,-529.542,525.207,-59.3172,-509.444,-136.392,-96.0632,-136.485,-698.878,-450.84,-366.278,0,0
30694,942183024,11713,-3274.703623,-1111.68,-290.321,257.735,109.237,-545.581,534.144,-35.3489,-529.836,-108.7,-71.6348,-97.5235,-622.736,-432.388,-330.071,0,0
30695,942244415,11714,-3415.021625,-1212.62,-271.542,235.981,122.45,-604.448,577.607,-44.4443,-493.557,-150.049,-37.8528,-142.775,-614.666,-472.775,-306.329,0,0
30696,942305808,11714,-3380.186598,-1144.56,-250.764,281.902,111.82,-600.779,532.538,-22.5413,-538.08,-120.95,-44.3573,-112.105,-659.064,-451.058,-362.191,0,0
30697,942367203,11715,-3596.262279,-1192.58,-276.936,306.036,62.9725,-587.823,485.407,26.4875,-600.73,-111.635,-73.4887,-186.348,-592.416,-489.356,-365.85,0,0
30698,942428600,11716,-3567.543725,-1172.6,-262.212,312.164,102.396,-647.809,498.107,-11.8581,-599.059,-123.401,-56.1205,-179.568,-590.323,-472.668,-364.589,0,0
30699,942489999,11717,-3518.785517,-1213.72,-248.334,313.294,110.71,-610.911,489.74,-44.7686,-559.519,-100.571,-33.4749,-186.338,-558.989,-471.94,-403.967,0,0
30700,942551400,11718,-3318.929220,-1154.82,-268.562,418.416,28.9631,-623.017,471.73,0.0727581,-556.563,-33.2679,19.2344,-158.461,-548.571,-524.827,-389.255,0,0
30701,942612803,11718,-3198.221209,-1144.02,-257.738,509.538,-26.5626,-630.124,494.481,37.1603,-560.091,-38.8268,16.7525,-138.089,-567.868,-517.927,-374.909,0,0
30702,942674208,11719,-3004.125815,-1137.21,-275.916,469.709,-11.2587,-622.117,514.232,-15.9981,-508.545,17.2754,23.807,-78.5985,-561.582,-496.483,-321.443,0,0
30703,942735615,11720,-3154.288376,-1136.49,-296.044,530.985,2.0486,-677.047,498.869,-5.15759,-539.936,-20.8987,-17.5416,-92.9344,-572.625,-532.146,-295.372,0,0
30704,942797024,11721,-3061.797759,-1143.76,-290.276,588.096,16.5685,-716.275,522.911,-5.00882,-536.85,13.5502,-20.4103,-97.0679,-622.421,-442.311,-328.541,0,0
30705,942858435,11721,-3100.236451,-1194.13,-304.355,568.367,22.8133,-633.212,469.602,10.9561,-587.312,45.0399,-65.8378,-114.562,-632.956,-390.462,-294.187,0,0
30706,942919848,11722,-3086.458584,-1212.49,-330.538,566.526,27.3861,-687.322,581.473,-4.39614,-562.772,15.3432,-44.0412,-169.205,-610.376,-408.552,-247.495,0,0
30707,942981263,11723,-3175.925038,-1218.94,-337.67,517.898,87.6849,-606.262,545.341,28.5681,-574.427,15.9842,-135.683,-235.374,-624.821,-364.841,-273.382,0,0
30708,943042680,11724,-3367.103169,-1225.38,-368.804,502.049,54.0861,-620.202,541.151,11.53,-578.082,-18.6411,-113.973,-214.969,-579.311,-483.265,-273.288,0,0
30709,943104099,11724,-3631.722287,-1262.92,-355.888,419.362,23.5986,-608.376,534.834,-16.5096,-580.797,-92.5421,-112.609,-287.66,-584.425,-490.72,-217.07,0,0
30710,943165520,11725,-3719.530112,-1241.45,-415.076,433.668,70.9976,-628.262,490.464,-25.2997,-594.066,-92.9837,-176.817,-233.622,-616.823,-488.221,-202.042,0,0
30711,943226943,11726,-3689.977055,-1312.07,-422.11,458.029,0.34304,-587.089,474.451,12.4758,-600.789,-60.8149,-146.394,-233.874,-559.586,-497.6,-214.95,0,0
30712,943288368,11727,-3752.243580,-1248.68,-439.249,509.276,-72.0443,-590.153,475.196,49.3111,-587.251,-55.3761,-196.239,-239.417,-576.848,-556.078,-224.69,0,0
30713,943349795,11727,-3876.303095,-1237.39,-458.337,542.683,-179.649,-552.274,478.116,57.2132,-633.713,-63.4119,-187.959,-278.669,-561.517,-585.5,-215.9,0,0
30714,943411224,11728,-3895.550774,-1252.08,-406.428,497.979,-137.093,-541.218,455.743,58.4164,-676.562,-27.8952,-174.599,-274.315,-536.5,-676.591,-204.403,0,0
30715,943472655,11729,-3853.259721,-1255.87,-389.467,492.434,-128.646,-559.227,485.724,-2.93383,-633.895,-72.8714,-204.246,-209.973,-521.213,-681.192,-171.881,0,0
30716,943534088,11730,-3911.704524,-1272.66,-392.611,483.776,-134.041,-491.178,432.585,-31.7859,-649.486,-52.9034,-125.522,-181.303,-549.352,-702.834,-244.394,0,0
30717,943595523,11731,-3650.569843,-1205.53,-398.601,535.172,-103.599,-451.131,420.328,-61.9544,-651.074,-35.6078,-72.4515,-166.173,-527.636,-723.201,-209.109,0,0
30718,943656960,11731,-3627.487591,-1206.4,-370.697,550.615,-78.1064,-494.14,468.306,-56.9953,-626.599,-46.363,-131.731,-165.284,-535.095,-717.663,-217.337,0,0
30719,943718399,11732,-3589.816229,-1248.36,-409.741,574.112,-66.5015,-436.92,414.935,-36.7223,-607.322,38.0783,-184.929,-126.079,-520.144,-710.981,-269.246,0,0
30720,943779840,11733,-3546.195295,-1278.31,-391.787,542.495,-17.9598,-401.994,330.848,-19.2665,-605.785,25.0946,-202.302,-95.96,-528.6,-672.04,-230.63,0,0
30721,943841283,11734,-3818.087434,-1298.35,-360.782,477.987,-20.4164,-432.891,329.826,-37.1204,-601.184,-8.45979,-203.872,-163.287,-570.255,-693.874,-235.404,0,0
30722,943902728,11734,-3772.209124,-1215.39,-366.882,427.418,-14.7661,-390.905,296.746,6.95894,-629.104,-52.7653,-196.879,-199.608,-557.677,-630.702,-248.653,0,0
30723,943964175,11735,-3676.225673,-1161.52,-400.828,473.063,-27.2806,-371.806,318.307,14.7906,-621.303,-7.87068,-250.441,-306.153,-485.592,-622.346,-227.248,0,0
30724,944025624,11736,-3407.107611,-1132.64,-360.879,454.436,1.41924,-412.594,396.225,-0.249323,-606.894,-7.50267,-221.801,-309.238,-427.752,-597.757,-181.88,0,0
30725,944087075,11737,-3507.808770,-1104.85,-371.879,412.074,-37.101,-383.671,354.257,-25.1692,-569.291,-24.9957,-202,-352.209,-470.707,-553.473,-178.789,0,0
30726,944148528,11737,-3491.138804,-1118.06,-356.882,401.548,-37.4046,-367.46,385.938,-43.1537,-596.147,-20.3692,-207.005,-314.621,-461.574,-581.106,-174.842,0,0
30727,944209983,11738,-3520.903801,-1111.36,-340.833,369.181,-12.8159,-418.363,398.796,-41.1973,-607.931,-12.4568,-216.356,-341.811,-468.352,-568.724,-148.683,0,0
30728,944271440,11739,-3409.394541,-1106.65,-331.888,400.754,-4.1803,-481.272,444.529,-67.1212,-603.006,4.10116,-181.143,-322.23,-466.81,-492.023,-202.456,0,0
30729,944332899,11740,-3473.248641,-1186.03,-331.791,425.275,-22.4325,-406.24,362.679,-99.2869,-557.055,-6.74373,-177.929,-243.323,-485.579,-487.665,-257.126,0,0
30730,944394360,11740,-3210.568484,-1127.41,-363.798,477.95,-0.853805,-341.031,345.357,-39.0228,-538.259,-29.2987,-153.928,-220.729,-396.51,-573.912,-249.126,0,0
30731,944455823,11741,-3152.939299,-1119.87,-326.754,476.625,-8.2189,-424,399.266,-91.3184,-529.463,11.5973,-94.561,-240.382,-352.123,-583.95,-269.784,0,0
30732,944517288,11742,-3026.211793,-1101.33,-334.712,431.187,13.6289,-390.913,421.239,-82.3625,-567.314,-7.30514,-61.4904,-226.706,-374.132,-470.313,-275.683,0,0
30733,944578755,11743,-2998.177941,-1089.89,-337.619,367.909,45.1479,-317.712,380.087,-54.2899,-588.972,-29.0671,-15.7794,-194.752,-397.19,-517.321,-248.731,0,0
30734,944640224,11743,-3108.375251,-1122.43,-334.631,420.52,-28.0061,-379.627,392.06,-87.2082,-578.764,-34.9015,-14.5693,-187.332,-445.241,-494.459,-213.783,0,0
30735,944701695,11744,-3139.424392,-1118.07,-328.489,357.342,14.6206,-404.421,411.855,-52.3804,-539.097,-70.4022,-51.193,-207.864,-418.737,-488.108,-244.484,0,0
30736,944763168,11745,-3051.608374,-1118.7,-270.452,330.893,56.3499,-389.286,381.936,-38.3058,-563.886,-1.64009,-75.2785,-199.659,-417.763,-483.316,-262.503,0,0
30737,944824643,11746,-3208.813255,-1160.42,-239.364,367.71,5.08183,-348.145,322.785,-27.4796,-579.348,-60.5261,-25.2712,-243.426,-477.299,-503.087,-240.024,0,0
30738,944886120,11747,-3116.833485,-1112.13,-271.278,305.415,78.8644,-289.947,325.577,-47.4015,-579.943,-111.974,33.1634,-209.263,-460.727,-544.261,-232.924,0,0
30739,944947599,11747,-3125.255086,-1104.94,-235.141,249.227,56.5928,-340.809,336.484,-36.5144,-603.281,-59.8745,-3.33707,-174.273,-518.549,-491.863,-198.976,0,0
30740,945009080,11748,-3214.350126,-1141.74,-232.108,334.978,-27.5747,-327.558,290.395,-2.5023,-637.005,-101.299,-36.7604,-166.704,-542.99,-402.267,-221.215,0,0
30741,945070563,11749,-2877.014111,-1091.63,-226.923,295.731,20.0928,-267.424,315.415,61.573,-609.726,-114.407,-49.1794,-134.025,-458.929,-427.051,-190.532,0,0
30742,945132048,11750,-2840.985523,-1084.52,-215.841,279.531,81.9766,-306.231,347.204,29.3973,-613.675,-141.39,-77.6288,-130.209,-400.131,-427.061,-182.411,0,0
30743,945193535,11750,-2766.924645,-1075.49,-203.709,326.437,29.8084,-324.866,363.933,21.4736,-565.721,-95.7467,-105.337,-87.7387,-462.429,-411.02,-176.516,0,0
30744,945255024,11751,-2930.406285,-1096.46,-196.579,295.178,39.5215,-325.909,353.074,-0.577431,-606.864,-104.79,-99.4744,-56.7068,-452.593,-471.291,-206.935,0,0
30745,945316515,11752,-2950.262196,-1130.52,-169.398,306.077,-13.5986,-289.721,325.034,-43.6916,-587.397,-88.8916,-121.763,-10.6558,-486.091,-439.202,-200.443,0,0
30746,945378008,11753,-2811.044293,-1205.57,-182.322,441.919,-62.6667,-416.361,402.822,35.5046,-578.056,-52.7259,-70.8226,-38.3007,-436.631,-416.318,-231.512,0,0
30747,945439503,11753,-2869.623589,-1206.72,-214.092,406.867,-68.0093,-405.175,462.9,9.26473,-611.722,-96.5605,-111.673,30.8839,-376.089,-438.709,-250.792,0,0
30748,945501000,11754,-2745.723110,-1128.86,-189.967,360.702,-33.0283,-368.105,410.741,-8.6,-545.312,-148.328,-106.604,68.9414,-389.084,-423.241,-244.982,0,0
30749,945562499,11755,-2908.818809,-1110.09,-222.79,423.645,-89.1567,-328.809,390.643,-49.4669,-591.527,-191.032,-78.8167,3.30739,-393.503,-437.139,-234.086,0,0
30750,945624000,11756,-2839.844894,-1087.31,-207.616,363.527,-77.3438,-397.569,469.601,-72.5835,-543.18,-173.525,-66.6099,3.53096,-362.738,-451.85,-236.179,0,0
30751,945685503,11756,-2851.089310,-1063.62,-210.391,312.571,-74.4738,-363.213,412.509,-83.6342,-530.775,-96.7692,-64.3806,19.8505,-386.07,-431.328,-291.36,0,0
30752,945747008,11757,-3139.011943,-1101.93,-197.271,252.448,-107.502,-353.093,406.464,-82.4411,-582.506,-121.477,-22.8967,21.1335,-491.415,-433.974,-324.55,0,0
30753,945808515,11758,-3190.264779,-1067.33,-220.997,268.484,-124.638,-354.857,368.361,-52.5577,-572.587,-155.655,-9.38718,-33.977,-517.292,-392.81,-325.02,0,0
30754,945870024,11759,-2998.745378,-1051.72,-193.828,269.409,-164.612,-329.678,459.38,-16.4239,-547.373,-149.808,-41.5352,-56.7574,-548.632,-317.029,-310.136,0,0
30755,945931535,11760,-3035.631220,-1076.21,-233.607,233.547,-93.8056,-355.271,474.098,-21.5424,-565.91,-138.379,-60.3131,-13.6347,-545.193,-356.565,-282.847,0,0
30756,945993048,11760,-2930.673747,-1023.68,-263.389,209.466,35.2683,-405.152,475.177,-47.4713,-535.051,-135.228,-69.0975,-51.8743,-548.695,-324.536,-246.407,0,0
30757,946054563,11761,-2862.497472,-1046.25,-270.12,251.491,42.1244,-430.75,493.25,-72.4053,-499.907,-124.045,-97.0284,-9.99929,-486.238,-333.031,-279.587,0,0
30758,946116080,11762,-2799.008023,-1035.81,-260.955,220.617,96.0865,-450.463,505.089,6.6668,-514.374,-112.296,-115.169,-52.3143,-512.36,-329.231,-244.49,0,0
30759,946177599,11763,-2604.757944,-1081.47,-249.637,275.691,70.1049,-429.115,528.044,53.6101,-488.105,-113.408,-65.379,-49.8378,-542.262,-278.267,-234.729,0,0
30760,946239120,11763,-2449.588826,-1037.11,-214.424,287.757,73.061,-400.889,469.996,122.676,-498.382,-108.838,-88.7428,-25.6036,-502.823,-287.035,-239.228,0,0
30761,946300643,11764,-2444.184682,-1073.85,-209.16,297.877,79.074,-406.664,470.067,53.8061,-488.234,-146.876,-89.9574,-6.79724,-440.859,-281.561,-201.048,0,0
30762,946362168,11765,-2347.254360,-984.583,-187.897,310.939,45.1379,-458.263,511.904,63.6873,-495.704,-185.654,-101.308,-8.96133,-385.561,-271.581,-199.411,0,0
30763,946423695,11766,-2518.535115,-1041.41,-224.584,354.213,-6.96172,-430.039,478.855,40.8147,-447.981,-208.479,-102.798,-28.0144,-436.968,-281.124,-184.063,0,0
30764,946485224,11766,-2567.333449,-1026.22,-193.376,294.215,-53.7929,-435.702,493.162,35.7579,-398.577,-203.453,-57.1656,-50.633,-443.784,-311.272,-216.491,0,0
30765,946546755,11767,-2639.154687,-995.129,-179.014,249.483,-103.844,-418.479,463.815,26.7619,-440.047,-202.964,-58.1736,-18.0802,-447.729,-250.654,-265.1,0,0
30766,946608288,11768,-2517.977136,-935.03,-250.756,271.586,-39.7331,-401.144,458.004,54.8265,-491.519,-174.93,-36.8859,43.9931,-463.942,-290.55,-261.898,0,0
30767,946669823,11769,-2704.878109,-984.022,-246.448,185.903,3.26945,-414.576,437.722,9.02086,-504.438,-172.434,-68.8001,36.7057,-445.77,-261.833,-279.178,0,0
30768,946731360,11769,-2947.257354,-1014.01,-285.142,223.052,-53.6256,-420.362,461.844,-8.16535,-521.842,-190.204,-73.0954,42.1522,-534.198,-280.092,-293.572,0,0
30769,946792899,11770,-3037.865809,-1066.08,-272.784,193.256,23.4811,-415.084,419.969,-31.7921,-504.379,-158.515,-126.232,70.4578,-609.459,-260.873,-299.827,0,0
30770,946854440,11771,-3396.339643,-1166.15,-294.531,168.56,29.5291,-446.696,393.86,-51.2266,-517.723,-200.157,-164.589,17.3925,-626.869,-193.573,-344.162,0,0
30771,946915983,11772,-3405.952472,-1177.32,-285.125,235.812,5.68856,-467.307,391.63,-58.9129,-539.058,-252.992,-153.17,5.54181,-649.306,-198.494,-262.943,0,0
30772,946977528,11773,-3526.114034,-1131.47,-303.824,232.057,15.8399,-482.919,329.816,-55.1569,-596.332,-257.761,-182.794,-17.7915,-637.987,-150.586,-287.205,0,0
30773,947039075,11773,-3419.914006,-1041.72,-302.471,234.408,-12.1165,-426.708,288.996,-18.7247,-549.709,-275.471,-159.228,-12.8326,-700.213,-205.392,-238.735,0,0
30774,947100624,11774,-3561.138189,-991.956,-314.121,240.648,-73.9114,-468.152,287.823,-51.9101,-544.469,-288.853,-121.438,-46.7787,-720.079,-240.554,-227.388,0,0
30775,947162175,11775,-3783.203756,-982.287,-316.72,171.1,-75.8709,-416.766,206.655,-45.7867,-574.459,-274.88,-178.022,-96.9702,-740.744,-220.768,-237.685,0,0
30776,947223728,11776,-3638.933661,-932.611,-311.423,149.334,-62.5618,-440.386,265.714,-59.7244,-592.871,-280.989,-172.944,-76.6902,-706.121,-155.084,-262.577,0,0
30777,947285283,11776,-3600.486893,-910.027,-281.973,234.727,-134.526,-454.179,320.012,-42.787,-624.34,-303.03,-212.866,-55.6501,-687.096,-156.483,-292.27,0,0
30778,947346840,11777,-3473.469933,-877.435,-263.627,188.061,-123.274,-469.567,362.722,-48.481,-603.875,-273.87,-188.508,-62.294,-653.074,-178.313,-281.935,0,0
30779,947408399,11778,-3475.202518,-880.936,-254.231,181.556,-69.021,-496.36,335.96,-31.4803,-621.668,-291.24,-110.308,-108.485,-593.902,-235.668,-299.419,0,0
30780,947469960,11779,-3449.804618,-870.429,-242.836,208.884,-87.8851,-545.871,359.959,-81.5449,-644.076,-294.287,-174.804,-35.1903,-580.262,-169.245,-292.217,0,0
30781,947531523,11779,-3579.701833,-930.014,-266.391,206.319,-94.6933,-551.496,387.96,-112.546,-623.291,-341.197,-131.94,-44.8511,-601.159,-191.801,-284.602,0,0
30782,947593088,11780,-3446.998032,-868.592,-263.05,296.749,-160.34,-584.235,388.077,-79.2391,-659.15,-340.827,-117.078,-42.8663,-625.481,-107.129,-283.836,0,0
30783,947654655,11781,-3166.654496,-777.262,-290.556,331.284,-119.26,-543.513,366.024,-118.485,-648.553,-313.391,-85.0707,-22.6447,-574.215,-90.058,-280.956,0,0
30784,947716224,11782,-3131.179855,-775.925,-294.166,307.655,-113.912,-519.317,355.135,-98.2442,-602.963,-324.514,-59.0857,-52.7045,-570.392,-48.4869,-334.259,0,0
30785,947777795,11783,-2803.847462,-723.68,-229.726,307.184,-115.672,-488.774,334.193,-52.123,-597.573,-328.809,-42.7962,-90.1809,-491.51,3.10617,-287.487,0,0
30786,947839368,11783,-2567.326747,-688.427,-183.287,347.656,-161.382,-439.401,291.312,-56.312,-587.168,-285.915,8.92099,-39.0019,-525.827,36.7935,-285.286,0,0
30787,947900943,11784,-2789.410888,-788.266,-188.798,315.233,-137.145,-405.859,263.132,-75.885,-554.838,-283.426,-52.2294,-68.4506,-524.285,-1.07828,-287.515,0,0
30788,947962520,11785,-2646.288480,-826.098,-221.413,359.751,-105.86,-415.319,261.248,-53.0105,-529.917,-279.743,-12.7842,-71.1186,-455.816,-22.4978,-273.71,0,0
30789,948024099,11786,-2644.766031,-824.022,-170.875,342.27,-91.5198,-455.954,258.479,-17.9562,-509.65,-339.924,-34.297,-80.2283,-393.379,-10.6951,-317.013,0,0
30790,948085680,11786,-2718.655847,-827.939,-167.441,303.835,-134.237,-499.414,298.299,-12.835,-525.995,-309.536,30.3558,-99.4775,-406.377,-78.3773,-289.516,0,0
30791,948147263,11787,-2645.681489,-809.948,-179.956,298.508,-65.9528,-491.876,332.355,31.346,-576.659,-314.2,13.1263,-101.872,-395.621,-76.079,-308.853,0,0
30792,948208848,11788,-2569.945725,-808.949,-159.474,313.961,-103.512,-494.572,354.524,24.1554,-510.262,-304.898,13.2829,-34.317,-406.103,-139.512,-314.269,0,0
30793,948270435,11789,-2451.707569,-844.043,-170.94,322.68,-90.2339,-543.153,422.634,78.4588,-523.675,-271.948,53.0664,-18.6804,-377.676,-202.441,-285.757,0,0
30794,948332024,11789,-2755.246556,-924.129,-179.511,288.235,-56.7384,-555.503,407.691,-15.4857,-540.205,-297.182,63.9218,-28.3696,-472.644,-190.433,-254.893,0,0
30795,948393615,11790,-2357.375272,-850.307,-181.929,278.002,37.4813,-509.028,420.621,16.6284,-507.619,-217.572,86.7844,-17.9957,-481.566,-216.442,-214.433,0,0
30796,948455208,11791,-2356.183577,-883.478,-160.452,299.551,79.915,-555.613,414.791,12.6837,-520.16,-230.007,102.925,-52.5102,-419.847,-261.398,-182.584,0,0
30797,948516803,11792,-2372.126218,-896.741,-141.923,338.259,37.2952,-527.086,336.839,-10.0707,-536.635,-233.769,106.582,16.2232,-435.325,-338.885,-86.8907,0,0
30798,948578400,11792,-2265.738018,-804.996,-81.3962,289.961,60.6708,-489.613,304.949,-15.8939,-556.431,-228.165,105.778,31.8858,-489.35,-326.689,-66.4486,0,0
30799,948639999,11793,-2149.442602,-807.344,-46.8187,300.664,82.1043,-525.852,320.824,17.0366,-604.707,-239.603,108.273,9.79379,-454.834,-270.124,-38.8555,0,0
30800,948701600,11794,-2350.795671,-864.684,-55.3456,298.413,68.5291,-545.618,265.108,12.0853,-575.993,-223.166,111.277,-48.2199,-404.275,-346.421,-42.4852,0,0
30801,948763203,11795,-2432.869242,-879.117,-66.7193,286.11,45.9009,-564.034,342.095,-30.7983,-547.66,-265.08,72.0599,-61.6617,-372.873,-358.553,-32.5384,0,0
30802,948824808,11796,-2280.521389,-845.541,-74.1975,274.854,46.4343,-544.51,370.203,31.3795,-559.133,-309.857,111.213,-37.3468,-424.805,-340.043,20.8275,0,0
30803,948886415,11796,-1993.680986,-800.059,-25.6247,263.757,35.8037,-515.87,401.369,74.3061,-540.61,-245.566,78.4866,-8.70298,-409.319,-297.568,-4.08492,0,0
30804,948948024,11797,-2124.418254,-801.568,-22.0541,203.389,28.3866,-470.348,341.298,66.6681,-571.216,-246.073,107.712,-59.087,-425.468,-333.086,57.0274,0,0
30805,949009635,11798,-2067.170975,-751.17,-21.4325,176.287,11.8048,-466.83,340.638,86.5368,-592.823,-212.115,113.853,-44.0669,-422.11,-327.599,41.8564,0,0
30806,949071248,11799,-2120.303680,-800.764,-56.9154,183.019,102.33,-528.196,346.685,39.5837,-516.1,-213.097,95.7738,-43.492,-386.737,-395.646,53.2521,0,0
30807,949132863,11799,-2071.739943,-750.451,-70.245,238.965,-2.25318,-492.559,334.731,66.7607,-492.774,-232.603,55.5689,61.0885,-354.057,-457,23.0858,0,0
30808,949194480,11800,-1872.571940,-716.129,-110.679,264.744,11.3208,-440.045,310.774,76.0601,-440.115,-204.581,109.927,21.8196,-325.154,-467.968,37.4533,0,0
30809,949256099,11801,-1970.113362,-805.901,-116.062,215.631,56.8413,-458.588,354.111,110.983,-487.855,-236.881,123.927,34.4344,-405.062,-456.037,100.346,0,0
30810,949317720,11802,-1766.801449,-809.664,-130.448,277.511,122.359,-513.897,400.978,79.283,-477.52,-220.276,160.989,29.144,-413.448,-429.317,157.503,0,0
30811,949379343,11802,-1904.368674,-813.52,-140.782,288.446,106.877,-506.44,346.137,115.33,-502.744,-227.845,119.424,72.7295,-459.701,-459.202,156.923,0,0
30812,949440968,11803,-1828.831201,-775.368,-106.221,270.32,80.4979,-528.758,417.236,71.3192,-529.958,-264.615,145.426,75.6392,-466.205,-408.92,190.776,0,0
30813,949502595,11804,-1819.300838,-686.309,-143.506,340.248,25.0107,-441.305,295.573,28.1807,-488.63,-262.267,149.571,68.8934,-485.015,-480.999,261.254,0,0
30814,949564224,11805,-1894.056610,-674.242,-166.897,354.171,33.5742,-415.624,319.612,-4.4002,-478.298,-274.906,141.642,116.44,-517.265,-539.788,211.924,0,0
30815,949625855,11805,-1829.913609,-700.267,-131.236,374.252,-4.86034,-475.766,361.54,-34.2256,-451.099,-297.881,135.572,144.07,-450.045,-522.314,222.346,0,0
30816,949687488,11806,-1667.509543,-674.285,-159.577,356.115,24.8073,-399.377,363.75,-31.1185,-442.513,-225.801,135.845,166.489,-447.353,-518.66,184.168,0,0
30817,949749123,11807,-2021.985518,-766.395,-192.867,310.138,57.3121,-435.755,365.026,-39.3192,-463.67,-244.9,22.2046,176.925,-384.489,-576.334,150.137,0,0
30818,949810760,11808,-2102.099917,-756.497,-186.262,333.155,-7.96608,-482.078,419.066,-32.8386,-425.333,-304.153,17.3457,140.399,-377.929,-590.46,151.451,0,0
30819,949872399,11809,-2084.098686,-802.692,-175.504,342.226,30.6454,-467.456,432.163,-82.852,-401.95,-256.655,-9.93296,177.503,-399.923,-641.811,172.139,0,0
30820,949934040,11809,-1900.722878,-792.879,-130.85,372.183,21.3055,-423.722,465.142,-83.5578,-420.161,-246.221,-12.6463,168.625,-424.297,-536.703,143.058,0,0
30821,949995683,11810,-1922.919753,-752.159,-146.145,333.301,17.9123,-400.167,440.648,-137.882,-439.445,-231.487,-6.01,195.822,-387.823,-589.937,180.449,0,0
30822,950057328,11811,-1914.144506,-766.43,-120.442,305.307,-9.37611,-360.492,483.569,-146.405,-455.313,-213.328,17.7723,165.789,-407.803,-571.23,164.239,0,0
30823,950118975,11812,-1666.592636,-775.794,-100.688,316.525,-15.7716,-304.759,478.843,-140.421,-447.53,-178.108,11.9804,173.619,-356.087,-572.658,244.256,0,0
30824,950180624,11812,-2039.715786,-779.151,-122.039,208.525,44.9909,-312.149,397.111,-139.314,-504.138,-197.818,-42.4486,179.287,-402.481,-628.403,258.311,0,0
30825,950242275,11813,-2047.493282,-749.6,-140.236,183.684,35.5884,-331.538,423.203,-168.836,-469.552,-183.187,-25.7988,177.219,-423.282,-577.546,202.388,0,0
30826,950303928,11814,-2015.369834,-804.041,-117.538,117.785,65.4032,-338.81,451.239,-147.977,-492.224,-140.582,-12.0884,184.742,-387.937,-596.892,203.551,0,0
30827,950365583,11815,-2304.161108,-801.574,-99.7892,29.992,43.0549,-281.142,385.447,-199.872,-504.38,-112.699,-3.73248,102.731,-449.881,-623.205,210.889,0,0
30828,950427240,11815,-2211.721587,-808.1,-144.042,163.139,-1.24673,-269.476,355.716,-187.58,-501.055,-143.87,37.0617,147.768,-465.684,-589.214,194.861,0,0
30829,950488899,11816,-2155.634628,-804.718,-101.245,139.287,1.50839,-226.813,322.04,-177.536,-466.47,-120.054,-47.7301,222.053,-460.108,-615.376,179.526,0,0
30830,950550560,11817,-2033.065590,-820.329,-85.5512,147.535,9.26001,-316.149,411.193,-144.434,-402.275,-150.704,-45.0197,162.357,-482.904,-523.415,207.37,0,0
30831,950612223,11818,-1960.391079,-813.032,-62.7047,120.785,70.0129,-332.197,411.93,-127.079,-450.614,-144.867,-18.8704,163.738,-454.997,-584.561,262.063,0,0
30832,950673888,11819,-1863.478022,-721.727,-61.9626,87.9206,51.8134,-340.768,420.546,-73.1596,-455.971,-178.776,-34.0947,167.855,-470.951,-548.031,293.827,0,0
30833,950735555,11819,-1968.335763,-728.514,-124.169,117.269,110.616,-373.05,424.515,-113.935,-444.454,-214.902,-87.4492,105.073,-409.153,-535.286,305.103,0,0
30834,950797224,11820,-2103.145224,-735.294,-125.379,56.4003,168.47,-341.275,382.842,-135.645,-487.125,-170.273,-116.301,65.7292,-405.455,-524.674,264.834,0,0
30835,950858895,11821,-2142.391111,-754.166,-117.537,67.8501,118.104,-343.444,370.87,-133.729,-454.281,-171.056,-87.5281,64.8265,-436.333,-548.653,282.686,0,0
30836,950920568,11822,-1669.461090,-719.031,-73.7994,126.028,150.117,-263.671,328.96,-69.2523,-416.151,-108.9,-68.312,88.1985,-451.066,-518.751,326.17,0,0
30837,950982243,11822,-1816.582844,-708.988,-56.9088,103.365,135.801,-254.018,264.337,-95.2721,-439.435,-100.095,-16.1018,69.9195,-486.014,-534.498,301.325,0,0
30838,951043920,11823,-1752.322513,-649.937,-72.1227,117.697,118.646,-224.191,275.423,-140.236,-432.851,-96.9431,17.0507,69.368,-458.827,-518.433,243.033,0,0
30839,951105599,11824,-1959.748190,-715.979,-143.285,101.083,168.548,-200.421,242.571,-151.007,-451.076,-58.8593,-17.5308,36.1835,-432.53,-601.054,263.609,0,0
30840,951167280,11825,-1991.076863,-799.013,-136.451,116.408,153.277,-157.712,275.009,-181.786,-483.007,-53.2283,-26.4589,24.689,-390.975,-651.176,319.346,0,0
30841,951228963,11825,-1378.742461,-738.139,-70.5647,158.734,197.229,-54.0615,289.09,-128.624,-419.973,-49.6038,8.68594,92.4132,-445.002,-591.04,372.114,0,0
30842,951290648,11826,-1562.076531,-821.258,-68.7833,145.161,159.175,-109.179,268.412,-141.833,-390.775,-28.4481,8.46843,87.8077,-472.658,-548.731,350.565,0,0
30843,951352335,11827,-1462.751143,-878.469,-45.8486,99.6409,173.904,-84.4174,269.551,-72.3588,-388.387,-69.2366,13.3917,77.4837,-483.089,-469.032,394.115,0,0
30844,951414024,11828,-1487.041715,-940.672,-76.0184,76.9555,184.011,-50.7705,249.811,-60.1975,-343.548,-19.6749,44.178,63.1076,-513.072,-424.291,323.14,0,0
30845,951475715,11828,-1078.189009,-825.968,-49.1372,13.482,231.788,-40.8945,245.068,-6.91395,-304.352,9.06201,126.466,72.8222,-541.105,-372.444,363.937,0,0
30846,951537408,11829,-979.979763,-821.256,-21.2583,-10.1555,242.783,-33.1925,218.207,39.1849,-249.64,-26.9855,110.401,138.542,-528.58,-415.014,376.985,0,0
30847,951599103,11830,-1198.548402,-846.636,-33.3283,-91.5802,270.669,-26.142,228.411,11.4107,-250.309,-43.6949,87.9844,95.5286,-575.443,-400.64,375.223,0,0
30848,951660800,11831,-1125.237067,-843.009,-34.5028,-76.172,273.602,-23.5622,313.9,-1.49541,-269.733,3.78832,73.8225,77.7869,-595.476,-453.301,429.114,0,0
30849,951722499,11832,-1295.570771,-922.474,-13.5241,-84.6556,285.646,-48.7463,294.98,8.66347,-282.889,-78.4699,71.9642,69.4136,-567.998,-442.722,415.241,0,0
30850,951784200,11832,-1560.903555,-999.931,-13.6498,-104.146,280.578,-103.932,268.115,1.94881,-273.63,-110.433,74.5328,102.806,-575.221,-500.719,392.778,0,0
30851,951845903,11833,-1461.192921,-959.481,33.2754,-136.529,269.455,-83.0625,251.255,17.9249,-233.92,-99.6259,110.385,44.7465,-511.306,-588.44,424.128,0,0
30852,951907608,11834,-1521.465555,-982.023,26.1984,-201.078,327.6,-87.08,288.391,42.1427,-255.401,-76.2003,83.2351,51.0427,-533.119,-636.353,431.179,0,0
30853,951969315,11835,-1675.431839,-939.658,22.1724,-241.468,313.471,-119.388,244.88,18.3024,-237.011,-44.1249,44.1714,-10.2708,-502.889,-669.356,445.737,0,0
30854,952031024,11835,-1327.343729,-849.284,53.042,-225.916,319.505,-167.406,295.194,60.5265,-226.365,-35.7659,35.3161,44.0957,-498.197,-568.06,435.97,0,0
30855,952092735,11836,-1295.817125,-886.003,82.0647,-204.258,272.539,-195.654,396.271,66.6199,-191.657,-11.6179,10.5934,83.716,-531.86,-604.69,418.118,0,0
30856,952154448,11837,-1388.641919,-864.715,36.983,-184.712,313.566,-217.736,445.579,82.962,-218.399,-53.6678,-36.9681,68.1141,-489.348,-683.207,412.907,0,0
30857,952216163,11838,-1089.089121,-776.519,92.9524,-203.06,336.595,-197.989,459.831,67.3684,-221.268,-70.7126,4.72998,38.26,-465.814,-620.155,466.692,0,0
30858,952277880,11838,-1238.815718,-794.315,91.9194,-204.414,324.675,-175.01,410.084,93.2779,-202.429,-50.6918,-2.60987,25.0932,-497.171,-696.341,439.116,0,0
30859,952339599,11839,-1104.067919,-769.203,99.9374,-148.713,328.756,-213.265,451.391,147.434,-180.527,-50.7495,40.4505,-17.4306,-507.864,-693.149,408.865,0,0
30860,952401320,11840,-1256.515469,-782.084,135.851,-214.074,353.886,-209.409,420.701,85.5853,-193.335,-59.3241,1.31156,-11.8951,-495.036,-694.148,405.454,0,0
30861,952463043,11841,-1445.903327,-827.057,125.918,-221.379,356.851,-316.55,466.126,116.929,-194.946,-98.9707,24.0877,2.60125,-547.988,-714.133,382.608,0,0
30862,952524768,11842,-1568.899294,-870.023,111.88,-218.744,356.032,-329.753,506.316,121.273,-226.108,-103.618,-23.1211,12.2648,-570.515,-753.631,418.847,0,0
30863,952586495,11842,-1609.217267,-935.081,107.894,-267.843,398.106,-292.606,519.331,131.367,-247.91,-73.2682,-32.6337,30.5942,-617.301,-741.05,411.183,0,0
30864,952648224,11843,-1640.123146,-944.131,155.905,-308.267,375.282,-315.986,574.931,164.455,-227.82,-125.605,-76.7757,-1.22031,-605.333,-718.401,412.843,0,0
30865,952709955,11844,-1606.724972,-932.273,111.967,-315.426,417.294,-295.904,558.116,154.857,-219.237,-99.9733,-63.5478,-49.1227,-601.447,-725.332,453.303,0,0
30866,952771688,11845,-1516.749247,-904.408,98.9244,-315.695,431.578,-227.993,556.423,166.89,-269.238,-67.5543,-75.9898,-39.1265,-557.911,-689.228,376.579,0,0
30867,952833423,11845,-1348.618100,-884.635,56.0353,-262.859,396.588,-221.14,597.552,119.288,-178.404,-38.0631,-36.9783,-41.374,-534.787,-676.058,356.218,0,0
30868,952895160,11846,-1504.841221,-923.855,14.0416,-250.082,421.756,-272.118,617.977,147.505,-230.078,-40.6046,-15.207,28.436,-618.605,-698.536,314.531,0,0
30869,952956899,11847,-1505.254070,-891.167,42.0991,-261.305,389.035,-291.274,582.156,180.471,-298.5,-14.8418,-15.6277,25.5564,-569.19,-680.543,297.876,0,0
30870,953018640,11848,-1731.969067,-900.471,55.1542,-230.427,367.145,-269.31,543.521,118.624,-326.664,-41.9635,-87.1387,1.45286,-542.099,-749.485,329.694,0,0
30871,953080383,11848,-1577.153872,-850.868,51.2604,-280.549,378.312,-259.289,533.824,135.902,-336.278,-12.6142,-110.925,20.622,-513.381,-681.681,348.508,0,0
30872,953142128,11849,-1469.752553,-854.257,61.262,-296.73,410.637,-279.333,561.125,174.305,-329.96,-63.6714,-82.1387,57.2024,-539.302,-627.592,338.702,0,0
30873,953203875,11850,-1611.131195,-913.738,85.4169,-349.805,426.743,-333.433,630.364,147.391,-295.188,-46.9849,-84.9928,-15.7451,-563.921,-612.825,315.587,0,0
30874,953265624,11851,-1266.405543,-845.211,133.467,-389.992,459.066,-361.472,612.609,204.849,-247.798,0.372074,-89.2145,80.7754,-571.687,-609.932,357.762,0,0
30875,953327375,11851,-1402.101849,-827.777,106.569,-392.913,417.28,-306.574,560.027,180.69,-265.092,34.7916,-90.9272,8.12384,-520.054,-662.276,356.03,0,0
30876,953389128,11852,-1592.979365,-850.336,112.668,-429.159,411.542,-355.563,558.382,207.09,-244.708,5.66303,-79.2177,-25.5835,-564.235,-638.593,299.07,0,0
30877,953450883,11853,-1649.864272,-868.986,106.818,-430.138,440.75,-347.61,570.682,226.113,-262.935,-68.9877,-84.7152,-13.5125,-590.863,-626.839,300.359,0,0
30878,953512640,11854,-1526.635239,-852.629,119.864,-431.178,494.064,-394.714,580.92,221.635,-256.49,20.4334,-127.161,4.94008,-626.94,-564.097,284.717,0,0
30879,953574399,11855,-1732.100835,-875.365,96.0629,-364.162,449.27,-395.53,564.281,269.664,-240.906,-28.0111,-145.499,-33.8499,-615.183,-619.613,206.741,0,0
30880,953636160,11855,-1750.708498,-882.092,105.157,-356.208,428.578,-390.755,544.752,260.122,-237.396,4.45376,-124.65,-46.8486,-593.228,-624.382,161.787,0,0
30881,953697923,11856,-1710.560460,-874.912,126.303,-371.199,479.889,-410.691,537.049,223.329,-241.886,-8.94001,-93.3774,-76.7093,-555.327,-620.01,175.924,0,0
30882,953759688,11857,-1668.268903,-872.725,133.446,-420.196,553.249,-400.685,523.285,161.602,-221.239,2.56075,-33.7239,-67.7925,-589.063,-616.702,179.714,0,0
30883,953821455,11858,-2021.353638,-932.629,71.6404,-353.087,514.558,-473.564,584.582,124.751,-252.665,-52.9065,-69.5272,-44.6761,-668.069,-638.418,168.658,0,0
30884,953883224,11858,-1986.049517,-890.526,43.7302,-330.09,513.913,-480.618,556.818,170.146,-256.088,-8.3615,-77.0155,-39.9622,-634.856,-757.944,204.803,0,0
30885,953944995,11859,-1938.388680,-823.516,50.9732,-408.987,592.215,-447.676,518.525,177.043,-274.64,2.40655,-115.584,-6.08154,-685.321,-754.347,236.601,0,0
30886,954006768,11860,-1924.186886,-831.497,27.1117,-378.942,609.678,-508.56,520.586,176.442,-284.931,5.07395,-69.1593,7.26689,-637.734,-732.06,172.538,0,0
30887,954068543,11861,-1976.618148,-843.571,76.3013,-362.737,531.868,-544.386,599.996,184.776,-280.614,1.35087,-123.812,-20.4562,-686.982,-693.427,185.076,0,0
30888,954130320,11861,-2014.483311,-823.638,46.4885,-299.7,548.38,-523.56,527.287,189.103,-302.909,-16.2259,-164.524,-0.768062,-709.202,-634.347,149.132,0,0
30889,954192099,11862,-2051.137496,-787.796,102.727,-316.554,525.784,-554.565,546.695,163.065,-338.2,20.1868,-181.318,31.3203,-710.278,-687.26,135.057,0,0
30890,954253880,11863,-1916.399642,-797.947,109.861,-240.415,471.13,-523.28,602.989,172.396,-369.822,30.4648,-125.109,9.86618,-695.226,-665.427,104.12,0,0
30891,954315663,11864,-1848.117613,-758.191,45.1477,-218.168,502.531,-539.342,595.395,215.601,-332.053,45.8164,-198.952,2.70164,-688.888,-618.973,99.2571,0,0
30892,954377448,11865,-1757.287190,-760.426,68.3303,-192.089,514.035,-546.348,621.801,210.999,-311.538,42.8225,-241.106,9.08108,-702.956,-555.117,85.224,0,0
30893,954439235,11865,-1844.037687,-748.755,58.5639,-173.796,482.375,-527.3,581.269,222.324,-311.291,20.1016,-266.687,-5.0155,-702.559,-593.711,120.442,0,0
30894,954501024,11866,-2001.128749,-826.075,69.7952,-232.667,508.877,-459.195,572.498,157.351,-305.649,64.3196,-307.53,-41.3287,-739.085,-566.225,103.785,0,0
30895,954562815,11867,-2040.380039,-823.488,41.0776,-220.327,545.216,-440.97,593.908,141.492,-332.874,41.3864,-343.041,-97.7424,-795.782,-483.462,134.226,0,0
30896,954624608,11868,-2247.085668,-818.893,34.2554,-240.152,458.822,-482.099,578.428,156.006,-359.302,43.8779,-343.763,-105.32,-809.754,-472.773,113.58,0,0
30897,954686403,11868,-2054.918447,-780.39,66.5865,-271.924,516.265,-466.995,551.715,115.21,-311.661,88.0885,-387.396,-40.396,-731.807,-564.637,162.423,0,0
30898,954748200,11869,-2016.017551,-757.88,63.8131,-284.595,556.704,-475.835,530.062,157.476,-287.544,83.3018,-392.192,-1.52025,-753.023,-616.517,161.732,0,0
30899,954809999,11870,-1886.452834,-748.462,93.0908,-263.265,545.309,-445.735,542.408,210.678,-287.843,102.852,-423.269,-39.8589,-725.944,-627.858,181.443,0,0
30900,954871800,11871,-2047.667418,-806.036,67.3662,-272.996,595.742,-406.462,498.755,160.01,-295.064,95.3353,-381.896,-28.28,-729.54,-657.406,112.803,0,0
30901,954933603,11871,-2135.339750,-797.703,77.6926,-299.672,568.232,-480.539,527.331,147.338,-303.623,53.3413,-405.844,-72.9511,-692.6,-586.639,130.297,0,0
30902,954995408,11872,-2127.354737,-848.362,131.914,-298.355,589.882,-496.269,519.498,161.354,-317.307,16.7558,-322.773,-46.5895,-727.468,-591.147,101.509,0,0
30903,955057215,11873,-2086.993274,-786.114,121.29,-269.877,602.314,-497.113,535.903,177.742,-309.409,19.0833,-330.486,-29.8065,-767.396,-628.309,75.1842,0,0
30904,955119024,11874,-2147.783219,-789.857,122.56,-286.672,578.959,-480.078,515.301,165.13,-294.159,36.1094,-313.057,-70.2159,-740.322,-639.498,48.0165,0,0
30905,955180835,11875,-2336.580111,-833.694,135.882,-295.148,593.441,-493.984,479.876,205.208,-299.519,30.592,-348.777,-97.0722,-791.052,-685.431,63.0981,0,0
30906,955242648,11875,-2286.861497,-800.522,141.201,-288.842,597.084,-445.776,389.103,147.72,-305.497,10.33,-361.217,-56.4333,-819.953,-578.629,84.568,0,0
30907,955304463,11876,-2373.388029,-814.443,203.572,-321.323,584.563,-475.627,381.382,123.858,-331.857,18.8054,-356.576,-83.9274,-797.072,-562.64,57.8964,0,0
30908,955366280,11877,-2131.451093,-750.356,170.838,-319.917,587.255,-437.595,394.015,205.996,-331.672,9.2908,-313.993,-65.7037,-783.618,-571.525,75.5322,0,0
30909,955428099,11878,-2337.393212,-841.361,172.257,-383.51,583.838,-469.392,417.59,234.259,-368.775,28.2293,-336.719,-56.9832,-766.594,-571.939,21.7069,0,0
30910,955489920,11878,-2253.022324,-842.359,192.572,-356.003,573.417,-458.247,412.81,238.768,-323.334,11.6387,-310.014,-60.801,-810.087,-530.133,8.75222,0,0
30911,955551743,11879,-2249.816567,-800.449,204.937,-369.495,616.109,-419.928,349.214,232.91,-305.884,44.9905,-386.783,-82.8351,-764.965,-515.01,-52.6269,0,0
30912,955613568,11880,-2512.658550,-896.532,170.301,-360.047,621.737,-446.959,351.78,182.104,-321.18,14.5362,-455.569,-46.244,-707.065,-542.09,-77.429,0,0
30913,955675395,11881,-2498.402873,-889.706,149.715,-348.493,546.312,-420.704,323.177,236.432,-317.487,71.201,-446.015,-97.0756,-725.855,-539.952,-39.9506,0,0
30914,955737224,11881,-2593.586258,-880.874,145.025,-306.997,498.16,-414.504,315.632,209.69,-307.103,6.34521,-391.309,-99.1681,-713.01,-608.976,-46.4979,0,0
30915,955799055,11882,-2492.181550,-886.133,137.489,-269.342,494.677,-344.306,267.026,218.95,-342.402,45.751,-392.304,-79.696,-702.343,-614.589,-24.9594,0,0
30916,955860888,11883,-2710.319915,-942.385,140.847,-309.905,444.463,-302.996,199.363,218.151,-320.896,54.6503,-387.954,-100.439,-693.534,-687.723,-21.962,0,0
30917,955922723,11884,-2765.004272,-1007.73,179.257,-345.256,473.085,-308.919,197.932,230.658,-328.196,66.5851,-427.946,-126.534,-654.343,-734.469,20.8701,0,0
30918,955984560,11885,-2819.779130,-1030.07,213.665,-351.719,476.758,-336.608,246.446,210.853,-317.943,57.8607,-454.6,-101.172,-711.056,-696.365,-25.8328,0,0
30919,956046399,11885,-2991.743510,-1114.49,179.123,-299.021,467.543,-323.356,177.663,249.238,-302.983,35.8633,-561.895,-76.8255,-650.511,-700.851,-71.2373,0,0
30920,956108240,11886,-3177.501963,-1127.92,154.477,-252.438,433.211,-369.112,201.287,244.683,-315.672,12.0745,-536.176,-119.081,-657.044,-767.539,-78.2573,0,0
30921,956170083,11887,-3149.197616,-1125.43,148.984,-252.799,446.934,-261.923,114.617,208.004,-324.097,29.549,-497.25,-91.6601,-700.024,-825.607,-18.4986,0,0
30922,956231928,11888,-3084.332548,-1106.93,137.387,-205.167,473.82,-234.674,143.953,213.076,-311.332,41.8988,-526.465,-156.085,-726.282,-823.918,-3.6089,0,0
30923,956293775,11888,-2857.702129,-1102.53,100.841,-184.375,445.432,-216.372,160.577,251.207,-293.83,77.6491,-482.826,-104.831,-741.725,-760.768,-6.14724,0,0
30924,956355624,11889,-2919.500967,-1106.12,115.293,-232.802,473.311,-195.301,122.084,200.841,-302.583,96.2447,-485.476,-53.6457,-782.803,-763.09,-5.44945,0,0
30925,956417475,11890,-2922.680006,-1099.81,103.795,-252.07,472.082,-155.116,90.5298,213.035,-253.69,93.2061,-475.687,-56.7204,-790.715,-783.589,-27.9338,0,0
30926,956479328,11891,-3094.514408,-1158.48,108.193,-286.342,486.848,-250.875,197.213,200.415,-286.115,95.3457,-487.056,-134.222,-802.624,-727.265,-49.5491,0,0
30927,956541183,11891,-2951.616687,-1146.25,136.744,-273.562,482.618,-281.344,244.311,207.732,-289.676,105.824,-467.345,-100.561,-824.35,-687.287,-58.4721,0,0
30928,956603040,11892,-2925.252953,-1158.01,107.191,-288.841,524.434,-239.225,186.987,139.925,-237.105,94.6886,-441.344,-66.9573,-862.442,-630.604,-53.9527,0,0
30929,956664899,11893,-3059.190858,-1174.86,128.689,-346.067,496.307,-265.985,185.432,57.2442,-207.667,115.437,-431.007,-73.7217,-759.47,-708.63,-74.8926,0,0
30930,956726760,11894,-3024.909402,-1181.71,134.185,-243.299,428.176,-254.747,188.88,57.6854,-282.508,138.442,-437.142,-75.2232,-785.506,-607.811,-104.337,0,0
30931,956788623,11895,-2687.009080,-1082.64,99.7313,-200.423,444.882,-195.337,151.382,121.81,-267.072,152.924,-472.559,-39.6558,-777.388,-556.102,-66.561,0,0
30932,956850488,11895,-2536.743480,-1092.57,127.173,-186.714,434.91,-194.932,220.709,138.132,-230.505,149.656,-446.151,23.8204,-741.232,-651.792,-87.2461,0,0
30933,956912355,11896,-2339.427822,-1026.59,151.769,-149.791,459.664,-196.816,219.269,137.51,-233.257,82.6795,-401.855,22.7324,-709.446,-638.037,-57.2568,0,0
30934,956974224,11897,-2484.619169,-1056.61,160.26,-203.034,464.58,-212.409,203.83,126.824,-252.297,99.4036,-399.288,-48.0417,-704.67,-612.203,-50.9653,0,0
30935,957036095,11898,-2301.290972,-1010.71,159.802,-242.011,532.443,-240.003,288.156,169.893,-201.536,109.746,-406.517,-79.0063,-743.643,-603.567,-34.3349,0,0
30936,957097968,11898,-2328.652742,-1032.81,169.341,-243.26,505.407,-220.719,329.713,162.331,-214.962,61.2328,-400.365,-118.96,-710.431,-602.185,-12.9859,0,0
30937,957159843,11899,-2212.565551,-1016,180.932,-268.349,544.264,-225.606,327.449,178.77,-250.658,126.297,-395.364,-115.657,-717.224,-581.427,0.00997526,0,0
30938,957221720,11900,-2279.721521,-965.185,173.418,-223.391,476.228,-194.089,287.713,139.081,-242.216,88.9085,-395.578,-93.1463,-671.807,-661.913,2.25673,0,0
30939,957283599,11901,-2159.245702,-953.461,190.057,-181.485,416.137,-177.747,288.267,176.524,-267.393,109.708,-348.732,-57.327,-678.66,-649.763,-25.3714,0,0
30940,957345480,11901,-2137.280173,-893.729,192.592,-215.533,447.094,-200.467,341.708,189.773,-315.821,72.4557,-347.094,-81.9758,-686.77,-573.258,-66.2561,0,0
30941,957407363,11902,-2226.901652,-880.089,184.178,-282.581,503.052,-152.13,285.322,181.209,-283.384,59.1207,-321.953,-132.138,-732.88,-600.364,-54.265,0,0
30942,957469248,11903,-2063.534611,-917.441,178.762,-209.634,498.007,-116.907,285.937,171.336,-319.617,81.864,-312.677,-115.365,-646.848,-547.302,-93.651,0,0
30943,957531135,11904,-2089.644292,-953.886,172.397,-221.527,501.963,-125.278,321.143,157.024,-318.986,123.419,-323.166,-137.185,-678.395,-510.876,-96.2906,0,0
30944,957593024,11905,-1958.712672,-912.323,188.927,-278.639,598.022,-154.062,358.988,118.146,-325.289,90.2241,-319.25,-122.661,-642,-494.363,-64.4324,0,0
30945,957654915,11905,-2127.311916,-886.853,122.61,-199.539,515.917,-182.67,329.305,54.394,-367.658,72.2837,-296.543,-96.183,-669.276,-467.66,-55.4404,0,0
30946,957716808,11906,-2208.150346,-878.375,129.189,-199.604,522.029,-221.392,284.037,116.832,-364.282,69.7567,-292.545,-116.683,-647.227,-564.416,-45.4719,0,0
30947,957778703,11907,-2362.358810,-880.989,157.819,-218.402,466.977,-170.945,288.473,63.2037,-323.845,32.7152,-280.757,-132.647,-736.81,-509.33,-117.822,0,0
30948,957840600,11908,-2424.957576,-865.595,189.447,-260.42,482.083,-154.499,205.849,71.7017,-286.016,13.3699,-263.488,-129.3,-726.994,-570.64,-130.456,0,0
30949,957902499,11908,-2473.050658,-866.294,191.126,-301.331,478.08,-137.172,172.633,25.8877,-268.384,59.436,-223.986,-158.946,-704.789,-609.091,-130.221,0,0
30950,957964400,11909,-2408.438967,-863.985,212.7,-257.195,499.129,-72.6703,121.13,50.2609,-323.013,52.259,-250.859,-138.442,-725.853,-553.536,-158.364,0,0
30951,958026303,11910,-2334.108184,-880.769,242.427,-300.058,475.179,5.77473,93.3856,102.634,-341.519,54.9152,-266.916,-93.4511,-665.077,-547.664,-212.971,0,0
30952,958088208,11911,-2339.164559,-827.544,254.05,-265.981,415.276,-26.9011,51.229,43.9986,-297.949,36.1188,-305.138,-82.0726,-662.191,-518.493,-153.567,0,0
30953,958150115,11911,-2413.253091,-855.413,215.724,-227.798,444.376,-0.463059,-2.22611,26.1901,-326.184,33.0096,-234.417,-101.76,-660.936,-604.819,-118.538,0,0
30954,958212024,11912,-2489.026954,-926.273,179.396,-224.672,522.526,15.9209,-50.8488,36.8065,-321.814,64.7543,-261.064,-84.9625,-721.169,-581.973,-135.655,0,0
30955,958273935,11913,-2558.142989,-963.226,168.119,-227.387,469.513,86.3574,-70.2437,54.9272,-329.923,52.7543,-262.146,-154.034,-631.83,-612.987,-138.037,0,0
30956,958335848,11914,-2441.271776,-1023.17,149.737,-180.268,498.768,119.679,-102.577,66.4843,-310.226,42.824,-251.867,-82.668,-658.52,-610.875,-98.5924,0,0
30957,958397763,11915,-2320.273414,-997.208,184.509,-261.043,578.748,86.1692,-40.9744,108.853,-350.985,52.5681,-252.515,-93.6223,-629.596,-588.009,-117.167,0,0
30958,958459680,11915,-2180.535384,-977.238,177.176,-198.824,590.946,106.661,-87.4869,53.0369,-361.034,26.8322,-238.866,-40.0427,-608.241,-523.072,-100.382,0,0
30959,958521599,11916,-2058.567901,-941.36,171.894,-167.497,574.145,120.212,-83.1136,47.4715,-315.333,35.8351,-232.658,-31.3139,-655.232,-450.579,-131.038,0,0
30960,958583520,11917,-1857.134112,-981.475,246.609,-213.337,615.226,105.584,-40.2777,50.0238,-326.163,63.7003,-240.735,45.8348,-657.685,-350.998,-173.442,0,0
30961,958645443,11918,-1751.711741,-985.682,211.376,-200.016,633.419,120.014,-46.734,81.1444,-337.401,106.518,-213.321,81.9554,-624.755,-357.636,-220.596,0,0
30962,958707368,11918,-1632.395385,-985.881,230.039,-208.755,618.719,153.558,-7.24551,97.5097,-350.902,117.449,-218.39,44.856,-608.554,-310.957,-203.842,0,0
30963,958769295,11919,-1652.488794,-961.172,216.854,-164.334,603.799,56.9319,29.3579,108.814,-350.949,152.921,-287.038,41.1326,-572.683,-288.621,-237.503,0,0
30964,958831224,11920,-1562.308084,-995.456,217.565,-128.131,605.093,91.5302,83.9022,113.371,-367.446,113.989,-268.896,85.6436,-553.477,-363.944,-196.052,0,0
30965,958893155,11921,-1623.896044,-1015.83,231.327,-94.7169,589.222,27.9551,98.6179,109.673,-377.882,131.8,-260.257,83.638,-555.25,-323.355,-268.836,0,0
