n,X,dmax,n_d,E,Diag,Off,Diag_int,S_sq,S_sq_abs,n_sq,sum_abs_Bj,sum_abs_terms,B0,B1,B2,B3,B4,B5,B6,B7,B8,B9,B10,B11,B12,B13,B14,B15
714,511224,164,164,22.821273516827034,7057.752958707747,-6536.942433777916,431724803,-26.397332335744466,78.85305447582431,12,123.10114091552731,699.647958723174,-20.7699,11.4687,16.6727,-12.9403,44.8198,-6.54528,-0.685367,-9.1991,0,0,0,0,0,0,0,0
715,512655,164,164,16.762555372832026,6958.051620308208,-6677.068357680948,433517266,-35.18038909721662,102.60023242550045,12,117.45004434631903,656.9214236617591,-31.2079,7.70451,20.9919,-4.76501,38.4099,-3.1422,-5.46936,-5.75927,0,0,0,0,0,0,0,0
716,514088,164,164,55.151491760911256,5732.326193106264,-2690.639149652402,436303156,-33.02528717929431,85.46126687919673,12,95.7731627433721,631.5943404594691,-15.6272,18.7683,11.0298,2.58018,37.2948,5.14447,0.644801,-4.68366,0,0,0,0,0,0,0,0
717,515523,165,165,31.860731815787744,7732.360802888845,-6717.254571051295,438185871,-28.84617569426399,93.82586258320981,12,136.53029231097992,722.3053859750815,-25.1883,15.081,5.24563,19.4584,43.0774,-14.781,1.3331,-12.3655,0,0,0,0,0,0,0,0
718,516960,165,165,73.21338822119378,7010.542938928734,-1650.342724101497,440736630,-18.804866698962712,75.58395496797408,12,138.99024163686386,669.5521553465721,-16.7307,17.2219,3.44494,28.7964,38.8588,-13.5946,17.7797,-2.56312,0,0,0,0,0,0,0,0
719,518399,166,166,109.34935141606627,6192.467982990262,5764.812672124093,443196891,-16.32952177596576,60.064397759558005,12,139.5892872401622,631.0060524943289,-10.4149,17.4457,5.82597,36.0452,40.0463,-4.70506,20.3464,4.75966,0,0,0,0,0,0,0,0
720,519840,166,166,127.14195303908764,5435.474546749076,10729.601675844491,445592798,-7.872539842206152,32.11679822779047,12,141.30282397489918,605.7930206107862,-7.08044,13.6636,8.91945,39.178,39.6142,7.09176,21.5569,4.19846,0,0,0,0,0,0,0,0
721,521283,167,167,128.80371641317458,5018.824232560774,11571.573129284723,448011944,-4.979189300085409,40.99478122751111,12,138.57910269497359,572.2617342855184,-4.88769,16.9644,4.28376,36.4111,40.3882,5.2727,22.352,8.01915,0,0,0,0,0,0,0,0
722,522728,167,167,126.52005419857966,5327.721466797044,10679.60264761449,450714842,1.0041228955245742,52.01143960708998,12,126.52005419857966,600.0779675087765,5.32372,20.0935,0.542478,35.8213,27.5593,17.0305,17.6907,2.45863,0,0,0,0,0,0,0,0
723,524175,168,168,117.42942176669004,5900.7578750228295,7888.911221436347,453054891,14.452055012346477,69.5177877065031,12,131.03475862850763,627.1746007905333,4.39345,14.4712,-2.93214,32.9523,30.3281,17.4242,24.6628,-3.87053,0,0,0,0,0,0,0,0
724,525624,168,168,138.50298473733005,6640.13873890118,12542.9380422479,455226720,1.989067093062431,52.97499138010539,12,138.50298473733005,658.6431271740952,3.48183,17.6773,17.2235,23.4408,26.2887,25.6014,19.3447,5.44489,0,0,0,0,0,0,0,0
725,527075,169,169,152.58722919115655,5999.619949406101,17283.242562828436,457868768,11.742427908810555,67.8489661787213,13,152.58722919115655,622.3126667221858,12.4286,22.9662,19.7309,22.5567,31.144,11.0817,22.6758,10.0033,0,0,0,0,0,0,0,0
726,528528,169,169,122.2965411695655,6169.085521395431,8787.358460643798,460035108,4.076672989309884,62.514868873127796,13,122.2965411695655,634.1651561659123,7.39399,17.2492,18.0502,27.0351,17.0058,15.2623,14.1073,6.1927,0,0,0,0,0,0,0,0
727,529983,170,170,109.78266398236292,6002.511108553597,6049.722202510808,462417241,9.99600741936058,42.52130001550893,13,109.78266398236292,615.0261626082644,5.21782,5.61498,8.54575,35.2421,20.1694,16.2259,14.136,4.63073,0,0,0,0,0,0,0,0
728,531440,170,170,99.99208439051779,7239.690563317348,2758.726377443083,464823676,5.965844475636516,50.6336441850072,13,109.94669803063823,671.5937179488983,6.06027,11.8093,-4.97731,39.6127,11.0049,18.7097,16.3497,1.42288,0,0,0,0,0,0,0,0
729,532899,171,171,112.63566568922647,7190.951921562412,5495.841263692778,466976204,-1.6297816824776419,50.82794622997085,13,121.61424225048677,671.3940160123237,2.76121,18.2519,-2.58482,36.0812,18.7473,17.076,24.2073,-1.90447,0,0,0,0,0,0,0,0
730,534360,171,171,108.833554697733,7017.288260653839,4827.4543674906035,469476329,-0.7249583987710366,64.41419976140457,13,124.90028096775382,692.8864698247536,5.48075,20.5231,-8.03336,37.4472,18.0036,5.03773,28.1003,2.27421,0,0,0,0,0,0,0,0
731,535823,171,171,70.79849825183152,7950.904957120185,-2938.4776024055946,470571644,-48.23658097242355,94.52366183495428,13,122.68081960576052,702.2964467749862,-25.9412,12.8771,3.6103,20.8166,14.7367,14.9785,23.7756,5.94494,0,0,0,0,0,0,0,0
732,537288,172,172,121.99933822145653,7430.087486354083,7453.751040119259,473998002,-18.681211638164655,60.28058625168421,13,121.99933822145653,689.184275882275,0.655519,11.2251,8.9699,27.352,14.6717,22.6733,23.2001,13.2517,0,0,0,0,0,0,0,0
733,538755,172,172,95.3826908084369,6010.262242916536,3087.595462941338,475752846,-45.04279431338432,75.4341845230017,13,125.16109614953837,638.8439876184733,-14.8892,5.65578,14.6833,28.6117,8.60386,22.1502,23.4059,7.16113,0,0,0,0,0,0,0,0
734,540224,173,173,95.70458692624322,6124.852829995497,3034.5151287273484,478051073,-24.10338025713105,74.02312484238502,13,138.70478071607374,635.2074709386578,-17.4153,-4.08475,28.1188,21.2359,6.63358,25.4032,29.7266,6.08658,0,0,0,0,0,0,0,0
735,541695,173,173,76.23064978022467,6667.061544391399,-855.949578476132,480138517,-51.82237297144178,88.92921759695372,13,139.55457351125915,660.1781028430893,-25.0828,-4.5773,26.9953,18.5823,8.87581,21.1569,32.2823,-2.00182,0,0,0,0,0,0,0,0
736,543168,174,174,84.79962758116886,6906.746418889595,284.23041901534,482688743,-66.7237453492371,89.28667450583953,13,124.26317141304168,704.9541669581661,-19.7318,14.7589,21.4144,12.1901,0.481872,24.9301,30.4798,0.276273,0,0,0,0,0,0,0,0
737,544643,174,174,72.10270859158089,5361.884109177298,-163.08352293486496,484992479,-44.309752012301374,92.4651146331247,13,132.06280183951873,627.5706305105507,-23.522,14.1779,19.1869,13.6153,-3.39279,23.0803,32.0224,-3.06526,0,0,0,0,0,0,0,0
738,546120,175,175,36.3502232240528,4389.162536568819,-3067.8238081303516,487223370,-57.425166199378225,79.40562987444326,13,102.49267355624147,535.5146611241381,-28.2937,21.5908,6.85539,10.2179,10.7261,1.23344,18.7978,-4.77755,0,0,0,0,0,0,0,0
739,547599,175,175,50.040355988369356,6108.344053802086,-3604.306826359353,489862932,-50.46777408586189,63.13130895145224,13,114.2651321652877,661.4588632681665,-24.2066,21.0864,-4.38402,20.7297,6.74507,11.5953,21.9962,-3.52178,0,0,0,0,0,0,0,0
740,549080,176,176,75.11135596930558,6096.747346682412,-455.0315511346753,492424968,-43.9771379041718,80.23240962032213,13,128.55550209039575,664.5347788925053,-21.101,15.411,3.35554,22.2219,-2.14074,25.9612,34.8838,-3.48036,0,0,0,0,0,0,0,0
741,550563,176,176,57.44984647033351,5219.008131399069,-1918.5232719341766,494963765,-40.76732820068389,67.48798355566566,13,105.99024316371077,633.4495300376195,-21.1365,14.9832,-1.98912,17.9052,-1.14454,17.0919,31.2069,0.532842,0,0,0,0,0,0,0,0
742,552048,177,177,59.024687526441255,6616.824887839421,-3132.9111502453907,497373034,-49.76515520743408,66.80258609135592,13,107.19923566963934,701.1929526824167,-21.1536,15.3844,5.82736,16.4818,-2.93369,13.3425,27.5098,4.56604,0,0,0,0,0,0,0,0
743,553535,177,177,60.62597847454822,8196.712467953175,-4521.203201956791,499604097,-61.80780292688354,69.15357773897989,13,136.8984978718529,730.7926193299777,-26.3118,16.8683,4.81931,22.9744,-11.8245,23.6083,21.2819,9.21016,0,0,0,0,0,0,0,0
744,555024,178,178,49.23447441281593,8732.356281135051,-6308.322810428825,502338542,-64.22402988593029,78.80608161528681,13,117.11860126565904,754.6002889599936,-20.4514,19.3461,-1.55549,25.725,-11.9351,13.1574,24.458,0.49003,0,0,0,0,0,0,0,0
745,556515,178,178,21.47977642475678,8999.039293551996,-8537.658498294459,504344509,-73.85727582707813,83.61821439501506,13,111.31850431238388,749.5308806929934,-31.7322,14.9065,10.4199,18.1976,-7.84463,8.29512,14.58,-5.34254,0,0,0,0,0,0,0,0
746,558008,179,179,27.23467714535377,8790.732411754638,-8049.004772542983,506969959,-75.50676015388774,87.75448764691384,13,121.81387112515267,737.6616125688415,-28.9945,8.2961,-1.7931,36.1296,-9.54503,12.4421,17.6564,-6.957,0,0,0,0,0,0,0,0
747,559503,179,179,34.70701434109617,8897.677560689768,-7693.100716216713,509421602,-58.32439105322817,75.75876450178191,13,116.0990430449632,739.2828616564431,-31.3978,3.93301,-2.74096,37.5058,2.34568,10.2048,21.4137,-6.5573,0,0,0,0,0,0,0,0
748,561000,180,180,85.6705187660246,6506.85224816985,832.5855374699231,512760655,-23.839826760841447,45.97880661736315,13,105.2356567805528,632.85969725783,-9.78257,9.39918,7.02705,34.3263,13.4223,6.22646,24.8355,0.216259,0,0,0,0,0,0,0,0
749,562499,180,180,37.00977102151472,5587.7326411486165,-4218.009490083666,514470240,-37.528754641951366,61.722534551269575,13,99.62647739646735,623.0746527359504,-31.3084,2.94782,1.06404,39.1522,3.5009,10.674,10.4873,0.491958,0,0,0,0,0,0,0,0
750,564000,181,181,35.001662285358464,7245.132403631656,-6020.016040893372,516552175,-72.64845212013586,82.91529633785046,13,114.63302000642608,689.600428063465,-39.8157,9.49053,4.99487,38.6876,11.5809,1.43768,7.12503,1.50083,0,0,0,0,0,0,0,0
751,565503,181,181,46.97328682242653,7280.117392328988,-5073.627717427038,519458046,-59.717514680469606,76.8886549890479,13,117.68914211482945,704.0383359657475,-32.4639,13.1156,-2.89401,40.414,13.1697,7.94159,4.54894,3.14135,0,0,0,0,0,0,0,0
752,567008,181,181,31.979311229960274,8129.634900201278,-7106.958553458614,522117136,-41.56085017815025,67.1547611474112,13,122.12320490799806,723.0467902692965,-31.0937,13.5702,-13.9782,36.3986,14.8284,7.00863,2.83796,2.40748,0,0,0,0,0,0,0,0
753,568515,182,182,51.67021089204752,9022.580407210211,-6352.769713581545,524378737,-50.76021226213112,94.88508761559189,13,133.17124051981625,758.7880179066744,-36.8644,14.2717,-3.88614,28.9223,14.0968,13.342,11.1438,10.6441,0,0,0,0,0,0,0,0
754,570024,182,182,32.752777392190126,9251.18929206874,-8178.44486516638,526725480,-36.67262162201047,108.98326371638092,13,119.77318538182402,743.6878481781259,-42.6166,5.80278,-0.893597,36.9038,18.0674,3.78568,3.55532,8.14797,0,0,0,0,0,0,0,0
755,571535,183,183,48.52339105301098,8469.01674878946,-6114.497269506033,529343738,-24.569360781507385,96.74305342726075,13,127.54268484667,742.9638109602417,-39.5096,15.4162,14.3598,13.6089,16.5325,3.80392,12.5372,11.7745,0,0,0,0,0,0,0,0
756,573048,183,183,92.29275314273514,9481.992436506192,-964.0401538403457,532720079,-7.5675817240490915,66.76192223113605,13,133.06129578907826,776.8799484254153,-20.3843,9.02365,23.336,20.477,14.7923,12.0343,8.72681,24.287,0,0,0,0,0,0,0,0
757,574563,184,184,73.09098472682848,10414.1022749182,-5071.810226580725,535173044,5.034571000949029,73.74309070602095,13,123.890289998877,802.7510418803195,-25.3997,8.71343,13.4871,19.2593,13.841,8.56395,20.4702,14.1555,0,0,0,0,0,0,0,0
758,576080,184,184,99.88953036411414,9979.578353812574,-1.6600774492944765,538316841,16.033667373113587,63.34257637630793,13,124.68279629378532,740.9229995194889,-12.3966,7.23288,28.7104,8.03177,25.192,6.99939,14.2195,21.9002,0,0,0,0,0,0,0,0
759,577599,185,185,116.36071912258058,8244.701749559594,5295.115205164495,541280689,30.636732517097812,65.82948411208906,13,125.42935439569419,703.7523822850712,-4.53432,2.99899,31.9382,20.9921,27.5528,3.12183,20.5196,13.7715,0,0,0,0,0,0,0,0
760,579120,185,185,84.39913179538922,8238.498880525403,-1115.285432709923,543606939,23.61515795278393,66.24182088211825,13,116.51669230373369,735.3295611150074,-13.6536,-2.40516,29.0568,8.84115,30.6903,2.43862,22.1498,7.28125,0,0,0,0,0,0,0,0
761,580643,186,186,77.73994412149773,8490.413847163636,-2446.9149351500464,546177061,17.868017139299184,69.65483943079045,13,116.46950159956009,768.7418167078708,-15.9136,-2.72708,24.3552,13.6953,36.7272,-0.724136,16.4275,5.89947,0,0,0,0,0,0,0,0
762,582168,186,186,94.61504235770866,8613.17999449538,338.8262458556237,548894186,23.451531864496133,57.44153206724252,13,131.03509935074857,730.1525970988741,-13.1551,-5.05489,35.4622,14.8156,35.9746,0.504099,19.9494,6.11925,0,0,0,0,0,0,0,0
763,583695,187,187,97.19849013137218,7558.9636689116,1888.5828149068566,551638634,23.111883245520687,80.25955398595562,13,124.4283822378934,736.5639695063691,-10.5373,2.69949,35.0086,15.5694,35.2099,-3.07763,17.6982,4.62787,0,0,0,0,0,0,0,0
764,585224,187,187,96.88068503075243,7779.678642528546,1606.1884894993127,554361355,26.79964182473651,68.26823860982557,13,118.68296246445294,706.3441879567301,-10.9011,3.28377,26.1006,8.77003,35.4422,3.12598,26.5579,4.50133,0,0,0,0,0,0,0,0
765,586755,188,188,101.10154892007859,7016.80426342134,3204.7189306177042,557284487,17.011915436867014,64.72647892618915,13,111.9125593678823,718.2712381031445,-5.40551,2.1144,17.5423,26.5057,32.6639,2.96718,18.7205,5.9931,0,0,0,0,0,0,0,0
766,588288,188,188,153.16847445725892,10007.859393161703,13452.722174402275,561120868,49.49378119278765,94.43564844530658,13,173.06116056478135,810.9747484483844,21.1085,-2.22502,27.7966,34.5119,43.8906,-7.72132,27.5792,8.22813,0,0,0,0,0,0,0,0
767,589823,189,189,127.11679123514568,7632.630638866099,8526.047975053512,563346608,49.12481786092684,65.0955373272106,13,130.3246166672011,719.8499335624459,8.48195,5.51769,17.3136,23.5249,39.4245,-1.60391,30.1036,4.35443,0,0,0,0,0,0,0,0
768,591360,189,189,133.63680641461582,7279.244648395278,10579.551380302226,565867076,42.943208700746254,53.66159986684329,13,141.41297046062795,706.6436508025877,5.87377,8.25453,9.63721,44.5136,42.4373,-3.88808,20.7112,6.09733,0,0,0,0,0,0,0,0
769,592899,190,190,118.06480187464672,8228.08794856961,5711.209493129974,568506923,37.416011186924095,46.717703777351915,13,144.804929936671,713.8696543783935,4.12513,1.07345,17.9641,44.6034,42.8489,-13.3701,14.8762,5.94369,0,0,0,0,0,0,0,0
770,594440,190,190,123.15283659306283,8162.22242973549,7004.398731182146,571212361,35.40407374694354,59.77219626255766,13,145.66119768598537,692.1909760955228,4.39482,-3.27751,28.5367,42.6809,39.0645,-4.16443,19.7301,-3.81224,0,0,0,0,0,0,0,0
771,595983,191,191,132.0914439116346,7573.19582015981,9874.953734500697,574319408,35.59070147825628,71.58692711799608,13,140.85630846508462,686.0233903546623,11.5241,-4.38243,24.0256,42.5767,35.4844,0.456072,15.1131,7.29391,0,0,0,0,0,0,0,0
772,597528,191,191,148.37466633066805,10084.873059137055,11930.168549600025,576986987,40.12783007370467,97.81515759833223,13,148.37466633066805,836.406187586432,12.6717,5.34282,23.4083,51.824,29.9887,6.65616,12.8582,5.62473,0,0,0,0,0,0,0,0
773,599075,192,192,167.9449382098963,9915.38704797629,18290.115222349596,579788786,44.765686683592946,84.47602670123871,13,167.9449382098963,769.4423096629353,13.679,8.1501,27.0533,44.7969,32.0849,16.3642,18.599,7.21757,0,0,0,0,0,0,0,0
774,600624,192,192,169.53674235370625,9251.734422370655,19490.97258553632,582779863,52.780201495684025,83.19235933752469,13,169.53674235370625,757.7232382627205,16.7045,6.95152,16.4244,45.0385,35.4877,16.9885,21.7574,10.1843,0,0,0,0,0,0,0,0
775,602175,193,193,164.10591288784252,9642.006775211848,17288.74386954031,585171961,30.17162339423146,91.88343005873742,13,164.10591288784252,790.8241486631509,9.58975,11.8349,20.2312,48.0986,28.0886,13.0827,21.2686,11.9115,0,0,0,0,0,0,0,0
776,603728,193,193,174.06539371757646,9662.1059755793,20636.655314475607,587846763,28.10822553196573,85.53187689180203,13,174.06539371757646,789.8080330594519,8.49327,13.5487,23.5849,50.3232,11.4726,36.7916,14.1033,15.7478,0,0,0,0,0,0,0,0
777,605283,194,194,160.2197527491486,9469.944819405931,16200.424351592379,591363408,35.7546292989183,88.7677099120707,13,160.2197527491486,811.7387840043486,21.2566,15.5081,13.2899,33.3693,11.4642,41.3913,11.4959,12.4444,0,0,0,0,0,0,0,0
778,606840,194,194,141.46618270456173,9292.879194621662,10719.801654378778,593711225,11.507382692719602,67.89243462526156,13,141.46618270456173,826.5313169097599,11.0381,18.298,8.89092,27.6819,17.0575,38.3864,13.5707,6.54266,0,0,0,0,0,0,0,0
779,608399,195,195,143.91130663988474,9478.017367002707,11232.446811796228,596405788,2.519015447403035,64.80511725896599,13,143.91130663988474,812.083200962796,9.67946,21.1698,9.67101,32.8116,11.4341,44.0854,9.823,5.23691,0,0,0,0,0,0,0,0
780,609960,195,195,146.45221301221085,9136.89674483483,12311.353951339152,599163915,-10.441202408439153,65.28878181650668,13,146.45221301221085,798.4763234039017,9.33907,23.0357,12.2558,27.0172,2.91133,49.3693,16.1053,6.41845,0,0,0,0,0,0,0,0
781,611523,196,196,155.67760738359306,10339.88944188114,13895.62799879901,601548348,-39.863316430161944,63.36081728289844,14,155.96053095209157,830.5046070452911,-0.141462,26.9835,1.93169,39.2232,5.99333,59.1781,16.5071,6.00209,0,0,0,0,0,0,0,0
782,613088,196,196,149.96062315461393,10348.525076945083,12139.663419975048,604387943,-36.90062793292964,51.21887498411843,14,151.16814409811275,849.9705943410156,-0.60376,22.7619,8.67949,29.5123,3.55841,55.5704,21.6586,8.82334,0,0,0,0,0,0,0,0
783,614655,197,197,138.239314379897,8997.544825602006,10112.56321462199,607142353,-19.048790797157494,48.07159667116082,14,149.9760890118057,761.180614669275,-2.20615,27.7857,4.51448,25.7168,-3.66224,63.7636,21.9439,0.383244,0,0,0,0,0,0,0,0
784,616224,197,197,151.89581657589105,8205.398037182928,14866.94105607381,610664328,13.070373283029767,86.93664628458896,14,162.00594465555747,722.6819804914644,12.2097,22.6401,11.1607,26.9898,5.30032,56.661,21.9893,-5.05506,0,0,0,0,0,0,0,0
785,617795,198,198,192.02992665085418,9438.40674883869,27437.085980693748,614352907,32.53823439461553,97.79954882673724,14,192.02992665085418,785.899269301379,29.4855,28.5763,2.06613,37.2688,9.76339,67.2536,14.4885,3.12763,0,0,0,0,0,0,0,0
786,619368,198,198,146.63488790043658,8776.107752516422,12725.68259705718,616662571,18.106835240467376,83.03684124802669,14,149.9896579816844,821.1139682952551,14.7795,18.5067,8.78612,29.7223,-1.67739,66.5367,9.66154,0.31933,0,0,0,0,0,0,0,0
787,620943,199,199,156.62266505676928,10011.868663549372,14518.790545935564,619763044,26.061279883425527,81.25132875873385,14,160.86083308188302,868.8901033774822,19.9335,22.5189,20.7677,21.8109,-2.11908,60.0262,7.34667,6.33788,0,0,0,0,0,0,0,0
788,622520,199,199,142.41729511447375,8187.9997773180085,12094.6861704051,622652786,41.82068908027907,98.93685714355445,14,142.41729511447375,800.8670625089508,18.1057,21.3619,20.5556,7.34317,13.4368,46.3091,0.407215,14.8978,0,0,0,0,0,0,0,0
789,624099,200,200,138.4441634505704,7875.650632275212,11291.135761253036,625789822,43.62711624027986,80.97952249085972,14,138.4441634505704,822.5210816279372,21.138,18.4499,9.43567,12.6904,12.5855,33.9832,9.47201,20.6896,0,0,0,0,0,0,0,0
790,625680,200,200,128.7392804182462,8319.482801988432,8254.319520619401,628596365,37.77930301879451,80.78851337227843,14,128.7392804182462,838.0074688651905,18.1884,7.36881,20.2973,15.0295,12.3334,29.5804,0.832798,25.1086,0,0,0,0,0,0,0,0
791,627263,201,201,103.5250896498431,8318.722015320054,2398.722171687996,631004468,53.49154109036783,71.6034940521696,14,117.5406018231152,782.0561946405448,7.099,11.3694,10.4252,22.3758,11.8815,21.377,-7.00776,26.005,0,0,0,0,0,0,0,0
792,628848,201,201,68.36244306032626,9199.158303548742,-4525.734682372392,633269434,28.07528301923753,87.09665907986187,14,105.78091038609335,822.5066925132433,-6.97227,6.36422,15.1855,20.8806,1.31198,29.5382,-11.737,13.7912,0,0,0,0,0,0,0,0
793,630435,202,202,55.44770827367415,8697.674001169547,-5623.225648367074,636215725,44.082765132391046,74.4135075336909,14,100.54994974494525,779.3731523777421,-9.18338,4.44069,3.2947,23.2096,3.64949,34.3242,-13.3677,9.08021,0,0,0,0,0,0,0,0
794,632024,202,202,55.29854237203159,8368.181161152623,-5310.25237268125,639367073,35.94673351305107,77.15306101470685,14,91.14883574254128,838.2823667616226,-6.37633,1.34815,-2.78234,22.8073,0.288591,42.9081,-8.76647,5.87154,0,0,0,0,0,0,0,0
795,633615,203,203,54.37055640238623,6898.1599161555705,-3942.0025126505084,642144851,27.69601428732267,66.51855011606199,14,97.14451123882213,762.1641138855764,-9.70907,-0.499583,4.40035,24.0347,5.8173,28.4806,-11.1783,13.0246,0,0,0,0,0,0,0,0
796,635208,203,203,46.431006079422104,7862.865476807283,-5707.02715125995,645140091,42.264843467026594,76.79257469241361,14,100.67260373843351,846.3501275371519,-10.0237,-3.51627,8.30721,18.7055,6.14152,30.0503,-13.5809,10.3472,0,0,0,0,0,0,0,0
797,636803,204,204,66.02914106084273,7698.169849833195,-3338.322380600527,648061599,50.89348031603822,85.52971428268438,14,103.65459667027295,791.8268455073269,-10.478,-4.45133,7.38747,35.1061,11.8597,26.5192,-3.88338,3.96945,0,0,0,0,0,0,0,0
798,638400,204,204,65.82321994906317,8979.553373753417,-4646.857089290669,650477382,32.06436753794128,96.24162495326368,14,127.6590408469732,861.7292284056754,-19.9142,5.60781,7.54056,44.4931,-2.71629,32.0891,-8.28738,7.01063,0,0,0,0,0,0,0,0
799,639999,205,205,0.034891377118867695,10194.30858533272,-10194.307367924523,652731040,-4.604580516948772,109.59607880212911,14,117.0987274739121,855.1189918934326,-37.4901,2.7485,15.6968,19.0715,-6.69734,20.3567,-14.3444,0.693326,0,0,0,0,0,0,0,0
800,641600,205,205,19.704543504265303,9836.8401933294,-9448.571158617917,655448268,-13.91880951380358,90.9899827803747,14,135.1081556667857,854.5728434023773,-41.0479,6.72042,18.8326,29.6289,-4.49101,22.2244,-9.99879,-2.16407,0,0,0,0,0,0,0,0
801,643203,206,206,-14.130921031206867,11316.03673908299,-11116.353809892786,658273305,-37.6531623043511,90.31928938812985,14,141.91919626367542,870.4509264979183,-46.7454,6.93683,15.9728,20.19,-13.8772,20.7945,-7.5266,-9.87587,0,0,0,0,0,0,0,0
802,644808,206,206,-21.554756334676426,9950.708186717253,-9486.100666069979,661616815,-36.53511650725363,96.38465427795586,14,105.57354354403344,831.767280876849,-42.4247,2.98451,6.09707,23.8346,6.63351,2.45971,-11.8103,-9.32913,0,0,0,0,0,0,0,0
803,646415,207,207,-18.06165352499056,10909.259971118392,-10583.036643061589,664815519,-6.423346032918516,94.18849790872196,14,106.51622248123749,904.4739672288596,-40.2436,6.11371,9.56944,10.3902,8.43828,9.71569,-19.2363,-2.80903,0,0,0,0,0,0,0,0
804,648024,207,207,-13.73663079293408,8658.123122078261,-8469.428096536876,668342976,-15.359962453702565,73.6578175097361,14,90.29131691531927,845.778358721333,-31.0445,11.2371,0.505265,8.11118,16.0368,2.38701,-15.0774,-5.89209,0,0,0,0,0,0,0,0
805,649635,208,208,-24.552752598743723,8223.971542008901,-7621.1338818337845,671097990,-33.5909744410194,87.85543651482885,14,111.1302732131536,829.8506717003387,-35.9848,9.442,22.9615,-9.53405,8.52876,2.35654,-10.9459,-11.3767,0,0,0,0,0,0,0,0
806,651248,209,209,-28.099999251707857,8672.634395825993,-7883.024437880011,673830036,-28.101163327519657,97.02621197335031,14,111.62533464406368,833.1469460514829,-42.9072,11.4783,17.1445,-9.63598,9.32259,3.81726,-1.25042,-16.0691,0,0,0,0,0,0,0,0
807,652863,209,209,-39.83380199517319,10246.122671691102,-8659.39089030044,677293070,-24.36685544078398,97.35293099866283,14,100.02780517194697,988.5441374354741,-37.969,11.7588,-1.41087,-8.19308,18.1188,-11.9354,0.21942,-10.4225,0,0,0,0,0,0,0,0
808,654480,210,210,-40.526685260154125,8081.654473040603,-6439.242254865009,680283785,-32.53396932136593,81.73845072886661,14,115.15294927657641,823.0095622712579,-39.0127,9.87079,9.84105,-11.495,17.6013,-16.1811,-3.74914,-7.4019,0,0,0,0,0,0,0,0
809,656099,210,210,-36.54377881557622,9088.519549331551,-7753.071779209794,682725348,-59.6116842583433,84.74591976494776,14,125.39333987133097,856.1192267491872,-50.1959,15.0642,20.1835,-14.6996,9.17705,-8.3219,-1.15796,-6.59321,0,0,0,0,0,0,0,0
810,657720,211,211,-26.504480905050286,9694.768110466022,-8992.280602419847,686014431,-61.09778507524527,74.2167300254747,14,157.18668208249915,844.322163939413,-46.361,14.2518,23.5962,-21.1904,14.9681,-16.8637,12.525,-7.43045,0,0,0,0,0,0,0,0
811,659343,211,211,-46.64403166006048,10055.034952947164,-7879.369263442441,688981422,-47.55568425362719,102.61304502496216,14,114.80172401294624,882.9454136979718,-50.6656,7.52081,26.012,-11.4012,-1.55371,-10.3172,0.545997,-6.78519,0,0,0,0,0,0,0,0
812,660968,212,212,-35.817616092146636,8587.15543303882,-7304.2538105144195,692490759,-33.058798488873435,92.88276990602844,14,117.8804989217133,843.9753494278272,-43.9521,0.621439,40.41,-11.5418,-19.8841,-0.149706,-0.198869,-1.12254,0,0,0,0,0,0,0,0
813,662595,212,212,-48.96126938638628,9396.48044413843,-6999.274544212143,695577952,-49.32612840419188,79.91506132285804,14,127.81204622324827,828.7330692307771,-47.3779,0.965978,27.8946,-14.0438,-17.1207,9.9745,0.590307,-9.84424,0,0,0,0,0,0,0,0
814,664224,213,213,-46.33455787367234,9031.463340363636,-6884.572087014945,698815345,-34.370929540605516,87.43403150646816,14,96.56225101298855,845.0544427568536,-45.7857,-0.857796,22.2811,-3.00485,-10.5569,-2.16781,2.83272,-9.0753,0,0,0,0,0,0,0,0
815,665855,213,213,-25.832195328264163,8717.93314805581,-8050.630832578217,702528492,-0.928991980374235,88.84069414731027,14,75.34946466991624,852.0569160618459,-35.3329,-3.60025,23.0123,-1.42104,-6.48204,-1.6097,1.7463,-2.14492,0,0,0,0,0,0,0,0
816,667488,214,214,-54.97192343394289,8319.653356621868,-5297.740990594588,705241572,-30.94300944607562,94.16816607473788,14,105.80325985053156,814.6719445981055,-45.862,-2.34846,17.2956,-6.49029,-21.2307,1.12692,-4.45616,6.9931,0,0,0,0,0,0,0,0
817,669123,214,214,-82.06570487791197,10270.268189757699,-3535.488272649154,708211543,-46.563441116297554,88.26240443879396,14,109.88699318844539,911.8169469420577,-50.5304,0.984587,12.9261,-7.73726,-24.2767,-5.23226,-0.998964,-7.20081,0,0,0,0,0,0,0,0
818,670760,215,215,-76.76843965251373,9259.991268828484,-3366.597942146841,711547660,-43.991952079354746,77.6981798307919,14,101.90795184956505,816.0253445418992,-48.1808,-3.85052,9.45348,1.0969,-29.6199,-6.37575,2.01937,-1.31124,0,0,0,0,0,0,0,0
819,672399,215,215,-50.29838206838639,10789.926608620575,-8259.999369923202,715150715,-27.173148738868235,109.33085290754696,14,104.77249230763147,939.0633426110287,-40.9704,-3.442,3.15957,15.0258,-32.8616,-0.261465,6.70293,2.3488,0,0,0,0,0,0,0,0
820,674040,216,216,-46.2138996583285,9200.36277199721,-7064.638250367155,717841724,-53.23843137582787,109.64791924168037,14,130.01145948224826,851.3692086198054,-48.742,-9.20159,27.671,6.84485,-19.9195,-7.40844,7.3829,-2.8412,0,0,0,0,0,0,0,0
821,675683,216,216,-40.35236177370717,9871.560634126728,-8243.247533410584,721305485,-19.657201171894712,100.92148355024233,14,148.63417628695305,879.4510924817691,-45.6527,-13.88,29.3599,9.57502,-25.2863,-9.67427,11.5107,3.6952,0,0,0,0,0,0,0,0
822,677328,217,217,-82.65250183555986,11458.419378106426,-4626.9833184292,724286281,-39.18247612742573,103.38922082782813,14,148.51842162115713,887.0981556407447,-53.5455,-15.5641,19.9471,6.66053,-26.4413,-20.0346,0.978805,5.34648,0,0,0,0,0,0,0,0
823,678975,217,217,-42.16219329199208,9768.496913353953,-7990.846370162651,727870150,-27.000989096880744,110.57791773367387,14,131.51192744954318,886.5371467358111,-44.5774,-14.167,28.7938,7.38581,-11.6968,-16.3958,4.08415,4.41106,0,0,0,0,0,0,0,0
824,680624,218,218,-0.08474995923847928,8252.2532529788,-8252.246070423209,731879166,-16.43668643934791,120.91906179820319,14,131.42965844004425,880.4030258465039,-29.5914,-12.9379,21.3664,25.3674,-15.8751,-7.35286,8.10631,10.8323,0,0,0,0,0,0,0,0
825,682275,218,218,-19.070562027702636,8826.734409131634,-8463.04807307918,734943539,-6.158333347750499,111.92020274984395,14,96.03622018237138,925.8249483968735,-35.7444,-4.46548,8.11007,17.3509,-17.3435,1.05894,4.11076,7.85218,0,0,0,0,0,0,0,0
826,683928,219,219,-38.792147066212294,9090.419976340738,-7585.589302334094,738128189,-8.464574760292521,123.48656112984133,14,102.85551992046493,909.2304796263791,-37.8795,-1.16095,5.84293,16.3247,-28.1199,5.69531,-3.6635,4.16877,0,0,0,0,0,0,0,0
827,685583,220,220,-29.741192419760353,7521.957164452343,-6637.418637903133,741374423,-12.678957990409572,116.41228719396372,14,115.9538285032375,810.2743842543646,-39.1535,-10.7753,17.748,14.214,-15.5928,1.53146,-7.32585,9.6128,0,0,0,0,0,0,0,0
828,687240,220,220,-42.90150829120387,11318.160305960826,-9477.620892300592,744818480,-10.658991653819953,113.54154633056658,14,137.35839944851102,909.7441921953176,-38.4097,-8.39536,5.4625,18.264,-23.7729,19.3552,-19.552,4.14673,0,0,0,0,0,0,0,0
829,688899,221,221,-45.38451423165145,8939.73197458066,-6879.977842537686,748189825,-15.370070750717787,122.25489840654359,14,111.0939251750168,910.5059764399015,-36.8048,-12.9344,1.26712,30.3172,-4.96119,0.181442,-23.5389,1.08899,0,0,0,0,0,0,0,0
830,690560,221,221,-68.49351968388123,9537.628026729613,-4846.265788043387,751701572,-5.111026333871678,93.9370375872902,14,110.47541423989583,886.6353707108452,-35.182,-15.6411,6.14055,14.363,-1.152,0.487402,-33.5356,-3.97378,0,0,0,0,0,0,0,0
831,692223,222,222,-93.15837493206311,9704.912458700768,-1026.4296387179238,754773353,-16.848449620031943,106.59168846928969,14,147.75720451382188,925.7400940297578,-39.6981,-16.1048,12.1052,11.2288,3.96545,-9.7711,-37.8517,-17.032,0,0,0,0,0,0,0,0
832,693888,222,222,-78.39446524923807,10856.472443493967,-4710.7802617799725,758347440,-8.621716823835754,120.46646441388714,14,138.28171932135393,944.2045877995392,-37.1964,-21.7362,5.79132,14.4397,7.46778,2.24486,-34.198,-15.2076,0,0,0,0,0,0,0,0
833,695555,223,223,-63.99518050014149,8550.873654980169,-4455.49052773448,761526247,-7.2026458341022135,112.50951197906784,14,145.42450498994367,894.1253119682062,-37.8334,-20.2866,11.9103,23.4741,1.46519,3.86513,-26.3049,-20.285,0,0,0,0,0,0,0,0
834,697224,223,223,-65.99904805205301,8686.93912469619,-4331.064780918987,764928161,0.33508266168519185,114.24680140485634,14,121.43951990163009,899.4411517977876,-37.4526,-11.8427,7.67199,10.6812,9.36706,-3.62658,-16.3044,-24.493,0,0,0,0,0,0,0,0
835,698895,224,224,-80.02313026777671,10755.162673761624,-4351.461295908064,767932523,-28.984932815118896,131.1436571612163,14,113.3372245684414,982.9509410317937,-46.2107,-14.3178,1.86389,12.5252,2.26793,-1.49508,-12.1978,-22.4589,0,0,0,0,0,0,0,0
836,700568,224,224,-59.36529089205442,10466.924468709296,-6942.686706011056,771124401,-31.7777835150672,146.89373143266482,14,103.31970360205105,913.0544619788221,-48.9508,-8.96043,8.69551,6.89863,3.25802,3.12505,-11.0804,-12.3509,0,0,0,0,0,0,0,0
837,702243,225,225,-69.53877582699789,10253.76468743363,-5418.123343916163,774231083,-9.034380058259046,138.17989350410932,15,128.39168324781878,872.7554344766008,-53.8298,-10.3603,25.7002,-2.18054,-0.957049,3.72623,-13.1986,-18.439,0,0,0,0,0,0,0,0
838,703920,225,225,-84.29542645595694,11076.898937702681,-3971.1800163110356,777969111,-18.507639915277423,145.63735040026336,15,148.7614641404951,941.481296643806,-49.6908,-13.9277,15.7761,3.91293,-2.77555,12.544,-26.6415,-23.4928,0,0,0,0,0,0,0,0
839,705599,226,226,-43.25683845329888,12092.733428833786,-10221.579355858988,781752373,-22.441069081204603,135.7227433286575,15,140.28974424226556,1048.6534060112058,-42.6906,-12.4142,4.85512,17.2864,11.1151,15.2599,-15.8607,-20.8078,0,0,0,0,0,0,0,0
840,707280,226,226,-37.13782029411294,9023.5010587762,-7644.283362578373,785335075,-45.19075441200101,116.99316516237008,15,131.54924778838785,908.232198157398,-37.6726,3.09366,-8.08487,28.3629,12.7915,2.95765,-9.09146,-29.4947,0,0,0,0,0,0,0,0
841,708963,227,227,-66.02541884028028,11920.733429751548,-7561.377496717109,788411036,-46.15988181197275,133.45622944930795,15,163.79790705279788,982.6842382773764,-45.7932,5.68239,-18.0217,30.5373,12.6665,-5.82289,-5.20831,-40.0656,0,0,0,0,0,0,0,0
842,710648,228,228,-34.54415467691268,11792.649187514915,-10599.350565172446,792396636,-35.804888564961686,133.99658626732645,15,137.12779679846898,992.960800164165,-36.896,-1.89624,-9.88742,23.9758,15.8409,11.4751,-10.6568,-26.4995,0,0,0,0,0,0,0,0
843,712335,228,228,-21.35963820513865,11019.600018211702,-10563.365873957284,795911964,-31.900853538656577,110.0039775337803,15,129.64171868196757,989.0517473563991,-36.1374,-2.23238,-6.58031,19.961,12.801,21.379,-8.34828,-22.2023,0,0,0,0,0,0,0,0
844,714024,229,229,9.71775142453339,11614.607227905115,-11520.172535156094,799747541,-5.667336551674907,89.508965870461,15,119.46075533737076,963.9090233653909,-28.361,6.26418,-8.63283,30.3843,16.5697,9.39479,1.97629,-17.8777,0,0,0,0,0,0,0,0
845,715715,229,229,-22.708416124790062,13389.220659087776,-12873.54849619115,802732114,-30.597429554814994,101.0867577602736,15,155.11071989789133,1062.8999472429903,-38.7232,5.84159,-14.256,31.6272,-5.47133,24.985,3.74732,-30.459,0,0,0,0,0,0,0,0
846,717408,230,230,-25.89806601599429,10226.770824729672,-9556.061001360875,806160694,-44.08189318729154,80.86237070935846,15,104.79742127976778,919.9422227138677,-39.0676,8.41329,-1.23557,19.8606,-0.513483,10.8848,0.29098,-24.5311,0,0,0,0,0,0,0,0
847,719103,230,230,-46.20875871565465,11482.249399761919,-9347.00001772033,808758952,-62.92666744287823,116.56252536425171,15,159.52613073015834,922.3889632469757,-55.5505,13.0658,-13.7835,32.0998,-5.25413,11.4931,-6.04857,-22.2307,0,0,0,0,0,0,0,0
848,720800,231,231,-19.948356115100466,9451.943757944817,-9054.006846249951,812805219,-60.48490775680858,104.13452580862025,15,137.80516226322828,925.9532606425516,-44.0156,12.5511,7.39092,22.5013,-11.5112,16.485,-10.416,-12.9339,0,0,0,0,0,0,0,0
849,722499,231,231,19.632758486400007,8932.885377600533,-8547.44017181522,817378806,-18.509217882120026,67.55482627606631,15,96.64263524911007,899.324475631038,-24.6193,19.2787,5.65628,21.7234,-2.46088,11.4794,-7.42195,-4.00285,0,0,0,0,0,0,0,0
850,724200,232,232,6.537856150695063,9372.829889861277,-9330.086326814097,821012168,-0.005920367153066763,86.7235597251206,15,81.10081204858437,976.3295085722661,-25.2051,5.83916,14.9902,14.1199,-4.41353,8.87005,-0.431627,-7.23122,0,0,0,0,0,0,0,0
851,725903,232,232,21.802703751557885,7996.633147347933,-7521.275256469737,824706855,-7.7079689498493735,95.77073073719407,15,76.70078039667834,924.5655407158972,-22.9294,-4.51963,26.4139,9.42803,1.72539,8.66253,0.093656,2.92826,0,0,0,0,0,0,0,0
852,727608,233,233,29.726153306205333,8596.53152966041,-7712.887339276387,828138252,2.494073637458996,88.0312112701256,15,94.76622046306215,867.8842462621144,-25.6359,-6.88411,27.6479,14.8975,11.7654,3.87139,2.19118,1.87283,0,0,0,0,0,0,0,0
853,729315,234,234,34.19341314793314,9775.894234509251,-8606.704731804004,831469717,-10.384362223944379,91.89053833856514,15,118.2797481050568,907.9247175263914,-28.4809,3.83211,22.0533,17.2828,24.5977,-13.5623,3.95667,4.51392,0,0,0,0,0,0,0,0
854,731024,234,234,27.83653953605841,8770.811397197574,-7995.938463855032,834903453,-27.42586635620387,93.15328265412722,15,95.9250359939902,894.818011602255,-32.308,4.38138,12.4481,24.6573,16.7298,-1.6568,-0.0794363,3.66421,0,0,0,0,0,0,0,0
855,732735,235,235,33.177600433871646,9983.839676327747,-8883.086505778107,838388562,-45.99701237983737,101.46201871368038,15,107.60126614439008,967.2638218236616,-33.2735,7.17258,25.0127,15.035,11.9571,-0.173152,-3.76514,11.2119,0,0,0,0,0,0,0,0
856,734448,235,235,20.962057457040885,8206.690050470253,-7767.28219763797,841968509,-52.10412629451764,93.21716534286895,15,100.73387704764792,867.3983172027729,-35.2213,4.79687,7.3052,20.666,12.7813,1.91634,-4.66459,13.3822,0,0,0,0,0,0,0,0
857,736163,236,236,51.384647806233545,7878.797648806971,-5238.415618636309,846111851,-26.041757646769156,89.35862395453728,15,112.27349954749258,908.7407784710979,-25.3074,5.50183,15.8554,20.8493,14.8979,2.1962,-5.13701,22.5284,0,0,0,0,0,0,0,0
858,737880,236,236,16.97209071394815,6955.012256999134,-6666.9603937966485,849783844,-31.08448735625467,93.67054436910536,15,136.8752517138833,855.5334095564886,-26.3758,1.20111,13.3047,14.5667,31.0258,-18.6312,-14.9446,16.8254,0,0,0,0,0,0,0,0
859,739599,237,237,42.32017618582188,6591.781845453494,-4800.784533054488,854432266,-17.173401722598953,80.72712171630332,15,120.07583605775551,869.0925352226546,-9.58241,0.980996,17.93,4.01441,39.0399,-19.6518,-9.64363,19.2326,0,0,0,0,0,0,0,0
860,741320,237,237,37.51639014803129,7499.956208587674,-6092.476678848375,857618927,-41.92743593456004,82.92200713003973,15,104.6160417541488,842.4887388300376,-16.7713,0.594131,25.3625,3.44485,33.1407,-12.6693,-4.10918,8.52406,0,0,0,0,0,0,0,0
861,743043,238,238,46.321334895039115,7305.209099003801,-5159.543032545433,861171680,-13.294212049849989,72.54841080124186,15,161.61126627770267,841.3943230972895,-17.0984,7.44892,40.9721,-16.0323,48.3462,-16.5902,-7.92404,7.19915,0,0,0,0,0,0,0,0
862,744768,239,239,10.203573771098092,7406.845672269586,-7302.732754567345,864667567,-12.722781086396878,78.02777628367181,15,108.97226665994123,883.3035246916272,-23.4079,8.137,18.4797,-8.42893,31.2529,-8.714,-8.83356,1.71826,0,0,0,0,0,0,0,0
863,746495,239,239,-23.319650440570058,7654.165459459364,-7110.359362788984,867701170,-23.547747085586536,92.90309783910351,15,173.68403691583126,828.2007483253923,-36.8555,-1.09436,28.3312,-16.0002,46.851,-32.3393,-6.07977,-6.1327,0,0,0,0,0,0,0,0
864,748224,240,240,-41.26351905285219,8024.529108874852,-6321.851104249756,871505101,-2.564133976756011,98.36695755732603,15,150.02633377186748,853.3694461723278,-36.2854,-0.331373,20.7392,-9.31925,33.6422,-36.2805,-6.21756,-7.21093,0,0,0,0,0,0,0,0
865,749955,240,240,-37.510059019474966,8164.304765755219,-6757.3002381107235,875439890,-2.7190219416299897,93.90398765826899,15,87.54177214052311,868.3396946991061,-32.8534,5.51213,6.48849,-3.9074,12.8365,-22.2006,0.178731,-3.5645,0,0,0,0,0,0,0,0
866,751688,241,241,-22.684519496013365,13399.702889911328,-12885.115465146318,878449964,-25.948397358596196,111.96199946601695,15,92.59240400423533,1006.121170623602,-44.4037,12.1891,8.14081,-4.05048,7.03127,-3.63631,7.59279,-5.54793,0,0,0,0,0,0,0,0
867,753423,241,241,1.4531571331887676,11732.868147493953,-11730.756481840215,882239504,-13.570070654320034,118.30705124253473,15,120.3083219777248,991.7893400974019,-43.0922,7.1074,22.8788,-5.5522,12.2179,0.44635,18.2303,-10.7832,0,0,0,0,0,0,0,0
868,755160,242,242,15.127909938024914,7832.278825251287,-7603.425166158295,886679714,-4.082009657292133,106.2708780843733,15,113.89348846154371,883.072219141387,-32.7629,-2.1408,18.5993,3.0171,19.6935,-7.99676,23.2008,-6.48228,0,0,0,0,0,0,0,0
869,756899,242,242,23.62961514368868,8964.808965990676,-8406.450254151834,890242584,-12.699846433075606,94.58441806157754,15,157.8615423367657,887.0207532850759,-35.5718,-2.30851,30.3229,-6.13855,34.3788,-14.519,26.0439,-8.57811,0,0,0,0,0,0,0,0
870,758640,243,243,17.82906480434889,9794.53237839407,-9476.656826596398,893644606,-16.098404227978506,110.7162619291874,15,140.22293824517232,941.9720370883185,-43.3629,8.51812,11.116,-5.66638,32.9486,-12.1676,24.1264,2.31686,0,0,0,0,0,0,0,0
871,760383,244,244,29.40262576496434,11256.18436412721,-10391.669962252665,897806685,-4.973505033611332,98.09164554488018,15,131.00995045518812,959.2961864127371,-36.2921,13.4252,11.9985,-8.00708,30.3201,-6.50452,21.5375,2.92493,0,0,0,0,0,0,0,0
872,762128,244,244,23.418121473093493,9377.841547901095,-8829.433134572531,902319023,10.484669228989446,98.84048919950658,15,118.17307514609058,893.9092606692133,-27.2036,-2.83412,22.691,-16.0973,28.3829,-1.24249,16.3759,3.34581,0,0,0,0,0,0,0,0
873,763875,245,245,20.309346004199426,8884.845254365133,-8472.375719246842,905881009,-18.028468158344083,88.51383377873191,15,123.45188701749731,928.6250367344933,-29.253,11.1477,23.6416,-16.5452,26.1667,-5.77306,10.4456,0.479165,0,0,0,0,0,0,0,0
874,765624,245,245,44.214744655475045,10757.01860262877,-8802.074957679912,910651615,25.381015619700747,109.57746330488226,15,114.97523301051939,1022.0970088616566,-16.2848,-5.03684,16.3229,-1.63841,44.6231,-12.4202,11.4116,7.23744,0,0,0,0,0,0,0,0
875,767375,246,246,34.362001478890875,9399.332746344862,-8218.585600709564,914445286,-10.951119855690877,92.41506768615523,15,112.59820115222794,960.8178793330351,-15.4546,3.85903,17.5172,-12.0924,39.979,-11.5711,11.249,0.875906,0,0,0,0,0,0,0,0
876,769128,246,246,13.505660169695375,11755.208691207861,-11572.805834588566,918258310,-21.060351761432628,101.3935652955459,15,145.98817430209442,1031.7594516936379,-17.6067,1.74926,13.183,-15.2025,53.9396,-22.3079,10.8751,-11.1241,0,0,0,0,0,0,0,0
877,770883,247,247,17.65931077535049,11211.448579614851,-10899.59732255444,922084696,-21.656167682210366,107.82790693809545,15,170.16359735184858,989.3194786158592,-15.8967,7.71983,25.1916,-20.5809,51.2852,-24.6671,9.71482,-15.1075,0,0,0,0,0,0,0,0
878,772640,247,247,26.065363161350206,13363.731826157598,-12684.328669424525,925681522,-25.449177815697965,79.29608111582792,15,186.8952948768124,1018.2306480104002,-20.169,11.5242,22.1848,-19.6965,71.4325,-38.2007,1.33877,-2.34877,0,0,0,0,0,0,0,0
879,774399,248,248,23.10597945929453,16041.837146934791,-15507.95086016145,929731212,-4.196559241231284,76.39239027816996,15,198.0697817012947,1096.4168802332624,-17.5792,12.5695,25.1823,-24.8981,67.9853,-35.4378,4.85091,-9.56679,0,0,0,0,0,0,0,0
880,776160,249,249,26.958269399297308,17880.32643014039,-17153.578141135302,933867912,22.766800874493754,82.05519565285528,15,188.34478731242592,1155.894346857936,-13.9718,10.4486,24.1599,-19.1213,69.0214,-39.5048,4.02174,-8.09537,0,0,0,0,0,0,0,0
881,777923,249,249,47.41710522994617,15031.140184035523,-12782.758315647734,937743140,41.13129406627985,81.10377256747842,15,152.26296121390214,1113.2045577805707,-13.5022,7.40795,27.1405,-10.1553,51.2574,-28.7655,13.0843,0.949847,0,0,0,0,0,0,0,0
882,779688,250,250,56.06890484309815,10798.638698467117,-7654.916608162722,941752868,30.820835471243242,85.83527257611166,15,125.69655494682047,1004.0445983620152,-14.0149,8.36173,15.193,-4.29337,43.5939,-16.5055,17.0339,6.70019,0,0,0,0,0,0,0,0
883,781455,250,250,65.48465718900104,11166.020202514926,-6877.779875353941,945445004,7.720957894709386,88.1030657139487,15,133.56942346022913,972.9689394976,-16.6655,14.3958,20.4158,-7.60725,45.0274,-9.76967,17.7571,1.93088,0,0,0,0,0,0,0,0
884,783224,251,251,79.8579463186345,8192.50731480517,-1815.2157245752605,949219428,23.350205380831596,85.95336538534895,15,154.0937356777788,913.209885361803,-18.2984,9.26378,26.368,3.6051,47.4486,-18.8195,18.9399,11.3504,0,0,0,0,0,0,0,0
885,784995,251,251,76.796497255075,10039.205001732655,-4141.503011083913,952647789,-34.90839801498572,65.68286565097895,15,141.55162573522114,982.3035839097536,-27.069,15.3724,22.5751,-2.72612,44.5715,-2.58242,13.5402,13.1149,0,0,0,0,0,0,0,0
886,786768,252,252,36.48403663802986,8264.376056785155,-6933.291127380049,956411934,-13.765528732934115,96.51339004523783,15,104.12819917438122,906.4691674662381,-33.8221,15.3151,1.59978,5.29711,32.8979,0.263938,9.60559,5.32673,0,0,0,0,0,0,0,0
887,788543,253,253,56.82204817522933,9547.029334336508,-6318.284175508426,960536828,-30.91146894639303,91.63400874573074,15,119.36564793950032,981.2705192781941,-30.7128,14.3379,13.9666,2.14652,34.5123,4.79635,-0.558995,18.3342,0,0,0,0,0,0,0,0
888,790320,253,253,53.878233917070474,10223.65026568478,-7320.786175662217,964023734,-45.78503357452615,84.83659147767997,15,134.92552185898262,959.5427644367641,-38.586,16.3552,14.9732,-1.93769,35.822,2.33408,6.92311,17.9942,0,0,0,0,0,0,0,0
889,792099,254,254,49.03561548323131,9239.065573318272,-6834.573987498958,968698693,-15.376239419421381,75.00059185159762,15,121.89895048098487,984.770045746417,-28.5967,15.4526,13.2409,-7.83494,18.9335,4.37326,5.76613,27.7009,0,0,0,0,0,0,0,0
890,793880,254,254,74.05223055171217,8419.656710515823,-2935.923860831889,973227510,-5.848251192778946,54.29039995671377,15,133.07227953314458,933.1353085587705,-19.5899,22.3842,13.4907,-9.92008,13.6381,17.9981,3.81427,32.2369,0,0,0,0,0,0,0,0
891,795663,255,255,100.18009447601605,9500.940530654667,535.1107985688359,977257873,-13.876079126130378,54.70313889329515,15,141.63366227839822,969.095438374053,-18.7207,18.5562,21.8307,-2.00604,20.8443,21.9229,6.75657,30.9963,0,0,0,0,0,0,0,0
892,797448,255,255,101.39018404261174,11670.589664063056,-1390.6202438683777,981323952,-10.126366746181873,75.88743778533632,15,137.05816115906077,1060.5526718611982,-17.834,14.5624,28.9815,9.25272,9.04975,19.8508,7.57989,29.9472,0,0,0,0,0,0,0,0
893,799235,256,256,83.26613936579821,11592.401993626478,-4659.152028741947,984998277,13.052072763526724,109.38143542106678,16,142.88261470293747,1020.6070263923777,-25.0848,13.6487,27.3882,10.064,11.5357,19.2923,-3.59356,31.1456,-1.12991,0,0,0,0,0,0,0
894,801024,257,257,102.11947496664584,8897.488627795814,1530.8985396675926,990100090,10.988309475453377,75.99044034447337,16,119.0270039113484,895.5156655295101,-8.31802,11.7294,22.6138,13.226,7.83011,28.3113,0.232619,26.63,-0.13574,0,0,0,0,0,0,0
895,802815,257,257,92.94368919904542,8727.513768129835,-88.98440620108158,994062168,0.20550624367695036,86.69623215095874,16,117.36180309208106,963.1864644800264,-11.6888,1.89014,26.0928,15.303,2.62044,32.0518,5.29471,21.8999,-0.520286,0,0,0,0,0,0,0
896,804608,258,258,91.18060373256327,10534.868049091801,-2220.9655520570705,998393699,13.476110349788883,94.62227359701785,16,121.49399290694151,1060.621408859652,-10.042,-5.11471,28.3876,9.35822,1.61325,32.5671,4.31389,29.3812,0.716042,0,0,0,0,0,0,0
897,806403,258,258,122.71189490465991,8777.82292591908,6280.386225173221,1003080417,25.87036770519279,61.92429958754104,16,122.71189490465991,984.7147343016829,1.46734,0.120512,29.7676,17.4213,1.28504,40.2867,11.932,20.1067,0.324736,0,0,0,0,0,0,0
898,808200,259,259,78.87156360829431,9000.458709163355,-2779.7351631461397,1006447119,18.48927264985292,68.4665834971052,16,106.50290897106788,909.983731071827,-13.0058,-0.809853,15.2181,23.5642,0.569121,32.4119,10.8598,6.75297,3.31119,0,0,0,0,0,0,0
899,809999,259,259,114.51180300970412,8203.41190285016,4909.541125683123,1011288634,29.765086921368663,61.79305217089717,16,117.74458449320485,871.2140339072823,-1.61639,0.339822,18.7574,23.7088,2.14459,32.3295,15.9036,18.896,4.04852,0,0,0,0,0,0,0
900,811800,260,260,97.74602021263041,9194.330366614427,359.95410079352587,1015481607,10.618504981818717,64.27516436296395,16,111.19711947599632,983.4594272829809,-1.20946,-5.51609,19.1066,22.9264,2.62107,29.1503,11.6155,15.2663,3.78537,0,0,0,0,0,0,0
901,813603,261,261,117.71153462314078,10838.927849367758,3017.0775339671127,1019778814,40.667052135048664,63.57146387794904,16,124.29557076473111,971.6470694161231,2.06011,-3.29202,26.6304,17.8767,6.0762,36.5626,19.9857,6.29018,5.52175,0,0,0,0,0,0,0
902,815408,261,261,112.94712607394018,12499.563835776951,257.48945258558706,1023829543,39.943219530103136,65.15707427483136,16,127.86390895343192,994.5633095875376,0.347167,-6.23338,36.0532,16.2663,11.6401,27.5871,24.2539,-1.22501,4.25765,0,0,0,0,0,0,0
903,817215,262,262,101.13808953401298,12780.519772975706,-2551.60661838568,1028211449,42.49333925628258,62.54561479958437,16,154.69099926100608,1025.207849432507,1.4969,-15.9349,47.8182,9.30238,-0.985381,40.4048,26.3964,-9.85613,2.49585,0,0,0,0,0,0,0
904,819024,262,262,72.83851930225995,12742.28507730834,-7436.835183162643,1031410947,21.874076005111988,58.9228158974646,16,150.08764049931204,1051.4808722373623,-12.3359,-11.8019,57.1422,3.58942,-0.530737,21.6008,26.7698,-13.956,2.36085,0,0,0,0,0,0,0
905,820835,263,263,115.28446578757467,12246.162320350957,1044.3457315755186,1035819963,36.32306917027449,69.64051125373203,16,150.7412207590292,1015.7508008746911,-7.30597,-4.5889,58.8906,8.7891,11.8237,22.713,29.7009,-5.83351,1.09567,0,0,0,0,0,0,0
906,822648,264,264,140.9502103971866,12558.307677032608,7308.654133978562,1040504844,39.92053936615338,67.83219094667999,16,147.1354962695902,1017.8802787419579,-0.258569,-0.381487,44.3725,16.1596,26.6668,21.6308,33.5072,-2.45259,1.70581,0,0,0,0,0,0,0
907,824463,264,264,138.00818341227284,9890.523350563724,9155.735338191816,1044432118,19.829853592213283,87.64613614170077,16,146.70501760780905,1017.4323072959345,-4.34842,1.90584,47.1097,11.2649,23.8304,17.5255,36.6482,2.50838,1.56364,0,0,0,0,0,0,0
908,826280,265,265,180.60728520236694,9370.908279158828,23248.083189010285,1049635105,34.1210397255237,87.95620937791284,16,180.60728520236694,977.3550071154705,11.5792,3.0279,34.744,33.6214,25.3683,20.7308,31.4639,19.1476,0.924176,0,0,0,0,0,0,0
909,828099,265,265,173.68205562939744,10763.581675584372,19401.87477206873,1054849830,48.23598224532685,113.4082582760646,16,185.0801205075831,1082.962716058253,24.3696,-5.61048,33.2968,28.8906,25.0009,19.0319,31.4995,17.2918,-0.0885484,0,0,0,0,0,0,0
910,829920,266,266,139.63040820877103,11427.441116618173,8069.209779929859,1057831088,6.0530465343294395,72.05262896883613,16,156.45858309941576,1046.9728600047167,3.17747,-8.41409,40.0889,22.1496,15.3445,20.0441,36.1935,8.65065,2.39572,0,0,0,0,0,0,0
911,831743,266,266,150.13904463889116,12323.974369984478,10217.758355094475,1062405714,-22.751777116570793,80.26990240213854,16,158.41468638512083,1046.7739273298553,9.84816,-4.13782,38.8839,32.5049,5.17749,23.9552,37.1162,2.78708,4.00391,0,0,0,0,0,0,0
912,833568,267,267,170.77766769465148,13826.53992286302,15338.471860361791,1067265357,15.961346417530763,79.38589340306282,16,170.77766769465148,1124.9417920061744,19.5363,4.13288,44.4918,18.8387,10.5989,24.2432,33.8122,12.0099,3.11376,0,0,0,0,0,0,0
913,835395,268,268,150.02023002519456,12094.90043592739,10411.1689808849,1070955600,-32.438260690608445,65.74624117255792,16,157.75789635565127,1029.9695146957765,8.08732,9.4834,29.3545,31.1776,-3.86883,27.2358,35.9452,9.62983,2.97539,0,0,0,0,0,0,0
914,837224,268,268,150.04262361330024,13091.488632953455,9421.300267809025,1075131638,-34.16119959863971,65.23931871990504,16,150.04262361330024,1057.0738979826879,5.65576,3.66884,33.0358,37.6896,1.8494,18.3351,27.9807,19.867,1.9605,0,0,0,0,0,0,0
915,839055,269,269,147.13823907165283,10846.373109197335,10803.28828790953,1078980939,-42.601342957238785,52.501592504902874,16,150.96398581885228,1003.8428783823206,-1.91287,10.0936,37.0561,24.8419,1.2799,18.3313,31.6672,25.4622,0.318891,0,0,0,0,0,0,0
916,840888,269,269,144.29774695268839,10712.707535358686,10109.132240263405,1082744934,-79.03595767570732,89.24285532765862,16,165.3748700976039,1026.8330573371509,-10.4641,20.3533,25.6364,23.4256,9.18255,16.4316,34.9081,24.8988,-0.0744712,0,0,0,0,0,0,0
917,842723,270,270,175.25025835146704,12908.409553185696,17804.243499070246,1087521604,-44.02172007216143,61.19345432063176,16,179.55495043214802,1062.6300808181543,-2.15235,18.6928,31.6425,32.7451,12.4055,23.0178,43.3846,14.7348,0.779537,0,0,0,0,0,0,0
918,844560,271,271,215.522273277873,13950.56851749245,32499.281761369726,1092277293,-26.28003784359123,73.65732712990518,16,215.522273277873,1040.7698477762422,5.17681,18.0267,48.4636,26.2333,14.2067,29.7105,43.5095,25.4379,4.75728,0,0,0,0,0,0,0
919,846399,271,271,157.16221706908954,13402.465933582438,11297.49654048918,1096122533,-34.12890980869639,96.42253684949588,16,170.4242984240188,1026.5800093850617,-6.63104,8.44036,35.4586,27.636,16.1094,24.5958,31.8685,13.3279,6.35677,0,0,0,0,0,0,0
920,848240,272,272,152.8370916140683,13420.09675396341,9939.079819083696,1100167724,-22.299305333767336,101.32656620726272,16,175.68007252256018,1085.4700375664536,-11.4215,12.6891,32.3485,33.1109,11.5112,27.8809,28.7787,12.9831,4.9561,0,0,0,0,0,0,0
921,850083,272,272,147.5446456859437,15372.249534560295,6397.172936030369,1104690777,-42.129831437856865,75.05438091587757,16,172.2086392691864,1141.6058190498097,-10.3489,11.1769,29.2427,38.5881,-1.9831,35.1631,24.3515,16.9243,4.43005,0,0,0,0,0,0,0
922,851928,273,273,142.39477874563596,12390.78188250391,7885.491131514707,1109360878,-39.747010205696654,62.47531899898132,16,175.48597970990937,1027.866128374523,-7.25892,8.49989,39.2071,28.1447,-9.28668,40.3578,26.3663,13.592,2.7725,0,0,0,0,0,0,0
923,853775,273,273,130.18222187361175,12592.77387692518,4354.6370150251005,1113622145,-36.26167570586841,52.30095378854554,16,175.8002812587249,1049.0863923821657,-10.3059,5.90255,43.3405,24.6198,-12.5032,40.4291,19.2771,16.0604,3.36177,0,0,0,0,0,0,0
924,855624,274,274,109.00348620218716,14602.673090866152,-2720.9130866357445,1118070342,-19.82140063996286,59.347865623449195,16,141.07500809376648,1107.1689147050931,-13.3354,-2.70034,44.2066,11.2514,15.8001,8.61486,26.1797,12.0292,6.95741,0,0,0,0,0,0,0
925,857475,275,275,136.59879893902632,13539.87211031223,5119.35976127231,1123076595,-18.00036523637624,79.26284623188536,16,148.04966412018928,1100.9212416389796,-4.50185,-1.22358,44.3246,10.6179,16.5764,14.884,32.2947,23.1985,0.428171,0,0,0,0,0,0,0
926,859328,275,275,137.5512444544595,13169.298513607831,5751.046337362641,1127193946,-32.500153182105066,91.95209541369064,16,159.05623997534178,1083.9840250032983,-9.65093,18.0885,19.3468,27.3354,15.2565,7.96094,39.5389,20.7767,-1.10157,0,0,0,0,0,0,0
927,861183,276,276,146.40489788286646,13411.879108085397,8022.515016007159,1132181273,-11.790960053005563,68.73135861805298,16,152.27856248481982,1106.0463106815637,-2.93683,9.6393,20.5391,32.6978,16.2325,6.15577,43.5528,20.1557,0.36876,0,0,0,0,0,0,0
928,863040,276,276,160.81311135657774,12580.247285373549,13280.609498809521,1136584476,-34.50541241347321,65.72111736043883,16,167.2238831268932,1046.9473778331574,-3.20539,11.0255,23.5437,44.3995,17.7987,12.209,34.5561,16.1541,4.33195,0,0,0,0,0,0,0
929,864899,277,277,133.3370506569022,11589.6355261249,6189.133551756402,1140093604,-59.765326626439446,76.08512292279693,16,172.96997774276804,1066.6744119394011,-19.6107,17.4912,16.7219,40.106,18.3716,14.4917,27.2443,18.7268,-0.20573,0,0,0,0,0,0,0
930,866760,278,278,131.18213802044534,9901.990708550318,7306.762627064851,1144618524,-56.783905652667045,81.72509296418889,16,173.41357683702734,1012.1236465413282,-19.9987,13.9515,22.7984,35.6235,28.1471,9.55555,31.3626,10.8592,-1.11698,0,0,0,0,0,0,0
931,868623,278,278,130.07957613333053,10027.212074064251,6893.484052962684,1149692640,-48.62633650401176,81.83229456652703,16,155.12656770675892,1043.0383907341788,-12.5235,4.49128,33.1337,33.2348,36.0029,3.72806,28.0419,3.49817,0.472302,0,0,0,0,0,0,0
932,870488,279,279,123.3617055874293,8839.70099083357,6378.409414606016,1154527805,-44.5464190952203,68.33051159537314,16,145.21218647261463,1025.539567546203,-10.0309,6.86654,13.1962,40.0948,30.855,18.8078,24.1574,-0.894319,0.309172,0,0,0,0,0,0,0
933,872355,279,279,84.03052612120786,8957.932284481183,-1896.8029642741876,1158359746,-50.741109921339216,84.0683932956166,16,146.46821704345047,1007.8486232028233,-22.6751,2.48035,23.5137,35.5997,22.3166,12.0617,17.3785,-8.54378,1.8987,0,0,0,0,0,0,0
934,874224,280,280,89.86732748461384,8553.102599207,-476.9660499801712,1162461086,-57.42761315458091,84.6880842114171,16,170.83820580760732,972.1477777324918,-29.3019,0.92966,29.6505,31.3671,25.979,13.4387,23.5012,-11.1836,5.48665,0,0,0,0,0,0,0
935,876095,281,281,130.7466670120633,9034.045421241588,8060.645513521778,1167978657,-5.328656773041075,75.3603586702427,16,174.06044950824435,1005.9367734812962,-13.0654,8.4585,36.124,29.9564,15.3079,24.5068,35.8515,-8.59152,2.19841,0,0,0,0,0,0,0
936,877968,281,281,155.2646758166277,9213.569564310386,14893.549992132102,1172295607,-23.71119403500728,67.18528682858783,16,186.88777040293394,1014.4453086669,-15.8115,8.98182,44.2454,29.7953,17.5692,32.5583,31.1806,5.09032,1.65525,0,0,0,0,0,0,0
937,879843,282,282,143.19153463663395,8586.115891506442,11917.699700087896,1177592362,-5.982037554154147,58.34033207513204,16,156.5802530562113,986.1248438411989,-6.69436,17.5846,33.5356,20.4632,24.4067,23.1155,28.1829,0.864272,1.73322,0,0,0,0,0,0,0
938,881720,282,282,147.78520135799147,9431.244660895341,12409.22107952674,1182594622,-7.651239616853161,53.539297366273615,16,150.90494284800036,1031.1036981200332,-1.55987,24.0231,14.9809,30.208,22.2498,24.2857,24.2795,5.26159,4.0566,0,0,0,0,0,0,0
939,883599,283,283,122.04188752903241,9000.31274587842,5893.909565770577,1187258385,12.373685851915411,52.65991924300204,16,131.1658374474918,999.383959652517,-4.56197,19.6998,3.34522,23.0456,15.9849,30.5382,25.2811,2.45934,6.24966,0,0,0,0,0,0,0
940,885480,284,284,128.98878549751112,10044.634464501263,6593.472319621671,1191505772,-7.2632751325958225,63.65265155239979,16,150.0823640814649,1061.0320434741457,-10.5468,19.2122,16.6901,12.7766,7.80891,41.0019,24.3965,6.2082,11.4411,0,0,0,0,0,0,0
941,887363,284,284,141.951568425659,12560.825367606885,7589.42241089766,1195431491,-58.372662735200095,87.65556858167207,16,181.28788126121486,1138.5883633226247,-19.6682,29.8041,14.1231,18.5107,0.443976,52.1416,25.2829,8.68218,12.6311,0,0,0,0,0,0,0
942,889248,285,285,142.93485204965333,12077.831446671897,8352.54048378439,1199779131,-59.403029421978545,90.54922941303516,16,190.4793403115146,1128.518668978024,-23.7722,27.3904,29.4571,17.4133,18.1733,31.2999,16.499,16.9084,9.56563,0,0,0,0,0,0,0
943,891135,285,285,134.04580468710765,10278.886167679091,7689.391586535119,1204422049,-28.930348118480993,105.12253894950993,16,186.07149440476633,1065.9166798926879,-26.0128,19.0562,24.1297,34.1425,29.2939,20.1542,20.3915,3.39214,9.49855,0,0,0,0,0,0,0
944,893024,286,286,167.2286143211436,13590.127652383711,14375.281795386083,1209531384,-25.156764044592705,111.80932265035369,16,205.70096754185715,1188.5243117406012,-19.2362,28.5577,18.3646,35.2108,35.9061,26.8988,27.3813,3.84513,10.3004,0,0,0,0,0,0,0
945,894915,287,287,176.3543318052529,13095.564960550852,18005.28538592639,1214851590,-12.755675759701546,110.22352769431603,16,197.5462952187649,1163.1335144243112,-10.596,29.2974,18.0218,34.8352,31.914,23.7418,35.6982,3.83628,9.60559,0,0,0,0,0,0,0
946,896808,287,287,202.86112525221188,12964.29752060518,28188.33861798842,1219621323,-11.364521725945963,78.40179983927311,16,218.73818171497487,1185.0412454499242,-7.93853,32.8728,22.4136,44.9863,31.634,32.1944,33.2556,2.66297,10.7799,0,0,0,0,0,0,0
947,898703,288,288,213.91540721174408,11538.74885783026,34221.05258473603,1225043291,9.411475905489738,77.78135659482462,16,213.91540721174408,1096.9226755214609,0.582491,32.5277,27.1437,26.6959,43.5411,33.2372,29.4705,3.00898,17.708,0,0,0,0,0,0,0
948,900600,289,289,210.09151651482517,11546.991630836563,32591.453680662496,1228646175,0.901859485148691,72.78481689721986,17,243.84999780868367,1111.1608851162928,-16.8792,36.177,11.6029,38.5647,42.7288,38.3857,41.5814,2.41901,15.5113,0,0,0,0,0,0,0
949,902499,289,289,197.90822582361187,13419.842591260718,25747.823257389035,1232797789,-2.1357318367144558,98.2407525366628,17,252.86295998598115,1182.1235430357149,-27.4774,33.9057,4.15016,40.6145,45.2386,36.0199,43.8825,11.77,9.80418,0,0,0,0,0,0,0
950,904400,290,290,117.24345743189417,13808.482300671616,-62.45399008723507,1237038827,-17.710725359393564,110.05566182242455,17,191.35996875253124,1155.153185293388,-37.0583,31.4703,6.84995,36.4775,18.4218,21.9639,27.6515,4.24467,7.22221,0,0,0,0,0,0,0
951,906303,290,290,145.72766830639836,11809.443720175506,9427.109589844153,1243020185,-12.768023793763803,98.4206642335277,17,181.27866673487102,1122.0108914551695,-17.7755,32.2727,29.4688,23.4348,23.325,16.3122,17.8758,11.9228,8.891,0,0,0,0,0,0,0
952,908208,291,291,171.5376994546299,11560.463164458386,17864.719169728545,1248845976,19.80800731233319,69.27600796103025,17,176.48872990211237,1052.6684670841623,-2.47552,33.9112,30.0708,22.4593,10.1099,33.8428,25.632,15.806,2.18116,0,0,0,0,0,0,0
953,910115,292,292,223.00854000874278,14398.677040207076,35334.13187662396,1254949490,22.14079708052327,95.7919742663662,17,223.00854000874278,1223.4641409114442,16.6882,29.629,28.8409,34.3132,15.993,32.8696,33.7254,23.7289,7.2204,0,0,0,0,0,0,0
954,912024,292,292,192.60109475771463,13213.85943538879,23881.32226648138,1259279806,4.1940113338880565,76.78291870215355,17,192.60109475771463,1160.0133699195903,7.86904,25.3412,28.4319,43.5139,5.16972,28.1119,28.7115,24.5601,0.891751,0,0,0,0,0,0,0
955,913935,293,293,155.16602478071655,11737.731868108456,12338.763378141486,1263255718,0.7524369944561613,83.1445586130593,17,171.75026216121063,1117.8352244718942,-7.08635,22.1327,21.3585,41.3589,16.7661,18.5418,26.4711,16.8291,-1.20577,0,0,0,0,0,0,0
956,915848,293,293,171.32941770424281,13678.537547884585,15675.231822990325,1267723926,-39.07382484806692,112.61687296478226,17,197.3784908157561,1231.3372206071192,-13.0245,25.7604,8.93328,49.5456,26.7328,22.8664,26.8908,23.2925,0.332177,0,0,0,0,0,0,0
957,917763,294,294,184.87524239304156,12730.961524542425,21447.893725343445,1273417075,-34.55634337874085,81.49924618226646,17,189.07315871526924,1155.9659579854322,-2.09896,22.6256,14.7621,40.5553,34.7016,25.1946,25.6551,19.9989,3.481,0,0,0,0,0,0,0
958,919680,295,295,187.22553901944087,13612.884906505858,21440.517554614315,1278395616,-41.01312931628314,81.02565903490876,17,190.2535524108294,1201.9622542352304,-1.15618,27.327,4.49102,44.5559,45.6684,20.5188,19.9544,26.2241,-0.357824,0,0,0,0,0,0,0
959,921599,295,295,183.98222977729995,14926.88217110475,18922.578702722443,1283784229,-39.56624206424533,106.0654480543734,17,187.0273026387705,1170.0265822409692,5.65039,33.1077,-1.52254,42.7408,38.8324,22.7593,23.1746,16.4439,2.79565,0,0,0,0,0,0,0
960,923520,296,296,195.33143600246314,13482.783857122653,24671.586033661697,1289023001,-24.130074946156412,121.69113897623953,17,202.94896414834494,1158.0319593078766,9.47416,33.8828,-3.80876,47.8154,47.4013,23.9647,22.0323,14.3746,0.194887,0,0,0,0,0,0,0
961,925443,296,296,248.67429926139016,13701.386778883481,48137.52033425995,1295074176,33.28436904866817,119.56435854251731,17,248.67429926139016,1168.8467702525163,27.1618,37.7372,2.07763,58.8051,46.5528,19.596,28.1151,19.7738,8.85495,0,0,0,0,0,0,0
962,927368,297,297,260.2730727249963,13944.042923836196,53798.029461875034,1300335808,24.37260125298934,104.10407671055299,17,260.2730727249963,1240.2256131148838,30.8665,35.4278,17.9491,40.2324,46.5096,18.7147,33.9799,23.3441,13.2491,0,0,0,0,0,0,0
963,929295,298,298,226.16089328363978,11961.05157121254,39187.69807964136,1304857101,38.59368609891794,104.06983401547063,17,226.16089328363978,1200.6508676438962,21.4352,29.3558,8.98942,33.1275,48.5585,7.83585,37.3884,27.4457,12.0245,0,0,0,0,0,0,0
964,931224,298,298,207.69572252185537,9371.214680720837,33766.298473154704,1309206508,32.76231644860286,86.16146672994637,17,207.69572252185537,1058.5906821294311,12.021,33.1201,2.76327,45.3622,36.6066,10.3541,26.3787,35.7866,5.30319,0,0,0,0,0,0,0
965,933155,299,299,214.65779078413811,9923.5794292481,36154.38771507871,1314434431,30.520058284231652,88.54932470895591,17,214.65779078413811,1081.1416937433885,14.4708,25.9635,1.78733,54.5993,43.4477,3.86918,27.7853,38.7807,3.95397,0,0,0,0,0,0,0
966,935088,300,300,248.081374240581,12637.936234874105,48906.4320102211,1320094613,48.77771067065487,122.09280154485009,17,258.115500378173,1210.0903792787121,25.9377,29.8015,10.7175,57.7355,46.7743,-5.01706,22.5355,54.236,5.36045,0,0,0,0,0,0,0
967,937023,300,300,219.00196816277088,10198.317072091075,37763.54498707624,1324443446,66.12547376910607,103.78922536278674,17,219.00196816277088,1157.5749106190672,13.2685,27.7186,8.81537,38.7923,46.0054,9.10563,33.9465,36.3404,5.00935,0,0,0,0,0,0,0
968,938960,301,301,198.18037271182482,10484.310543429412,28791.149584768384,1329044052,40.26401723086042,87.82053046565193,17,198.18037271182482,1148.813798846219,5.61652,26.4722,5.81165,39.1828,45.6555,1.81104,31.921,30.9171,10.7925,0,0,0,0,0,0,0
969,940899,301,301,189.34261820648788,13109.69013489908,22740.93693438876,1333717816,5.560590919723495,100.99745953335957,17,201.83318047950496,1229.822283250345,-0.171483,29.4628,-2.188,44.3994,46.6756,-3.8858,39.9895,31.4905,3.57006,0,0,0,0,0,0,0
970,942840,302,302,174.04294589299332,10834.427760145896,19456.519254965504,1338971619,-13.377175949066839,95.64778908152988,17,183.1818741461633,1123.7514802633207,1.05765,16.29,17.8798,28.6984,57.9963,-4.56946,30.6375,21.943,4.10965,0,0,0,0,0,0,0
971,944783,303,303,207.6719749795376,11291.800223673614,31835.848968228078,1344065349,13.012756203698984,95.9462280852145,17,213.64511390843734,1155.6098028089527,3.15081,15.1962,31.1198,33.9098,52.8276,22.8335,27.7068,23.914,-2.98657,0,0,0,0,0,0,0
972,946728,303,303,200.02339585766214,11491.90139317609,28517.45749725492,1348757612,34.38568339753385,104.83968082654758,17,215.15520725050163,1197.7387535631688,-2.7389,13.097,27.0055,56.3684,39.7535,16.3386,29.111,25.9152,-4.82701,0,0,0,0,0,0,0
973,948675,304,304,130.4381736549572,10495.988314035421,6518.128832405353,1353457810,35.12522136604855,113.26198456482564,17,162.81224424066062,1148.8735925308586,-11.7645,15.0768,9.3127,49.5655,38.8612,5.54091,19.1865,9.08154,-4.4225,0,0,0,0,0,0,0
974,950624,305,305,109.9896155316195,10660.600366663655,1437.11515812982,1358522185,34.99847385098485,115.30088770797067,17,143.53816679655108,1181.761129656685,-14.7731,2.89324,15.3558,44.932,31.0646,12.2409,14.6875,5.58982,-2.00122,0,0,0,0,0,0,0
975,952575,305,305,96.61809478766622,11058.94471624352,-1723.8884758450658,1362818703,42.869573260300115,132.3849911528942,17,147.63729029381284,1177.4498825307573,-24.9175,3.94656,22.7343,61.1232,19.4688,4.2515,4.45438,6.14899,-0.592128,0,0,0,0,0,0,0
976,954528,306,306,97.66619293987105,9338.333644301874,200.35159906624358,1368500478,22.084914856035198,123.29874117154179,17,149.87753653887899,1107.6407114469876,-20.0448,5.83655,10.7623,60.6506,13.2743,20.7394,12.5086,-1.63484,-4.42605,0,0,0,0,0,0,0
977,956483,306,306,81.39161466612512,11056.383509271718,-4431.788571312724,1373778254,-16.860236973406018,126.58935725768924,17,153.2938635925471,1139.9967162819469,-20.3079,-1.19448,-3.95768,80.9179,18.4716,10.934,7.01925,-1.72314,-8.76789,0,0,0,0,0,0,0
978,958440,307,307,39.64281079438041,12013.930467978444,-10442.3780202994,1377891449,-45.19882990647102,131.32404546632984,17,161.68840605662723,1198.314651284101,-35.554,-4.23096,5.30855,65.2642,10.4791,6.63871,12.9751,-5.25772,-15.9801,0,0,0,0,0,0,0
979,960399,308,308,39.97847480683498,11386.653050172807,-9788.374602292068,1382913183,-31.81342214823667,152.4396800706536,17,156.35987683841228,1135.7392607475656,-38.9359,-8.1885,9.57773,59.7904,11.7642,6.72893,9.82537,0.482497,-11.0663,0,0,0,0,0,0,0
980,962360,308,308,39.73006690295864,11702.832661773296,-10124.354445659726,1388386505,-18.8297329525937,130.62138564219657,17,164.90170602442146,1168.787732313047,-36.3007,-9.30925,5.9123,63.1218,3.95101,14.3307,15,-10.1834,-6.79247,0,0,0,0,0,0,0
981,964323,309,309,51.92052553345246,11556.894858165075,-8861.153886495185,1394417290,-3.825888066279731,101.34410716328148,17,135.34861036305284,1158.9983822999882,-25.8012,-8.19332,-3.8336,60.4562,11.943,7.90735,13.2876,0.0404298,-3.88587,0,0,0,0,0,0,0
982,966288,310,310,15.68679592954254,10472.797693846871,-10226.72212731176,1399306063,-0.48129230362258113,111.3267457477865,17,126.70418471948528,1183.8556097945245,-31.2847,-8.24057,4.49015,47.0464,5.31246,-5.10002,14.3465,-7.28363,-3.59974,0,0,0,0,0,0,0
983,968255,310,310,6.714513483087046,10932.781528876047,-10887.696837561489,1404284219,-17.08561034765995,147.1672383452265,17,109.18918218229106,1174.643773417346,-35.904,-2.20892,8.06562,27.4658,3.68925,3.20051,15.5306,-8.55534,-4.56911,0,0,0,0,0,0,0
984,970224,311,311,33.03542400505074,11046.099321482558,-9954.760082289074,1410486951,18.280109679862278,122.4476693607707,17,145.18631936442029,1164.2870293901137,-23.5061,0.8173,-7.79231,45.043,10.5701,-11.9231,29.5959,-12.854,3.08457,0,0,0,0,0,0,0
985,972195,312,312,96.66220492015862,10385.578057412344,-1041.996197385608,1417243054,39.76732813374855,91.53112095563671,17,109.58616669170499,1136.6802235658292,-0.243997,2.92238,19.768,33.4462,-5.44837,6.55521,34.0824,6.34989,-0.769609,0,0,0,0,0,0,0
986,974168,312,312,56.35757013310507,10019.710287830854,-6843.534576522998,1421741842,25.1404379031581,90.80779813304031,17,112.39888279637813,1118.0710613554181,-13.9648,-2.13558,18.0649,27.1076,-11.8036,11.4446,25.4977,2.26355,-0.116652,0,0,0,0,0,0,0
987,976143,313,313,39.073668069534904,12352.773313286285,-10826.021776878093,1427578072,33.19301832614934,104.33635414427994,17,121.48403530612183,1237.1329805905075,-8.82128,-9.95711,9.69877,40.4166,-19.8221,11.1176,17.5562,1.4897,-2.60466,0,0,0,0,0,0,0
988,978120,313,313,15.55205832568646,11651.787390585183,-11409.920872419629,1431679930,25.083232850519778,107.46681250165824,17,117.14121618224084,1207.3937701534392,-25.6607,-7.94164,18.0627,22.1515,-14.7579,-0.600562,15.259,10.8734,-1.83381,0,0,0,0,0,0,0
989,980099,314,314,2.423056256931602,14334.336873745775,-14328.46567212152,1436221824,8.168591883438637,106.20089640146995,17,142.523095857516,1310.966848896023,-37.6358,-5.84735,17.5983,11.6235,-23.5077,20.3716,14.2062,8.67344,-3.05924,0,0,0,0,0,0,0
990,982080,315,315,-4.977799427753496,10813.7544873888,-10788.976000245857,1441459658,-40.32211925716399,91.51943786328172,17,136.32667677213357,1148.2749586379198,-38.5938,-5.75848,20.1179,13.174,-23.2562,15.5464,7.48559,9.35063,-3.04375,0,0,0,0,0,0,0
991,984063,315,315,-43.071328706511736,11024.015659340424,-9168.876302796043,1446474144,-34.30161248569942,104.39734187847813,17,141.58987544324611,1145.9728273745568,-44.6874,-9.59083,19.7248,13.7303,-28.8065,14.9454,0.76146,-9.24587,0.0972455,0,0,0,0,0,0,0
992,986048,316,316,-44.6270089127288,12515.184321886474,-10523.614397389698,1452520512,-47.305011286765136,89.3719935854927,17,163.83389876357387,1241.743875529923,-35.764,-9.58606,12.2306,25.3547,-29.7603,20.3931,-6.76474,-22.3554,1.62511,0,0,0,0,0,0,0
993,988035,317,317,-59.5601689669146,12823.483371926894,-9276.069644559477,1457417427,-30.28268167297182,88.83001050062268,17,132.8359432424262,1232.2458206809235,-42.9761,-2.34507,10.8201,20.9852,-21.5151,3.06728,-6.56975,-22.792,1.76531,0,0,0,0,0,0,0
994,990024,317,317,-87.5050690177826,13074.222379135223,-5417.085275328326,1462584520,-8.594977921341695,133.33790192233943,17,154.37295701985192,1226.8111559866284,-48.1712,-8.26694,13.3995,18.6944,-21.3675,1.34013,-8.96625,-27.8142,-6.35286,0,0,0,0,0,0,0
995,992015,318,318,-107.57065355852484,15545.496314298543,-3974.0508072903704,1467544990,-26.388753551382877,134.37014160683617,17,156.30895588781124,1279.2892749180323,-56.5018,-5.11005,3.22772,13.2294,-24.8447,7.912,-19.0339,-18.3582,-8.09111,0,0,0,0,0,0,0
996,994008,319,319,-94.5835736467053,14275.690223009036,-5329.63781922731,1472689001,-13.840768461538175,138.43269493958036,17,175.35280688984642,1251.8404826605802,-59.8155,-2.95858,-1.29223,21.1009,-34.5179,19.2837,-11.9742,-21.573,-2.83684,0,0,0,0,0,0,0
997,996003,319,319,-115.66513933175293,14181.846568430761,-803.4221117969428,1478183609,-34.748533217876854,116.4800571593724,17,170.60860292526695,1263.7978443901688,-61.2646,-1.72839,-8.56099,11.5336,-29.2921,15.9382,-14.7033,-26.3879,-1.19958,0,0,0,0,0,0,0
998,998000,320,320,-63.38844081198755,13337.712163762,-9319.617735187152,1484368664,-23.300958421334713,122.64243266045571,17,141.50562705773422,1240.6010362667116,-50.6967,1.33906,-9.84455,20.3998,-6.96622,14.5138,-11.4403,-23.4993,2.80592,0,0,0,0,0,0,0
999,999999,320,320,-58.24325880853172,14284.827221881971,-10892.550025244363,1489063574,-60.91402017219002,136.05843924291207,17,149.03409777747441,1264.2065694522087,-61.2642,3.64251,-9.03985,23.1805,0.457978,15.679,-15.6091,-17.7256,2.4354,0,0,0,0,0,0,0
1000,1002000,321,321,-66.25574151345694,13942.28699543424,-9552.46371193622,1494937212,-66.42733944812005,141.61992505093178,17,141.98100742506045,1241.5728674417496,-56.8147,-5.21673,1.57735,25.6778,-5.32841,10.5294,-25.249,-11.5095,0.078054,0,0,0,0,0,0,0
1001,1004003,322,322,-37.353100874257905,11828.29780416868,-10433.043659246194,1500970192,-65.01580084440724,137.40825714798046,17,158.88894677210072,1208.8183212814763,-47.5007,-5.99729,17.4502,25.622,-10.1147,11.8857,-24.9717,5.81001,-9.5366,0,0,0,0,0,0,0
1002,1006008,322,322,-36.75905303076388,10574.099167890918,-9222.871188172407,1506730923,-32.87977715181319,112.96155581009361,17,143.90854344845752,1146.589650552473,-45.1697,0.216738,12.1409,13.4672,-18.7925,15.1522,-17.7086,12.5977,-8.66296,0,0,0,0,0,0,0
1003,1008015,323,323,-3.617582215278901,9153.315773513992,-9140.22887242969,1513276738,-3.121165040204005,117.01485332010134,17,170.65111808244757,1137.6711169311777,-31.974,4.50941,5.16671,23.9629,-30.2997,37.8984,-24.5702,11.9794,-0.290409,0,0,0,0,0,0,0
1004,1010024,324,324,-17.03340250586689,8933.553680438274,-8643.416879511402,1519761262,21.022593591213422,79.09407420016998,18,137.31373249938588,1082.1236177709416,-22.7614,-0.360496,4.84371,11.0614,-26.0917,27.3518,-25.1856,16.8832,-2.77432,0,0,0,0,0,0,0
1005,1012035,324,324,-52.038875312957316,11554.612789886,-8846.568246048482,1524394995,3.355958485340807,120.30125086395992,18,176.74892467719587,1231.6913088019473,-36.6841,-3.99463,5.77031,12.6286,-29.7912,33.0984,-35.154,10.8577,-8.76998,0,0,0,0,0,0,0
1006,1014048,325,325,-44.08747598268559,11670.686886706477,-9726.981348182599,1530406920,-0.23485761261264315,114.88882914006143,18,186.05570725486626,1213.0691614824623,-31.5898,-10.7913,11.6026,22.5419,-32.4883,30.5469,-28.6843,6.29269,-11.5179,0,0,0,0,0,0,0
1007,1016063,326,326,-8.408073240867395,11793.841682980354,-11723.145987356564,1536455830,15.728590816235567,109.29378246010589,18,156.98528429470906,1212.5233277831126,-25.6309,-8.50935,0.601534,32.375,-29.7148,22.9129,-13.9603,18.3992,-4.88142,0,0,0,0,0,0,0
1008,1018080,326,326,3.0769099063209637,11213.80970752671,-11204.342332955095,1541803577,22.76937334663296,108.39263554294325,18,188.58384477583007,1276.3864219128009,-28.655,-6.23281,1.50072,42.0961,-40.5248,31.6431,-11.9572,20.5905,-5.38369,0,0,0,0,0,0,0
1009,1020099,327,327,42.17251767212457,12113.58634211271,-10335.06509530705,1547752123,13.379985513028998,98.65797708520171,18,220.71791625635223,1276.129131091457,-23.8143,3.1223,-6.59716,45.1766,-38.3253,49.1882,-11.6676,33.9582,-8.8683,0,0,0,0,0,0,0
1010,1022120,328,328,54.815408545734954,10820.03829268537,-7815.309278649538,1553758619,-1.3198424009241307,120.29890710164545,18,238.43896084915627,1217.164522193266,-16.9567,6.31499,11.4561,36.0722,-53.941,59.7453,-19.3115,33.0385,-1.60252,0,0,0,0,0,0,0
1011,1024143,328,328,45.29749713666911,12801.407835472104,-10749.544588625558,1558911838,13.419340538150436,151.8583666944179,18,233.08982169981937,1265.7003948279503,-25.2343,4.74323,-0.486602,41.7935,-46.3712,57.185,-20.9522,35.4719,-0.851758,0,0,0,0,0,0,0
1012,1026168,329,329,57.35019545214084,11223.62027743211,-7934.575359033354,1565284204,13.26509450406337,132.9333229717327,18,212.16011959710306,1170.7358000187564,-16.495,4.0091,2.38589,29.0257,-37.8962,63.4342,-16.6889,35.9002,-6.32482,0,0,0,0,0,0,0
1013,1028195,329,329,28.8640095077933,11155.002171474285,-10321.871126608303,1571102295,29.408242213199514,113.82602208608876,18,205.82505958344132,1208.1671231197874,-16.8909,-5.6465,18.5929,22.7329,-38.4394,43.2619,-25.5455,32.7568,-1.9582,0,0,0,0,0,0,0
1014,1030224,330,330,47.87616536374588,10707.601016440549,-8415.473806503807,1577152077,27.466146621850044,90.50244587244913,18,175.96299663039787,1195.7983278600389,-12.2699,-3.30749,17.4548,14.7845,-28.0664,46.5988,-17.0905,33.0816,-3.30913,0,0,0,0,0,0,0
1015,1032255,331,331,24.468903769759947,11492.49893268223,-10893.771680988459,1582085750,20.128544405499326,111.3534001228723,18,201.682270567353,1217.4415491031723,-23.784,-4.88999,18.8168,13.6624,-29.5005,42.8498,-18.272,37.7466,-12.1602,0,0,0,0,0,0,0
1016,1034288,331,331,9.95049796043071,13459.970386868441,-13360.957977207905,1587807497,19.0326178142638,94.87331963484797,18,206.82617789292004,1327.86917294901,-23.2812,-1.63475,20.7467,11.7864,-33.9566,40.5768,-21.9197,35.2785,-17.6457,0,0,0,0,0,0,0
1017,1036323,332,332,-20.373032147875847,12460.011364740054,-12044.950925841671,1592778782,5.0660141905602245,108.90327409932132,18,180.6161444543925,1257.650442411199,-31.9135,4.85583,37.928,-7.34913,-17.6936,15.4986,-19.777,21.839,-23.7613,0,0,0,0,0,0,0
1018,1038360,333,333,-60.71878689582428,11940.87949697274,-8254.108414872218,1598691320,-5.284398702761791,107.71154470876081,18,154.03503205549333,1299.83001310211,-33.5289,-3.81582,30.0947,-7.31709,-10.9509,-1.35445,-24.5308,16.5634,-25.879,0,0,0,0,0,0,0
1019,1040399,333,333,-92.50320469879426,12023.663186482587,-3466.820306935553,1603757796,-0.06124555092856099,122.9925694549429,18,137.66719165970363,1264.8702551755066,-45.2794,-8.40901,16.3482,-0.282153,-2.87606,-7.23733,-28.3943,6.23381,-22.607,0,0,0,0,0,0,0
1020,1042440,334,334,-51.90897180830996,12026.13780696453,-9331.596452768612,1610098353,-8.561130603374124,110.99344753216775,18,115.87487251627556,1249.763215581895,-38.0129,-7.00757,17.4999,11.734,-4.15069,0.0907398,-19.3751,2.65827,-15.3457,0,0,0,0,0,0,0
1021,1044483,335,335,-79.68673212382822,11497.401064467711,-5147.425787892955,1615516218,-27.82209857073667,95.86437665283052,18,144.7012690114529,1224.77125149901,-43.8816,-7.52772,22.6546,-10.1572,-0.802233,-2.18594,-31.8116,9.85271,-15.8278,0,0,0,0,0,0,0
1022,1046528,335,335,-76.88159375463687,11063.484294208754,-5152.704835955736,1621513464,-4.808576809637998,116.02563975521139,18,152.7214253535489,1230.2702861712746,-43.7333,-14.21,19.9624,-9.05848,-9.36444,11.4336,-23.9976,6.52392,-14.4377,0,0,0,0,0,0,0
1023,1048575,336,336,-84.167274414097,14182.892608687866,-7098.762526389959,1627089154,-1.7687456083910433,128.77384723415054,18,175.2268489395272,1248.2412524863955,-48.72,-18.6571,13.3535,-0.0434308,-13.5354,18.677,-30.327,13.4992,-18.4141,0,0,0,0,0,0,0
1024,1050624,337,337,-102.93167533318018,13914.822644803939,-3319.892857908726,1633436574,-4.732128010475947,150.18987415302666,18,131.7816829069538,1303.036138852764,-43.6899,-15.2663,4.48098,1.21872,-7.20904,2.58035,-35.3013,6.14495,-15.8901,0,0,0,0,0,0,0
1025,1052675,337,337,-138.2187632247498,19778.49234229883,-674.06583491938,1638581630,-16.667761366967454,163.50029454039958,18,163.05936618800268,1377.7175716853724,-57.7948,-18.7971,-12.06,3.21967,-9.67827,9.20063,-29.1725,-0.0102445,-23.1262,0,0,0,0,0,0,0
1026,1054728,338,338,-153.01017255213623,19458.680661106995,3953.4322433275083,1644105060,-38.14599404755188,175.9084860922154,18,168.85578529695243,1407.3647638419873,-62.8827,-17.3333,-11.8616,-2.52487,-4.34028,7.92281,-25.0496,-16.3422,-20.5984,0,0,0,0,0,0,0
1027,1056783,339,339,-131.8273446884263,20306.69164398677,-2928.2428363856125,1650012981,-50.81149967808045,197.8200162478608,18,178.36896269861649,1446.8772693777944,-62.1056,-13.7912,-16.3294,4.55942,13.3718,5.33961,-33.478,-8.04724,-21.3467,0,0,0,0,0,0,0
1028,1058840,339,339,-119.48485941420893,18265.72084661847,-3989.089217385199,1656010851,-63.245630907356826,182.31308284698298,18,165.16965851182192,1401.8970330635211,-61.3117,-25.411,-3.06536,7.80144,11.0789,3.96202,-23.2554,-7.8366,-21.4473,0,0,0,0,0,0,0
1029,1060899,340,340,-141.8548951647624,18772.487132397448,1350.3241498082862,1661091818,-79.34401005157656,165.9444476763067,18,166.57146769813312,1389.5365614786251,-70.6526,-18.7959,-1.62964,2.95737,9.40091,-0.338653,-33.3384,-12.4121,-17.0459,0,0,0,0,0,0,0
1030,1062960,341,341,-176.79174706523162,22118.63393007748,9136.687900299352,1666477202,-109.92236559784857,185.36423616328437,18,208.76127287208118,1431.1076842674818,-79.9767,-23.3427,1.78915,-12.894,14.1956,-3.61822,-33.6745,-21.8753,-17.3951,0,0,0,0,0,0,0
1031,1065023,341,341,-169.60032636196178,20211.3218642587,8552.948837825246,1673349641,-58.04458273970391,174.56689251537176,18,187.9618379105945,1453.058864204942,-68.4357,-25.8112,7.37845,-3.74215,-8.28747,1.8023,-30.4333,-20.5672,-21.5041,0,0,0,0,0,0,0
1032,1067088,342,342,-200.2591154768233,23872.756377083653,16230.956954475998,1679187701,-54.45228267461181,199.45271290036288,18,200.2591154768233,1519.6078436023272,-73.8778,-26.285,-4.29911,-16.3465,-2.59854,-4.50037,-35.6393,-14.3617,-22.3509,0,0,0,0,0,0,0
1033,1069155,343,343,-161.79657829993562,19604.347491661938,6573.78525790526,1685205301,-70.24817741614208,184.22221354632813,18,171.4058030578201,1345.3824181378425,-71.4547,-19.6806,-2.72699,-6.29556,4.80461,-7.60184,-19.4024,-16.2483,-23.1908,0,0,0,0,0,0,0
1034,1071224,343,343,-121.50779908974141,21096.155610846225,-6332.01037121326,1691977531,-52.922078295053154,163.89620828560948,18,154.59040883658304,1473.4410969233988,-60.0149,4.76204,-27.2487,9.18549,2.59378,-10.0825,-23.7446,-3.29069,-13.6678,0,0,0,0,0,0,0
1035,1073295,344,344,-130.50370621128502,20020.32790306484,-2989.110568183449,1697386154,-77.91062612091133,173.67063775701962,18,153.68398524391603,1426.2604648990723,-68.7098,-3.56066,-18.6058,7.40542,4.18472,-5.68435,-28.6337,-9.75688,-7.14268,0,0,0,0,0,0,0
1036,1075368,345,345,-125.32071174152554,18237.82270673493,-2532.541915332391,1703761311,-83.41341872941712,159.39038323032196,18,162.49154533359672,1408.77364419149,-64.3879,-5.04511,-6.14227,-5.30545,18.5854,-24.6934,-22.4004,-14.3153,-1.61633,0,0,0,0,0,0,0
1037,1077443,345,345,-156.89009937374033,16152.407772009421,8462.095509492694,1709810638,-90.15989876278803,128.71028957225343,18,199.57396342554478,1297.81483913608,-65.2007,-8.45132,-12.513,1.98932,19.3526,-31.8941,-33.1783,-17.9011,-9.09353,0,0,0,0,0,0,0
1038,1079520,346,346,-150.1009614273646,15807.18536798808,6723.113253431118,1715624439,-65.73585174445623,146.3301915923456,18,186.50942210282324,1334.1013554072613,-66.9967,-8.86289,-5.89726,13.3611,4.84317,-33.2929,-25.8389,-24.4778,-2.93866,0,0,0,0,0,0,0
1039,1081599,347,347,-98.80929313351078,13776.659616551653,-4013.3832070075932,1722520508,-43.365020069793616,132.62226218887434,18,195.38474835999375,1222.0861085764914,-53.9275,2.80375,-3.19493,24.649,19.9963,-51.9815,-20.9412,-17.0519,0.838631,0,0,0,0,0,0,0
1040,1083680,347,347,-95.41854590751689,14147.277866009716,-5042.578962904809,1728501621,-58.20681349008504,150.69625114765705,18,213.2294932901367,1312.596279430828,-53.8414,12.3087,1.40492,17.0963,28.0955,-55.9037,-31.2919,-8.66058,-4.62643,0,0,0,0,0,0,0
1041,1085763,348,348,-90.25631269853722,17009.631431619542,-8863.429449683412,1734384051,-45.64699631335009,167.10755850397857,18,204.93748311451856,1387.4944499319022,-58.8901,9.04821,8.09241,17.3704,16.9511,-49.4109,-32.0637,5.8785,-7.23218,0,0,0,0,0,0,0
1042,1087848,349,349,-103.73109067213068,16236.920937782803,-5476.781765753007,1740162203,-66.031563925282,132.327406051158,18,189.7222013764574,1324.461598484586,-65.9219,6.62607,-1.31832,14.8978,10.6163,-30.8112,-42.8442,10.8554,-5.83091,0,0,0,0,0,0,0
1043,1089935,349,349,-91.78792002985006,18149.23857664455,-9724.216313238403,1745905011,-77.596184311282,155.77776751206414,18,212.68730061326346,1401.0434616729692,-71.0884,18.2821,-18.3125,25.255,9.37815,-37.3163,-25.5203,5.71719,1.81725,0,0,0,0,0,0,0
1044,1092024,350,350,-47.283525927186076,13936.763062448179,-11701.0312383413,1753414517,-74.96763239063148,125.98741137504953,18,108.13285506873177,1293.9386043550146,-54.2381,7.93278,7.18063,8.68268,3.13423,-5.5258,-17.5084,3.49435,-0.435849,0,0,0,0,0,0,0
1045,1094115,351,351,-31.141897687296876,11947.564464978652,-10977.746673412585,1761061626,-36.71856734599987,100.19218715146462,18,130.69667050823676,1260.4205302094165,-36.5225,2.66159,19.088,0.0222251,16.7819,-18.8495,-16.7633,11.2238,-8.78403,0,0,0,0,0,0,0
1046,1096208,351,351,5.6559589509349735,10472.72182490443,-10440.73195324977,1767469541,-26.52790184376937,88.34305962231991,18,136.42352495783393,1217.0058819790042,-32.79,-0.771084,31.818,5.61913,16.626,-10.0595,-21.7632,5.62697,11.3496,0,0,0,0,0,0,0
1047,1098303,352,352,-50.4069605346927,11147.926440514815,-8607.064770168749,1773269008,-13.059791419643147,97.28261820459704,18,176.2000808856556,1186.3701299813322,-40.1922,-3.9695,31.7147,-11.1304,29.4705,-27.6634,-26.111,1.71133,-4.23705,0,0,0,0,0,0,0
1048,1100400,353,353,-35.32687011706065,10859.932700662854,-9611.944948395181,1779396077,-0.6285498048751492,114.50678290097727,18,170.4933685304697,1203.3554122155388,-43.5775,-3.32938,19.5113,-4.54921,33.8318,-21.5931,-22.8897,14.2402,-6.97115,0,0,0,0,0,0,0
1049,1102499,353,353,-50.86393611320153,10397.926874069824,-7810.786877141978,1785532519,-16.184931077162446,113.48379986443024,18,165.08124007990244,1174.2500496094465,-46.0974,-2.61116,11.3108,-6.87429,25.5662,-17.918,-24.8931,20.2316,-9.5786,0,0,0,0,0,0,0
1050,1104600,354,354,-44.79602033451209,12165.409526753676,-10158.726088943655,1791931060,11.010300328221433,126.80732291734682,18,154.24865061482473,1263.4442661417315,-46.6006,-5.89827,4.26171,-3.47331,40.4989,-25.126,-15.4731,9.96574,-2.9511,0,0,0,0,0,0,0
1051,1106703,355,355,-34.77911400581269,14178.313856187753,-12968.727085158436,1799322767,1.2221281813443738,91.29433058086522,18,161.3506229581787,1381.0403616631256,-32.2383,1.89268,7.21544,-7.98018,38.2294,-25.6536,-29.2575,15.9482,-2.93532,0,0,0,0,0,0,0
1052,1108808,355,355,9.722838635994037,13027.429479864844,-12932.895888723266,1806265049,6.797659035599281,95.44500004948873,18,175.37345097158624,1367.8902287490453,-22.8592,10.5223,18.0692,-17.3299,41.9536,-13.783,-24.1953,22.003,-4.65794,0,0,0,0,0,0,0
1053,1110915,356,356,14.180386692108584,14755.077390219853,-14553.994023482122,1811941501,-12.816770747806459,107.19784639809995,18,170.86150300283208,1341.383188921232,-30.6146,11.3859,15.0894,-9.85243,43.4926,-12.8113,-23.4099,22.553,-1.65235,0,0,0,0,0,0,0
1054,1113024,357,357,71.92700599755125,13148.006806095334,-7974.512614323561,1820460497,-5.815522891390742,70.0547942763975,18,150.15176813100214,1292.426232019072,-2.35326,18.0883,14.9326,-1.11923,54.4018,-17.4381,-18.2018,19.6293,3.98732,0,0,0,0,0,0,0
1055,1115135,357,357,79.30505642986373,13060.913010344846,-6771.621035000976,1825827525,-6.305849884194629,89.20712818807971,18,166.5703486151324,1319.763839512669,-13.2264,17.8687,23.1893,-7.7327,57.6011,-5.8527,-15.1954,24.2786,-1.6255,0,0,0,0,0,0,0
1056,1117248,358,358,52.186345052672834,12218.747331014625,-9495.332721057996,1831924297,6.238034761184338,101.68126973618183,18,180.7442559531408,1318.4151331393032,-18.0827,14.6437,22.9344,-14.9292,51.8426,-7.69777,-23.5693,26.7904,0.254286,0,0,0,0,0,0,0
1057,1119363,359,359,44.33279274143712,9820.055616634858,-7854.659104379638,1838337992,6.752523368923846,108.60300971908231,18,161.31679986342573,1210.7841678442526,-18.0735,14.4967,20.0951,-3.46852,50.5636,-2.73732,-29.4781,17.6694,-4.7345,0,0,0,0,0,0,0
1058,1121480,359,359,45.786028061202956,11897.264645670903,-9800.904280049639,1844561171,-5.260823170060178,104.56885062051725,18,142.8989897830162,1316.1772362087383,-20.0476,16.1886,22.1578,-7.75398,33.6462,8.83279,-16.1584,13.5171,-4.59651,0,0,0,0,0,0,0
1059,1123599,360,360,35.295405035303304,11416.643929864484,-10170.87831325837,1850243585,6.46080758351593,93.90442633464806,18,187.16670199052936,1260.661642179092,-28.156,19.1143,32.3079,-8.12696,37.5481,-10.6971,-19.7388,22.2608,-9.21681,0,0,0,0,0,0,0
1060,1125720,361,361,4.345395981791057,12507.653899881127,-12488.771433642562,1856808123,-12.069040251150398,84.66312123781148,19,195.69343233596567,1309.521332865713,-30.2477,12.8788,25.3559,-21.4275,34.445,-12.7265,-21.3227,27.3398,-9.94958,0,0,0,0,0,0,0
1061,1127843,361,361,34.47665452495386,13915.72506841937,-12727.085361186348,1863735980,-26.4367664511567,98.71837725403952,19,158.89411698285477,1368.0080581965085,-24.4738,17.7213,24.4902,-25.7252,21.1416,11.0212,-12.0097,21.5143,0.79678,0,0,0,0,0,0,0
1062,1129968,362,362,25.867007731808314,16660.377857979038,-15991.275768981606,1870835889,-37.39916651872454,84.59603737687144,19,122.37843638158739,1397.947847914997,-18.6832,18.5585,17.611,-19.0341,20.0323,0.885212,-7.48656,17.0357,-3.05186,0,0,0,0,0,0,0
1063,1132095,363,363,63.10439886172833,14076.368001165469,-10094.20284546537,1877232398,-16.42291537121389,89.48903108376942,19,120.40761039123106,1395.8367008079535,-19.0268,15.4735,23.897,-7.33457,22.9273,7.74573,7.49782,14.2146,-2.29022,0,0,0,0,0,0,0
1064,1134224,364,364,81.7845401614324,12654.913448275964,-5966.202438859014,1884291312,-7.330386534678837,71.60702804944572,19,139.4542524416376,1293.9537323556165,-12.3538,13.2276,35.0043,-16.4811,30.8896,3.39839,14.8031,11.0771,2.21922,0,0,0,0,0,0,0
1065,1136355,364,364,94.8580761991268,12540.277105856501,-3542.2224856571556,1891121895,-34.9397060151266,66.5625595218271,19,119.03912538245345,1260.3874822704684,-7.81503,12.2153,45.2755,-3.887,23.4896,6.94891,13.8554,5.16389,-0.388495,0,0,0,0,0,0,0
1066,1138488,365,365,77.86378046884539,13220.818799632909,-7158.05049073236,1897071034,-7.380018571098105,76.18040250385144,19,139.93647329212303,1370.159177145415,-15.2596,16.0419,38.4535,-7.9491,30.5613,-2.18998,23.7327,0.110747,-5.63768,0,0,0,0,0,0,0
1067,1140623,366,366,55.81485977467088,11425.140724695477,-8309.842153029304,1903245473,-22.178445756736835,79.30166742752209,19,132.82793048838658,1298.259939409726,-19.8384,18.9465,34.8797,-11.2717,19.247,-1.24675,20.145,-6.14974,1.10319,0,0,0,0,0,0,0
1068,1142760,366,366,39.67388615391519,11108.196364951185,-9534.179122397361,1909000063,-58.03785686921805,93.27465201941237,19,138.01166427482758,1188.5343550693715,-31.4005,21.8457,23.0407,0.563295,-5.69932,26.5996,13.6599,-12.0691,3.13357,0,0,0,0,0,0,0
1069,1144899,367,367,40.13691504112012,13874.830434494155,-12263.858485476061,1915480370,-11.360052310326466,113.98936173580074,19,146.03625405588787,1375.3907937852487,-34.0968,13.8228,23.3711,4.4011,1.16698,31.4393,17.7401,-18.8529,1.14521,0,0,0,0,0,0,0
1070,1147040,368,368,34.273589650416284,14881.04304607601,-13706.364098550888,1921262347,-40.56660484482262,109.0354233644079,19,172.21375792257197,1357.6451982934927,-42.7765,24.639,9.68488,13.1426,7.03213,24.4848,24.2602,-19.3502,-6.84339,0,0,0,0,0,0,0
1071,1149183,368,368,14.335773544692074,16445.706389938634,-16240.191986813941,1928101140,-15.2396405901722,134.82538423775378,19,164.52540813257383,1399.289576886056,-42.5903,20.6886,7.16909,18.9758,6.27737,23.7473,12.5723,-23.163,-9.34155,0,0,0,0,0,0,0
1072,1151328,369,369,16.541360325928338,18352.779441496637,-18079.16284006444,1935792423,27.909289248366804,159.37925536688715,19,162.47740466811427,1410.8108555313665,-31.3874,10.5774,13.3872,19.9641,12.7511,30.0774,2.75228,-25.9818,-15.5987,0,0,0,0,0,0,0
1073,1153475,370,370,-18.744929128814988,19363.53261349755,-19012.160245453255,1941886084,41.00062161890469,161.9643094127582,19,160.15254867930446,1409.9795808874924,-40.3187,-0.456027,13.9366,28.6963,1.88958,16.8111,9.37016,-35.5825,-13.0915,0,0,0,0,0,0,0
1074,1155624,370,370,-51.47428795039508,18238.229889946182,-15588.627569945995,1948353945,23.51456845277147,163.84943480282658,19,152.18077175841648,1409.0717395235292,-43.2334,-2.49475,20.2274,20.7702,-0.252147,9.35563,-1.75875,-43.7254,-10.3631,0,0,0,0,0,0,0
1075,1157775,371,371,-10.174405682324505,16677.3434176257,-16573.824886637183,1955643228,0.30603356817312033,128.91044079681194,19,168.25705714830792,1430.899525051125,-34.2821,8.54432,13.8472,27.4943,-5.21178,18.3006,10.8549,-43.7686,-5.95323,0,0,0,0,0,0,0
1076,1159928,372,372,8.199095053154451,18416.48421992139,-18349.25906023073,1962391187,33.42762591592896,149.31765005751254,19,151.13684514310398,1481.976376040997,-35.3142,0.42263,14.2056,33.6394,-4.08297,24.2404,7.15996,-31.1346,-0.937054,0,0,0,0,0,0,0
1077,1162083,372,372,50.93603430896417,15814.15160000186,-13219.672008877886,1969829470,23.5776423773342,131.2731659592779,19,153.8406816262867,1395.7851362436268,-24.4804,8.53416,17.6466,31.4405,12.6618,29.2636,1.55109,-26.9719,1.29059,0,0,0,0,0,0,0
1078,1164240,373,373,85.92536534089226,17216.380174032103,-9833.211765066295,1977552745,25.898155398397932,111.19798697044138,19,157.51046421922007,1422.6342339510904,-10.63,21.485,21.2395,33.3156,4.79038,32.5031,8.38426,-23.4507,-1.71192,0,0,0,0,0,0,0
1079,1166399,374,374,83.67360954164417,17443.230945381238,-10441.95801165371,1984037190,17.133248801802722,110.06627385580788,19,179.2820257191364,1392.1580629940904,-14.9135,21.5135,25.8353,25.4607,-10.1818,42.6407,10.3609,-22.7089,5.66668,0,0,0,0,0,0,0
1080,1168560,375,375,91.5429395103252,17211.467652151405,-8831.357877960347,1991273081,26.346959993483495,106.46696285077991,19,153.27264087966745,1395.2870998970757,-10.1805,18.5368,32.3304,28.324,-3.16323,39.4665,3.75011,-13.4155,-4.1056,0,0,0,0,0,0,0
1081,1170723,375,375,84.21317807430427,11101.831050474006,-4009.971689099525,1998249845,-10.850628073154496,99.57745644108508,19,133.94010624284334,1284.4135637821075,-9.58145,10.6378,30.9115,20.2782,16.8498,26.6833,3.71603,-8.55248,-6.72953,0,0,0,0,0,0,0
1082,1172888,376,376,64.35506717615675,10037.949321634655,-5896.374650387006,2004246576,-36.79174314922369,113.40038990223712,19,137.57874756133884,1197.0421824394334,-19.9658,8.57818,28.4783,17.5734,18.8782,24.0251,3.43373,-14.5073,-2.13871,0,0,0,0,0,0,0
1083,1175055,377,377,50.13165048427459,11558.974926638663,-9045.792546361194,2010328784,-16.580692413217946,155.8606336442444,19,143.75067356929048,1270.7799186210418,-31.4841,1.75158,27.2937,11.3474,29.7993,14.0416,6.71743,-15.3254,5.99006,0,0,0,0,0,0,0
1084,1177224,377,377,63.16733911473415,12541.368808392988,-8551.256077557166,2016923483,-27.998550920187142,146.10126056504026,19,171.09238913213136,1319.6150651628104,-33.9858,-8.23561,42.6818,5.54183,32.6177,14.9572,21.3313,-10.008,-1.73317,0,0,0,0,0,0,0
1085,1179395,378,378,103.6122457837011,11779.373746766563,-1043.8762704244764,2025130473,-26.78198535487536,115.29601719418633,19,167.14529565655192,1283.3978823309499,-19.6214,-12.1451,48.5647,11.4766,31.9036,13.6815,23.8206,2.5788,3.35306,0,0,0,0,0,0,0
1086,1181568,379,379,144.70038512310475,13701.521149651882,7236.680305122954,2033446926,9.91180514710993,106.86712488364844,19,185.30104729825598,1364.9280073213854,-3.24045,-17.0599,54.1063,8.6628,44.8162,8.59713,34.8996,2.55874,11.3599,0,0,0,0,0,0,0
1087,1183743,379,379,183.11932550477582,15518.241490666232,18014.445882657805,2040763199,-11.533823825046,96.94379276362184,19,220.91331715213823,1385.6644953057928,2.00661,-18.897,55.9786,25.6811,43.2041,17.4333,33.406,11.0832,13.2233,0,0,0,0,0,0,0
1088,1185920,380,380,182.86027368834488,16665.195441036063,16772.684252340332,2048533480,-30.119370776260553,121.053817248874,19,232.64946207905172,1413.1108835310188,10.2703,-24.8946,53.6685,19.7685,55.8188,11.6301,32.6716,13.3586,10.5685,0,0,0,0,0,0,0
1089,1188099,381,381,210.54543775715268,16867.059511618303,27462.321848732754,2055129672,-25.270324440983018,89.13759890286713,19,231.8641668927898,1502.2510077154107,9.40005,-10.6594,53.3623,24.0317,49.9105,13.5472,34.8517,14.4131,21.6883,0,0,0,0,0,0,0
1090,1190280,381,381,162.55649842777416,16301.036032212804,10123.57914888614,2061390342,-29.468703524960347,90.28838808566047,19,202.63282571372906,1433.9469397630205,-0.453582,-19.5846,61.2055,17.1139,40.1894,14.1639,40.3453,3.25438,6.32219,0,0,0,0,0,0,0
1091,1192463,382,382,208.45756994436454,14021.327385250486,29433.231081859143,2068863486,15.964219731204025,98.3352066565086,19,233.32191944807494,1378.3748222301156,5.55895,-12.4322,57.0516,20.2001,40.3678,19.0769,46.054,15.8839,16.6964,0,0,0,0,0,0,0
1092,1194648,383,383,184.70975717968258,16855.14890380284,17262.54549357446,2075937542,-24.698843660848638,102.0919938308092,19,221.2798296093083,1472.1665055659155,5.58806,-18.285,68.7995,10.5266,32.4516,5.09024,49.4297,14.0717,17.0375,0,0,0,0,0,0,0
1093,1196835,384,384,137.68494893125666,16537.024840196467,2420.1203220062853,2082644127,-40.08975399010052,93.07855466140296,19,207.1034029042916,1458.6574980620346,0.483358,-23.0603,76.7117,0.597291,33.4295,-10.9133,45.5041,-0.735633,15.6683,0,0,0,0,0,0,0
1094,1199024,384,384,172.4361108228366,14481.114097528953,15253.098218176638,2089869368,-20.771564510809696,95.47934401285858,19,220.42795951931095,1429.9236728829987,3.39523,-23.9959,77.5311,9.92157,33.6049,2.09737,44.0003,10.9757,14.906,0,0,0,0,0,0,0
1095,1201215,385,385,163.6937056921758,15292.71272304401,11502.916560192658,2097006812,16.15639997856863,95.64666203229979,19,247.49676192902888,1412.2366211329334,3.17332,-27.6989,82.5965,-3.01349,49.8701,-11.1891,53.8028,10.9099,5.24263,0,0,0,0,0,0,0
1096,1203408,386,386,165.4332643072254,17229.333216841133,10138.83172250316,2103370567,-27.186814749015525,92.26580942827684,19,274.6215687509954,1427.5761793670513,-5.03202,-15.5622,72.3183,-7.70484,67.9322,-26.2951,50.2867,21.1152,8.37502,0,0,0,0,0,0,0
1097,1205603,386,386,114.83158171027821,15757.615500290569,-2571.323342206266,2108679226,-12.673153922324445,134.84105676231502,19,273.63610311702337,1425.831919926785,-25.3711,-8.34793,67.3703,-12.4777,66.8133,-33.2056,50.567,9.28094,0.20224,0,0,0,0,0,0,0
1098,1207800,387,387,105.06258690594626,12779.695653347035,-1741.5484859775243,2115944899,4.288575648728056,120.48191928027927,19,224.04865324968836,1351.3394979445413,-24.6936,-7.13892,58.2431,-7.17414,45.4405,-20.4863,55.8425,0.677661,4.35177,0,0,0,0,0,0,0
1099,1209999,388,388,81.15490092895374,12619.350339721095,-6033.232394932799,2122143644,8.180103442064421,159.68971197472973,19,242.33688969281405,1315.572310217395,-37.1499,-14.8524,61.3676,-2.9534,36.4092,-15.4966,49.8968,-10.1387,14.0723,0,0,0,0,0,0,0
1100,1212200,389,389,136.3637276181633,12594.533802213235,6000.5324077073965,2129399212,37.84316003075037,152.43801735544662,19,263.74572181781656,1322.1050793733277,-31.5896,-5.72606,73.3077,3.5111,40.4652,-8.60179,64.5967,-17.7736,18.174,0,0,0,0,0,0,0
1101,1214403,389,389,132.57322902252565,16395.900456243,1179.7605972160381,2137183693,70.82706340714634,139.75785312100453,19,244.57092630650357,1442.4291944127717,-24.1629,3.6327,80.3347,-8.37098,22.6125,0.585863,58.8621,-23.4649,22.5443,0,0,0,0,0,0,0
1102,1216608,390,390,139.06906171199046,15085.77300375846,4254.43092169495,2144934825,77.5233856060712,127.62881234719669,19,214.17187473735237,1387.2073201518267,-17.7198,5.8313,76.3473,-5.91296,26.9394,-1.62324,49.3535,-12.2954,18.149,0,0,0,0,0,0,0
1103,1218815,391,391,136.10629862919535,13675.683784014136,4849.240742525568,2151830992,31.172498462979547,119.18259056882675,19,210.8375941960639,1373.547248501919,-22.4103,7.10739,64.6069,-1.6237,26.3729,13.1857,44.8322,-13.3317,17.3669,0,0,0,0,0,0,0
1104,1221024,391,391,166.89757495069966,15592.89122058604,12261.909303838373,2159354287,8.852833230625379,108.7687238867203,19,225.5408948497984,1408.125639887125,-16.0842,19.3782,68.5243,-6.2674,13.0417,22.5552,48.6188,-6.97005,24.1009,0,0,0,0,0,0,0
1105,1223235,392,392,117.19307955365798,16715.57869390542,-2981.360798635411,2166215756,5.497904972584706,109.87417714897367,19,210.61298050355185,1444.7792182747955,-22.8918,20.7265,59.6865,-13.8185,16.4575,11.3435,36.4811,-9.99971,19.208,0,0,0,0,0,0,0
1106,1225448,393,393,91.45264340904157,16006.003675692587,-7642.417689191272,2173146355,41.04435937392731,111.39828098921004,19,163.0161603835062,1462.0904357667532,-27.6828,12.9148,58.8388,-2.37956,16.6864,6.42995,31.2751,-5.71938,1.08943,0,0,0,0,0,0,0
1107,1227663,393,393,119.00580810648808,17686.94363566219,-3524.561272583929,2179560570,10.239017454393604,113.07988912006834,19,220.8522925549646,1385.7950975904805,-34.6074,20.3352,67.0733,-5.19689,30.0121,0.413215,35.6342,-11.1189,16.461,0,0,0,0,0,0,0
1108,1229880,394,394,128.57417843432148,15915.244272959808,616.0750871009295,2187361729,-30.380426537761025,121.73079951647827,19,194.80067337524696,1402.5414349421758,-30.5156,15.5957,62.2088,-2.59769,17.3255,20.2116,19.0148,4.38944,22.9416,0,0,0,0,0,0,0
1109,1232099,395,395,158.39809253458054,16178.955358159528,8911.000360434013,2195557767,-37.58459926799475,121.05881119149404,19,201.5125201655884,1422.9630036515937,-21.5572,7.93354,61.43,5.82974,21.3519,29.4798,22.7981,0.336084,30.7961,0,0,0,0,0,0,0
1110,1234320,396,396,85.700864053506,19150.279937768762,-11805.641838251246,2199839325,-59.72097752289005,135.17776543032824,19,204.5386528679083,1482.1096936209533,-55.5824,12.2662,59.6357,-3.83652,16.8472,22.164,21.851,0.0606652,12.295,0,0,0,0,0,0,0
1111,1236543,396,396,14.317270364276226,19169.163279490538,-18964.179048806756,2206241893,-63.73829018034775,138.69814491042354,19,185.1714383497271,1474.292331079727,-68.741,2.67619,51.0097,-5.32636,-1.92787,23.252,13.1135,-9.43181,9.69295,0,0,0,0,0,0,0
1112,1238768,397,397,38.03478917293023,18841.362884424656,-17394.717696995405,2214333344,-63.06290771416644,129.25726465169913,19,175.60161910076022,1418.8507589529058,-58.8832,11.9263,55.1193,-9.74799,9.45935,10.0225,17.0103,-0.15221,3.28051,0,0,0,0,0,0,0
1113,1240995,398,398,59.2389231240702,23354.452124038664,-19845.202111139166,2221886583,-60.60634417228664,142.1267779893177,19,192.40352250643195,1530.6072712409127,-58.1589,14.4084,50.5593,-7.33739,7.38741,15.4798,20.9557,-1.08604,17.0305,0,0,0,0,0,0,0
1114,1243224,398,398,42.16361255789815,25562.75534825042,-23784.98512431787,2229237521,-41.4634476805395,127.69984243258205,19,176.3502381555292,1607.3333296348223,-59.418,12.7307,52.7413,-7.67527,7.78583,12.1691,5.95041,4.95926,12.9203,0,0,0,0,0,0,0
1115,1245455,399,399,32.99376938030679,26213.748052590974,-25125.159234670104,2236542139,-64.44428115110458,147.9960623728976,19,189.15948161371404,1606.1697850933404,-60.8107,1.13028,67.3331,-17.2722,14.0746,8.14291,7.20253,1.68561,11.5076,0,0,0,0,0,0,0
1116,1247688,400,400,71.4510069634776,23792.206846230598,-18686.960450135673,2245557393,-47.49571650357149,159.1985318075528,20,209.85222150691658,1569.9974600395994,-44.1868,-3.47534,74.5006,-21.5385,22.2743,21.2962,13.9902,0.962846,7.62749,0,0,0,0,0,0,0
1117,1249923,401,401,85.40892251779587,19308.161832470105,-12013.477786819247,2253531027,-36.690955716563565,155.7869727392977,20,175.27886228431817,1549.2229049184443,-37.6964,-2.00364,62.9146,-5.23496,21.6554,11.267,19.6605,6.45918,8.38719,0,0,0,0,0,0,0
1118,1252160,401,401,110.46666136236638,16688.081310854584,-4485.198038306855,2260455303,-55.868252539467505,147.70762387287988,20,195.1277096432574,1421.5781664500369,-41.1895,6.30828,60.397,6.40725,16.8442,20.5275,35.7139,-1.14106,6.59905,0,0,0,0,0,0,0
1119,1254399,402,402,112.974400737459,17527.917026786574,-4764.701804798595,2267617802,-56.21829049265233,136.14134711071728,20,204.6062682009703,1438.5161977145146,-45.8159,2.85205,60.8006,1.13975,33.602,17.0152,30.3968,5.13333,7.85065,0,0,0,0,0,0,0
1120,1256640,403,403,89.32841189181448,16504.870310419567,-8525.305139305903,2275653433,-43.211685312516806,119.24881337153772,20,172.18031280969984,1463.0136031852699,-41.426,4.23606,45.2685,2.59232,33.5036,3.25737,29.638,3.30584,8.95256,0,0,0,0,0,0,0
1121,1258883,404,404,125.81520687400217,13430.778768371665,2398.6875123762984,2285706669,0.3204897341697688,90.44407414928389,20,175.70198685361385,1381.9508081920467,-14.1693,0.697375,56.7393,-10.7741,31.0583,11.6164,34.2118,4.23359,12.2019,0,0,0,0,0,0,0
1122,1261128,404,404,163.92010241673842,14627.889969726613,12241.910006587397,2293141198,14.566923924866387,109.79933568757087,20,199.13273989072576,1385.4952611014573,-13.8962,0.153462,58.1968,1.02019,47.4278,9.38501,45.5651,-3.71008,19.7781,0,0,0,0,0,0,0
1123,1263375,405,405,195.55649302352987,14196.847788780475,24045.49417488141,2300581765,21.04025757251327,92.07072264369356,20,223.06943218541284,1388.146651565987,-13.7565,1.68681,62.9006,1.47294,47.7972,18.4427,42.4448,11.0049,23.563,0,0,0,0,0,0,0
1124,1265624,406,406,204.5140222223185,13256.61793086243,28569.36735468855,2307728822,11.601089340893793,97.7250528320248,20,239.71454897210646,1343.5723710243599,-17.6003,6.06051,54.2622,13.3441,42.3457,18.4001,55.6027,7.95282,24.146,0,0,0,0,0,0,0
1125,1267875,406,406,205.86000789013838,13495.353497899629,28882.989350628206,2315987860,5.854468153984783,85.25093281958954,20,230.11865088561285,1377.3615111721379,-8.57734,12.6659,58.9515,20.8673,29.4219,13.6476,60.0549,-3.55198,22.3803,0,0,0,0,0,0,0
1126,1270128,407,407,178.70603797187988,14717.694547088657,17218.153460518315,2323202887,-18.54986241133963,87.20437927824901,20,209.78201877777366,1450.291330611773,-15.538,7.11161,59.3832,9.72979,29.7807,11.704,54.9404,6.37982,15.2144,0,0,0,0,0,0,0
1127,1272383,408,408,179.81937012472264,15407.079254049833,16927.92661800216,2332079844,-15.340487704191617,85.00120845256373,20,185.08315400814246,1409.629046544695,-2.63189,5.63458,54.2262,9.33895,32.6004,9.37063,55.8801,4.66794,10.7325,0,0,0,0,0,0,0
1128,1274640,409,409,146.355913386084,14478.931128734988,6941.122254339938,2339344658,-18.67064958455819,89.1797778790949,20,170.5567007573277,1365.2639693219885,-8.70937,7.15234,42.7238,6.10089,29.8565,-3.39103,61.5349,7.13277,3.95515,0,0,0,0,0,0,0
1129,1276899,409,409,144.8811231972693,15663.383898585747,5327.155960316573,2346734426,-15.370294033296034,120.32649744595682,20,173.35917296179537,1476.693437099752,-12.9201,13.7473,27.3894,14.8672,47.1996,0.0369865,47.7785,8.10122,-1.31896,0,0,0,0,0,0,0
1130,1279160,410,410,166.2554828374984,12602.25384772885,15038.631725800871,2354785203,-22.636243786190676,93.43123947393667,20,180.48418235189337,1359.544588985584,-7.11435,25.1827,33.1211,7.62573,31.6431,13.9011,29.6592,26.6981,5.53878,0,0,0,0,0,0,0
1131,1281423,411,411,182.49833215380562,14785.357127682802,18520.28411123796,2362352285,-30.921768827156768,103.41156662411362,20,201.38197908159412,1416.655102935043,-9.44182,30.8496,22.8566,1.38595,38.0798,12.9381,42.0018,28.3194,15.5089,0,0,0,0,0,0,0
1132,1283688,411,411,171.98817091010955,14370.754208289181,15209.176724715871,2370805789,3.868334712215187,80.24355041944125,20,175.4939470110325,1459.8901872230686,-1.75289,29.3571,22.4935,11.2158,23.4137,10.3734,32.252,39.2654,5.37016,0,0,0,0,0,0,0
1133,1285955,412,412,218.13375177381369,14756.794169882476,32825.539493037286,2379208342,11.84535523218483,64.93651874525654,20,218.13375177381369,1426.273606141084,6.80289,30.9417,31.2938,14.0499,22.9329,15.1175,32.3296,44.2937,20.3717,0,0,0,0,0,0,0
1134,1288224,413,413,239.2569154701651,13155.76765102357,44088.103949274155,2388433716,-4.601546445016652,90.7609303262767,20,239.2569154701651,1350.7005248856656,23.3751,35.5211,36.0029,5.87422,21.0812,22.6471,23.462,52.1058,19.1875,0,0,0,0,0,0,0
1135,1290495,414,414,193.39294798200353,13236.008503828236,24164.823825341693,2395390871,-19.312881364292082,99.90132852080586,20,193.39294798200353,1362.9339953435428,11.8141,25.1776,31.9556,4.52996,8.8841,33.304,22.2387,35.2765,20.2124,0,0,0,0,0,0,0
1136,1292768,414,414,176.30128919738792,11811.90191234345,19270.242660317563,2402402790,-7.429403138028931,49.526570701471144,20,183.71291783808493,1330.9917882967482,2.26955,21.6747,32.6492,7.59999,-3.70581,43.5215,13.9935,43.1234,15.1751,0,0,0,0,0,0,0
1137,1295043,415,415,170.77027124682115,13604.47940496357,15558.006136749302,2409356353,6.937613207810898,58.78973659068089,20,205.98161939705585,1380.218600722794,-8.4081,18.4031,28.5072,18.3285,-9.19757,51.5586,24.3361,33.8303,13.4121,0,0,0,0,0,0,0
1138,1297320,416,416,161.5315406453987,11839.328265843411,14253.110357432684,2417692043,23.245150723706388,61.448306331458184,20,171.6702913013391,1287.059922350682,-5.06938,7.97222,25.351,23.3083,3.31817,39.6965,27.6791,24.6383,14.6373,0,0,0,0,0,0,0
1139,1299599,417,417,135.58963949269656,10282.470825863162,8102.079511896256,2424222545,-29.747075626085405,95.25389963200786,20,175.31706490900234,1273.9353139938075,-19.8637,12.6184,5.3625,41.2909,5.72854,38.8264,23.1198,21.2467,7.26012,0,0,0,0,0,0,0
1140,1301880,417,417,140.80417118253797,13163.910377383543,6661.904245017913,2433387484,5.967264651353844,80.29109356029335,20,161.0687372574838,1408.8378525693827,-5.64167,14.2594,12.1095,32.083,-4.49061,45.7621,20.8902,18.088,7.74432,0,0,0,0,0,0,0
1141,1304163,418,418,169.96608503030615,13239.56667634834,15648.90338418092,2442110643,25.60920888867389,81.29867240647917,20,169.96608503030615,1386.9272658594214,2.44733,13.9774,9.10652,26.0508,1.63433,64.0797,24.2296,10.2278,18.2125,0,0,0,0,0,0,0
1142,1306448,419,419,131.87390681731347,12859.530004347464,4531.197294914011,2448985432,-15.363933581473077,87.55894375120016,20,148.76849507690065,1381.7309670511902,-8.44729,5.53624,14.007,36.1825,4.31703,52.1142,11.8799,3.94414,12.3402,0,0,0,0,0,0,0
1143,1308735,420,420,120.74357703896567,11486.23977219496,3092.7716239696765,2456542444,-0.6739774794983759,98.8112917216198,20,149.693424669249,1297.241004040945,-14.4749,0.326137,13.154,33.8005,16.0932,37.1445,22.3275,11.4286,0.944011,0,0,0,0,0,0,0
1144,1311024,420,420,108.82643468221335,11864.432530409891,-21.239644767843856,2464539781,5.329668972673744,106.07185462250595,20,137.7988193306109,1382.350775549332,-14.4862,8.95682,5.95993,26.0921,5.4823,48.5562,7.54829,14.924,5.79302,0,0,0,0,0,0,0
1145,1313315,421,421,105.95688247179629,12716.229686385148,-1489.368743243096,2472769202,2.7906675983567197,91.81916468189348,20,131.38204063972665,1405.382324888757,-10.6304,11.6645,8.09147,32.955,1.78837,54.8588,9.3112,-1.59449,-0.487653,0,0,0,0,0,0,0
1146,1315608,422,422,120.57852272864613,17108.39907134979,-2569.218927927159,2480290944,-46.520010006821735,97.38859233993855,20,191.8302615334993,1531.517321746275,-13.7583,17.3671,21.0496,30.9817,-10.5387,66.698,10.7451,-11.3288,9.36281,0,0,0,0,0,0,0
1147,1317903,422,422,167.36967671980426,15232.661361842109,12779.947323449678,2488506879,-23.507868179621198,73.96922047589572,20,198.38521069258184,1416.6670212378906,-10.0192,21.1466,24.1708,34.0138,-3.87223,59.8103,22.2821,-1.61638,21.4538,0,0,0,0,0,0,0
1148,1320200,423,423,128.04574457443147,13576.842374387841,2818.8703292327045,2496079427,-12.746578264508798,82.46611980813736,20,196.10386656129782,1371.6036113413554,-14.2636,20.7671,15.276,42.0264,-7.30408,55.0238,19.0348,-12.4613,9.94682,0,0,0,0,0,0,0
1149,1322499,424,424,133.388352823716,13757.253311438944,4035.1993575851957,2504285409,-14.474561596878857,79.31383008924422,20,213.4264201446623,1366.9561871747756,-14.641,15.6184,6.30273,44.1284,-9.83162,66.5251,23.2706,-15.5464,17.5621,0,0,0,0,0,0,0
1150,1324800,425,425,148.5789420205519,16159.584689496909,5916.117322449611,2513610881,8.339321802718246,87.48870968303493,20,180.80595027862586,1489.0499699120244,-2.00209,17.3106,11.4777,34.1367,-3.17521,56.5403,25.8087,-10.9362,19.4184,0,0,0,0,0,0,0
1151,1327103,425,425,157.6931865954121,17186.54396756784,7680.59713104762,2522188305,-19.675336506443614,71.36386477438612,20,207.39057002158057,1481.3436280163016,2.50398,18.0799,5.73775,33.1493,-13.4159,66.2778,32.7777,-11.4327,24.0155,0,0,0,0,0,0,0
1152,1329408,426,426,86.19120668360137,21808.383193268703,-14379.459083693415,2528354130,-65.65800706315929,108.13060395451396,20,184.44490555522788,1691.4666166810148,-19.9736,15.8439,-11.264,28.487,-15.1421,57.7649,24.095,-2.74711,9.12729,0,0,0,0,0,0,0
1153,1331715,427,427,64.88653745346988,16982.62892256868,-12772.366179868131,2536294829,-46.80791458541211,106.44252270534099,20,139.4656460199754,1489.4047062288569,-23.5841,0.684914,-0.938261,27.485,-4.40077,46.775,21.6381,-8.36644,5.59313,0,0,0,0,0,0,0
1154,1334024,428,428,88.64251413482697,18554.589110302644,-10697.093798159645,2544730186,-28.041016800517014,116.9553285996102,20,129.58810636456639,1585.4362022028702,-19.1782,1.36693,1.13099,37.7355,16.3393,29.3685,23.1673,0.00675513,-1.29457,0,0,0,0,0,0,0
1155,1336335,428,428,63.72807700877138,15795.091451593402,-11733.823652357507,2552389859,-14.038295883890783,114.43888655394892,20,121.05361139700972,1472.4095647490326,-25.9052,3.27966,-0.391361,32.8122,-0.194053,40.1858,10.8204,-2.17218,5.29279,0,0,0,0,0,0,0
1156,1338648,429,429,90.06813836415103,13665.143203393482,-5552.873655009628,2561611793,8.27530347689003,75.75416370199355,20,134.49348827539797,1310.4858393566788,-15.6158,7.03344,-1.33642,28.0461,7.81189,51.9046,8.45321,-5.26044,9.03158,0,0,0,0,0,0,0
1157,1340963,430,430,145.0012721188122,13896.958212703928,7128.4107033699,2570492455,-1.7062511346430256,64.88282439318982,20,182.06293739873507,1445.5856666048985,-6.45924,15.8641,-7.9542,36.1123,24.1668,46.8766,29.7827,-4.11739,10.7296,0,0,0,0,0,0,0
1158,1343280,431,431,152.33122336351335,13764.940716320936,9439.860895103659,2578600800,-18.397146911861284,74.5331157589199,20,182.14655336992655,1380.0275074807323,-6.28636,17.6897,0.332722,38.3401,26.9937,38.6895,25.7384,-8.6213,19.4547,0,0,0,0,0,0,0
1159,1345599,431,431,139.45064406749168,14659.608962578073,4786.873168260179,2586650399,-30.130700304613242,78.9560038095816,20,193.68310848580643,1378.4843700642966,-9.24624,19.5921,-11.2954,43.5723,38.7238,25.9875,30.2695,-6.5746,8.42166,0,0,0,0,0,0,0
1160,1347920,432,432,84.87551933694783,16887.312265888264,-9683.458483171658,2593909656,-41.60844053240237,111.72860972946171,20,214.22564844807914,1550.7879560501933,-21.1898,23.3356,-27.9416,45.7873,25.3456,25.3753,20.6868,-15.5436,9.02002,0,0,0,0,0,0,0
1161,1350243,433,433,69.43496795402359,16763.227182781447,-11942.012408005165,2601006856,-44.47706543421236,103.8290119087385,20,214.28034615270133,1484.6641911299969,-33.2661,24.3097,-32.6662,53.0066,29.9705,14.6572,12.3284,-6.49032,7.58524,0,0,0,0,0,0,0
1162,1352568,434,434,64.33193951509253,18944.2752780738,-14805.676836300278,2610017432,-26.229505180955982,118.91203511633984,20,200.62140136694194,1578.9981938379062,-28.3261,9.12501,-32.2406,60.3016,25.6966,16.8561,15.0628,-7.578,5.43458,0,0,0,0,0,0,0
1163,1354895,434,434,92.09370384119211,18030.98965519866,-9549.739368009457,2618195511,-22.074938893318688,105.566665573987,20,230.92669711671556,1554.7886784760576,-28.5189,20.0171,-38.6523,61.5154,35.3152,22.9451,16.4875,5.22988,-2.24535,0,0,0,0,0,0,0
1164,1357224,435,435,106.94695228756098,18661.77897111178,-7224.128367513937,2628330859,26.13815118784794,87.20771060197205,20,205.14359736805852,1501.2454506807658,-10.6953,12.9041,-38.403,69.9705,45.8393,0.427838,18.1147,3.05048,5.73827,0,0,0,0,0,0,0
1165,1359555,436,436,57.29151585567979,16693.914376780136,-13411.596587738528,2635161295,7.143246607527715,110.15127718965886,20,213.56636601229138,1390.9621945682811,-26.0044,20.8679,-30.8291,53.0832,44.7272,-19.4901,16.7506,-1.6904,-0.123429,0,0,0,0,0,0,0
1166,1361888,437,437,41.80956797673866,15606.028272470894,-13857.988298069364,2643161105,3.3401267292530292,112.30883099741084,20,220.4132946306106,1458.2336339154808,-30.2972,19.673,-23.4291,44.6179,41.3367,-17.1972,25.4838,-17.9903,-0.388066,0,0,0,0,0,0,0
1167,1364223,437,437,56.34580319280275,15710.640697105111,-12535.791159663051,2651523167,-0.21227850689297156,104.5043553941,20,203.39783597541026,1538.3614634320609,-29.7227,25.7084,-21.7833,47.8138,35.4211,-3.29483,14.3871,-18.7252,6.54149,0,0,0,0,0,0,0
1168,1366560,438,438,48.324388454740415,17634.2288195471,-15298.982300022453,2659979700,-16.493469675977337,100.15621351014369,20,224.34690458153307,1502.7438225136789,-28.1318,21.5851,-13.3997,47.1628,45.7423,-27.5482,11.2198,-18.9315,10.6257,0,0,0,0,0,0,0
1169,1368899,439,439,75.81288734309965,18404.072625701672,-12656.478738404154,2668445956,-57.82071774661995,106.24333669950715,20,233.39889892905944,1537.219576964444,-27.6736,24.5386,-11.7671,47.6018,53.7137,-20.5646,16.0552,-18.7876,12.6965,0,0,0,0,0,0,0
1170,1371240,440,440,80.18451078150349,16024.902498539679,-9595.34672927063,2677140802,-47.6125026469777,88.71529275030008,20,233.07816084662966,1424.772976838548,-25.1992,23.487,-16.2319,58.0328,50.4116,-19.2766,18.6887,-15.7392,6.01114,0,0,0,0,0,0,0
1171,1373583,440,440,90.08952155038361,18372.718047975814,-10256.59615479878,2685163278,-36.805168548457004,92.91245508128623,20,182.70570242543255,1529.0670859934994,-28.8573,22.5121,-5.52968,46.2936,30.288,-11.0986,19.2011,-0.82256,18.1027,0,0,0,0,0,0,0
1172,1375928,441,441,116.28004984310274,20060.31273869607,-6539.26274718161,2692412646,-42.154732163402514,101.68488230266576,21,240.73936927224833,1617.3335693234574,-40.4991,28.3787,-6.00749,42.8824,41.9795,-15.723,30.9358,8.43734,25.8961,0,0,0,0,0,0,0
1173,1378275,442,442,137.68774863944822,19822.13136383787,-864.2152384379951,2702255078,-44.21876267933669,109.3721055493321,21,229.15896838674547,1520.135628007252,-27.2735,24.4754,0.678175,37.1299,62.7478,-18.4621,26.3561,14.4628,17.5732,0,0,0,0,0,0,0
1174,1380624,443,443,170.30189003933714,16647.476162944822,12355.257588025655,2711398285,-9.385608748776406,98.07306386972056,21,243.12137349348717,1475.945465444194,-19.0317,34.4135,3.27218,39.6267,51.7087,-17.3781,20.1803,35.0419,22.4684,0,0,0,0,0,0,0
1175,1382975,443,443,171.2309114399003,19578.156221168687,9741.868811370292,2720379893,1.1359405831408935,111.27202999516891,21,209.4766179703837,1641.844139989592,-14.9224,32.4284,14.1084,27.1288,42.6713,-4.2005,15.7016,23.4001,34.9152,0,0,0,0,0,0,0
1176,1385328,444,444,158.11756346853832,17909.91220933453,7091.251667892717,2727393662,-22.25466534290689,94.0118090641343,21,246.8113431139414,1568.6375182979039,-29.7968,37.4381,4.68814,43.5246,36.2521,-14.5501,21.0107,29.2266,30.3242,0,0,0,0,0,0,0
1177,1387683,445,445,165.16247390551388,20392.10310063767,6886.539685951884,2736107890,-34.09309234390395,115.39590518706126,21,236.6720777788584,1619.5169185425168,-27.8037,46.5246,-7.56975,54.0126,24.924,-0.381344,8.04116,40.7965,26.6184,0,0,0,0,0,0,0
1178,1390040,446,446,158.8966948286514,19637.152130131,5611.007497338571,2744406024,11.866888828783544,111.90415965280079,21,227.09596137580667,1568.5343750522281,-29.7944,46.4525,3.24032,43.6648,21.0575,-4.30523,18.4541,28.179,31.948,0,0,0,0,0,0,0
1179,1392399,446,446,128.98032635565994,18521.30000768022,-1885.3754208676728,2752651144,-31.634062432257906,125.13520897517435,21,208.5321635357053,1537.526428428714,-34.9175,48.6105,0.0541545,36.0595,16.8195,-4.85837,19.0724,23.4115,24.7287,0,0,0,0,0,0,0
1180,1394760,447,447,146.4114863113457,18179.98832020493,3256.3350036924385,2761864044,-3.217602495006588,124.97945149051958,21,218.1149885195257,1564.9409435347545,-31.0245,44.61,-2.232,37.6971,15.4858,-2.59528,23.8907,30.6744,29.9052,0,0,0,0,0,0,0
1181,1397123,448,448,182.1077571697993,16514.96757107212,16648.267650342466,2771581668,2.5397748495615815,102.6135795570708,21,234.73350620279194,1519.7305509872708,-20.2638,35.6862,5.64851,54.2511,28.236,-6.04906,32.0978,21.0302,31.4708,0,0,0,0,0,0,0
1182,1399488,449,449,234.54026678520773,17312.939556687284,37696.197186989135,2782473904,37.77011319843541,97.07205898778125,21,243.83595919865644,1526.6267131346926,1.51305,44.7573,-4.64785,58.7942,24.0791,14.3055,29.0198,29.9511,36.768,0,0,0,0,0,0,0
1183,1401855,449,449,248.80542594235777,22583.510245252557,39320.629733105525,2791424685,35.30736441516791,106.43023380257904,21,287.877856545935,1675.6105459368462,4.15752,50.905,-19.5362,72.345,37.2971,4.19931,21.7409,35.9892,41.7077,0,0,0,0,0,0,0
1184,1404224,450,450,231.77216336908532,19043.405600166407,34674.93011261957,2800148762,18.556692999118127,85.3711159158878,21,289.46335622627157,1554.265246449213,0.818197,41.8943,-28.8456,81.0496,11.9406,24.0146,26.7284,41.5657,32.6065,0,0,0,0,0,0,0
1185,1406595,451,451,183.1916880635011,20480.565163866755,13078.62941168833,2807197373,-0.3302075383141414,86.18553484004036,21,284.15899493043736,1649.7882050999253,-17.6535,35.1135,-32.8302,77.4971,8.87209,13.9744,30.8533,39.7024,27.6626,0,0,0,0,0,0,0
1186,1408968,452,452,195.6753866554822,18696.813521926302,19592.043420846163,2815539381,-17.917775715975722,97.28719610914118,21,283.8695891836864,1659.3553139628511,-20.109,41.1744,-23.9881,76.3678,31.7053,2.33212,29.3677,41.6195,17.2058,0,0,0,0,0,0,0
1187,1411343,452,452,176.16080189676802,18311.410612687854,12721.217512224492,2824658987,0.42753729081186975,96.32995649433201,21,239.99368714003492,1647.0747019812206,-17.6968,39.3119,-12.9021,52.7277,37.8121,-1.31756,13.0794,34.4225,30.7237,0,0,0,0,0,0,0
1188,1413720,453,453,160.91410866929965,16876.04101348816,9017.309355347017,2833962727,-34.2398230520223,110.64183787481352,21,218.33821891407644,1552.8334579708192,-15.2684,33.4442,-11.9946,39.497,43.7322,-1.44905,16.1092,31.6833,25.1602,0,0,0,0,0,0,0
1189,1416099,454,454,69.92183185679022,16620.93226421535,-11731.869694006105,2840322076,-64.74548958410168,126.25702410720038,21,203.11065881366284,1532.7932089534088,-41.9724,32.6531,-18.0843,30.2715,37.3719,-6.53774,6.40522,22.2469,7.5676,0,0,0,0,0,0,0
1190,1418480,455,455,90.24818233411952,20307.6682280819,-12162.933813469419,2848473364,-78.77290548998974,176.8723139415705,21,259.77342965211255,1716.302385398559,-46.6601,38.7038,-22.9446,43.7791,46.6502,-13.3755,-1.78238,26.6222,19.2555,0,0,0,0,0,0,0
1191,1420863,455,455,72.67164489286387,21727.560009209647,-16446.39203777514,2856549703,-96.02369815112411,167.36730653296513,21,280.39644422840337,1674.0523664586626,-54.4802,42.9842,-32.8831,48.5485,44.6605,-10.2232,-6.27596,24.1906,16.1503,0,0,0,0,0,0,0
1192,1423248,456,456,42.254333528120924,23260.350393941764,-21474.92169203608,2864325740,-85.49499971381323,176.58467800050192,21,284.0187640992024,1677.9059727928066,-66.284,41.1064,-40.9191,60.3843,23.3792,-7.79825,-5.88081,15.7789,22.4878,0,0,0,0,0,0,0
1193,1425635,457,457,25.002499576410685,21662.678461201263,-21037.553476132845,2874733905,-86.21819734978294,144.9901936713311,21,294.29582615489613,1631.6370241642483,-56.2201,34.3051,-49.7114,51.0547,42.1909,-23.1692,-5.54594,15.6922,16.4062,0,0,0,0,0,0,0
1194,1428024,458,458,57.65910130500953,19551.5904050848,-16227.01844178345,2884674059,-64.20644490332973,151.7623323469768,21,249.7552487978367,1668.3462486030446,-47.1401,17.4987,-33.7576,54.9745,43.3723,-3.21387,-11.9366,21.8082,16.0534,0,0,0,0,0,0,0
1195,1430415,459,459,67.22815126665137,17561.864094832014,-13042.239772100256,2893517575,-53.669261535779015,136.78194023328308,21,257.08633434582043,1617.3913113064523,-47.1922,14.7688,-23.3987,59.466,44.27,-3.68815,-20.6501,27.9568,15.6956,0,0,0,0,0,0,0
1196,1432808,459,459,104.13365516074663,18007.908600673214,-7164.090463535922,2903489225,-61.29638765021491,112.74900570934346,21,229.8107169099805,1618.253137522513,-35.2282,22.8809,-10.46,56.5421,41.1667,2.93547,-17.1503,36.3183,7.12873,0,0,0,0,0,0,0
1197,1435203,460,460,131.857744656264,18102.686443795457,-716.2216179589377,2913353844,-44.20290228769284,131.19965608903124,21,217.38634427652278,1574.9188263958881,-25.3964,31.2223,-7.19494,58.1925,32.0569,-0.83371,-9.33926,36.1166,17.0338,0,0,0,0,0,0,0
1198,1437600,461,461,108.97816828559513,18056.56802568347,-6180.326862799979,2923778754,-47.135649980138794,123.72778121520622,21,169.9720147196395,1637.0828082766475,-12.5484,29.4058,0.974442,42.9205,25.1318,-6.31085,-11.6377,31.5774,9.46515,0,0,0,0,0,0,0
1199,1439999,462,462,138.56650685458652,14741.658013991655,4459.018807890519,2933062648,-17.86658817387422,100.58951443840431,21,176.18869315608725,1529.1664426966431,-9.8326,22.6657,19.31,33.9088,36.3049,-1.25485,-7.72364,24.9545,20.2337,0,0,0,0,0,0,0
1200,1442400,462,462,107.62714201859689,15368.898252194176,-3785.296553102953,2940900470,-45.06502949370093,112.60960047829911,21,156.7828908649687,1593.7750657662195,-22.1006,14.9205,29.4653,27.6224,22.2698,-1.45649,-1.02075,20.404,17.523,0,0,0,0,0,0,0
1201,1444803,463,463,99.1936330248102,15002.354968076144,-5162.9781354154275,2949249411,-69.09369372470059,113.85413028282363,21,185.4779484525477,1524.6690643126863,-30.5008,4.25181,35.7049,33.4264,25.1545,12.8696,-12.6414,18.8595,12.0691,0,0,0,0,0,0,0
1202,1447208,464,464,83.2256378087879,15348.113708976429,-8421.606920296883,2958612547,-70.62395585114456,130.25399728972997,21,155.667829897771,1612.6857869469009,-29.8848,9.42513,12.0124,39.4777,22.2232,-0.710172,-5.62609,29.8657,6.44259,0,0,0,0,0,0,0
1203,1449615,465,465,62.69976919369361,15765.78071956143,-11834.519662618979,2967209339,-74.63109234032265,154.21982688458445,21,146.26741972333656,1640.4958192893491,-33.401,15.8277,2.40093,44.2762,25.1927,-3.37893,0.551771,16.2342,-5.00393,0,0,0,0,0,0,0
1204,1452024,465,465,96.71270338993935,16920.846458435728,-7567.499461445343,2976694809,-48.0932057848276,134.09759782260477,21,168.02865981839165,1636.6767106837694,-29.901,5.0724,8.61472,56.3147,32.3416,-1.05326,1.7717,28.2555,-4.70376,0,0,0,0,0,0,0
1205,1454435,466,466,81.49714938508322,16043.206002638299,-9401.420644743728,2985923557,-55.84608131199599,116.38038534100536,21,173.13632825345002,1590.70925385448,-31.533,14.3935,-12.9303,46.0987,38.4798,-1.35629,0.164904,26.2737,1.90605,0,0,0,0,0,0,0
1206,1456848,467,467,151.07196953578352,15120.574677240293,7702.165302180412,2996544209,-15.927231452853562,107.80783413960023,21,182.66418316540478,1612.7806508791834,-14.149,24.7095,-1.64713,49.1311,24.6297,5.58152,14.8587,38.4098,9.54773,0,0,0,0,0,0,0
1207,1459263,468,468,113.00890172465154,16283.631667766356,-3512.6197987544074,3004309886,-35.4675631818061,104.9117071817493,21,181.04414399041855,1627.9012044138447,-27.897,31.1019,-6.12066,45.9972,26.8667,3.91046,5.55092,28.3015,5.2978,0,0,0,0,0,0,0
1208,1461680,469,469,135.01712974211023,15673.411245685182,2556.2140781126454,3014332658,-20.567062130562363,125.29877202390935,21,176.27480225689123,1623.6780161324343,-20.6288,28.3365,4.2268,32.0162,27.6308,22.4099,4.44873,27.0012,9.57594,0,0,0,0,0,0,0
1209,1464099,469,469,126.0056447206756,16094.007401919802,-216.58490044667815,3023732798,-47.455472485588245,105.61906244421226,21,166.9910851825574,1648.31611800552,-20.4927,25.8001,4.65965,37.0396,14.677,22.2985,2.72725,29.6708,9.62543,0,0,0,0,0,0,0
1210,1466520,470,470,122.73740955884153,16166.861238633132,-1102.3895334183271,3034427576,-61.543985035470996,119.07103276089697,21,149.2655734637405,1664.1009056461803,-7.34049,22.106,-5.92359,41.0536,12.9075,19.4279,6.83505,24.0309,9.64063,0,0,0,0,0,0,0
1211,1468943,471,471,127.98324366925988,18964.614416434382,-2584.903756329233,3042029695,-77.30234408199851,142.0652518278913,21,168.62375045703845,1728.4117892858742,-20.3203,31.4882,9.74073,31.9861,10.9429,26.9296,10.1189,26.4882,0.608722,0,0,0,0,0,0,0
1212,1471368,472,472,78.81501106413054,19368.2866815622,-13156.48071252318,3049837904,-75.04709391356363,160.42565215459166,21,184.49347682184282,1734.310565568298,-37.2839,30.8654,-9.93604,24.1573,10.882,27.2329,10.0149,28.5018,-5.61928,0,0,0,0,0,0,0
1213,1473795,472,472,93.66597964204294,17802.869196303545,-9029.553453999943,3060703092,-30.706133110848043,127.52855349141049,21,161.66987267920166,1638.8010895236223,-22.3795,27.3189,-3.28807,25.9889,6.09514,26.9237,14.6039,26.7373,-8.33435,0,0,0,0,0,0,0
1214,1476224,473,473,63.91392334579575,16927.861264856052,-12842.871667403797,3068389785,-72.20248973614554,131.45000163612582,21,162.46627524807548,1671.0381585827415,-39.459,14.6146,2.18719,36.2422,2.21752,23.328,7.28601,27.3146,-9.81714,0,0,0,0,0,0,0
1215,1478655,474,474,123.84339972594637,18111.731843056208,-2774.5441873756754,3078373261,-65.00873494850572,161.43831704611517,21,187.1843659875641,1660.3846177748887,-31.6705,15.1393,13.9044,45.1547,8.53058,31.5493,21.4998,17.659,2.07673,0,0,0,0,0,0,0
1216,1481088,475,475,157.64187325190136,18232.77901518719,6618.181187181344,3088785470,-42.40252016471442,110.67477455641045,21,201.37355193286925,1701.8976978280336,-21.8658,15.5064,17.3655,38.3063,15.5439,31.4202,29.5562,26.5625,5.24662,0,0,0,0,0,0,0
1217,1483523,476,476,153.51340907872253,17028.125663567647,6538.241103403561,3099273363,-51.49267326459977,114.85202656688699,21,181.89959634376754,1701.9480387074218,-14.1931,8.94971,13.9882,39.4661,16.7428,33.731,22.4488,24.8054,7.57459,0,0,0,0,0,0,0
1218,1485960,476,476,145.17147189241354,16285.768501127619,4788.987750282195,3108187428,-40.10806111141062,108.75676269241683,21,186.45486874923648,1628.0208174897323,-19.5043,3.38796,26.6795,37.5269,-1.13743,47.0261,14.3408,35.2516,1.60045,0,0,0,0,0,0,0
1219,1488399,477,477,152.459982861125,17508.614391400653,5735.431982613878,3118244354,-41.39973068499171,107.78028431178222,21,204.5496156554733,1670.2324867067632,-13.9473,-12.0975,59.3735,24.7632,17.9734,30.5224,18.035,27.1484,0.688907,0,0,0,0,0,0,0
1220,1490840,478,478,215.9871014207945,18723.438403586526,27926.98957657004,3129771230,-17.26811159343191,83.15399740996276,21,225.46822075902105,1668.5107739132013,8.62572,-4.74056,70.0497,26.8995,16.3491,46.922,21.7176,26.9361,3.22791,0,0,0,0,0,0,0
1221,1493283,479,479,193.92520026931345,19842.225611004276,17764.757688489055,3139736044,-13.180612219019508,109.05489931475711,21,204.2349076353454,1705.4368244479647,13.0669,-5.15485,62.7296,32.9492,12.446,37.5969,12.2927,19.8492,8.14944,0,0,0,0,0,0,0
1222,1495728,480,480,276.48199761924576,22991.28284231984,53451.012165208784,3150055576,23.131363914556744,134.07508937111464,21,291.93541746591023,1811.7861250384572,21.5242,-7.72671,69.3957,47.3343,15.6376,50.9977,36.9794,33.2111,9.12866,0,0,0,0,0,0,0
1223,1498175,480,480,277.7470134928298,22038.639418315557,55104.76408587062,3159024018,11.022559190061486,105.31522131035689,21,296.19161708635505,1721.8231471986826,15.8496,-9.2223,74.386,42.3831,18.108,56.39,43.8627,34.978,1.01182,0,0,0,0,0,0,0
1224,1500624,481,481,282.69239966169323,24880.11444666381,55034.878379822694,3167742265,14.946601782965558,124.26528706172382,21,290.64379828920744,1735.5108719524837,9.19111,-3.72298,76.8772,25.6686,36.101,59.9636,41.5458,37.3207,-0.252716,0,0,0,0,0,0,0
1225,1503075,482,482,261.56450066200114,25090.34078382758,43325.64722273441,3178240649,18.125213939684443,125.974275709501,21,265.8593651590686,1905.9023714290856,14.4008,-2.14743,51.8535,31.8727,29.2819,62.4398,43.5372,26.5664,3.7596,0,0,0,0,0,0,0
1226,1505528,483,483,240.60437131878456,19541.399841787406,38349.06365592015,3189803422,8.063733477466428,123.14928677191239,21,256.0630709753913,1783.3448501652645,29.6266,-7.72935,45.5758,26.2399,1.65026,83.745,30.2166,26.4648,4.81479,0,0,0,0,0,0,0
1227,1507983,483,483,254.018568617411,18111.02835069051,46414.40485174783,3198619906,20.456610584296243,128.50252348286784,21,254.018568617411,1677.5355211520537,24.7206,6.91732,46.5418,17.2683,13.7367,68.6029,24.774,32.0279,19.4289,0,0,0,0,0,0,0
1228,1510440,484,484,285.07512083921404,20770.713735415364,60497.110786077115,3208640718,41.01514182229249,164.85886369876886,22,285.07512083921404,1760.0667301815079,29.8307,9.40655,52.3294,24.6223,7.99805,76.1732,40.4692,27.5719,16.6739,0,0,0,0,0,0,0
1229,1512899,485,485,270.3573514795664,20701.002399387984,52392.0950996578,3218439763,27.46670319138491,167.6927555441374,22,274.03045895573104,1704.257398094527,30.809,3.97199,60.201,27.9777,-1.83655,65.4557,35.5569,18.262,29.9596,0,0,0,0,0,0,0
1230,1515360,486,486,267.54612819616636,19924.45886921811,51656.47184354137,3229179703,69.40643246129292,178.17284917423018,22,267.54612819616636,1654.8584277368295,39.8034,0.532344,64.1391,27.2395,6.24563,57.1236,34.4293,10.4946,27.5386,0,0,0,0,0,0,0
1231,1517823,487,487,258.7618408269275,22676.089735437014,44281.600532703145,3238926953,107.52450743513845,185.4375578543449,22,262.4240903927141,1824.8652747875076,38.666,-1.83112,65.0799,28.5078,10.0573,46.5112,18.9037,26.0852,26.7818,0,0,0,0,0,0,0
1232,1520288,487,487,228.53701071993333,22588.513536255836,29640.651732547085,3247716772,111.91066722212844,196.97246859941532,22,228.53701071993333,1834.8373848972442,28.5447,1.64806,61.0051,25.0101,9.9357,44.3592,10.162,15.7276,32.1445,0,0,0,0,0,0,0
1233,1522755,488,488,202.07195143364095,19909.866296070868,20923.207260128875,3256040354,85.83333140199437,160.83673108979423,22,202.07195143364095,1710.6238695209713,15.2918,2.35566,52.011,30.2635,17.1897,39.7352,6.55232,24.3969,14.2758,0,0,0,0,0,0,0
1234,1525224,489,489,215.5334421263484,19837.71110058808,26616.953574243897,3266775707,104.47311588055936,171.40772777980885,22,217.72156021677222,1708.4389733954922,23.0548,-1.09406,49.9261,39.6798,12.528,25.2046,15.4327,22.9814,27.8201,0,0,0,0,0,0,0
1235,1527695,490,490,218.54451781291783,17316.288038606,30445.418227474758,3275239065,65.29966349295177,168.8520350948682,22,218.54451781291783,1683.5672135010336,9.68624,2.53237,44.1628,44.0116,18.0516,33.7742,13.6868,23.7485,28.8904,0,0,0,0,0,0,0
1236,1530168,491,491,222.28763064665668,19754.793483452286,29656.997255052174,3285315232,84.88081232829978,195.7103657266578,22,235.98017200893787,1775.4262333671559,13.3337,-6.84627,57.9825,57.5829,11.3883,36.0511,18.6688,13.751,20.3757,0,0,0,0,0,0,0
1237,1532643,491,491,163.69512231569206,19096.153194426926,7699.939875522457,3291932091,9.991387454951052,154.82121837694154,22,195.99616145503933,1793.2634100014234,-16.1505,1.85121,51.126,47.817,7.53172,29.9885,9.44581,9.64333,22.4421,0,0,0,0,0,0,0
1238,1535120,492,492,163.73172195862543,20191.058334163397,6617.018441373228,3301356043,25.634583168447193,187.71342816873096,22,216.1862105338584,1797.0156091444878,-20.6187,-5.60855,51.1743,57.2984,11.043,26.1662,10.307,9.32232,24.6477,0,0,0,0,0,0,0
1239,1537599,493,493,183.83135257468342,18720.05675361084,15073.909435826728,3311354442,49.08454672586862,176.75254199425734,22,218.2682736999613,1802.1889134350272,-17.2185,12.16,50.3889,49.698,1.46393,32.7375,16.9826,10.1085,27.5105,0,0,0,0,0,0,0
1240,1540080,494,494,181.5618501374188,17924.616013877272,15040.08941144525,3322151377,50.00255719824315,152.98930689523092,22,212.05001725330794,1764.628851424963,-11.8022,-0.228753,44.4232,50.1651,-3.21311,37.2913,14.0614,15.3315,35.5336,0,0,0,0,0,0,0
1241,1542563,495,495,154.0754666853785,18359.149878209595,5380.099556107587,3332000524,51.17769362267785,152.55477385033606,22,201.45602790219652,1761.564325319349,-13.5175,4.45864,44.6228,43.6364,-10.1727,36.124,21.1274,4.45595,23.3406,0,0,0,0,0,0,0
1242,1545048,495,495,138.0701376265652,20141.95287806374,-1078.5899738450826,3339545364,19.976888420742227,185.22929921824033,22,221.29509841405985,1791.9467893260075,-34.2169,3.14096,52.7283,37.1844,-7.39561,47.396,7.37959,13.3395,18.5138,0,0,0,0,0,0,0
1243,1547535,496,496,150.3824538400192,18060.473776935567,4554.408646009939,3350749274,45.06326514947506,156.53965622230834,22,215.00028109259136,1812.7545494055628,-24.0477,9.89935,46.0759,26.6498,-8.26119,52.1387,6.35134,22.3332,19.243,0,0,0,0,0,0,0
1244,1550024,497,497,145.36927439321295,18638.00511111034,2494.2208264988985,3361163170,21.244457609219353,151.62278512628097,22,224.99844604618153,1812.400808841031,-20.8626,0.500625,55.1686,25.2707,-18.952,44.7818,16.1182,25.2325,18.1115,0,0,0,0,0,0,0
1245,1552515,498,498,124.17410050306074,19393.960723640826,-3974.753487896596,3371167057,42.679659719597794,164.84476374743076,22,232.23930314520925,1777.1957587101226,-21.809,-14.67,70.421,24.7229,-17.5536,29.4249,24.5677,10.0077,19.0625,0,0,0,0,0,0,0
1246,1555008,499,499,88.68983185492232,20162.873624963853,-12296.98735050946,3381099626,46.72547963773911,163.01752409215737,22,208.8454693333855,1853.3757356422539,-24.7393,-19.9977,59.6639,34.3354,-15.3407,8.16455,26.9542,17.3386,2.311,0,0,0,0,0,0,0
1247,1557503,499,499,112.53637500252108,18668.71062267285,-6004.274923964798,3392956411,47.48871546043409,126.11267628024513,22,195.592891346749,1783.8009686723228,-7.80121,-17.2494,55.0676,37.7848,-16.4776,24.3396,24.5154,11.9101,0.447092,0,0,0,0,0,0,0
1248,1560000,500,500,91.03294847154314,20023.93321212539,-11736.935504702762,3403430064,24.9458755175728,139.68730666462153,22,193.00324334690652,1848.9771969781937,-3.8471,-12.5062,58.2944,24.4702,-26.3701,33.0612,6.17141,20.0209,-8.26182,0,0,0,0,0,0,0
1249,1562499,501,501,63.14607664023714,19487.585386708484,-15500.158391653782,3412441937,37.34422822882658,151.09678663252367,22,128.78247801729896,1837.06996732423,-15.0244,-6.68691,51.605,23.0744,-4.97811,8.79967,4.02143,8.46379,-6.12875,0,0,0,0,0,0,0
1250,1565000,502,502,29.9767263653531,17739.26286375938,-16840.658740176124,3421428937,43.512094865750896,160.06207356898994,22,131.11636798734287,1793.586411059036,-27.1858,-8.02464,35.981,18.6722,-1.59139,18.2518,5.4013,2.24037,-13.768,0,0,0,0,0,0,0
1251,1567503,503,503,88.78484569806045,19775.24074387685,-11892.491918248446,3433193961,78.17068697702416,166.41336474280968,22,201.64648263519535,1840.3469403477504,-12.4786,-14.1344,46.4418,28.2704,-17.0235,30.6016,31.4466,8.45537,-12.7943,0,0,0,0,0,0,0
1252,1570008,503,503,40.060683246247606,18788.78735620327,-17183.929014047084,3441943307,70.98195026373628,188.57869165913496,22,144.22318316924958,1859.10582783024,-25.7554,0.598774,29.6435,16.0216,4.63106,17.2402,21.2023,2.8044,-26.3258,0,0,0,0,0,0,0
1253,1572515,504,504,49.60627072657502,15658.008597713892,-13197.226502315638,3452762115,53.62413895679208,154.57613018523568,22,122.35325263862188,1694.9042711090476,-21.1636,3.40798,14.2495,27.5236,15.8243,6.33988,15.9634,2.67107,-15.2099,0,0,0,0,0,0,0
1254,1575024,505,505,91.56225376168834,17461.77260089513,-9078.126286975317,3463347516,9.65486021196756,173.97326021389978,22,153.62366588779844,1782.4338469388467,-16.5559,9.21213,10.5224,34.3554,24.4728,3.89031,25.1303,15.0096,-14.4748,0,0,0,0,0,0,0
1255,1577535,506,506,50.05735663146203,17235.680243709874,-14729.941290780498,3473307699,35.149294128030135,184.11141312353192,22,156.95655567092325,1740.2290457786464,-20.0795,4.09223,11.1972,33.8506,12.0324,-6.95553,23.9875,18.3469,-26.4145,0,0,0,0,0,0,0
1256,1580048,507,507,27.014042739479635,18510.096017888685,-17780.33751275825,3483321172,69.14281579005825,206.72755127672684,22,126.52882646964696,1684.306501252512,-24.5872,-4.18454,14.5363,19.7551,16.3969,-0.0458179,13.6343,12.4488,-20.9398,0,0,0,0,0,0,0
1257,1582563,507,507,7.12948166475951,22437.12420339234,-22386.294694584198,3492482513,49.69957196039894,209.4255396015737,22,136.95419124519674,1931.4595944762514,-35.2262,-3.23356,16.037,16.3227,11.7659,-7.13711,16.8004,11.1159,-19.3155,0,0,0,0,0,0,0
1258,1585080,508,508,41.02190024129516,18418.485490571107,-16735.689191164336,3502734062,15.617571339669837,177.60710626643782,22,146.88865133564116,1764.4607416232234,-32.8493,-2.43942,25.6051,34.1368,20.4048,-10.6923,7.14249,6.66604,-6.9523,0,0,0,0,0,0,0
1259,1587599,509,509,-13.145707367328725,18974.74067632854,-18801.9310541411,3511111492,-14.931309247162346,194.7900411932248,22,157.54017613574052,1840.7680892917676,-52.6037,-7.56936,25.1759,25.0401,11.7644,-6.16952,4.6821,5.53476,-19.0004,0,0,0,0,0,0,0
1260,1590120,510,510,-10.948009745213653,16143.140999223706,-16023.282081842413,3523313946,3.6792432565227386,146.67801050793395,22,144.56684923159366,1734.2775645024935,-36.3421,-6.70435,25.73,19.5845,18.2165,-17.1631,1.94883,1.32959,-17.5478,0,0,0,0,0,0,0
1261,1592643,511,511,-60.094832267489494,19901.343825632557,-16289.95496037486,3530967080,-75.4376117481691,158.20152014635772,22,166.5531853790681,1863.6069382648616,-62.2119,-10.7634,24.2868,1.38883,21.751,-7.74318,5.80257,-0.681005,-31.9245,0,0,0,0,0,0,0
1262,1595168,511,511,-51.009454267019976,19337.337704759844,-16735.37328014064,3541079258,-78.85298490776273,159.9430619589279,22,164.28094317747951,1795.0264448925557,-63.0657,0.0207192,9.91095,21.3531,23.374,-9.92712,-6.449,1.97697,-28.2034,0,0,0,0,0,0,0
1263,1597695,512,512,-46.137719904312405,20969.032806130614,-18840.343608161827,3551397164,-72.07688577707773,191.1951157257759,22,189.60523678204225,1830.2524971851087,-64.0508,-1.96754,13.6966,29.9818,13.1862,-11.6768,-5.69844,14.8692,-32.964,-1.51392,0,0,0,0,0,0
1264,1600224,513,513,-48.17048192817418,22100.227554739144,-19779.83222554659,3562116102,-42.21650803586613,197.40659362774682,22,161.77509791480242,1880.6008954269132,-63.0199,-3.11253,9.14684,24.9352,16.2581,-7.59817,6.46218,-1.58114,-26.6327,-3.02833,0,0,0,0,0,0
1265,1602755,514,514,-56.47189801460917,21725.592212261516,-18536.516946889096,3573008470,-17.38639717186311,179.56930407561686,22,160.64467781078446,1856.903910001089,-61.1203,-3.18165,-2.00147,23.7196,25.9657,-5.97991,2.40111,-0.46518,-34.8936,-0.916165,0,0,0,0,0,0
1266,1605288,515,515,10.265997881288229,17506.65293132154,-17401.262218822925,3585839439,39.14898431858995,155.4129983893202,22,191.75940394207208,1771.2198915833267,-37.2047,-0.255806,8.51769,25.6662,48.4934,-21.1697,15.6371,-4.71764,-27.3988,2.69837,0,0,0,0,0,0
1267,1607823,515,515,27.678427893821663,19077.455862420204,-18311.36049174672,3596369955,28.798744307787103,156.60779151538594,22,181.7214621029342,1863.3573230057914,-33.4204,-3.25412,23.4403,34.3629,40.2003,-17.5612,0.686504,3.94596,-22.7858,2.06396,0,0,0,0,0,0
1268,1610360,516,516,-57.72899216887083,19552.34697591676,-16219.71043908321,3605577465,11.45500234787039,171.14288618162266,22,189.35658247633955,1869.8163301821778,-50.6201,-9.40908,1.10444,30.3816,30.8985,-14.8449,-4.56947,-6.2807,-37.8185,3.42924,0,0,0,0,0,0
1269,1612899,517,517,-78.87478509801502,20363.921046008072,-14142.689321750018,3615629819,-3.5890790596350826,174.1026082427078,22,210.67211090671157,1823.3405507131142,-55.9511,-10.3366,-4.14675,27.3167,32.4092,-13.0559,-19.7248,-4.6028,-36.9556,6.17279,0,0,0,0,0,0
1270,1615440,518,518,-80.01094473866465,18895.225160874135,-12493.473882900487,3626253076,0.7903664024565273,158.0880055419414,22,215.84582834119863,1805.5338945941953,-53.2661,-11.4208,20.6672,10.1602,28.9252,-3.635,-29.8821,-14.848,-34.8764,8.16483,0,0,0,0,0,0
1271,1617983,519,519,-66.85768733203355,21538.245051341226,-17068.294695953267,3637315071,-3.9371599508921804,160.65879866452366,22,196.09250703560298,1981.0833042461848,-49.7123,-13.4291,20.5648,10.0931,25.8028,-8.92478,-18.0336,-8.97734,-32.398,8.15664,0,0,0,0,0,0
1272,1620528,520,520,-63.59130053499558,18236.775695818877,-14192.922192086748,3647995278,-10.25928783332165,159.8077960399953,22,190.1498442123846,1764.5837887504156,-48.1426,-12.4425,21.286,23.0909,12.127,-0.041292,-17.0929,-11.8574,-37.2939,6.77537,0,0,0,0,0,0
1273,1623075,520,520,-44.37838584017078,18727.956673541692,-16758.515543762624,3658356497,-10.193761761638541,163.73163677832912,22,195.87402000314177,1852.6917933180453,-49.704,-7.38003,19.1675,25.0102,6.80802,24.3681,-27.0473,-5.33265,-30.6623,0.393979,0,0,0,0,0,0
1274,1625624,521,521,-75.14042700350495,20903.972559468442,-15257.888789199387,3667992512,-8.623870528118005,173.13017542284456,22,217.9122839450451,1845.4813609057696,-60.2495,-12.4741,9.03961,33.1756,-1.49978,29.1707,-31.107,-1.00949,-39.8205,-0.366011,0,0,0,0,0,0
1275,1628175,522,522,-22.14780372493169,18113.84806332042,-17623.32285348232,3681309631,18.30328150133647,159.52433555281476,22,201.78695435632608,1860.0200404584634,-37.9261,-22.341,29.0708,31.9186,2.99554,22.9608,-19.6829,-2.68659,-29.3308,2.87376,0,0,0,0,0,0
1276,1630728,523,523,-21.967474921533665,20544.73440121747,-20062.16444678926,3692485959,27.585643922174768,194.4445189700093,22,186.96103958089742,1882.7939207062925,-35.5868,-20.3643,12.8481,36.1537,3.67417,27.4589,-22.6385,-3.36589,-22.5088,2.36197,0,0,0,0,0,0
1277,1633283,524,524,45.422583907128,19039.432310890305,-16976.22118209022,3704400310,-3.1171434408705068,171.884189540504,22,156.86923702449997,1903.1621363732156,-23.3786,-15.3119,23.8665,39.0545,-5.74383,29.1481,-5.89542,8.8542,-5.3936,0.222608,0,0,0,0,0,0
1278,1635840,524,524,56.76996166169073,18021.826490603973,-14798.997943534137,3714767457,-8.814968608210222,173.4624978962393,22,175.4044479820032,1842.4694850514984,-25.1545,-11.2645,24.7913,42.0305,-12.0677,31.3182,-1.86401,17.9472,-7.92539,-1.04111,0,0,0,0,0,0
1279,1638399,525,525,67.86776791677875,15470.257754932943,-10864.2238329272,3725804096,34.392604750930616,174.52217936356357,22,140.25507904404077,1721.6757129705416,-23.0615,-7.14136,22.8806,42.1798,-3.21003,25.7396,1.88275,7.05538,-2.7808,4.32333,0,0,0,0,0,0
1280,1640960,526,526,-8.75897911473885,19077.235271132842,-19000.51555600041,3734236851,20.645611681447065,156.5262427038444,22,172.35650304625392,1860.4013929193816,-44.9526,-2.17464,6.79055,48.2273,-18.6468,25.5995,-11.3936,-0.534122,-12.856,1.18142,0,0,0,0,0,0
1281,1643523,527,527,-35.55281848122877,17155.64940197744,-15891.646500018238,3744589767,-7.517846790805436,162.78462337224101,22,181.33360626291756,1798.049521809543,-49.9747,-2.98082,6.86592,44.2785,-25.0673,20.5756,-18.1504,-2.41671,-9.85332,1.1704,0,0,0,0,0,0
1282,1646088,528,528,-67.76046663182757,20076.596944242232,-15485.116106079215,3754445573,-14.146110168393761,176.84155738432173,22,188.52860607960764,1894.0267369130897,-57.9809,-2.94339,11.8468,34.5755,-15.4042,7.17518,-19.1063,-12.3255,-20.3843,6.78661,0,0,0,0,0,0
1283,1648655,529,529,-71.0303132135902,20292.008244735098,-15246.702849514371,3765031719,-24.925836896824308,183.71053572420567,23,158.43921066487013,1836.8235061004964,-62.1181,2.16976,1.1494,31.4523,5.53028,-13.239,-19.5886,-7.99251,-11.7964,3.4027,0,0,0,0,0,0
1284,1651224,529,529,-61.99717310666222,20170.726450356644,-16327.076977139202,3775252857,-12.336528962294551,153.44192392537775,23,182.30595940501507,1786.4047359755855,-66.2395,-1.72212,17.0377,26.8213,14.2768,-11.6432,-7.65119,-17.4651,-17.4304,2.01867,0,0,0,0,0,0
1285,1653795,530,530,-80.23986055099215,20367.950471079715,-13929.51524983705,3786335523,7.3840907948161885,166.5471456585318,23,204.6163600511196,1820.8793053549166,-65.4918,-10.5383,24.2455,21.8523,15.8343,-21.5902,-10.8131,-6.92305,-27.0716,0.256054,0,0,0,0,0,0
1286,1656368,531,531,-13.843374680704073,22810.87099801963,-22619.23197546927,3798470455,22.17075092543763,187.9758230761792,23,180.75885966167323,1916.702685832829,-54.7283,-18.5108,36.3632,16.9612,18.8484,8.28131,-1.09146,0.386247,-22.9705,2.61735,0,0,0,0,0,0
1287,1658943,532,532,-9.220140457286561,21365.200177528386,-21280.189187476295,3809115546,2.4832127759439118,196.24540393805273,23,180.6256998283925,1888.2995645679052,-56.0957,-2.25636,23.5611,25.2447,19.417,8.58737,-1.85004,5.03826,-34.7208,3.85436,0,0,0,0,0,0
1288,1661520,533,533,-40.25210308585139,22290.324363758376,-20670.09256092437,3819231697,-39.443173513940565,207.3214417805856,23,184.6887683833616,1905.9165256734686,-65.4473,-7.15819,34.7435,-4.66108,18.2337,12.5516,1.9713,-4.52332,-30.6805,4.71816,0,0,0,0,0,0
1289,1664099,534,534,10.895631886592241,23021.248704076683,-22902.533909868558,3830095270,-32.71604571966185,208.32105958887797,23,168.8436902724835,1977.8046880293066,-63.9298,2.01564,41.9287,1.60849,14.87,12.4102,6.00367,3.5755,-15.0442,7.45745,0,0,0,0,0,0
1290,1666680,534,534,-11.517818548361674,21439.526268882382,-21306.866124769396,3839761168,-36.32540321864559,221.27201239917616,23,174.52733689873753,1824.3712520657732,-76.3964,0.184462,41.1798,-0.131006,22.7882,12.9001,3.63413,-7.99032,-8.50481,0.818058,0,0,0,0,0,0
1291,1669263,535,535,34.91332178680403,18838.01943661774,-17619.079398428814,3853964516,33.60776475713584,187.1404357385225,23,182.66061498427717,1838.5563280280671,-50.994,0.428907,43.5144,-11.0379,20.3412,27.0372,2.34482,-5.02627,15.1205,-6.81552,0,0,0,0,0,0
1292,1671848,536,536,27.342592843148793,17837.54837167147,-17089.930988285258,3865303315,23.53689621792381,143.8085733556399,23,158.04705547793623,1789.937914437897,-48.5757,-2.48283,40.672,-10.5369,12.2374,32.8117,-2.4209,-1.25917,6.97369,-0.0767355,0,0,0,0,0,0
1293,1674435,537,537,3.5682809630522456,20882.910783495143,-20870.17815446386,3875331575,-27.893495443197367,159.71335946307124,23,159.43735269448842,1908.357362239627,-57.2882,1.83221,40.0713,-10.4567,15.9609,20.4737,-5.39229,-1.2847,-3.51263,3.16471,0,0,0,0,0,0
1294,1677024,538,538,20.383453633084173,18801.901775456347,-18386.416593444254,3888776800,-26.539146826207798,153.56136007509076,23,146.0903033689833,1839.8353216844953,-38.985,5.99109,39.2191,-18.1299,6.67912,25.6179,2.42552,-5.73855,1.27096,2.03319,0,0,0,0,0,0
1295,1679615,539,539,32.04799533742619,18243.110540256373,-17216.036535108684,3901066866,-3.2501514906081184,122.26924074072429,23,186.08597755400876,1767.1863941092784,-29.8125,6.22557,38.8474,-17.7999,-10.319,52.0167,2.95384,-19.0876,4.49463,4.52882,0,0,0,0,0,0
1296,1682208,539,539,8.212503501064305,20570.12829681277,-20502.68308305778,3911889384,-16.360791971233994,140.03877409585937,23,228.41676839424446,1883.5788809725107,-33.6243,-1.54495,53.9813,-38.4041,6.20158,46.2379,-10.6259,-25.903,4.11759,7.77624,0,0,0,0,0,0
1297,1684803,540,540,-3.6704469593388467,25245.51737522605,-25232.04519434473,3921070698,-33.300869265177596,177.7581680456164,23,240.29471688429328,2002.2852329131983,-50.5668,2.7601,52.4365,-45.2552,10.1839,39.7083,-8.9054,-17.2552,5.82745,7.39586,0,0,0,0,0,0
1298,1687400,541,541,-18.753384591913743,23368.470337319195,-23016.780903666968,3932968359,-47.919324340270464,176.2336186370685,23,233.97446840854246,1891.6335866107206,-43.4935,7.90908,56.8781,-45.6928,6.89872,29.6601,-5.98226,-23.3702,-7.82507,6.26456,0,0,0,0,0,0
1299,1689999,542,542,-65.39640032044463,26284.562372674824,-22007.873197802975,3942923120,-35.304483031982954,207.1606024001626,23,261.0243679122585,1979.4510965741013,-55.551,0.284682,62.3233,-47.4674,-10.1217,32.3213,-21.2713,-17.9688,-10.8301,2.88472,0,0,0,0,0,0
1300,1692600,543,543,-35.95965856879542,23135.247858525116,-21842.150814140772,3955437444,-37.52793480365733,184.22573123239067,23,228.96613406899127,1946.3793369830832,-43.5928,7.50424,55.751,-39.0872,-6.14655,29.9917,-26.9391,-10.4147,-6.28254,3.25635,0,0,0,0,0,0
1301,1695203,544,544,-38.400959825949144,24465.055006128958,-22990.4212905748,3965701267,-57.010981702042386,176.39778742691203,23,219.1607176260287,2030.6733153642776,-51.7652,11.7993,57.1814,-50.6196,-0.54513,21.3992,-21.2235,-2.11002,-1.6492,-0.868225,0,0,0,0,0,0
1302,1697808,544,544,-20.97964180346213,20933.024878402462,-20492.879508200887,3977682695,-49.24006117419577,162.26533357982697,23,205.0971670236632,1919.1531396887299,-45.9219,9.08945,53.6798,-38.2484,2.51816,26.7714,-14.417,-3.13417,-9.69285,-1.62411,0,0,0,0,0,0
1303,1700415,545,545,3.0759209873443183,16693.72762867555,-16684.266338755166,3990246156,-50.24174434425822,163.68076544534483,23,164.13658772139746,1799.471341833717,-36.2092,12.4551,35.3379,-19.8694,10.5814,24.7222,-18.5973,0.509615,-3.23619,-2.61826,0,0,0,0,0,0
1304,1703024,546,546,67.16279462727238,15045.444882051757,-10534.60389990659,4002740536,-11.597435675120835,122.72207352364723,23,135.1821119268091,1742.6340717993376,-24.4808,13.6647,41.743,-2.3387,11.1792,33.6511,-2.06823,0.934363,-2.13624,-2.98565,0,0,0,0,0,0
1305,1705635,547,547,32.59438168868104,16231.03225588908,-15168.638538221654,4012963722,-38.32269523387214,159.6008892557041,23,181.82509121005847,1787.7857083393644,-34.8831,11.1009,42.3873,-14.0598,24.1335,29.588,-6.66438,-6.09864,-2.05386,-10.8556,0,0,0,0,0,0
1306,1708248,548,548,49.11902755873206,16121.56690504092,-13708.88803672544,4024599426,-30.867291570119676,164.23794446505025,23,177.81976779935934,1760.1207295620632,-32.2696,12.3811,47.861,-7.36559,17.0988,30.0592,1.24744,-16.1139,4.82187,-8.6012,0,0,0,0,0,0
1307,1710863,549,549,69.39121993508354,15351.00087034002,-10535.859466260885,4037092522,-11.606048756119264,161.81965752244906,23,175.91936447926093,1823.2697066756173,-23.7868,2.73675,48.6556,3.99447,10.9617,38.0805,-6.74498,-13.2627,18.2264,-9.46961,0,0,0,0,0,0
1308,1713480,549,549,-14.332341514493123,16069.71663780146,-15864.300624513398,4046945306,-60.81314315795805,167.76633147578798,23,196.01626731198814,1750.8587057911893,-40.2882,0.0874545,42.1133,-11.4933,-7.26615,41.2006,-8.61836,-30.1702,7.44055,-7.33805,0,0,0,0,0,0
1309,1716099,550,550,17.26115331762213,18368.608361457562,-18070.660947603104,4058206717,-36.83287960303261,170.17752373887123,23,183.31597870422996,1836.0666207923214,-40.9202,-2.48638,55.8156,-12.8955,-4.23155,30.9403,5.97639,-16.4116,7.55631,-6.08219,0,0,0,0,0,0
1310,1718720,551,551,2.8022310183425816,19181.76438942609,-19173.91189074593,4071420020,-12.378572232975102,142.80930324207156,23,184.5146747422823,1884.7937492843284,-30.5365,-5.21606,45.5021,-20.3881,2.53567,35.7739,8.29398,-23.1038,-11.6118,1.55279,0,0,0,0,0,0
1311,1721343,552,552,1.7831541152355612,19687.6648880434,-19684.48524944472,4081420761,-18.7095669269508,165.5631575498531,23,170.0698722059377,1888.756550400643,-42.2834,0.280567,31.2728,-9.9623,17.9391,36.434,-3.88648,-21.5644,-1.6338,-4.81301,0,0,0,0,0,0
1312,1723968,553,553,-31.404965002846325,19056.85835275233,-18070.58652592233,4091116655,-37.92435384193345,157.86172800701843,23,199.77850788112653,1838.2001318921966,-56.0145,4.62137,33.8671,-9.302,-0.57811,45.6308,-2.98999,-38.2748,-8.43227,0.0674663,0,0,0,0,0,0
1313,1726595,554,554,-55.20497482072051,18694.81282286868,-15647.223577912295,4103079159,0.6617008759720875,169.97680493639234,23,187.26744645046392,1880.8850681428414,-54.8762,7.03762,15.7015,1.28031,8.4513,33.5605,-9.97595,-37.9691,-8.37184,-10.0431,0,0,0,0,0,0
1314,1729224,554,554,-72.01900718103002,19447.65103276529,-14260.913637424037,4115089327,-38.571374875752326,156.5542717552879,23,170.1033004258395,1805.1176292029907,-53.7222,11.4489,-0.633558,-2.06204,11.3018,26.2915,-16.7685,-38.0974,-4.25215,-5.52527,0,0,0,0,0,0
1315,1731855,555,555,-120.70236314706455,22635.563381830954,-8066.502912545109,4124686666,-51.50145809103941,159.01537652526525,23,195.4964108813145,1956.4762997588537,-71.6987,10.9356,-9.73074,0.429564,-11.4912,26.0319,-14.8672,-27.4714,-17.3306,-5.5095,0,0,0,0,0,0
1316,1734488,556,556,-116.6753147151556,24035.81367022682,-10422.684606346216,4137138709,-63.02159437682934,186.7555786882486,23,187.3192047101764,2016.2700947797769,-64.6595,15.2665,-10,-5.84226,-18.559,20.0554,-15.0606,-21.8251,-7.80548,-8.24527,0,0,0,0,0,0
1317,1737123,557,557,-115.1293596593693,24475.683456962804,-11220.914001386393,4147878345,-64.72246656575481,184.3844207377769,23,228.16094622645568,1947.2771550878047,-71.7508,12.8236,-14.1894,6.63585,-29.7262,37.0564,-7.74937,-19.631,-17.1251,-11.4734,0,0,0,0,0,0
1318,1739760,558,558,-130.6944181690668,24336.576096332657,-7255.545155781758,4159436800,-20.27484287032189,197.5732884293136,23,204.73558336868325,1999.7026169629182,-72.8264,17.225,-10.3118,-0.641274,-23.5287,19.7956,-29.9396,-8.32362,-14.3094,-7.83423,0,0,0,0,0,0
1319,1742399,559,559,-155.4332420861649,27071.238357479473,-2911.745612063125,4169958175,-50.38426025970756,187.03338684134934,23,236.0827979893022,2081.8889923801794,-83.0325,24.7017,-30.3511,10.0022,-8.42418,5.62083,-22.3415,-12.927,-23.8548,-14.827,0,0,0,0,0,0
1320,1745040,560,560,-177.81266637955304,24813.99861573645,6803.345709269779,4181496130,-54.67155611601413,187.7310346878213,23,251.58179483733437,1927.201718073944,-83.2228,21.1735,-23.5678,15.711,-19.5073,-1.3727,-30.748,-27.944,-19.5264,-8.80831,0,0,0,0,0,0
1321,1747683,560,560,-123.88600269664761,23437.876366611003,-8090.134702457224,4195906938,-38.690230568257164,211.33910560659336,23,221.24316780470593,1952.103496429914,-62.5436,20.7207,-30.6209,26.4252,-5.77061,1.53271,-25.0333,-19.8746,-16.9321,-11.7896,0,0,0,0,0,0
1322,1750328,561,561,-96.221590149095,20253.712661095287,-10995.118250274872,4210026421,-34.434871645931366,173.46434131065178,23,170.87522262714862,1960.3148770691091,-44.8487,17.1122,-27.7679,20.2146,-3.31165,-1.73503,-17.0347,-26.4589,-6.11811,-6.27331,0,0,0,0,0,0
1323,1752975,562,562,-89.33443280884859,18718.835552040386,-10738.194666761701,4221234051,-40.538059975949295,188.33717473933086,23,145.0003325511936,1916.4073142028233,-48.2843,13.7297,3.40619,5.83827,-3.57968,-10.6329,-12.9403,-40.6012,4.85877,-1.12898,0,0,0,0,0,0
1324,1755624,563,563,-86.52485072905927,19581.57767828107,-12095.027884595083,4233905819,-18.81454803282918,183.74508919211348,23,159.73062069980358,1912.4198334896018,-43.7041,8.19165,-6.83295,13.784,-8.58457,9.36249,-9.94261,-43.5042,-10.5593,5.26475,0,0,0,0,0,0
1325,1758275,564,564,-114.8978231689905,22704.230292545955,-9502.720523573345,4244236746,-51.756620084844656,228.2154975212,23,120.66243866863601,1980.7927453065745,-58.2544,-0.271096,1.32638,-2.69113,-3.49605,1.55593,-3.65105,-45.3248,-0.243446,-3.84821,0,0,0,0,0,0
1326,1760928,565,565,-175.94300091690485,23393.113646253943,7562.825925392037,4253926105,-78.14271901610829,208.55628664116222,23,176.4653876660489,1984.2210092939185,-76.789,0.261193,-4.76387,-0.751912,-9.41846,-1.81993,-28.1485,-41.9199,-9.89146,-2.70126,0,0,0,0,0,0
1327,1763583,565,565,-211.8778698450967,29244.968245019663,15647.26348507608,4263898563,-52.94824326184812,247.3575540869008,23,211.8778698450967,2017.7239599078234,-96.4539,-7.13121,-16.6145,-6.14443,-4.05691,-2.90252,-15.344,-36.3962,-24.1562,-2.67804,0,0,0,0,0,0
1328,1766240,566,566,-181.6884456513045,28657.572228014164,4353.119055172865,4276564290,-67.58346471017637,199.2916122490857,23,197.0817331663394,2073.924295851676,-89.1032,-9.67912,-16.5607,7.69664,-8.25943,-1.72828,-13.0551,-25.8601,-17.1088,-8.03031,0,0,0,0,0,0
1329,1768899,567,567,-166.23625868629102,26821.080224853344,813.4134771621248,4288641616,-35.52007600729928,181.28143152516975,23,166.23625868629102,1962.4584667547283,-86.8828,-2.0012,-6.58377,-1.28893,-2.26593,-6.73406,-15.1647,-26.6869,-13.9994,-4.6285,0,0,0,0,0,0
1330,1771560,568,568,-163.13960503102862,27531.595718209486,-917.0649885294661,4301785835,-34.97719817221582,190.63483314512064,23,188.77382821817446,2014.2068686253401,-77.6467,5.52123,-19.3813,7.29589,-9.92377,-8.0228,-14.0619,-22.6111,-19.6964,-4.61265,0,0,0,0,0,0
1331,1774223,569,569,-183.79015849117235,35198.36944693646,-1419.5470887262054,4312941467,-58.28978457169541,205.59358427025205,23,220.0280455134179,2090.447056025292,-85.541,18.1189,-25.1761,-8.7796,-14.7633,-5.21016,-16.7707,-19.0722,-15.5136,-11.0823,0,0,0,0,0,0
1332,1776888,570,570,-169.16622338666087,35175.55192628536,-6558.340791379716,4324468673,-79.31262353737435,198.66233354247578,23,252.99327195952736,2127.4303390833343,-88.4196,31.7117,-34.146,-14.788,-29.6035,7.69268,-11.5819,-21.2348,2.50915,-11.3059,0,0,0,0,0,0
1333,1779555,571,571,-183.9885825329983,34958.09617190462,-1106.2976694026947,4337659728,-77.9767445500317,164.28875262802006,23,283.7714839088054,2005.4875951355439,-81.4285,26.3797,-37.8764,-27.1293,-32.8117,23.2386,-17.9828,-27.2566,0.273147,-9.39472,0,0,0,0,0,0
1334,1782224,571,571,-125.80663078182539,27593.27114283219,-11765.962794157653,4350487526,-49.77884647865881,191.51750290407472,23,210.35497599113654,2071.396146701123,-73.4218,21.8923,-28.7767,-14.9724,-13.3887,11.6635,-15.0993,-14.1782,8.71835,-8.24381,0,0,0,0,0,0
1335,1784895,572,572,-163.71779503553,28124.064417199508,-1320.5480059036963,4362398714,-63.20925913420098,185.915934670205,23,210.2652392743356,2060.3439334698046,-76.5453,11.6306,-14.3585,-21.2352,-27.23,8.9463,-18.4109,-25.238,2.69682,-3.97358,0,0,0,0,0,0
1336,1787568,573,573,-153.68433092142112,26703.701089042013,-3084.827518277136,4375179355,-97.03933226890655,185.01753172949617,23,164.1113557367109,2042.8431871364517,-71.6532,5.21351,-3.35283,-26.178,-6.18317,-7.16742,-18.1217,-11.8216,-4.10079,-10.3191,0,0,0,0,0,0
1337,1790243,574,574,-193.81042552194458,28682.301608009067,8880.17943298816,4385347472,-107.01323988119356,194.31408782484715,23,199.55373723035927,2061.738129040414,-87.8913,2.87166,-12.9472,-10.2826,-8.22189,-19.8051,-29.3378,-5.97672,-14.9266,-7.29295,0,0,0,0,0,0
1338,1792920,575,575,-211.37418293764006,28824.808618983745,15854.236593571182,4398369736,-124.51209829612884,177.25379131851872,23,212.4238679203287,2086.5270795540055,-83.1138,0.524842,-21.7147,-16.3975,-15.8019,-7.29134,-36.054,-5.90928,-19.9812,-5.63541,0,0,0,0,0,0
1339,1795599,576,576,-226.4089091789873,32879.41551928837,18381.578636330552,4411571834,-99.04251133200296,193.52876673031915,24,226.4089091789873,2110.956000742577,-77.4665,-3.74676,-19.3189,-11.342,-16.7551,-24.0275,-38.1676,-0.833985,-29.3884,-5.36224,0,0,0,0,0,0
1340,1798280,577,577,-225.48569383874553,29395.313181455545,21448.48494448494,4423825835,-100.35835188855918,196.40436904642723,24,230.88391676009257,2027.7205793824573,-75.8035,-0.173666,-19.0208,2.69911,-15.6225,-15.0488,-50.382,-7.77493,-39.5225,-4.83611,0,0,0,0,0,0
1341,1800963,577,577,-159.84029559389325,22895.274955025878,2653.645140517292,4438826492,-67.87057666932094,148.45447929897216,24,174.06936015486878,1959.2430194693175,-52.2708,2.62496,-13.7191,4.48957,-0.401529,-11.1679,-51.8957,-5.46273,-28.4833,-3.55377,0,0,0,0,0,0
1342,1803648,578,578,-165.99910116492185,25055.36063351784,2500.340954044117,4449408438,-107.14687230747239,145.59354850029052,24,205.50465878385228,2067.8397770555794,-62.7224,13.2683,-11.3505,0.690659,-15.5366,5.18965,-33.2188,-11.1869,-51.7367,0.604162,0,0,0,0,0,0
1343,1806335,579,579,-144.17682824403602,21091.67040588565,-304.7126033753884,4462118743,-94.19519039525704,153.98821435024462,24,188.12814801378232,1941.6786042345161,-58.3042,7.98685,9.17692,-10.3526,-4.77709,2.42493,-26.5156,-18.8731,-47.3299,2.38695,0,0,0,0,0,0
1344,1809024,580,580,-143.96001322087346,19624.335463058793,1100.1499434952711,4476169126,-76.14733078598164,131.02777472710005,24,157.50521268896324,1976.776864928549,-46.8703,6.70044,-2.54637,-9.33158,0.0721616,-15.9572,-13.8477,-24.2499,-32.8406,-5.08893,0,0,0,0,0,0
1345,1811715,581,581,-139.9853501974187,23052.76672929317,-3456.8684593992148,4488320969,-99.52409826887583,160.10657602293247,24,139.9853501974187,2084.7825334345316,-50.5666,-2.51082,-0.0326339,-3.30673,-10.7147,-6.88541,-18.8714,-21.9663,-12.7,-12.4307,0,0,0,0,0,0
1346,1814408,582,582,-115.11784134979541,23570.789563651768,-10318.6721666151,4499654293,-99.09328361411423,172.66506976465638,24,158.00873782656424,2078.200811742452,-59.2473,-8.87726,5.39163,9.96305,-11.4112,6.09077,-7.99774,-23.763,-12.3741,-12.8927,0,0,0,0,0,0
1347,1817103,583,583,-123.20644327088661,27870.934891940884,-12691.107228478684,4511295459,-72.822592137127,234.94979200972602,24,145.00519030246863,2159.9449322208065,-67.0581,-10.0183,-7.02429,10.8994,-1.02431,-8.31702,-13.008,-9.70256,-4.2156,-13.7376,0,0,0,0,0,0
1348,1819800,584,584,-175.1525285598305,31507.627500264625,-829.2192393623845,4520036604,-80.65518731937271,249.63260506628666,24,184.43169053280832,2156.824756746555,-94.8533,-9.31456,2.38419,1.07195,1.18344,-17.1515,-8.72871,-8.98098,-30.3125,-10.4505,0,0,0,0,0,0
1349,1822499,584,584,-157.98753748352192,28693.54701494747,-3733.4850148402293,4532817151,-94.54074738347396,214.40302357926242,24,222.96609324410838,2116.052037915931,-89.7786,-8.53566,16.9557,1.24713,14.2864,-33.9104,-10.8444,-16.5853,-18.7864,-12.0361,0,0,0,0,0,0
1350,1825200,585,585,-123.31183709041238,27094.985119008903,-11889.1759523965,4547039655,-66.92837016421595,190.42121344679663,24,202.17281566430051,2072.4685170592384,-76.6883,-9.76171,5.43245,22.329,11.669,-35.9349,-7.87111,-10.2838,-18.3344,-3.86821,0,0,0,0,0,0
1351,1827903,586,586,-77.27614333607448,23293.20419602043,-17321.601867122903,4563043889,-15.022538324671359,157.08148776768667,24,173.32957166326491,1975.0980603756707,-50.7281,-13.9126,6.15236,16.4155,22.1421,-41.061,-1.58875,1.90224,-18.0124,1.41446,0,0,0,0,0,0
1352,1830608,587,587,-44.594222883328484,23205.00800438854,-21216.36328982056,4575604905,-22.14241935994471,128.81952290022002,24,196.60847109897645,2048.746968808294,-46.7522,-7.21866,22.6166,10.7373,35.1498,-53.8199,5.58839,1.08292,-12.8106,0.832144,0,0,0,0,0,0
1353,1833315,588,588,-64.09930845695527,27184.67121826686,-23075.94987360696,4588394884,-52.705874216879636,171.67201685278206,24,250.1052345964136,2168.260300279144,-46.9064,-18.2995,34.3207,-1.19059,44.4248,-57.671,-11.5456,14.2575,-19.4891,-2.00011,0,0,0,0,0,0
1354,1836024,589,589,-54.40555413235114,30805.72149369562,-27845.757173247428,4600689712,-33.9109132671249,162.37156516336665,24,228.56942020784203,2261.143200502572,-49.045,-12.5353,29.8553,5.12792,46.8894,-48.7052,-15.5615,5.20937,-5.43908,-10.2014,0,0,0,0,0,0
1355,1838735,590,590,-129.05196418306446,32411.879567640714,-15757.470108133763,4610628558,-56.227307222861896,185.7362991976653,24,294.41771555245964,2204.6485343604827,-71.3136,-14.6961,46.7067,-25.8042,35.1657,-52.5594,-20.705,0.810444,-18.2388,-8.41766,0,0,0,0,0,0
1356,1841448,590,590,-113.90397448674463,34454.10117876497,-21479.985774888,4623492012,-51.04892411223955,207.4148441528563,24,281.77170812095034,2277.419427988213,-69.5666,-26.8618,59.2276,-23.502,24.2567,-48.5116,-10.1238,0.449559,-14.0263,-5.24577,0,0,0,0,0,0
1357,1844163,591,591,-129.7422829152353,35908.73500037739,-19075.67502432043,4636419622,-57.34648277931706,188.76886997597046,24,308.0428372825267,2254.4897346164203,-66.9497,-22.9524,68.9072,-41.2778,18.701,-49.3662,-10.5602,-18.5951,1.54203,-9.19115,0,0,0,0,0,0
1358,1846880,592,592,-108.99728240592896,31940.878654141365,-20060.471082263535,4649831393,-43.14476142595959,181.07354523044637,24,297.72723784586225,2187.6038509827513,-61.3171,-22.1981,65.7337,-33.064,23.9653,-51.4096,-12.1879,-15.4105,4.66602,-7.77514,0,0,0,0,0,0
1359,1849599,593,593,-132.87609793858206,31514.723269335027,-13858.665865951374,4661890934,-61.575119362004784,171.74950002175228,24,350.8697771674684,2149.4571254461334,-68.8145,-44.2186,74.4836,-33.7617,34.5133,-57.2613,-3.21009,-14.6863,-12.5638,-7.35654,0,0,0,0,0,0
1360,1852320,594,594,-141.23589434124847,34563.78470129553,-14616.20685092323,4674252182,-42.41459814023068,206.05739486429655,24,353.0158091751848,2319.088778826044,-71.2964,-49.3941,85.2162,-23.4758,20.6738,-65.1309,-8.14334,-7.84831,-6.65578,-15.1813,0,0,0,0,0,0
1361,1855043,595,595,-85.60177235119028,30929.973771282406,-23602.3103416174,4688059048,-24.693117389758754,179.55277925130326,24,319.5596193750601,2212.8645013285277,-61.9082,-48.4946,90.0316,-13.187,16.025,-49.2752,10.9224,-9.33907,-1.98873,-18.388,0,0,0,0,0,0
1362,1857768,596,596,-9.495985482307162,29645.742156282202,-29555.568416002014,4701381949,-30.68791139759969,151.05185282074956,24,304.1524400427757,2138.7039078529797,-55.5044,-38.6,84.7544,-1.65519,27.284,-42.2236,25.0947,2.15968,8.03537,-18.8411,0,0,0,0,0,0
1363,1860495,597,597,-14.178959180524316,28870.80072535908,-28669.757841916107,4713397610,-33.93665015412341,146.49396795368307,24,296.3465241417666,2188.8316859919764,-60.2305,-22.6304,62.7959,18.4617,24.7209,-51.1835,11.1517,-3.54379,23.9535,-17.6746,0,0,0,0,0,0
1364,1863224,597,597,-17.07256226136724,30327.99311622078,-30036.52073405252,4727453014,-6.259343515053672,188.15374284498336,24,302.2511099629555,2202.7615395319535,-52.9411,-33.8156,65.4262,18.9811,26.3296,-61.7625,24.216,2.71875,4.91758,-11.1427,0,0,0,0,0,0
1365,1865955,598,598,12.791363187164166,24600.35220877105,-24436.733236585114,4741455636,7.098024401535781,152.2155082334042,24,256.14049136945516,2076.4717682761325,-43.7815,-30.776,58.4541,25.2508,30.4823,-34.8229,20.2787,-0.877153,-1.33311,-10.0839,0,0,0,0,0,0
1366,1868688,599,599,30.047048793685065,26365.93261754885,-25463.10747633876,4756158497,23.964052653904957,151.93287895829707,24,267.938003563441,2118.041238120175,-31.6064,-36.8911,53.2326,27.6807,33.9996,-38.7829,16.2416,4.73942,13.0986,-11.665,0,0,0,0,0,0
1367,1871423,600,600,-9.852379990624684,27665.63306839076,-27568.5636769111,4766639088,-0.1420440129107874,161.2690821514044,24,269.26485973558505,2187.2406089682295,-49.5612,-29.9313,45.3297,32.9477,51.4288,-47.4549,-1.68717,-1.0971,-0.826188,-9.00071,0,0,0,0,0,0
1368,1874160,601,601,-25.56846044875931,21413.501307964252,-20759.755138244484,4780034428,-21.582077272794606,140.5808613731977,24,273.1057563418161,2008.601422093073,-47.5004,-29.9765,29.1725,32.4479,52.8407,-48.6176,4.67516,-11.7938,4.63231,-11.4488,0,0,0,0,0,0
1369,1876899,602,602,-9.380640033123996,21148.120809537137,-21060.12440210609,4793695594,-0.9952114652152204,141.7994236860784,24,244.11268995376088,2108.873890957703,-43.5695,-24.9466,19.098,29.868,50.0782,-36.0282,12.4301,-7.16885,5.89168,-15.0335,0,0,0,0,0,0
1370,1879640,603,603,6.86274623104822,20788.00733465722,-20740.910048825455,4807569293,17.117758858183436,184.82069568866922,24,228.74093716806016,2110.5608995314533,-34.623,-14.0716,29.168,21.2814,52.7636,-28.2669,14.5888,-16.3475,-1.62357,-16.0065,0,0,0,0,0,0
1371,1882383,604,604,24.660110019372837,19768.144581329903,-19160.02355516233,4821079448,18.565756422205197,156.03981365885892,24,174.4257116973455,2079.8412787283223,-29.8064,-9.9717,33.1616,12.6975,49.9991,-16.242,2.04061,-6.52061,1.64408,-12.342,0,0,0,0,0,0
1372,1885128,604,604,23.036206575911763,21630.10100779887,-21099.43419439079,4832039354,-2.180693315114013,159.90345414944238,24,156.72916195543354,2134.0597705304126,-45.9742,-3.0266,13.1401,27.2622,36.4044,-2.84031,0.101558,-3.57936,12.9745,-11.426,0,0,0,0,0,0
1373,1887875,605,605,45.87660728709318,25183.00507162344,-23078.341975449268,4844875838,-19.974803131762542,138.48437086862987,24,162.2707093540547,2119.905943003028,-45.2718,8.99344,9.27697,35.749,21.8984,-0.717932,-6.94525,2.46835,25.6874,-5.26206,0,0,0,0,0,0
1374,1890624,606,606,76.79541519860345,24297.864771759796,-18400.3289762339,4860444869,-11.589547366025158,115.85722752129107,24,194.2457333264631,2160.8609939456637,-26.5539,1.00856,9.24569,49.2277,49.2071,-10.3121,-10.1805,-11.3379,26.8315,-0.340789,0,0,0,0,0,0
1375,1893375,607,607,81.22322788432444,23434.155678716852,-16836.942930767953,4874164500,-50.08713488523813,150.64511930114259,24,198.69854292755207,2151.4321756710497,-21.9657,9.0986,4.53055,40.708,53.9757,-12.8402,1.37889,-15.4987,30.2692,-8.43302,0,0,0,0,0,0
1376,1896128,608,608,76.33233371629137,22252.543798271276,-16425.918627696003,4887027590,-26.348516430811173,127.85151886939332,24,239.59644357102445,2128.36668833644,-26.362,3.03396,-3.51529,41.4244,70.1882,-26.0748,2.1256,-14.8987,41.1922,-10.7812,0,0,0,0,0,0
1377,1898883,609,609,112.21603581162077,18118.08871028707,-5525.650017012114,4901938920,-30.16497307881116,113.0206744047199,24,177.98490947903696,2019.2735667243994,-12.8881,3.19396,-0.321909,38.7259,63.8513,-2.05983,-1.0292,-9.84768,39.3292,-6.73772,0,0,0,0,0,0
1378,1901640,610,610,98.52464747885926,23360.233679503985,-13653.127518670495,4911722099,-6.3688769131640015,155.5370682903702,24,299.2785879138461,2122.4329334117133,-37.3986,9.19933,-16.2218,55.4375,78.2479,-25.9363,17.4349,-13.3429,38.582,-7.47734,0,0,0,0,0,0
1379,1904399,611,611,74.5249819948337,24814.76782818329,-19260.794886853,4924333160,-34.439299471703976,162.44536119168276,24,272.6819582897868,2136.9682314872525,-42.0389,14.2796,-19.8794,44.0681,77.6414,-25.8242,9.79304,-0.514054,27.8213,-10.8219,0,0,0,0,0,0
1380,1907160,612,612,68.16360439255891,24844.759516076218,-20198.48255229094,4937382515,-49.08487700453253,154.40204736797585,24,234.68048071073076,2182.6936229682547,-43.6636,11.3549,-10.7929,36.5988,56.391,-28.802,16.6353,2.53465,26.6913,1.21609,0,0,0,0,0,0
1381,1909923,612,612,103.09877384092408,22591.94605863788,-11962.588891135869,4952687709,-32.48679496402002,104.59052821848167,24,228.75894751467706,2127.2348043658503,-27.4181,0.505108,10.4561,47.1322,58.8547,-35.412,5.68019,7.92543,34.2484,1.12678,0,0,0,0,0,0
1382,1912688,613,613,145.25706225107047,27015.28624793425,-5915.672114122892,4967022981,-20.313559391774504,102.34297879843831,24,254.42454110205313,2191.658482069849,-19.157,-0.499256,13.6917,41.8249,68.4183,-29.2051,15.0357,14.5451,46.3251,-5.72239,0,0,0,0,0,0
1383,1915455,614,614,170.91032191308443,19691.417225280285,9518.920911153862,4981638068,-2.7191986338935976,87.49413787430115,24,236.99874648806906,2045.0419561502054,-8.02563,13.7209,11.0864,44.354,52.8965,-18.1889,17.985,11.6967,52.215,-6.82972,0,0,0,0,0,0
1384,1918224,615,615,244.45185970904907,22711.46635146897,37045.24536374364,4996188598,16.077584751118252,72.97047444875341,24,244.45185970904907,2134.740417389078,5.12127,25.7865,16.2306,57.1174,52.4446,2.91434,16.5267,8.20176,52.6529,7.4559,0,0,0,0,0,0
1385,1920995,616,616,230.19592897317943,23783.220363541383,29206.945352283685,5008740685,16.197381596716184,55.389109675539146,24,233.91892190432281,2110.87811452572,-1.8615,19.9269,24.6108,43.7188,61.9934,2.57608,20.6828,17.61,38.6998,2.23899,0,0,0,0,0,0
1386,1923768,617,617,189.15609113563846,22806.996775364976,12973.030038348988,5019409252,-12.69368973612194,86.63013531545897,24,261.807653206409,2126.071238355817,-21.8287,25.0624,17.9029,57.5596,50.465,-14.497,12.427,19.7185,33.7149,8.63175,0,0,0,0,0,0
1387,1926543,618,618,189.09846972976158,25623.0455187364,10135.185735401159,5034268425,-31.457341302042835,98.74109815283958,24,242.13120140883512,2304.2393567558042,-11.9256,27.2727,11.3531,62.0718,49.0971,-14.5907,8.97124,20.2515,32.1923,4.40507,0,0,0,0,0,0
1388,1929320,619,619,222.49840723326508,28292.738468020936,21212.80275331893,5048869475,-8.97996610590468,113.82010571482414,24,230.3677951789174,2263.0035226214477,-3.00702,29.3286,9.70841,68.9026,58.6399,-0.927674,9.81922,17.9734,29.3941,2.66687,0,0,0,0,0,0
1389,1932099,620,620,273.15790011661807,27952.542339692493,46662.6960564278,5062655189,-16.754507658161288,83.93884305416384,24,284.5371274344059,2218.8921187542355,0.781973,43.6088,3.06731,70.6498,62.1808,10.0717,30.0612,13.0245,45.4014,-5.68961,0,0,0,0,0,0
1390,1934880,620,620,259.4524618349381,26744.426959017015,40571.152993193,5076380351,-14.132189331264954,98.81096668422265,24,260.0467522832766,2277.7127569774275,0.586477,28.7346,15.4906,68.3069,59.7213,12.6395,21.0013,14.7254,38.5435,-0.297145,0,0,0,0,0,0
1391,1937663,621,621,239.53561225055444,22039.41150994759,35337.898026300376,5088182882,-23.14134660606794,100.32550545309743,24,263.01285638883553,2158.9200731457067,-11.7386,29.9352,27.0761,57.1361,51.6198,21.186,22.3559,7.34718,34.1509,0.467168,0,0,0,0,0,0
1392,1940448,622,622,259.45250466603824,20728.03119664586,46587.57098083474,5102983847,-21.759750090245063,74.21577917935934,24,263.54893483979316,2044.1871325884456,-2.04822,25.1309,42.3284,49.9454,50.9694,15.926,23.2936,11.9532,40.8345,1.11944,0,0,0,0,0,0
1393,1943235,623,623,232.6424467609828,19875.206561499817,34247.301473436906,5115833659,5.089837605217724,100.27494017489988,24,255.61722149422678,2155.9022110834603,-11.4874,5.40129,48.978,48.594,38.5939,16.1122,28.7227,9.3075,35.9077,12.5126,0,0,0,0,0,0
1394,1946024,624,624,209.77377932598017,17846.365747049014,26158.67274565601,5130849565,-12.207002101581622,85.85861292393514,24,216.9891001180839,2020.888355986335,-2.91106,4.51737,43.3792,46.6528,49.2086,-0.696601,25.967,11.8105,16.5605,15.2855,0,0,0,0,0,0
1395,1948815,625,625,257.1418689883094,18027.740491178258,48094.20029562261,5146431504,21.407411734346795,97.00856389415691,25,257.1418689883094,1941.143318389234,12.5357,7.85765,47.0967,42.2095,45.0067,20.3933,27.9024,16.3361,31.6381,6.16566,0,0,0,0,0,0
1396,1951608,626,626,234.7047018696121,21820.51989399658,33265.77718570692,5156547903,-23.122430020775028,96.8900799200976,25,258.70874249129884,2166.8737012223723,-12.002,16.0436,38.4843,48.1711,47.71,13.6781,25.6406,16.2554,24.7737,15.9499,0,0,0,0,0,0
1397,1954403,627,627,286.619907022306,22534.902673238663,59616.068428236664,5172511793,24.145465396833288,143.21778208505907,25,286.619907022306,2175.3851143413203,4.33072,18.3043,31.1096,57.9678,51.1377,31.2257,35.6785,13.532,20.4866,22.8469,0,0,0,0,0,0
1398,1957200,628,628,277.664793011243,21547.92682274084,55549.81045523557,5185994958,10.417667601538653,113.75019184124682,25,277.664793011243,2163.307502656523,3.67894,22.5601,48.7226,39.7554,41.9265,32.3167,43.3121,20.7876,3.99127,20.6137,0,0,0,0,0,0
1399,1959999,629,629,305.1981317029086,22638.99471416429,70506.90488078164,5199517518,17.119914150211685,118.4765329757372,25,305.1981317029086,2223.794184961362,1.89766,21.8906,46.3382,53.7997,37.7145,38.5023,42.6524,22.1719,20.2232,20.0075,0,0,0,0,0,0
1400,1962800,629,629,298.6171188263647,21234.00230287662,67938.18135328259,5214495624,29.173542826853122,121.42600032794542,25,298.6171188263647,2145.2323612917526,7.13186,19.0668,29.0164,52.574,35.2225,45.5747,51.0824,25.2037,17.8407,15.904,0,0,0,0,0,0
1401,1965603,630,630,284.5575726561972,21944.623993978978,59028.38816200796,5227953992,36.88613458847533,137.77806417469662,25,284.5575726561972,2188.662072073597,4.23657,19.4672,32.6184,35.5202,40.7327,45.1222,34.019,34.254,22.5411,16.0462,0,0,0,0,0,0
1402,1968408,631,631,271.7926009343029,19885.031194816685,53986.18672781655,5242223525,52.87571739080039,107.9079002891844,25,271.7926009343029,2161.5199037811244,7.35676,26.7132,24.2869,31.6248,37.6027,31.8336,44.1408,32.0996,13.5642,22.5702,0,0,0,0,0,0
1403,1971215,632,632,247.3052963615528,20189.998015103996,40969.911593371464,5253945259,72.0970116302471,115.19360755746078,25,266.61030171688344,2171.2463588325186,-9.6525,20.034,29.1929,26.3154,26.2836,40.6599,51.0784,30.4529,14.8619,18.0789,0,0,0,0,0,0
1404,1974024,633,633,219.4303576773071,20885.067984688532,27264.61388570239,5266383085,47.51442058149365,116.73549620090608,25,260.7229555665379,2192.6529265037952,-20.6463,24.3499,18.6905,24.4922,53.8705,21.829,31.6044,40.0637,14.1876,10.9889,0,0,0,0,0,0
1405,1976835,634,634,221.5759439228931,19944.935286280823,29150.963639040237,5280192989,50.58977752586236,146.07721396072986,25,267.11500389155833,2117.568253965698,-22.7695,21.7405,25.5829,17.3349,39.3723,33.0005,40.9333,36.4437,12.1883,17.7491,0,0,0,0,0,0
1406,1979648,635,635,248.095424403653,20266.21417349614,41285.12543653256,5295616391,20.538443106194393,131.7628831364296,25,269.8500180359825,2157.1873400937934,-10.8773,25.9769,20.2272,26.4208,27.2234,37.7291,43.6678,43.4602,13.4874,20.78,0,0,0,0,0,0
1407,1982463,636,636,211.77565031918317,18586.393053071544,26262.5330150414,5308770483,-2.5925229659173397,124.54225386064849,25,257.6747255259293,2074.1968004822875,-17.1145,23.4372,20.1895,17.2626,33.3504,37.5326,42.9975,44.5361,-5.83506,15.4194,0,0,0,0,0,0
1408,1985280,637,637,270.463756616343,19291.647052224314,53858.9965908001,5323402012,26.703178421200676,85.07342040060149,25,289.1361443813359,1995.6703366368324,-9.33619,30.7434,33.8979,16.3348,48.7453,24.0611,48.2138,48.1117,13.475,16.2171,0,0,0,0,0,0
1409,1988099,638,638,274.74433507659234,19959.986070339353,55524.463586339494,5338122791,29.670439781779123,97.37890840325827,25,284.118935538422,2099.0685786649674,-4.6873,25.1242,48.7682,11.4122,42.5024,30.3168,41.45,49.9402,15.1886,14.7291,0,0,0,0,0,0
1410,1990920,638,638,259.0832160936089,19866.275835818862,47257.83702558877,5351381351,6.542810024134951,85.84076233686255,25,279.12912451095787,2165.8196469785826,-10.023,29.5001,47.624,19.3986,52.35,12.766,37.1673,50.8632,4.67532,14.7616,0,0,0,0,0,0
1411,1993743,639,639,236.7395599006278,19512.15924100015,36533.45998094279,5367454366,56.61024962753589,117.52019699108547,25,236.7395599006278,2037.6207776638832,1.51203,21.9507,41.5621,15.3865,47.1026,13.9325,37.8884,43.6803,2.3219,11.4024,0,0,0,0,0,0
1412,1996568,640,640,213.86903774224976,22219.87431963101,23520.09098516484,5380687122,37.69814370776487,129.5374168451208,25,232.68769314175353,2222.0462756993074,-6.93754,19.2472,36.4056,17.6922,38.0292,11.0967,35.1165,51.644,-2.47179,14.0469,0,0,0,0,0,0
1413,1999395,641,641,249.21710491646604,18847.651500089774,43261.51388285507,5396727861,46.10017672291298,125.78838732927835,25,249.21710491646604,2039.271354834939,7.48355,25.7675,31.3281,21.668,44.5914,20.6177,30.9411,37.5318,15.8339,13.454,0,0,0,0,0,0
1414,2002224,642,642,225.52503181077293,19668.07736346229,31193.46260978785,5409241634,32.06670689740116,95.89405749787312,25,231.68487421929706,2092.3514972824396,-3.07992,32.1338,26.2415,26.8021,44.4276,23.877,15.2693,38.5965,7.41144,13.8456,0,0,0,0,0,0
1415,2005055,643,643,260.19422010548965,22971.358678467317,44729.67349783668,5423202044,52.5446046218064,138.90137162916432,25,267.7396323194678,2232.56453975,-3.77271,39.5746,12.39,36.8574,44.5281,22.947,35.69,34.9847,18.0157,18.9796,0,0,0,0,0,0
1416,2007888,644,644,269.72947745775724,21674.403303939056,51079.58770569572,5437916327,35.458064062047754,129.51270587395828,25,270.629590076042,2146.6726850928167,-0.450056,38.0106,24.2103,19.0602,44.1698,42.3752,39.9023,28.2286,17.0848,17.1377,0,0,0,0,0,0
1417,2010723,645,645,309.9934527264138,21815.454994558753,74280.4857386846,5453757343,42.3150284782007,126.0748408187053,25,309.9934527264138,2142.54862492593,11.7433,28.5212,49.2678,9.18589,49.8196,47.0854,40.2286,31.6185,31.7554,10.7677,0,0,0,0,0,0
1418,2013560,646,646,302.13882472221974,25103.885351800254,66183.98405272396,5466767342,-15.531184353722324,136.54902973451533,25,305.36327043642393,2266.5599093565843,2.95209,24.8778,67.3121,-1.61222,45.8231,44.0584,50.4481,33.638,33.8681,0.773422,0,0,0,0,0,0
1419,2016399,647,647,321.72801820630383,24790.747347963115,78718.17035099266,5482375324,8.118527917535175,107.37407543595668,25,321.72801820630383,2236.5951543778083,11.0316,20.458,70.4394,5.5889,49.5546,34.5771,52.167,37.9934,37.8936,2.02438,0,0,0,0,0,0
1420,2019240,648,648,279.51328361260056,23641.052298612973,54486.623417285104,5494867534,0.6010328633046242,84.56206076689256,25,295.69005579487754,2196.824193352424,-0.873451,19.8843,76.3906,4.77655,42.1897,44.0034,46.5788,34.0589,19.7194,-7.21493,0,0,0,0,0,0
1421,2022083,648,648,312.6153087658983,31281.163685448897,66447.16758934903,5510534482,3.9809303195835355,98.69337547846317,25,312.6153087658983,2401.8023802955486,9.09225,28.3852,62.583,9.88364,35.1758,58.1465,53.8911,26.4167,29.0009,0.0401891,0,0,0,0,0,0
1422,2024928,649,649,274.23964991953403,30550.864359224783,44656.5212287638,5523197941,-21.678021954583585,86.52601203634998,25,282.0929298444855,2375.727116505309,-3.92664,23.8812,64.6041,2.23032,22.9882,64.5744,50.3127,17.4803,23.796,8.29902,0,0,0,0,0,0
1423,2027775,650,650,283.1612329806579,33885.52257345851,46294.761289667935,5537491427,-41.11762093118443,86.72402208608048,25,291.3107263152691,2408.4808937480257,-4.07475,28.4517,53.9417,11.3327,38.1616,51.6395,47.43,21.1457,15.9525,19.1806,0,0,0,0,0,0
1424,2030624,651,651,328.67645390783474,29757.313159957226,78270.89819347179,5552900403,-12.99122590769656,89.1188418266791,25,328.67645390783474,2287.180650059382,4.79256,28.8683,72.9505,6.75246,43.6934,60.2373,55.9396,19.4158,9.85684,26.1695,0,0,0,0,0,0
1425,2033475,652,652,352.6571858942586,32263.36559267808,92103.72517017958,5568569674,3.795749232197636,102.84441218357586,25,362.80887628862155,2404.6137865006585,12.5307,30.5085,73.1951,-5.07585,68.4939,56.661,60.9516,22.6606,11.3017,21.43,0,0,0,0,0,0
1426,2036328,653,653,332.90921405839526,28110.580027146425,82717.964777832,5583392477,2.0916425008875876,117.58620122085267,25,332.90921405839526,2338.935823115278,13.2842,24.9948,63.3511,11.2549,65.5645,41.9872,51.8681,29.6066,3.58617,27.4115,0,0,0,0,0,0
1427,2039183,654,654,300.1379474414138,26286.506149188623,63796.28134515626,5596624001,-20.564804291523274,101.47197965344708,25,303.24396003714304,2255.22141083921,2.90852,25.5556,55.6646,10.5907,74.3676,31.3144,52.0698,24.1717,-1.55301,25.0481,0,0,0,0,0,0
1428,2042040,655,655,245.17478569648563,25809.243893332514,34301.43164798514,5609813562,-29.346270730199876,134.43203047271209,25,292.9679382837379,2301.40941489811,-9.45174,15.1116,69.8845,-9.0928,89.4306,20.4624,34.7853,17.8796,-5.35203,21.5173,0,0,0,0,0,0
1429,2044899,656,656,224.7297936517793,26918.613692615098,23584.866462156202,5624892407,-18.776239019077536,104.70355528806925,25,248.3222793201498,2318.336069801534,-6.94116,13.742,62.1071,-4.85509,79.2151,10.2436,33.7934,18.9106,2.84513,15.6691,0,0,0,0,0,0
1430,2047760,657,657,234.2250575592114,29611.79472703056,25249.58286158533,5639195645,-55.364228573523405,132.06304613548275,25,273.8065378890713,2434.3871097903193,-8.41517,16.2187,68.4733,-11.3756,69.0983,28.2853,34.9018,16.2481,3.88786,16.9023,0,0,0,0,0,0
1431,2050623,658,658,246.5118109409574,26187.124248934477,34580.94868445584,5652713999,-74.52679584930621,141.23937104068358,25,306.83356455634714,2377.3179589465694,-16.0183,15.9188,74.843,-14.1426,79.2495,23.8049,39.2075,20.088,5.42936,18.1317,0,0,0,0,0,0
1432,2053488,659,659,252.76137250647793,30473.26626308081,33415.045168277684,5666083282,-72.90482604351354,132.48814090175148,25,307.32753454929247,2442.076963306171,-24.6061,20.4651,66.039,-2.677,79.0245,23.3016,41.7204,31.441,7.67621,10.3768,0,0,0,0,0,0
1433,2056355,659,659,243.73730716539376,27366.587245579787,32041.28765865772,5679762836,-116.23470549263664,152.62160626175205,25,307.3782055561592,2347.316066860201,-31.3229,19.0858,58.5511,22.7105,53.9817,32.8001,42.522,31.1342,14.7724,-0.497512,0,0,0,0,0,0
1434,2059224,660,660,222.28157465850097,27002.073083280062,22407.025349382682,5696255596,-125.6346694047765,155.9373583541922,25,268.61190926454367,2405.8736257239157,-21.0244,20.7017,56.7374,7.17227,55.9467,16.126,49.1268,18.6021,21.0339,-2.14075,0,0,0,0,0,0
1435,2062095,661,661,236.31413086283607,25228.810488224597,30615.55795723301,5711897625,-73.93540678549863,135.74010320716235,25,268.02407885844474,2398.2391622260952,-15.855,6.39206,62.3965,15.4699,42.8128,21.4325,60.9236,15.5352,24.4969,2.70969,0,0,0,0,0,0
1436,2064968,662,662,292.6569428561464,23384.27359183743,62263.81261006829,5730083672,-72.3530065434698,111.08688949333902,25,292.6569428561464,2209.248703439742,8.32984,6.92875,62.6479,27.0854,27.7607,34.0286,56.8291,26.9225,32.4486,9.67555,0,0,0,0,0,0
1437,2067843,663,663,285.624036002609,29008.8614976429,52572.22844477677,5742198354,-78.04296779282146,155.46760119341076,25,302.85282564034736,2451.7253284321177,-8.61439,12.6886,67.1368,22.2876,21.7088,49.6145,56.7276,20.6788,23.21,20.1856,0,0,0,0,0,0
1438,2070720,664,664,325.92218118574857,29973.586229433837,76251.6819594421,5757599758,-87.26546320906573,159.01567485847522,25,329.00870700056004,2342.3181447285124,-1.54326,25.2949,78.6126,18.8974,23.8292,40.832,55.9262,18.9614,38.7295,26.3823,0,0,0,0,0,0
1439,2073599,665,665,297.92272716807895,28650.979081550722,60106.97228171488,5771537430,-117.99715942359836,183.80428682166627,25,319.12505656108954,2424.208386409231,-10.6012,29.9756,58.1703,20.4277,6.96189,47.157,69.4361,17.7721,35.6278,22.9954,0,0,0,0,0,0
1440,2076480,666,666,284.89285996166984,26135.147066910267,55028.79459022936,5786689828,-83.2869617392812,164.68391422579202,25,304.1802628114016,2450.1151767189995,-9.6437,27.6514,49.6326,29.7753,0.631001,46.7264,59.8301,12.1436,41.9265,26.2196,0,0,0,0,0,0
1441,2079363,667,667,306.9308237617885,32039.711164984597,62166.81941010546,5802007973,-83.54507816681445,150.78744278275263,25,318.56132102940376,2524.719083159641,-5.81525,26.4016,55.0976,22.4594,11.8343,52.0342,69.7266,17.8119,34.3278,23.0527,0,0,0,0,0,0
1442,2082248,668,668,321.92101688913056,30655.333096990464,72977.80801794141,5816341698,-97.40218088959404,140.19826337533112,25,343.8638899108638,2527.0536595880067,-10.9714,23.9982,54.708,28.9676,10.859,47.6245,71.4311,18.9707,52.4029,23.9304,0,0,0,0,0,0
1443,2085135,669,669,313.8208822987948,29607.229524888047,68876.31664190599,5830142978,-126.28520650116656,152.88527539025262,25,348.33410568053694,2396.5467546568925,-17.2566,24.818,58.3972,35.3975,10.8862,48.9273,59.2224,26.7774,43.269,23.3827,0,0,0,0,0,0
1444,2088024,670,670,332.8020344888436,28598.093557317254,82159.10060259621,5846498324,-114.43480760104143,164.2538572547624,25,347.85490100707915,2395.4406081764464,-7.52643,27.4842,54.8376,39.1438,18.9063,45.2342,54.7318,28.4743,45.9041,25.6122,0,0,0,0,0,0
1445,2090915,671,671,296.0507738133393,28934.32201731024,58711.73865816672,5860437898,-106.39821659378492,154.44538986865894,25,327.901211792233,2426.225504566025,-15.9252,30.2247,45.5917,40.5588,12.9156,44.9055,43.1155,33.4817,36.4614,24.7211,0,0,0,0,0,0
1446,2093808,671,671,338.74120821564026,29273.105115015143,85472.5010283766,5877374662,-88.09709682888035,139.88150988414316,25,345.3585218460535,2437.0616162822043,-3.30866,19.9604,58.0998,45.2989,23.0233,43.2036,39.0159,46.9479,36.2011,30.299,0,0,0,0,0,0
1447,2096703,672,672,310.74473133835744,30682.788895003087,65879.49915954485,5889602772,-108.64019448138231,135.89505510334777,25,354.3868027499531,2493.995824224942,-21.821,29.7705,39.9235,59.7118,26.2201,44.7905,32.2013,30.205,36.8435,32.8997,0,0,0,0,0,0
1448,2099600,673,673,343.60461580910857,29384.288499233007,88679.84350609209,5904822997,-64.68764103938918,109.32364757297421,25,384.2407605868976,2399.487575734992,-20.3181,26.427,53.4945,54.3565,47.2228,38.1706,43.0922,30.8817,52.0374,18.2399,0,0,0,0,0,0
1449,2102499,674,674,342.10641941671446,28740.68921959715,88296.1129865278,5922300166,-5.296032758718638,146.8153071996917,25,353.99447357298294,2500.690520550921,-5.94403,37.3066,39.2276,53.0869,44.9616,23.9315,39.8941,30.9258,61.1326,17.5838,0,0,0,0,0,0
1450,2105400,675,675,393.0195472423922,31624.686022088725,122839.67849252623,5937935850,9.301766717663213,150.08291730199176,25,396.128837729758,2551.6749265825,-1.55465,36.0326,33.9455,72.7273,49.502,26.8576,60.375,31.2576,61.8211,22.0555,0,0,0,0,0,0
1451,2108303,676,676,420.54468202157506,35081.72223407806,141776.1073425496,5954410925,-16.119835893594598,174.1606106256226,26,420.54468202157506,2626.272325757275,7.70584,41.8331,36.8244,63.288,54.3249,23.7963,56.5691,42.4058,63.0422,30.7551,0,0,0,0,0,0
1452,2111208,677,677,441.47282438748897,34183.88897854015,160714.36569412652,5969948906,-31.392583187071523,138.01477972324028,26,441.47282438748897,2613.4901107557143,9.98166,38.6286,40.4517,69.1623,56.3215,18.092,57.1575,37.6446,75.6799,38.353,0,0,0,0,0,0
1453,2114115,678,678,382.631728206462,31098.398688734756,115308.64074152907,5984181759,-25.919436141889946,141.56110215388844,26,382.631728206462,2542.419473050032,2.1286,33.4985,42.3152,66.7095,52.4044,6.65277,33.4437,36.6826,72.3577,36.4387,0,0,0,0,0,0
1454,2117024,679,679,371.0234749451964,31002.96386430822,106655.45509610057,6001541631,19.627594773150406,129.99880047944163,26,376.57898150291373,2536.5388348428733,16.2909,32.215,44.0904,66.4986,50.4852,-2.77775,40.7293,25.1416,57.0826,41.2678,0,0,0,0,0,0
1455,2119935,680,680,366.77538184031266,28979.136925084487,105545.04379902268,6015414762,17.710320003052345,140.4444923696122,26,367.7266435085468,2526.551077532632,5.3243,27.1543,50.0215,62.1237,50.1035,-0.475631,42.8206,32.5187,55.0636,42.1209,0,0,0,0,0,0
1456,2122848,681,681,383.25047373565627,29913.23258630038,116967.69303230458,6031475785,46.096282540754544,137.33565213561332,26,383.25047373565627,2504.0840611291005,10.373,35.9402,43.7833,59.9801,30.5535,25.3499,52.5035,35.096,55.105,34.5658,0,0,0,0,0,0
1457,2125763,682,682,363.6106825072269,28235.07557894518,103977.65285442617,6048361080,65.89240386448961,154.68440923349095,26,363.6106825072269,2537.4234371872553,16.293,17.8004,36.7021,64.6776,30.9823,25.5408,37.6914,43.4194,49.3343,41.1695,0,0,0,0,0,0
1458,2128680,683,683,369.4372329371883,30182.52229317531,106301.34678711102,6063095990,32.54629455954199,115.90209277398634,26,369.4372329371883,2507.369262516442,14.2282,20.6558,53.6087,55.4482,32.1452,30.2941,35.67,47.2189,55.0587,25.1095,0,0,0,0,0,0
1459,2131599,684,684,398.0106246034727,34042.149562006445,124370.30773524003,6079110342,23.835037249237303,138.0941373356211,26,398.0106246034727,2629.952582477627,18.0346,19.5855,53.597,60.2214,37.4794,23.668,55.8556,54.2327,58.1402,17.1964,0,0,0,0,0,0
1460,2134520,685,685,412.11669426529966,35967.606528858894,133872.56316329958,6094592101,53.87283352094306,160.03587625713038,26,412.11669426529966,2595.8629599564815,17.8563,14.3618,52.4892,67.0627,27.8097,37.0509,61.4355,51.1459,54.2627,28.6419,0,0,0,0,0,0
1461,2137443,685,685,365.1078221635558,32246.22754939315,101057.49425562152,6110375425,83.39258318539368,179.2582699593799,26,365.1078221635558,2566.2079228315833,17.5493,17.3609,41.4642,57.8223,22.5184,38.7843,50.9196,32.6251,49.2144,36.8493,0,0,0,0,0,0
1462,2140368,686,686,329.74503947447994,28828.132920761174,79903.65813726516,6125816267,82.99276888958536,174.96389491425873,26,329.74503947447994,2494.9773216456692,14.2576,5.20667,54.3468,50.6572,30.9346,35.2516,42.3944,28.8507,43.2925,24.553,0,0,0,0,0,0
1463,2143295,687,687,344.5781505227096,35952.14847797396,82781.95333967716,6140244009,61.21560334877523,180.54448477087368,26,344.5781505227096,2710.4009438261655,9.83705,17.1267,86.6238,20.4969,40.2626,27.4421,45.28,34.422,33.4729,29.6141,0,0,0,0,0,0
1464,2146224,688,688,349.05397129763304,34182.68038829821,87655.99449035063,6158759187,69.72111436788549,173.05483226640155,26,349.05397129763304,2624.768241511282,30.4318,19.0419,76.416,27.4856,37.3136,39.2673,43.9571,19.9,41.5373,13.7033,0,0,0,0,0,0
1465,2149155,689,689,371.00085829594497,33396.7719500613,104244.86490626652,6174972576,134.7735141288083,208.15613100022824,26,371.00085829594497,2620.6450373839843,32.8979,29.0313,40.6004,50.1453,48.3658,37.1848,48.8359,23.8047,34.0889,26.046,0,0,0,0,0,0
1466,2152088,690,690,306.8484620695929,33305.794777677955,60850.18389679645,6187109678,90.42001753222553,169.8463681719088,26,306.8484620695929,2630.418595734921,8.37926,15.8675,64.6175,33.2955,32.7764,36.5586,47.2078,22.9288,25.353,19.864,0,0,0,0,0,0
1467,2155023,691,691,358.5769755351133,36591.33827298375,91986.1091109255,6204025437,102.39385530340343,168.66704866777678,26,358.5769755351133,2734.8935745148583,19.7319,29.9263,70.7922,26.0338,37.9108,34.6389,46.5849,31.8214,30.3163,30.8206,0,0,0,0,0,0
1468,2157960,692,692,414.3247423647302,37715.871564937464,133949.12057066258,6222784728,86.10526878910736,166.4401996479358,26,414.3247423647302,2701.1517205065375,41.0998,29.8319,83.8731,16.9215,53.9582,32.7411,56.9496,37.7313,39.4234,21.795,0,0,0,0,0,0
1469,2160899,693,693,379.8914365851085,31591.92538575492,112725.57820494262,6237538020,86.68241351788959,134.4036395008469,26,379.8914365851085,2602.2481099846987,29.3391,22.8116,55.9564,32.0623,59.2593,31.0942,53.3317,45.8418,40.7146,9.48054,0,0,0,0,0,0
1470,2163840,694,694,343.0866347098369,32173.821617541027,85534.61729898004,6253700967,64.74086726049563,119.41037879350097,26,343.0866347098369,2600.492313398723,28.5936,13.7866,57.1838,16.7785,63.5665,13.6417,70.9011,30.9872,38.4699,9.1775,0,0,0,0,0,0
1471,2166783,695,695,328.8683678360642,30968.573872777015,77185.82949037981,6267424079,60.91945909931911,122.66617233093547,26,328.8683678360642,2594.5900897311303,13.7194,17.8357,53.4138,13.7483,54.968,35.1072,72.1818,41.2209,17.7694,8.90384,0,0,0,0,0,0
1472,2169728,696,696,330.2484307439477,32821.64110205131,76242.38490678873,6284128195,29.207403933367686,126.32117274469965,26,330.2484307439477,2622.314520308312,18.8605,13.7318,51.5499,19.949,61.0786,33.8223,67.0431,33.1141,20.5001,10.599,0,0,0,0,0,0
1473,2172675,697,697,275.04396347841697,27608.159159404575,48041.022686512195,6300560017,65.41674207779204,115.22305541623825,26,279.7421642694838,2518.1776239268884,21.873,12.8502,51.8435,14.6575,45.3763,21.3606,62.7182,33.6882,13.0255,-2.3491,0,0,0,0,0,0
1474,2175624,698,698,269.48599782164047,28279.150390471066,44343.552631454135,6316279317,18.725910771243377,105.29165713796232,26,272.51151855669764,2588.5550228032994,20.9008,16.8156,41.97,15.9382,60.5012,11.81,64.2802,30.4936,8.2892,-1.51276,0,0,0,0,0,0
1475,2178575,699,699,285.3055112773305,29573.360353042386,51825.87441217656,6334697218,21.636896453245697,145.63832041654445,26,306.13261724667467,2580.9070821759087,34.7999,6.85512,45.4882,10.8066,64.8842,37.4449,66.4592,14.6977,14.2833,-10.4136,0,0,0,0,0,0
1476,2181528,700,700,295.4445895368368,35642.50366182272,51645.00182476727,6351676942,54.56140700009274,163.17654430567842,26,302.04554561105,2597.270728245042,43.7143,3.88982,65.5224,14.9074,47.4356,42.0736,54.7274,-2.72093,26.4747,-0.579548,0,0,0,0,0,0
1477,2184483,701,701,245.756288179639,32371.70324148788,28024.449938345893,6364096263,-17.77666785818917,143.16655611074918,26,254.69360278900297,2618.7956830470775,20.5001,7.99864,66.9502,12.9295,41.5437,28.8828,43.8912,0.86069,26.6681,-4.46866,0,0,0,0,0,0
1478,2187440,702,702,236.73078257655033,29121.65665340432,26919.806765901627,6379071983,9.562003048861527,138.95654937333114,26,236.82181487954693,2577.111824151404,13.3011,-0.0455162,65.2859,29.0257,18.8295,36.1446,49.5568,15.3949,7.14212,2.0957,0,0,0,0,0,0
1479,2190399,702,702,240.86046693362454,29289.718803921904,28724.045727561737,6394849355,26.2394799577217,127.52861534586947,26,273.25786419409843,2673.0355533207335,11.9736,0.132579,57.7042,42.1249,12.4691,33.588,76.1273,20.972,1.96741,-16.1987,0,0,0,0,0,0
1480,2193360,703,703,258.3476976837789,29461.0783049852,37282.45459352402,6410668227,16.268338180185026,89.2125263214304,26,289.7981880567832,2552.258079518486,11.6613,0.157719,64.0266,41.2086,15.6539,38.2973,66.192,17.7696,19.1057,-15.7252,0,0,0,0,0,0
1481,2196323,704,704,254.22959980212516,29535.385362968587,35097.30405258013,6426516973,7.051307909763125,113.4764386362395,26,276.0103426466017,2616.966448941179,10.2205,2.25695,56.4306,50.2133,13.8421,44.2869,61.3566,13.6664,12.8465,-10.8904,0,0,0,0,0,0
1482,2199288,705,705,241.5207621452655,30550.901997515826,27781.37654971409,6441274994,-6.893109216482571,129.028520976113,26,253.40095930937537,2672.8915689857367,3.79492,13.3514,55.8225,51.5391,9.20962,44.6367,45.119,14.7755,9.21208,-5.9401,0,0,0,0,0,0
1483,2202255,706,706,192.13454325534536,30519.333923379607,6396.348788560572,6456115951,31.33001324015555,123.97634475407136,26,214.1318608282765,2581.4647670294366,-5.7592,6.51986,55.3708,55.6218,2.47984,25.9752,55.2709,0.545601,1.34928,-5.23946,0,0,0,0,0,0
1484,2205224,707,707,217.22084886310824,31499.797141685533,15685.10003912378,6473140185,45.57130673129967,105.76464249340921,26,247.541909837042,2514.853404490084,-1.29807,6.53547,57.7504,45.7716,14.922,29.9613,58.7373,18.7032,-0.069727,-13.7927,0,0,0,0,0,0
1485,2208195,708,708,207.87639269906714,29798.89029121463,13413.704350362146,6490593164,68.21096494563022,105.36098902659745,26,236.70507865193275,2573.1203883658604,6.03455,1.77319,63.2854,42.9216,0.102331,38.4815,50.2955,13.2313,6.16539,-14.4143,0,0,0,0,0,0
1486,2211168,709,709,256.8542382948538,29883.644214771233,36090.455515258305,6507467342,62.05136308653681,148.3490690277559,26,274.07059486352676,2580.565962059288,11.3824,3.85806,70.7325,47.1476,-3.37278,42.1902,43.5535,33.7106,12.8876,-5.2354,0,0,0,0,0,0
1487,2214143,710,710,195.9810668305081,27441.98610853215,10966.592447491934,6520444494,58.70288301831198,148.86699376229188,26,261.7547303379147,2634.952055791986,-12.3982,2.01697,59.4149,42.2141,-3.92655,35.7255,49.3191,40.1773,-11.1785,-5.38352,0,0,0,0,0,0
1488,2217120,711,711,165.9552860664876,22317.06045263009,5224.09652077964,6536913403,58.8840626404554,162.59862856669105,26,237.19353180434996,2437.384119532296,-14.1636,7.17108,37.8466,48.5096,2.32625,28.5097,34.8691,37.2815,-21.4555,5.0604,0,0,0,0,0,0
1489,2220099,712,712,87.64069668835316,27888.233844416154,-20207.342128396238,6551033888,69.09579172574968,183.96858168345943,26,252.1820880306551,2623.614559624584,-32.0575,0.399212,25.4388,40.8092,-16.156,53.0261,23.4312,23.2904,-34.0572,3.51657,0,0,0,0,0,0
1490,2223080,713,713,70.8720985198504,28438.69153115596,-23415.83718254858,6565752616,22.301803047222563,179.59136004423902,26,236.45000809851513,2609.385931682112,-42.9362,1.47455,26.0159,40.1021,-9.901,37.7333,24.4818,23.8534,-28.0588,-1.89305,0,0,0,0,0,0
1491,2226063,714,714,42.293433059506526,29251.763781763984,-27463.029301805025,6581426008,24.951766892041235,202.0460410846626,26,222.79103608759505,2674.504152362746,-50.9432,-3.22812,14.7543,32.2312,3.61965,41.3413,17.6296,22.9662,-32.1402,-3.93726,0,0,0,0,0,0
1492,2229048,715,715,109.25230932395056,28645.780804901347,-16709.713712285175,6601018902,44.6519797554684,159.62936651140473,26,257.1675550212123,2625.3515203112174,-27.9351,4.91645,18.2412,31.6752,-21.8695,63.8619,19.7002,37.9511,-24.153,6.86385,0,0,0,0,0,0
1493,2232035,716,716,109.45806764031533,30816.270319130042,-18835.201747578198,6615999170,0.25943269447219564,173.54694561249067,26,292.97429840771326,2659.780474476453,-37.0554,9.13502,19.0423,31.8742,-28.5403,75.7372,30.353,35.0745,-20.9938,-5.16865,0,0,0,0,0,0
1494,2235024,717,717,191.33601685787443,27765.654879085327,8843.816467951481,6633248966,58.05562984963956,133.6734925269153,26,306.0671631739204,2647.143321838002,-28.1605,15.3488,17.5986,52.2307,-17.1196,74.2552,37.8927,50.6246,0.750994,-12.0855,0,0,0,0,0,0
1495,2238015,718,718,199.60869002749826,30426.665708774675,9416.963425719205,6649001995,36.05406975344704,141.02029192375926,26,321.7871371888963,2621.1747023581424,-31.3939,19.6365,26.4669,51.4261,-25.431,62.6753,45.0517,51.3105,4.13085,-4.26433,0,0,0,0,0,0
1496,2241008,719,719,206.7583107548066,30730.336399387706,12018.662666793462,6667566839,16.214776276236762,130.2000721844372,26,296.03131359672574,2631.0866613903136,-18.6122,32.7716,0.0879334,54.9336,-26.0243,58.7355,42.3037,58.5373,3.43367,0.59151,0,0,0,0,0,0
1497,2244003,720,720,215.14343796901386,29666.539939620277,16620.15896150664,6682162643,-34.3671858351006,147.13306182915653,26,328.0795941778512,2666.229190789506,-29.9588,36.1285,0.787241,62.2,-19.7018,55.2366,53.9471,63.3121,-1.72429,-5.0831,0,0,0,0,0,0
1498,2247000,721,721,252.7126500991527,27382.00967729942,36481.673842837365,6700975901,21.366785286139475,133.4847136170772,26,291.6927222600208,2671.3899482962893,-17.2903,21.3327,18.6313,57.5393,-2.19976,59.9378,49.192,61.1977,0.36477,4.00717,0,0,0,0,0,0
1499,2249999,722,722,263.49183781025823,26272.895646113706,43155.05294651373,6717500717,38.09669453453182,146.93164233500977,26,304.16478466526524,2561.696350329905,-16.7501,21.6109,27.4778,51.9639,11.2928,59.6188,45.5422,56.9804,-3.58641,9.34146,0,0,0,0,0,0
1500,2253000,723,723,208.04178391921232,27738.209941150457,15543.173915137773,6731817026,-38.62648625190036,166.52904828774354,26,268.43110333971345,2710.1520375122773,-30.1947,35.8843,17.2297,56.3731,0.696724,43.4931,41.1886,35.7629,0.939721,6.66828,0,0,0,0,0,0
1501,2256003,724,724,193.26765738931192,29661.4638191922,7690.923573560256,6750042908,24.054571217795,187.61946821436686,26,260.0912850548599,2718.9796930224347,-23.7676,15.2316,37.063,53.7019,-9.64423,39.175,43.2321,28.8663,2.30567,7.10379,0,0,0,0,0,0
1502,2259008,724,724,196.54201349033002,24683.46910778612,13945.293959046947,6768707440,61.90226630818404,154.30805856303698,26,221.97650402592052,2590.0548313895574,-12.3253,17.4264,25.8833,55.2709,-0.331578,41.9535,40.0751,28.1223,0.527682,-0.0603497,0,0,0,0,0,0
1503,2262015,725,725,181.00958568377467,24058.44377988614,8706.026329525626,6785484538,22.859500381672547,139.1974060184342,26,220.17940368225248,2580.4150987176304,-10.0114,22.8428,31.9395,48.5968,-9.57355,40.3716,28.7264,7.85848,12.5703,7.68874,0,0,0,0,0,0
1504,2265024,726,726,184.07396786126446,27464.712303210297,6418.5133409795235,6802955984,5.79171861455427,139.13612862109437,26,260.38388218201317,2581.4144986489464,-5.68222,14.1067,46.5909,49.1527,-25.3652,53.3194,23.7692,14.6384,20.6517,-7.10755,0,0,0,0,0,0
1505,2268035,727,727,192.01863301580266,26545.21643931711,10325.93898594039,6818760555,27.24420815710687,138.12600364744435,26,280.4010703515883,2602.4825373759013,-11.4814,13.4445,41.7116,64.6301,-32.7099,61.8143,27.0059,11.7254,15.0268,0.851245,0,0,0,0,0,0
1506,2271048,728,728,217.78936394473527,24226.800987188646,23205.40606026371,6836751635,13.829351200229667,148.09346908699513,26,250.7843322573895,2637.674144541257,-4.26532,16.7775,49.5092,45.1824,-12.2322,53.6866,38.8482,11.2022,16.8977,2.18305,0,0,0,0,0,0
1507,2274063,729,729,267.79477435919233,24419.79091865408,47294.25025543665,6855078192,11.039691242402341,128.51923154121573,27,290.9562696155446,2641.678697861615,6.82245,24.1844,48.6204,53.489,-11.5807,65.2757,38.9881,14.0743,23.1699,4.75137,0,0,0,0,0,0
1508,2277080,730,730,269.1612524636619,25040.11586392228,47407.66396388487,6873485806,29.88577777908074,142.81601731564012,27,291.0230197196559,2644.9895170143136,15.9254,22.4388,42.5593,65.1945,-10.9309,67.9521,17.5366,6.29099,36.9716,5.22284,0,0,0,0,0,0
1509,2280099,731,731,255.2181266025276,29185.96825568005,35950.323890823754,6890333530,45.96032706780227,135.39282245481775,27,294.5138106388814,2653.921426839488,13.9001,17.9148,50.5017,53.653,-11.5569,65.9883,24.9669,7.42571,40.5156,-8.0909,0,0,0,0,0,0
1510,2283120,732,732,190.05760818072753,28825.67721736776,7296.217210011186,6904326748,41.95588974723489,111.11210233565214,27,237.24919655893387,2649.1651952129855,-6.11002,21.2382,31.5866,55.104,-3.73697,33.3029,23.0034,10.1974,39.2209,-13.7488,0,0,0,0,0,0
1511,2286143,733,733,199.78018281286563,24447.560747517266,15464.560697224748,6920612519,69.39175483994734,122.26622619759007,27,267.12264509356737,2543.5932595001177,-11.2484,10.6356,51.674,45.8083,7.90489,29.9819,23.9439,13.5154,49.9874,-22.4229,0,0,0,0,0,0
1512,2289168,734,734,229.30735769449996,24175.121609598016,28406.742683235334,6938829913,83.2276932480604,136.45877387124483,27,262.2830355085176,2633.8740341695357,-3.37156,17.0282,32.669,54.3267,29.2773,24.0119,15.2773,14.4035,58.8013,-13.1163,0,0,0,0,0,0
1513,2292195,735,735,265.0626375396834,24118.941032528615,46139.260786964966,6956626176,58.55921267484507,129.8392720789658,27,265.0626375396834,2565.5862036928943,1.37706,19.4946,25.8199,54.8526,31.7308,34.864,28.6174,11.1773,54.8803,2.2488,0,0,0,0,0,0
1514,2295224,736,736,189.5337821368936,23448.290651596624,12474.763919518817,6973020925,40.038548646237814,104.05871746570597,27,204.9192597392381,2540.4010408113854,-6.85916,18.8086,5.88314,48.6189,36.63,24.6342,20.0498,-0.833578,42.5074,0.0945827,0,0,0,0,0,0
1515,2298255,737,737,215.06864401931495,25023.2692552262,21231.25238508061,6992773600,50.1503023677941,145.89020383375725,27,221.27102562866452,2717.435967014253,10.7764,12.3441,19.18,57.0542,7.08543,29.2971,19.58,16.2624,46.5903,-3.10119,0,0,0,0,0,0
1516,2301288,738,738,261.2032119686085,28836.105851528548,39391.01209118928,7011463435,64.52173101314759,133.95684610895057,27,261.2032119686085,2658.79688316796,20.4272,6.72716,11.1513,76.9707,17.5342,11.8728,29.115,12.605,67.0728,7.72713,0,0,0,0,0,0
1517,2304323,739,739,277.62274859255075,33497.97086233503,43576.4196737476,7025766476,41.56362619186268,123.90685670989149,27,277.62274859255075,2827.3264191109142,5.94979,12.1841,13.4359,88.3969,27.3283,25.9925,17.4513,0.0281784,77.1324,9.72345,0,0,0,0,0,0
1518,2307360,740,740,226.37698150906039,34874.431224190215,16372.106532963255,7041093823,64.11657643019134,155.2303409556605,27,251.6048209520555,2852.5184281624333,-7.51247,13.6362,0.551154,79.1418,36.9473,12.4691,12.2713,5.69524,78.2787,-5.10145,0,0,0,0,0,0
1519,2310399,741,741,276.06773062072443,37091.681246751185,39121.71064332569,7061319779,44.86574222447757,172.15013592660853,27,279.23489857223467,2853.4531188183864,10.8971,10.1621,0.904988,80.8923,26.6687,35.238,-1.58358,12.1492,91.3884,9.35039,0,0,0,0,0,0
1520,2313440,742,742,229.34291682355092,35238.45872842524,17359.714768708953,7076398055,77.15606520645804,155.2612373746266,27,244.62211694046255,2862.410955049032,-3.6781,4.53573,21.0848,57.4615,30.1829,19.1658,1.94131,9.03325,93.5773,-3.9615,0,0,0,0,0,0
1521,2316483,743,743,238.22352500798252,33400.44905213851,23349.99881509036,7092626040,55.86025594655359,168.11311032982928,27,295.284312989176,2754.4130309564207,-8.38146,8.13067,23.3467,65.1981,33.8862,25.8242,-7.63691,15.3401,95.028,-12.512,0,0,0,0,0,0
1522,2319528,744,744,204.22044930005154,34410.6498826418,7295.34202967312,7108949665,-24.41199246426072,209.24636355737653,27,273.19296601208976,2840.1416424009617,-14.0697,12.5733,19.5956,65.0916,12.4995,25.6735,-5.1098,17.535,85.7382,-15.3068,0,0,0,0,0,0
1523,2322575,745,745,174.36308873480692,28580.49952624306,1821.9871868990922,7124554892,-28.227043138699514,191.41750140163379,27,246.86698350611624,2748.1805383595565,-27.886,3.08972,21.0791,55.6592,14.2844,19.5159,0.214115,22.5271,74.2455,-8.36595,0,0,0,0,0,0
1524,2325624,746,746,113.6306923871067,32178.90804906006,-19266.97379668679,7138797783,-43.62761911409473,228.4014298144201,27,243.30646165862765,2852.4028109129613,-50.6872,12.6014,8.23819,30.5409,14.9794,19.0753,-14.1507,26.768,57.445,8.82037,0,0,0,0,0,0
1525,2328675,747,747,110.9631852072036,29261.38177275448,-16948.553301426313,7157019889,-49.476673230738356,199.98237448114185,27,230.05458165256658,2690.2635768394257,-44.6164,19.1868,8.62974,32.1778,8.49208,22.3693,-14.9293,16.9648,58.9155,3.77289,0,0,0,0,0,0
1526,2331728,748,748,90.65758287378628,28347.59651396842,-20128.79918145099,7171992299,-67.6369518670707,196.4158134783346,27,251.3964380026449,2720.2560322371146,-60.5305,17.62,15.0124,22.0526,-3.46875,45.7463,-11.2091,13.0484,57.5474,-5.16099,0,0,0,0,0,0
1527,2334783,749,749,95.20443525080344,33063.55150557726,-23999.667014152838,7190598866,-62.73951927479948,214.15448504564324,27,215.72691218639437,2849.2901809112436,-52.5727,21.2743,9.47305,26.7685,16.2219,16.4106,-7.68852,11.5078,47.5158,6.29367,0,0,0,0,0,0
1528,2337840,750,750,90.99007633478516,32599.084198976067,-24319.890207566037,7208501097,-104.50676559393003,188.67931930741622,27,212.91424262942576,2772.5671027070784,-50.5998,11.7765,14.8405,44.55,11.0734,8.32858,-10.3623,6.59585,42.7901,11.9973,0,0,0,0,0,0
1529,2340899,751,751,90.97406922179567,26031.061258592497,-17754.779987820424,7225614958,-113.33609544632566,184.4992364036799,27,219.97830702767357,2653.463454403309,-52.7548,20.3524,8.28904,40.5811,21.3147,2.42961,-11.7473,16.3625,44.9294,1.21746,0,0,0,0,0,0
1530,2343960,752,752,98.06441533407411,23549.48285472885,-13932.85329991506,7243321250,-74.6656747354915,202.9958011940788,27,246.53782338682316,2550.5295885863616,-51.8948,21.9236,3.72358,41.3584,7.43582,22.7177,-15.2259,27.2446,47.8974,-7.11596,0,0,0,0,0,0
1531,2347023,753,753,28.464764982587212,26374.765140237956,-25564.522294724033,7259152399,-58.75625715681167,190.04613169924392,27,214.21040962718166,2644.4067359618884,-65.1628,11.5684,-0.68217,36.1383,-15.0635,12.8168,-6.70854,6.54331,54.2708,-5.25587,0,0,0,0,0,0
1532,2350088,754,754,40.037713376819,30329.467836782398,-28726.449344338085,7275826092,-58.89341072862203,207.1433954486895,27,260.19051256837184,2723.1130516096027,-68.4156,27.0611,-14.3383,50.2307,-8.39206,19.9243,-13.4853,5.42558,47.4724,-5.44516,0,0,0,0,0,0
1533,2353155,755,755,2.3745791666040077,31493.716576758987,-31488.077950540515,7293863751,-52.48304675549514,209.440056676675,27,292.6565670676355,2795.9631275140964,-66.7964,34.7749,-37.6807,65.9146,-10.5482,16.5612,-24.8723,-1.49494,30.2649,-3.74841,0,0,0,0,0,0
1534,2356224,756,756,-30.802325481613025,32579.710434771958,-31630.92717969673,7310555350,-40.581896408673515,224.97717767745087,27,254.65551530302037,2840.126199800983,-73.1622,26.3366,-16.2677,49.0035,-10.9689,18.4778,-30.5631,-6.82625,18.1087,-4.94078,0,0,0,0,0,0
1535,2359295,757,757,-8.47540136819282,33511.81722031406,-33439.984791962095,7327874106,-13.567903236314237,224.77108478261368,27,234.16511893080735,2760.705372300954,-74.6559,24.972,-16.4654,58.7657,5.31636,4.94608,-14.7378,3.95697,14.8877,-15.4612,0,0,0,0,0,0
1536,2362368,758,758,-21.46427743905099,35213.003189431955,-34752.2879834514,7343509888,-87.84375574370313,220.83928543859304,27,230.4345854779807,2767.3016741840447,-86.1344,24.6026,-1.06557,51.758,-7.38022,11.125,-9.42627,-4.1769,16.9996,-17.766,0,0,0,0,0,0
1537,2365443,759,759,-44.29161545785752,36505.464366397435,-34543.71716653071,7364112611,-78.07031902276049,195.72438813242707,27,260.06033746930876,2833.9646274731795,-71.741,12.3069,-14.4316,62.6731,-14.4547,17.8545,-19.5241,-8.18896,15.0499,-23.8356,0,0,0,0,0,0
1538,2368520,760,760,-74.78330597989265,37872.75949916371,-32280.21664588146,7381623206,-76.76041922667207,188.62434762856685,27,254.6418194102361,2822.0985646981176,-74.3324,11.8591,-5.73195,44.6618,-22.7072,26.8659,-23.4039,-20.0033,6.54253,-18.5338,0,0,0,0,0,0
1539,2371599,761,761,-114.56013790369241,41197.80066150126,-28073.775464988234,7396576344,-52.07216246890391,215.795479048723,27,284.494941148453,2892.194895306082,-92.0518,14.6323,-17.1074,52.6541,-18.7003,17.6811,-24.8878,-39.5559,-3.38563,-3.83871,0,0,0,0,0,0
1540,2374680,762,762,-98.56702229384712,33384.47595627656,-23669.018072400806,7416271590,-92.20427499562993,177.75656748485358,27,229.22636510483892,2733.26807412427,-80.756,24.2534,-8.42099,25.6288,6.12771,9.31969,-16.2745,-41.7971,-4.53859,-12.1095,0,0,0,0,0,0
1541,2377763,763,763,-125.57012505683178,37716.0063494161,-21948.150042627727,7432319530,-130.3237685810634,188.58653882138606,27,298.4827993149772,2825.2357494813,-94.5882,13.9482,-17.732,32.6083,16.7713,20.3134,-32.5698,-33.9207,2.81514,-33.2157,0,0,0,0,0,0
1542,2380848,764,764,-118.81713312195365,36937.01280818437,-22819.50168486432,7451003790,-102.61570732634823,201.8429558197297,27,353.4041025966289,2851.9856803000757,-91.4053,24.6383,-44.0551,47.7428,14.6856,19.2214,-40.5562,-32.7233,11.0054,-27.3708,0,0,0,0,0,0
1543,2383935,765,765,-128.30088758576932,33419.12654099835,-16958.00878570214,7469720660,-108.51957507660222,197.8724117139052,27,336.8351175611288,2706.4046958184936,-87.3502,12.402,-31.1441,55.6351,6.77205,23.8578,-42.7461,-39.2691,5.60021,-32.0586,0,0,0,0,0,0
1544,2387024,766,766,-151.5161492507707,34317.91317401566,-11360.76969023384,7486629461,-112.33309929543373,196.0729191804686,27,314.9850948730548,2808.9494305176645,-93.2801,15.0137,-27.5577,48.9232,5.40885,5.03248,-36.3373,-40.0777,7.35623,-35.9979,0,0,0,0,0,0
1545,2390115,767,767,-98.0694693826909,33687.033383759444,-24069.4125587569,7506653855,-111.77325014639734,208.91493211952286,27,325.01612741987657,2746.7785692479247,-80.3378,12.8462,-25.6599,62.8841,-11.8671,26.9326,-19.9265,-38.5704,10.8105,-35.181,0,0,0,0,0,0
1546,2393208,768,768,-104.64300075596799,33522.26331788773,-22572.105710674212,7525093615,-87.94580812440927,167.4948098593652,27,301.93888265088236,2791.2864208708615,-80.3804,5.52684,-35.0064,70.0019,-5.87108,4.46881,-5.01752,-33.9169,18.6504,-43.0986,0,0,0,0,0,0
1547,2396303,769,769,-177.77185737503072,38039.1193852197,-6436.286110651439,7540536758,-89.58611860000633,201.09268583775497,27,352.7328957632075,2839.178042996524,-97.5509,5.28105,-38.9621,72.0428,-13.8915,-13.5423,-8.81797,-50.8363,10.1567,-41.6513,0,0,0,0,0,0
1548,2399400,770,770,-86.99717159096053,36876.48572127834,-29307.977856451307,7561548144,-86.38923033845015,182.6561634287674,27,295.7884630214262,2856.510727702722,-77.7063,11.0305,-38.2453,80.2298,-2.17221,4.44933,-2.31958,-43.593,8.68599,-27.3564,0,0,0,0,0,0
1549,2402499,771,771,-103.72057007707758,37848.94786557556,-27090.991208461597,7578296410,-104.60936461989468,199.20440761865234,27,301.8653453018135,2869.019934517371,-87.9896,0.853573,-39.369,89.3368,-7.37109,7.71071,-18.6196,-23.4107,1.17128,-26.0329,0,0,0,0,0,0
1550,2405600,772,772,-108.53590424996781,33636.449292600635,-21856.406781242455,7599391988,-104.02187455193246,144.59727464530613,27,313.4815282866104,2775.8552691092655,-72.2577,7.52475,-48.4292,79.439,-16.5671,15.509,-7.21088,-43.5407,-1.43298,-21.5701,0,0,0,0,0,0
1551,2408703,773,773,-118.59221378896433,36098.02703783386,-22033.913866466442,7615760026,-136.619648314169,210.38569686312178,27,292.6127679308507,2898.3282931339836,-82.6537,11.4166,-34.486,63.542,-13.3208,12.0517,-4.60481,-41.4529,-5.07046,-24.0138,0,0,0,0,0,0
1552,2411808,774,774,-97.78362357556921,39972.414898173905,-30410.777858605292,7634547556,-96.74696262441898,249.03644900925883,27,290.2769444931207,2871.158258783836,-79.0346,22.1567,-46.6358,67.7927,-3.62411,6.29728,-5.11321,-38.5908,-5.00257,-16.0292,0,0,0,0,0,0
1553,2414915,775,775,-127.44228263666758,36676.6845686514,-20435.149165007133,7654042132,-62.11049610613611,215.43083486500439,27,309.33115017723907,2867.963214078145,-75.5432,10.9703,-51.6302,65.9685,-9.73904,14.0057,-15.3156,-41.6179,-7.19233,-17.3484,0,0,0,0,0,0
1554,2418024,776,776,-58.4091321663081,27893.199757833696,-24481.573037412447,7677107199,-29.734826777439025,163.7527890205737,27,279.9490603282649,2686.8013398584544,-46.0369,8.77911,-45.711,69.2156,11.1433,10.0811,-12.005,-43.6366,11.5509,-21.7896,0,0,0,0,0,0
1555,2421135,777,777,-83.0957858339944,36582.67407434094,-29677.764450971874,7694423812,-72.39996495367666,141.31941442484015,27,329.3350974275316,2886.7890458129277,-53.6582,18.6615,-68.5601,71.3836,7.19765,8.8798,-6.31903,-42.0898,16.9971,-35.5883,0,0,0,0,0,0
1556,2424248,778,778,-72.34630566241992,32658.74144687468,-27424.753503874388,7711562730,-90.43618564920394,188.6863613217056,27,298.3113848489239,2751.6195629840213,-58.2645,23.3921,-48.6549,61.783,2.24593,8.49918,-20.9135,-28.5936,17.0623,-28.9023,0,0,0,0,0,0
1557,2427363,778,778,-63.05933277371372,35787.074274393584,-31810.59482452762,7727916937,-97.05199306477834,169.92540054757524,27,289.1982451007788,2812.4844069057694,-67.9986,22.3433,-35.5935,73.8569,-6.88746,8.7423,-14.3198,-19.5154,8.12694,-31.814,0,0,0,0,0,0
1558,2430480,780,780,-134.57792782046084,37258.678352996314,-19147.459696547146,7744966721,-110.53601452898704,222.69749441418992,27,295.3144678019684,2836.0057439244365,-79.7176,18.1427,-33.545,54.1695,-20.8429,5.53883,-25.0279,-20.6492,2.51717,-35.1636,0,0,0,0,0,0
1559,2433599,781,781,-120.59683459137523,35442.20465372343,-20898.60814026391,7763707899,-89.12541156049156,224.16599620606644,27,280.87709582979005,2827.1873375105497,-79.5643,15.0157,-37.3373,46.485,11.2064,7.43311,-33.1308,-16.2006,-5.66668,-28.8374,0,0,0,0,0,0
1560,2436720,782,782,-139.68385937422357,35105.3197345146,-15593.739164836737,7781650960,-145.7463741297563,234.1811840440041,27,272.97141834198777,2832.157992377062,-81.3959,18.8839,-30.3802,41.7838,5.97612,-3.50648,-38.541,-14.1275,-8.98081,-29.3957,0,0,0,0,0,0
1561,2439843,783,783,-195.5453943269573,39420.971491488854,-1182.9702490036289,7795775599,-205.9565943632732,260.7839783816461,27,309.2081185043104,2886.9384787210774,-108.355,23.8256,-30.1856,33.0057,-2.07751,-2.54307,-48.2409,-13.3113,-10.5915,-37.0717,0,0,0,0,0,0
1562,2442968,784,784,-167.59289875768235,34502.59678652939,-6415.217072526626,7818499641,-164.26405193229238,213.6743419949883,28,293.9161433322858,2776.335477592785,-87.2996,20.6156,-42.0821,42.546,-9.77826,-0.839081,-28.4606,-2.71162,-28.9619,-30.6213,0,0,0,0,0,0
1563,2446095,785,785,-128.71439898631257,32633.102898371137,-16065.706391963475,7839281544,-98.07962146239498,169.3451746949218,28,266.24474941463455,2847.899910155231,-73.3716,21.6261,-32.7443,43.6796,-15.0916,-4.69229,-18.7745,3.45947,-23.2547,-29.5506,0,0,0,0,0,0
1564,2449224,786,786,-91.898555321596,33647.43450041937,-25202.090030222927,7857725416,-127.55452133810581,187.6049520057934,28,268.6204899733978,2895.925809645555,-73.4285,25.4849,-40.7303,57.1274,-11.8964,-2.6345,-22.5737,5.74868,-14.7587,-14.2374,0,0,0,0,0,0
1565,2452355,787,787,-103.71739187672136,31254.070066033222,-20496.772688323836,7876319077,-143.7077973138904,201.0426537680711,28,228.03728799566687,2735.7652190829317,-73.6131,20.4172,-20.4065,37.4117,-11.9604,4.33111,-23.6968,-3.38158,-7.28766,-25.5313,0,0,0,0,0,0
1566,2455488,788,788,-131.41607248161273,34580.740445274,-17310.55633878151,7896692665,-98.52486414643272,219.04945309410118,28,249.80883336788867,2840.753037013061,-65.7827,27.3447,-36.2472,31.8516,-18.0224,-3.70643,-25.3057,-6.09531,-2.00117,-33.4515,0,0,0,0,0,0
1567,2458623,789,789,-106.6147150820521,37135.210827828545,-25768.5133558014,7914950879,-121.53614136424272,225.02347598169234,28,240.6129747577723,2977.8445994253343,-69.0799,22.3457,-26.9329,22.2167,-13.7293,7.17934,-29.6028,7.77707,7.48023,-34.2689,0,0,0,0,0,0
1568,2461760,790,790,-85.67125326596812,33847.93737744695,-26508.373741285297,7935978814,-105.12465416556591,180.08465258568066,28,221.40954338158377,2928.7719274196647,-54.3621,22.1952,-18.633,21.645,-18.9853,9.31317,-32.3302,14.4194,0.296349,-29.2298,0,0,0,0,0,0
1569,2464899,791,791,-98.25201632333841,34592.71863103031,-24939.25991942875,7954228812,-96.03276812251096,143.76964507131908,28,256.4294697580862,2863.6285283226125,-56.7719,28.2649,-37.408,39.0773,-11.8814,2.3663,-37.5418,9.38028,-1.45595,-32.2818,0,0,0,0,0,0
1570,2468040,792,792,-104.72147467849487,37361.51087427017,-26394.92361543153,7974122491,-120.34853396258512,185.23126008503306,28,322.8307363274849,2933.9023445146536,-53.1666,26.183,-57.0413,49.5842,-24.7757,15.1481,-40.7625,18.1393,-13.0924,-24.9375,0,0,0,0,0,0
1571,2471183,793,793,-63.547596489693376,34617.25962872794,-30578.962609111048,7993065851,-69.65243261769609,198.1602249932351,28,318.2443649697836,2849.8005862776336,-51.689,27.1746,-61.5938,62.0114,-19.7633,24.202,-44.0772,10.4236,3.53676,-13.7726,0,0,0,0,0,0
1572,2474328,794,794,-39.24625667903206,30812.304450985896,-29272.035787669425,8012459199,-56.03180566418763,151.97031975464648,28,284.74727572712845,2863.452856776543,-49.1963,24.1615,-49.3947,44.5049,-1.57845,22.0684,-47.4971,14.8539,17.1619,-14.3301,0,0,0,0,0,0
1573,2477475,795,795,-101.89631279105038,27447.921256989994,-17065.062696578418,8031832624,-21.625457228525022,161.85068611277364,28,287.9086853981071,2713.6421109327985,-50.8312,12.2217,-54.8841,47.001,1.33392,9.20125,-59.3137,16.0431,7.20513,-29.8735,0,0,0,0,0,0
1574,2480624,796,796,-173.6637083811234,35730.80544930854,-5571.721840624668,8049719888,-73.4426795495848,151.76676470603195,28,321.2508171700429,2855.0129602421994,-61.4511,1.13049,-71.617,49.5726,-5.22962,16.2487,-70.1381,5.37932,1.4624,-39.0214,0,0,0,0,0,0
1575,2483775,797,797,-141.5785453476724,39144.62586377024,-19100.141361007314,8068610863,-64.81267702446928,188.74974702413795,28,295.18070296319775,3035.908421784001,-61.1986,11.2595,-76.9613,53.9007,5.86577,-0.973529,-49.0528,5.77515,-10.0961,-20.0973,0,0,0,0,0,0
1576,2486928,798,798,-89.71063735140672,34832.053387536915,-26784.054933541305,8090004697,-27.657206752226216,160.53404057945556,28,262.466034298057,2867.335047241627,-45.931,11.2369,-66.7073,50.6218,20.6879,-4.75244,-31.0768,3.83112,-13.46,-14.1608,0,0,0,0,0,0
1577,2490083,799,799,-89.18902964193978,40998.977038132674,-33044.29402966186,8107207386,-22.894477153667538,168.54727118149668,28,303.33292084946254,2888.8041640959277,-55.791,16.2878,-75.1419,58.0203,32.7639,-22.805,-16.6995,-3.41256,-8.1711,-14.2399,0,0,0,0,0,0
1578,2493240,800,800,-100.33981772429303,42838.92503916325,-32770.8460182189,8124137201,-52.903218750961116,191.02790599819417,28,294.71790226371974,2918.3557073572383,-69.636,7.33391,-73.6666,63.6561,26.199,-1.84929,-21.2203,-13.5479,-9.59484,-8.01398,0,0,0,0,0,0
1579,2496399,801,801,-62.60401971616204,39465.23789409682,-35545.97460947521,8143516054,-46.7294087361372,205.97793784882606,28,297.48974459377075,2946.6516224104885,-67.6084,7.45343,-73.1105,67.2122,32.1886,-4.91093,-15.4465,-18.9705,6.89785,3.69074,0,0,0,0,0,0
1580,2499560,802,802,-112.90973007227831,35285.402305895164,-22536.795160900416,8161511056,-60.04018358425617,186.55422573601606,28,271.7534668925971,2908.641874767772,-74.5659,5.42151,-61.571,53.7542,16.0884,-9.49976,-6.57689,-36.5075,-3.61061,4.15775,0,0,0,0,0,0
1581,2502723,803,803,-98.33593679590206,34912.97274121808,-25243.016275690436,8183505852,-18.484720186974357,175.7705028919675,28,281.68544857802215,2907.5047051928864,-60.6509,7.60968,-71.1062,55.4619,25.4184,-14.6528,-7.20426,-28.2454,-8.15118,3.1847,0,0,0,0,0,0
1582,2505888,804,804,-104.94832827882288,33632.47634508753,-22618.324736567956,8204404039,25.43674822978153,182.06851339609796,28,252.0953296136335,2872.436539615461,-51.7208,3.64643,-64.4979,46.0776,17.3152,-19.3425,-0.919541,-34.3843,-7.65676,6.53434,0,0,0,0,0,0
1583,2509055,805,805,-112.97709961315655,33920.11691304578,-21156.291876044677,8222591427,-6.594109576451501,176.2082059177892,28,227.97564009881847,2890.605127118699,-56.9183,1.75654,-53.7347,52.6195,1.00042,-8.48305,-10.4311,-26.3087,-14.6006,2.12277,0,0,0,0,0,0
1584,2512224,806,806,-97.39788144202669,30529.474341059118,-21043.12703166403,8241232756,-17.936235213729617,178.889099677341,28,199.1461771724231,2781.6075794580497,-59.1007,3.86193,-38.2937,44.4699,-9.292,2.5423,-6.38087,-21.3537,-2.55704,-11.294,0,0,0,0,0,0
1585,2515395,807,807,-83.734537650817,27735.090114242576,-20723.617318646484,8260763068,-21.730539552003393,184.71882677679287,28,201.70575186027105,2712.815236670824,-55.4106,4.04067,-26.5436,48.9143,6.03065,-13.3368,-5.6124,-8.70289,-15.5274,-17.5864,0,0,0,0,0,0
1586,2518568,808,808,-133.72120153679276,31445.329148327415,-13563.96940788387,8275563178,-31.430896027882113,224.59238633308235,28,221.40948845576855,2763.946575982908,-81.7055,-1.93194,-15.9586,43.8441,-1.7322,-6.39599,-12.2352,-8.74777,-21.8275,-27.0306,0,0,0,0,0,0
1587,2521743,809,809,-149.10520940203457,32343.92041672308,-10111.556945898497,8295019350,-9.728409935498973,226.58816648237672,28,259.302372931072,2881.050486819444,-82.1279,0.3154,-24.1397,52.3662,2.41703,-15.1852,-23.8657,-21.894,-19.6667,-17.3245,0,0,0,0,0,0
1588,2524920,810,810,-89.88115895302286,26277.75590440143,-18199.13316966287,8319087085,8.839905538901007,204.62456452313393,28,215.76140101599918,2746.1353898889734,-53.5352,-4.58859,-1.56979,48.118,14.8221,-23.1526,-17.8972,-11.0354,-14.5191,-26.5235,0,0,0,0,0,0
1589,2528099,811,811,-162.20862023845046,29721.271602524335,-3409.6351228624953,8336710321,-27.099334253505674,220.04441791243852,28,254.11837771182917,2826.227680027754,-67.07,-2.41925,-19.7629,45.9549,-3.30765,-15.9504,-18.1337,-27.0759,-19.1566,-35.2872,0,0,0,0,0,0
1590,2531280,812,812,-156.54103402653402,29100.20211755176,-4595.106783455278,8359220909,-56.90780058252028,130.46404736653778,28,246.89746794329824,2841.56921488836,-49.5898,2.74538,-19.048,33.5381,-24.8181,8.89476,-15.8685,-42.0035,-19.4363,-30.9551,0,0,0,0,0,0
1591,2534463,813,813,-214.8527508892643,29988.411437355695,16173.293127328572,8375814841,-86.91082157423352,193.97934965844638,28,231.2673316920031,2868.6043071929435,-69.237,-4.0167,-14.1744,8.20729,-13.4206,-18.1694,-10.5887,-39.8303,-23.9403,-29.6826,0,0,0,0,0,0
1592,2537648,814,814,-191.14172240641938,30839.299357861848,5695.858686630832,8393657268,-103.25541165532348,191.23297131958776,28,217.65419217857425,2741.1113803198664,-77.8692,5.06997,-19.4715,8.18627,-8.29337,-7.97323,-2.24338,-37.6707,-24.2674,-26.6092,0,0,0,0,0,0
1593,2540835,815,815,-144.4939715923519,28807.03190151402,-7928.524074982623,8413569085,-62.028114535009934,170.17239950868685,28,197.186575197742,2717.257067721364,-72.6288,10.3765,-1.61289,8.84227,-5.252,-14.7717,7.12757,-35.6497,-25.5402,-15.385,0,0,0,0,0,0
1594,2544024,816,816,-197.31944324460994,32124.496339976817,6810.466342386026,8430264582,-118.69979828158898,213.29371871489934,28,218.7004678822624,2806.009889752132,-90.3734,10.5317,0.158793,-4.26225,-19.9476,-12.7448,-9.31343,-27.8492,-29.0557,-14.4637,0,0,0,0,0,0
1595,2547215,817,817,-193.16284222825954,33225.27945894251,4086.604158756978,8449827095,-113.3688309943247,200.2264636391056,28,219.3564349256415,2819.6963435163925,-92.2453,7.76026,1.16125,-16.4478,-13.5615,4.17529,-2.6585,-26.6925,-41.3869,-13.267,0,0,0,0,0,0
1596,2550408,818,818,-148.93926579730294,28820.019041941,-6637.114145701347,8471700213,-94.32295659718261,171.0310076455121,28,222.0905027176858,2744.348390071195,-79.1023,10.9841,-2.08007,-7.56783,13.6421,-22.8118,10.0081,-28.7337,-45.2191,1.94135,0,0,0,0,0,0
1597,2553603,819,819,-125.85577470202082,30373.076491167914,-14533.400465322089,8491880903,-98.12931820743427,193.43425084280182,28,215.77319841691798,2774.694537270975,-76.0867,7.28118,11.8333,-1.84599,-24.1508,15.5639,6.86604,-34.0993,-34.6317,3.41438,0,0,0,0,0,0
1598,2556800,820,820,-88.59606029298504,30916.598570317867,-23067.336670879624,8512462760,-114.83811303946544,218.14769995337446,28,202.80226028210802,2912.636846214587,-73.056,-8.57291,26.8119,9.03,-0.951244,3.66985,13.2325,-26.454,-36.665,4.35889,0,0,0,0,0,0
1599,2559999,821,821,-128.52166183941222,32792.5213637294,-16274.703801765172,8530979437,-80.55133935948567,206.06408966636872,28,222.90566062426728,2909.19277377578,-82.1527,-4.20728,16.7939,3.99092,4.60764,6.51131,15.2882,-30.1632,-46.6609,-12.5296,0,0,0,0,0,0
1600,2563200,822,822,-62.085472432496715,29927.91407688772,-26073.30818972141,8552823815,-61.93739188760384,193.38629391602416,28,209.80360197276826,2870.1577346458953,-67.2344,-1.99282,39.6815,1.85481,6.62469,18.0603,7.63784,-18.2334,-28.7574,-19.7264,0,0,0,0,0,0
1601,2566403,823,823,-115.45772033420371,35261.97183924072,-21931.486654469525,8569205428,-96.38495333278433,208.85073774519878,28,235.05355265985554,2936.576356564039,-88.4435,-1.7051,29.7276,-0.277418,5.91,11.1596,13.0007,-28.9463,-24.5969,-31.2864,0,0,0,0,0,0
1602,2569608,824,824,-94.66802321159861,28880.195644166124,-19918.16102537435,8592163012,-61.72617234407369,187.8208569753948,28,242.17756990322954,2839.5985597757835,-71.6375,-7.42209,29.6058,2.74455,21.2779,14.0766,6.0499,-27.5266,-31.1119,-30.7247,0,0,0,0,0,0
1603,2572815,825,825,-83.0772576237859,29555.34396111046,-22653.513226821568,8613125563,-50.043224937471734,184.6394639960369,28,213.16183104431815,2894.6762512389605,-67.9589,-12.0659,29.8727,2.52484,19.6457,12.999,-0.198089,-20.3617,-17.6485,-29.8865,0,0,0,0,0,0
1604,2576024,826,826,-95.48598583340197,33183.36350344698,-24065.790012870333,8631397897,-17.144730906354027,197.70340490902407,28,231.6215466546372,2905.719820871286,-78.2652,-13.8607,34.739,0.699527,7.18241,25.188,0.258868,-12.1871,-24.5205,-34.7202,0,0,0,0,0,0
1605,2579235,827,827,-67.87759183476305,26697.874841547204,-22090.50736826051,8652640431,-29.303035310522716,184.8621304756387,28,219.19888100190315,2728.8999707758326,-68.6989,-2.436,34.9148,-0.61534,-8.63694,33.6379,7.10792,-11.5589,-31.3505,-20.2417,0,0,0,0,0,0
1606,2582448,828,828,-38.867661417122065,26549.180506703524,-25038.485402667484,8676101661,0.3063576709734548,174.76109813118563,28,193.02398798297537,2791.3450405163035,-51.1176,-4.16234,34.9259,-13.4479,12.7219,19.3795,10.0509,-7.70897,-12.3071,-27.2019,0,0,0,0,0,0
1607,2585663,829,829,-43.721943989851695,23806.785885825975,-21895.177499574245,8696887203,-2.2796853213237114,198.2747708037512,28,151.61215650831485,2763.8737211782327,-46.6635,-3.81548,34.1694,-5.51893,7.17052,5.38025,7.22494,-13.3278,-13.7369,-14.6044,0,0,0,0,0,0
1608,2588880,830,830,-45.47378475088664,27569.055416277002,-25501.190316707034,8717404087,53.0190264270185,226.75335075651117,28,162.28967814457502,2912.022167866314,-46.1945,-14.4733,37.2434,2.39113,3.51695,-1.16892,15.2564,-6.58504,-17.4969,-17.963,0,0,0,0,0,0
1609,2592099,831,831,-32.59796068849903,27431.11509598711,-26368.48805493818,8737060909,44.81672960239996,221.13315557236854,28,142.19095858077037,2873.12945157391,-46.8527,-1.05798,24.32,23.6328,3.69069,-15.9929,1.01096,2.14212,-11.7321,-11.7588,0,0,0,0,0,0
1610,2595320,832,832,-44.9536481914148,25220.333537642728,-23199.503051925236,8755995436,59.655303493085626,229.3475972349039,28,233.14691266388684,2724.5609148824033,-53.496,-11.7936,36.6157,16.6212,34.2186,-33.8014,-19.8326,6.64114,-8.94199,-11.1847,0,0,0,0,0,0
1611,2598543,833,833,-20.099606590612495,28521.480341192662,-28117.48615609527,8779015014,107.16616195111726,231.29041035928947,28,229.54221717441902,2890.7841069369624,-38.2664,-13.3098,50.8369,2.53016,37.5604,-30.4446,-20.1873,13.7938,-14.5913,-8.02147,0,0,0,0,0,0
1612,2601768,834,834,2.1913028472737324,26580.313366799586,-26575.511558631115,8797936204,43.98688130862871,190.8611954364431,28,226.7939019608633,2830.422692505924,-44.022,-10.977,65.9657,-8.16774,27.9863,-22.7333,-15.3372,20.5406,-2.35859,-8.70553,0,0,0,0,0,0
1613,2604995,836,836,-8.374149396540247,28173.795063079415,-28103.66868496384,8816334452,-20.48230667114325,204.37672947429854,28,234.29084298278883,2850.3106501988464,-55.9047,-18.571,63.3269,0.729674,23.4099,-21.2842,-8.5011,25.4919,-3.95169,-13.1198,0,0,0,0,0,0
1614,2608224,837,837,-46.699828899081865,34477.90865413708,-32297.034634933556,8834937864,-1.2008557957286143,210.31063647875231,28,282.12631777194764,3021.6837364238095,-65.7725,-28.1697,81.4463,4.94531,1.57611,-29.0183,-8.7506,29.7455,-6.96312,-25.7388,0,0,0,0,0,0
1615,2611455,838,838,-47.96067142709842,28470.124314296525,-26169.89831055843,8855904557,-7.820376445467218,195.15929125974435,28,253.3268275897393,2831.45039699256,-63.7674,-23.6953,51.9521,18.0008,0.437462,-29.4734,1.79673,30.496,-7.2609,-26.4468,0,0,0,0,0,0
1616,2614688,839,839,17.299286245744042,32100.72730056713,-31801.46199595494,8877791276,-6.675018014822854,179.83731019814286,28,292.8506028896152,2972.665204964518,-51.7474,-18.3718,65.0577,26.1223,28.6718,-49.6739,-2.37268,34.433,0.790183,-15.6099,0,0,0,0,0,0
1617,2617923,840,840,37.23005729250883,29049.179162355675,-27663.101996352183,8900559105,-29.84880493272584,155.39345302109137,28,281.50253691134174,2927.808602551287,-38.8546,-21.8289,69.4744,23.2475,13.0077,-35.5933,-11.7277,38.384,15.2527,-14.1317,0,0,0,0,0,0
1618,2621160,841,841,-8.617825205746954,33593.47396459336,-33519.20705331655,8917461788,-90.53735962800238,211.09530938684827,29,274.27513195840527,3024.6519175290377,-57.9468,-7.43698,70.8005,4.44682,13.4242,-23.3318,-28.8848,31.6627,12.4944,-23.8461,0,0,0,0,0,0
1619,2624399,842,842,-5.472954959718322,33035.271477765826,-33005.31824177472,8938597079,-73.17817214860912,215.1489205119854,29,310.378082419605,3008.837999225194,-54.1661,-11.9719,87.285,-0.433259,19.0085,-39.5281,-31.1532,33.9663,12.1928,-20.673,0,0,0,0,0,0
1620,2627640,843,843,-53.99815968505601,31393.562988458107,-28477.761739085297,8959636784,-25.681569494413793,207.7421788473456,29,315.8989061532905,2969.8593326688842,-56.3706,-20.5115,70.5981,-11.1652,16.5922,-36.0796,-39.6099,36.5557,7.20437,-21.2118,0,0,0,0,0,0
1621,2630883,844,844,-53.83351854247087,30744.00786171799,-27845.960143055436,8982875832,-15.602973417816315,180.22726390537434,29,255.7885020026573,2968.869143826038,-44.7021,-20.978,51.9916,-9.05843,11.9091,-27.5593,-32.9663,33.3945,3.68227,-19.5468,0,0,0,0,0,0
1622,2634128,845,845,-26.49285450816336,33712.10547835245,-33010.23413836174,9005895972,28.35279211114363,163.34491248851322,29,253.41086972010197,3033.752305228753,-31.0187,-19.5954,50.4503,-4.71493,27.4864,-27.5737,-38.333,30.1262,5.39606,-18.7161,0,0,0,0,0,0
1623,2637375,846,846,-23.38827375037772,34068.61499594066,-33521.603646918054,9025496054,33.62356080061352,202.79969253450986,29,273.56887193861803,2976.2189551530537,-39.4624,-22.9935,46.9863,-12.5288,26.9799,-6.49815,-43.5916,34.6061,16.518,-23.4041,0,0,0,0,0,0
1624,2640624,847,847,-27.54414121333008,32028.39408805307,-31269.714372873204,9043222599,-13.62857779873383,195.23451481631304,29,322.32633400180026,2931.728080233903,-53.8912,-22.5424,55.3562,-19.3605,39.3746,-14.0697,-45.8605,34.7609,17.8994,-19.2109,0,0,0,0,0,0
1625,2643875,848,848,-2.8647446383173474,33917.43751617112,-33909.23075432835,9065558550,-12.513823308461212,203.63291997123866,29,340.1241146949345,2935.324231809024,-44.4471,-23.0182,58.9562,-19.025,56.9395,-28.8236,-44.6081,31.9147,20.8193,-11.5724,0,0,0,0,0,0
1626,2647128,849,849,-1.6735113399408874,36640.305537189255,-36637.50489698434,9084146767,-16.826157333611434,236.2767039166692,29,358.38043759171774,3024.291008156668,-54.988,-21.4988,68.3926,-16.6166,51.5138,-12.9319,-45.2959,38.9602,19.4868,-28.6958,0,0,0,0,0,0
1627,2650383,850,850,10.973835577318596,34424.67833635854,-34304.25326908052,9106681787,-8.62941204027885,217.63448796144638,29,325.664056955203,3020.901894687664,-46.656,-24.9062,61.0611,-2.6112,46.9925,-19.5982,-36.6641,57.4898,2.77554,-26.9093,0,0,0,0,0,0
1628,2653640,851,851,11.406982997257785,36550.943888457594,-36420.82462735786,9126817685,5.6287818171565505,200.52697477241827,29,318.7904207008416,3027.729124665704,-49.3091,-24.4645,67.5595,-1.05136,53.2897,-19.4454,-20.8366,33.1271,11.1224,-38.5848,0,0,0,0,0,0
1629,2656899,852,852,72.384344719831,33332.4428056911,-28092.949445171773,9151657085,76.8706097210536,182.80396505140016,29,247.24126863470087,2999.62298216029,-27.0892,-14.8036,59.1392,-5.81612,57.8492,-15.0194,-4.39661,28.595,14.2294,-20.3036,0,0,0,0,0,0
1630,2660160,853,853,102.31184318769755,37046.58911668643,-26578.87586022242,9173609852,86.70326141547747,200.2521601994045,29,271.3895167853273,3110.7712397674113,-18.8545,-17.2934,74.7042,-17.5872,70.4892,-11.5927,1.72819,21.2213,18.7078,-19.2111,0,0,0,0,0,0
1631,2663423,854,854,83.16220949801772,32120.85528828724,-25204.90219969505,9191408595,95.35545539141481,202.54261871710378,29,243.89974057167439,3052.924916197742,-35.7467,-13.7102,57.5052,-7.19147,70.227,-7.52357,-5.83478,25.4836,10.3152,-10.3621,0,0,0,0,0,0
1632,2666688,855,855,73.04188050054847,32331.44740652561,-26996.331099469207,9215387801,58.106011160195806,187.30885679194972,29,231.22683590719805,3056.158657468434,-20.624,-19.1317,64.9814,-16.7328,54.5095,-10.2937,-7.11217,29.6395,3.004,-5.19807,0,0,0,0,0,0
1633,2669955,856,856,91.55001556649319,36608.85490784721,-28227.44955762207,9234624019,56.28985800864831,191.06561456545097,29,273.4255724868462,3042.1421612950553,-26.6283,-18.4801,86.7674,-12.4314,68.1473,-14.0517,-1.18996,27.5732,-2.75807,-15.3982,0,0,0,0,0,0
1634,2673224,857,857,21.767381597442863,31724.99643140022,-31251.177529791526,9251711244,22.312358528414336,192.55661164812676,29,286.035232040638,2937.9680369740768,-49.6177,-14.9793,73.389,-7.89204,48.784,-18.7235,-12.5602,31.7283,-17.5212,-10.8401,0,0,0,0,0,0
1635,2676495,858,858,55.26835864487589,43205.22617641737,-40150.63470911874,9276462908,79.05069936940339,220.16835183912855,29,287.46825699815577,3235.2896082455386,-29.7341,-28.2594,92.2415,6.32161,43.2449,-32.6665,-3.0339,29.5603,-14.1664,-8.23967,0,0,0,0,0,0
1636,2679768,860,860,41.23939486688039,38247.201795836765,-36546.514106850285,9296022052,71.44912643027561,240.94823289561492,29,278.825617481276,3070.4414548744667,-37.8356,-26.6902,84.8502,16.9273,30.961,-21.3363,6.89113,20.4028,-12.5797,-20.3513,0,0,0,0,0,0
1637,2683043,861,861,-1.55612405684127,39496.71508616674,-39494.29356408646,9315698992,50.51034012010655,228.79826582866372,29,268.6540494673854,3108.6572886525028,-49.0641,-27.0479,73.613,6.29378,31.4922,-14.7379,10.7091,11.4408,-12.3352,-31.92,0,0,0,0,0,0
1638,2686320,862,862,-5.2705779738390675,35274.47799503222,-35246.6990028539,9337671652,43.655404761954856,255.1045957316354,29,243.16874123458558,2949.1547353951228,-47.2777,-27.4104,64.4419,1.6506,32.1222,-10.5934,8.34029,12.3941,-14.0809,-24.8572,0,0,0,0,0,0
1639,2689599,863,863,1.458099629773983,35162.41669736165,-35160.29064283131,9359073658,54.28939301284089,242.15451167487362,29,222.23597048356498,3016.860374729519,-44.6182,-19.6999,59.2731,5.25517,16.8365,-8.53794,18.1559,12.3263,-24.7278,-12.8052,0,0,0,0,0,0
1640,2692880,864,864,-23.5457463870502,41115.575526973844,-40561.17335405056,9382761748,98.81556041889502,249.2417613600166,29,236.10056774903654,3112.406764516143,-33.9438,-23.1399,53.0881,8.68206,19.3613,-22.9499,10.7726,14.3733,-37.9227,-11.8669,0,0,0,0,0,0
1641,2696163,865,865,23.6443630638949,38618.50405997336,-38059.448155276084,9405386907,113.40295758435593,238.4785278131601,29,238.21585752323034,3004.901549398689,-25.3963,-25.3611,66.9064,3.11184,30.0624,-25.5487,-11.4959,30.8494,-18.2164,-1.26739,0,0,0,0,0,0
1642,2699448,866,866,40.115790844245964,40388.75226790723,-38779.47559284794,9428948559,92.28570103237882,188.00651944849415,29,240.70397027250868,3039.1257755427205,-11.834,-10.7328,63.7121,-1.22273,28.7648,-24.582,-6.58208,36.4644,-45.3405,11.4685,0,0,0,0,0,0
1643,2702735,867,867,44.15074215459185,44213.29042806593,-42264.00239526467,9447286727,89.28351982052982,231.8363950334035,29,241.30085236249533,3119.9423267032334,-24.3985,-9.0316,75.8273,5.20257,33.3768,-26.1736,-11.7676,24.5071,-27.2037,3.812,0,0,0,0,0,0
1644,2706024,868,868,87.26231962421275,43798.49491338277,-36183.7824871845,9469878082,105.25870667590334,189.91836982654354,29,269.2304366154683,3117.913793964185,-15.9482,-10.335,87.4666,-2.14355,49.8986,-30.8671,-4.94887,33.0427,-26.7413,7.83858,0,0,0,0,0,0
1645,2709315,869,869,126.0773435044419,40754.18085869867,-24858.684313561636,9493199938,116.80986485173094,197.73238335170913,29,234.8791175503905,3084.540737236679,-6.62479,-8.56555,90.5687,-9.73192,39.5014,1.53888,3.86053,21.076,-29.4786,23.9327,0,0,0,0,0,0
1646,2712608,870,870,137.41882944225114,40031.21565673481,-21147.280971456297,9512843090,135.90719828448096,215.42858100672458,29,273.04573070020575,3106.2841990097377,-15.2865,-15.9466,100.429,-4.00151,38.1897,4.66874,6.87011,32.2105,-32.5789,22.8641,0,0,0,0,0,0
1647,2715903,871,871,132.10222574413962,34767.58233497234,-17316.58428841672,9536877572,107.23769092908208,184.0389420633261,29,237.3637356334221,3007.02513566141,-4.07502,-13.1088,75.5219,1.40657,33.1445,17.8145,2.39606,38.2747,-35.4469,16.1747,0,0,0,0,0,0
1648,2719200,872,872,198.90582281187562,38717.54598057348,845.9803678957833,9561904212,139.58376769692,227.3379340082402,29,260.79018372858195,3049.9684497357694,13.1513,-9.42153,68.4451,8.12388,19.5656,47.292,8.19887,50.214,-21.5207,14.8573,0,0,0,0,0,0
1649,2722499,873,873,148.86552009818632,37017.469605004655,-14856.526530901137,9579525522,105.43729556267357,232.81178619263125,29,233.44061005739076,3014.2653941996805,-9.74923,-7.66133,52.4484,-4.23552,36.3299,41.869,11.8181,27.2463,-20.6415,21.4413,0,0,0,0,0,0
1650,2725800,874,874,127.5028995647886,39653.22706234459,-23396.237664916014,9600781694,79.79838981718518,251.67733376151529,29,256.57109230586985,3004.6528862078076,-12.6349,-12.9058,55.5157,-7.68599,41.1025,37.9113,-3.36616,32.5954,-27.9412,24.9121,0,0,0,0,0,0
1651,2729103,875,875,77.52106360588647,37959.51334434917,-31949.998041761275,9620059855,40.607077590559754,264.42165343490973,29,281.24731823180247,2979.2152805468577,-27.6474,-25.0774,61.5854,-13.9687,39.7828,11.1261,8.34327,41.7452,-35.1697,16.8014,0,0,0,0,0,0
1652,2732408,876,876,109.73021232956108,36993.74669815173,-24953.027200261167,9644460483,77.32114905060439,235.10767537618517,29,270.37371967483756,3084.522541620721,-12.645,-28.3993,64.6408,-7.26886,36.5465,20.6162,16.1549,39.5838,-32.0085,12.5096,0,0,0,0,0,0
1653,2735715,877,877,53.26550732679715,36566.016991932236,-33728.80272115116,9662876182,7.435579973302538,219.95483930468833,29,281.95331108447493,3150.170254567427,-30.7694,-26.5027,63.7734,-22.7284,32.2101,30.0033,5.05784,29.6253,-34.3434,6.93946,0,0,0,0,0,0
1654,2739024,879,879,-3.671156284493577,37703.23762283371,-37689.760234368536,9681661642,-43.7767238054231,242.5199792055697,29,308.72866725956976,3080.4451073920663,-47.879,-27.7564,66.8196,-32.8693,34.0541,29.3103,-4.23125,22.3449,-39.2173,-4.2466,0,0,0,0,0,0
1655,2742335,880,880,60.490978598414586,32459.52117079439,-28800.362679000536,9704604938,-13.34776334557921,206.69393353299256,29,249.24290823956903,3005.136334026071,-36.1153,-2.93728,63.1729,-26.333,50.8189,16.6177,8.66556,13.1802,-28.9904,2.41168,0,0,0,0,0,0
1656,2745648,881,881,45.903196207206975,29377.199182326032,-27270.095760288692,9728920093,19.141520657080264,166.4039028374866,29,248.21854785643382,2953.490763301892,-24.3369,-9.12279,55.1285,-22.4876,55.4778,18.0039,-4.9139,14.9397,-40.2965,3.51091,0,0,0,0,0,0
1657,2748963,882,882,-9.565930228206241,36183.92874443088,-36092.42172329997,9751100770,-3.157037096312365,176.8914822482949,29,269.57348390575925,3115.5751759567956,-24.6851,-5.23544,47.3933,-29.8807,55.1373,23.3823,-20.0162,4.091,-51.9603,-7.79199,0,0,0,0,0,0
1658,2752280,883,883,-15.589359505675077,33372.90082798152,-33129.872698184336,9772366933,-9.213646572230289,184.6855694394739,29,244.86153843927065,3050.58762226852,-28.0185,0.501572,35.5677,-27.0389,34.149,44.4178,-9.91947,-0.391806,-54.3814,-10.4753,0,0,0,0,0,0
1659,2755599,884,884,-59.19064837121647,34990.03570870648,-31486.502854101487,9790675019,10.775018006370317,177.1743305048388,29,250.21764397134854,3046.662541502516,-49.4787,-6.54289,34.9008,-25.1952,19.7188,40.894,-9.5101,-6.72626,-53.8022,-3.44876,0,0,0,0,0,0
1660,2758920,885,885,-57.20609492375894,33824.56638551886,-30552.029089092743,9810878174,5.860711160162396,180.43919775769996,29,238.06132819273176,2973.311750768079,-58.924,-6.73766,29.0624,-18.5274,33.5443,22.4563,-2.31802,5.36466,-59.6564,-1.47025,0,0,0,0,0,0
1661,2762243,886,886,-20.165150924880322,31892.646123643834,-31486.01281182063,9834668917,37.42577237009192,176.7913645856957,29,231.44390867691834,2972.264771854734,-48.4961,-4.85959,30.3816,-5.69628,42.1082,17.927,10.0941,5.12842,-58.5558,-8.19678,0,0,0,0,0,0
1662,2765568,887,887,-23.037598025464604,31357.598992830317,-30826.868070047425,9857092883,25.11165990154973,194.48721075480762,29,195.20321855922498,2945.436476601536,-48.0533,-13.9862,29.6116,3.20822,51.0141,-1.86765,1.08739,1.16149,-29.7446,-15.4687,0,0,0,0,0,0
1663,2768895,888,888,-0.09631267282850331,28011.79589620052,-28011.786620069575,9882037046,45.29126505574641,220.66866244999915,29,184.89139038473616,2920.8901527014896,-32.7372,-10.0399,27.0728,-1.20704,42.1914,8.42887,14.7045,-0.996101,-30.724,-16.7895,0,0,0,0,0,0
1664,2772224,889,889,-16.79734672769996,35923.60324291588,-35641.45238582531,9903100749,78.89876713736675,223.11192240863733,29,205.68633822322795,3119.831600228164,-41.4063,-17.2439,33.291,-17.1512,41.5667,3.06984,12.4901,4.02692,-26.9263,-8.51411,0,0,0,0,0,0
1665,2775555,890,890,-30.781650286582874,36996.166489071125,-36048.65649470564,9926470427,107.96988354033584,240.97940560825776,29,236.54201720601333,3209.155485581814,-37.2021,-20.2295,26.6617,-26.3361,35.3878,28.4443,12.3864,-1.82865,-40.7144,-7.35106,0,0,0,0,0,0
1666,2778888,891,891,-19.91635649165022,36937.5790679707,-36540.917812068205,9947667269,40.74038813669466,204.9348952194992,29,242.7739861300442,3036.751163058843,-41.983,-22.3654,37.0238,-21.4484,24.2853,29.8252,6.19085,14.1037,-36.8057,-8.74261,0,0,0,0,0,0
1667,2782223,892,892,-16.066777983761995,30374.605533946895,-30116.464179167397,9968620046,-2.6413372154939907,207.45273658469284,29,243.16687847669186,2877.06828512673,-46.8906,-20.4284,38.5395,-15.6363,11.2715,32.1178,17.6907,13.9306,-41.4641,-5.19742,0,0,0,0,0,0
1668,2785560,893,893,32.16623348959001,33229.64910051211,-32194.982523605293,9992857232,52.15750206467584,188.43278239117723,29,198.67885504363335,3056.8548714697245,-35.7834,-14.4961,33.8868,-2.76,10.2531,38.4005,22.8766,8.17862,-30.2168,1.82696,0,0,0,0,0,0
1669,2788899,895,895,30.910492327158067,34684.57696074321,-33729.11842483591,10012623426,7.345709349934964,241.99143598208582,29,228.56336284661927,3081.902342831066,-47.8029,-15.491,40.314,-3.80092,18.7954,44.8575,14.7669,11.0031,-21.0017,-10.7299,0,0,0,0,0,0
1670,2792240,896,896,-10.22152996627051,28938.502002341113,-28834.022327489747,10032891657,-7.6011707895649465,233.9048685263835,29,209.8404116615268,2836.9011013298996,-55.8075,-10.6361,45.8043,-5.84763,5.9447,30.2356,3.46542,14.3595,-32.0917,-5.64811,0,0,0,0,0,0
1671,2795583,897,897,-10.892037643162553,32919.505142252085,-32800.868658232015,10054261427,-10.234591143361058,232.74984070883966,29,240.50767183716323,3021.3413804698457,-61.9387,-13.5628,58.3754,-14.0533,-0.0747492,37.6094,4.16365,9.49444,-36.0703,5.16489,0,0,0,0,0,0
1672,2798928,898,898,-113.88251264507619,37388.42227674,-24419.19559038406,10072941316,-44.52218054818792,263.51362539919404,29,296.536091239857,3021.9637841460844,-84.0552,-18.6397,46.6997,-8.87165,-24.4549,41.974,1.44248,1.21065,-54.0451,-15.1426,0,0,0,0,0,0
1673,2802275,899,899,-96.6607417214019,37100.00536233007,-27756.706372198503,10097436614,-23.42053961578887,262.70108427565793,29,252.2881497786699,3025.0422304296676,-76.2982,-22.6439,35.4101,-4.0079,6.4235,30.7006,0.235801,5.04367,-55.0582,-16.4662,0,0,0,0,0,0
1674,2805624,900,900,-81.63666401510096,40417.15785485078,-33752.6129433363,10124103214,-12.244496126489992,255.68320834970513,30,259.8300565540572,3112.280725802086,-56.5265,-30.6527,28.8027,-6.90861,23.3963,16.89,4.93536,15.0724,-57.4578,-19.1877,0,0,0,0,0,0
1675,2808975,901,901,-18.337259644681865,37944.69774611746,-37608.44265484098,10146106908,-28.102580235446908,249.68447009425552,30,265.3143818267184,3098.7947630448807,-51.8813,-23.5887,73.5794,-20.0525,29.2731,15.4303,-0.0932839,5.20579,-37.2514,-8.95862,0,0,0,0,0,0
1676,2812328,902,902,44.073741295996115,37674.29027344071,-35731.795601614314,10172861339,-4.818691160451408,201.35937917092065,30,250.77187405094355,3052.859689354287,-27.2213,-12.6749,80.0357,-23.8855,37.1417,4.79363,4.6916,20.7602,-33.8798,-5.68752,0,0,0,0,0,0
1677,2815683,903,903,43.833651055897406,38145.05332240473,-36223.66435751456,10196180223,34.08912181383329,208.98871903440596,30,264.44994305833046,3119.1926285923882,-26.6879,-18.5429,66.6465,-17.9589,40.0137,11.5166,10.1941,23.4758,-47.1184,2.29513,0,0,0,0,0,0
1678,2819040,904,904,84.87536276955063,38441.91405544986,-31238.086850187035,10219690353,36.04084313613316,188.39806989231033,30,249.0770766963227,3050.594326139062,-18.1397,-6.56089,76.3222,-15.9596,30.7978,9.96713,10.4711,39.4179,-34.3045,-7.13613,0,0,0,0,0,0
1679,2822399,905,905,99.94134892296177,36812.92745369149,-26824.6542291503,10243544058,55.550584572359014,190.80395102085862,30,233.97184197785748,3051.0451001839965,-12.7181,-3.50619,67.0003,-13.7928,18.2729,24.1559,23.8696,33.6579,-29.6479,-7.35032,0,0,0,0,0,0
1680,2825760,906,906,99.58327812546275,38513.16563780536,-28596.33635559209,10264311621,6.201076873753777,146.18047904143987,30,229.5366403074592,3059.636193713019,-19.2817,-7.45613,89.6632,-6.80695,4.87054,25.6889,11.945,27.9378,-31.4319,4.45452,0,0,0,0,0,0
1681,2829123,907,907,98.3892007777012,34390.627403804974,-24710.192574130175,10285788345,-22.343897817221944,166.96223510860483,30,227.08879089927126,2920.0081347021187,-27.9717,-8.33336,71.3284,7.26505,-10.1806,49.3175,2.91886,31.7112,-17.8641,0.197852,0,0,0,0,0,0
1682,2832488,909,909,155.95352080643738,36470.76719464347,-12149.266542719575,10311410114,-21.73883375651195,179.7182141166881,30,219.4444063473204,2945.1135435503206,-11.647,-5.36061,84.0586,-5.50787,-9.22992,49.8554,7.8041,28.5214,5.15681,12.3027,0,0,0,0,0,0
1683,2835855,910,910,229.54386031347298,46350.842043173354,6339.541764437839,10340044259,15.627988695120393,166.88465946088672,30,314.81959672941724,3075.839056835026,19.5512,0.830221,104.943,-23.5231,-19.1147,76.9385,17.2974,32.9776,2.61297,17.0309,0,0,0,0,0,0
1684,2839224,911,911,266.5705686856716,47386.91993232082,23672.948157081548,10365984490,72.84996236640978,193.63368608568038,30,372.81910123678614,3102.77542696864,35.7641,0.871051,104.507,-19.2268,-27.1727,80.4786,29.2722,36.723,-6.72478,32.0783,0,0,0,0,0,0
1685,2842595,912,912,247.63230681447163,40784.737296824576,20537.022081432035,10387432716,92.20975780976198,194.31221542331662,30,324.5010570948262,3005.383733959668,28.8506,11.9846,91.4557,-22.1722,-12.2408,65.7295,39.3526,27.8226,-4.02138,20.8712,0,0,0,0,0,0
1686,2845968,913,913,284.99249111290385,47063.25936685767,34157.460623880914,10410396983,116.4438303269909,208.48070420512852,30,359.6927190307307,3239.3115356854605,29.9518,12.0935,103.086,-34.9648,-2.38531,66.6255,43.9318,43.6329,2.19729,20.8234,0,0,0,0,0,0
1687,2849343,914,914,323.95336581011514,45329.5162331639,59616.26698653838,10433450394,116.76278103883664,216.5325194785225,30,371.61732093586187,3115.114238631838,31.9266,18.275,100.103,-23.832,14.8975,67.7994,37.8133,34.1796,25.4175,17.3736,0,0,0,0,0,0
1688,2852720,915,915,266.3555242400351,37658.79702623515,33286.468266948774,10453795281,70.55322902461756,191.36795403521893,30,301.46392018765874,3039.1444427443876,16.9162,12.3067,89.8725,-17.5542,19.8187,65.5084,31.7837,12.018,33.3214,2.36405,0,0,0,0,0,0
1689,2856099,916,916,264.52265690409627,38061.01715243241,31911.218863169823,10477030781,61.26943001349173,148.12632186095914,30,286.72004411231023,3086.677627493498,18.7793,13.5563,81.7232,-6.43618,13.8334,61.9346,34.6523,24.9321,26.2101,-4.66251,0,0,0,0,0,0
1690,2859480,917,917,247.15825150483988,35728.95672689215,25358.244560037536,10498939811,55.78026396455351,116.72021487816716,30,289.7759221228339,3101.032278946813,9.65716,1.65592,81.6367,-18.1613,-3.1475,72.2876,30.5364,53.3747,13.9823,5.33627,0,0,0,0,0,0
1691,2862863,918,918,233.50585646218786,37805.245620252375,16719.739381887506,10520181742,25.947777546322982,121.26368238534917,30,281.634372632781,3092.1401478589464,1.40861,7.82825,94.63,-23.9665,7.77295,62.9021,15.4982,54.9738,12.5562,-0.0977916,0,0,0,0,0,0
1692,2866248,919,919,229.16818370812672,31693.14007737762,20824.9163467041,10544171102,41.643018177720876,128.9225063441482,30,254.68247039388854,2949.210960308633,4.17479,9.99595,75.4553,-11.6263,17.6934,57.6019,14.9881,43.8368,-1.13089,18.1792,0,0,0,0,0,0
1693,2869635,920,920,199.80299873444238,31160.258201096847,8760.980102178735,10564737060,-11.707120311051654,104.69924728820467,30,269.0202297492693,2954.855101631744,-9.1854,11.2363,80.4338,-21.4417,21.778,48.0317,27.2403,40.5548,-3.98154,5.13675,0,0,0,0,0,0
1694,2873024,922,922,250.50345458272022,35800.37558591644,26951.60517196054,10585090970,-12.747393861971489,143.91003004128896,30,327.7761349088123,3109.2397166277633,-20.5309,11.3268,101.404,-18.1055,7.86789,66.733,31.8282,52.8858,7.44603,9.64836,0,0,0,0,0,0
1695,2876415,923,923,225.15187120361765,38876.03958036125,11817.325526129178,10606585896,-31.95920655522758,160.56886602732862,30,343.7880485159738,3150.3815930231995,-30.0027,9.63509,109.526,-26.9271,5.04977,67.7238,35.8995,42.6048,14.0312,-2.38832,0,0,0,0,0,0
1696,2879808,924,924,170.3566047754211,32923.48203245361,-3902.109241844588,10628965111,-45.40021392583725,166.62833430599125,30,277.1324055738317,3038.9073588748965,-35.4598,9.79358,93.4056,-8.52159,-2.96337,51.6801,25.7589,34.4173,8.689,-6.44311,0,0,0,0,0,0
1697,2883203,925,925,175.17717124038495,34218.45066996138,-3531.409346178225,10653619190,-31.510495218961523,189.2930758256407,30,266.5962156454684,3023.22282142669,-28.0433,16.0247,86.5159,-10.2735,10.0306,43.1046,27.5353,30.5425,7.13303,-7.39277,0,0,0,0,0,0
1698,2886600,926,926,138.33363112917482,32285.83079021765,-13149.637288835045,10678697504,11.050983491955094,186.4320750749432,30,183.55770124063906,3145.2026392111516,-22.612,11.2512,53.5373,11.2092,19.1981,15.5334,8.69341,31.9885,6.37238,3.16224,0,0,0,0,0,0
1699,2889999,927,927,166.25489916861625,30354.03626382876,-2713.344766262002,10702339642,-16.444246670248333,180.66722577066372,30,208.86909659395678,3009.388364340518,-21.3071,10.5503,53.7157,23.5318,12.3643,35.3217,14.2633,23.0126,9.91037,4.89189,0,0,0,0,0,0
1700,2893400,928,928,151.94055119091138,29867.17576555463,-6781.244669356671,10724188102,-4.580326755722865,206.14141439686324,30,214.30022503040243,2968.104926940148,-27.9875,11.6996,57.7234,28.9219,14.6918,23.3818,14.4211,30.0972,-3.19238,2.18379,0,0,0,0,0,0
1701,2896803,929,929,145.56498171226946,33452.4356708821,-12263.271769988758,10745983338,-49.69147292735374,166.85650649885315,30,222.51369454383945,3046.587849848378,-34.7941,12.0666,75.889,11.2326,-0.497904,31.2499,21.1916,26.3631,-3.18233,6.04649,0,0,0,0,0,0
1702,2900208,930,930,140.69277959360335,32336.059951843916,-12541.601722069667,10770346265,-82.95986448181168,179.60505878474294,30,220.4729026904286,2963.9725954123332,-32.5861,15.2839,69.9648,-7.30398,7.83115,31.5877,23.9667,7.67096,12.7101,11.5676,0,0,0,0,0,0
1703,2903615,931,931,134.29932346925386,30233.75625656205,-12197.44797226277,10792413282,-69.23386456458252,173.10662466810163,30,211.3079601083581,2957.4264636387106,-38.5043,19.5738,58.3483,5.08445,13.9912,38.0977,22.0241,5.5124,3.906,6.26564,0,0,0,0,0,0
1704,2907024,932,932,123.73640418352375,33134.00129348094,-17823.30357321259,10816932495,-20.554891081039443,153.57294077834894,30,230.04654656561866,3048.470597713017,-34.4079,19.859,53.336,12.538,11.0438,38.8676,37.7803,-5.56444,-13.1828,3.46666,0,0,0,0,0,0
1705,2910435,934,934,112.08323825711057,30143.32249867684,-17580.670200476627,10839914091,-25.391461256549746,140.1454626677014,30,255.02411346062024,2959.157715409508,-40.4377,18.2168,47.6295,13.9118,18.0191,35.4643,31.7443,-6.85914,-24.1736,18.5679,0,0,0,0,0,0
1706,2913848,935,935,87.77518152586379,28327.271801885043,-20622.789309986703,10863259901,-19.678872666167365,147.8312725986096,30,219.83101115022657,2817.3531028559482,-45.4528,4.42491,44.837,21.5225,6.42705,38.7958,37.7959,-6.63696,-13.182,-0.756179,0,0,0,0,0,0
1707,2917263,936,936,33.8005457336543,33466.50605707272,-32324.029165179865,10886510565,-53.52528927244197,167.39509522492443,30,199.57403483469727,3073.6208595976477,-50.5941,2.85064,42.1212,5.81338,13.4827,14.3804,33.7531,4.28591,-19.6088,-12.6838,0,0,0,0,0,0
1708,2920680,937,937,99.43548588458168,27932.712877519156,-18045.297024416315,10914401681,-39.61251609845169,173.43157218356157,30,211.23823267469663,2948.513318783995,-26.7208,10.1267,47.3913,8.32946,23.6197,26.1573,39.7124,-1.79001,-19.5108,-7.87978,0,0,0,0,0,0
1709,2924099,938,938,80.22662892846199,30830.11825551294,-24393.806266287807,10934735706,-74.47040669717762,185.47683609311332,30,196.57059751901818,2990.422307541306,-43.9737,10.4753,57.6638,0.930063,17.5827,27.9241,15.5676,4.11997,4.13514,-14.1983,0,0,0,0,0,0
1710,2927520,939,939,81.87954632781555,32400.347373693316,-25696.087266844424,10958437628,-79.06615027719721,184.04441437767542,30,187.2411705093001,2968.5058729285106,-45.2119,7.81928,49,5.36118,19.9711,19.239,21.6172,11.5526,-4.5149,-2.95399,0,0,0,0,0,0
1711,2930943,940,940,81.41495144094267,32097.83325787327,-25469.438939742216,10982105867,-75.76917618398267,168.06165877899065,30,188.49901759088596,2945.185594117876,-44.5763,12.2358,62.4158,-7.12276,26.4569,12.5726,14.1009,4.68438,-1.84293,2.49052,0,0,0,0,0,0
1712,2934368,941,941,54.754845099090005,35830.60104776909,-32832.50798594375,11002008541,-126.70700783551115,187.23505318005982,30,209.0901076481212,3115.5478767140194,-63.9261,18.5027,50.6631,1.53843,4.32192,44.5076,6.62992,3.38097,2.37792,-13.2415,0,0,0,0,0,0
1713,2937795,942,942,83.09653141035352,33336.12690658513,-26431.09337415326,11032515620,-83.80329597118146,170.87226952150547,30,219.67410189896856,3101.2569047989905,-34.402,15.9871,48.1415,-9.95844,-13.6357,63.0057,6.47785,-10.2926,7.14897,10.6243,0,0,0,0,0,0
1714,2941224,943,943,96.92817838919541,36395.166857224394,-27000.09509137671,11055534642,-47.67391515865427,207.48824041175294,30,245.68489499912152,3110.3173722588426,-36.8633,33.3219,45.3795,-15.2197,-10.3394,66.6776,3.04707,-11.956,5.59615,17.2843,0,0,0,0,0,0
1715,2944655,945,945,112.82098788105947,32975.74711940741,-20247.171812949244,11077170954,-46.77830566272752,226.8540766923814,30,243.55175946267246,3046.3595590937707,-47.4507,34.7292,41.0775,-7.88271,7.04215,57.263,22.0934,-3.84628,-6.1857,15.9812,0,0,0,0,0,0
1716,2948088,946,946,115.8202678224564,37104.05464798238,-23689.720209516854,11098431925,-79.66365420514916,249.7375156972726,30,300.9016404677773,3092.964191296824,-61.0234,31.1319,51.3029,-20.9964,8.16682,59.7628,28.1437,4.77418,-10.5208,25.0788,0,0,0,0,0,0
1717,2951523,947,947,155.37133670843963,34360.91595284241,-10220.663682275095,11126650253,-62.01593006385872,203.03359058754563,30,275.67952568023946,3081.9604022592425,-38.7223,36.6071,48.8356,-11.5907,11.4462,51.3295,39.1902,-0.418031,-9.42297,28.1169,0,0,0,0,0,0
1718,2954960,948,948,136.75494855410614,36792.97782381899,-18091.061869782774,11149008406,-67.30112009250581,208.30678913891268,30,283.3275034413201,3150.3877120864936,-48.4066,32.9327,47.3558,-2.94998,-7.17855,60.9141,35.8447,-12.8938,-1.85732,32.9939,0,0,0,0,0,0
1719,2958399,949,949,75.88169758414756,40722.23733666975,-34964.205308417724,11168409541,-91.83624533990633,227.42439302403363,30,277.5563683364576,3112.4576138871435,-72.217,42.4757,18.8793,6.7736,16.198,39.4972,24.7848,-16.0891,-12.5313,28.1103,0,0,0,0,0,0
1720,2961840,950,950,44.03859636110167,39758.60966108026,-37819.21169162422,11192529171,-95.92800946632553,213.22012272613142,30,271.3469002984451,3128.834590160883,-73.0127,30.8693,36.3868,4.31989,-5.69471,28.2456,28.635,-25.7608,-9.18598,29.2362,0,0,0,0,0,0
1721,2965283,951,951,104.12882196602158,41051.88971670581,-30209.078152674392,11219019474,-77.57618764172463,214.50180212365882,30,262.2972840611366,3237.3274495882965,-60.9345,38.3353,23.8967,21.1141,-1.50731,30.0018,31.6829,-16.6424,12.1291,26.0531,0,0,0,0,0,0
1722,2968728,952,952,121.06789101735825,38939.240265392065,-24281.80603000113,11242973958,-88.43547871518143,225.44506431964686,30,262.9772593742177,3241.2439057026986,-60.8417,42.7966,14.4722,37.8167,9.8612,9.58115,23.5285,-10.113,12.1219,41.8442,0,0,0,0,0,0
1723,2972175,953,953,132.33670507192357,38379.9705298006,-20866.96702050732,11269080499,-110.41044794048946,220.8396452895562,30,241.8600859606628,3180.9818001999033,-52.8749,37.3305,24.2005,27.363,20.0491,11.2348,34.1824,-1.88676,6.10393,26.6342,0,0,0,0,0,0
1724,2975624,954,954,105.977130673391,38956.472269386344,-27725.320043621352,11292800926,-103.5911778558721,234.2124975203223,30,219.7642138283718,3190.2348593605184,-56.8935,32.7149,17.6871,28.3793,11.1476,14.9875,17.4126,3.49521,19.234,17.8125,0,0,0,0,0,0
1725,2979075,956,956,84.99708609755879,42083.86628932603,-34859.36164425021,11314718643,-101.16230541437102,276.46753920433656,30,247.22133186749824,3280.570463347392,-69.0382,27.3165,27.4027,25.9105,10.6712,16.3722,22.2601,-12.0739,26.1092,10.0667,0,0,0,0,0,0
1726,2982528,957,957,116.93938565945604,38767.76699576126,-25092.94707735027,11340219841,-94.68734815118563,303.47630136689446,30,269.3902709615949,3159.8972469895325,-64.1683,24.7687,36.9554,23.7598,23.8511,1.2133,35.1092,-12.0572,38.6535,8.85374,0,0,0,0,0,0
1727,2985983,958,958,193.42795091251207,39480.613695567685,-2066.2415013545033,11366387263,-95.02648242440034,285.3689611108488,30,309.50763849876637,3095.195331910687,-54.4244,24.2934,52.8152,12.532,53.551,-1.47931,31.2531,-2.13617,60.5497,16.4735,0,0,0,0,0,0
1728,2989440,959,959,83.40220852139538,43970.49516904929,-37014.56678280297,11387427561,-117.72052166452573,342.66064124851886,30,280.70589062196706,3241.3275806525376,-74.6658,15.8134,46.3532,9.20587,35.5508,-9.47505,20.5608,-14.511,37.5353,17.0347,0,0,0,0,0,0
1729,2992899,960,960,23.842207199842107,43136.850944501835,-42568.400100341634,11412301473,-166.44818877392385,324.18849802433004,30,271.94750196947786,3094.7894287556687,-74.0333,11.4059,44.125,3.12697,31.982,-12.0028,1.31403,-38.0165,45.0824,10.8585,0,0,0,0,0,0
1730,2996360,961,961,25.840654862897907,42578.58633780596,-41910.846894062546,11437966074,-142.37751176152483,312.2256164550479,31,266.9963495338349,3260.8330985799284,-68.3862,13.849,38.8824,7.95977,31.2386,-18.436,-2.75242,-31.0032,44.7398,9.74888,0,0,0,0,0,0
1731,2999823,962,962,78.28089742701087,40857.44952235835,-34729.550620380156,11465522811,-92.9348725266504,298.5709125738022,31,269.76809886960956,3319.9666000269785,-51.8651,19.5093,50.7203,12.632,14.8395,-4.69309,-1.80717,-37.3783,57.6036,18.7198,0,0,0,0,0,0
1732,3003288,963,963,40.83061011574,43696.09091347903,-42028.952191055454,11490118926,-122.02936962093361,306.0590829642082,31,292.4125201190145,3238.5455547515267,-52.3293,9.02016,80.3898,-9.30646,5.09267,-11.3061,-4.49002,-48.3591,56.7254,15.3935,0,0,0,0,0,0
1733,3006755,964,964,30.070139117031488,41915.123667457534,-41010.91040093991,11512823915,-111.85915045723539,305.8546564002148,31,287.80575515801155,3266.025143098088,-62.9195,11.6034,72.2892,-7.645,11.4245,-11.2164,-2.83537,-41.1435,63.6209,-3.10798,0,0,0,0,0,0
1734,3010224,966,966,22.896829045759773,41719.48019740949,-41195.21541705874,11536166283,-91.89195138273664,274.7187919746247,31,298.40203111018343,3378.1316862324084,-71.4952,5.18215,56.0267,-6.74928,31.8439,-17.6553,-10.9984,-28.4459,67.5967,-2.40853,0,0,0,0,0,0
1735,3013695,967,967,52.14461574234292,45048.90302515723,-42329.84207424064,11561324923,-63.84967449002022,342.8866380835044,31,304.39229565208734,3360.3914040207424,-70.1968,3.83322,61.992,-3.8501,41.2651,-20.1777,-0.877694,-31.0216,64.6967,6.4814,0,0,0,0,0,0
1736,3017168,968,968,19.724706028174808,38731.026520476946,-38341.96249257903,11585195935,-91.32889186241346,306.3737641955281,31,288.1087068440402,3189.0847425269944,-74.8837,12.335,48.793,-9.88754,30.7601,0.636123,1.15635,-49.4207,45.9131,14.323,0,0,0,0,0,0
1737,3020643,969,969,-11.946979690262651,38286.79653527881,-38144.066211559264,11608259897,-70.04369207201273,253.04350699755594,31,302.98921989816927,3101.81974228497,-85.6967,12.0538,35.6704,-4.07955,43.9989,-3.36349,-0.814181,-60.3094,53.7979,-3.20483,0,0,0,0,0,0
1738,3024120,970,970,-42.240156683411385,39639.330029883124,-37855.09919324398,11631162609,-144.2201242332955,292.8826124942198,31,355.59553224376754,3088.276098163592,-97.495,1.62337,30.6125,-4.03956,53.5833,-13.1622,15.4072,-71.7728,55.4512,-12.4483,0,0,0,0,0,0
1739,3027599,971,971,-53.70942458725392,44763.42096840474,-41878.718678910824,11657774653,-128.52013689598527,281.0130212013306,31,342.91774935252135,3236.984304499671,-92.4193,-7.73472,22.6341,-3.07703,59.6441,-10.0746,12.3337,-74.687,49.9922,-10.321,0,0,0,0,0,0
1740,3031080,972,972,10.266515178850511,42052.28284867931,-41946.88151476174,11683486314,-132.8418145116927,304.0922742618599,31,316.0420358990804,3253.996498315809,-86.3289,-9.0974,34.4864,11.8713,48.1346,8.6538,10.0698,-57.4614,39.2017,10.7367,0,0,0,0,0,0
1741,3034563,973,973,-36.54015060619133,46001.286817805485,-44666.10421148234,11707425559,-106.04220892239755,310.1516170775867,31,288.8009128695993,3306.200339259849,-90.3645,-8.38774,43.4952,4.74008,39.6209,-3.53374,9.38852,-54.1825,28.8856,-6.20203,0,0,0,0,0,0
1742,3038048,974,974,-83.374031931753,44824.704694415195,-37873.47549385823,11731501058,-94.20344799515362,309.48244046971934,31,316.260227754655,3204.4889741142815,-98.3855,-18.8273,42.4146,2.92382,30.0153,-11.8924,8.1255,-55.8506,32.9639,-14.8613,0,0,0,0,0,0
1743,3041535,976,976,-87.23932458375856,52187.62146039364,-44576.921706563255,11754552814,-124.19971507202189,298.2294808776882,31,344.3111051426899,3441.04789668212,-106.532,-8.04992,30.6415,10.7897,30.5955,-15.5159,11.4446,-67.4242,45.0646,-18.2528,0,0,0,0,0,0
1744,3045024,977,977,-50.046102541009475,48428.64593068644,-45924.033551141205,11783871667,-119.910923435124,287.7253966540925,31,325.6650168778312,3325.184443251697,-86.6646,-1.42174,17.4731,14.8817,40.8046,-21.6236,23.3644,-74.3341,41.2857,-3.81147,0,0,0,0,0,0
1745,3048515,978,978,-102.35922036139993,50011.53757606729,-39534.127583073656,11807236491,-127.4481523966486,308.048937983542,31,328.0243367674458,3378.5731751698013,-97.9228,-1.72124,0.686317,11.8155,53.5408,-23.8075,18.2037,-71.6312,28.5863,-20.109,0,0,0,0,0,0
1746,3052008,979,979,-116.80763154588811,51511.927926721255,-37867.9051393613,11829847171,-145.8110721778594,292.110080976752,31,359.7473776292672,3385.0087791159344,-109.166,-6.02533,12.6609,13.9827,50.931,-25.265,22.3103,-81.3083,21.585,-16.5126,0,0,0,0,0,0
1747,3055503,980,980,-129.87229696123484,47848.50014873843,-30981.68663075126,11858412641,-104.83126993579356,275.0046464136932,31,347.4407635402605,3336.326298608176,-94.5358,3.74289,-2.13502,16.9121,49.3246,-45.2724,13.3275,-90.1021,25.4772,-6.61127,0,0,0,0,0,0
1748,3059000,981,981,-150.74038655650992,49429.32143663306,-26706.65729742702,11882513738,-107.16812675553882,291.04415068457973,31,342.8545904652685,3391.0102154124097,-98.8906,0.361959,-0.0219614,23.9882,39.1318,-46.8194,6.35891,-92.7857,26.2162,-8.27981,0,0,0,0,0,0
1749,3062499,982,982,-130.4308925405167,46984.20110087871,-29971.98337196289,11910141449,-64.39754935185294,250.13506529818744,31,346.56378647338016,3485.4540120596475,-87.3713,7.19788,-7.9826,26.2262,39.4241,-27.9315,4.99695,-96.6704,30.2213,-18.5415,0,0,0,0,0,0
1750,3066000,983,983,-147.73342531615816,46493.543109480524,-24668.37815383564,11934119826,-95.32242531762921,209.4394266143708,31,361.1695583347675,3333.441181773079,-95.8374,3.88466,-13.7266,33.2156,41.9811,-41.2049,-8.9019,-64.678,27.6367,-30.1026,0,0,0,0,0,0
1751,3069503,985,985,-110.80764083654725,41335.42408061602,-29057.090812854767,11960915624,-104.84557930854652,213.8317477300107,31,301.1501840247992,3205.2363541597415,-87.4294,1.64374,-0.4683,35.2906,40.6162,-37.7551,0.220131,-71.3578,17.4006,-8.9684,0,0,0,0,0,0
1752,3073008,986,986,-84.00970547475976,40450.14329403211,-33392.51268007623,11986974001,-126.8908730090634,216.21504166631462,31,310.7023766746574,3258.5487801381378,-83.0067,6.39823,4.62297,35.5886,56.0701,-40.5968,3.14656,-71.3528,7.51988,-2.39975,0,0,0,0,0,0
1753,3076515,987,987,-82.98579577201076,36505.20046629621,-29618.558166382332,12015156794,-112.52282475109178,219.31292286929875,31,289.51702113657893,3236.0056800437997,-71.7099,1.22499,7.94365,34.6503,40.3567,-23.7124,14.0533,-84.1477,5.03669,-6.68152,0,0,0,0,0,0
1754,3080024,988,988,-50.10734443083766,39920.259756002364,-37409.51379009177,12040784016,-91.25871685283539,246.56590116912378,31,280.58871768422,3278.8018375994207,-71.3985,-0.0973354,3.10187,35.9472,53.0741,-12.2613,14.5576,-75.3381,8.55984,-6.25283,0,0,0,0,0,0
1755,3083535,989,989,-35.536302079391476,39717.1601624707,-38454.33139699294,12067503752,-84.63572316608872,269.9238432306671,31,312.30558445868894,3323.854720207344,-67.2129,3.79709,-3.43463,34.003,54.4398,-28.5565,26.4694,-74.717,10.3368,9.33867,0,0,0,0,0,0
1756,3087048,990,990,-60.27331823644363,39668.88431765517,-36036.01142642356,12093241695,-44.48764977594476,263.7163035379923,31,351.07873423218234,3239.508058633428,-68.0127,7.54246,-15.366,33.286,54.0574,-42.6705,32.4885,-79.6269,13.4416,4.58673,0,0,0,0,0,0
1757,3090563,991,991,-15.048257749248705,38393.72829746879,-38167.278236180966,12125640247,-26.299321859505596,246.1463065541289,31,283.9012623115757,3224.1940959064377,-36.9382,-0.639918,-5.91415,31.4116,45.5906,-37.8773,45.2095,-68.1051,10.6438,1.57098,0,0,0,0,0,0
1758,3094080,992,992,23.93662325661404,39328.61094837202,-38755.64901544295,12151293397,6.860907008563345,263.6151671910145,31,275.21412508162035,3370.217094057358,-35.8493,6.17312,3.37231,29.6892,42.1223,-32.1698,46.6011,-57.6197,18.7412,2.87607,0,0,0,0,0,0
1759,3097599,994,994,13.204139118622379,37724.22146403707,-37549.87217417314,12173173524,-65.14106917424158,245.15343902013763,31,370.23328976045764,3269.1994841342075,-51.886,17.0584,-5.18499,40.8102,53.9994,-58.1835,55.3335,-57.7124,24.5172,-5.54768,0,0,0,0,0,0
1760,3101120,995,995,-59.88389980454696,43304.41565469533,-39718.334198894314,12191887170,-89.33561428546176,280.6457158652449,31,385.9569466273395,3294.6354639561987,-86.9082,5.79467,-14.8352,38.1567,57.263,-51.225,44.3416,-55.3008,17.4805,-14.6512,0,0,0,0,0,0
1761,3104643,996,996,-9.472182084544727,48493.23487222816,-48403.51263878539,12223788410,-70.91189634573243,280.5019237130675,31,393.44794194124273,3556.8737755699835,-59.0562,-2.25242,-24.482,53.3456,60.8695,-47.6072,54.633,-61.1011,23.1398,-6.96112,0,0,0,0,0,0
1762,3108168,997,997,33.04140043341772,43216.62471471245,-42124.890572111,12249126957,-61.539811546510634,266.621604880446,31,337.6017973700998,3372.482078321422,-60.1896,2.55151,-17.0644,44.6874,45.4808,-20.8222,55.5469,-54.204,26.5612,10.4938,0,0,0,0,0,0
1763,3111695,998,998,18.197885588011445,44288.159190624436,-43956.99615075008,12275267953,-67.47787341620682,264.643076618894,31,327.92965877150607,3393.510705318523,-59.4487,5.42765,-26.4945,42.0339,46.2573,-14.0251,33.2727,-54.8977,30.433,15.6392,0,0,0,0,0,0
1764,3115224,999,999,36.887431385071466,50018.66750310261,-48657.98490891425,12298787372,-89.79304191657513,264.89843812299966,31,349.9680235171426,3414.107517492812,-70.6932,9.29922,-31.1644,39.3634,45.8598,7.76515,44.5681,-54.6826,39.6222,6.94996,0,0,0,0,0,0
1765,3118755,1000,1000,128.0135289086105,47326.93351490153,-30939.469931265874,12327738239,-73.12521973176086,256.09414004405306,31,336.73220881540817,3401.9501365481206,-54.0635,12.243,-13.6072,39.6152,54.4521,4.63718,44.5746,-36.6887,58.6017,18.249,0,0,0,0,0,0
1766,3122288,1002,1002,123.28398816297988,47531.37697157394,-32332.435234204175,12352583235,-103.35786368852024,284.0089256540227,31,319.30013967351226,3455.4672643613167,-58.4192,14.0378,0.864695,37.1016,46.0522,4.6092,54.6761,-39.5889,48.1643,15.7861,0,0,0,0,0,0
1767,3125823,1003,1003,133.31697269199492,44081.02567810586,-26307.610470347743,12381843659,-85.95040095733054,256.60184756672595,31,297.64977056363875,3375.0053550124258,-43.9006,15.0492,-2.51029,41.1896,44.0808,-4.96436,41.4864,-30.7912,42.6767,31.0007,0,0,0,0,0,0
1768,3129360,1004,1004,166.4102469485195,41486.29786377987,-13793.92757431263,12405305291,-61.48438489265038,272.51752838666346,31,325.3148917917168,3384.626284156484,-52.3674,23.9117,11.947,39.7439,41.4933,13.7239,37.6824,-27.0849,44.6667,32.6938,0,0,0,0,0,0
1769,3132899,1005,1005,142.47734309031023,41252.74578798855,-20952.952493914578,12430528591,-62.337650090064585,271.6329507806496,31,346.74718989419455,3288.4567340549306,-56.9599,8.84632,22.5604,35.2212,52.9953,2.95047,46.7891,-45.175,56.4314,18.8181,0,0,0,0,0,0
1770,3136440,1006,1006,136.00841591732922,38471.76730341789,-19973.478103076675,12458173155,-92.41936114654737,250.3568120268008,31,355.44133511149573,3251.2247708933487,-50.5379,6.77639,27.0835,28.4503,53.7623,3.73893,40.4972,-59.1786,60.3081,25.1082,0,0,0,0,0,0
1771,3139983,1007,1007,164.80208568212595,34359.03841176223,-7199.310966583449,12484662495,-98.94565901317372,225.5547994253222,31,378.20974784837847,3229.187435714669,-47.2415,15.7786,45.8396,24.9223,40.3456,5.42509,31.6876,-59.4623,65.4962,42.0109,0,0,0,0,0,0
1772,3143528,1008,1008,168.5195897661239,37258.02727620506,-8859.175141262374,12507922482,-99.77903540967435,188.24693245507507,31,386.1310409386789,3229.7990022329673,-59.9306,18.632,52.3511,13.4599,30.0949,19.3772,42.9747,-48.8751,63.3693,37.0662,0,0,0,0,0,0
1773,3147075,1009,1009,149.72226407362922,40905.52770461299,-18488.77134527943,12533197002,-116.1715273974396,240.87244449391187,31,372.7840401001228,3326.9047880962144,-63.7453,17.7018,69.0926,3.67872,23.6699,20.3299,39.2652,-47.7856,61.2244,26.2907,0,0,0,0,0,0
1774,3150624,1011,1011,145.18034429742056,40239.805233981824,-19162.47286366425,12560084230,-127.85382041874561,202.75759606661757,31,352.6093472636194,3333.718974881899,-62.5455,12.6228,68.6719,11.2926,23.3351,29.1015,27.9872,-41.169,49.322,26.5618,0,0,0,0,0,0
1775,3154175,1012,1012,206.16984804006773,37754.607876753624,4751.398364110995,12589515518,-106.59172484009042,177.19231410632534,31,362.05828709986685,3264.4352606935536,-45.4713,30.6159,63.555,4.6681,38.3441,23.6208,45.9421,-32.4729,38.9602,38.4078,0,0,0,0,0,0
1776,3157728,1013,1013,244.27509949339128,36601.79326961841,23068.530962887802,12618440034,-94.97175883763572,160.3157965235476,31,367.5768665863252,3226.849217506597,-34.3825,22.6045,52.1217,29.2681,31.6538,40.8267,43.3582,-27.2683,43.5014,42.5916,0,0,0,0,0,0
1777,3161283,1014,1014,205.04330896537675,44096.6483304135,-2053.8897789425537,12640678223,-127.89561518408271,217.33160769744342,31,387.6028280003699,3320.463586983929,-52.4194,24.6652,75.8405,7.71396,21.4795,38.8687,40.2499,-38.8604,46.5715,40.9338,0,0,0,0,0,0
1778,3164840,1015,1015,203.00622315490386,46006.202971402396,-4794.676331783769,12666919003,-109.52757970578483,200.31194270318525,31,376.81732603646583,3439.635665767637,-52.4417,33.5771,61.7006,26.2309,28.2184,24.5528,30.54,-34.4638,58.4477,26.6443,0,0,0,0,0,0
1779,3168399,1016,1016,208.74935356343667,39539.586636954,4036.7059761986893,12696945652,-76.16947839442122,178.24550623859255,31,326.25826993340206,3313.1450560552007,-36.5896,32.7053,58.4871,39.8298,15.9606,7.23084,34.3421,-22.1648,55.4232,23.5249,0,0,0,0,0,0
1780,3171960,1017,1017,253.76759955332255,39521.27476069011,24876.71982236536,12724247054,-86.51898501822177,174.01234567830522,31,385.52440860194275,3306.0136773337135,-32.723,41.6848,49.2577,47.3344,30.8642,17.0961,31.5359,-33.1554,72.2804,29.5924,0,0,0,0,0,0
1781,3175523,1019,1019,277.2322395689126,38207.55543085656,38650.15922553837,12752906783,-31.2609480739913,151.42346557481625,31,369.3373609295364,3315.829785032065,-22.982,39.7364,48.1075,61.8425,24.418,17.1186,41.6278,-23.0706,71.1565,19.2776,0,0,0,0,0,0
1782,3179088,1020,1020,273.1681377607716,40568.32287101188,34052.508616675994,12778016741,-54.71144089700425,167.91850592293275,31,385.5654055302012,3328.095447927424,-30.2264,45.7834,46.8691,49.5813,14.3192,20.801,59.7054,-25.9722,66.6647,25.6428,0,0,0,0,0,0
1783,3182655,1021,1021,236.04229805116432,35785.229865877045,19930.73660339765,12804493251,-51.089234236334335,175.858316913431,31,344.21972396620544,3164.966486605831,-31.5964,42.9025,52.9362,38.0048,23.2211,10.4796,53.9863,-22.4923,49.5318,19.0687,0,0,0,0,0,0
1784,3186224,1022,1022,296.56444400449175,40670.00097972089,47280.46846797243,12834408018,-7.61749138541137,211.21026511033705,31,350.0351960967088,3357.7592388129133,-14.9518,47.8729,56.6094,39.7343,24.8541,8.86466,49.8867,-11.7835,68.7473,26.7304,0,0,0,0,0,0
1785,3189795,1023,1023,303.91715536446554,41184.63216900982,51181.005155818864,12862941734,4.904495193222829,209.10209535817103,31,323.1187372619529,3436.027144443051,-7.43282,60.0596,43.6639,36.2241,25.403,-1.47391,60.3532,-0.694069,64.1488,23.6655,0,0,0,0,0,0
1786,3193368,1024,1024,329.08662321928534,39304.90948272504,68993.09609914683,12889491467,-36.129117939714035,209.05699146653086,32,348.3003517986141,3249.28830503923,-8.89929,57.0975,47.4797,26.0285,31.5521,-0.707574,76.9521,7.41454,66.0138,24.6635,1.49171,0,0,0,0,0
1787,3196943,1025,1025,398.5902577248999,41216.706944555466,117657.48660864668,12916890624,-57.57520133805798,191.2637654880926,32,412.6120576988479,3250.710882980231,-2.49128,51.2075,77.6009,23.5154,49.184,1.31775,80.1367,6.7991,59.6607,56.1791,-4.51962,0,0,0,0,0
1788,3200520,1027,1027,487.87390285843423,42892.33740745664,195128.6076828643,12947532298,-49.57008877167158,216.65267851396737,32,494.17919269760273,3360.788280741789,15.9312,56.313,71.4789,43.2276,53.9819,16.3391,91.1297,6.11194,72.2725,64.2408,-3.15264,0,0,0,0,0
1789,3204099,1028,1028,500.46704751926114,46050.85715826905,204416.40849437733,12976100311,-0.729136611125341,208.36699106776223,32,501.5419344954723,3387.4121891796945,23.2283,67.4905,54.436,42.9421,45.7775,27.1786,74.4952,20.1989,63.1681,82.0894,-0.537443,0,0,0,0,0
1790,3207680,1029,1029,420.5123595165117,41840.390808066666,134990.25369807731,12998675279,-0.8859989846153553,139.34531892123238,32,420.5123595165117,3397.5197734116937,0.539809,53.5194,56.5322,44.5688,38.5662,21.2933,73.3876,6.38863,64.9086,59.3515,1.45629,0,0,0,0,0
1791,3211263,1030,1030,440.42932604655556,41404.64819514334,152573.3430466798,13026809341,44.27924821536982,160.56075208484452,32,440.42932604655556,3380.777804409894,3.72587,46.7644,53.555,46.3604,44.6288,30.8828,72.6691,13.7963,77.2266,47.9973,2.8228,0,0,0,0,0
1792,3214848,1031,1031,475.54420352063335,45421.90836812997,180720.38113394356,13053717830,9.99101499558185,117.53344709397845,32,477.17773678141464,3410.707014097971,3.92642,38.8608,49.5639,76.0542,55.0655,27.977,79.8365,30.7891,72.648,41.6396,-0.816767,0,0,0,0,0
1793,3218435,1032,1032,531.6726818450085,47469.55425040132,235206.28636986227,13083081009,15.172035941514764,106.05063041588221,32,532.5861616855797,3432.3940923793234,18.0015,55.0292,55.7247,79.753,58.1098,15.0844,75.0075,47.5705,74.0507,53.7983,-0.45674,0,0,0,0,0
1794,3222024,1034,1034,516.5231888392693,54295.17146556246,212501.03314312504,13108291031,0.14806138782762446,143.5246997250057,32,516.5231888392693,3602.7813442292436,11.0911,61.1931,53.7245,77.6858,60.9808,21.5696,78.995,30.0598,78.4722,40.5991,2.15214,0,0,0,0,0
1795,3225615,1035,1035,509.2515567268473,45979.414032152716,213357.73399656467,13137414876,-10.340784835398608,136.17025797807946,32,509.2515567268473,3441.126274823043,16.0553,55.429,45.0276,75.2182,52.0198,27.5846,75.7863,44.6659,61.4457,52.7618,3.25729,0,0,0,0,0
1796,3229208,1036,1036,529.3046979257952,44214.466800880095,235948.99644543714,13168422986,2.968183804563296,159.80353934060668,32,529.3046979257952,3376.1877605295954,31.0339,40.5163,46.014,84.218,37.9729,44.4256,78.4373,55.051,62.6273,43.7701,5.23831,0,0,0,0,0
1797,3232803,1037,1037,578.7977461367449,48171.49528190423,286835.3356510715,13195173596,-37.39115330190339,172.0010037429979,32,578.7977461367449,3520.2516226677353,30.8871,42.8197,62.2298,87.8997,38.4052,37.9702,86.2343,71.4484,77.7221,36.0873,7.09398,0,0,0,0,0
1798,3236400,1038,1038,584.5815675403221,52322.82776552551,289412.7813423747,13223666008,-26.875227395660545,165.40245460038216,32,584.5815675403221,3584.5104357368564,37.7549,46.9745,82.3566,63.6533,40.6946,43.7166,82.3992,68.5469,71.022,37.6373,9.82566,0,0,0,0,0
1799,3239999,1039,1039,563.6191063566773,45506.12263225305,272160.3744180465,13254039498,-16.088494215461196,174.79471642113526,32,563.6191063566773,3485.1465801352333,45.4972,42.2013,36.7157,80.5721,46.6394,43.2849,77.6733,76.1166,65.5413,40.951,8.42633,0,0,0,0,0
1800,3243600,1040,1040,522.6722993127983,42493.88253030644,230692.44993862094,13277054806,-12.873787330716937,160.2242679856314,32,522.6722993127983,3386.8035436329933,24.2539,35.4236,35.8299,81.3141,52.4907,33.2879,73.8411,78.6191,65.2909,37.7908,4.53022,0,0,0,0,0
1801,3247203,1042,1042,532.0162401886525,41593.8068231684,241447.47300130164,13306472368,39.50365871785789,154.2361484781793,32,532.0162401886525,3476.8365263380783,31.8853,34.7178,39.0998,74.1392,40.0874,50.5587,80.9131,81.9145,63.1479,31.7957,3.75684,0,0,0,0,0
1802,3250808,1043,1043,535.4165589731308,41175.633226017926,245495.25839661015,13334979315,96.61404734442249,176.10274133108942,32,535.4165589731308,3412.7359967165917,37.5312,41.8636,27.3574,78.278,60.1947,40.4001,61.0835,84.2789,63.9112,31.5281,8.98978,0,0,0,0,0
1803,3254415,1044,1044,531.0771838896333,44850.32274895207,237192.6524991913,13356989439,21.183290236733114,144.54508456953783,32,531.0771838896333,3488.2284437783646,14.0517,38.2253,32.7677,97.8586,60.2132,44.3096,58.2441,76.8919,61.0734,32.0961,15.3454,0,0,0,0,0
1804,3258024,1045,1045,505.1816921507965,53968.35467780551,201240.18740653663,13382916419,35.840634554142525,158.91534823991196,32,505.1816921507965,3772.079223531861,7.58671,44.4385,15.938,114.985,55.8034,32.585,59.3154,81.5935,50.2764,29.0818,13.5778,0,0,0,0,0
1805,3261635,1046,1046,549.7553822019463,48486.105431286676,253744.8748287214,13414411872,72.81582346305004,148.6864280695131,32,549.7553822019463,3549.7667969481126,25.9963,41.7237,30.3348,113.875,63.9845,41.3094,63.3006,82.7738,65.7992,8.60148,12.0571,0,0,0,0,0
1806,3265248,1047,1047,474.4271258531025,42587.154934631006,182493.94281060452,13440523263,26.1771676417452,116.71424046275524,32,484.88809208753213,3515.214438735209,17.4204,43.0043,32.6474,86.6741,63.7373,32.5781,60.031,75.4563,59.4413,-5.23048,8.66734,0,0,0,0,0
1807,3268863,1049,1049,485.10599128735794,44329.69749715274,190998.12528573745,13467832294,41.432794972148486,143.65852252373793,32,499.4227334042391,3452.933551986569,15.7192,50.3569,35.1117,75.6405,77.0961,18.1489,63.7207,81.1621,65.6594,-7.15837,9.6488,0,0,0,0,0
1808,3272480,1050,1050,493.6628393234334,49142.27152718419,194560.7274016898,13492330433,21.673756409012412,132.10109594033565,32,497.12143013882434,3661.8395378631444,1.03244,57.5611,34.4855,75.6699,89.5846,11.582,59.8814,85.1469,70.8167,-1.7293,9.63153,0,0,0,0,0
1809,3276099,1051,1051,478.051062823944,42272.18048501423,186260.63818208824,13524245027,60.18144723358489,152.822826168289,32,478.051062823944,3478.5645684039728,15.2204,35.9811,31.8626,73.6218,75.7568,26.4873,52.2317,78.0251,72.5585,6.07193,10.2339,0,0,0,0,0
1810,3279720,1052,1052,524.7767733689251,41935.21089536746,233455.4509721327,13556497794,129.7630201179819,193.17935124985968,32,524.7767733689251,3502.8079990911874,35.4227,40.2527,29.302,75.6484,72.5935,42.4001,59.4959,81.5189,64.5264,15.027,8.58904,0,0,0,0,0
1811,3283343,1053,1053,498.64071253859163,39395.32089877863,209247.23930221575,13584986811,123.27263549997167,198.0866945914521,32,498.64071253859163,3452.4482801914132,35.4998,34.5962,25.897,71.5165,75.7625,31.1232,48.8429,86.804,62.065,20.094,6.43954,0,0,0,0,0
1812,3286968,1054,1054,509.7880218567839,37368.23763874488,222515.58958990793,13612935013,79.51594933814363,164.89158592722356,32,509.7880218567839,3363.88943110694,36.5913,23.9352,39.1727,81.6883,77.9283,26.1283,53.8149,89.1015,56.3504,20.9103,4.1667,0,0,0,0,0
1813,3290595,1056,1056,535.9281446444352,45808.37971649693,241410.5965055297,13642312552,65.86903301538405,195.629800897005,32,535.9281446444352,3581.3135605900125,43.5576,33.3461,26.8297,91.6242,72.6631,34.2895,61.8784,87.0831,61.5534,20.9628,2.14033,0,0,0,0,0
1814,3294224,1057,1057,533.9906616845153,39104.79506325512,246041.23170301138,13665358761,81.24068092082541,193.58362020112634,32,534.5088798447143,3355.752420912042,22.5383,39.6087,25.2486,84.7143,78.9117,44.3736,61.0345,93.3746,57.8179,26.6275,-0.259109,0,0,0,0,0
1815,3297855,1058,1058,560.3944457566254,40573.09326446158,273468.8415704138,13697145159,93.22423900815932,203.7826300661501,32,560.3944457566254,3448.678278922067,41.3937,53.087,35.9713,76.7244,62.0765,54.1894,60.1994,81.3447,63.3453,29.3416,2.72124,0,0,0,0,0
1816,3301488,1059,1059,451.78059712302553,36172.45656492172,167933.2513719158,13718421400,46.252635296885614,162.2564580748093,32,451.78059712302553,3226.419463553182,8.26362,49.4169,16.3776,86.8805,52.8866,46.2644,58.8813,56.0523,50.9932,21.8163,3.94781,0,0,0,0,0
1817,3305123,1060,1060,475.9094653467258,39919.43578687393,186570.3834197325,13749353219,54.514162579657864,160.15038677976133,32,481.88514803144096,3294.969631540801,20.0083,51.8188,-2.98784,92.882,49.7821,67.5153,69.6957,55.9345,52.1625,11.5431,7.55507,0,0,0,0,0
1818,3308760,1061,1061,458.183753835556,43828.49386088795,166103.85841795342,13774726338,-7.2695285233035065,163.06888165306077,32,478.91317140819797,3460.418943209596,7.76734,53.2161,-10.3647,97.0337,51.0301,69.1482,67.9526,63.9173,32.0337,22.6682,3.78114,0,0,0,0,0
1819,3312399,1063,1063,444.37184195936766,43398.44549780741,154067.88842855382,13804296391,24.899834424182473,139.41775274864244,32,461.85027692382914,3418.905679672243,15.4012,55.6853,-8.73922,102.189,52.0057,71.4853,50.5295,49.8911,40.3335,12.7056,2.88516,0,0,0,0,0
1820,3316040,1064,1064,400.63853504940073,41482.60678444574,119028.62898208415,13833107497,10.097912514038626,147.45505495376983,32,406.7445146800952,3347.4075775761567,14.0495,42.0063,-3.05299,90.3291,48.9806,62.5585,37.066,45.3855,38.9516,17.6328,6.73171,0,0,0,0,0
1821,3319683,1065,1065,427.0596513337959,39542.75689850124,142837.18889884208,13862124388,4.743320510464287,153.47001433991625,32,427.0596513337959,3399.5639466946864,17.5726,34.5428,18.56,78.3917,47.0375,74.5387,39.3096,52.3548,38.1401,18.4034,8.20851,0,0,0,0,0
1822,3323328,1066,1066,416.0693215868012,41555.518319178365,131558.16204652263,13892589535,4.913206989299397,174.85282648279713,32,416.0693215868012,3468.5142723992067,26.1101,38.9311,4.23717,92.6064,43.0945,74.5135,32.4698,39.9652,33.875,18.4664,11.8001,0,0,0,0,0
1823,3326975,1067,1067,352.4434347493873,41828.23502544292,82388.13967250269,13921400429,2.2946454340082028,176.29033547304164,32,364.15865115902056,3397.584382315862,23.5224,34.3913,-5.85761,73.7458,40.4144,81.6018,21.6265,27.5304,35.8522,11.0919,8.52426,0,0,0,0,0
1824,3330624,1068,1068,362.0324311652247,47068.323773549026,83999.15744185413,13951642123,12.804579961647732,213.37546251943309,32,390.72046179735014,3493.550995684001,32.9492,40.8469,-14.344,79.029,52.2855,71.7441,31.962,28.711,17.2482,16.7333,4.8674,0,0,0,0,0
1825,3334275,1070,1070,312.40106019228483,39963.38534327279,57631.03706599078,13977910573,7.844993317624699,188.9599055726493,32,369.3037437225205,3493.562832528728,20.2507,35.3744,-28.4513,84.0759,69.4238,55.81,11.9131,23.2997,23.0877,15.6627,1.95434,0,0,0,0,0
1826,3337928,1071,1071,277.8424171586108,39670.6744964399,37525.734276099596,14001751521,-36.75833334047627,173.7176759853145,32,335.4540542914273,3495.604317460954,-2.43326,19.7537,-23.7966,98.5145,70.5578,43.8771,7.25864,40.0861,2.15986,24.4405,-2.57599,0,0,0,0,0
1827,3341583,1072,1072,308.8368856136183,35057.49199080531,60322.72992471383,14031424197,-35.08272047300625,196.1855014487719,32,335.3572153335633,3372.722865905722,4.75759,19.3484,-5.83647,85.5571,78.6938,45.9402,0.115041,52.4631,-7.4237,32.7118,2.50995,0,0,0,0,0
1828,3345240,1073,1073,350.57926590052926,35111.80254047079,87794.01913888322,14061833177,-18.688888071510974,217.0799453654854,32,353.97550166965544,3365.9568189313613,13.9629,21.795,1.88036,84.9049,65.9042,59.9179,3.55302,59.4526,-1.69812,36.3001,4.60635,0,0,0,0,0
1829,3348899,1074,1074,368.1844543793148,36790.55794994299,98769.23449665074,14090042726,22.99251683452576,174.1775177728016,32,368.1844543793148,3417.146168160374,12.043,21.3135,7.75248,84.1737,62.9378,68.1498,7.80085,61.9271,2.39121,26.8796,12.8154,0,0,0,0,0
1830,3352560,1075,1075,315.3959000475416,33790.64570135765,65683.9280654412,14115579796,23.54235592188695,140.06433970097612,32,323.12085781791853,3380.7487387673664,-3.86248,16.8274,11.6113,76.436,74.2339,47.2188,8.23025,49.8152,0.800362,24.0502,10.035,0,0,0,0,0
1831,3356223,1077,1077,299.09578689072436,34596.471081992466,54861.81865378913,14142702376,30.508697515940298,147.76474372729797,32,320.8819132301832,3413.398458188316,-10.8931,21.4131,9.54894,67.7019,73.3611,25.1021,10.0932,54.302,16.0689,19.7827,12.6148,0,0,0,0,0
1832,3359888,1078,1078,212.96049291783618,35955.92654814915,9396.244995658599,14163130077,-14.595617436198268,191.92400636004675,32,306.7789538428236,3395.214097959482,-46.9092,23.8507,13.3963,66.0309,57.5558,25.2406,14.1315,27.782,5.68766,9.23911,16.9552,0,0,0,0,0
1833,3363555,1079,1079,180.8224892598064,37403.120978438266,-4706.34835632547,14189186922,-17.902135635430568,227.78346760812678,32,320.3446642660906,3423.8187322007425,-59.0505,10.5037,27.3195,64.366,49.4978,28.5619,10.2845,19.6628,25.2167,-10.7106,15.1706,0,0,0,0,0
1834,3367224,1080,1080,265.9735922035492,35267.6043341009,35474.34741555897,14226096538,35.721669809253285,202.13429486272514,32,335.4856611627562,3343.9558653893373,-22.1774,19.0086,22.2343,77.7717,32.9567,50.2642,15.616,37.9363,28.9293,-12.5787,16.0124,0,0,0,0,0
1835,3370895,1081,1081,280.8054772122353,39769.31089308992,39082.40513930128,14259119214,60.278575411560496,229.60516984334572,32,321.30139680049325,3590.02519604221,-5.42933,31.5853,1.37493,82.0201,44.8997,39.4894,18.0387,46.4228,18.2444,-14.8186,18.9779,0,0,0,0,0
1836,3374568,1082,1082,290.70811368669365,40391.51566049899,44119.69170277662,14284575782,39.71723677095076,248.08495078958833,32,362.2105733060639,3508.3058471942963,-20.6669,31.1575,1.20079,81.4943,59.0885,32.7224,23.1872,49.2978,26.9904,-15.0843,21.3205,0,0,0,0,0
1837,3378243,1084,1084,305.8642461147898,40049.729244019414,53503.2078073493,14316832793,17.385094019226585,179.8951618910313,32,339.7929498465684,3490.9763782216423,-5.02951,38.8015,-5.74557,77.7305,66.3612,27.772,15.2293,55.9861,23.0377,-6.18927,17.9103,0,0,0,0,0
1838,3381920,1085,1085,295.45757126423723,42035.54923197543,45259.6271853864,14346110176,39.40160572010018,194.89700520529823,32,361.548458394824,3574.0431681652035,-4.37773,36.2974,-13.7042,99.2004,66.4644,10.9944,27.7467,51.8543,21.4345,-14.9635,14.511,0,0,0,0,0
1839,3385599,1086,1086,353.8490631338634,42539.37724142154,82669.78223929132,14375258905,50.312890257653066,166.71757432244237,32,382.53028420045905,3564.8499616310687,-4.85101,28.0086,-2.58316,102.593,55.7462,28.965,44.184,62.3459,32.6251,-6.90644,13.7221,0,0,0,0,0
1840,3389280,1087,1087,359.2393407820952,45831.35139087027,83221.55257468406,14404940945,21.784237699679693,223.925284565369,32,363.8591277744151,3691.603770614256,-2.30989,23.5717,5.36933,102.969,48.919,39.3534,31.1234,62.222,30.4696,10.4919,7.05949,0,0,0,0,0
1841,3392963,1088,1088,335.061494022957,41929.25089206615,70336.9538848299,14432098003,39.58517691331292,191.1477133574855,32,352.8491273701074,3566.2549054042797,-8.89382,21.2067,26.5534,92.5105,45.1833,50.2238,39.1626,48.2979,8.97324,2.07647,9.76744,0,0,0,0,0
1842,3396648,1090,1090,328.1620010232835,39906.27669750089,67784.02221810463,14461541522,1.0217190140652974,173.96968483464923,33,345.08868756553767,3591.4524679748083,-8.46334,25.8371,24.5733,86.0422,34.2005,49.5376,24.4872,51.8677,11.3792,12.1023,16.5984,0,0,0,0,0
1843,3400335,1091,1091,306.5269313159262,36403.36687534563,57555.392746612924,14490170684,20.36278092014811,170.9745854365591,33,332.84272180628994,3497.218416542771,-13.1579,21.5393,27.8972,78.338,19.6306,54.4008,11.8098,60.0486,10.6589,24.0525,11.309,0,0,0,0,0
1844,3404024,1092,1092,298.29885644411917,35568.294136024,53413.91361984521,14521006576,29.77111340501324,180.1951797299946,33,317.9749658537192,3439.1762042253604,-9.83805,9.09345,32.9056,67.0203,60.0607,25.6268,19.2434,64.7348,2.73029,19.4652,7.25629,0,0,0,0,0
1845,3407715,1093,1093,249.15496120530048,30099.459095394657,31978.735597820134,14551418433,-10.607606810650964,151.01956886885398,33,270.391342647994,3327.7352312081002,-6.64322,14.8628,9.14069,69.3019,57.0591,16.1039,-1.1019,59.6091,-2.87307,21.9754,11.7203,0,0,0,0,0
1846,3411408,1094,1094,325.00682703527525,34635.277685654946,70994.15993388237,14585286679,-2.477362861207439,224.4752950204454,33,325.00682703527525,3542.9269535753037,13.566,14.4843,4.29097,87.9768,43.3977,34.057,10.5017,62.2764,15.5325,35.6375,3.28604,0,0,0,0,0
1847,3415103,1095,1095,373.6694715540898,35603.98081789897,104024.89315361375,14614732976,6.3240935118373045,194.11436593716883,33,373.6694715540898,3522.933090524696,15.6502,15.1774,9.59249,103.419,58.9077,17.0118,16.7382,76.7441,7.25662,42.3103,10.8613,0,0,0,0,0
1848,3418800,1097,1097,349.155491947109,36819.559563498755,85089.99799332894,14642434428,29.183712061193546,167.49032470570387,33,349.155491947109,3484.4876680883726,6.74884,11.866,3.80473,95.9207,64.9014,16.3112,36.9617,72.8228,18.5662,15.4417,5.81015,0,0,0,0,0
1849,3422499,1098,1098,371.75651024335934,43609.7895019653,94593.11340635564,14670579810,-8.658099058861694,186.48095406315122,33,371.75651024335934,3638.5607243850072,2.72248,16.6264,7.01933,97.5881,72.2295,15.6984,31.1797,78.219,11.8331,27.635,11.0055,0,0,0,0,0
1850,3426200,1099,1099,395.2895550376107,41601.98812416138,114651.84419767087,14701835333,33.29982761216263,191.98445112873821,33,395.2895550376107,3649.577134605995,11.7105,17.2388,17.3725,99.0892,69.7299,13.5609,45.5056,64.5807,34.1358,15.9067,6.45888,0,0,0,0,0
1851,3429903,1100,1100,399.16823155354444,46325.259834540186,113010.01724704387,14732726237,50.99730685014265,229.90166708511106,33,399.16823155354444,3767.435452322722,15.5736,19.0664,1.72881,107.591,67.0563,7.67395,63.7321,61.4449,26.5131,26.7665,2.02198,0,0,0,0,0
1852,3433608,1101,1101,396.1348295851182,38055.15125303891,118867.65195739173,14762134481,76.63607170676255,207.9329702935197,33,404.29738957407034,3431.9392102283173,16.451,24.746,-4.08128,122.397,59.1267,5.97305,42.8598,61.0229,39.9224,27.2375,0.479635,0,0,0,0,0
1853,3437315,1103,1103,408.17722720032367,34814.57850531369,131794.07029963096,14795037294,73.63261766571225,228.65775721275475,33,408.17722720032367,3484.1826503918783,30.2035,23.4974,9.41243,109.888,43.6136,13.0924,42.1762,61.69,38.641,28.6704,7.29245,0,0,0,0,0
1854,3441024,1104,1104,428.428745988975,37968.11268103192,145583.07770865373,14825351250,47.94764254597578,224.60985541100456,33,428.428745988975,3566.0944649267717,32.9704,23.2442,26.5934,95.6106,31.6783,23.3817,47.6792,73.3776,44.0377,26.1155,3.74029,0,0,0,0,0
1855,3444735,1105,1105,465.07989683356845,38921.5829749384,177377.72746378428,14857497805,73.61349170265589,247.00199604439877,33,472.6223546578358,3636.1938121995313,43.6123,37.0627,-3.77123,109.097,27.344,42.6053,44.7211,71.4552,56.5574,35.0892,1.30713,0,0,0,0,0
1856,3448448,1106,1106,508.16332357605626,38536.33065102312,219693.63277684053,14888504616,76.82370935408971,228.12640929819509,33,508.16332357605626,3515.111391706181,51.2686,36.7334,26.4727,100.966,37.5655,34.6999,29.0319,73.616,68.2699,44.0499,5.48919,0,0,0,0,0
1857,3452163,1107,1107,514.0274515742528,38402.04610644599,225822.17486547484,14920113011,66.99111642564264,218.19546188451056,33,514.0274515742528,3561.712657961928,56.8,42.6191,8.94492,94.5206,49.9636,30.7305,36.3491,85.5825,57.8865,43.4514,7.1793,0,0,0,0,0
1858,3455880,1109,1109,498.2724201344567,35929.81388894885,212345.5907776997,14946071339,23.006550252810143,179.8928328571409,33,498.2724201344567,3592.631159979005,40.3458,25.3569,35.4049,93.148,45.359,30.0193,34.5639,83.2769,57.063,46.6271,7.1076,0,0,0,0,0
1859,3459599,1110,1110,476.9415652903181,36961.67625040575,190511.58045117304,14975177063,26.43034639226346,189.86314702281595,33,476.9415652903181,3637.720476615824,36.7667,30.1665,42.9435,73.0158,49.5832,21.3143,43.499,87.5399,38.4466,46.1179,7.54829,0,0,0,0,0
1860,3463320,1111,1111,470.116609607854,36125.482669029756,184884.14396015365,15004578811,52.997273525302944,192.763647077438,33,470.116609607854,3613.12248400905,33.2019,41.9715,18.3911,68.6302,66.2296,21.1587,37.0961,98.299,31.7405,46.1768,7.22123,0,0,0,0,0
1861,3467043,1112,1112,531.8154798439921,39536.6946237459,243291.00997794964,15032740895,35.821659666973346,219.8343255157631,33,531.8154798439921,3707.2507432718708,27.5123,40.8481,42.841,66.3279,69.4439,34.701,41.033,97.0897,37.3569,58.3725,16.2893,0,0,0,0,0
1862,3470768,1113,1113,473.19643950410557,39698.26849903126,184216.6018603314,15064776156,25.358896544768868,228.43951794637815,33,473.19643950410557,3726.042025476213,32.837,39.577,20.4312,70.1752,46.8292,37.9072,49.621,82.2591,28.8598,56.4795,8.22019,0,0,0,0,0
1863,3474495,1115,1115,485.95664185124815,38791.59272831223,197362.26503103005,15095384044,43.923993404806765,252.9538296705374,33,485.95664185124815,3671.3554362978184,35.0369,37.5208,24.0971,70.7885,53.4693,31.8377,50.7517,67.6116,27.3347,83.3598,4.14861,0,0,0,0,0
1864,3478224,1116,1116,413.54820336420465,33185.28618847104,137836.83031729053,15120654080,10.512482860003956,199.62377509637463,33,413.54820336420465,3585.051094903964,13.2511,36.3169,19.5242,69.7057,24.6742,37.2026,43.9615,75.9086,15.9743,72.063,4.96607,0,0,0,0,0
1865,3481955,1117,1117,368.47505068307646,37418.54115909694,98355.32181679882,15147425244,-36.55958378895082,158.62584174364872,33,371.7940377343343,3692.571248939791,-1.65949,41.1845,28.253,47.3863,30.9693,31.8412,45.4595,62.9727,17.0377,57.139,7.89142,0,0,0,0,0
1866,3485688,1118,1118,329.07945518277216,39111.22759588748,69182.06022750268,15175954341,-0.9331015352879604,168.8229763202844,33,350.1909808309293,3707.558727738735,-10.5558,27.0477,45.7456,32.2989,33.6016,18.6816,26.0533,67.7403,19.3186,53.8196,15.328,0,0,0,0,0
1867,3489423,1119,1119,337.6907490940059,39203.134774838414,74831.90724883245,15204613166,-31.089974769411697,196.35150132439037,33,374.8444586826947,3669.0021168355283,-18.5769,15.9825,51.5416,37.0552,36.8904,8.86556,29.9774,71.3041,29.8206,60.3293,14.501,0,0,0,0,0
1868,3493160,1121,1121,338.64409189916677,40711.204733638086,73968.61624457323,15237656589,17.339305397881844,169.32789010057354,33,361.34772060623453,3694.311030280036,-7.5836,8.76956,54.0951,39.9557,53.2548,-3.76821,28.2819,62.4614,31.3006,60.069,11.8079,0,0,0,0,0
1869,3496899,1122,1122,290.425876724996,35904.27620780407,48442.9136636785,15266382273,-13.508961148233539,196.32560465035272,33,321.85618917952183,3574.4065541525956,-15.7152,4.77145,54.8043,31.7792,35.7087,8.77069,24.6819,61.5353,29.5842,44.7629,9.74234,0,0,0,0,0
1870,3500640,1123,1123,244.29234312611362,43137.5727190541,16541.17619099273,15290540256,-32.02626196970084,235.9545872859702,33,347.3184520293783,3753.4105008794513,-41.8324,-0.374352,58.4995,37.6744,52.0711,-9.30633,20.2764,63.11,36.0992,17.029,11.0457,0,0,0,0,0
1871,3504383,1124,1124,228.62837908287986,40735.13303800258,11535.802684062437,15321978371,-39.23696025717936,240.3142380485276,33,319.1867885537391,3680.3110164593054,-37.0744,14.5515,38.3493,35.4145,44.866,-8.20483,19.3966,59.2779,30.4803,17.9757,13.5958,0,0,0,0,0
1872,3508128,1125,1125,123.26319900089311,43943.42009217477,-28749.60386424099,15348946293,-34.50969027528072,283.43615173305216,33,268.86116788550225,3900.2249780620596,-56.302,13.4728,11.9578,29.4568,41.049,-16.4969,17.5973,52.4427,4.21699,14.7133,11.1556,0,0,0,0,0
1873,3511875,1127,1127,160.77023183063733,41291.3564502509,-15444.289007374031,15380159167,-22.631143977825786,239.4488322996956,33,267.06992596613503,3735.9033857588074,-51.6545,8.46564,33.7933,27.2643,30.5809,-1.49537,18.1788,44.8048,16.8262,17.6715,16.3347,0,0,0,0,0
1874,3515624,1128,1128,238.54951364977944,42204.20056966736,14701.669892878948,15415310872,-7.134420540889778,228.3640866857927,33,302.21772176538764,3823.413684779469,-29.9926,15.3109,23.5442,45.3041,49.1074,1.78027,37.2005,56.7757,25.0998,-1.84152,16.2607,0,0,0,0,0
1875,3519375,1129,1129,202.67822904782838,39341.11319396358,1737.3513360004,15442003082,-15.166470010550029,265.5259714384247,33,305.6710681849097,3668.1184731599824,-46.4554,20.3709,33.445,41.1861,28.7152,-5.04097,22.1199,56.6459,18.1622,7.46109,26.0683,0,0,0,0,0
1876,3523128,1130,1130,253.36115871628164,40872.573612054715,23319.30313400214,15476435720,8.788137581392448,255.18494219634567,33,309.1691204578022,3799.8018309352733,-27.904,27.2832,37.1836,44.1323,36.2407,0.588049,18.9841,56.8972,16,18.7205,25.2355,0,0,0,0,0
1877,3526883,1131,1131,199.45321567189785,46333.56856527971,-6551.98332341911,15503529691,14.89936492723632,294.71034683688504,33,284.40772405222197,3878.102878786681,-42.4773,31.2671,37.073,45.0043,11.5809,23.6611,10.3846,37.3706,9.59625,9.08529,26.9074,0,0,0,0,0
1878,3530640,1133,1133,140.87762509937068,43729.69631405428,-23883.191060415444,15532699487,29.584072355591502,278.87982184509235,33,267.86802722316895,3752.071497816184,-49.0362,24.2465,48.9511,35.0256,12.4371,19.6681,3.49107,33.4221,-14.459,4.42351,22.7078,0,0,0,0,0
1879,3534399,1134,1134,156.32588124781205,38575.44593442091,-14137.664786515874,15566748534,-5.2361747636950895,215.9514788488616,33,268.18654576517065,3648.7266190170767,-37.7199,20.2975,37.9077,48.0507,-9.12887,39.1136,0.601973,29.4175,-9.08159,10.9958,25.8715,0,0,0,0,0
1880,3538160,1135,1135,97.31707678938994,38300.942643770715,-28830.329208938696,15597283107,-93.14875228927826,249.82208381176088,33,210.01823013250794,3709.1225793742196,-41.3892,13.2009,36.7725,35.0625,-4.62388,20.3702,-0.815319,22.5867,-5.79506,-3.72708,25.6748,0,0,0,0,0
1881,3541923,1136,1136,27.6927825497379,40857.15171293114,-40090.26150758407,15626444061,-64.30594333594331,243.39195228294898,33,174.36648056841307,3825.1458001758497,-54.1833,3.31891,18.7167,31.075,-3.20087,6.89367,-4.09238,21.6359,-11.8603,1.04564,18.3439,0,0,0,0,0
1882,3545688,1137,1137,-8.143455825357648,42555.94454279479,-42489.628670015234,15657075342,-35.97717626707151,257.46324534712824,33,214.93470022977505,3809.669746704939,-54.963,0.28938,43.5725,11.2399,-15.4348,16.8911,-20.2305,17.6965,-20.9107,0.686926,13.0192,0,0,0,0,0
1883,3549455,1139,1139,-80.34313210469014,46727.692579664836,-40272.67370327315,15687178542,-58.34114725993118,260.15899058020955,33,221.8382895284288,3919.430812229808,-61.8675,-0.668618,37.8076,2.17029,-11.9332,-4.76746,-26.311,17.9566,-33.1983,-12.3447,12.8131,0,0,0,0,0
1884,3553224,1140,1140,-86.30355624995889,49891.556011481734,-42443.25219009192,15717690692,-29.58050374122047,269.4031686730199,33,191.35211819726692,4109.228476777895,-65.7576,-3.63111,39.5768,-0.676446,4.39676,-23.3387,-10.5472,4.42538,-29.5923,-5.28459,4.12531,0,0,0,0,0
1885,3556995,1141,1141,-16.463819067529357,45974.78225385162,-45703.724915563274,15748675106,-37.81868535302044,217.90378379887886,33,194.93687778139758,3883.710974034074,-63.7724,-2.52208,48.7233,10.3192,11.0609,-10.9007,-11.6368,6.58777,-16.428,-0.440352,12.5454,0,0,0,0,0
1886,3560768,1142,1142,-51.11932125258198,45347.92275429548,-42734.7377489708,15778443295,-15.195911917588205,221.94309455805262,33,213.40079262270473,3904.925793153542,-67.7728,1.43946,59.7092,4.54738,0.561025,-19.4684,-0.0551967,1.53093,-24.8251,-20.1385,13.3527,0,0,0,0,0
1887,3564543,1143,1143,-96.81842651199003,48270.97499265764,-38897.167280400026,15809398450,-27.73283288195728,235.72989730990355,33,228.00619050509766,3945.0476911295054,-72.898,-14.3845,50.8467,0.461231,0.568039,-9.3845,-6.57176,0.81163,-26.3055,-32.8681,12.9063,0,0,0,0,0
1888,3568320,1145,1145,-51.42743219530769,40470.63331175031,-37825.85252954734,15845053750,-44.23288413267471,152.82669663091576,33,195.4916813586883,3763.489614983543,-54.0088,-6.35594,35.8944,7.59761,-5.20188,7.12,-16.2841,7.58101,-21.0302,-20.5787,13.8391,0,0,0,0,0
1889,3572099,1146,1146,33.36738600416362,45852.9376209778,-44739.555172226945,15875601961,-35.61688841836815,186.7432301194416,33,207.87774755196466,3973.268674389496,-52.2443,-6.25587,56.9444,13.8973,-10.6282,17.5493,-6.28184,9.73991,4.10541,-11.845,18.3862,0,0,0,0,0
1890,3575880,1147,1147,-51.12110842447828,44486.81772940761,-41873.45000286034,15902353346,-8.331673339142299,211.6141753289687,33,257.99477934992865,3857.825543908701,-74.4655,-12.1603,40.1335,21.9494,-20.9677,24.5327,-22.7072,-4.50347,-2.41151,-17.3423,16.8213,0,0,0,0,0
1891,3579663,1148,1148,-37.69520262073286,45830.55942501196,-44409.631124393854,15936331049,-15.768067027747975,203.93477417815257,33,205.79952230158585,4007.443783331423,-64.8113,-10.9932,28.3248,26.0059,-0.228116,12.8742,-11.2319,0.849134,-12.6703,-21.8125,15.9981,0,0,0,0,0
1892,3583448,1150,1150,-13.30213448156843,45231.55562481957,-45054.60884305384,15966530265,-37.463010038621746,227.73489717597442,33,180.732053380962,3851.7313899642063,-69.1428,-5.97357,18.4264,27.4438,6.59221,15.2137,2.05507,7.42999,-15.1799,-6.72088,6.55384,0,0,0,0,0
1893,3587235,1151,1151,54.408626446051244,49471.470302178124,-46511.17167043218,15997597312,-71.64411340617141,221.27511836750762,33,228.42084298767327,4029.1257909273577,-67.5989,-10.7395,46.6796,27.4873,0.81541,22.9824,3.43663,27.7829,-3.34264,-5.32508,12.2305,0,0,0,0,0
1894,3591024,1152,1152,53.12190476637852,46508.44236495312,-43686.50559894493,16029644409,-26.805357771404488,227.7295345106752,33,224.7701270263417,3855.7458228562446,-65.0407,-2.65288,23.7722,46.7632,-8.36896,20.962,19.8215,8.7524,-9.7616,2.33321,16.5414,0,0,0,0,0
1895,3594815,1153,1153,2.9508060752726806,47586.578453131595,-47577.87119663773,16058447744,-56.06185786246067,273.2984520196875,33,209.08161450186628,3908.353529338824,-77.6071,-4.49476,24.2418,36.9618,14.4503,-4.69891,11.2958,1.99829,-16.2647,1.97777,15.0905,0,0,0,0,0
1896,3598608,1154,1154,1.0373304464392845,50274.71224971769,-50273.63619526258,16090147945,-35.75450705844321,240.0871760890351,33,216.98505104666089,3930.9820762860577,-77.1592,-14.3411,43.246,32.3029,5.91744,3.62399,17.3876,3.25626,-14.6595,-1.81409,3.27697,0,0,0,0,0
1897,3602403,1156,1156,20.89571333652674,50033.59940601873,-49596.968570176425,16123662043,-41.62643657750658,209.73750536101107,34,231.6294158241812,3959.8767538447305,-69.8359,-10.116,49.629,15.4111,-16.3636,19.8553,18.0581,15.7254,-9.05132,2.38322,5.20032,0,0,0,0,0
1898,3606200,1157,1157,20.55633415567695,44558.650821796546,-44136.087947876695,16158047137,9.95987670507634,196.6381389472415,34,170.7349944174382,3767.1813756160477,-60.4983,-6.03831,42.9238,4.83008,-8.55274,7.46284,15.1426,7.8798,9.89296,3.1301,4.38343,0,0,0,0,0
1899,3609999,1158,1158,62.3794715415292,49075.416469343065,-45184.21799954261,16195198422,2.153304661794323,174.8838348633982,34,229.52222553663472,4032.4479890674615,-38.2852,-10.7463,66.2979,-15.9889,-16.0849,23.78,32.5167,-2.46608,0.595974,14.6935,8.06677,0,0,0,0,0
1900,3613800,1159,1159,84.75426661927617,45516.18018594968,-38332.894475778325,16226671185,41.03358932185273,184.1947140812294,34,242.78157238521766,3925.5018981761236,-38.0579,-10.6016,70.5803,-7.66225,-8.28877,38.0155,13.0889,-14.4031,11.9749,20.8762,9.23212,0,0,0,0,0
1901,3617603,1160,1160,115.35561702893887,44091.31766836018,-30784.39928823297,16259971663,9.051067696399173,207.23522808726614,34,233.80684551428016,4004.904255410375,-31.9551,-8.38542,68.9411,-9.33327,1.33604,54.5144,1.4592,-9.55178,20.6873,16.09,11.5532,0,0,0,0,0
1902,3621408,1162,1162,94.12251987609892,39101.0932161819,-30242.044468355263,16288477049,10.167042357376829,166.37494322667152,34,212.96539816426633,3751.8262862835477,-45.8381,0.826239,39.2907,11.9077,26.0493,30.0125,12.5507,-13.5834,10.2858,16.1357,6.48539,0,0,0,0,0
1903,3625215,1163,1163,126.26222240419105,41927.27132638097,-25985.12251993557,16326264274,79.45388348722497,203.28157315062583,34,196.57289258042368,3973.650784481769,-21.8455,5.10932,20.7907,33.313,26.9392,33.9903,-0.782395,-12.5274,9.22065,23.404,8.65027,0,0,0,0,0
1904,3629024,1164,1164,149.34240724958238,42398.20478437873,-20095.050181278613,16357390884,35.62931865667548,158.45562677907964,34,210.5457774680973,3892.083853194131,-22.8387,19.2451,11.1289,36.7023,13.5485,41.7419,9.57978,-7.76294,17.6117,25.6697,4.71605,0,0,0,0,0
1905,3632835,1165,1165,127.7943634037963,45088.22993539589,-28756.830617614338,16390361222,87.07983803662421,194.45176602055824,34,175.31615556127554,3953.9455497865265,-19.9564,20.5951,9.61663,26.9356,8.25672,45.1465,14.6675,3.98407,-3.80445,20.717,1.63607,0,0,0,0,0
1906,3636648,1167,1167,119.812830930914,38900.113788249786,-24544.999332570005,16424473690,31.26703833623378,178.24317201885742,34,191.63040304134023,3864.7453940986647,-11.0599,28.7979,-5.97999,37.5591,-1.03976,55.652,-0.867057,-16.9621,4.14925,19.13,10.4334,0,0,0,0,0
1907,3640463,1168,1168,133.41017567734536,42928.10657592103,-25129.83160166088,16456136476,47.46348190044188,172.6373660891664,34,249.45319303136932,3963.090073304878,-14.2878,29.072,-18.3501,43.7886,-7.16775,72.5199,9.88281,-18.2158,7.95771,24.9816,3.22914,0,0,0,0,0
1908,3644280,1169,1169,106.74599520329116,45971.4139056786,-34576.70641373754,16487638135,15.891361008394426,185.14262044133403,34,250.79751063433582,3999.1811239765866,-17.5015,9.34169,13.039,33.3208,-29.3855,66.1946,17.8775,-25.1388,12.3421,23.6128,3.04316,0,0,0,0,0
1909,3648099,1170,1170,56.980670470279165,45549.91428019137,-42303.11747294883,16515888885,3.469385457289434,233.12318414749842,34,200.24551488750888,4070.1953479317503,-34.8396,20.6828,-3.41761,21.7757,-9.69824,52.7633,4.2454,-14.8909,17.2688,11.8772,-8.78607,0,0,0,0,0
1910,3651920,1171,1171,-17.97696882533529,47849.81441500237,-47526.643006855295,16539949870,-8.91860292670674,255.66854399756642,34,261.5782014227223,4029.7583586441256,-69.1635,11.8766,-12.8882,27.0651,-15.8341,59.079,7.89569,-25.9385,15.8842,-4.59296,-11.3603,0,0,0,0,0
1911,3655743,1173,1173,-21.977774946634952,45513.372281491276,-45030.34968988634,16569647258,9.672362945382815,265.1937192047759,34,260.71163076735223,3842.5072913826957,-78.6118,-1.71544,12.7963,34.5958,-9.96577,43.3073,6.97786,-35.2899,21.6897,-12.0766,-3.68518,0,0,0,0,0
1912,3659568,1174,1174,-44.12094507406994,44966.1664971947,-43019.508702965606,16604631957,-28.72584774988769,261.82262492082447,34,234.46470910734968,4052.011226897094,-69.0459,-3.45468,18.2393,17.1891,-5.36834,42.7892,-4.46672,-31.2376,16.9543,-17.2147,-8.50498,0,0,0,0,0
1913,3663395,1175,1175,-55.262564945589645,50867.68239004009,-47813.73130567458,16634819206,-10.853246946863578,337.73646121706395,34,275.0590546929454,4051.664484189891,-78.6044,-5.12255,19.9846,29.4708,-26.5186,58.3535,2.08938,-31.1843,-7.46523,-16.1862,-0.0795438,0,0,0,0,0
1914,3667224,1176,1176,-41.18657437728058,56056.016312198764,-54359.6824032635,16667477280,17.658839750868765,291.4106011525412,34,298.0364952147374,4148.55268670704,-76.1487,4.20511,10.4946,34.2205,-35.6625,72.6695,-5.92453,-24.9222,-1.06812,-25.8855,6.83527,0,0,0,0,0
1915,3671055,1178,1178,-40.47384364947487,51650.628680394766,-50012.49666063263,16699715472,-7.167206007137565,280.37148895124415,34,255.39068795286897,4023.3449683859862,-77.8173,6.60413,-5.69499,49.4954,-24.8965,51.1517,-1.09225,-25.0795,0.207205,-12.9917,-0.359939,0,0,0,0,0
1916,3674888,1179,1179,44.87427895048921,51814.896530226295,-49801.195618899976,16736870095,18.749531759055003,236.67002709569954,34,238.77076226927198,4155.092920184308,-56.4718,13.856,7.87776,39.1538,-12.1371,53.8918,10.9867,-24.0346,13.0034,3.05314,-4.30468,0,0,0,0,0
1917,3678723,1180,1180,33.91076161817978,44540.73408156958,-43390.79432804456,16779032819,57.32003921902759,230.86016146759022,34,263.69008892809575,4004.6623366994763,-21.2506,6.32189,-11.4741,57.6566,-35.2958,54.9279,19.6306,-32.6676,10.2635,-10.0577,-4.14377,0,0,0,0,0
1918,3682560,1181,1181,36.638946396652216,51370.99027218858,-50028.57787913183,16810345329,106.20456215852903,270.3061164144973,34,306.47102930180546,4142.982455297403,-26.0152,6.64064,-14.6863,60.15,-34.5369,55.5817,28.0874,-43.8407,15.0908,6.00437,-15.8368,0,0,0,0,0
1919,3686399,1183,1183,56.86965989994343,53657.323751796495,-50423.16553466126,16839109514,76.94348147389508,255.99936631853518,34,379.8189242865894,4218.067829875088,-40.9042,10.0307,-21.8962,83.8871,-41.2715,65.8072,26.464,-29.7688,32.1552,-11.3336,-16.3003,0,0,0,0,0
1920,3690240,1184,1184,61.71832052121795,50827.60328560274,-47018.452197642946,16872156812,63.987802819510534,231.66777355161798,34,380.06096849628443,4197.593073653519,-40.779,14.4164,-31.1966,68.3696,-32.7758,77.4463,23.8118,-28.6174,36.8456,-11.7943,-14.0082,0,0,0,0,0
1921,3694083,1185,1185,99.98563008918393,47822.62306969561,-37825.49684536449,16904493427,23.967024890806215,241.83123754160215,34,339.37538376978307,4104.964121586655,-41.7781,10.8733,-25.4188,71.9354,-22.8592,74.8328,12.176,-13.1694,37.2074,12.6556,-16.4693,0,0,0,0,0
1922,3697928,1186,1186,104.79942761459284,45868.295619709956,-34885.37559136367,16941590972,61.50088043364076,202.4220867600884,34,344.3505263838635,4161.828381491941,-24.763,17.1832,-45.6531,80.8107,-29.0225,85.396,16.5341,-6.52722,16.4783,8.17262,-13.8097,0,0,0,0,0
1923,3701775,1187,1187,167.3656581545875,52559.69814169001,-24548.43461217177,16976707425,61.28255528006082,212.78994022763402,34,349.6748411231085,4204.256328816451,-11.8723,35.707,-38.6604,68.2121,-27.1041,86.5196,22.9836,2.42449,22.4103,20.2631,-13.5179,0,0,0,0,0
1924,3705624,1189,1189,161.08581881601157,64464.857122852634,-38516.21609922773,17006896019,15.519730658568449,242.2198712695918,34,398.57125814783905,4307.740523903624,-20.9673,45.0837,-58.0569,82.9979,-22.1906,81.3443,21.5339,-2.92546,24.9023,23.9666,-14.6025,0,0,0,0,0
1925,3709475,1190,1190,143.3229255173697,57233.454930639426,-36691.99395178192,17037267098,1.9162235810017023,207.5721246684256,34,340.13736049562675,4315.506645657207,-29.1867,52.5318,-40.0015,65.6249,6.54306,70.989,11.8826,-10.6694,16.4924,17.6664,-18.5497,0,0,0,0,0
1926,3713328,1191,1191,137.04531322390596,55590.22943303439,-36808.81155639589,17068257710,-7.812277604279643,214.5633878788842,34,330.52148577625087,4189.725406339987,-38.3918,44.9753,-31.257,58.3242,6.61869,67.0196,-0.749903,-14.321,31.6296,25.2159,-12.0184,0,0,0,0,0
1927,3717183,1192,1192,104.27016986776351,53804.5778332732,-42932.30950902094,17100888679,0.11204822177774076,194.60795462131136,34,310.86166121657135,4277.834934972002,-42.7213,43.4902,-38.2105,47.8703,-1.29923,69.8442,18.5086,-15.9668,26.7892,1.06335,-5.09791,0,0,0,0,0
1928,3721040,1194,1194,119.46211923555705,56482.82424559891,-42211.62631334846,17134862700,-2.6173897003176876,245.21022026757026,34,267.0411928105037,4318.64873028688,-37.0365,40.8581,-6.32937,34.6377,-7.57155,67.2167,23.1389,-14.31,22.1466,5.25365,-8.54209,0,0,0,0,0
1929,3724899,1195,1195,164.422029267229,57960.65942494475,-30926.055716591243,17167852120,-23.92947708027242,230.36019258182142,34,320.5542896927254,4281.646134430123,-35.4761,37.4398,7.55496,42.4078,-25.7566,83.7596,19.9725,-11.068,37.1727,14.1809,-5.76545,0,0,0,0,0
1930,3728760,1196,1196,233.62930531031435,58305.862581496156,-3723.2102817160776,17205217683,46.27763733710606,205.90212191074454,34,323.98855354422807,4347.676389984339,-16.9014,41.8744,10.577,44.0923,-23.6844,105.238,29.0364,6.47233,16.2084,25.3098,-4.59377,0,0,0,0,0
1931,3732623,1197,1197,227.09265067500354,53144.886900963465,-1573.814910364279,17238237866,-28.194345277418506,167.56902928983754,34,348.25412232023433,4131.610560692364,-19.4511,36.3804,-4.39864,61.8596,-28.7918,101.694,5.75663,11.019,27.346,43.6178,-7.93923,0,0,0,0,0
1932,3736488,1199,1199,272.8890414273058,66597.92163120254,7870.507299911289,17269277867,-71.04361681741761,184.85669044122324,34,381.7596245218495,4422.825517016384,-24.9865,46.8819,-8.46286,69.689,-20.986,127.325,10.929,25.8713,17.3056,24.0894,5.23322,0,0,0,0,0
1933,3740355,1200,1200,224.35061965667876,59076.875368574365,-8743.674828238632,17303514477,-62.86435567754688,188.81047367379938,34,378.5856913753024,4282.244118442248,-25.6462,37.4547,-20.3769,74.3638,-31.0945,123.785,2.74894,9.6162,40.113,13.1066,0.279611,0,0,0,0,0
1934,3744224,1201,1201,212.49639252007722,58668.476886700504,-13513.760052653772,17334388097,-44.666105752679016,159.4398161110741,34,348.2715680255031,4279.1424672744,-34.2916,30.8805,1.62496,75.3494,-32.0403,103.331,4.82287,25.6735,32.1513,6.55019,-1.55564,0,0,0,0,0
1935,3748095,1202,1202,195.44673197478414,56694.3577783545,-18494.93273873139,17365812571,-7.994666213154403,221.8317855175806,34,339.0247827975386,4169.675941259022,-41.0614,25.5201,14.8518,83.9408,-30.7277,91.3593,11.3542,30.5178,2.27577,3.5472,3.86878,0,0,0,0,0
1936,3751968,1204,1204,241.3813430290058,56768.50048927039,1496.4522732161786,17404120337,5.077045120735818,188.00794937854147,34,341.05623346548526,4230.555390824969,-20.8169,22.0127,33.7655,76.9124,-29.0205,85.1567,21.0779,23.2458,14.3084,12.843,1.89651,0,0,0,0,0
1937,3755843,1205,1205,190.86775111397912,53800.31201479087,-17369.813599482994,17437349303,-1.5237876248145312,195.192955036596,34,311.52776971844526,4100.9093525131575,-22.6967,26.5765,17.981,86.7318,-33.2188,73.0498,15.1392,12.2007,18.6825,0.836221,-4.4145,0,0,0,0,0
1938,3759720,1206,1206,130.41799748187407,49656.60906362385,-32647.75499644174,17471603343,-3.4885521954975616,202.2261408862742,34,301.0809460654822,4196.501009872899,-24.5622,31.136,-6.96628,66.542,-37.9212,82.4196,1.57995,4.24281,27.3988,2.43041,-15.8817,0,0,0,0,0
1939,3763599,1207,1207,75.94409940726354,46304.873409319276,-40537.36717453895,17495439069,-10.30384799310275,234.897549668431,34,329.78797236693714,4026.280506205416,-61.5521,30.7666,15.3161,57.4334,-42.9568,72.6067,0.391053,6.49197,19.8602,-7.96813,-14.445,0,0,0,0,0
1940,3767480,1209,1209,61.03109261614998,49317.698679360125,-45592.90441343905,17529184699,-72.7428899323948,237.1495136367128,34,277.5368468184289,4196.774844884224,-61.5277,30.2504,20.4314,45.3911,-22.9141,53.0651,5.11959,15.0262,0.000239264,-10.3973,-13.4139,0,0,0,0,0
1941,3771363,1210,1210,-0.2524879034012315,40600.509984524644,-40600.44623438328,17563017213,-58.54159694118175,200.74171023476924,34,290.85777233172047,3964.599699880922,-63.6275,26.9478,6.62573,55.1116,-20.0457,38.9434,-15.8173,17.2833,0.390853,-33.596,-12.4687,0,0,0,0,0
1942,3775248,1211,1211,-17.852243095865447,42071.41374572591,-41752.71116217204,17596182826,-62.39200638226731,209.47323318892307,34,337.5384728890707,4014.6245898096795,-66.7131,32.4983,-2.19203,56.1423,-19.8406,42.486,-24.6671,28.7165,-2.25975,-48.8412,-13.1817,0,0,0,0,0
1943,3779135,1212,1212,-23.42080052706791,46663.76357010973,-46115.229672781024,17629416595,-52.08417380869753,245.68027130228813,34,313.96754417210326,4217.383560624949,-70.9229,24.1201,3.21604,38.9405,-2.6313,35.0307,-33.1352,43.966,-4.88646,-45.3526,-11.7657,0,0,0,0,0
1944,3783024,1214,1214,-61.40019103487265,46907.622556451635,-43137.63909733278,17664159214,-63.779794559067,274.69696595076846,34,317.55164261516956,4263.588508557435,-67.1185,14.7374,17.3121,40.9592,-13.7697,27.557,-53.322,27.5101,-9.95559,-32.2237,-13.0865,0,0,0,0,0
1945,3786915,1215,1215,-27.36653052499082,48452.251681268535,-47703.32468829328,17698439747,-51.62489582809985,224.7603720871141,34,302.4686518869564,4221.331698125916,-64.4383,18.4258,16.6321,42.9822,-12.9107,41.1691,-39.8875,18.3418,-7.02989,-23.2211,-17.43,0,0,0,0,0
1946,3790808,1216,1216,-62.28292583968414,45299.256515672234,-41420.09366452064,17730052029,-53.232851198655624,257.91513327199056,34,370.75467176645816,4146.3739450501525,-72.744,7.96753,26.9438,52.9185,-15.6254,42.6172,-46.9239,23.7888,-30.1415,-30.4778,-20.6062,0,0,0,0,0
1947,3794703,1217,1217,-80.95277851586212,53252.52565310216,-46699.173303663934,17759357508,-88.7701435830005,295.7086282959134,34,396.07711594398694,4304.2918938078255,-89.1737,13.7228,38.3307,42.8573,-19.7686,43.4169,-44.2185,19.2346,-36.9986,-34.6553,-13.7002,0,0,0,0,0
1948,3798600,1219,1219,-56.10592078993835,51497.41333643855,-48349.53898875171,17798619808,-63.39070510934545,271.37862539667793,34,329.7303050914424,4254.618408828781,-72.5893,-0.668805,36.6282,39.9405,-14.5816,35.6752,-31.774,24.5682,-36.8587,-19.417,-17.0287,0,0,0,0,0
1949,3802499,1220,1220,-49.62372154025729,48427.95143967172,-45965.43770016672,17835034343,-60.49164976746954,226.24120766134263,34,300.30267809776456,4316.898543865958,-65.1291,1.01081,29.0038,26.8671,-7.56241,40.6398,-51.1588,27.818,-35.3811,-6.61956,-9.11226,0,0,0,0,0
1950,3806400,1221,1221,-33.91555423695684,40621.36868645533,-39471.10386725537,17872040204,-35.49136402264298,210.5227833401343,34,316.71350840440584,4044.37337678157,-52.6547,3.68598,39.3663,14.9451,3.37613,51.1651,-58.6329,28.8603,-45.9995,-6.34491,-11.6826,0,0,0,0,0
1951,3810303,1222,1222,-20.708325944604383,40854.12235396514,-40425.28759053716,17905501764,-67.86974597511585,244.9602986831826,34,304.497574724623,4039.819542924074,-56.3044,3.43231,45.8826,5.94731,-5.18191,47.5223,-42.383,30.3987,-40.8557,8.71141,-17.878,0,0,0,0,0
1952,3814208,1224,1224,-6.274149205802075,49892.319238340926,-49852.95429008426,17940545475,-98.3348400347407,273.1445640474504,34,363.1098061982531,4244.696303157685,-51.9399,-5.9681,59.1582,18.0915,-9.34701,52.3013,-52.6795,36.7352,-52.2799,12.1316,-12.4776,0,0,0,0,0
1953,3818115,1225,1225,55.29503312615856,50039.01169655673,-46981.471008133754,17978359018,-108.07814996624592,224.04631212159308,35,336.6690880198508,4292.803032163782,-37.6995,-8.15507,54.736,26.0823,2.91824,52.7341,-41.2488,54.8742,-31.9158,4.63728,-21.6679,0,0,0,0,0
1954,3822024,1226,1226,69.31767373965937,50948.327954955166,-46143.38806227731,18013542535,-96.34930784459254,233.3633084957446,35,359.18889328290373,4298.8687572421895,-35.445,-7.48876,40.0784,32.2246,-12.1527,83.5218,-33.4469,58.4285,-30.7824,-17.9804,-7.63951,0,0,0,0,0
1955,3825935,1227,1227,117.26996708915078,50871.83774809854,-37119.59256700803,18048116519,-117.72361695023653,254.2045104505711,35,340.9044744048614,4379.917117961024,-32.3146,2.2487,47.7959,31.2091,-5.81057,91.9565,-48.3032,53.5501,-20.6714,2.32692,-4.7175,0,0,0,0,0
1956,3829848,1229,1229,71.57048986780774,40952.46161361285,-35830.126593694884,18081444061,-64.00076381172937,207.32914674317067,35,326.3200442004031,4065.4202704100285,-39.1699,-6.01829,53.1261,23.4961,-0.636317,72.392,-49.965,47.0948,-23.5389,-8.04628,2.83623,0,0,0,0,0
1957,3833763,1230,1230,-17.634074264791252,42073.19660568673,-41762.23603051056,18114584334,-41.971446631894764,218.12770133611127,35,323.2763004590106,4106.427700701929,-49.1494,-8.21414,42.6818,12.3918,-6.64046,49.5173,-61.1626,48.2302,-13.7914,-26.259,-5.23805,0,0,0,0,0
1958,3837680,1231,1231,-25.824642305840428,44955.11559447421,-44288.20344424961,18146662844,-41.64974668456972,228.78196038920356,35,351.0623313345737,4189.698126926729,-58.1148,-7.55667,44.3013,17.6741,-10.4687,43.7725,-61.6388,56.871,-22.6584,-19.9128,-8.09324,0,0,0,0,0
1959,3841599,1232,1232,33.3380897844188,40075.941228922275,-38964.51299844831,18184440060,-19.016779832492603,212.79585091138642,35,293.8576997285911,4040.087574767996,-43.2041,-4.68584,55.8482,21.8816,3.86924,36.2925,-36.1266,45.7064,-28.8743,-13.0808,-4.28816,0,0,0,0,0
1960,3845520,1234,1234,44.929349927751616,41562.51850243445,-39543.872017504094,18223147517,24.31190515019324,195.95470351767773,35,310.54199093303197,4110.203064110922,-30.2794,-7.96168,41.4553,22.915,1.02812,51.8863,-33.5181,60.451,-37.5167,-22.5498,-0.980654,0,0,0,0,0
1961,3849443,1235,1235,47.8279975988321,42003.77434333425,-39716.25698902036,18258617915,-2.062518392402751,199.41014012594445,35,288.16293991065913,4078.663425544408,-28.4787,-10.1664,44.0647,8.18994,-6.98375,56.8361,-24.0897,52.4876,-36.4812,-13.9677,6.41714,0,0,0,0,0
1962,3853368,1236,1236,36.635298772919384,44415.06525325774,-43072.92013707667,18287186319,-18.63616388067942,236.4191073588878,35,257.8898073188911,4182.0578378978935,-50.6638,5.62444,25.663,19.4557,-10.734,52.1775,1.42503,41.8236,-26.5895,-22.64,1.09328,0,0,0,0,0
1963,3857295,1237,1237,-57.29767057878274,49714.83702803755,-46431.81397428285,18319760479,-57.53444907661765,259.3196683942124,35,307.18397476412423,4243.015767240822,-61.9729,3.48638,13.4868,21.5673,-37.5803,60.9458,-18.1569,25.4569,-22.2263,-35.1864,-7.11814,0,0,0,0,0
1964,3861224,1239,1239,-26.204044244348438,55524.85082177401,-54838.19888701424,18354135354,-54.219909054283505,250.50217618572293,35,273.02903725597287,4374.066193165152,-65.2679,0.201714,12.9982,13.9822,-26.4296,78.6309,-8.3556,17.5995,-7.19458,-34.6832,-7.68561,0,0,0,0,0
1965,3865155,1240,1240,-38.40630109628597,54935.03899527877,-53459.99503138019,18390045935,-24.229794785605407,294.655930136574,35,282.70822456155435,4340.0005453055965,-61.687,-12.8697,21.8097,22.0015,-23.1141,54.3128,-16.2258,20.6377,3.38928,-35.3749,-11.2858,0,0,0,0,0
1966,3869088,1241,1241,-33.59001789968954,52489.88028124047,-51361.590978739005,18425459979,-8.501693604277364,236.56717210987875,35,263.33420803466436,4319.0493543955745,-58.0919,-21.0877,44.386,19.4092,-16.0502,31.9053,-15.7089,17.9622,1.20948,-29.5389,-7.98456,0,0,0,0,0
1967,3873023,1242,1242,-40.55729011648509,55757.25455183456,-54112.360770241816,18457187854,-31.966177973495064,252.83685421062626,35,258.184430016006,4369.294873922838,-69.6207,-11.2346,38.339,21.5852,3.44217,15.2442,-15.9114,30.203,-1.34882,-34.6745,-16.5807,0,0,0,0,0
1968,3876960,1244,1244,-13.796612691275868,53613.025686529145,-53422.67916477607,18493146805,-42.05332870616388,262.8801778754525,35,226.39264147200515,4296.63093138152,-65.1355,-6.38596,37.9768,14.8238,6.49449,16.2665,-10.3085,30.7364,-0.992543,-32.1015,-5.1707,0,0,0,0,0
1969,3880899,1245,1245,-40.78001503054031,52879.449603009256,-51216.43997711816,18526361788,-49.24148273701303,199.35939293084948,35,254.02490407285916,4163.17573698185,-72.7742,-5.46624,16.7682,40.2227,10.7201,7.85308,-22.08,21.5697,9.48872,-46.2246,-0.857419,0,0,0,0,0
1970,3884840,1246,1246,-15.566180953439527,53912.63663834855,-53670.33064887333,18557372794,-118.98940819530225,222.455813618312,35,278.4785426148363,4263.3053902776755,-84.3988,12.3069,4.62132,46.5377,26.1106,18.3559,-12.8524,21.7017,1.82206,-47.8178,-1.95334,0,0,0,0,0
1971,3888783,1248,1248,8.250645252900483,56570.65213482246,-56502.57898773326,18593304950,-71.22346212277978,234.8809389438369,35,328.16576947578307,4397.5373210305415,-80.1474,13.2933,-3.52241,57.7748,39.1701,8.20904,-10.8737,19.2372,30.5238,-60.526,-4.888,0,0,0,0,0
1972,3892728,1249,1249,-8.557656850719013,56817.998879273924,-56744.76538849927,18631351091,-63.992240625385705,238.1880547175221,35,256.6445526079399,4335.736252133936,-71.8818,3.13308,2.24471,47.2332,51.6375,-15.2842,3.54396,8.27025,7.98072,-41.8007,-3.63444,0,0,0,0,0
1973,3896675,1250,1250,17.17060362999382,58267.247502174345,-57972.41787315599,18668240192,-54.800775507789865,248.19343485531914,35,286.089634070162,4354.259120736358,-63.7402,10.0439,15.1616,43.6179,37.8484,-4.61914,-5.95143,12.5015,32.4568,-56.6887,-3.46003,0,0,0,0,0
1974,3900624,1251,1251,3.884494410932632,62381.88469954612,-62366.79540271755,18703178435,-84.649582257379,231.70743308398158,35,265.29683712491413,4329.145386049591,-63.5844,13.9504,5.99546,45.9934,25.0648,3.05232,-6.25987,16.8454,23.6889,-55.6938,-5.1681,0,0,0,0,0
1975,3904575,1253,1253,9.042393764498684,58284.66818844489,-58202.903303452644,18736600936,-69.95296557078842,220.4851216917868,35,255.82882832844643,4287.525217252267,-72.5526,12.9279,7.05276,41.2146,26.5366,4.72885,0.344639,26.2687,13.3615,-36.2084,-14.6322,0,0,0,0,0
1976,3908528,1254,1254,22.740871715088474,55494.83110271442,-54977.68385635231,18775217548,-1.508558684823356,197.35907072177588,35,218.91762600605955,4241.3737968734085,-61.5067,5.75885,17.8735,33.8164,30.7355,-8.5142,4.94087,21.2952,6.40887,-15.2399,-12.8276,0,0,0,0,0
1977,3912483,1255,1255,-36.39945110830416,55477.84900909293,-54152.92896810711,18810757794,-2.249623807759633,213.2530689909143,35,213.0661055199866,4296.000596595116,-64.5847,-4.19707,20.8449,20.105,35.9414,-14.8498,-3.74293,11.1301,0.311932,-21.5673,-15.791,0,0,0,0,0
1978,3916440,1256,1256,6.192566881782398,51683.739874644714,-51645.39199005937,18848075294,5.281719435684522,229.83731271059344,35,248.13398678309017,4346.300354741,-52.6485,7.70053,35.8042,26.6236,16.3202,-7.35496,-6.05511,29.2543,11.4604,-25.7831,-29.129,0,0,0,0,0
1979,3920399,1258,1258,-17.58596504742252,51926.84840894398,-51617.58224229481,18883682931,-29.356277077676225,259.52646910005143,35,271.64843802587995,4265.2148939430745,-54.8363,-6.33084,44.917,19.0662,23.6041,-26.5211,-4.73486,30.8985,8.54541,-19.4793,-32.7148,0,0,0,0,0
1980,3924360,1259,1259,-11.48816748740478,51949.263676802875,-51817.28568458421,18917894917,-24.487380075069268,236.0533513562981,35,241.8038829584766,4311.6934422957875,-59.0099,-1.36663,34.7886,30.4927,21.8863,-25.7722,-5.76772,26.5167,1.4736,-5.6854,-29.0441,0,0,0,0,0
1981,3928323,1260,1260,-14.084395222431283,46841.65941222296,-46643.289223441316,18955642708,-19.34003677912824,214.45288793471627,35,236.98230470098537,4072.93211775375,-52.3075,-3.33142,29.8891,31.923,19.084,-18.9342,-7.6419,30.5529,-6.29336,-2.40021,-34.6248,0,0,0,0,0
1982,3932288,1261,1261,59.48398314351573,53839.55194653727,-50301.207695919205,18994170582,-13.606767188899482,202.83045581496748,35,267.8703901028106,4311.003932541585,-38.5909,-15.4426,58.9021,46.5035,26.6922,-11.3635,-1.85622,31.5795,-3.14791,-8.20429,-25.5877,0,0,0,0,0
1983,3936255,1263,1263,58.696172547563094,58519.9365222767,-55074.6958505434,19029546336,31.3741443402468,183.47381613345277,35,309.51837106717534,4273.755071091192,-39.9982,-13.3408,62.1411,39.8503,37.0598,-20.6881,-12.259,30.5185,14.5377,-11.9728,-27.1522,0,0,0,0,0
1984,3940224,1264,1264,101.14327644978778,50985.090170421754,-40755.12779942356,19068634542,16.589900523767312,204.06990624839165,35,273.56452399101056,4285.656971656392,-28.3914,-12.3855,41.0682,59.5778,38.1597,-5.78105,-17.7672,29.6434,18.905,-3.28314,-18.6024,0,0,0,0,0
1985,3944195,1265,1265,132.7749849112492,45062.3064821126,-27433.109863930153,19109557774,63.73614175978503,171.90533822333907,35,220.4577650703639,4119.983567997277,-9.90847,-6.35909,28.294,56.9917,34.6831,11.7036,1.91673,21.4666,16.0232,5.53731,-27.5738,0,0,0,0,0
1986,3948168,1267,1267,118.38738077242351,47521.66529508779,-33506.093368933,19144970136,35.67724948716392,179.21184910497635,35,226.97066568951436,4200.511771687639,-12.4114,-2.33714,30.3615,45.6351,34.9545,6.62795,-5.77084,24.6973,5.795,24.6077,-33.7723,0,0,0,0,0
1987,3952143,1268,1268,168.68127441885372,51054.62899129351,-22601.256651724878,19187604383,108.90080247347396,201.38653729830003,35,272.2292717999908,4321.371052849666,13.9618,-9.24421,44.5786,54.1256,39.4743,-2.80378,11.8225,18.4188,16.9471,21.1268,-39.726,0,0,0,0,0
1988,3956120,1269,1269,130.3318525631842,49097.43425166298,-32111.042459111388,19218859270,32.39284767988323,209.6419777590424,35,228.32700304142003,4265.647180958664,-4.65088,-10.2976,46.7821,44.6778,41.8248,4.94283,0.408835,22.961,7.93955,9.79252,-34.0491,0,0,0,0,0
1989,3960099,1270,1270,126.95160096333859,42794.01472979814,-26677.305742643388,19253136997,2.5777502337535907,209.12291340704917,35,234.0787023079423,4123.135515755743,-11.3874,-9.13816,48.9133,34.3907,45.2484,10.766,2.09467,21.0881,15.1856,2.82829,-33.038,0,0,0,0,0
1990,3964080,1272,1272,110.77517725675415,45821.98649214163,-33550.846595876326,19283766146,24.514681500262213,218.76385458839832,35,294.6058700369195,4223.754108488734,-31.1098,-8.12502,61.1816,29.8611,41.7618,9.32922,-20.221,19.6225,27.7611,13.1731,-32.4595,0,0,0,0,0
1991,3968063,1273,1273,61.77940097719727,43041.334085799164,-39224.639700697844,19316581389,-2.767837063590264,231.88013706889012,35,282.10994067204444,4179.878997313714,-43.956,-18.0409,80.5277,13.4915,53.1929,-10.9228,-9.19352,2.53942,15.525,6.66813,-28.0519,0,0,0,0,0
1992,3972048,1274,1274,8.116522812390997,43394.20350058863,-43328.32555802457,19356444533,-1.4254427057133512,202.61861012831167,35,246.86646705649486,4166.595635255826,-33.7882,-26.9612,76.6347,13.264,32.4432,-11.108,-15.2406,4.07436,-0.656788,1.07524,-31.6202,0,0,0,0,0
1993,3976035,1276,1276,21.65662207108437,42359.14956280371,-41890.140283273926,19392787303,3.575904031584514,266.1894941003625,35,279.4776093061504,4145.840179841341,-33.7441,-30.8106,68.0422,30.7257,36.8596,-13.1997,2.44562,7.28921,-2.96019,5.20478,-48.1959,0,0,0,0,0
1994,3980024,1277,1277,59.086719409734314,50556.33308040669,-47065.09266980202,19432737525,17.179475472808747,234.2163022212979,35,283.60166355560546,4347.202209363298,-19.6859,-25.8063,62.2151,34.5749,50.4502,-15.3691,2.12731,10.4136,-12.7362,11.563,-38.6599,0,0,0,0,0
1995,3984015,1278,1278,38.04893187093927,42686.999119250526,-41239.27790273115,19463744140,28.87983587548763,248.38501099096152,35,253.61941760527742,4052.2142399263375,-37.7516,-18.5891,73.7628,31.109,20.6986,-10.6418,0.332356,3.1343,-4.82549,16.7971,-35.9772,0,0,0,0,0
1996,3988008,1279,1279,54.03402651679124,52285.332348424396,-49365.6563268071,19495889839,-37.95155673436682,239.82019703070353,35,291.09399341866134,4267.135447810513,-52.8031,-21.5183,68.9235,46.9452,14.1103,4.26614,8.38567,-0.428061,-4.7022,29.9332,-39.0784,0,0,0,0,0
1997,3992003,1281,1281,63.430896561237944,51375.16546114763,-47351.686822585165,19529274352,-39.43126798011855,251.67493311353866,35,318.72700357063485,4354.726588524787,-61.9784,-8.37646,59.3845,54.5486,14.6024,5.90508,26.5924,-12.2038,-7.93355,30.0459,-37.1558,0,0,0,0,0
1998,3996000,1282,1282,10.63946127949788,45255.514092410725,-45142.31595609279,19564404225,-82.33720746703017,233.20589908232859,35,300.4371154107219,4252.674507967873,-68.1396,-8.23907,60.759,37.2224,6.09534,-15.0153,15.0862,-19.7897,-2.46842,36.3754,-31.2468,0,0,0,0,0
1999,3999999,1283,1283,-22.749990338971998,47217.36142143438,-46699.799361011064,19596989609,-80.84630777756337,267.10342066205163,35,301.4982667199853,4150.149224231433,-84.4246,-17.0308,71.2112,29.0571,-6.15735,-14.8902,23.8574,-16.9513,3.89493,11.3536,-22.6699,0,0,0,0,0
2000,4004000,1284,1284,-26.660610641449352,54138.576604176866,-53427.7884444019,19635807514,-90.90311045111048,267.4783769559326,35,298.0786997579015,4405.520402220476,-77.6955,-13.9687,61.6481,28.7981,4.82029,-22.5585,19.333,-18.7357,10.5845,10.5251,-29.4113,0,0,0,0,0
2001,4008003,1286,1286,5.589343395771607,48929.42041880587,-48898.179659210015,19672262352,-79.02095444137387,299.86363579040983,35,282.3376048959109,4215.888833904064,-75.0901,3.30611,62.0127,15.4647,19.642,-23.9236,38.1957,-7.60796,5.34235,-5.00538,-26.7471,0,0,0,0,0
2002,4012008,1287,1287,-36.82656944514264,44662.20610948016,-43306.009892382244,19708983148,-65.85760737146995,255.19089194622563,35,299.0258362052759,4098.475280469908,-77.4706,7.4347,48.5162,3.43651,23.9585,-22.1915,30.5896,-27.6843,17.1642,-8.88878,-31.6911,0,0,0,0,0
2003,4016015,1288,1288,-30.242629383332996,54044.92268191098,-53130.30604989335,19743064628,-108.48382392529476,255.54383613255726,35,312.1338279327865,4353.63512369222,-85.9749,4.63419,52.169,29.0984,15.6068,-24.4684,23.1665,-25.7721,16.2707,-6.19936,-28.7735,0,0,0,0,0
2004,4020024,1290,1290,-70.23941330718361,52888.44894000092,-47954.87375826356,19777468586,-157.99604230344215,288.0699771053658,35,313.55977013756564,4297.586266726621,-96.4651,-7.17073,49.5114,38.9822,0.252171,-23.6557,27.6503,-18.047,5.2642,-21.9691,-24.5919,0,0,0,0,0
2005,4024035,1291,1291,-70.95646815147802,45236.199068009955,-40201.37869547824,19819163203,-70.81624018537036,256.0824819444481,35,316.87313179451075,4142.050242528204,-79.079,-7.90477,42.152,40.7088,23.5573,-44.6829,10.6993,-15.8127,5.84097,-20.7686,-25.6668,0,0,0,0,0
2006,4028048,1292,1292,-83.9349191058825,50309.639615292166,-43264.56896998113,19855895971,-105.74705082112462,253.22525964384374,35,280.7181945979137,4233.765165834222,-82.6788,-7.78496,20.6337,36.6658,19.3672,-24.2199,8.07695,-21.8967,13.6479,-17.3689,-28.3774,0,0,0,0,0
2007,4032063,1293,1293,-144.68748103345462,52795.617435290114,-31861.150267483827,19890312330,-108.51268560243221,264.8399359819295,35,277.3473277152896,4298.479801264763,-93.4023,-4.45254,16.3409,23.3906,14.8447,-36.3221,11.7537,-20.4798,-8.03315,-22.0997,-26.2278,0,0,0,0,0
2008,4036080,1295,1295,-50.81288884188763,44189.69781407677,-41607.74814161874,19930268612,-58.96997876710839,255.24523492263313,35,294.41576189349763,4086.2635676817513,-79.1117,6.73374,11.8085,32.2568,49.3924,-47.2588,21.61,-20.1461,-1.03727,-10.5019,-14.5584,0,0,0,0,0
2009,4040099,1296,1296,14.119392132155724,41262.228102156114,-41062.87086797453,19969038577,-52.51913094163689,239.48397291262182,36,319.88255789032024,4049.2286261480904,-69.9449,13.9909,18.5046,25.2061,70.6045,-41.3679,23.9946,-22.9308,7.24059,7.45978,-18.638,0,0,0,0,0
2010,4044120,1297,1297,39.23909885263396,48594.70713801399,-47055.00025924721,20006633277,-65.9531135494878,250.56686329471592,36,316.7594364795489,4334.379029723714,-66.7639,12.2436,44.1123,10.1475,67.492,-37.7382,21.5655,-19.0152,-0.644007,22.4383,-14.5989,0,0,0,0,0
2011,4048143,1299,1299,47.756683376231535,48948.61100702774,-46667.91019993011,20048875564,-59.53662461877872,246.8078365828996,36,286.3222674612408,4442.229158773729,-49.7066,12.5673,36.873,11.9331,67.1187,-43.0277,22.2288,-13.0955,3.32438,12.9942,-13.4529,0,0,0,0,0
2012,4052168,1300,1300,61.55797047861478,49093.51124331588,-45304.12751386987,20086556831,-40.70737765520937,227.67818628536668,36,279.47200514980005,4236.704507751402,-45.6353,31.7448,16.4696,10.0209,59.4935,-26.8846,21.7083,-20.6747,4.90459,26.1734,-15.7624,0,0,0,0,0
2013,4056195,1301,1301,55.69137159187892,52383.42248071591,-49281.893610931176,20120923173,-32.196623142745636,236.0465072021346,36,313.5250414994533,4282.349787797128,-55.6876,23.1348,34.2163,15.8733,58.9506,-33.1745,28.5569,-21.4643,17.4838,6.39259,-18.5904,0,0,0,0,0
2014,4060224,1303,1303,13.71832928948021,56372.2311344367,-56184.03857594209,20156899702,-71.0006712447817,282.0279425506929,36,294.9154889109156,4451.333773511033,-62.7258,18.3788,21.8794,27.7983,45.4843,-36.376,15.6903,-25.0429,20.0275,5.05829,-16.4539,0,0,0,0,0
2015,4064255,1304,1304,57.05313592455229,52754.64818720118,-49499.58786837574,20197463376,-86.25861112149829,257.14499383612355,36,279.91728102112927,4398.8611459461545,-48.8877,28.6936,22.7653,31.8068,29.5318,-18.658,16.8043,-21.5165,33.2661,5.61738,-22.3699,0,0,0,0,0
2016,4068288,1305,1305,-56.468921745416026,55155.884157844055,-51967.14503475414,20228111482,-137.33186929803492,266.90178976002164,36,234.86471687404304,4409.453815704728,-78.0355,17.004,10.4163,36.7965,12.8051,-18.4359,3.36024,-27.5997,1.83925,6.97655,-21.5957,0,0,0,0,0
2017,4072323,1306,1306,-36.32910021810454,59922.54028682456,-58602.73676416747,20263750041,-167.75805586026286,294.0095214052445,36,213.38661829584072,4491.146221285351,-83.307,20.3852,13.2165,32.714,10.4228,3.26846,0.210835,-19.4955,7.85128,0.459701,-22.0554,0,0,0,0,0
2018,4076360,1308,1308,31.703994223322184,51356.618010570426,-50351.47476085798,20305634252,-123.02486976614722,223.017922183287,36,227.3583459062071,4376.836163888078,-65.5644,19.6204,11.0801,40.8604,27.037,7.05978,-10.1336,-9.37115,6.84708,17.0265,-12.758,0,0,0,0,0
2019,4080399,1309,1309,105.34040815081289,45487.715941174254,-34391.11435179441,20344558272,-156.74143092741855,217.8229944371639,36,225.45636126263457,4204.928036049202,-56.9454,28.068,26.9469,44.7711,8.73256,24.1155,2.15426,7.24382,5.37709,17.9892,-3.11262,0,0,0,0,0
2020,4084440,1310,1310,78.90612637376887,44309.12738589205,-38082.95060657887,20381906867,-84.96735132068454,205.0595270558714,36,211.96969054916406,4218.3500049959375,-59.3123,25.3696,21.723,46.8271,-1.40845,20.4691,-5.81104,1.26287,9.17466,19.0629,1.54852,0,0,0,0,0
2021,4088483,1312,1312,128.7638682148754,39384.13573651682,-22804.00197885902,20420545031,-63.06372612600194,241.43486352080924,36,253.70821498313148,4046.659734841384,-53.8028,29.7421,18.6521,53.8844,47.0224,3.864,7.6581,4.88734,3.07892,22.4467,-8.66935,0,0,0,0,0
2022,4092528,1313,1313,107.38383068387475,42712.32879469881,-31181.04170235573,20458593892,-60.973844298205165,229.82803193721674,36,279.4097825642591,4234.455952253588,-52.2793,29.1101,35.4194,37.0116,48.7979,-9.51547,-14.2144,11.801,12.3235,18.9333,-10.0038,0,0,0,0,0
2023,4096575,1314,1314,127.1500426748135,42862.79342460362,-26695.66007239672,20498184535,-67.14070799693962,177.56065008379386,36,218.90875730752674,4278.571166774096,-45.8794,21.5489,37.5619,46.9881,29.5687,0.271995,2.78879,5.81356,15.4978,10.5864,2.40322,0,0,0,0,0
2024,4100624,1315,1315,120.87192176060063,46435.57430448684,-31825.552834386086,20538072617,-81.84350742082165,182.76045429302167,36,234.18861863315504,4284.167782651545,-40.4654,29.8418,-4.68188,75.2628,28.1611,2.22742,-1.18966,4.12126,27.4441,10.4719,-10.3214,0,0,0,0,0
2025,4104675,1317,1317,91.32656436493022,41579.29452516031,-33238.75316645857,20574044452,-25.07075276577416,189.19807283013915,36,202.15486501431877,4114.657576162639,-47.1749,33.347,8.3731,45.225,25.589,6.26635,7.28571,-1.46251,13.7507,6.90393,-6.7767,0,0,0,0,0
2026,4108728,1318,1318,56.34709343406797,40341.771704412175,-37166.77676594459,20614770460,43.72323471591835,180.06844218625997,36,175.44258259354007,4137.69910079532,-37.8705,28.7062,6.2693,37.4962,25.4403,-6.11663,0.21772,-9.24665,17.765,-1.54878,-4.76523,0,0,0,0,0
2027,4112783,1319,1319,61.61917446336548,43813.37958104285,-40016.45691949617,20657222166,28.005024020968165,179.74755508501727,36,187.81876066134197,4270.197419154359,-22.6895,30.1363,0.389914,32.4551,42.1959,-21.0804,-4.59851,-13.0289,16.6308,-1.70237,2.91094,0,0,0,0,0
2028,4116840,1321,1321,18.438489360391998,42488.95112803945,-42148.973238146165,20690157654,-4.392876265619577,189.04766374641548,36,205.8638281042559,4166.532254196414,-42.4946,30.5619,-11.6526,32.7136,25.7846,-6.12615,13.3414,-18.7159,4.53599,-14.7235,5.21365,0,0,0,0,0
2029,4120899,1322,1322,-29.91517137777248,48376.4943659536,-47481.576887392104,20721849049,-24.029304299598323,225.5976533407707,36,310.89923248317393,4289.084192142673,-66.4231,37.0583,-28.6928,42.9753,33.3692,-8.17916,27.0892,-23.5069,-13.3209,-14.5162,-15.7681,0,0,0,0,0
2030,4124960,1323,1323,-25.868102574208706,45093.42414377986,-44424.26541299008,20761743368,57.17054912953171,259.1071946012973,36,280.6122400956649,4327.554542295803,-58.3377,31.4088,-23.521,47.9933,31.2019,-2.22376,15.9162,-22.9953,0.851863,-27.1856,-18.9768,0,0,0,0,0
2031,4129023,1325,1325,-75.82946492096102,46226.58655709964,-40476.478806900384,20797088714,53.263339293923025,254.49333609188017,36,307.8709342145848,4293.007046810978,-71.3757,18.9716,-15.4214,34.1727,45.2108,-16.7051,17.6656,-28.2751,-12.8913,-24.4808,-22.7008,0,0,0,0,0
2032,4133088,1326,1326,-110.99329472390292,47041.67645235265,-34722.164978685476,20831240116,51.799232305712394,299.0914560426121,36,244.61946982997762,4225.788792880898,-86.3997,19.3885,-2.41039,15.4924,31.6154,-8.32455,0.316859,-23.863,-16.5428,-30.9808,-9.28508,0,0,0,0,0
2033,4137155,1327,1327,-166.02864638005673,53575.58857159368,-26010.077152799757,20867748534,-32.29351497365457,285.35566104197045,36,265.6319754924753,4466.334611715691,-94.5472,12.8761,2.82492,4.66,29.4407,-17.5517,-2.32138,-27.1559,-17.5396,-49.2142,-7.50037,0,0,0,0,0
2034,4141224,1329,1329,-165.8400823564666,58494.2922356437,-30991.35931964407,20904402571,7.124508411815157,282.3458135136902,36,277.63918654144845,4347.6809024492595,-100.681,9.35933,29.8272,-11.0213,13.1015,-1.51381,3.61153,-26.1403,-11.6584,-62.2991,-8.42606,0,0,0,0,0
2035,4145295,1330,1330,-148.00718807842446,54859.45216717442,-32953.32444429231,20945285284,37.19323977784427,264.40740228273023,36,336.61798221395026,4249.570867605043,-92.9377,4.9133,26.2023,-13.8603,50.931,-27.8291,12.2588,-25.3226,-4.21753,-73.6234,-4.52196,0,0,0,0,0
2036,4149368,1331,1331,-95.78215672610935,59132.14161205931,-49957.920064954335,20983826343,-2.671791874515236,271.3467784662394,36,307.68554413005717,4481.344269201609,-91.1806,16.3214,8.19157,2.6028,55.833,-9.88113,18.9103,-22.3098,4.09265,-65.3567,-13.0056,0,0,0,0,0
2037,4153443,1332,1332,-59.82651013491244,55200.49116639858,-51621.279851475796,21024347916,13.090746358807337,250.83412638814434,36,337.28741326638277,4414.965247027689,-81.547,22.9417,18.4812,-10.3245,57.5635,-16.8615,39.744,-16.5054,-0.684257,-57.0314,-15.6028,0,0,0,0,0
2038,4157520,1334,1334,-28.42354890749351,53352.483839382316,-52544.58570688564,21066499473,80.80289835864767,289.0176619175422,36,247.79520448298257,4323.6340912374635,-67.8994,11.4162,35.6837,-1.94539,42.2984,-2.0848,20.2875,-22.3942,-0.886989,-27.3576,-15.5409,0,0,0,0,0
2039,4161599,1335,1335,-72.46937660045592,57804.7468977393,-52552.93635288059,21105540958,67.51324837941416,300.98410445345104,36,254.44292783041442,4465.432350743475,-70.3753,0.9614,28.0389,-8.56274,29.2018,15.9449,16.8397,-25.9871,-2.24784,-50.417,-5.86621,0,0,0,0,0
2040,4165680,1336,1336,-47.79685962979528,58790.68904447221,-56506.14925400185,21153135101,97.89440366696704,271.17816003767336,36,258.46670615026613,4426.593296971694,-38.8371,9.50221,13.2292,-17.3527,41.005,24.6165,6.76427,-31.6812,10.2177,-52.1495,-13.1113,0,0,0,0,0
2041,4169763,1338,1338,-33.547286464157025,57764.14491292999,-56638.724483821774,21191232633,77.94954773790812,213.8038205690426,36,251.85989995348342,4394.252450841437,-40.4224,14.1137,12.4971,-23.9812,51.645,30.9005,-6.78634,-30.0805,-3.09602,-26.1505,-12.1866,0,0,0,0,0
2042,4173848,1339,1339,-15.992604070409925,58100.40083700546,-57844.637452052564,21224216690,58.59258550823091,269.33945702814304,36,291.284054498607,4462.2856217775025,-58.9937,2.57946,39.8282,-29.5392,65.6246,20.7558,8.85768,-21.7673,-19.4369,-12.4927,-11.4086,0,0,0,0,0
2043,4177935,1340,1340,-17.611466791506302,57275.37201184652,-56965.20824929819,21256729411,-40.36655844712527,291.36687718672226,36,329.85942850317775,4405.370185294408,-78.6883,24.2573,40.234,-39.2513,78.2638,9.68581,3.68309,-18.1433,-14.7977,-4.12408,-18.7307,0,0,0,0,0
2044,4182024,1342,1342,-10.566058299313397,60456.82804794032,-60345.18645995583,21300240008,29.887472845986167,280.55603011784365,36,319.9005083735921,4483.59772257834,-63.369,18.7893,35.4797,-38.7422,87.9789,-7.11605,12.4192,-19.5476,-10.906,-7.49576,-18.0568,0,0,0,0,0
2045,4186115,1343,1343,-7.498836279792442,52333.276976557885,-52277.044431006754,21342864001,11.326060323001627,225.52518956360308,36,265.7793021071014,4339.645131932455,-49.1731,14.3921,38.9477,-34.5445,68.9401,2.98943,3.87092,-10.2368,-13.3755,-17.2989,-12.0103,0,0,0,0,0
2046,4190208,1344,1344,-11.923328835682923,53420.74450137885,-53278.57873085503,21386523215,34.03958912836862,237.94362699409277,36,237.30804174069112,4289.592234542465,-32.9632,4.99044,49.258,-35.9628,55.6565,-7.25383,2.78744,-18.1306,-6.11625,-14.0926,-10.0965,0,0,0,0,0
2047,4194303,1346,1346,-56.07911543410489,60362.41792185408,-57217.55073398242,21425383040,9.099857376321438,248.9387279263434,36,266.7972925298858,4430.586879729013,-37.8766,-6.34051,44.7924,-41.6896,55.878,-8.57623,1.6234,-19.6045,3.06537,-28.6669,-18.6838,0,0,0,0,0
2048,4198400,1347,1347,-88.74495889648296,53922.735523791576,-46047.067794253126,21464141985,15.8467137954176,259.1800981890648,36,220.30467569014507,4327.9429551332605,-39.7761,-12.8172,25.163,-19.1961,33.493,6.77975,0.344121,-35.5228,-3.13076,-25.1682,-18.9137,0,0,0,0,0
2049,4202499,1348,1348,-73.5336576668883,55999.662640045724,-50592.4638301746,21503280311,25.48379412196806,234.87992341404055,36,286.50961342650453,4408.355191636425,-40.799,-17.0819,39.6119,-39.6221,45.285,12.7064,8.88465,-37.6077,-6.50645,-22.7836,-15.6209,0,0,0,0,0
2050,4206600,1350,1350,-55.708400439806894,65837.2050988112,-62733.77921924932,21545276726,26.341102242110765,281.1050285433828,36,268.0052250155166,4585.278076456474,-30.8078,-15.4923,45.0472,-37.2116,42.24,16.7228,1.42736,-31.5052,0.711034,-34.7718,-12.0681,0,0,0,0,0
2051,4210703,1351,1351,-34.74871413480696,58901.57480180656,-57694.10166778402,21582583130,23.48250705033911,240.66761260371823,36,266.8962918471384,4545.886992054146,-33.94,-13.832,62.7101,-34.7197,36.1128,14.6515,-13.6491,-18.9916,2.59947,-25.4303,-10.2599,0,0,0,0,0
2052,4214808,1352,1352,-40.20051347697273,58708.64995007107,-57092.568666258805,21618038453,8.367406352512717,274.4942833362138,36,334.25122049969633,4603.877763707125,-48.0582,-14.1761,69.0599,-38.0863,39.0639,22.4059,-18.9223,-21.3946,16.4956,-31.379,-15.2094,0,0,0,0,0
2053,4218915,1353,1353,-73.37672454604268,60601.86956182811,-55217.72585672229,21657311859,30.82982746871795,242.57794041073208,36,271.4501750801515,4529.590425097844,-47.2998,-2.44953,62.7089,-41.8424,26.0042,9.93309,-2.66297,-24.3869,0.390612,-51.9671,-1.80473,0,0,0,0,0
2054,4223024,1355,1355,-137.3014954525671,61947.41130923737,-43095.710655726056,21698662171,110.33263405956791,255.1839741600595,36,323.7847912673202,4674.761662214074,-44.5274,-22.8686,61.1994,-42.0547,22.8685,8.59462,-12.9998,-32.8824,0.579156,-61.8243,-13.3858,0,0,0,0,0
2055,4227135,1356,1356,-91.78093994007526,61287.239891575744,-52863.498955292045,21739431075,73.58431202940108,264.0055190817253,36,260.9966549431369,4608.276710594424,-36.8783,-11.0758,59.9128,-34.6586,-1.09821,22.4386,2.25638,-38.0863,-8.95469,-31.4275,-14.2094,0,0,0,0,0
2056,4231248,1357,1357,-53.05910490798112,64146.09385675019,-61330.82524311404,21773745674,25.990591804210283,282.89468301647804,36,329.1623324855608,4493.948685582765,-51.2152,-17.4287,80.3913,-32.1196,-6.32918,40.9589,16.7014,-27.0653,-3.77007,-37.7922,-15.3904,0,0,0,0,0
2057,4235363,1359,1359,-84.06954613547202,68190.63953631066,-61122.9509488864,21812016563,20.83537836878844,255.58587225748562,36,347.7888602700108,4404.652287170928,-57.6755,-8.71088,65.0185,-47.4183,9.60459,29.7876,26.9844,-46.8652,0.464602,-35.0683,-20.191,0,0,0,0,0
2058,4239480,1360,1360,-145.31182043157742,77106.60890110825,-55991.083743969255,21848588940,-10.065590331234034,301.6968796365038,36,362.8323589820943,4726.937477602857,-71.1217,-24.9975,60.7098,-42.9623,0.713377,22.6264,24.7106,-59.1588,-0.215125,-38.594,-17.0226,0,0,0,0,0
2059,4243599,1361,1361,-31.38570212376436,59950.86557243377,-58965.803274632104,21892920996,39.66493779402197,276.6877253430529,36,351.6393775470878,4476.100147989622,-49.6913,-17.2134,83.4034,-32.3456,9.56402,20.7943,26.1506,-41.6605,17.5502,-50.6017,2.66439,0,0,0,0,0
2060,4247720,1363,1363,-11.159314880387114,62368.93556181073,-62244.4052532111,21928158188,27.110960406854986,270.79627580818527,36,353.0066087400677,4502.740368579908,-62.2469,-0.574991,87.0818,-38.6642,24.4104,8.05742,19.6866,-40.061,21.8686,-40.5359,9.81874,0,0,0,0,0
2061,4251843,1364,1364,-12.832834832889716,52963.53003691116,-52798.84838706293,21972345732,84.84802764156609,268.82261131004054,36,311.1559763101146,4376.330229190746,-46.9258,-9.72473,85.7633,-32.1389,17.4191,12.9699,16.8692,-27.0422,12.6486,-46.1628,3.49141,0,0,0,0,0
2062,4255968,1365,1365,48.99271599029828,53753.24671211848,-51352.960492012455,22010887670,64.70806197443233,247.55846278850538,36,297.79485514568444,4449.481367240087,-49.5906,2.97996,75.433,-25.3064,32.2606,16.0552,25.3184,-26.2466,15.658,-23.2575,5.68874,0,0,0,0,0
2063,4260095,1367,1367,40.8387354841704,57390.94525132974,-55723.1429353837,22046220152,56.528568735722445,264.34335778537246,36,313.3286978760305,4431.042798987526,-64.3788,6.75525,83.4015,-35.783,32.5283,12.804,23.4074,-14.1509,18.1873,-20.5447,-1.38764,0,0,0,0,0
2064,4264224,1368,1368,44.24001503086498,53959.95872681545,-52002.77979688429,22089977539,39.98050111693789,231.6855120879656,36,280.02256072562426,4339.799119924706,-50.153,3.52616,92.9108,-32.0399,29.1921,18.3108,13.0272,-11.0492,5.16427,-17.1885,-7.46069,0,0,0,0,0
2065,4268355,1369,1369,13.216955340516677,60551.57990709723,-60376.891998624014,22127335708,3.8348363822365172,271.0215839825306,37,286.6948489215882,4582.40185951467,-58.0505,7.36767,89.8672,-26.3729,31.1125,19.1369,2.47162,-13.7375,-8.83606,-17.5805,-12.1616,0,0,0,0,0
2066,4272488,1371,1371,43.80718243137915,56540.493859167844,-54621.42462659171,22166294990,2.6769526644314396,277.35830912837747,37,317.0594151159677,4466.461016785254,-60.934,2.06364,101.59,-18.5556,33.2832,43.217,0.279228,-29.6507,-7.62664,-4.16185,-15.6974,0,0,0,0,0
2067,4276623,1372,1372,27.067067313746634,55142.68659859516,-54410.06046562827,22204961383,-25.985695761573993,294.61023689051865,37,281.10265560140385,4461.606191860254,-66.9407,-2.02866,88.538,-5.04859,9.44574,47.1279,-9.10275,-9.25034,-14.6178,8.97323,-20.0289,0,0,0,0,0
2068,4280760,1373,1373,-15.308613122653242,54332.53413837721,-54098.18050263814,22245649299,8.534852299009856,258.2503385424981,37,283.59942672460625,4521.192703884653,-64.9334,-7.26647,85.3222,10.8352,-2.38918,34.0332,-11.1941,-30.1432,-26.5461,3.95487,-6.98158,0,0,0,0,0
2069,4284899,1375,1375,-90.90798192726118,56939.59390190266,-48675.332723815416,22281552116,5.885807833524723,314.8790351161475,37,317.48482069969225,4515.47436133308,-83.0494,-6.4337,64.1837,20.5647,-24.7334,28.54,-9.38658,-29.1367,-30.6471,-9.62695,-11.1826,0,0,0,0,0
2070,4289040,1376,1376,-126.26956963371276,58960.14096543955,-43016.13674995651,22317182128,-50.57673578327325,312.84442996262027,37,330.24543238408614,4492.563428286021,-100.151,-2.60531,60.1074,17.2088,-41.5721,23.4448,1.22686,-31.1554,-19.4521,-13.0863,-20.2349,0,0,0,0,0
2071,4293183,1377,1377,-124.28829913727151,60835.745141499814,-45388.16383906393,22357830598,-76.42209519357476,287.4283763778113,37,306.7145395803744,4536.834625840553,-98.3767,-4.70635,75.0334,-10.9862,-15.332,16.1797,-10.5944,-32.6527,-8.01412,-21.8677,-12.9712,0,0,0,0,0
2072,4297328,1379,1379,-130.98708939581104,61828.45490448662,-44670.83731610043,22395274854,-58.6133953842679,268.7830065321878,37,332.56091582371084,4661.46315698016,-107.588,-12.9529,97.9461,-21.12,-3.35086,-4.40194,2.84081,-31.8587,-20.6873,-19.058,-10.7563,0,0,0,0,0
2073,4301475,1380,1380,-85.53258839164243,56124.64953204475,-48808.82585507062,22441492047,-76.2315954771035,238.84426535191665,37,285.83722763963067,4530.661968367525,-86.9225,-13.9877,84.9332,-3.40541,10.3856,4.83347,-0.167453,-41.5485,-4.27567,-15.5142,-19.8634,0,0,0,0,0
2074,4305624,1381,1381,-143.54609091983696,51891.30547685722,-31285.82525849112,22483066164,-103.45255986543526,284.1766496728283,37,319.05538671569104,4477.035009803775,-87.243,-14.1681,62.8372,-14.462,-13.2144,20.6531,4.26442,-38.4559,-17.062,-23.1508,-23.5445,0,0,0,0,0
2075,4309775,1383,1383,-115.70099410777345,58095.86115257061,-44709.14111504358,22524174513,-61.96070498224748,296.9111848124052,37,302.0967587765839,4568.752373348679,-87.6867,-23.2778,60.0379,-4.7526,-18.235,29.7234,3.43659,-18.858,-13.5164,-31.3637,-11.2085,0,0,0,0,0
2076,4313928,1384,1384,-129.0275417344685,56898.233006249706,-40250.12648020969,22566514888,-33.72541541119989,290.16159459647207,37,298.14064240189623,4469.08730357033,-84.1165,-27.392,51.8548,-12.7443,-17.3423,32.7018,-3.84769,-19.3651,-1.51137,-34.5966,-12.6682,0,0,0,0,0
2077,4318083,1385,1385,-228.56240523335134,62338.2125963547,-10097.439510299984,22598810605,-82.56045568721629,257.4265785826183,37,378.7347813748455,4478.956871932036,-113.669,-29.4356,49.9702,-26.9675,-17.2832,25.1159,-25.1467,-33.5712,-4.21097,-39.0117,-14.3522,0,0,0,0,0
2078,4322240,1387,1387,-250.1618226411469,59204.88956969114,3376.047937449497,22638619404,-103.22953386061153,281.8228988001028,37,354.863442728651,4415.149635115142,-115.208,-11.6246,20.9989,-20.1192,-29.1497,31.3519,-7.34465,-46.3705,-20.1064,-33.0218,-19.5674,0,0,0,0,0
2079,4326399,1388,1388,-256.0930736228502,64511.91142553332,1071.750932065268,22675657547,-81.33121653562887,295.5105587596771,37,381.3800824183673,4552.435795847533,-127.871,-13.6021,25.1807,-17.1912,-35.671,34.9109,2.552,-49.9641,-19.9094,-52.0127,-2.51552,0,0,0,0,0
2080,4330560,1389,1389,-244.80574382325034,61040.491540082534,-1110.6393312276632,22720530009,-99.57387450303344,326.46507571261185,37,299.99738425889194,4577.273684559786,-112.519,-6.72494,10.1972,-5.27642,-19.9599,17.3986,-6.9314,-54.3768,-33.6213,-26.5534,-6.43867,0,0,0,0,0
2081,4334723,1391,1391,-175.66952883623554,52988.351059714405,-22128.567698169412,22762509143,-1.9045754096770793,303.39430993360435,37,297.49827624941855,4397.316320299501,-105.29,-6.77728,38.3661,-12.4367,-14.8282,22.5483,-10.1278,-40.8036,-28.9511,-13.6042,-3.76484,0,0,0,0,0
2082,4338888,1392,1392,-186.385892277795,58724.411688139386,-23984.710847949587,22803938924,33.56109405377691,354.835672934073,37,317.43657254524004,4589.032683743675,-106.048,-15.834,34.449,-7.37077,-16.6954,25.5226,-16.2355,-29.3951,-28.946,-31.387,5.55378,0,0,0,0,0
2083,4343055,1393,1393,-171.93791006134438,60077.675934329964,-30515.031018067013,22845965281,19.494529238682787,330.7195676842454,37,267.23344814766483,4486.063654392067,-102.928,-26.8202,39.7553,-8.53616,1.43599,4.84561,-12.5331,-29.2071,-34.0859,-5.4752,1.61083,0,0,0,0,0
2084,4347224,1395,1395,-235.25252091139868,64029.28449876039,-8685.535903592317,22879634964,-25.47481868613272,348.8347895948973,37,336.19834525683785,4525.946311319762,-126.795,-12.9517,39.8271,-21.48,-5.10869,10.6458,-9.3623,-43.9969,-50.7719,-11.5517,-3.70759,0,0,0,0,0
2085,4351395,1396,1396,-210.0898566492831,60503.941903189676,-16366.194036273359,22923656301,-21.80264352240522,348.83985644834377,37,333.30192847651233,4522.584844937665,-115.784,-17.8718,54.0465,-19.5791,-6.23944,6.95939,-15.7633,-39.5018,-45.4584,0.600158,-11.4977,0,0,0,0,0
2086,4355568,1397,1397,-237.50733835313167,66839.7073505296,-10429.971578940625,22960557234,-15.220092365201594,352.9315009991418,37,298.22711971751505,4648.607121581629,-131.76,-17.9372,29.2577,-0.607704,-6.9489,1.10219,-7.14694,-45.9071,-41.8363,-12.296,-3.42705,0,0,0,0,0
2087,4359743,1399,1399,-199.2788215222697,71811.37420319727,-32099.32549589264,22999459086,-67.31087416036297,363.54910132769754,37,362.87964595424774,4651.17390138624,-135.859,-29.9321,62.6174,14.3694,-20.7468,-4.00412,-5.16512,-33.5131,-39.6175,4.81361,-12.2414,0,0,0,0,0
2088,4363920,1400,1400,-250.0311774780502,78228.388206281,-15712.798495220755,23043269893,-41.37481272702394,359.0472913915627,37,366.6331502045513,4887.228439932943,-128.944,-30.9314,42.8147,15.4863,-15.5523,-7.87188,-29.5619,-17.5324,-45.0882,-1.64959,-31.2007,0,0,0,0,0
2089,4368099,1401,1401,-274.15088288775894,83730.17652431864,-8571.469936180918,23084085051,-36.27864361233458,339.5810802911286,37,400.06363485608847,4954.029810286676,-132.152,-39.8602,39.0892,23.4505,-6.44065,-25.3025,-24.7691,-15.531,-68.3102,0.416623,-24.7417,0,0,0,0,0
2090,4372280,1403,1403,-247.38158730363165,73435.71772193798,-12238.067985073656,23126647672,-8.109839463549008,325.39691799196595,37,383.2028986823013,4692.650996699546,-126.346,-26.9343,29.425,26.6431,11.8425,-36.5875,-4.60124,-30.3418,-56.3263,-2.10754,-32.0475,0,0,0,0,0
2091,4376463,1404,1404,-219.78399944541565,70567.16419400516,-22262.1577817827,23170291011,-22.002821670464925,308.44561689422875,37,377.53471825453374,4657.122099346535,-116.663,-15.797,18.8389,27.6022,20.9501,-55.3703,-4.18588,-24.5547,-43.4782,11.4842,-38.6101,0,0,0,0,0
2092,4380648,1405,1405,-237.30088386807648,65909.95133679145,-9598.24185222113,23210771945,-15.632756935901057,317.23047272726615,37,377.9251752008243,4515.217108403896,-119.966,-8.80499,16.0146,9.70333,22.9711,-43.9744,1.88519,-35.1502,-59.9434,19.7378,-39.7736,0,0,0,0,0
2093,4384835,1407,1407,-264.97031568598175,66212.67548039866,3996.592714330167,23254360323,-11.672986921414747,324.9668220860253,37,352.62854996394856,4571.091997414618,-114.393,-6.7425,9.56358,-1.19162,19.3233,-45.7551,-7.51514,-36.9646,-60.6341,14.9422,-35.6037,0,0,0,0,0
2094,4389024,1408,1408,-310.8948003586748,71854.76940433345,24800.807485726807,23290372829,-22.099151446639496,319.69235900355005,37,403.71153661370414,4603.676357943019,-132.805,-18.6844,22.8056,7.98383,8.34132,-56.3591,7.27763,-53.7778,-54.5099,-2.01112,-39.1558,0,0,0,0,0
2095,4393215,1409,1409,-251.75908130820437,61402.440206351595,1980.1948147994626,23335201793,-2.0066446589344196,281.67484682475833,37,397.661962089575,4448.921988922501,-121.34,-22.5558,36.4189,-6.07304,6.94702,-43.6521,14.81,-44.3749,-49.6295,14.7756,-37.0848,0,0,0,0,0
2096,4397408,1411,1411,-256.13171867380186,69406.31927662293,-3802.861965827353,23377155090,54.36679720329397,347.84216345073054,37,455.1547329358983,4840.922720121807,-121.862,-34.5725,45.7229,-11.7523,14.7853,-67.1803,26.4095,-30.9924,-51.1564,12.5938,-38.1274,0,0,0,0,0
2097,4401603,1412,1412,-263.6293534832585,67645.22950961792,1855.2065083829511,23419287144,-6.320261477464442,296.91527712941877,37,410.4950566180988,4677.229765573576,-120.506,-26.3778,36.1762,-18.8194,7.21557,-43.8801,18.0121,-44.105,-54.8144,12.0289,-28.559,0,0,0,0,0
2098,4405800,1413,1413,-199.03084508171406,64249.10290196579,-24635.825608024526,23463811897,36.74807804943492,318.15753736602215,37,360.9690823255019,4589.6091803184145,-108.137,-17.3284,43.6926,-10.5815,-1.52373,-26.0056,14.7017,-46.4309,-49.7297,22.5748,-20.2632,0,0,0,0,0
2099,4409999,1415,1415,-239.70863968614896,73822.93137656967,-16362.699436385687,23498615119,-28.149414873590445,310.412172188642,37,393.75370546045934,4920.871906427556,-131.891,-18.2085,41.2112,-8.2619,-4.26722,-16.7078,11.3993,-59.9346,-57.5319,24.412,-19.9286,0,0,0,0,0
2100,4414200,1416,1416,-129.37794844052326,64559.91606147084,-47821.262518792144,23544058491,-92.13260619491302,308.52493035745897,37,332.07275826429134,4874.1134839532815,-113.63,-3.093,56.7155,-5.27015,10.073,-3.66195,-0.165183,-53.7315,-37.9606,34.5589,-13.2126,0,0,0,0,0
2101,4418403,1417,1417,-114.99030500154089,62875.414213405675,-49652.64396905828,23585017045,-93.25192433999337,302.76138047239215,37,337.2823415641282,4726.29680367195,-117.493,-11.9071,58.2221,8.03682,9.23506,6.72013,9.51588,-43.2444,-32.3472,19.416,-21.1447,0,0,0,0,0
2102,4422608,1419,1419,-138.460513976813,63555.15683197563,-44383.84290125241,23626732900,-116.72294422826292,351.3666761249715,37,329.92190381917976,4680.4703281965285,-120.342,-4.86631,27.7918,21.3367,6.56926,-13.1552,16.3914,-34.5593,-30.8291,23.6415,-30.4395,0,0,0,0,0
2103,4426815,1420,1420,-97.88561232339543,59895.65044049366,-50314.0573405676,23671327553,-141.22385865778847,306.5457419028114,37,313.88628910984494,4790.071012785901,-108.314,6.38568,28.5106,23.4059,6.98744,-13.2037,13.8019,-22.4806,-33.5088,28.9088,-28.3793,0,0,0,0,0
2104,4431024,1422,1422,-48.738310580830955,52270.74724416772,-49895.32432589418,23722459240,-69.12578868168754,346.2481754028059,37,329.846787737777,4657.085376918545,-78.2714,1.4925,36.9204,21.8515,20.0618,-14.6499,19.6793,-19.6827,-37.6317,40.5488,-39.0568,0,0,0,0,0
2105,4435235,1423,1423,-76.45491482138232,53796.71119598688,-47951.35719564205,23759602401,-63.27129763512471,296.9091656500684,37,391.9486939227013,4675.364276688219,-94.3522,8.66974,22.7012,23.9864,27.5501,-33.5357,7.83267,-17.4037,-46.6825,67.0068,-42.2277,0,0,0,0,0
2106,4439448,1424,1424,7.784955455935176,55229.9744816463,-55169.36895019541,23811422738,-48.08238132664087,279.846631806623,37,338.30360410363534,4711.239314083985,-61.4191,-3.15738,41.1753,26.4271,33.8777,-29.5881,19.4233,-17.0086,-18.7074,52.1409,-35.3787,0,0,0,0,0
2107,4443663,1426,1426,76.73278653315674,52077.11878629561,-46189.1982571526,23862522896,-22.66443508854195,261.6152928397123,37,333.51194742699704,4737.41515968883,-32.609,-6.91411,26.0223,34.5589,51.9505,-13.862,24.1062,-15.5315,-12.0591,68.4845,-47.4138,0,0,0,0,0
2108,4447880,1427,1427,33.27936064989888,51062.66014244677,-49955.144297180734,23901112142,-27.693597053121323,272.7307596631502,37,337.0798739090304,4788.213896064612,-45.785,4.18405,-8.3686,47.9109,54.4313,-18.0042,22.2533,-29.8469,-5.39876,56.4,-44.4968,0,0,0,0,0
2109,4452099,1428,1428,28.899267872244934,49361.675778402976,-48526.508094851204,23944541320,-43.69524324701479,258.89594809838445,37,308.7927130579115,4645.224800733181,-41.0839,8.49335,-15.6815,66.2632,30.7447,-20.6357,16.1269,-26.2636,-8.09977,47.2178,-28.1823,0,0,0,0,0
2110,4456320,1430,1430,26.073716416490015,45918.944735282894,-45239.10604751535,23981200266,-73.89428504316606,247.57327139284916,37,246.92690719807888,4548.656574171306,-58.3689,8.65755,20.0668,40.5317,7.14165,10.5638,5.99248,2.02938,-19.4684,41.517,-32.5893,0,0,0,0,0
2111,4460543,1431,1431,-10.183115194718823,48310.19104920866,-48206.495214139744,24026579231,-71.7467954594581,257.38850788721186,37,240.65147011350615,4838.11555088547,-50.7769,9.89213,-0.107879,45.8047,22.5442,-12.1359,-7.03561,-12.4793,-32.4854,36.9931,-10.3962,0,0,0,0,0
2112,4464768,1432,1432,-32.28301517612971,48431.18804410931,-47388.994975247086,24070379686,-44.66881735704743,194.8144184081164,37,274.39700273383636,4614.253503792166,-49.1709,7.12236,-16.4446,52.2937,23.5973,-24.776,-10.3672,-21.406,-27.9636,38.0436,-3.21166,0,0,0,0,0
2113,4468995,1434,1434,-24.334020921801027,47424.92210322788,-46832.77752900523,24114882253,-64.90069800342962,206.41031873814313,37,201.39823725063872,4745.423958822772,-43.6879,-0.577042,-2.63309,41.6335,19.1524,-22.6613,4.5033,-11.3294,-31.9773,18.1377,5.10508,0,0,0,0,0
2114,4473224,1435,1435,-18.943446001930624,52516.91400265503,-52158.059856226966,24153624126,-56.78936068486337,240.28156230104833,37,279.3961728461818,4793.359285858937,-59.191,1.5785,-25.8297,54.1221,34.461,-26.4642,-0.444496,1.3633,-37.2404,23.287,15.4145,0,0,0,0,0
2115,4477455,1436,1436,26.978797597993776,51816.27605899835,-51088.420539164836,24200062937,-37.27121925177403,202.11178385099174,37,240.79809992849175,4815.581391770177,-45.817,-7.0549,-0.879078,40.3764,34.9327,-24.0106,14.2382,15.7404,-29.1481,18.7482,9.85256,0,0,0,0,0
2116,4481688,1438,1438,42.278550988608,54201.84195101645,-52414.366077320126,24243848006,7.3543338917651795,214.72775529622623,37,250.3764978867025,4865.732323383119,-44.429,-23.8333,9.83752,42.0085,32.3958,-11.1598,16.9193,16.8286,-24.6268,12.6176,15.7201,0,0,0,0,0
2117,4485923,1439,1439,23.07693136179273,52969.99059631281,-52437.44583523592,24291859245,-19.114085895918038,175.75728500490152,37,201.56662890575876,4794.711122903096,-26.164,-7.54143,9.77709,14.3315,28.6897,-19.5397,4.25286,19.3159,-35.9997,8.32417,27.6306,0,0,0,0,0
2118,4490160,1441,1441,-5.75816161689994,54354.752474316454,-54321.596049110114,24338168572,23.073685407508833,185.6235084013506,37,254.519772025044,4885.5310670981635,-15.8851,-21.2539,18.631,23.7243,28.2342,-37.2531,7.02059,-17.2017,-38.5452,22.2847,24.4861,0,0,0,0,0
2119,4494399,1442,1442,-21.31419192739554,53013.20323638878,-52558.90845887092,24378726018,66.22287184870123,201.1508246480543,37,292.60332928027924,4706.2560438324845,-23.7291,-21.896,2.63663,42.2775,36.6996,-44.3243,1.70042,-17.6173,-49.3922,28.7911,23.5394,0,0,0,0,0
2120,4498640,1443,1443,-12.877360814484518,55567.99536298751,-55402.16894144109,24416850928,-9.569608647153643,212.67346968531575,37,297.4216679004687,4823.477928079485,-35.5592,-13.6831,8.47764,51.737,40.0672,-35.7033,3.555,-34.3348,-35.8692,11.7978,26.6374,0,0,0,0,0
2121,4502883,1445,1445,11.193842734462294,55001.37983350064,-54876.07771833677,24465215915,6.262224691591655,227.70926743940504,38,290.89147459096984,4744.6149956003555,-18.5121,-20.2592,25.4713,38.1997,41.2728,-42.0865,-0.758585,-29.6526,-28.5798,25.1778,20.921,0,0,0,0,0
2122,4507128,1446,1446,19.515194709854484,58763.45163166929,-58382.60880710576,24510689625,68.15354539703088,214.5658042024839,38,293.1817107056083,4852.889868388964,-10.4511,-21.9803,30.3785,35.812,50.9757,-57.3275,5.2891,-14.4735,-32.6008,15.5095,18.3837,0,0,0,0,0
2123,4511375,1447,1447,49.981879482044405,57816.25784551154,-55318.069568953935,24548717932,-19.29564538813662,211.12491478774137,38,275.47586376592744,4913.314062213511,-24.513,-20.6311,21.5832,70.1916,38.2601,-40.1518,6.32464,-7.5007,-19.9504,2.43772,23.9316,0,0,0,0,0
2124,4515624,1449,1449,-26.256015380290705,59273.302774671014,-58583.924431020954,24585280879,-43.53015376446342,232.46775671906084,38,276.432732905895,4995.878821507798,-49.5611,-29.2862,21.4054,43.8711,34.7053,-33.5295,3.09289,-16.1185,-22.8492,5.87354,16.1401,0,0,0,0,0
2125,4519875,1450,1450,-6.7255290520778885,57734.388202523965,-57689.155461493625,24627069509,-25.47560176557255,238.87550563517544,38,276.5127990838378,4948.662342801378,-54.7319,-32.871,12.5234,66.2391,34.1452,-23.3526,1.13447,-9.837,-4.4599,-16.3668,20.8514,0,0,0,0,0
2126,4524128,1451,1451,-14.954096569007447,57490.95046769065,-57267.32546349545,24666604611,-102.64264713630877,258.5034711865148,38,267.3363539103367,4931.983360719895,-66.8889,-27.6008,20.5586,47.9124,47.6699,-25.7355,-1.00625,-2.55344,2.92394,-17.3604,7.12629,0,0,0,0,0
2127,4528383,1453,1453,-25.670731374770412,53843.40082782778,-53184.41437851216,24710545015,-123.93919584357911,253.4318477078657,38,262.2657773528342,4878.547047809872,-64.1687,-28.1196,22.6679,46.5131,35.2875,-16.8087,-2.32941,-5.97391,-14.4107,-12.1572,13.829,0,0,0,0,0
2128,4532640,1454,1454,-80.52544121761093,53120.079882457096,-46635.733199166185,24751263725,-139.634245294658,261.702734079889,38,262.2903483988912,4844.410782822948,-75.4346,-35.7834,17.764,32.0181,38.4688,-22.2066,-11.2022,-0.0994615,-7.43808,-19.2435,2.63154,0,0,0,0,0
2129,4536899,1456,1456,-161.63027303063342,63142.0249169154,-37017.67975695829,24791689084,-93.82196461965435,235.37541303520567,38,341.1243713832619,5042.215770656639,-88.8233,-31.3769,-7.13767,19.7626,69.9845,-48.0286,-14.4354,-11.731,-20.3612,-21.9897,-7.49356,0,0,0,0,0
2130,4541160,1457,1457,-149.17294746267368,62168.64437907614,-39916.07612437454,24835025446,-49.733551628491284,235.94987827031008,38,367.0349865615645,4975.92618718528,-91.1982,-30.9747,-34.9773,44.3436,64.5874,-40.5889,-15.488,-12.7452,-11.3998,-19.8939,-0.837914,0,0,0,0,0
2131,4545423,1458,1458,-213.95606747374796,70882.88559125387,-25105.686782422883,24872488861,-91.05014549537788,286.5705785833904,38,414.25998010976394,5017.9934817233225,-112.696,-27.5023,-31.7401,35.8475,63.1059,-42.4988,-18.0885,-25.1605,-20.7478,-35.6743,1.19854,0,0,0,0,0
2132,4549688,1460,1460,-301.5428003226605,87411.8222965542,3516.238129877718,24912704022,-156.95751439203963,322.9472758899721,38,474.55593760242647,5264.791028525908,-126.18,-25.1747,-52.6655,42.8068,43.6998,-58.2328,-20.688,-29.584,-25.1373,-47.6321,-2.75533,0,0,0,0,0
2133,4553955,1461,1461,-190.8630651664646,74124.87061907927,-37696.16097434116,24962836524,-157.52305753212022,304.39695446759606,38,373.2187787421283,5048.484375944433,-101.786,-34.6363,-24.3673,62.2223,28.9555,-37.721,-12.5628,-20.7126,-16.7244,-30.5968,-2.93346,0,0,0,0,0
2134,4558224,1462,1462,-152.9996181618464,69244.89800646748,-45836.01484879668,25005364950,-192.54160265114768,307.9175269958808,38,347.9432990771848,5063.237773481001,-102.379,-26.2428,-17.3013,74.0203,8.63139,-35.2865,14.1915,-21.6341,-18.2223,-29.4056,0.628645,0,0,0,0,0
2135,4562495,1464,1464,-165.5436766135444,72493.77850494623,-45089.06963821646,25048238989,-153.68153981711924,328.5376939023616,38,329.56193505361983,4989.120926302854,-107.094,-32.779,-12.7904,65.6664,3.47016,-21.2796,12.8726,-15.9626,-24.5744,-29.7624,-3.31012,0,0,0,0,0
2136,4566768,1465,1465,-28.786419501784337,55501.20199837162,-54672.54405063891,25101955817,-138.325193117122,258.9248195272595,38,215.75108938641716,4723.295606288423,-70.7959,-21.3195,4.26365,41.3744,20.8845,-13.7744,14.0835,-3.77403,-9.27758,-3.32729,12.8763,0,0,0,0,0
2137,4571043,1466,1466,-1.7601058984310498,50760.39137330911,-50757.29340053542,25146925729,-119.5456380268966,224.89900779517774,38,239.54711436351312,4784.903593225727,-63.6203,-30.7898,31.615,45.0088,13.3839,-6.26105,-2.07033,-2.81661,-15.0955,6.39389,22.4919,0,0,0,0,0
2138,4575320,1468,1468,-42.1101439532743,57239.097809317536,-55465.83358555205,25188319731,-127.89748615835384,247.67422156378683,38,244.2866919747193,4869.665883113547,-74.4308,-35.405,28.9547,44.8705,11.8853,-12.1767,-5.75729,9.36669,-8.98801,-6.44064,6.01107,0,0,0,0,0
2139,4579599,1469,1469,-89.38896068216013,51633.6855634292,-43643.299271592434,25234428873,-16.203325559600387,245.52260666187073,38,238.39838468906328,4735.528206745876,-68.364,-33.8094,24.2974,36.577,-5.45343,-18.6688,-3.55835,4.14653,-13.0647,-20.9751,9.48382,0,0,0,0,0
2140,4583880,1471,1471,-90.04861333742565,52115.53662574508,-44006.78386175189,25278102848,-46.653514222185265,266.06257466099447,38,237.126719129619,4748.947451110284,-67.2834,-30.3585,47.625,14.3489,-8.04512,-14.5063,2.66078,-7.08597,-11.2213,-25.0871,8.90436,0,0,0,0,0
2141,4588163,1472,1472,-62.59131144703804,61001.41262279291,-57083.740354132795,25318409289,-94.07645028734623,294.30194466884393,38,270.4564465879581,5040.0850027740635,-79.3254,-29.8375,41.955,37.1239,-1.3919,-23.0008,-3.2167,6.38297,-29.7515,5.49395,12.9768,0,0,0,0,0
2142,4592448,1473,1473,-6.612296279318684,63952.805999650685,-63909.083537565195,25365110358,-33.289731142481514,282.9982558212687,38,281.8630049495515,5074.647844698507,-69.3537,-24.3208,40.3487,30.9663,22.0959,-22.5793,8.62886,10.3725,-27.9838,8.53178,16.6815,0,0,0,0,0
2143,4596735,1475,1475,34.831169941232076,60551.068569252595,-59337.8581697776,25413128554,-1.292232029983154,289.82259889356266,38,270.1395114730731,5092.011895467374,-55.5046,-23.7339,43.8902,47.7371,12.0036,-17.6673,18.3912,8.04392,-20.7484,19.3068,3.11258,0,0,0,0,0
2144,4601024,1476,1476,-5.315331975501579,62369.6755276891,-62341.42277367931,25450316893,-42.16042504684032,293.2710088310061,38,220.37819935857482,5035.7076907970295,-76.6417,-13.2917,43.1983,33.5716,7.39737,-5.65827,0.688989,0.212579,-17.2551,15.6807,6.78182,0,0,0,0,0
2145,4605315,1477,1477,-5.592882811420111,74324.36134492955,-74293.08100678727,25491597798,-99.95523567183068,347.4710231853676,38,233.18255400264326,5325.581553494834,-85.9015,-3.63886,40.7279,22.4066,17.9615,-4.66772,10.4334,12.2754,-20.5147,-4.66491,9.99003,0,0,0,0,0
2146,4609608,1479,1479,-29.61650377467498,70153.61297598286,-69276.47568014753,25541772311,-38.5953012515742,323.06868616028754,38,198.56503475623123,5158.338385406962,-69.1475,-9.13079,42.1002,5.39236,12.6114,-5.25169,3.28082,1.76101,-8.38458,-22.1763,19.3285,0,0,0,0,0
2147,4613903,1480,1480,33.22990338661259,61984.743148961235,-60880.51666987763,25592551084,-15.631634893692251,289.45661071820774,38,229.27215233125742,5090.090164312585,-48.5161,-10.5525,52.7696,-7.93043,20.4169,17.1671,8.12521,9.13163,-17.0522,-13.97,23.6406,0,0,0,0,0
2148,4618200,1482,1482,-37.33959698544129,66721.0345478458,-65326.78904481063,25627961791,-71.67664100425156,376.50865035467814,38,274.65912140447347,5097.540887096481,-78.8709,-14.9786,47.1281,-12.9572,31.0621,19.5823,-4.94659,1.80632,-21.1777,-23.0685,19.0811,0,0,0,0,0
2149,4622499,1483,1483,-51.43791638324626,69695.37562046829,-67049.51637861846,25671487138,-129.26687317521873,355.609103611853,38,310.93879744104413,5098.456361691187,-84.3483,-21.3344,42.7127,-13.0596,26.4457,30.0761,1.99094,21.3671,-25.8994,-36.5467,7.15786,0,0,0,0,0
2150,4626800,1484,1484,6.854186958630066,62387.46394035284,-62340.48406148899,25726520426,-97.49480183330854,298.035637870017,38,237.3000177018872,5108.708109839854,-50.8119,-14.835,23.2837,-2.16777,24.2484,37.5865,6.92148,30.037,-16.1812,-29.8289,-1.39812,0,0,0,0,0
2151,4631103,1486,1486,-25.043678094371842,64546.64435387592,-63919.4585413814,25768029346,-149.08799632327322,356.4416054439352,38,247.23716304246312,4946.815217025127,-59.3982,3.87505,27.9325,-13.3516,4.13555,38.7396,-8.05023,36.4141,-15.2341,-30.5328,-9.5736,0,0,0,0,0
2152,4635408,1487,1487,10.007917527252175,61163.18140493776,-61063.022991705475,25814754998,-107.85279266662207,334.1566837541705,38,196.81366549016457,5081.82869566592,-50.9706,14.4404,13.4188,0.683402,7.67698,39.3152,-2.94836,27.876,-13.0945,-16.8032,-9.58623,0,0,0,0,0
2153,4639715,1488,1488,31.181393590078983,54780.89284913172,-53808.6135429123,25856762315,-97.28276297139564,313.92181031581595,38,248.50050063415904,4832.899852478775,-59.6656,0.0758746,39.1276,1.64489,18.2227,41.6313,9.99315,29.1454,-25.6322,-21.9279,-1.4338,0,0,0,0,0
2154,4644024,1490,1490,39.05127478346287,52935.55222624912,-51410.5501640356,25904966203,-74.91105214846556,273.09826583798036,38,237.44034221014851,4779.764754729308,-48.3469,-4.29295,34.6799,24.6765,-4.06285,41.047,13.9208,23.9216,-9.6532,-22.7867,-10.0519,0,0,0,0,0
2155,4648335,1491,1491,-0.5884438266423899,55230.06846557022,-55229.722199433105,25949892322,-120.4736774597518,273.6423911677691,38,260.54446796199164,4900.969679300413,-49.1507,5.4084,18.4528,20.5556,-12.3583,51.534,4.75012,29.277,-15.8133,-37.4035,-15.8406,0,0,0,0,0
2156,4652648,1493,1493,-25.775175426234796,59974.87090296589,-59310.511234712714,25994029424,-108.88626150481025,239.55882897430035,38,257.8427625760236,4940.98929907512,-51.9407,13.9651,9.06694,12.7305,-12.657,58.021,1.77764,20.4727,-24.4117,-39.5005,-13.2991,0,0,0,0,0
2157,4656963,1494,1494,-60.09705452219856,62143.03507855547,-58531.379116311364,26028802139,-184.57792106867572,285.11141696414774,38,260.2599777992505,4980.995603780497,-83.8534,28.7323,-0.244904,6.51979,9.96074,47.2496,-13.8352,7.619,-17.2648,-35.669,-9.31125,0,0,0,0,0
2158,4661280,1495,1495,-59.054110736012774,55498.217981472284,-52010.82998665103,26079267077,-133.44257479646245,273.60230374882104,38,243.74160771439398,4892.88266767955,-68.7522,20.3548,-8.49386,9.61383,11.5784,44.915,-10.0969,5.88167,-24.5194,-20.3568,-19.1788,0,0,0,0,0
2159,4665599,1497,1497,-45.29359423363786,58296.98784299461,-56245.47816439318,26126282557,-106.71748442176659,264.1202969599167,38,241.8762204754201,4908.047388237897,-61.7736,19.0475,8.33398,-6.28964,22.6131,39.2341,-16.0685,9.06262,-15.6451,-27.5675,-16.2405,0,0,0,0,0
2160,4669920,1498,1498,-44.44090290364977,62588.01197762045,-60613.01812672883,26171376895,-135.3598252510767,262.251508796905,38,243.80673861672597,5015.143403474018,-62.7812,13.7359,15.9985,-19.2858,16.1351,51.8857,-2.33661,1.92772,-5.3534,-29.9797,-24.3871,0,0,0,0,0
2161,4674243,1500,1500,-8.333935222498042,63873.28161694798,-63803.82714065519,26215759334,-104.95956368672307,294.114870551383,38,269.2000372133435,4956.236767797888,-64.9113,18.4944,6.81441,-20.2004,25.832,49.1069,1.86445,11.1938,17.1269,-31.6934,-21.9619,0,0,0,0,0
2162,4678568,1501,1501,10.424694087367357,61067.5879853587,-60958.91373854351,26265076059,-101.45672151543965,274.72283780344526,38,263.7623744690967,4910.975818009865,-54.0277,8.10839,5.54406,-13.0448,17.6876,60.5964,-4.21704,16.8614,28.2957,-50.8383,-4.54106,0,0,0,0,0
2163,4682895,1502,1502,68.05971800814018,56198.51890308549,-51566.39368773793,26313415754,-80.22758287694586,238.1950877265271,38,237.03359769706572,5010.453905281328,-42.2666,14.9327,12.5714,-8.11966,23.5436,52.8223,16.7067,28.5221,-3.96997,-30.1307,3.44789,0,0,0,0,0
2164,4687224,1504,1504,139.5102898625903,55417.88772503732,-35954.766747493355,26362584326,-96.33280743932562,230.56395976513056,38,264.4756709336616,4977.919295347544,-26.4917,14.6125,41.2163,-0.818942,19.3928,48.2188,22.7276,32.8985,-3.78727,-31.3848,22.9265,0,0,0,0,0
2165,4691555,1505,1505,141.2735290385674,55949.53137787917,-35991.321370868216,26405041268,-116.93768490470649,245.34943748665916,38,323.0249688278345,5042.627809575022,-35.8393,16.3624,30.2308,17.1712,23.8287,61.9494,27.0119,34.1685,2.07202,-55.0364,19.3543,0,0,0,0,0
2166,4695888,1507,1507,158.88187768577552,55407.81202812044,-30164.360971162707,26453360549,-77.54989916278237,227.11781632374368,38,315.92442797306296,4891.322032011914,-27.1731,4.10795,56.0145,-4.61086,21.9221,78.0875,26.749,21.1226,10.3449,-46.7373,19.0547,0,0,0,0,0
2167,4700223,1508,1508,157.0831729843349,62406.53642975223,-37731.41319492574,26502289039,-77.76164663502851,244.58008572023112,38,307.89503782443927,5156.709991474359,-15.6295,13.9236,57.0204,-17.5454,21.774,74.5683,27.6662,17.6855,-7.69152,-34.5395,19.8512,0,0,0,0,0
2168,4704560,1509,1509,173.29422963441226,60642.196500124344,-30611.306475539935,26548493556,-116.41086793083639,239.53149452441482,38,334.4603537687586,4990.18161892545,-14.0721,15.5948,64.9385,-29.3391,15.5272,90.2127,21.674,19.0526,-15.2995,-21.8724,26.8774,0,0,0,0,0
2169,4708899,1511,1511,173.4521914993121,60821.18437975815,-30735.521643844113,26593484391,-67.29020356481016,226.87345545187628,38,307.4590713796134,5125.507102179574,-15.6371,21.4763,59.7852,-25.0511,16.033,84.0331,26.5939,7.71936,-9.30486,-17.0103,24.8148,0,0,0,0,0
2170,4713240,1512,1512,191.88278858685766,57105.35939819088,-20286.354842322165,26637410253,-77.34892824847049,214.4749442476553,38,280.45445702331966,4981.4849587571825,-20.1884,24.2132,48.842,-5.0052,13.1256,88.2522,18.6007,17.8773,-5.17164,-13.9206,25.2575,0,0,0,0,0
2171,4717583,1513,1513,178.19026842138277,57981.94440549782,-26230.172645413382,26685366529,-95.44389299228789,234.62418069645474,38,245.6481549322413,5041.725511353216,-14.8622,24.0203,34.9009,5.27818,21.7954,72.8951,10.5191,3.54292,0.779868,-18.8667,38.1873,0,0,0,0,0
2172,4721928,1515,1515,153.9180416096441,59951.45005258064,-36260.68651963251,26731762437,-96.61826953425623,237.02223174541734,38,257.04369377581395,5069.806818820281,-12.5222,26.823,31.7986,18.6237,7.62457,73.1035,-1.66392,5.30461,-4.15827,-33.2184,42.2029,0,0,0,0,0
2173,4726275,1516,1516,91.75487127144487,59943.511720071845,-51524.55531803243,26775147893,-145.56386745956945,265.9041033538016,38,252.16328994112422,5066.50708237037,-21.3047,38.6959,14.9183,3.66129,8.53378,55.8286,15.6168,0.664641,-12.9845,-45.9151,34.0397,0,0,0,0,0
2174,4730624,1518,1518,47.57363267643484,60821.860521423805,-58558.60999539145,26814673060,-132.5185160048208,252.15632216608668,38,301.54982073650683,5114.881021612656,-41.0734,32.4242,23.881,-6.91734,22.1943,33.3022,10.8064,-10.3836,-16.9092,-51.7047,51.9536,0,0,0,0,0
2175,4734975,1519,1519,159.226080453061,60698.87840960089,-35345.933713156235,26868198709,-124.14560994999124,239.16764732858996,38,284.23458074265994,5067.093834957041,-15.9645,36.3628,12.1393,15.1931,14.2822,55.6924,16.8305,21.106,2.57909,-46.5397,47.545,0,0,0,0,0
2176,4739328,1520,1520,213.7025232290357,66995.91962040943,-21327.15118595289,26913311068,-112.73962652455526,235.8644439619049,38,286.5296079524046,5140.084996255743,-17.8419,47.157,7.01561,15.6004,-2.07095,82.1483,25.9112,28.055,7.54314,-16.5007,36.6855,0,0,0,0,0
2177,4743683,1522,1522,260.34853526236094,69311.93142136958,-1530.5716081127757,26958922443,-107.79275168642965,235.28240145137448,39,297.27299989330237,5229.609484912185,-17.8418,49.0212,17.2629,10.7806,0.915778,88.9568,36.4652,34.5037,18.1603,-0.620479,22.7442,0,0,0,0,0
2178,4748040,1523,1523,280.3116521841474,70732.3803640247,7842.2419861817325,27002524317,-99.37836078030324,247.24088884360225,39,362.0359495707893,5253.47169401322,-22.8278,48.8811,56.3505,-1.81584,-13.3422,93.2529,39.8329,36.2635,6.25287,-2.87629,40.3401,0,0,0,0,0
2179,4752399,1525,1525,215.40168951774604,64074.09920977692,-17676.21136267746,27050129940,-113.96040761592843,215.93055516865007,39,304.26995150051994,5021.171941064404,-21.9363,58.811,18.5892,-3.48715,-10.3592,69.7172,29.2745,45.0313,21.252,-8.65149,17.1606,0,0,0,0,0
2180,4756760,1526,1526,207.8094306298325,61616.711903337164,-18431.952444642004,27094480369,-99.15236480339149,199.52170162194057,39,326.432250736333,5105.788856274825,-27.031,57.5966,27.7384,-11.1708,2.53786,70.4412,20.7433,48.7029,19.4232,-21.1096,19.9374,0,0,0,0,0
2181,4761123,1527,1527,242.58354419370676,54296.31480643718,4550.461107142903,27142654318,-44.1713468309585,152.81636656828977,39,332.13787836480583,4922.483490313653,-21.2482,63.5923,26.8908,-15.8541,17.3438,60.9829,15.5596,67.2516,20.7416,-7.67485,14.9982,0,0,0,0,0
2182,4765488,1529,1529,229.29628555415877,54521.572719028176,-1944.7861500938525,27183217445,-34.693343287065545,229.85011673383065,39,342.9782046256547,5004.384830682771,-37.4516,71.4436,28.1059,-19.3894,5.32289,62.3549,17.5649,55.513,16.349,14.8191,14.6639,0,0,0,0,0
2183,4769855,1530,1530,235.1257767573279,47860.05841530149,7424.0724804353085,27231659664,9.443929134670896,260.2050932953121,39,336.8287345375811,4762.049387881922,-33.7774,62.3649,25.4685,-17.0741,23.5462,54.9084,0.751567,67.9636,15.2438,12.1438,23.5865,0,0,0,0,0
2184,4774224,1532,1532,181.99999685343874,55955.19200571469,-22831.19315106298,27271390037,-5.727061705029598,313.4994488289912,39,347.36908126804093,4940.007507137834,-54.0894,68.2819,27.5991,-22.62,28.0201,34.3549,-5.97519,58.3398,23.102,13.5459,11.4407,0,0,0,0,0
2185,4778595,1533,1533,197.38847377429414,60961.621591359624,-21999.412012414417,27319223540,8.550796366734062,326.08730346310483,39,343.7702015454792,5210.18965339116,-48.5238,77.269,26.9498,-23.3177,26.0661,35.3248,-1.34935,53.0953,15.8417,24.9268,11.1059,0,0,0,0,0
2186,4782968,1534,1534,241.4676509557661,71209.638406754,-12903.01194865832,27363344453,-40.914958635310825,279.9730171926133,39,422.77951505013095,5240.8558876876405,-52.9445,76.1117,60.2181,-37.7115,47.1993,21.532,14.022,35.6377,32.8027,23.6953,20.9048,0,0,0,0,0
2187,4787343,1536,1536,243.5656433499002,60098.54574204438,-774.3231215935957,27412382423,-69.41932096223269,216.2709957987418,39,391.3682303048676,5044.442994393072,-48.4875,64.1645,46.6346,-25.4138,47.9991,21.067,20.9189,39.1114,39.4447,18.4448,19.6819,0,0,0,0,0
2188,4791720,1537,1537,257.4004133089894,64555.33880172352,1699.6339699150485,27456565911,-62.919987028752075,254.43942750455358,39,399.3811969745203,5104.454913761426,-54.0168,73.0729,49.8891,-16.9736,31.7957,35.7718,15.0083,47.6621,27.7765,26.0439,21.3704,0,0,0,0,0
2189,4796099,1539,1539,176.78987643585748,60222.14250276325,-28967.482092557493,27502607973,-65.5153150972742,279.5084994716592,39,317.04937202967136,5149.489513989258,-59.6684,68.0514,36.2947,-8.37721,20.7479,24.2186,-2.0841,42.7155,26.0752,4.1052,24.7111,0,0,0,0,0
2190,4800480,1540,1540,151.15278594668246,64893.31760330152,-42046.15290385792,27544608341,-72.56030748774396,288.4636427207001,39,353.80408233837636,5083.752699101556,-72.3063,81.0255,34.6133,-5.02051,38.7887,19.9324,-23.9988,28.6791,18.0711,22.3289,9.03936,0,0,0,0,0
2191,4804863,1541,1541,260.1560146604327,65494.810823768654,2186.3411402306083,27601083659,-38.104515849695304,226.27817301039966,39,365.2832054584853,5093.185130094102,-39.0666,72.0697,61.1573,-1.58185,41.9969,23.387,-11.9152,42.9477,13.1559,49.7978,8.2074,0,0,0,0,0
2192,4809248,1543,1543,208.6960649315477,59137.90580915094,-15583.858291238168,27646791219,-65.60109792847487,279.1652332671445,39,341.86105296356146,5027.2080274623095,-49.8131,53.9696,43.465,-1.8485,54.6964,19.0001,-14.9209,28.0847,17.8017,43.2501,15.0108,0,0,0,0,0
2193,4813635,1544,1544,147.6424172575302,54499.887887596866,-32701.60451395021,27694363427,-34.029541973694506,236.74393223479075,39,312.50528255325156,5078.4122115345135,-51.6819,35.0794,37.9953,15.4997,57.8077,16.7025,-30.7495,18.4408,14.1262,32.1879,2.23431,0,0,0,0,0
2194,4818024,1546,1546,199.6364258794007,51914.03519774799,-12059.332659846543,27743901433,-43.71435585502377,250.2333985963055,39,348.01944875012543,4934.8150064643705,-43.537,44.045,41.3688,4.23119,65.7579,41.1497,-30.6545,15.7048,13.8226,46.1311,1.61692,0,0,0,0,0
2195,4822415,1547,1547,231.05809963634852,57359.726004177304,-3971.8805966165455,27793987684,11.778526545256227,234.33783600892843,39,333.7963301319139,5081.287789098575,-35.5144,31.0805,60.0366,11.6527,50.871,49.5032,-15.8547,10.3481,18.9769,43.1883,6.76988,0,0,0,0,0
2196,4826808,1549,1549,200.5785254650134,64573.734818984965,-24341.989941265936,27836381476,-43.997332823269744,265.8721759122577,39,344.8955894797789,5251.641053473506,-51.4781,36.1118,44.3982,22.2152,37.8167,50.4706,-20.6804,17.0066,35.6708,24.1841,4.86305,0,0,0,0,0
2197,4831203,1550,1550,241.75091779424235,61888.5262839881,-3445.0200296295807,27877709107,-41.1579212416882,271.6781526652778,39,420.27052257949924,5104.250884440375,-66.5641,37.213,61.9072,26.86,48.7528,34.906,-22.6957,38.9587,23.3134,38.1943,20.9052,0,0,0,0,0
2198,4835600,1551,1551,257.0790898108246,61637.75905437932,4451.899363582706,27927654782,-15.867405670211895,258.87198146250086,39,417.0326272194509,5080.5736915576035,-57.6363,22.17,86.5533,19.4179,58.9368,34.3482,-22.3404,42.1138,32.6792,30.9036,9.93311,0,0,0,0,0
2199,4839999,1553,1553,338.93829263816986,61815.360433612375,53063.80578286529,27980047709,0.022466525600066234,238.81523193485486,39,428.02722732740165,5096.3123152780945,-39.8309,32.3369,94.1281,13.9803,89.0471,20.9631,-4.71358,32.8667,35.5194,53.0256,11.6155,0,0,0,0,0
2200,4844400,1554,1554,293.4181386698146,63546.97015901888,22547.23394143967,28024259240,9.634756278251984,258.0341910324938,39,399.44151215180676,5153.173039751997,-53.0117,37.3596,73.6879,11.6826,76.9731,16.3968,4.54964,45.3199,25.8153,35.9481,18.6969,0,0,0,0,0
2201,4848803,1556,1556,266.6038188849587,60059.47866876367,11018.117575280186,28072594431,-31.18007042880197,244.358009745912,39,390.0697157378817,5056.409352469465,-52.3148,41.4522,68.3243,2.23351,67.9034,28.2597,0.529581,40.969,37.3854,41.2795,-9.41816,0,0,0,0,0
2202,4853208,1557,1557,329.48787459683575,62744.650075068625,45817.60943127154,28123492034,-14.036940715719368,249.93717129003772,39,409.6146192732588,5152.424922956892,-39.6041,54.5405,57.8756,6.00977,86.2491,29.4388,1.16781,51.4262,31.3328,51.5106,-0.459238,0,0,0,0,0
2203,4857615,1558,1558,253.37079520722784,59655.199294768754,4541.5605691742385,28167581713,6.115774645988381,256.7325308905155,39,376.73858282864387,4985.502376698911,-55.0158,49.6988,53.7229,-5.44435,80.0103,7.39329,-1.22377,55.3679,21.5028,37.0018,10.3568,0,0,0,0,0
2204,4862024,1560,1560,249.0352033407683,65257.193896687924,-3238.6613937101065,28219262196,12.900207349283448,240.27148070234847,39,337.8625195345515,5153.722100457437,-44.4137,51.7129,30.1889,8.39915,80.2603,6.16545,18.6703,37.5275,28.7603,6.62662,25.1373,0,0,0,0,0
2205,4866435,1561,1561,267.36638617983925,61314.38514257069,10170.39931629625,28269622642,32.673878720521486,214.03198160550465,39,348.049664736545,5121.409472903802,-34.9338,46.9369,44.0243,4.01044,94.1826,-5.40782,19.0264,28.3662,46.2963,13.2921,11.573,0,0,0,0,0
2206,4870848,1563,1563,296.2880558156914,65620.4080518615,22166.203967180758,28316786011,35.60423466730208,211.88253482619075,39,412.6097032143654,5207.593652318486,-34.4402,58.0166,43.6287,8.77043,100.266,-23.7206,12.8243,41.717,36.6737,19.6999,32.8519,0,0,0,0,0
2207,4875263,1564,1564,291.43502536861166,67933.1520629962,17001.221948607126,28368149457,24.368329096651337,202.2884734734488,39,407.19157543024636,5197.445283214549,-24.0689,59.1663,60.5289,-11.6197,83.5208,-22.1897,15.9897,45.3959,43.9807,0.444129,40.2868,0,0,0,0,0
2208,4879680,1566,1566,315.69135013124117,61468.33473499133,38192.69381269457,28416852611,-11.35318962016288,191.73481109731517,39,409.853710632333,5149.00496754349,-24.6839,55.3117,44.194,-11.7938,96.591,-10.6036,19.9691,51.3134,47.3879,1.0422,46.9632,0,0,0,0,0
2209,4884099,1567,1567,293.41714544298617,59819.26932460322,26274.351915307278,28464835023,-10.935097680106537,161.66995352387585,39,371.22882962218597,5071.943021783034,-27.421,39.5271,34.9355,3.95774,92.5921,-11.4848,21.312,49.2856,38.4569,0.111463,52.1445,0,0,0,0,0
2210,4888520,1568,1568,344.862800418776,58366.15627114473,60564.19484153578,28514370163,-38.84117981845236,153.94752713927494,39,397.86470347931044,5034.39430307263,-21.1445,29.5983,67.8123,-1.29554,93.7479,-4.06093,33.2993,43.4255,53.8944,0.895403,48.6906,0,0,0,0,0
2211,4892943,1570,1570,396.48852041822107,66297.50412838999,90905.64269504012,28564778341,-65.14437466066113,178.59389414436862,39,447.734365902903,5236.094380896544,-12.9902,35.8792,63.6178,12.5293,115.907,-12.6328,44.3646,46.5673,50.7769,2.39872,50.0704,0,0,0,0,0
2212,4897368,1571,1571,378.13763472413615,65637.73278773768,77350.33800702653,28619553119,-12.448227775299415,160.47541168278156,39,425.01139638654007,5228.431659264945,7.1779,40.016,68.4102,-16.6607,112.143,-6.77613,36.3422,41.0327,34.2579,0.66618,61.5286,0,0,0,0,0
2213,4901795,1573,1573,497.2029197392853,61575.78972817531,185634.95366909483,28675091831,71.17533832515016,167.74464527392604,39,503.4046760988908,5039.192280339694,31.2237,24.2228,86.3498,6.07667,118.208,-3.10088,53.5981,51.8679,38.2698,31.0078,59.4793,0,0,0,0,0
2214,4906224,1574,1574,383.2921147151663,63177.63160574503,83735.21359707916,28714203862,29.95619537206869,154.49013474703418,39,397.91678732511883,5145.684162946569,-0.716693,16.4252,82.1337,0.960834,105.522,-6.59564,59.6729,40.7257,13.5047,22.0392,49.62,0,0,0,0,0
2215,4910655,1575,1575,411.51708328308945,66088.82811059592,103257.48172322525,28765190288,45.87269502605989,165.83347291543157,39,441.9530353370005,5148.851324055901,7.22067,8.6976,97.2115,-2.30747,105.674,-12.9105,56.6397,39.6744,18.7699,32.5537,60.2939,0,0,0,0,0
2216,4915088,1577,1577,451.31221601863865,62755.01420106197,140927.70212659237,28812284324,44.630838089608915,156.7273210714818,39,495.61523859294095,5121.121800753294,5.17176,22.8259,82.9826,33.7208,112.733,-22.1515,64.7101,38.2147,20.1072,38.4999,54.4974,0,0,0,0,0
2217,4919523,1578,1578,487.77673599379494,61599.930694830946,176326.2134819294,28853773284,23.831055836588916,162.40655742234333,39,511.77541069720763,5155.4680500757695,-11.9993,39.1638,88.9761,32.4424,95.7902,1.60055,64.962,46.8659,26.3614,44.3331,59.2806,0,0,0,0,0
2218,4923960,1580,1580,496.1722353819787,54441.63529729548,191745.2518666542,28903367015,9.448574715563723,155.69731678676305,39,512.4856598777842,4962.286445412379,-8.15671,40.3577,95.8837,23.3896,78.1001,14.1964,70.844,52.4105,23.3484,51.4812,54.3173,0,0,0,0,0
2219,4928399,1581,1581,507.5067642808852,58644.49063876417,198918.6251520898,28952030112,-14.92074502738069,197.19556919060938,39,522.3792956155801,5172.530189985425,-7.43627,51.6215,81.0163,21.3385,94.1531,7.60838,65.2728,59.9627,35.257,45.6057,53.1072,0,0,0,0,0
2220,4932840,1583,1583,527.3851342384058,56794.040397004785,221341.03941865658,29003546855,24.149417474280312,177.45768126620362,39,528.7893284009241,5029.439557260473,-0.702097,36.881,103.912,1.2737,105.367,6.7122,51.5223,79.8107,38.7765,52.1997,51.6324,0,0,0,0,0
2221,4937283,1584,1584,511.813762263602,59775.89019562375,202177.4370467991,29050579307,4.343759239548831,108.41014673777693,39,539.4091800638469,5050.313286924238,-5.09009,26.2103,120.958,6.05645,104.745,-8.70762,44.4001,91.3475,53.4455,35.2258,43.2228,0,0,0,0,0
2222,4941728,1585,1585,524.4747014561503,68575.21587450747,206498.49659301058,29101615730,46.69521719125089,150.05729847315968,39,539.7550379503896,5230.720226552124,2.53563,20.3957,139.993,-0.858999,102.631,-6.78117,56.5565,89.2819,49.5319,27.0861,44.1024,0,0,0,0,0
2223,4946175,1587,1587,563.2712205277396,64741.54384346928,252532.92403134017,29152119661,26.811560861332396,150.4684686583231,39,563.2754476899474,5109.777177689412,10.0392,19.7906,157.176,-0.00211358,86.2586,7.46634,59.6262,93.6429,43.558,35.0967,50.6186,0,0,0,0,0
2224,4950624,1588,1588,562.5078893667317,59886.7696097865,256528.3559900287,29202455735,52.92266695086096,162.06935473736917,39,567.749106681503,4993.113364970679,13.5565,17.0415,138.127,17.9951,98.2109,-2.62061,63.9601,95.7844,48.8178,25.8323,45.8032,0,0,0,0,0
2225,4955075,1590,1590,611.2048972952682,67886.68714104561,305684.73933667375,29252196553,56.6210462893921,171.7913134008927,39,627.2889121970904,5095.018455610673,17.9516,20.3623,148.297,20.9954,92.6635,-8.04201,77.1095,103.618,39.9854,28.1632,70.1011,0,0,0,0,0
2226,4959528,1591,1591,578.8982541655098,65468.58329012399,269654.60538575123,29300374513,84.52704178613897,188.28538408797397,39,601.1358118674327,5095.36790921994,13.3605,19.6788,128.386,16.0647,98.5451,-11.1188,83.8948,103.369,46.6201,12.113,67.9853,0,0,0,0,0
2227,4963983,1593,1593,646.7704970916965,80245.55508569133,338066.52082254883,29353569676,74.75431983138867,188.62154170471797,39,652.0151584671565,5415.383876551668,27.6472,18.0652,144.621,22.9059,104.074,-2.62233,77.4056,112.312,40.7498,40.3265,61.2859,0,0,0,0,0
2228,4968440,1594,1594,650.3322922864946,86929.34881107557,336002.7415795311,29410099887,21.626225951422157,189.85340978162208,39,650.3322922864946,5464.7107508693525,48.9477,9.30755,150.77,14.0433,105.439,4.21235,71.3873,90.1597,53.6578,39.2661,63.1414,0,0,0,0,0
2229,4972899,1595,1595,620.3615938538294,83312.22735082479,301536.2797780388,29456167128,49.77282500343199,176.99411609636263,39,620.3615938538294,5340.468099074551,36.126,1.75945,132.921,34.0265,112.631,7.12473,58.9764,79.1953,59.3917,42.2093,56,0,0,0,0,0
2230,4977360,1597,1597,586.6295474086567,76797.2426291694,267336.983263716,29501979816,47.86723249373006,219.85491792568735,39,586.6295474086567,5310.995937218051,25.3181,13.0674,120.134,30.0812,114.995,12.6177,53.2106,79.8429,53.5888,24.7258,59.0487,0,0,0,0,0
2231,4981823,1598,1598,610.603852586921,72182.68861864293,300654.3761753474,29553710822,63.683370408552264,173.66810559424357,39,610.603852586921,5222.5070940718615,33.388,15.4452,125.497,36.2171,125.352,1.19946,52.5467,77.0781,48.3687,33.3239,62.1876,0,0,0,0,0
2232,4986288,1600,1600,594.5862453517325,78468.24733769422,275064.5558237764,29610045000,87.34329904114105,210.94606857317234,40,680.3743835683595,5340.913090883362,56.4716,32.8187,100.551,46.2591,144.537,-42.8941,49.6069,80.913,36.3843,32.1846,57.7543,0,0,0,0,0
2233,4990755,1601,1601,583.8686222274839,79121.306769656,261781.26125216432,29663079617,85.26660505769848,256.73659784724316,40,632.0097985499535,5311.681080571649,65.4332,23.262,103.974,37.3831,138.645,-24.0706,53.8383,86.1654,40.419,19.9773,38.8422,0,0,0,0,0
2234,4995224,1603,1603,573.8603869483219,70281.42994498686,259034.31376349085,29709059654,79.11428431636057,239.64340798837304,40,585.0306485238185,5227.296135808055,56.4085,38.5614,108.167,15.6565,126.162,-5.58513,51.9854,88.3051,48.5649,7.33212,38.3021,0,0,0,0,0
2235,4999695,1604,1604,606.2944170510476,80233.35075584134,287359.5693914283,29756275639,67.45436231941574,209.66858783351302,40,619.8161021607542,5399.329894005299,52.2617,40.0702,120.654,24.4644,117.427,-6.76084,48.2193,90.6359,56.7171,15.8588,46.7462,0,0,0,0,0
2236,5004168,1605,1605,564.0102986415994,84067.93230960374,234039.68466418248,29807935172,90.3831748049256,275.4954079145664,40,585.8806467737367,5492.946590983944,55.1285,21.4352,122.836,37.8798,115.523,-10.9352,25.3616,79.1788,52.2044,19.4625,45.936,0,0,0,0,0
2237,5008643,1607,1607,555.5744131767915,68381.63059489967,240281.29798183657,29855159841,84.95958470152175,265.6790736291638,40,555.5744131767915,5400.094061316093,42.8734,10.87,103.238,45.9108,107.945,13.8859,38.3278,68.8064,53.1255,17.3217,53.2702,0,0,0,0,0
2238,5013120,1608,1608,506.089854920242,60467.151679123315,195659.78957406824,29901163783,46.46082766662204,235.04772856940082,40,512.8385199002028,5260.949541180716,29.6319,7.30044,90.6295,50.0107,102.205,19.8775,41.5483,66.4594,55.8128,-3.37433,45.9881,0,0,0,0,0
2239,5017599,1610,1610,518.1186507202498,57175.153138011345,211271.78308616084,29949636809,89.06057004166888,239.5638109493023,40,539.605066335207,5169.629850485536,26.2684,14.8007,94.0233,43.3483,101.881,10.0173,48.1666,81.4148,50.976,-10.7432,57.9659,0,0,0,0,0
2240,5022080,1611,1611,571.133695105975,58928.924272761295,267264.7734126435,30002710709,86.53432104615928,210.47243356279972,40,591.2127612020618,5152.166604195238,36.9186,22.1571,83.4763,57.36,96.0415,24.0904,62.2052,77.2422,55.1824,-10.0395,66.4995,0,0,0,0,0
2241,5026563,1613,1613,569.3525043158343,60805.17066180935,263357.1035089028,30051148398,52.726277252979514,190.06907511170556,40,589.2125849130882,5235.372964711896,30.4467,7.72291,94.8583,57.6074,101.297,15.8172,67.3435,71.9584,60.1133,-9.93004,72.1178,0,0,0,0,0
2242,5031048,1614,1614,564.7350075023296,65595.21095818361,253330.41774047265,30100855247,20.918858310052826,211.7131255536396,40,565.4623187844327,5284.791591584572,28.9885,16.1448,77.3028,63.0023,113.791,10.5551,61.4864,66.5182,55.6381,-0.363656,71.6717,0,0,0,0,0
2243,5035535,1616,1616,579.9874129616289,64452.64495417183,271932.75423975126,30156194668,47.19997309373434,247.03281447809672,40,635.159465264222,5245.437219067114,43.4083,21.6366,51.9684,77.0139,148.208,-24.5449,60.5299,69.8606,63.0355,-3.04108,71.912,0,0,0,0,0
2244,5040024,1617,1617,543.6755681904385,62512.662903810604,233070.46054338553,30203960259,21.607276557257762,238.39541530695527,40,588.6348032180047,5258.685455751386,34.8418,13.124,62.2546,65.5532,135.534,-21.9807,75.0373,45.0786,70.3907,-0.498905,64.3407,0,0,0,0,0
2245,5044515,1618,1618,553.8261489781696,66746.09407601804,239977.30921597168,30257089167,50.43119733014362,195.31681057709864,40,582.0108355242235,5293.504906705935,42.1533,13.6812,38.9084,88.6291,139.774,-14.0923,51.7199,50.7211,67.3902,9.07326,65.8676,0,0,0,0,0
2246,5049008,1620,1620,454.2410012069889,61523.72479093863,144811.16238658907,30296779570,14.389853486789036,123.13299945986324,40,486.9636678897608,5200.293261743605,8.47849,13.0946,22.3318,83.0088,121.507,-16.3613,56.8614,46.5552,65.9081,6.26418,46.5926,0,0,0,0,0
2247,5053503,1621,1621,517.5843253380483,60347.65979716661,207545.874038476,30342212507,2.9577736696655847,151.52958813820237,40,574.9697211046389,5223.8443020104405,-1.31833,33.7173,40.0511,77.2374,132.837,-27.3744,69.0865,52.3052,82.6401,8.7897,49.6129,0,0,0,0,0
2248,5058000,1623,1623,554.8148382137456,62183.18603870556,245636.31866343916,30403312709,59.547146440034965,211.98039685455745,40,576.1238529514244,5353.646748664642,28.8985,15.1962,54.535,73.5274,120.229,-10.6545,84.5886,48.244,85.8532,8.97524,45.4217,0,0,0,0,0
2249,5062499,1624,1624,535.143989669738,58679.721354498186,227699.36832514644,30445217791,51.033910601209925,160.7152259984221,40,535.143989669738,5394.338345298072,2.99342,29.7449,39.1694,72.9763,115.458,7.23432,71.542,47.6748,97.7724,19.4095,31.1686,0,0,0,0,0
2250,5067000,1626,1626,543.5726910047783,60121.07132770825,235350.19907846797,30494784199,5.311033802659722,166.65701640950942,40,543.5726910047783,5314.578338859763,2.10197,34.2893,28.7912,90.2637,116.19,3.79258,69.1393,38.9214,98.7235,26.6567,34.7029,0,0,0,0,0
2251,5071503,1627,1627,584.4576007648128,56919.414724660106,284671.2723671012,30549401620,27.35278454097721,187.42403899632967,40,584.4576007648128,5204.288366875723,15.0886,41.9034,29.4894,87.4756,117.5,0.762158,74.897,42.3378,97.4381,21.5162,56.0494,0,0,0,0,0
2252,5076008,1629,1629,558.6570433163963,60546.976347093034,251550.71569992488,30602172570,44.00616390176009,190.1688648120575,40,587.3497554825847,5413.268690831515,19.0888,41.3738,24.1004,79.0599,137.888,-14.3464,69.0262,36.7601,92.4225,10.9853,62.2978,0,0,0,0,0
2253,5080515,1630,1630,549.0781088084063,55489.72718459328,245997.04238802282,30652746848,65.30056872059146,169.43830738762705,40,549.0781088084063,5294.62206669337,17.9671,43.0534,31.7849,70.338,126.195,3.71166,78.3415,29.9178,83.8011,12.8007,51.1665,0,0,0,0,0
2254,5085024,1631,1631,594.6894762934953,59892.8429523909,293762.73026184086,30707416686,51.82856353834404,215.38634122458075,40,594.6894762934953,5328.8483489138125,30.8591,48.5893,30.4615,74.6868,108.743,8.51572,89.3902,35.7511,104.302,14.0365,49.3541,0,0,0,0,0
2255,5089535,1633,1633,574.314576432268,59604.71757157137,270232.5151310041,30757441549,30.019208508903773,225.31407360412953,40,574.314576432268,5347.593272187498,26.6292,52.1949,17.3572,67.1154,95.5452,12.8956,97.7948,39.8756,83.4437,24.2098,57.2532,0,0,0,0,0
2256,5094048,1634,1634,625.4670188298578,69381.74375349375,321827.24789041595,30811798024,95.4567341760577,277.82573923338225,40,625.4670188298578,5408.203304952744,39.4129,48.7962,32.9479,73.6065,92.6747,17.9397,94.7282,34.4079,87.1571,40.8876,62.9084,0,0,0,0,0
2257,5098563,1636,1636,602.6930153953202,63807.61431752649,299431.25648877723,30861679890,93.78548702811804,252.01780901722236,40,602.6930153953202,5481.463145713271,33.0747,35.4672,32.7595,73.948,93.2177,32.0849,84.6848,29.3415,91.0531,41.6923,55.3693,0,0,0,0,0
2258,5103080,1637,1637,558.2681672766766,58997.011144542,252666.33544991745,30911425739,87.86544871400832,245.97121802532405,40,558.2681672766766,5355.064623132852,28.7501,21.9946,53.5595,62.5138,97.7599,34.713,67.3577,11.8855,91.8438,28.2482,59.642,0,0,0,0,0
2259,5107599,1639,1639,454.706821462612,54376.13515445168,152382.15833018004,30958336403,80.94054862405045,288.42246048488715,40,476.9111503440195,5253.059292461467,10.3037,20.731,8.43664,74.0034,85.3028,29.3374,68.2998,-11.1022,99.1884,8.75675,61.4492,0,0,0,0,0
2260,5112120,1640,1640,481.573871980444,53684.824715629155,178228.56945860788,31010176562,97.10559288282468,274.9308880496004,40,492.9028847496538,5332.66113319637,14.8709,23.3238,8.1508,96.4803,80.845,31.2252,61.6135,-5.66451,89.2819,16.947,64.5,0,0,0,0,0
2261,5116643,1642,1642,436.3647586947067,53397.604521373294,137016.59810931634,31061319902,87.03470061804126,266.10363939544084,40,456.43703263520223,5347.188183675591,12.3162,20.9863,-3.91063,96.8822,86.2864,0.354233,47.9248,-6.1255,91.3255,19.0287,71.2966,0,0,0,0,0
2262,5121168,1643,1643,438.61955496062507,53182.85872185689,139204.25527199992,31108929815,77.30880288758613,215.6272830721109,40,438.61955496062507,5236.100072445475,2.77512,28.6446,3.8691,90.5082,79.822,9.71852,56.2324,1.79396,66.5246,27.7063,71.0249,0,0,0,0,0
2263,5125695,1644,1644,410.5883257520845,55449.69249633902,113133.08074756082,31166970417,103.89948631907578,260.26563277501646,40,427.31998149541954,5264.998357862673,19.1122,19.3725,-5.05634,89.9059,72.5237,-3.30948,69.2621,2.13859,57.3425,28.2509,61.0457,0,0,0,0,0
2264,5130224,1646,1646,396.16662437506477,57262.048003485215,99685.94626524844,31215271930,105.58673796284955,235.36970191114477,40,440.74146374918803,5530.916311664163,10.4629,27.9568,-22.2874,106.599,67.8843,0.818173,54.3905,12.9592,67.6132,16.3222,53.4474,0,0,0,0,0
2265,5134755,1647,1647,466.50033588053407,55023.98296434979,162598.5804123013,31274178170,73.87806819155003,245.5846027972225,40,503.0977693641114,5380.600551717187,32.6918,22.7501,-18.2987,109.986,69.4047,20.6037,57.5053,20.6865,61.4235,41.5904,48.1574,0,0,0,0,0
2266,5139288,1649,1649,463.9813009466242,59328.139454223565,155950.50817389827,31322114916,61.03145796409632,240.79339579564868,40,488.7652806654304,5457.777064767086,23.9343,23.3998,-12.392,118.673,59.0158,23.3978,58.0874,13.5089,65.9797,49.776,40.6004,0,0,0,0,0
2267,5143823,1650,1650,509.3264324013607,61037.27357905949,198376.14116363836,31375854712,26.832398079614734,256.94428316047635,40,554.0036245014371,5345.421382481894,33.0549,36.1192,-22.3386,132.212,90.4547,13.3501,67.3941,9.83571,69.7045,55.8348,23.7048,0,0,0,0,0
2268,5148360,1652,1652,446.4248211394454,64102.413334418154,135192.70759496765,31425737659,63.098125578758015,251.43989884522404,40,548.8974711178373,5469.008059430031,25.1892,33.8344,-48.3714,140.734,96.0547,-2.86491,70.7845,0.370508,56.7567,49.7251,24.2117,0,0,0,0,0
2269,5152899,1653,1653,400.5456209277862,57058.801133072215,103377.99331135361,31474711124,-3.671553263897806,205.64825067992587,40,519.5713005246151,5342.3933677177,16.2017,43.6191,-57.402,127.414,84.6497,8.17159,51.449,-2.11081,53.4234,44.2865,30.8437,0,0,0,0,0
2270,5157440,1655,1655,386.93808779714914,52113.101460184334,97607.98232792995,31518034827,-58.77018177940323,194.1050084197363,40,480.2032436809434,5294.536085801163,-5.77224,49.2604,-29.2979,108.087,93.0818,1.04503,51.7482,-11.5624,61.1889,42.8425,26.3166,0,0,0,0,0
2271,5161983,1656,1656,413.94593437554295,55021.52372429367,116329.71286174764,31571356169,-49.27003270234911,229.65686457186496,40,448.063519149217,5371.235456807821,-0.867983,44.1105,-16.1908,101.608,88.173,14.7493,39.7875,1.75608,75.824,34.1263,30.8696,0,0,0,0,0
2272,5166528,1658,1658,411.11122478206136,52128.0530313598,116884.3861104468,31616849479,-69.290349283115,200.03070458530226,40,455.50081443835126,5277.019358805948,-17.9501,38.8172,-4.24471,114.424,78.3498,15.7788,51.353,5.88614,62.8935,40.5287,25.2748,0,0,0,0,0
2273,5171075,1659,1659,434.6601980231623,50685.13148240121,138244.35626313346,31667941589,-59.09658776662553,230.60663918575398,40,490.97617084372695,5280.558643001707,-20.154,48.5934,-8.00399,107.013,93.9397,17.644,67.4713,1.70581,70.4086,27.4935,28.5491,0,0,0,0,0
2274,5175624,1660,1660,448.43154517351974,53419.27645745834,147671.57424925215,31723768763,20.542843106630187,227.85727592729648,40,478.9573544710607,5349.741069625063,-8.34428,40.3654,-3.06637,109.748,75.6088,24.6826,83.8551,-3.85226,76.3273,32.4659,20.6417,0,0,0,0,0
2275,5180175,1662,1662,371.9605003911039,51520.09092420272,86834.52292699768,31768920263,-28.243569096142267,246.6729065091094,40,444.7818550939702,5341.781673619043,-31.6564,35.2071,0.312043,88.4074,66.2797,14.1163,69.7026,-4.75432,76.2035,22.4836,35.6589,0,0,0,0,0
2276,5184728,1663,1663,354.25669515112713,51901.029010063234,73596.77704933539,31821460208,-38.572866104397804,218.80929733441565,40,416.16631793536544,5329.643545835106,-30.9548,35.9052,6.31107,70.2092,80.1073,15.2398,60.1836,4.68229,68.7371,6.23288,37.603,0,0,0,0,0
2277,5189283,1665,1665,388.20787733362454,49009.87036130865,101695.48566256982,31874214914,-6.435077494836094,220.75692063679963,40,446.0986814249734,5260.292926633804,-27.3751,40.8122,10.5315,77.78,47.6026,47.3499,56.2991,32.212,57.8495,-1.57035,46.7164,0,0,0,0,0
2278,5193840,1666,1666,348.86432907402116,51106.53961792902,70599.7804823379,31922090763,-7.4055297814297205,241.42306359205674,40,458.093236603337,5314.722714327479,-39.7817,42.5757,10.7404,75.5768,37.4254,36.0425,72.6038,32.8385,55.9933,-14.8328,39.6823,0,0,0,0,0
2279,5198399,1668,1668,415.410249887802,53516.74792545195,119048.92778639417,31973058598,-36.63409656630654,241.15432503412546,40,496.03035760444993,5311.9110935899935,-40.3101,42.4089,43.0255,71.2996,19.0906,64.162,81.7101,12.0658,63.2474,2.5476,56.1629,0,0,0,0,0
2280,5202960,1669,1669,436.7769566056502,51921.46969307735,138852.64012861668,32031706894,-22.937781852083106,221.65175024245963,40,494.81853923739345,5301.699558188826,-22.8248,41.2377,29.2227,80.0066,31.6603,71.0133,72.272,30.4938,69.3152,-6.19598,40.576,0,0,0,0,0
2281,5207523,1671,1671,492.474659049948,57221.95788846042,185309.3319179021,32090808570,-1.631996064758198,191.12373379989782,40,508.2103129057029,5414.63205224744,-0.461342,49.1362,27.422,99.873,52.1476,62.0378,61.8497,33.7028,69.4762,-7.40648,44.6972,0,0,0,0,0
2282,5212088,1672,1672,471.98044284491294,53956.93059104341,168808.60783703672,32137967822,0.996265252185367,174.87936652493545,40,502.14892900001684,5405.42699863411,-15.0842,48.8913,40.7578,101.731,50.0487,53.9846,53.5878,31.1289,61.6183,6.7699,38.5468,0,0,0,0,0
2283,5216655,1674,1674,558.9289030837319,61208.073172103876,251193.44553027992,32196938251,16.992884268512057,224.3371035292995,40,558.9289030837319,5537.893852866815,6.1711,57.8551,36.167,105.438,57.6151,55.6591,69.3389,43.1394,59.864,9.27861,58.4032,0,0,0,0,0
2284,5221224,1675,1675,598.7211401028364,61066.95961499195,297400.04399104835,32252101982,28.899192242016795,223.32084636910662,40,598.7211401028364,5576.116998389174,12.4401,37.6755,59.3449,108.363,53.1779,72.8506,74.3671,51.8669,68.6775,17.4683,42.4896,0,0,0,0,0
2285,5225795,1677,1677,570.1786290189281,62943.91507144321,262159.7539184612,32303402919,86.9624927001014,219.91923540610696,40,570.1786290189281,5499.709879838726,7.5873,43.5654,48.8154,107.135,34.8225,69.8701,79.4624,35.1976,72.4347,11.6262,59.6625,0,0,0,0,0
2286,5230368,1678,1678,546.2598988003488,68985.86363504243,229414.0134023248,32353579719,75.8233195012561,243.97099810811306,40,546.2598988003488,5769.824920343763,0.748145,52.4511,47.0569,108.131,41.4623,56.8134,68.9353,31.2082,65.5134,30.8127,43.1274,0,0,0,0,0
2287,5234943,1680,1680,555.5591915893649,70263.17958573737,238382.8357736913,32401052249,42.24392212451147,232.9792819425466,40,581.9846611271544,5718.929966394203,-13.2127,50.4065,70.5929,77.7467,30.6838,80.4941,83.1406,46.6376,68.9817,22.3053,37.7827,0,0,0,0,0
2288,5239520,1681,1681,592.9787278481166,67844.74896320543,283779.0227171653,32462028247,39.3112885327003,227.3953982689157,41,592.9787278481166,5690.601162955791,6.84,46.2184,61.894,77.8092,46.0634,72.7595,83.5226,41.2561,90.2212,29.3172,37.0769,0,0,0,0,0
2289,5244099,1682,1682,572.8816125635983,67283.68846321478,260909.65355025395,32519459276,24.926818704264747,297.01879760792133,41,572.8816125635983,5758.565058123447,17.771,44.239,53.3461,82.7208,56.7847,53.5226,69.3465,55.5821,76.098,32.238,31.2328,0,0,0,0,0
2290,5248680,1684,1684,570.8089808073694,67020.63850792222,258802.25406242552,32573359929,23.10780287363218,267.06176615690515,41,570.8089808073694,5751.694059666107,16.7157,26.1162,40.7848,95.5492,67.5025,47.6209,75.0034,60.9852,82.5567,30.5234,27.451,0,0,0,0,0
2291,5253263,1685,1685,680.751497810405,73382.91210412607,390039.6896669838,32634318727,65.46508377147137,307.16525034639375,41,680.751497810405,5895.478602813517,42.5386,21.063,54.3736,118.456,69.3804,59.5556,85.8327,77.0241,90.3601,41.9183,20.2488,0,0,0,0,0
2292,5257848,1687,1687,632.7033516239374,73217.64364140105,327095.8875147627,32681209283,40.13836854406077,287.26590947572276,41,632.7033516239374,5793.85970076432,27.3751,20.0056,69.7285,120.503,72.3362,35.4874,84.2971,81.7426,76.977,35.8716,8.37937,0,0,0,0,0
2293,5262435,1688,1688,568.5398673501295,73855.56078363015,249382.01998287268,32731006096,67.10450773118794,274.8730954798028,41,568.5398673501295,5819.365613036074,14.09,13.0177,56.3037,132.322,69.7918,19.6662,65.4967,73.1695,75.8439,23.8584,24.9802,0,0,0,0,0
2294,5267024,1690,1690,563.6567516051408,69345.33187119439,248363.60175886503,32779088007,61.72166438001153,248.06405711015867,41,564.0198212560907,5730.994746917944,-0.181535,15.8864,55.7971,133.366,62.7489,38.59,59.1415,73.1708,80.3412,34.6627,10.1338,0,0,0,0,0
2295,5271615,1691,1691,571.6757056786067,67154.38117511605,259658.73128801695,32838844894,50.71933937034282,305.71500918571905,41,571.6757056786067,5671.923537223874,19.4253,22.9638,53.436,135.258,66.6183,33.35,60.8823,52.4938,77.5147,38.5329,11.2006,0,0,0,0,0
2296,5276208,1693,1693,590.9932301701733,72866.96117195388,276406.0369350216,32891987016,48.38444806231416,307.73555139870723,41,590.9932301701733,5743.927077875525,22.0456,30.8979,56.9177,138.366,58.3145,39.4393,56.0721,53.6958,76.943,41.04,17.2615,0,0,0,0,0
2297,5280803,1694,1694,618.4615142124029,69182.26691953943,313312.3776423588,32945748380,-16.02039450995511,292.4807236726895,41,618.4615142124029,5767.7045774661,24.5444,38.9015,67.5457,125.325,31.0104,59.5307,55.7181,54.3248,90.4745,49.8529,21.2334,0,0,0,0,0
2298,5285400,1696,1696,571.7498497044091,71570.21830343167,255327.6723335828,32990427421,-18.33945236674367,257.37303582621985,41,571.7498497044091,5804.8095671721885,1.05672,42.9009,85.1632,119.354,14.9613,71.2846,59.8188,43.6542,82.9253,40.7267,9.9042,0,0,0,0,0
2299,5289999,1697,1697,599.3124049753762,81425.8046981704,277749.554059199,33042477424,-55.91450347122753,230.97025470152818,41,599.3124049753762,5773.498845981331,1.4474,63.9698,87.8566,119.461,22.6532,74.5496,51.5515,52.9632,81.0671,27.4259,16.3676,0,0,0,0,0
2300,5294600,1699,1699,567.2557896147234,87665.25118202418,234113.87966939918,33100956606,-108.2148431289205,229.85308665731634,41,567.2557896147234,5960.217630378355,11.8517,66.8954,53.4615,134.479,5.50416,77.5462,34.0971,42.8828,86.6668,28.1999,25.6717,0,0,0,0,0
2301,5299203,1700,1700,535.9726074415469,85798.4217581075,201468.214169583,33151046579,-93.0307074308617,213.3112024778299,41,535.9726074415469,6024.1111613263565,1.13433,65.0295,65.1432,120.498,6.27916,75.632,35.566,37.792,62.746,36.3441,29.8084,0,0,0,0,0
2302,5303808,1702,1702,556.9579555741254,76126.09792765512,234076.06634965437,33205283014,-61.88409909253244,189.55091152468526,41,556.9579555741254,5830.5282392015215,2.43057,57.0204,76.7396,120.663,19.8833,68.6338,42.1179,31.1075,64.5722,47.9595,25.8301,0,0,0,0,0
2303,5308415,1703,1703,609.2861946020403,82975.28396911135,288254.38296352397,33262547842,-37.4645417286161,232.6659788351339,41,609.2861946020403,5997.962411944777,13.6052,62.0808,65.7039,137.679,18.149,83.307,44.9474,23.6426,80.2388,54.2092,25.7227,0,0,0,0,0
2304,5313024,1705,1705,550.3226768889236,81475.16795993656,221379.8807382541,33306556352,-83.69234141327178,235.87855291453553,41,578.7358736653351,5882.981844045092,-14.2066,53.137,97.2165,118.912,8.49766,78.8069,47.7568,19.638,89.449,34.7933,16.3221,0,0,0,0,0
2305,5317635,1706,1706,550.3086917090734,85630.29770466316,217209.35846588886,33358329153,-77.26025056230202,266.5417282357226,41,595.4176081820808,6034.357027252377,-19.14,63.2627,105.095,106.838,-3.41446,87.6335,49.9439,19.5478,89.1655,34.7664,16.6098,0,0,0,0,0
2306,5322248,1708,1708,514.9794937871322,76429.7619129116,188774.1171083394,33412164350,-62.892844394965095,249.46146058900217,41,563.099108979017,5910.60570370479,-24.0598,46.2451,103.818,98.145,1.51295,69.6315,44.4969,30.1693,82.8264,34.9188,27.2752,0,0,0,0,0
2307,5326863,1709,1709,567.3797998078642,81345.91055698713,240573.92667302492,33471075894,-56.49704048465145,264.3756347643097,41,595.0296239187971,5932.909054226664,-9.10122,50.436,100.689,111.145,-4.7237,87.4563,48.2259,28.0656,80.6549,46.3151,28.2178,0,0,0,0,0
2308,5331480,1711,1711,539.0087095620449,81911.15446948653,208619.2345142544,33521161279,-82.39117415133313,287.6722155180284,41,588.3843936563874,5818.285306470461,-21.129,49.4837,87.472,110.362,-3.55881,112.543,61.2267,18.9019,70.8195,32.7921,20.0965,0,0,0,0,0
2309,5336099,1712,1712,622.1816881682315,89693.93771800419,297416.1153738663,33581994906,-38.03801687747273,264.2633620156448,41,624.738572869246,5969.312648938811,-1.27844,45.6009,97.2576,122.66,11.1861,108.958,62.4106,27.1295,77.4319,45.6491,25.1761,0,0,0,0,0
2310,5340720,1713,1713,659.855543722568,87635.11954059103,347774.2190408148,33639947727,-19.932895043544534,273.2408687719557,41,667.6440187944193,6088.917712956964,7.58574,32.7138,109.178,126.717,-3.89424,97.6122,57.7699,36.8219,89.7684,56.5169,49.0657,0,0,0,0,0
2311,5345343,1715,1715,661.5231911951871,76838.65390671868,360774.27858234535,33697913024,-0.41247390023488606,237.46546018720744,41,661.5231911951871,5904.202133464507,14.3283,31.8962,89.1015,128.934,8.02723,97.6913,59.9572,57.8225,84.2066,37.8775,51.6811,0,0,0,0,0
2312,5349968,1716,1716,637.6573898092688,75279.7524639233,331327.1943144465,33752257681,-14.047301744707852,228.0191113971274,41,637.6573898092688,5769.604164277627,14.0845,34.9355,69.9377,133.289,23.9272,86.8474,65.7723,47.8567,88.0357,38.642,34.3292,0,0,0,0,0
2313,5354595,1718,1718,561.3129935800787,74884.40310675108,240187.87365507835,33802694216,-30.863584308150962,201.75839506563227,41,561.3129935800787,5905.287040291996,0.719155,33.1831,71.9211,112.339,7.75278,89.9175,56.7753,41.6615,91.4736,25.9339,29.636,0,0,0,0,0
2314,5359224,1719,1719,571.3627774186971,74073.50652080792,252381.91689879965,33859210377,-112.13790511550229,239.10651074369133,41,571.3627774186971,5820.296591903185,6.36736,40.2876,59.7489,109.847,24.6653,82.998,46.3149,32.9865,112.181,23.3277,32.6386,0,0,0,0,0
2315,5363855,1721,1721,580.538326577883,75456.08984196415,261568.65878388466,33914535511,-71.20501320897438,217.7022372603342,41,580.538326577883,5808.50771911819,9.89402,43.4616,59.9426,123.969,16.6498,82.9808,50.2163,20.9742,102.273,38.6268,31.5503,0,0,0,0,0
2316,5368488,1722,1722,631.5905218982732,77982.61839739958,320923.96895433357,33967991034,-17.57765338344427,186.97438855642406,41,631.5905218982732,5882.928032400713,8.43425,51.6313,61.6849,128.309,13.5489,83.3047,60.4928,26.8863,104.234,58.0182,35.0461,0,0,0,0,0
2317,5373123,1724,1724,602.273338101701,77755.60605660925,284977.56773155666,34016177856,-23.072519679070524,217.20486613508626,41,620.5674356331715,5707.553239729467,-9.14705,53.8704,65.7948,120.499,15.5283,89.1076,63.2183,23.1186,108.246,36.6501,35.3876,0,0,0,0,0
2318,5377760,1725,1725,626.6647498752078,76744.82844090745,315963.8802952493,34079585080,3.378706903679074,237.53763219060824,41,626.6647498752078,6017.313043255937,11.2852,44.9665,61.8195,114.835,20.5057,107.354,62.2023,18.1212,120.849,33.6265,31.0998,0,0,0,0,0
2319,5382399,1727,1727,630.1432020442751,74251.38048913209,322829.07459348004,34133296454,42.83658537962134,233.14845851132787,41,630.1432020442751,5904.984327312441,6.59597,47.2708,44.921,128.173,8.57124,123.518,67.474,38.3401,102.295,18.8906,44.093,0,0,0,0,0
2320,5387040,1728,1728,644.1702795064291,73692.19158616461,341263.1574132263,34187691995,-33.74050032152127,231.08596818486353,41,657.2559237180601,5849.831843188174,5.92029,37.4321,63.9339,130.422,-6.54282,121.57,76.0109,41.648,99.6924,30.5154,43.5679,0,0,0,0,0
2321,5391683,1730,1730,675.4030738820418,76300.94535743978,379868.366851871,34243872302,35.99678037723572,242.68314292682783,41,720.7053800991687,5840.330424759909,11.1231,40.6628,78.0228,118.827,-22.6512,132.635,79.6357,55.4521,101.968,27.8848,51.8434,0,0,0,0,0
2322,5396328,1731,1731,587.0558083519054,72681.78209362939,271952.7400260797,34293068800,-15.984534938768263,209.68538900367702,41,653.7382961288449,5849.705134668848,-9.66052,31.8892,63.1012,117.301,-23.6807,116.785,68.6324,50.6546,102.777,37.1929,32.0634,0,0,0,0,0
2323,5400975,1733,1733,549.4484970459275,65994.91610620178,235898.73479982687,34350337294,50.42196899924221,180.4736733098619,41,663.6728098424869,5678.0033683799475,-8.56564,15.1851,68.3256,106.549,-48.5465,123.932,88.7107,44.7511,87.5982,42.5087,29.0004,0,0,0,0,0
2324,5405624,1734,1734,521.1618931383643,64311.33009594232,207298.38876362157,34403467938,30.942797996993477,161.0249143761298,41,667.2391396493156,5734.959887842153,-15.4572,26.3379,48.3932,101.09,-57.5814,136.825,83.3368,38.1579,84.6737,48.6935,26.6928,0,0,0,0,0
2325,5410275,1736,1736,479.44433853250564,67804.50697716053,162062.36677371134,34454437296,-30.46836885266731,199.43898873224708,41,645.6300452107379,5838.114888306596,-26.4702,26.699,62.6059,93.4009,-56.6226,126.223,67.786,22.4854,86.3264,61.507,15.5035,0,0,0,0,0
2326,5414928,1737,1737,508.45842109404947,70123.61077483417,188406.35520661957,34513638638,20.756780972758236,205.4473305070631,41,702.3946686172287,5772.173940482351,-15.4697,27.917,55.737,113.86,-81.4984,140.114,67.1308,20.381,101.385,71.5421,7.35992,0,0,0,0,0
2327,5419583,1739,1739,446.41859955828767,67675.74343385038,131613.82259773242,34565132641,-32.091276477010524,225.57981208345905,41,628.1810366392449,5862.526158388065,-30.5907,16.2044,46.088,106.247,-60.2906,119.091,61.3071,19.5989,97.8341,63.6517,7.2784,0,0,0,0,0
2328,5424240,1740,1740,489.2930106074337,79169.18806896024,160238.462160326,34628119618,6.794824050182058,182.00168493555412,41,609.6876337123858,6068.937455583133,-10.698,20.4876,14.2056,129.695,-49.4993,131.397,58.8407,29.4948,80.4874,69.8052,15.0771,0,0,0,0,0
2329,5428899,1742,1742,512.4785838464956,78650.70018473301,183983.59871657653,34682135596,38.270630096514026,245.7878557599924,41,641.4311440624875,6073.933268447212,-11.9269,21.8402,39.4729,112.222,-52.5494,146.792,71.9087,19.0129,72.9771,67.8948,24.8337,0,0,0,0,0
2330,5433560,1743,1743,509.2061053780004,69470.23875173384,189820.6190024974,34736123585,74.56995996507032,195.85683752189868,41,570.1843934675368,5920.105196612856,-17.1422,17.0497,46.727,102.744,-13.347,135.336,49.716,24.0079,73.8344,69.3833,20.8965,0,0,0,0,0
2331,5438223,1745,1745,494.25551689483893,68729.3773490682,175559.1386319162,34787029477,-30.360826863590034,175.94420982531466,41,588.0103540426722,5822.549025980292,-28.4789,15.4675,69.1315,96.037,-18.3985,121.812,75.6971,4.99353,73.2629,56.8031,27.9286,0,0,0,0,0
2332,5442888,1746,1746,449.8460111827477,72448.8872941735,129912.54648285528,34840774585,2.857878198620483,206.78677398038872,41,538.351552967764,5996.18267924286,-32.8021,20.7422,87.3019,64.7767,-11.4507,108.034,59.4989,1.12658,79.5003,55.8418,17.2763,0,0,0,0,0
2333,5447555,1748,1748,449.60493776702106,73244.90895159752,128899.69111288936,34898556889,-53.28123549840012,207.64805664530553,41,520.3154072965292,5974.713412290526,-27.2467,16.0864,88.7659,61.1355,-5.347,111.253,58.6641,13.8296,91.41,43.816,-2.7615,0,0,0,0,0
2334,5452224,1749,1749,502.6442040554361,85140.82412189525,167510.37174862763,34963464122,-16.226480128553362,215.6132214925135,41,502.6442040554361,6145.5460875737845,1.3222,20.4263,111.002,46.7186,16.8372,89.2958,55.8289,9.72536,80.346,67.2082,3.93411,0,0,0,0,0
2335,5456895,1751,1751,545.5540649675108,81862.9841875975,215766.25361497756,35019829924,24.330359094098924,227.90945598129593,41,545.5540649675108,6013.45128571181,5.76971,36.8356,108.529,46.2267,18.0326,110.272,47.366,11.8265,72.986,76.1886,11.5213,0,0,0,0,0
2336,5461568,1752,1752,587.6993989519203,78644.85516636558,266745.72836208285,35078166274,9.337848102599082,235.3446704355615,41,587.6993989519203,5957.79401500498,13.2308,40.1019,101.826,62.8741,11.8015,107.566,67.7977,9.41545,62.1907,80.2466,30.6485,0,0,0,0,0
2337,5466243,1754,1754,578.8089925946874,75119.97544334969,259899.87446512724,35133095099,-17.333153045676397,236.845106694094,41,578.8089925946874,6069.053812440692,6.57042,28.5763,82.1961,83.45,28.0643,90.693,63.2305,6.02235,69.4381,80.6149,39.953,0,0,0,0,0
2338,5470920,1755,1755,541.492281096007,64925.53488750822,228288.3555990488,35188304196,-39.26194011530515,243.15951855982632,41,541.492281096007,5934.614995690092,0.923612,25.9078,80.7022,63.017,37.1642,85.7419,56.6657,1.33699,67.853,80.4662,41.7138,0,0,0,0,0
2339,5475599,1757,1757,545.1442864777839,70748.2691039961,226434.02397537604,35251371485,20.12742281550362,251.63951410108228,41,549.651882460443,6083.614702833069,18.1554,19.3086,69.2104,68.5871,33.4205,78.0405,65.0046,-2.2538,69.8818,75.9793,49.8098,0,0,0,0,0
2340,5480280,1758,1758,495.8308781490656,65494.255469256605,180354.00425681693,35302512834,-15.510788707565837,257.36695032626534,41,496.5379287104448,5925.3422770219795,2.40075,14.7052,70.6311,77.2973,8.67952,81.0031,69.5337,-0.353525,57.6974,81.3073,32.929,0,0,0,0,0
2341,5484963,1760,1760,462.4217434433068,65310.50315992247,148523.36564922502,35358363267,-5.027337651884807,223.14140481887154,41,493.50916150134356,5850.043070855377,-2.47529,19.1711,54.1276,76.8552,1.52075,93.2931,61.6022,-13.0684,76.5369,70.2246,24.634,0,0,0,0,0
2342,5489648,1761,1761,450.60030648702076,61656.45942603795,141384.17678015906,35412021796,-19.53235949895469,235.9312226316584,41,502.3809679352559,5976.928631154469,-10.3378,4.49418,69.6128,69.5611,11.8549,87.4233,72.8532,-15.5525,87.2858,55.7605,17.6449,0,0,0,0,0
2343,5494335,1763,1763,485.87196057799105,60396.44089810533,175675.12117779555,35472755609,-13.36238647584861,218.25930994980848,41,501.8017164962234,5879.780565469968,1.67832,3.02526,59.3184,97.1925,10.0264,74.4677,76.3776,-7.96488,85.3721,56.6563,29.7222,0,0,0,0,0
2344,5499024,1764,1764,485.45229606199166,62216.940260762356,173446.99149109726,35529477223,7.103326784040007,202.12136982871044,42,515.1470664985237,5948.383588077395,1.70798,-0.586575,67.6463,84.887,9.18401,59.7506,92.7155,-14.2608,80.3149,53.0619,51.0314,0,0,0,0,0
2345,5503715,1766,1766,483.62251713461944,64835.38931541514,169055.34976421014,35588381273,-14.480133199804015,210.84078499775745,42,516.7450300971685,5836.8258518002895,8.61629,0.870937,81.413,70.508,7.18602,64.2959,84.5062,-16.5613,67.5486,52.8056,62.4332,0,0,0,0,0
2346,5508408,1767,1767,538.2981622466309,70961.46743785028,218803.4440402499,35647885401,-2.9484131609262363,220.28965112711722,42,581.811750575394,6174.252298611264,18.5381,4.32422,83.8781,87.3517,-1.40669,81.9982,89.571,-20.3501,73.6134,50.405,70.3752,0,0,0,0,0
2347,5513103,1769,1769,516.9771024577713,68560.27520715541,198705.0492584775,35699297946,-35.86492268432954,201.54525311276979,42,555.6898175916458,6041.542619981117,7.33861,31.8468,74.6364,73.891,8.75221,74.1933,88.9989,-19.3564,48.1199,70.6093,57.9469,0,0,0,0,0
2348,5517800,1770,1770,516.2508235111857,71035.49123792067,195479.42153805675,35758203319,-41.19089276604694,191.5364963928444,42,543.3488369720228,6126.257668982727,15.1526,46.2266,64.2345,86.802,25.5802,63.657,75.5196,-13.549,34.5349,84.3406,33.752,0,0,0,0,0
2349,5522499,1772,1772,413.7319043073115,72899.81396900068,98274.27467275367,35806679404,-66.82741419750306,191.44929979221564,42,503.53045539334863,6095.334198102739,-9.15468,46.8143,56.8356,87.4827,-3.10146,63.0209,68.0352,-32.6431,24.9592,83.0569,28.4266,0,0,0,0,0
2350,5527200,1773,1773,417.86724666073246,77601.5653792933,97011.47045252811,35855529595,-110.07316981482768,211.9177682994507,42,512.5074782974409,6229.10185232908,-31.4485,54.2592,40.5708,86.1577,31.1276,61.2222,56.5518,-15.8716,22.7207,73.7959,38.7815,0,0,0,0,0
2351,5531903,1775,1775,393.50431746249325,74547.95477762935,80297.69308399333,35911781489,-73.70742359191593,181.80905731486212,42,495.9633466391186,6252.137750931875,-36.8636,33.7733,37.3081,107.068,22.5288,65.0935,84.8027,-14.3659,21.2195,45.5111,27.4293,0,0,0,0,0
2352,5536608,1776,1776,462.6799134017489,70763.6677682514,143309.03449719842,35979548617,14.685947097870326,206.39506165310627,42,490.15843998624644,6067.75969200006,-6.26516,27.2833,58.9598,98.8053,14.4258,71.7916,78.8533,-7.4741,27.5848,69.5856,29.1296,0,0,0,0,0
2353,5541315,1778,1778,440.7665762172278,68641.25892856171,125633.91578169556,36038401044,58.99750245022295,193.32583291092072,42,491.40277758032744,6087.892603357655,-2.78805,28.8626,60.7573,90.5506,-1.26662,75.8152,84.4607,-21.2634,24.6549,78.5056,22.4777,0,0,0,0,0
2354,5546024,1779,1779,369.9565230120413,80406.11189157696,56461.71702758208,36087836983,2.611664223177229,263.66207648781204,42,491.67863360022034,6309.3401500353475,-25.2974,33.299,41.4734,89.5955,8.0417,52.0143,92.5216,-35.5636,15.9637,82.4694,15.4391,0,0,0,0,0
2355,5550735,1781,1781,362.40551614820885,73091.20979545446,58246.5483391952,36140707841,-74.86449205770134,207.4932908018851,42,521.9680440200461,6214.371346132335,-34.9281,29.9433,60.408,84.1796,-6.81528,73.1259,61.5737,-29.4853,31.1892,101.767,-8.55262,0,0,0,0,0
2356,5555448,1782,1782,318.24400260366446,75984.59227645732,25294.65291674387,36196554211,-61.08807943027688,258.6935263729594,42,497.0423726693386,6280.2025886497395,-41.5452,26.4449,57.0388,74.2132,-26.2715,76.2348,73.0015,-21.5824,15.2136,82.852,2.64444,0,0,0,0,0
2357,5560163,1784,1784,266.8062727270663,84610.07820302821,-13424.491036518535,36257797755,-66.39708964351547,276.5646184173458,42,422.57094771896044,6257.411786088963,-31.2837,27.0157,54.9627,61.9416,-16.2222,58.8514,65.0546,-23.8845,13.0572,63.8055,-6.49198,0,0,0,0,0
2358,5564880,1785,1785,220.47844589737213,74988.74495486266,-26377.99984954221,36314537197,-30.85144570976945,279.9363444302164,42,395.68999220087437,6186.186877148748,-38.0086,20.5823,47.7287,43.8155,-11.8385,62.8699,70.2934,-33.3874,12.4896,50.3048,-4.37131,0,0,0,0,0
2359,5569599,1787,1787,243.82429285966964,66179.27328904017,-6728.98750052222,36378199102,-49.669069540191,249.13218106528007,42,434.856998383651,6019.916365910172,-22.8548,2.21818,48.7178,76.7704,-21.5392,53.8948,65.988,-51.1224,22.3944,61.6753,7.68186,0,0,0,0,0
2360,5574320,1788,1788,192.26131405652302,74545.48400833641,-37581.07112559544,36437052436,19.823995154552904,243.9510749372339,42,355.5055436343413,6154.8993489441,-19.6874,2.7113,50.545,64.6344,-19.3376,33.5068,72.4019,-41.0036,7.1966,42.8873,-1.5935,0,0,0,0,0
2361,5579043,1790,1790,121.52537549671354,80517.54300742105,-65749.12611780383,36487941548,31.258832181981802,245.06369738362434,42,349.8522888720903,6172.82777626841,-38.6413,5.41224,39.4488,69.501,-30.0484,32.8596,57.8203,-35.2082,8.92862,21.7183,-10.2655,0,0,0,0,0
2362,5583768,1791,1791,219.83930767331503,70470.11122945414,-22140.790031171666,36553313610,0.8897353008127311,239.1558239043394,42,355.7119955920057,6010.448730013456,-16.5818,7.97043,49.3412,52.5905,-10.7544,44.8869,78.875,-22.924,2.19572,51.9159,-17.6762,0,0,0,0,0
2363,5588495,1793,1793,253.0684806286884,73243.56170171517,-9199.905814002326,36611813194,-49.52751535640698,219.16025525279804,42,354.0562723934201,6186.743323087931,-13.6434,29.5979,31.4529,48.4531,-9.39004,62.1474,72.6479,-25.4105,16.9921,42.2711,-2.04991,0,0,0,0,0
2364,5593224,1795,1795,232.81493913188507,79822.56633673263,-25619.770453749283,36668569049,-25.47858624426442,227.81564161617212,42,390.76943102238357,6279.106243735603,-16.6916,34.2211,6.26187,82.4561,-25.3531,53.5874,72.0705,-36.9326,11.5902,42.1242,9.48085,0,0,0,0,0
2365,5597955,1796,1796,260.30391062676773,80891.81581562091,-13133.689928032632,36725398517,-19.99773831566614,246.98937905451447,42,407.3192780195921,6389.391624305099,-18.861,26.9136,19.2884,83.3829,-22.9103,46.8506,73.7568,-31.7364,12.5094,67.1846,3.92526,0,0,0,0,0
2366,5602688,1798,1798,212.07178633978305,71298.63940259535,-26324.196841248755,36782575892,-12.552526597587871,212.17161922701916,42,407.0428300536004,6167.195650899533,-23.0169,25.4634,2.30707,95.457,-29.6321,43.2864,57.1656,-44.8365,19.247,53.383,13.248,0,0,0,0,0
2367,5607423,1799,1799,139.60581337130043,74992.81834769549,-55503.03522063312,36834397931,-71.1653575556702,217.5526314468134,42,435.1766260891352,6168.865164614405,-43.294,18.2209,-10.6013,82.3054,-51.0218,74.1391,63.5902,-41.6559,11.4623,37.6732,-1.21251,0,0,0,0,0
2368,5612160,1801,1801,222.60390787543815,72359.69440240253,-22807.194600985975,36895027680,-86.34454901821192,207.91974215021008,42,417.01889661354267,6220.222580257028,-33.5576,13.8358,13.404,82.3682,-46.9996,84.6465,51.9044,-16.6503,25.505,44.9633,3.18415,0,0,0,0,0
2369,5616899,1802,1802,227.0107190874544,80967.76967832936,-29433.903097726237,36951628721,-95.47827750465586,305.69424715468284,42,392.03514289049826,6332.936422641574,-37.9424,14.5198,14.485,73.5115,-43.5638,82.8229,60.5925,2.62203,16.3101,44.6591,-1.00605,0,0,0,0,0
2370,5621640,1804,1804,176.90213815411914,84543.13531728768,-53248.76883378863,37001183666,-146.11635915794778,316.91763910381786,42,407.8950078941956,6451.719477907582,-61.3137,18.1997,29.5536,48.4945,-52.2083,87.3455,63.9947,-1.97442,0.946415,38.8647,4.99941,0,0,0,0,0
2371,5626383,1805,1805,129.33753887632122,85969.07294757747,-69240.87398499357,37053356931,-165.9983082478284,287.4805027575119,42,418.3982879680933,6397.474519571751,-78.8062,7.9488,39.7715,47.4797,-49.7761,93.5202,48.2317,-5.37713,-3.35287,36.9159,-7.21805,0,0,0,0,0
2372,5631128,1807,1807,157.3434466487269,82157.88044220633,-57400.92023890556,37113080019,-196.03544484481046,298.65083999772133,42,448.60192999468524,6391.852190078189,-72.2852,11.5552,41.756,69.6814,-48.268,86.6134,56.7313,-8.39621,-15.1974,36.6354,-1.48239,0,0,0,0,0
2373,5635875,1808,1808,90.80593886401851,73850.45421899318,-65604.73568601732,37174443753,-133.38807730281434,262.1108625958056,42,408.86358303598905,6129.887332521897,-67.8854,3.36934,42.034,61.6549,-35.0924,65.9532,33.2315,-24.1884,-25.2911,43.5918,-6.57153,0,0,0,0,0
2374,5640624,1810,1810,77.13810120456913,75898.79149179351,-69948.50483434716,37227836350,-96.04490707891983,299.98301038621497,42,419.2159762811699,6148.932301587871,-81.4721,12.0408,55.0836,42.9296,-34.7455,57.3827,32.0966,-26.6342,-28.1871,47.4174,1.22641,0,0,0,0,0
2375,5645375,1811,1811,25.804034689326045,72093.70008450068,-71427.85187825274,37281854648,-102.23348696218346,281.73052629314856,42,390.95182212155237,6064.805786141286,-97.18,6.78147,26.4976,50.8232,-11.9949,32.5586,38.8646,-38.4206,-34.9784,46.8206,6.03175,0,0,0,0,0
2376,5650128,1813,1813,2.0247271442428314,85232.7310700872,-85228.63155007857,37334194453,-110.82273012836765,317.66801092850426,42,374.7335321838771,6163.474676506393,-110.874,14.5179,46.5356,36.1617,-0.743274,10.8922,38.3606,-16.6342,-50.3828,41.9111,-7.71976,0,0,0,0,0
2377,5654883,1814,1814,44.49252268942922,78660.02403351541,-76680.43945824604,37399090837,-74.0949754074856,269.76846919466146,42,354.1630963043279,6184.849263169864,-93.6899,19.3236,49.7928,27.1986,7.42737,3.2317,43.4979,-17.7491,-42.0522,48.8559,-1.34411,0,0,0,0,0
2378,5659640,1816,1816,2.700458573876631,75574.05161289721,-75566.75913638799,37457256063,-58.03622099848974,329.65414754774235,42,334.4048164536332,6175.292138725325,-97.492,-1.01333,59.1121,36.3047,15.1721,-0.42818,31.8086,-19.543,-39.4232,26.1552,-7.9525,0,0,0,0,0
2379,5664399,1817,1817,-10.003799239266584,78119.93406429286,-78019.8580650733,37515865890,-64.86592532728673,313.02185235375566,42,349.9367675206818,6190.173907410189,-97.4152,-1.14266,86.3608,11.643,10.423,-11.0982,34.0296,-11.4646,-40.694,27.5101,-18.1557,0,0,0,0,0
2380,5669160,1819,1819,-97.89267247121091,91823.60665555482,-82240.63133199904,37563807926,-72.14412236200644,367.36129451390104,42,358.5867568673711,6360.248191003244,-131.325,-22.4146,92.6685,0.736908,-18.1691,5.32456,31.6171,-18.5896,-26.3684,-0.743862,-10.6293,0,0,0,0,0
2381,5673923,1820,1820,-121.9284699047214,84813.84853596758,-69947.29676266103,37625055202,-80.325818142493,345.8499118968976,42,355.2471325813742,6337.363977584933,-128.356,-19.6173,59.9783,19.9109,-15.7663,10.6573,26.1129,-13.8022,-41.6632,-6.75821,-12.6247,0,0,0,0,0
2382,5678688,1822,1822,-164.89163679910587,88777.2384557504,-61587.986569462155,37681918091,-54.39265168053316,383.775289073184,42,401.0811084181804,6225.516904611437,-136.373,-33.8243,73.2776,13.2302,-26.4416,14.1587,17.4283,-29.1075,-41.9421,-0.729658,-14.5681,0,0,0,0,0
2383,5683455,1823,1823,-159.35525332182658,88805.9516724741,-63411.854911210576,37739657538,-48.98438671422912,402.17666200452425,42,406.32358189097783,6370.782720404562,-140.512,-30.962,64.7959,21.247,-28.6219,17.2439,19.1055,-34.2256,-33.7292,-14.7892,1.09178,0,0,0,0,0
2384,5688224,1825,1825,-189.560341231805,93075.9153197076,-57142.79235178924,37796384753,-71.52249607009173,383.033709504943,42,445.6831954192257,6274.112524201929,-145.637,-25.2424,89.011,-13.2897,-41.312,35.8175,3.23289,-19.6481,-38.2998,-19.3952,-14.7979,0,0,0,0,0
2385,5692995,1827,1827,-125.25487459466626,84339.43836897473,-68650.65475924916,37867811380,-81.21217048786468,356.4002245342489,42,402.14945422789265,6440.0731928914975,-112.883,-29.3152,86.5178,4.86794,-43.9105,41.8924,5.1692,-6.84894,-33.4153,-17.5613,-19.7682,0,0,0,0,0
2386,5697768,1828,1828,-109.56945926815007,95617.75270672637,-83612.28630241158,37924363699,-88.85171242819149,374.2863099542409,42,370.46509094197955,6366.838271017823,-121.115,-27.5305,87.7962,-7.82644,-29.5117,42.6516,-1.4286,-1.78507,-42.1962,-3.27698,-5.34643,0,0,0,0,0
2387,5702543,1830,1830,-47.251419989193835,89085.14267427259,-86852.4459832774,37988647023,-53.556249174285824,297.3074283142743,42,350.6830453195474,6372.651526406176,-105.469,-18.6767,79.4407,1.48199,-25.9504,51.8067,0.782652,12.3198,-42.3544,-6.51662,5.88392,0,0,0,0,0
2388,5707320,1831,1831,-46.02352327562619,93245.35418127375,-91127.18948657165,38048967107,-81.99035972349452,271.7672095976732,42,327.53691411220973,6422.09168607554,-100.809,-4.82705,90.7793,-14.2241,-26.2325,29.8812,-1.53803,2.39578,-39.1491,7.72956,9.97085,0,0,0,0,0
2389,5712099,1833,1833,-45.473610750486614,86785.93164544726,-84718.08237076049,38100504560,-119.9342873127672,291.5051348383889,42,317.1733410655838,6439.024860985273,-120.271,1.09175,81.2669,2.07196,-17.0105,28.7045,7.04487,2.1742,-42.8215,-1.2207,13.4957,0,0,0,0,0
2390,5716880,1834,1834,-14.409139920963128,76539.41220304946,-76331.78888978757,38171172071,-68.63393540477898,258.4706872453338,42,292.34939971907914,6268.426073505871,-90.7186,-1.13198,76.8149,8.43879,3.62081,5.86319,21.161,-11.4332,-50.0954,4.21362,18.8578,0,0,0,0,0
2391,5721663,1836,1836,35.00717937395012,69683.072207021,-68457.56959930109,38233825766,-21.04444837123407,252.34644271705082,42,291.3044117843886,6137.342153409951,-81.2876,3.85176,75.3659,9.65425,-3.74276,28.9368,36.2022,-3.04188,-38.9828,-1.09362,9.14495,0,0,0,0,0
2392,5726448,1837,1837,-10.747991218804714,71416.16905707115,-71300.64974183164,38293520988,-91.42784075031244,244.58492715224685,42,272.5605045053825,6123.985108114513,-82.8431,2.69299,67.8306,24.1616,-7.36356,-8.40916,33.5917,-1.15067,-41.8878,1.96437,0.664972,0,0,0,0,0
2393,5731235,1839,1839,1.62221613336186,73125.38727983336,-73122.75569465003,38350622941,-99.78702282824474,246.01959739722793,42,264.8700403468545,6218.276368392477,-89.5196,0.603375,74.4408,13.5216,-4.90388,5.15899,22.8032,16.7181,-28.5523,-8.38408,-0.264045,0,0,0,0,0
2394,5736024,1840,1840,-61.191794627987804,82054.52547780423,-78310.08974801039,38404686423,-118.34505329992606,249.6915109387391,42,340.24377625592086,6286.591669278427,-105.183,0.509558,83.9706,-3.12716,-7.19606,-11.7699,30.7406,10.409,-60.7784,-12.6635,13.8962,0,0,0,0,0
2395,5740815,1842,1842,-56.83114085508879,76197.5068077659,-72967.72823687496,38472734615,-120.49292042639928,256.17178141115375,42,299.61138876466583,6316.364185688444,-86.9668,7.48488,51.7175,6.22594,-13.7378,-1.36966,7.04338,-7.52731,-68.6196,13.7275,35.1909,0,0,0,0,0
2396,5745608,1843,1843,-56.391512597793735,76768.92975685345,-73588.92706378632,38532325318,-159.94700564253492,256.384550742952,42,305.5668259642407,6208.616683525647,-88.7375,7.31774,31.2349,26.7961,-4.20036,-7.96998,21.8891,0.870485,-76.2072,-3.86418,36.4794,0,0,0,0,0
2397,5750403,1845,1845,-114.2150584887305,78605.37609084159,-65560.29650525746,38594655255,-158.87530318682167,264.24312698074976,42,295.39384205999625,6450.793749118957,-85.6292,-0.642011,21.8986,28.986,1.32891,-25.3176,1.82407,3.03218,-67.5253,-25.6904,33.5197,0,0,0,0,0
2398,5755200,1846,1846,-93.7593612536362,71236.24886956884,-62445.43104687898,38662077414,-99.6983834910967,237.07478000881986,42,290.4227442371636,6280.602886856478,-68.5074,-6.74422,16.5509,36.5512,1.94348,-27.1742,-0.153616,-1.75943,-80.795,-6.95713,43.2861,0,0,0,0,0
2399,5759999,1848,1848,-78.35790748847131,72158.32462805187,-66018.36296208003,38720595546,-94.32215016614595,259.7998379862402,42,288.0104119082029,6236.029492657199,-72.5067,9.22271,-1.64782,30.0439,24.564,-30.7656,3.42889,-10.8752,-63.0651,-4.32374,37.5667,0,0,0,0,0
2400,5764800,1850,1850,-76.03173394095688,78012.71712741416,-72231.89256134571,38775932555,-133.04462689349202,281.09844562564626,43,299.48388747757986,6403.430258950239,-85.4925,4.18543,4.91949,35.4451,17.0047,-10.0444,-6.45921,-0.205127,-43.1803,-42.3762,50.1714,0,0,0,0,0
2401,5769603,1851,1851,-125.06226894567271,78281.4623855862,-62640.891271746426,38829803986,-101.54136231055969,301.2236425179569,43,326.25876844586014,6366.223049385098,-102.599,5.21727,19.7092,10.9261,14.692,-18.7328,1.01608,-5.14208,-47.6435,-51.5429,49.0376,0,0,0,0,0
2402,5774408,1853,1853,-88.82188331740781,79949.687558624,-72060.3606025728,38893332186,-132.3660521827199,335.7227371018918,43,327.8058024829361,6417.257687824222,-91.6927,9.1067,32.4141,-0.370062,30.3784,-34.3325,0.408744,10.6327,-26.9653,-54.9532,36.5512,0,0,0,0,0
2403,5779215,1854,1854,-139.2099300324486,84727.92880733579,-65348.52418769656,38948349610,-185.9708335668193,373.01662440642866,43,328.2099392430881,6380.7370927590055,-107.907,-2.79656,39.3387,-14.0472,26.9853,-33.8566,8.06598,3.50629,-27.2295,-47.873,16.6037,0,0,0,0,0
2404,5784024,1856,1856,-177.40358116666778,91263.49033462358,-59791.4597238651,39010383959,-139.5084686449016,336.7054149717496,43,250.84996583613827,6451.599573266487,-108.108,-12.8422,15.9605,-0.430134,18.6674,-20.7139,1.90885,-3.19343,-32.6848,-36.1543,0.186481,0,0,0,0,0
2405,5788835,1857,1857,-187.65554529489333,95465.66758152173,-60251.06390159797,39071369579,-155.7569066462887,335.26035183476813,43,259.99866865282553,6612.94964963098,-108.43,-12.8188,27.8726,-25.9649,-0.819972,-2.90946,8.29894,-6.51462,-31.3332,-33.1974,-1.83889,0,0,0,0,0
2406,5793648,1859,1859,-173.7308946764183,91594.60456510595,-61412.180800037204,39134313829,-124.24219033857275,343.1030327593985,43,301.8722689100555,6614.710446793095,-101.738,-6.79952,28.631,-26.3546,-33.3023,26.5739,8.86577,-14.7254,-29.9895,-20.7038,-4.18803,0,0,0,0,0
2407,5798463,1860,1860,-128.28600639603894,84620.77169064133,-68163.47225359679,39197174048,-94.69835300677221,312.52116682765063,43,315.29734008607795,6411.376817363039,-95.1678,-8.71117,44.5348,-26.8148,-29.2177,33.4579,0.424696,-10.7653,-27.581,-23.5339,15.0882,0,0,0,0,0
2408,5803280,1862,1862,-215.45162982494543,86229.36840685262,-39809.9636126273,39249026194,-138.99101338427278,324.51704026594683,43,353.20025541599676,6372.234897656985,-120.584,-3.7652,31.4258,-34.2907,-41.8744,28.2585,2.98754,-16.1898,-44.5697,-23.0524,6.2025,0,0,0,0,0
2409,5808099,1863,1863,-118.10302309287232,70580.21152798596,-56631.88746431042,39320980864,-48.380078746604454,299.9710770993146,43,310.41708730617364,6269.787792752804,-91.1207,-5.61197,24.2464,-7.61148,-36.2849,32.7272,17.6461,-12.6903,-29.7787,-31.1619,21.5373,0,0,0,0,0
2410,5812920,1865,1865,-107.04193211208553,66936.57429103836,-55478.59906075003,39378300604,-101.76207335995957,305.62895695490386,43,291.67770964952274,6139.912959951722,-98.6442,1.3989,24.2006,-5.01375,-43.371,33.0376,14.0281,-17.6284,-16.1608,-18.5416,19.6527,0,0,0,0,0
2411,5817743,1867,1867,-156.25301784760518,73807.6836525487,-49392.67806606468,39437422296,-70.15967231271094,325.3573844807117,43,268.1681596170499,6275.342552237382,-107.289,-2.52114,14.2304,-3.49073,-42.869,25.498,16.2292,-17.2847,-19.9547,-5.94675,-12.8549,0,0,0,0,0
2412,5822568,1868,1868,-172.91101285347986,71948.98108920609,-42050.762723189815,39500198260,-48.99150096461483,331.1174157791655,43,214.91139375960256,6220.742987632271,-103.92,2.55462,0.0280673,-7.67628,-39.2867,13.8786,2.42707,2.11178,-18.3453,-14.3342,-10.3491,0,0,0,0,0
2413,5827395,1870,1870,-247.8030811135261,76358.20522942432,-14951.838220067519,39556938025,-56.72285145306677,353.84026717159537,43,274.062616558683,6487.0167908191215,-116.672,-3.30055,-11.8822,-0.0880644,-24.6264,3.59529,9.53448,-10.6985,-32.6135,-28.2711,-32.781,0,0,0,0,0
2414,5832224,1871,1871,-148.2496429166581,64305.856736312315,-42327.90011139568,39622958460,-103.80589287531546,316.13572964163,43,214.16788646769373,6095.9278031972135,-101.41,-5.29804,9.97971,0.646881,-4.88841,12.0626,10.2699,-17.5352,-27.4466,-12.2177,-12.4127,0,0,0,0,0
2415,5837055,1873,1873,-179.0329897505561,68372.34730189008,-36319.53588286735,39678973294,-54.36716740604538,322.1181484442134,43,266.9485244726801,6219.582112022083,-116.27,-12.0883,16.206,-6.76908,-13.9788,9.28208,9.84074,-16.7539,-29.9904,-27.1407,8.62893,0,0,0,0,0
2416,5841888,1874,1874,-232.5956644847945,72181.87545859015,-18081.132321467056,39738088994,-44.792276812384785,334.78673498847877,43,280.6806782802639,6246.326192870203,-125.116,-22.021,13.0563,-8.9695,-20.5734,10.9862,-15.6018,-7.70133,-21.9178,-17.1812,-17.5565,0,0,0,0,0
2417,5846723,1876,1876,-232.93258111783138,68305.76374520735,-14048.176398992262,39800957123,-36.56504219360596,333.33847006562456,43,256.6250664207891,6229.9442432985215,-121.083,-17.8845,8.19866,0.604168,-4.83929,-9.46683,3.04341,-13.1051,-33.4179,-31.4699,-13.5128,0,0,0,0,0
2418,5851560,1877,1877,-172.0730103255524,68067.01890185219,-38457.89801935453,39864936061,5.93375278047273,304.09702902394673,43,219.06744811745426,6200.038337393832,-110.036,0.247745,3.25714,18.4769,-5.1046,-0.173643,1.51542,-11.1608,-44.4766,-12.4021,-12.2165,0,0,0,0,0
2419,5856399,1879,1879,-140.71801394237735,66926.05756154629,-47124.49811365918,39929450510,34.20356621601724,322.18918308906126,43,210.69991050472817,6214.1131760967355,-103.11,0.449046,11.3911,1.12231,9.78713,5.54045,6.70092,-5.57853,-29.498,-11.1293,-26.3928,0,0,0,0,0
2420,5861240,1881,1881,-169.2694348711389,75803.63839559547,-47151.496814000726,39987769539,-4.506147443940449,320.07949251423395,43,234.0656677401999,6400.061566822641,-111.171,4.50808,8.51051,6.90699,-8.48352,11.664,0.808562,-17.6029,-11.2851,-22.4839,-30.6408,0,0,0,0,0
2421,5866083,1882,1882,-221.6632988733964,72437.16444487052,-23302.546377433864,40047020011,-20.53112817540358,302.03796363148405,43,279.50345646092507,6220.248447268339,-120.353,1.77422,-4.44043,19.6948,-19.8444,7.45105,-16.547,-28.8442,-14.1767,-28.4664,-17.9111,0,0,0,0,0
2422,5870928,1884,1884,-162.12237524298433,73157.12994374122,-46873.46538931421,40108510865,-44.11816150708438,307.7344109535557,43,248.200760467703,6166.672217001971,-117.522,4.89811,5.74395,32.3971,-9.03898,-3.00647,-9.90838,-17.056,-16.043,-12.8377,-19.7494,0,0,0,0,0
2423,5875775,1885,1885,-167.80652919767493,75071.01495337744,-46911.983712007306,40166921218,-57.36858306644541,315.1363791248743,43,312.4168674370789,6147.699813291279,-125.811,5.09103,19.0736,27.1817,14.9304,-12.7162,-20.7105,-6.48845,6.02844,-35.6491,-38.7365,0,0,0,0,0
2424,5880624,1887,1887,-252.44665573816303,84486.47125809678,-20757.157264714173,40227238466,-59.60026956160476,339.06516703138806,43,333.41745148156326,6470.025901712286,-134.087,0.279769,8.10154,32.1041,-15.3582,-11.1829,-30.0628,-10.814,-6.63062,-38.7193,-46.0774,0,0,0,0,0
2425,5885475,1888,1888,-151.7548446227757,69249.98983654598,-46220.456970063184,40308202413,-9.753078304404937,323.79858660769054,43,322.320444226466,6319.122643788148,-84.4836,-11.4625,29.4196,45.7993,-21.7232,5.51825,-37.6049,-17.8526,4.54569,-28.4435,-35.4674,0,0,0,0,0
2426,5890328,1890,1890,-149.71055710570118,67558.02686208514,-45144.77595318573,40372223371,-28.423681735519438,305.64126446921233,43,320.1407566111059,6353.254473475201,-79.8669,-10.3469,22.5832,46.8719,-13.8427,-5.11113,-38.0578,-18.079,15.76,-24.7088,-44.9125,0,0,0,0,0
2427,5895183,1891,1891,-118.58455035880695,64759.15709742021,-50696.86151361979,40439116917,41.91803872396474,288.7071427336267,43,263.4130296463708,6209.156513455414,-68.3711,1.97564,-7.03378,62.4872,7.95136,-8.58211,-34.5919,-10.697,-8.85596,-24.6372,-28.2297,0,0,0,0,0
2428,5900040,1893,1893,-158.02428960667078,65011.484092603205,-40039.80798691025,40497968098,29.044550476575523,341.14955323231743,43,280.58968368840635,6202.36617992265,-77.8619,0.156016,-2.88344,53.471,7.65573,-16.048,-35.7765,-18.8229,-6.42392,-22.5814,-38.909,0,0,0,0,0
2429,5904899,1895,1895,-184.6570706482956,77755.27237549194,-43657.03863508232,40557779728,39.619379071137416,340.9328625390181,43,290.7101249978471,6391.415310889067,-87.4735,-4.5946,-3.51108,39.4572,-1.55918,13.5693,-33.2238,-8.97603,-23.9324,-36.9613,-37.4518,0,0,0,0,0
2430,5909760,1896,1896,-149.8487563946137,72849.65038791123,-50395.00059489894,40626425462,48.40809351539042,330.3577346824436,43,291.8905313301466,6309.589808196255,-69.0717,12.6506,-16.2243,42.1309,10.2291,6.01028,-32.6747,-22.7147,-9.10059,-41.144,-29.9398,0,0,0,0,0
2431,5914623,1898,1898,-57.21241028566402,76123.46007311584,-72850.20018242068,40702397049,50.44840902542455,279.6441278179426,43,222.82133818693438,6512.9195587241375,-33.7907,17.9648,-11.7887,26.1131,31.3447,7.3818,-26.2068,-11.0335,-18.2053,-23.2822,-15.7096,0,0,0,0,0
2432,5919488,1899,1899,-3.8318242040843415,76292.2952259097,-76277.61234917869,40767476575,47.61476438775725,271.7583691193824,43,236.69942455885325,6458.7666163797585,-24.4963,34.1368,-9.51253,10.1577,36.0357,28.1521,-26.4867,7.95148,-7.69754,-7.90321,-44.1693,0,0,0,0,0
2433,5924355,1901,1901,26.40591167242843,77693.64414956482,-76996.37197831273,40829545609,88.50979286422074,244.86413605892102,43,231.40613038509872,6560.40007665173,-24.3227,42.5158,-8.09034,11.9,42.8179,20.6777,-17.2153,2.39151,-9.92356,8.60311,-42.9482,0,0,0,0,0
2434,5929224,1902,1902,13.044913747286557,82990.34106776956,-82820.17129309542,40890021686,80.54278544372107,272.6700594990897,43,259.9461846908593,6391.745804089835,-31.1357,47.7527,-21.7492,26.018,39.518,23.2068,-25.2181,-3.93803,-21.9905,-1.66529,-17.7537,0,0,0,0,0
2435,5934095,1904,1904,25.22348480732302,79361.3489710325,-78725.12478520724,40954907751,91.3394318005237,264.17854544140675,43,299.3128867833612,6454.832534539855,-26.0695,46.0585,-38.1914,39.9087,40.5361,34.739,-26.5743,1.02595,-18.3013,-6.0758,-21.8323,0,0,0,0,0
2436,5938968,1905,1905,10.183981049340048,78750.61488060857,-78646.90141059525,41017061890,91.39014564443357,260.14383087822364,43,331.62774295902653,6453.953330427778,-28.9899,47.3601,-38.8618,24.9374,50.5521,37.2613,-35.4864,10.7949,-3.38626,-27.5403,-26.4571,0,0,0,0,0
2437,5943843,1907,1907,9.903316775656208,78825.58727264687,-78727.51158948787,41084120616,104.73192726982865,282.1366726325229,43,310.5430205901961,6392.85733301592,-20.0311,32.7308,-42.3871,39.8178,54.0783,27.1187,-43.4957,6.18504,-19.5816,-24.8244,0.29253,0,0,0,0,0
2438,5948720,1909,1909,31.33937227920285,83748.3411459042,-82766.18489104972,41150915041,140.65989972358432,290.2570240241181,43,299.125959531175,6584.739072099073,-11.0589,26.9593,-44.8504,38.8439,72.252,14.3886,-36.1241,11.3261,-19.9689,-21.891,1.46273,0,0,0,0,0
2439,5953599,1910,1910,15.005794362491258,79599.75037614435,-79374.57651169498,41204510256,116.49599427202185,333.1752158934119,43,388.01408039845586,6501.780778396831,-35.2075,19.3947,-52.3107,63.9483,85.1849,-11.1744,-42.4041,12.8989,-22.6888,-22.7187,20.0831,0,0,0,0,0
2440,5958480,1912,1912,4.241485900744351,81653.64493177543,-81635.65472912922,41270590966,132.40412400840876,314.759170249425,43,428.4767133298177,6554.798875947477,-27.3427,35.688,-71.8588,69.9628,80.9454,-16.4017,-53.5015,22.7563,-18.3706,-24.6423,7.0067,0,0,0,0,0
2441,5963363,1913,1913,-26.842470975670608,88200.64438937533,-87480.12614129561,41329257612,149.88546093515936,371.29257662127804,43,459.9130471234654,6531.347252274436,-40.5987,42.0502,-94.2583,73.9816,85.7821,-12.7207,-36.1322,14.7214,-22.8742,-34.9199,-1.87377,0,0,0,0,0
2442,5968248,1915,1915,-56.75602725328832,83995.72971948356,-80774.48308990755,41392938149,116.96390294564043,321.46336107087285,43,453.9926927825691,6519.360551661686,-39.8412,39.4083,-95.8147,75.22,74.7919,-3.28267,-37.4099,9.1982,-25.9475,-42.8555,-10.2228,0,0,0,0,0
2443,5973135,1916,1916,-100.6063221937057,96638.6871469024,-86517.05508155869,41443887403,92.37807552642147,358.0826528221434,43,458.61800921959826,6795.799105278722,-72.2045,41.8353,-98.0064,72.0805,61.551,-2.68589,-33.1499,3.53896,-21.854,-42.6007,-9.11076,0,0,0,0,0
2444,5978024,1918,1918,-24.290863322938606,91370.2851837541,-90780.23914278041,41510509943,88.17403130989464,386.1830914758393,43,521.8785000394723,6493.114294526209,-61.5544,48.1203,-106.573,89.3876,82.4634,-13.0892,-19.9767,28.8225,-23.7554,-30.736,-17.3995,0,0,0,0,0
2445,5982915,1920,1920,2.4768785877649293,97002.98737741626,-96996.85244987773,41573873976,78.36547008409678,410.6566368075958,43,499.2520598341726,6717.555892731509,-60.0251,49.6121,-91.8498,71.3113,80.4564,10.5071,-32.3496,38.9776,-12.1532,-32.6885,-19.3215,0,0,0,0,0
2446,5987808,1921,1921,45.85119772658487,100120.9985742689,-98018.66624130652,41643664000,121.4883094764993,348.20518832218676,43,566.9702776732709,6805.937427737281,-43.4824,51.9618,-102.28,94.5353,71.3694,21.1846,-40.8074,64.7726,-17.0438,-56.9454,2.58708,0,0,0,0,0
2447,5992703,1923,1923,8.687495071156832,95244.03888849483,-95168.56631788347,41705597953,98.32108678575969,356.83037706998675,43,516.9882265554046,6632.03099587968,-51.0604,29.3805,-85.4929,85.6114,96.5315,-13.4607,-33.1809,51.3145,-16.1427,-40.1089,-14.7039,0,0,0,0,0
2448,5997600,1924,1924,-79.89690561392314,100692.55681308435,-94309.0412864042,41757380151,34.573121029262325,427.6337476377756,43,584.2774204826037,6681.619270340851,-82.625,20.795,-86.8636,92.6709,102.268,-36.5384,-34.5579,36.4566,-20.6817,-51.5278,-19.2927,0,0,0,0,0
2449,6002499,1926,1926,-48.30141703052561,101615.65262594714,-99282.62573879039,41825654098,43.117965773354115,379.94754776693975,43,536.1813411510731,6727.219611894288,-71.3103,17.2784,-81.2322,95.9647,96.3368,-33.1196,-45.9295,34.0227,0.337355,-43.6674,-16.9824,0,0,0,0,0
2450,6007400,1927,1927,10.25843014970269,101220.49386243026,-101115.25847329393,41888367929,52.27332612121705,349.2141958497835,43,559.7189162599016,6778.869901316555,-71.9822,24.6198,-89.3942,113.098,98.2445,-19.351,-43.214,42.6934,6.33325,-33.8468,-16.9419,0,0,0,0,0
2451,6012303,1929,1929,15.456263589905973,91331.17861922571,-91092.28253506507,41958142513,21.440011232018207,323.86034159079367,43,511.13863084262863,6791.478060009826,-56.7749,24.168,-77.6265,107.233,66.2302,9.07001,-54.5052,52.455,4.14133,-23.6355,-35.2992,0,0,0,0,0
2452,6017208,1931,1931,23.2728547430184,85593.6613880126,-85052.03562012296,42021120345,84.31878773191187,320.48933033699353,43,517.5580316861601,6667.593792606092,-55.5542,24.5742,-50.9447,99.5845,68.2895,9.83175,-63.1508,38.1144,30.0212,-47.1918,-30.3012,0,0,0,0,0
2453,6022115,1932,1932,32.099760785271314,89115.21700409838,-88084.82236162674,42083341784,80.90941010232325,353.9263823405123,43,547.0508995015103,6664.792351841448,-58.4541,41.0492,-72.0447,112.708,57.2632,18.4148,-70.3436,39.181,20.9587,-33.4226,-23.2106,0,0,0,0,0
2454,6027024,1934,1934,0.5120539213920097,77222.28703092875,-77222.02483171034,42154764148,132.59868603890243,396.17241315202307,43,513.7077404053555,6645.34762618366,-42.3407,29.5201,-77.3712,102.056,45.2442,21.8309,-69.0805,41.4126,17.0462,-17.7062,-50.0992,0,0,0,0,0
2455,6031935,1935,1935,37.85546500263513,76220.70553868663,-74787.6693081209,42223596232,136.26741678447485,349.5167446076708,43,505.20266067489115,6594.382734069876,-31.348,23.0599,-67.3349,110.177,51.383,-0.403651,-70.5487,61.8885,25.0208,-18.5544,-45.4838,0,0,0,0,0
2456,6036848,1937,1937,-81.83017711815648,78650.5004121387,-71954.32252494984,42272869811,84.74576434539932,339.7814655036703,44,509.960014072277,6524.198825590294,-70.3419,38.4578,-77.6737,86.5116,28.3514,5.4273,-69.478,46.3587,8.95812,-24.4877,-53.9138,0,0,0,0,0
2457,6041763,1938,1938,-59.232879542255205,71667.01949624343,-68158.48547737612,42338971407,-9.781289534814562,337.70196633803465,44,473.26017858616774,6478.165460915787,-62.4564,38.0623,-61.7204,85.7749,28.1567,-3.73925,-66.3118,55.0197,-7.95474,-23.2055,-40.8583,0,0,0,0,0
2458,6046680,1940,1940,-57.914061598226056,70770.66100849787,-67416.62247769475,42405461130,2.648905274100059,347.01517725914476,44,473.26715958510846,6514.773824512495,-56.5576,27.5249,-40.8516,78.1071,39.5317,-23.6605,-63.2378,39.0751,23.4378,-29.4364,-51.8467,0,0,0,0,0
2459,6051599,1942,1942,-75.90465289150842,70041.19983332617,-64279.68350274579,42469639903,-12.305280705915493,335.79339458539016,44,453.8526175244817,6519.0852008504535,-56.7795,24.0563,-48.8343,87.3648,17.3321,-10.8261,-54.5267,44.1088,16.112,-31.6198,-62.2922,0,0,0,0,0
2460,6056520,1943,1943,-23.493656360617535,84044.40447842792,-83492.45258923715,42534539103,11.05950421614773,380.3289445135225,44,519.4684514896444,6656.75914325777,-52.988,34.5836,-65.9769,114.686,20.2956,-13.9956,-55.912,51.3955,27.0264,-24.6907,-57.9178,0,0,0,0,0
2461,6061443,1945,1945,-89.51060526808214,73804.02725295884,-65791.87879750042,42600679416,1.9709256555684647,285.1915814602867,44,491.287828397612,6589.511350060286,-53.3171,27.1798,-81.0443,109.932,17.4158,-21.5051,-55.1209,38.8224,7.53817,-25.1936,-54.2183,0,0,0,0,0
2462,6066368,1946,1946,-61.37559522774984,86033.08612620289,-82266.1224366423,42661410933,-62.229445178797334,340.1759538371295,44,539.1806043703497,6805.567089863849,-65.6328,18.634,-83.0498,117.401,47.5341,-19.674,-49.7673,52.1968,3.13691,-18.4866,-63.6676,0,0,0,0,0
2463,6071295,1948,1948,-66.77911945919095,86105.39879432302,-81645.94799857812,42728503350,-19.55050092575476,311.92328833268556,44,510.6186307211292,6667.873080678665,-60.0692,24.2949,-87.9827,113.645,41.8218,-24.2561,-46.9719,42.1576,-4.30418,-4.16707,-60.9476,0,0,0,0,0
2464,6076224,1950,1950,13.280904685903124,85028.58316692678,-84852.20073765074,42796014763,-9.583926511508764,299.90430443443887,44,544.4685453902327,6651.592766577802,-48.4922,32.8139,-77.0711,119.102,47.4459,-24.2667,-49.0862,60.0941,19.4184,-6.77632,-59.9013,0,0,0,0,0
2465,6081155,1951,1951,5.320667881907582,78055.21599930504,-78026.90649259549,42864391360,35.37305337974925,278.7172213392134,44,499.978356438827,6664.976081761889,-43.0359,26.4017,-73.9432,103.488,41.8012,-18.7756,-42.7452,69.9463,11.0125,-6.15181,-62.6771,0,0,0,0,0
2466,6086088,1953,1953,-108.58009682712503,80826.49764031052,-69036.86021332268,42917497171,27.103755530229876,298.0851542366026,44,498.2043074442344,6625.086022296725,-75.5662,15.9854,-73.9685,95.9421,20.8328,-11.2034,-34.7691,52.4191,9.63281,-30.1182,-77.7668,0,0,0,0,0
2467,6091023,1954,1954,-75.7003844504593,78001.19167168172,-72270.64346573438,42988839090,14.570168503307286,302.28574859124956,44,453.8018709892426,6557.743310316562,-59.2171,10.6379,-62.7759,94.2464,32.0249,-16.5454,-61.431,45.6534,6.48816,-1.39597,-63.3859,0,0,0,0,0
2468,6095960,1956,1956,-50.195502464218066,76831.97438867198,-74312.38592103666,43049931796,41.57958550501991,332.2623405178677,44,435.4470325653857,6592.9554846761985,-66.8546,22.1485,-52.7421,79.843,15.0519,7.2023,-56.3633,61.8401,-8.20663,6.53987,-58.6545,0,0,0,0,0
2469,6100899,1957,1957,-37.89126925945635,84162.22829120299,-82726.48000511037,43125209870,86.41033748253426,299.770359323521,44,443.9902619973639,6639.689949599975,-45.6128,8.86572,-68.6323,97.2112,17.073,-1.81472,-64.1164,71.2708,-6.59565,8.62875,-54.1689,0,0,0,0,0
2470,6105840,1959,1959,-15.328833090238106,84170.05909027356,-83935.08596636518,43195727987,105.97537219601367,281.5514597414129,44,464.3979172340658,6564.026261247922,-32.3575,6.44106,-67.5355,88.6504,20.417,14.4164,-48.4054,82.9301,11.6797,-15.5329,-76.032,0,0,0,0,0
2471,6110783,1961,1961,59.33943864633818,79560.14468605428,-76038.97570719174,43260810505,140.27964738801103,289.3938974664547,44,431.43103618594034,6601.92326615479,-32.2229,0.0852415,-49.2173,93.0933,29.6042,25.0715,-36.89,74.7655,22.7654,-15.2549,-52.4606,0,0,0,0,0
2472,6115728,1962,1962,55.52002572152935,73923.3950574548,-70840.92180133553,43327256709,91.11178355139793,301.41783341735015,44,400.0715842058861,6446.7405560132975,-28.0749,3.72526,-38.2033,83.6718,20.6169,21.8907,-39.6537,68.819,29.072,-12.8541,-53.4897,0,0,0,0,0
2473,6120675,1964,1964,110.58117661116734,69855.60888358779,-57627.41226287761,43391068030,32.74601961146743,274.05099681005765,44,394.8815420520396,6542.99502161017,-30.0475,5.43411,-31.8984,81.1028,21.6305,29.7885,-33.132,63.902,50.8735,-11.7101,-35.3623,0,0,0,0,0
2474,6125624,1965,1965,47.63783605949402,66603.78325653779,-64334.41983210656,43451451295,-32.27145175580807,309.78270293009615,44,384.1262002433282,6493.454779947293,-43.0067,6.00114,-15.7473,62.6813,-4.02934,45.5266,-51.4308,63.1427,38.5302,-20.7769,-33.2531,0,0,0,0,0
2475,6130575,1967,1967,45.23403930460364,68192.98801302444,-66146.86970121402,43530322866,4.197032199924195,293.850380991038,44,316.78999334702365,6543.6295846912535,-12.0865,-15.2253,-0.37936,56.1059,30.9811,13.1729,-42.7469,64.6072,16.1449,-35.3463,-29.9935,0,0,0,0,0
2476,6135528,1969,1969,37.5083407370596,61557.19651282436,-60150.320887976995,43591289826,16.534656663017927,286.6529880841248,44,311.93492039526086,6575.446093035916,-23.153,-8.59365,3.76019,39.7475,38.148,14.069,-44.133,61.3569,17.6401,-24.1934,-37.1403,0,0,0,0,0
2477,6140483,1970,1970,47.27295170759652,61822.64451903813,-59587.91255588937,43654634311,23.219128168860948,263.0749892470702,44,316.4258756865095,6498.362789640577,-26.34,-10.8931,19.0445,46.2411,26.3137,13.5398,-41.0795,50.7868,25.9234,-16.1504,-40.1134,0,0,0,0,0
2478,6145440,1972,1972,-12.645948452821358,66230.67286948793,-66070.75285721652,43713304850,37.42477198300355,270.20241602213343,44,271.681272282533,6640.055019819709,-46.5137,0.80324,-5.6085,52.8008,21.4795,0.44068,-30.6479,45.2513,8.74217,-21.868,-37.5255,0,0,0,0,0
2479,6150399,1973,1973,32.487745940683396,60035.22522559898,-58979.77158929259,43779128941,54.356591133660174,259.9235428793299,44,324.01105297393593,6288.548181139186,-44.8079,6.56841,6.7406,58.4413,27.8911,-1.90756,-27.8651,57.2963,21.3116,-22.825,-48.3561,0,0,0,0,0
2480,6155360,1975,1975,3.442028004264614,61076.612830256636,-61064.76527347449,43843331034,-0.40587239239209794,281.63656640621355,44,328.1270128486453,6458.015072576485,-48.0887,8.19181,1.07527,60.0683,18.8829,-1.10751,-47.0804,62.8498,14.7164,-19.204,-46.8619,0,0,0,0,0
2481,6160323,1976,1976,-32.489716830239956,64545.46009493041,-63489.87839522123,43909062651,8.4103500561244,280.04465961067143,44,294.6312030611827,6482.59800756709,-50.4901,11.0216,-8.58712,61.6212,0.125797,1.61348,-62.6609,49.7977,6.13206,0.758856,-41.8223,0,0,0,0,0
2482,6165288,1978,1978,-34.781061503899195,66701.98324863975,-65492.26100930173,43975441266,22.980503732901866,313.51799856037235,44,296.90766401374356,6523.432996567864,-48.8781,8.70967,8.73925,47.3199,2.36422,4.17185,-57.7907,53.4494,6.30906,-19.0653,-40.1102,0,0,0,0,0
2483,6170255,1980,1980,17.753532677544797,64384.922287906404,-64069.734365373755,44046074804,70.17135015048456,279.5833926407485,44,326.3769085447005,6377.674550603986,-35.3867,17.4665,7.35646,53.9453,5.60166,-2.10554,-37.1847,54.6856,33.0097,-43.0274,-36.6073,0,0,0,0,0
2484,6175224,1981,1981,56.35272764766415,69806.68503416883,-66631.05512083702,44110253851,63.92880124505302,320.07982088330743,44,313.1272705341118,6487.3710014914395,-41.8819,-5.78079,32.527,56.7093,20.8356,-5.37984,-38.1317,59.249,15.4191,-7.41321,-29.7998,0,0,0,0,0
2485,6180195,1983,1983,67.02800013625773,73887.7635510263,-69395.01074876013,44170043387,51.89099581919476,310.86903726040003,44,345.8589901888484,6523.204420800588,-57.4977,-15.9593,43.1327,69.1706,20.0632,13.5848,-24.4433,58.713,1.77908,-13.1336,-28.3817,0,0,0,0,0
2486,6185168,1984,1984,15.532673627051054,77064.04360647497,-76822.77965647048,44225793133,28.020539714817744,332.5682497414635,44,366.0513911006508,6527.099877574755,-82.1001,-3.27957,34.5115,80.0821,9.37212,0.311932,-10.7551,48.7462,17.7681,-27.1997,-51.925,0,0,0,0,0
2487,6190143,1986,1986,9.95763902978183,70283.4958390431,-70184.34126399567,44297848849,-7.238792323004986,274.7618385988027,44,311.22106337291166,6558.464960493848,-70.8229,-1.39347,27.1089,56.5402,6.84644,8.77556,-20.1564,41.0785,20.2397,-6.47612,-51.7828,0,0,0,0,0
2488,6195120,1988,1988,-90.51501266474378,66997.62539109644,-58804.657873397715,44360603222,-20.628122313091012,299.73123023004393,44,324.3189098133841,6421.337918369936,-84.5325,-8.64909,23.5476,35.2891,3.906,9.91229,-15.3741,44.247,-3.24534,-40.7278,-54.8881,0,0,0,0,0
2489,6200099,1989,1989,-17.861030975970266,66485.40626426322,-66166.38983673866,44439792198,9.763843246654801,236.7546209783294,44,265.56687455170834,6460.044662007178,-52.3625,-9.83593,22.0614,50.1168,13.0431,1.87195,-3.86705,36.7596,-1.46292,-32.2394,-41.9461,0,0,0,0,0
2490,6205080,1991,1991,36.04547598445993,73241.56112191147,-71942.28478296519,44509862768,29.041618179615966,291.79113766593616,44,308.4334913805667,6582.958721074097,-41.1792,4.97307,7.63605,62.7851,37.5119,-18.9144,-5.74107,46.3173,13.016,-34.2956,-36.0636,0,0,0,0,0
2491,6210063,1992,1992,9.453791974431738,79747.19977319762,-79657.82559050179,44575196241,43.221487854206316,270.5311246812123,44,328.58429583903705,6692.025109676985,-46.1164,-15.1492,21.2128,60.6094,32.6494,-8.78148,-3.41026,53.5576,0.989804,-38.0291,-48.0789,0,0,0,0,0
2492,6215048,1994,1994,-49.305607743755786,84651.94353771508,-82220.90058273397,44634428881,9.865267762032204,325.93459832051474,44,347.76293556936605,6750.596079490164,-64.0403,-4.41308,0.776951,81.4184,38.9417,-22.7335,4.18751,23.9042,-5.19865,-40.8325,-61.3163,0,0,0,0,0
2493,6220035,1996,1996,-105.57640365368383,92050.77608855125,-80904.39908010568,44690058279,10.209544362434315,350.7365228914825,44,408.3825161548793,6880.277872892955,-93.0846,-16.4707,24.4135,61.0787,19.1522,-3.19409,-19.9548,46.7587,-7.60341,-46.6769,-69.995,0,0,0,0,0
2494,6225024,1997,1997,-95.26460720998239,92488.46347781387,-83413.11809094164,44763017208,-39.37735928849179,380.4816829951701,44,399.70185271989703,6814.928996172411,-78.1155,2.32999,3.96936,73.037,-6.55478,13.5135,-23.0895,43.8013,15.5675,-67.5124,-72.2109,0,0,0,0,0
2495,6230015,1999,1999,-78.97727673195033,97146.46278919847,-90909.0525492034,44830211304,-20.89804121497798,387.869039598461,44,423.9778055614518,6996.735263957483,-74.267,15.1994,12.8141,71.6926,-16.8539,8.06152,-31.4849,43.6509,21.0817,-74.4399,-54.4319,0,0,0,0,0
2496,6235008,2000,2000,-92.33889212192588,84436.27561766232,-75909.80461935766,44895532833,-26.571107579972875,383.0358873839186,44,438.8529442579981,6788.183948630606,-79.4051,18.0647,14.2855,64.6398,-17.8989,27.0987,-35.6338,45.2841,3.88429,-86.6456,-46.0125,0,0,0,0,0
2497,6240003,2002,2002,-143.86403645733242,98012.1705225567,-77315.30953676003,44958656918,-26.995094219398936,439.2689278262366,44,453.3524561833659,7054.6659706238,-93.6636,15.9988,-9.95256,81.4376,-19.5321,16.888,-49.131,40.4198,-1.05288,-66.693,-58.5831,0,0,0,0,0
2498,6245000,2004,2004,-150.3110575191007,96073.5004966996,-73480.0864841892,45026086363,-10.751487849978446,379.3250919442118,44,489.11931770843637,6984.653119855502,-93.9088,18.7912,-32.2748,89.3051,-9.24696,16.8509,-45.1792,44.4569,-9.68139,-69.8501,-59.5739,0,0,0,0,0
2499,6249999,2005,2005,-164.18211855833925,91481.5720690308,-64525.80401472622,45094281959,-32.088539700798265,401.5385175239237,44,431.0837118466232,6913.577894719376,-92.2745,9.78981,-9.44811,81.1743,-9.72272,18.4686,-41.6822,24.0181,-20.9075,-60.018,-63.5799,0,0,0,0,0
2500,6255000,2007,2007,-160.88942840446566,87476.3583174761,-61590.950145160416,45167478522,-9.986560184648113,402.09327171844353,44,330.7023830581686,6834.78408059905,-77.6268,16.6468,-2.7818,57.0303,-12.2799,4.08658,-21.0015,7.14281,-27.0959,-62.7071,-42.3028,0,0,0,0,0
2501,6260003,2008,2008,-196.7922374340937,80385.70565162686,-41658.52093731016,45233032461,1.8892633948577782,359.45254621409396,44,389.0028239335492,6711.383298332779,-83.0995,9.57255,14.0326,46.8884,-20.17,6.29076,-18.6874,19.321,-39.2975,-69.3572,-62.2859,0,0,0,0,0
2502,6265008,2010,2010,-155.90079431382208,82051.86325299228,-57746.805585311624,45306515584,39.570872665245474,307.120981820119,44,357.74032183143834,6704.144959216257,-68.559,14.4941,-5.23639,56.8912,-19.6511,7.99429,-28.1944,21.5402,-25.5164,-75.503,-34.1604,0,0,0,0,0
2503,6270015,2012,2012,-127.62773535732128,86684.01440994084,-70395.17557750239,45372025168,43.66439093418313,355.46266711839445,44,338.75798831584314,6877.782238063619,-72.1388,12.4844,12.7121,45.6702,-15.2128,3.70012,-24.2424,30.9982,-25.9379,-81.694,-13.9668,0,0,0,0,0
2504,6275024,2013,2013,-68.27396242414886,72820.88669555774,-68159.55275046366,45443461771,41.69319841187348,289.04094954428615,44,322.3401188391175,6487.077465365321,-63.7053,0.333148,22.4326,48.7401,2.21146,9.4734,-6.39033,43.8424,-5.5087,-96.9169,-22.7858,0,0,0,0,0
2505,6280035,2015,2015,-161.7782173761135,69672.39452589506,-43500.20290850202,45510164219,-29.36141395231897,287.2386978036338,44,343.4348899764119,6629.583893116655,-72.3922,-6.61199,9.29676,34.6593,-10.6831,-5.40868,1.38134,45.4909,-12.7568,-105.774,-38.9801,0,0,0,0,0
2506,6285048,2017,2017,-63.63561208008866,69616.23630042003,-65566.74517561251,45589138037,-25.188810617156662,241.90503902626455,44,298.63998508591555,6609.14163940103,-41.0658,10.3013,22.1532,30.7237,-8.17001,6.12436,-0.120446,48.1997,-2.97848,-96.5147,-32.2883,0,0,0,0,0
2507,6290063,2018,2018,-28.643417258552404,73187.42775399424,-72366.9824017467,45658512638,-50.56618438530825,229.09516171849566,44,298.23278601882805,6765.214572584193,-37.8598,20.2833,6.15408,34.5649,-7.74645,9.31821,4.55089,52.8344,7.08888,-87.0014,-30.8305,0,0,0,0,0
2508,6295080,2020,2020,-52.073912230066924,73260.38963217386,-70548.69729722914,45728662849,-91.19225879913012,239.61730185944197,44,308.57261992846355,6715.221724547932,-34.6405,15.2611,-7.00273,46.6181,-12.326,7.01353,-7.50585,47.6757,11.6809,-83.0722,-35.776,0,0,0,0,0
2509,6300099,2021,2021,-16.058491291668645,75216.72722657314,-74958.85208400854,45803322389,-72.3903465131425,271.24760669242255,44,291.4722416007092,6751.632442251532,-17.5415,15.3077,2.91553,52.6744,-28.9095,18.6164,-2.47594,45.8103,2.38262,-79.1051,-25.7333,0,0,0,0,0
2510,6305120,2023,2023,-29.1799503313988,67969.00792984231,-67117.5384284994,45876859607,-6.558301877572376,211.32995876438122,44,274.8707951943544,6518.122108149477,-7.42921,8.2127,1.89378,53.6492,-33.6541,15.8127,1.10414,42.173,-19.0334,-63.7213,-28.1873,0,0,0,0,0
2511,6310143,2025,2025,-40.36266443657115,75795.31554125171,-74166.17086083247,45936624033,-37.027638028224374,236.54023790199926,45,291.0467244409936,6588.622867051844,-27.4373,12.3238,1.94789,54.6255,-28.8224,28.3411,-9.03468,28.1038,-24.7597,-60.1209,-15.5298,0,0,0,0,0
2512,6315168,2026,2026,-102.6051202376791,83839.45294198637,-73311.64224299778,45995187588,-68.83215205100953,249.61224532180643,45,298.6840564974689,6825.72213068305,-52.4321,-4.70665,16.7706,58.8153,-12.7418,12.6096,-18.7271,9.844,-25.178,-65.05,-21.8089,0,0,0,0,0
2513,6320195,2028,2028,-20.97238029027028,90083.53504051178,-89643.69430547206,46076378713,-76.05484420810444,265.14373728104624,45,296.6964448206912,6786.090079059315,-22.5472,-0.668401,-3.04348,75.7819,-8.1691,25.2979,-18.516,36.7823,-11.9929,-54.4557,-39.4415,0,0,0,0,0
2514,6325224,2029,2029,34.77517259329096,86579.82190278383,-85370.50927389065,46153320069,-16.79753402087306,223.3102224676744,45,265.4770946631755,6856.435969596871,0.350983,-0.6343,14.8439,80.9698,-11.7579,20.2407,-10.937,33.7208,-6.39331,-49.714,-35.9144,0,0,0,0,0
2515,6330255,2031,2031,33.60193074418402,87519.70030449027,-86390.61055475332,46222180066,76.95523593420626,227.0477264611602,45,279.58382370105556,6863.177894246575,-1.87117,-8.53152,16.0927,67.8543,-5.26778,16.007,-13.3659,56.6389,-8.21919,-55.7631,-29.9722,0,0,0,0,0
2516,6335288,2033,2033,-2.632386461119779,88333.63451198858,-88326.70505350789,46280457210,-0.5404184283001996,264.5933725121579,45,336.0614688759354,6941.3267783923575,-30.08,-8.57023,-2.95927,61.1828,16.5395,19.6948,-14.2419,69.2974,-30.2323,-57.7315,-25.5318,0,0,0,0,0
2517,6340323,2034,2034,-28.631887870305036,79838.78057388826,-79018.99557087054,46352080163,-14.495774155603499,200.86190641749033,45,338.3356562974923,6868.017860219216,-21.4092,0.597063,5.13402,42.2093,-18.3042,31.8794,-12.485,75.0321,-17.7279,-83.9176,-29.6399,0,0,0,0,0
2518,6345360,2036,2036,-49.25681677195615,81087.1103882311,-78660.87638972505,46418777780,-37.82897280565453,252.4360999926705,45,327.1555458559557,6836.508649878765,-29.7251,-9.37712,4.28902,39.2291,-16.6581,28.5627,-6.732,66.8686,-9.17798,-85.9513,-30.5846,0,0,0,0,0
2519,6350399,2037,2037,-78.62533184214942,83877.8757872454,-77695.93297995729,46484255865,-46.65966880266558,316.93541241396167,45,387.80663032967266,6919.2518346217585,-39.1613,-24.2826,19.4461,29.6328,-11.1749,28.3311,-27.8804,77.1806,-19.5985,-79.3583,-31.7599,0,0,0,0,0
2520,6355440,2039,2039,-118.42186579726325,82632.18002313926,-68608.44172423423,46553851744,-59.50151681969692,286.02396886679094,45,291.04238745390825,6804.056502888428,-38.5842,-24.1923,15.5897,18.6406,-2.70157,12.3453,-20.2165,39.7346,-6.6767,-69.9517,-42.4092,0,0,0,0,0
2521,6360483,2041,2041,-76.64675423320432,89262.97464287255,-83388.24970838733,46631187670,-54.167563811787204,267.70509457744333,45,279.15253222498177,6958.409071995829,-18.1274,-5.0333,-17.2646,38.729,-7.2319,20.3554,-18.4659,41.3839,0.784561,-83.5637,-28.2128,0,0,0,0,0
2522,6365528,2042,2042,-72.47137696493064,87017.5985272222,-81765.49804802913,46693184751,-6.533123607990774,282.1820269160089,45,301.0211402350669,6831.406526495966,-36.6573,-11.0157,-14.0573,32.1904,11.2473,25.2052,-23.3502,45.6319,-3.52142,-63.4289,-34.7154,0,0,0,0,0
2523,6370575,2044,2044,-161.73883290226013,89112.57183323565,-62953.12176465042,46757692675,-16.35199345301396,321.4405067424485,45,320.09317618748764,6818.560177938001,-50.3075,-21.7923,-4.70469,20.1971,7.79689,17.0437,-28.4206,34.1394,-13.172,-78.2161,-44.3028,0,0,0,0,0
2524,6375624,2046,2046,-150.97558473924863,83799.4807839859,-61005.85359662786,46820890043,-48.20253801574438,326.3972832269552,45,345.8232036832748,6874.126115568302,-61.9444,-12.7102,13.3472,19.5724,-16.7375,46.1369,-28.0258,18.3673,-6.17241,-83.7425,-39.0666,0,0,0,0,0
2525,6380675,2047,2047,-222.65241002348546,93079.07348487458,-43504.97779560829,46881050369,-66.637648344014,354.9893924148719,45,363.1633127086669,6893.50472694324,-86.7016,-18.5595,5.76042,19.7207,-25.1128,31.0647,-24.3642,13.7097,-13.4106,-91.3441,-33.4151,0,0,0,0,0
2526,6385728,2049,2049,-221.17477640828292,82085.39759388965,-33167.1158746357,46949012947,-89.6639361154239,322.0293153326961,45,319.3630866754256,6780.6197750951715,-88.4455,-18.4129,12.8752,12.9375,-5.65053,20.0702,-36.2571,3.21116,-22.6202,-87.7451,-8.40284,-2.7348,0,0,0,0
2527,6390783,2050,2050,-302.6966520661286,89448.85388443085,2176.409287612056,47013295516,-82.21561124753146,335.34909648744167,45,398.78705420979173,6885.069735982219,-101.31,-28.1977,27.353,-6.84063,-4.8591,18.4158,-36.6778,-2.8465,-40.0426,-101.743,-28.2249,2.27643,0,0,0,0
2528,6395840,2052,2052,-298.6108442304531,86974.98319475848,2193.4530972654466,47080776737,-120.62651184244658,369.3270830933137,45,403.11467544626356,6950.837787227622,-105.161,-20.1239,13.5996,9.51818,6.51157,13.832,-47.6671,-10.7805,-12.5348,-118.17,-36.4263,8.7906,0,0,0,0
2529,6400899,2054,2054,-394.59348012285045,101532.28437485013,54171.73018061224,47145810738,-136.38004705439096,441.4602359790466,45,489.84674043078223,7169.842749004696,-118.132,-32.8443,26.9219,9.72784,-0.950776,3.92022,-60.8285,-28.571,-50.0842,-105.645,-45.1649,7.05662,0,0,0,0
2530,6405960,2055,2055,-385.32733985943486,88925.87761489188,59551.28122825653,47213911660,-175.42324880061744,412.86642953431976,45,514.1535068007756,6938.270551284003,-118.09,-17.706,56.3042,-16.8407,2.66742,-0.491843,-66.1633,-29.3551,-46.0019,-104.071,-51.0214,5.44143,0,0,0,0
2531,6411023,2057,2057,-372.32315322917657,85810.09302990482,52814.43740061208,47288285954,-131.12085618750677,354.50986945719103,45,468.57032002323194,6869.34113602071,-108.168,-19.499,41.7615,-13.635,6.3621,-12.7384,-50.2418,-22.7147,-42.7207,-96.2321,-53.7025,-0.794816,0,0,0,0
2532,6416088,2059,2059,-430.70133278538293,89978.18710785588,95525.4509552493,47347360163,-158.2108571082398,365.42661404501825,45,446.61955019252224,6809.235869926131,-137.232,-7.29627,2.06125,-18.2156,5.89786,-12.6509,-38.3124,-30.0651,-33.245,-100.605,-57.6283,-3.40971,0,0,0,0
2533,6421155,2060,2060,-381.10227559996287,82163.08617550618,63075.85829196387,47418008873,-137.30382600886185,350.6367385833113,45,405.11267556407705,6703.598275231194,-131.417,-1.02489,10.5053,-10.8684,1.49987,-8.57182,-28.9278,-36.4752,-35.5689,-103.466,-30.8931,-5.89412,0,0,0,0
2534,6426224,2062,2062,-399.1890080480594,84016.09446367198,75335.76968272166,47489939601,-102.34960836780692,366.37272629657014,45,407.68456973086853,6770.636798322895,-128.589,-8.89486,1.94171,-6.52897,1.18768,-4.47992,-36.3695,-33.5051,-31.8876,-93.0934,-60.0882,1.11839,0,0,0,0
2535,6431295,2063,2063,-439.622621272216,82075.22607581073,111192.82305844355,47557256693,-86.6596970090634,319.8280290702264,45,439.622621272216,6710.444372143398,-134.881,-5.55902,-1.47854,-7.18633,-16.1198,-13.5599,-32.1584,-40.2921,-32.8327,-84.1484,-71.0406,-0.365519,0,0,0,0
2536,6436368,2065,2065,-542.2872341305979,92552.58173806188,201522.862562952,47622930986,-101.55365802505503,360.50125026202295,45,542.2872341305979,6751.483810213482,-154.16,-27.3645,-13.1264,-33.7059,-10.6035,-6.90735,-35.2491,-43.3647,-41.8576,-86.4234,-89.4208,-0.10402,0,0,0,0
2537,6441443,2067,2067,-501.3908587771227,97675.81125800454,153716.98200725604,47691331267,-79.58690108090286,375.38493784865955,45,518.2765366198662,6838.42373693446,-156.559,-24.1014,8.44284,-43.4488,-9.0858,-18.6625,-24.4935,-44.3461,-36.5235,-84.6775,-62.5969,-5.33881,0,0,0,0
2538,6446520,2068,2068,-516.255225159495,101924.42727883387,164595.03022564703,47763813099,-93.05857571776437,405.05562221761784,45,516.255225159495,6947.478961802408,-151.945,-11.8424,-2.0711,-53.8957,-19.2407,-13.7439,-17.7556,-55.7902,-43.3614,-82.0988,-56.3096,-8.20117,0,0,0,0
2539,6451599,2070,2070,-438.6247727094188,100904.2054173038,91487.48581708549,47833881252,-88.5523231019481,388.1222170389965,45,484.1439399561305,7029.730012555709,-148.45,-12.5149,18.5627,-45.4931,4.19688,-3.67209,-29.2013,-57.3798,-51.1105,-60.4529,-41.2955,-11.814,0,0,0,0
2540,6456680,2072,2072,-451.9432611206015,89340.01756678363,114912.69370554057,47906925706,-126.44957263926392,403.6025701767345,45,514.0710161409319,6901.830257174288,-141.943,-26.3286,22.0365,-38.1017,9.02733,-10.6834,-28.8254,-49.1392,-56.0047,-67.1794,-50.1257,-14.676,0,0,0,0
2541,6461763,2073,2073,-406.4629088627409,86631.7104407252,78580.3858404356,47975453940,-65.58825507914685,370.0851218275368,45,510.6963020872792,6837.992661001045,-145.556,-23.9366,27.6589,-42.6343,24.4578,-26.7746,-21.9083,-38.7259,-48.2493,-64.0428,-30.9663,-15.7858,0,0,0,0
2542,6466848,2075,2075,-480.80916475289695,95066.64015198089,136110.81275839751,48048633217,-72.17104785838853,372.1913950671434,45,523.2230157015626,6869.192778628929,-144.155,-24.6859,-4.80265,-35.0973,21.2069,-38.8703,-25.3492,-42.9112,-56.1829,-73.7636,-40.6745,-15.5231,0,0,0,0
2543,6471935,2077,2077,-526.072065980614,111157.86037959612,165593.95822551532,48115351470,-49.45490947304393,362.9340171645954,45,562.6381627379343,7056.644143769573,-157.875,-36.3666,-11.9744,-37.7074,18.283,-26.2079,-33.2433,-51.1657,-44.9825,-80.5775,-46.6223,-17.6326,0,0,0,0
2544,6477024,2078,2078,-604.6370613035925,112533.81280469385,253052.16309715048,48178141767,-68.32421365749803,415.93814628809616,45,651.7133098478099,7005.983459365427,-177.581,-47.0515,-9.51846,-47.1049,23.5381,-27.7255,-41.5968,-69.5319,-47.9398,-87.2025,-52.1797,-20.7426,0,0,0,0
2545,6482115,2080,2080,-551.8572358062611,109821.43385683876,194724.97485488848,48250186295,-99.80114941097622,442.6780690948531,45,574.7202738252836,7087.406865097855,-170.408,-43.6678,7.22556,-39.6517,4.20596,-5.73817,-35.8664,-66.4169,-62.4562,-83.8112,-42.048,-13.2244,0,0,0,0
2546,6487208,2081,2081,-542.7898069481307,109764.84827763533,184855.92624915368,48325197994,-86.28117249110085,420.29491776425414,45,548.5680143609061,7177.0639055505,-161.221,-40.4253,2.8891,-39.9767,-3.05386,-3.00186,-33.7717,-54.493,-73.8578,-71.1069,-57.4362,-7.33413,0,0,0,0
2547,6492303,2083,2083,-534.4950709358848,107470.80493309272,178214.17592166376,48395543935,-141.02644363629952,392.56421281123994,45,583.6043372970919,7106.629129027843,-161.155,-44.9772,19.6249,-42.6023,4.92976,-1.09785,-43.7657,-72.4856,-65.9971,-65.8155,-58.7115,-2.44216,0,0,0,0
2548,6497400,2085,2085,-508.0683763982341,107313.24929380101,150820.22580213664,48464151641,-134.0813855079757,380.02780257607196,45,579.9402761874114,7008.398175482793,-165.075,-36.6703,21.3481,-34.0145,14.5879,-10.0292,-68.0252,-56.5555,-62.4277,-63.6427,-42.1314,-5.43296,0,0,0,0
2549,6502499,2086,2086,-419.5020729161582,101893.62665656165,74088.36252439208,48539495983,-141.71566626081994,372.71826444021985,45,550.207169380264,6933.635611703847,-153.115,-32.2949,34.0733,-36.3485,-0.920897,31.2792,-65.1102,-60.1133,-44.5313,-55.6029,-26.7742,-10.0432,0,0,0,0
2550,6507600,2088,2088,-465.67690345404736,102182.71924369999,114672.25916685017,48613346027,-135.3032136769251,349.61400744886157,45,489.3955539743318,7104.731817897865,-150.142,-31.9236,11.8593,-33.8412,-3.86757,-1.24085,-58.2902,-50.9984,-41.972,-57.5461,-32.9224,-14.7914,0,0,0,0
2551,6512703,2090,2090,-382.57917710622417,92328.71704189389,54038.10971338174,48688111200,-145.94167601026538,367.6649788503787,45,420.3578059205639,6904.709322349086,-139.29,-18.4837,1.72017,-30.3297,-1.0508,17.1691,-39.4641,-46.3609,-25.9094,-56.6168,-23.8112,-20.1522,0,0,0,0
2552,6517808,2091,2091,-381.20233918545154,113062.03672811878,32253.186672341253,48758455603,-167.68353178062728,333.69779364756585,45,428.98832837804247,7327.204155739521,-142.424,-13.185,-5.57708,-30.5305,-6.48696,23.893,-48.5552,-44.1532,-38.0448,-48.3417,-14.2696,-13.5276,0,0,0,0
2553,6522915,2093,2093,-447.66280920637035,123895.55740264522,76506.43334389392,48822402877,-182.59219638904324,400.8928235516112,45,507.88986186486835,7424.370858889262,-161.678,-24.6808,-0.656622,-27.0304,-25.9222,30.1135,-59.5551,-37.3354,-38.0575,-55.6183,-36.3541,-10.8881,0,0,0,0
2554,6528024,2095,2095,-442.5448483370786,113619.18979154022,82226.75299814767,48891218359,-160.00899426507067,362.445336090758,45,445.1450368282388,7152.657758993644,-165.919,-19.3177,0.0379055,-15.3086,-16.8739,1.26219,-66.1842,-41.3195,-36.3655,-45.354,-33.8153,-3.38764,0,0,0,0
2555,6533135,2096,2096,-427.1780898692681,109451.58256210359,73029.53790225291,48967719383,-93.45954539048716,362.03479128178947,45,457.3149010185274,7187.680074611,-155.28,-20.8861,-12.8342,-4.73781,-15.1531,15.0684,-80.7326,-47.68,-43.1111,-28.7395,-24.587,-8.50557,0,0,0,0
2556,6538248,2098,2098,-433.3716572165695,126020.55884473163,61790.434433904156,49036649719,-164.41014375740508,361.9388281266903,45,499.95724331163456,7361.948980763292,-162.627,-13.4587,-9.15103,-17.8767,-30.6738,33.2928,-74.9175,-49.0508,-34.9461,-37.6857,-32.0234,-4.25361,0,0,0,0
2557,6543363,2099,2099,-440.49655424205463,127359.41690681904,66677.79739230435,49112607983,-159.56875119689664,363.5921202963274,45,491.3570514993449,7347.872728494887,-154.095,-5.9627,-21.1783,-16.3921,-33.6371,25.4302,-90.5529,-48.5549,-20.5802,-31.0727,-39.1569,-4.74409,0,0,0,0
2558,6548480,2101,2101,-441.6826958909409,113281.77541392288,81801.82843556651,49185956712,-116.61527216148,338.9882854802405,45,463.78107429924825,7196.638787858426,-144.55,3.39213,-19.2167,-1.61014,-29.0825,7.65706,-80.3777,-35.4076,-19.1963,-61.9163,-54.1308,-7.24418,0,0,0,0
2559,6553599,2103,2103,-446.539075451143,124534.22473772582,74862.92116703575,49252893432,-103.56440840884875,334.30835636139,45,541.330029239951,7301.4879424220335,-159.124,-11.0475,-25.2522,18.0981,-43.8797,29.2973,-73.4544,-42.8043,-21.1271,-46.4769,-60.0313,-10.737,0,0,0,0
2560,6558720,2104,2104,-485.4906482736973,129844.84229528175,105856.32726593308,49317890718,-135.84875184057478,381.78385761773325,45,578.0800840071191,7318.640870065755,-176.686,-25.6283,10.698,-9.28411,-48.4183,35.5967,-83.6508,-62.8973,-26.8769,-42.2487,-45.1209,-10.9744,0,0,0,0
2561,6563843,2106,2106,-343.69890064318145,115174.63369369556,2954.300609635946,49399539297,-125.46880517047919,405.0491765079772,45,498.1264688468019,7298.198260842222,-149.367,-16.1406,21.6504,-4.35757,-36.5495,55.5634,-87.6504,-35.1711,-24.7863,-24.6429,-41.4156,-0.831723,0,0,0,0
2562,6568968,2108,2108,-403.5922734614199,116414.4828755879,46472.24032216963,49471349507,-151.11254306968772,423.07553831902055,45,590.1497861399787,7106.956498126074,-152.035,-40.657,47.6651,-23.6679,-51.6771,45.6137,-81.0155,-55.3499,-31.9117,-39.489,-17.6175,-3.45029,0,0,0,0
2563,6574095,2109,2109,-393.74153318816855,107827.179796171,47205.215161198634,49543921648,-124.03021753325208,397.6500616056618,45,576.1945630373158,7063.292850929947,-150.824,-34.1049,39.8238,-26.975,-55.8118,41.5855,-59.9343,-50.3351,-41.9492,-45.9719,-19.0622,9.81717,0,0,0,0
2564,6579224,2111,2111,-397.9799326680263,108542.04985096926,49845.9769554775,49614226357,-167.30604997635965,398.3456360527721,45,567.0748390058616,7240.1610727159605,-154.599,-29.6939,51.7554,-35.9902,-40.8667,25.723,-72.031,-52.8476,-39.6778,-44.4743,-12.3472,7.06904,0,0,0,0
2565,6584355,2113,2113,-373.5749593555721,95502.85136869946,44055.3988888179,49693198629,-158.4802978831533,359.9373314238437,45,551.1542065171993,7053.684166823166,-138.494,-31.0774,62.9027,-39.461,-39.0942,21.9282,-69.4812,-50.5981,-53.484,-36.4244,-4.25048,3.95869,0,0,0,0
2566,6589488,2114,2114,-352.89403390336156,85720.91855366368,38813.28061092322,49772497844,-162.20916311655378,336.2845580926239,45,523.9771741759525,6851.469762756587,-122.376,-22.6021,47.897,-32.4824,-51.2289,31.8129,-61.0407,-55.4847,-34.6411,-41.481,-17.099,5.83163,0,0,0,0
2567,6594623,2116,2116,-368.32821536730756,90014.50977754859,45651.16445811711,49842043769,-192.0878291213274,394.8602687944387,46,486.60089312046006,7026.339981039786,-132.377,-25.0582,40.1808,-32.7268,-24.2905,15.8615,-48.3206,-62.3683,-29.8662,-36.075,-36.3815,3.09409,0,0,0,0
2568,6599760,2118,2118,-271.2150628108126,83769.2900788326,-10211.679783359577,49915190676,-140.734046639748,347.24555983335875,46,409.9377806880651,6951.249963233118,-125.366,-8.51849,53.1619,-26.9114,-25.4388,10.9839,-33.4248,-53.042,-25.6885,-31.2743,-10.912,5.21549,0,0,0,0
2569,6604899,2119,2119,-235.59839568238925,84031.90412809931,-28525.30007998366,49991991579,-172.9870301780428,323.0688977490055,46,381.28117924270117,7030.418933694645,-115.475,-10.9103,68.3633,-46.94,-13.6682,-0.722243,-35.2499,-50.2073,-14.3188,-12.425,-8.52322,4.47807,0,0,0,0
2570,6610040,2121,2121,-226.90851993525587,85735.45416550084,-34247.977746292425,50065587490,-155.58506616524937,343.89214534187045,46,377.4092916214465,6986.946860370051,-113.57,-14.4432,67.5518,-30.1264,3.34781,-17.9258,-38.1769,-73.0095,-7.63939,-7.25961,-0.00777815,4.35075,0,0,0,0
2571,6615183,2122,2122,-264.4404605183664,83060.00870653651,-13131.251547370804,50145931235,-37.02709400159159,347.37286411460315,46,402.44974200975446,6940.625354331527,-98.7858,-9.77063,53.8159,-47.3125,-8.88553,1.11138,-37.6332,-83.011,6.34001,-22.3423,-25.7042,7.73732,0,0,0,0
2572,6620328,2124,2124,-242.9567857245998,87140.56147849975,-28112.56174887065,50217065576,-72.55433664054675,366.11118326711886,46,397.56815075303115,6927.882891657765,-100.988,-6.23914,55.9221,-40.2081,-16.045,8.23175,-42.739,-88.9904,5.60091,-25.0528,5.56175,1.98915,0,0,0,0
2573,6625475,2126,2126,-288.92945484141467,87200.4443561427,-3720.214481185627,50281999880,-137.32755567792304,334.46721584428093,46,393.920640231672,6924.861145835861,-121.31,-3.63919,50.245,-58.5551,-4.9606,-14.4828,-30.8336,-74.2719,-2.35088,-26.9959,-4.02479,2.25063,0,0,0,0
2574,6630624,2127,2127,-276.1837712335802,83128.09164213893,-6850.616149336362,50356303125,-102.7859396009174,332.31347239876476,46,379.0150021481497,6979.466876611674,-117.619,-12.0434,51.4156,-41.4551,-3.27971,-3.27374,-30.1202,-69.6403,-0.0602572,-26.7421,-22.2462,-1.11907,0,0,0,0
2575,6635775,2129,2129,-284.0794608438651,92679.23521044878,-11978.095137107695,50424272339,-104.72265359274087,391.39541612645377,46,389.6818000417466,7057.007249984177,-130.048,-17.3791,52.8012,-33.5784,-4.19142,-2.31296,-15.6883,-62.5335,-3.49775,-51.1173,-11.8068,-4.72677,0,0,0,0
2576,6640928,2131,2131,-204.23953141657495,81331.05355588131,-39617.26736261921,50501315305,-111.34906754928653,355.1301154388064,46,407.49451378637065,6911.996470088317,-118.464,-21.8558,66.0323,-15.6411,-0.363176,-20.0352,-28.1586,-57.5276,15.8892,-34.85,19.706,-8.97137,0,0,0,0
2577,6646083,2132,2132,-160.02901947995616,88460.7574989211,-62851.47042320491,50571765760,-108.37976892633685,341.85534169885557,46,430.2538265606931,7005.598639727613,-123,-15.1272,82.3356,-20.6994,20.6324,-36.831,3.91469,-38.1842,20.418,-49.2166,7.8118,-12.083,0,0,0,0
2578,6651240,2134,2134,-160.00266546572863,82558.94568610971,-56958.092729971846,50639547865,-129.54965310653665,341.9634189448718,46,409.8185720654015,6826.061789165713,-135.523,-11.5396,70.7003,-5.68924,-9.29154,-20.8033,3.90348,-26.8852,36.9221,-63.9766,13.382,-11.2027,0,0,0,0
2579,6656399,2136,2136,-118.49063739019994,86442.79770341585,-72402.76655428001,50708184773,-120.11013318848632,343.57624889491353,46,384.1000890677004,7046.362593034169,-141.165,0.116435,94.1399,-7.677,-3.53778,-21.7662,1.61135,-23.6909,24.4751,-39.0139,12.4619,-14.4445,0,0,0,0
2580,6661560,2137,2137,-145.5203902178348,93016.71031758969,-71840.52634843878,50779495701,-112.09516066565988,395.05438727911934,46,442.9066462220875,7112.7106790551425,-147.794,-12.2316,110.421,-10.6773,-3.30855,-36.7345,3.60206,-37.7752,25.0431,-39.6256,9.62732,-6.06635,0,0,0,0
2581,6666723,2139,2139,-81.85768212511806,90708.88823562422,-84008.20811272736,50854674364,-136.3121927370716,434.947273899878,46,422.08228664080553,7148.568712079872,-140.544,6.48871,110.849,-12.7516,-2.48849,-35.292,3.40525,-29.6759,34.6208,-31.2182,13.8087,0.940054,0,0,0,0
2582,6671888,2141,2141,-119.90520881771613,88195.07566360202,-73817.81656198192,50932095394,-95.93244227982547,387.5315415309271,46,439.45493922234436,6981.603422078462,-133.28,15.0681,90.1932,-20.5303,-0.263458,-53.5957,-3.44395,-31.2433,30.7485,-37.3235,13.3226,10.4425,0,0,0,0
2583,6677055,2142,2142,-104.8268027602212,91986.10898681954,-80997.45040988922,51004998517,-62.44140013711012,358.4320103876182,46,451.12378407782546,7075.635292917914,-131.136,13.8528,100.828,0.391839,6.48854,-75.312,-0.551278,-39.3301,36.0142,-29.4804,-2.16566,15.5736,0,0,0,0
2584,6682224,2144,2144,-201.00868564607225,88429.00393198758,-48024.51222682609,51074353380,-112.54472003042576,343.5430866211517,46,477.1655556272893,6914.861444933921,-143.979,12.4964,88.0897,-8.47159,0.538688,-78.121,3.07068,-41.935,29.6815,-42.2047,-24.3763,4.20139,0,0,0,0
2585,6687395,2146,2146,-290.1302043099131,97753.19521765609,-13577.659764744167,51140516289,-140.75071226958215,389.6157842031117,46,470.50692517666243,7081.194893231208,-166.941,-0.791432,77.7119,-14.4099,-16.5644,-69.8499,-5.59225,-42.7944,11.6547,-34.2556,-29.1193,0.821772,0,0,0,0
2586,6692568,2147,2147,-233.42855252265696,96156.61065993781,-41667.72152711499,51223679881,-115.01839812462657,430.8630550623648,46,468.4831969250095,7107.299253401163,-144.891,-5.08343,96.1094,-28.2784,-28.3425,-43.9045,-2.71117,-47.4011,21.4179,-23.0879,-22.9597,-4.29629,0,0,0,0
2587,6697743,2149,2149,-196.36952482559337,101107.84700552162,-62546.85672529229,51298328856,-134.96154120750668,375.5736855888416,46,446.3601565900397,7352.4919733773195,-141.96,-0.307019,105.723,-19.2947,-19.5271,-53.636,2.26995,-48.5081,17.002,-20.2624,-10.8211,-7.0481,0,0,0,0
2588,6702920,2151,2151,-249.8077141462192,92618.97846399911,-30215.084417039943,51371019528,-156.13622595235694,351.4960445849761,46,412.63543744806253,7042.7948821342325,-147.017,2.32847,78.2522,-0.0981972,-11.4804,-69.3674,-16.8499,-43.7876,-1.75251,-26.3037,-14.5654,0.833195,0,0,0,0
2589,6708099,2152,2152,-184.08101640159634,92106.78350560088,-58220.96290615609,51456585505,-126.08132338791944,375.73342469815503,46,414.42803091280473,7146.489116991287,-121.193,-3.83084,79.7113,-3.89958,13.4873,-58.1805,-12.2292,-41.3951,18.6395,-49.2638,-9.26269,3.33541,0,0,0,0
2590,6713280,2154,2154,-150.45283045083755,89429.2345680773,-66793.18037740883,51535107600,-97.91232186902334,368.0065005519057,46,381.07007710395743,7246.864687869257,-111.356,0.868944,74.3754,5.14061,16.3759,-41.909,-15.897,-38.5741,14.7084,-37.2218,-20.8039,3.83932,0,0,0,0
2591,6718463,2156,2156,-125.92126919491568,77855.63602690927,-61999.46999125085,51622782451,-55.36235664384759,262.5216245900917,46,348.61823993839346,6974.145755051084,-83.6386,12.6371,50.0416,-5.739,17.8267,-36.8807,-31.9157,-35.6669,30.8431,-39.2694,-2.62487,-1.53456,0,0,0,0
2592,6723648,2157,2157,-43.84756516725315,81850.40976496057,-79927.80079386405,51697108182,-69.79410291653363,307.1796225650857,46,396.29722329857225,7088.855644070534,-81.9083,14.4012,50.5509,-0.482931,50.5405,-38.6217,-16.1238,-38.6747,39.0914,-32.3636,21.6408,-11.8974,0,0,0,0
2593,6728835,2159,2159,-15.17919038551804,86486.80988930137,-86256.40206854156,51777607917,-55.60300319770789,309.53653516163723,46,463.7822049758155,7053.600921712883,-65.2978,20.2336,71.2766,-21.3744,60.6637,-50.4384,-12.9809,-55.9508,32.5655,-19.2889,39.5621,-14.1496,0,0,0,0
2594,6734024,2161,2161,-104.8724278941313,84338.29474514278,-73340.06861273301,51843905403,-65.74649021094018,293.25818671817177,46,450.6417287499081,6909.954507291129,-87.6742,16.9252,53.8495,-18.9682,59.7826,-46.1698,-21.1803,-46.755,19.9318,-44.9932,22.3956,-12.0164,0,0,0,0
2595,6739215,2162,2162,-186.08053393815078,89924.5507523916,-55298.585641684316,51915340537,-138.04670364140497,386.2304293918935,46,421.5394612733902,7128.348741171943,-100.17,-4.17806,62.7104,-15.94,51.9035,-53.3267,-35.0369,-50.047,3.11556,-19.655,-10.8082,-14.6479,0,0,0,0
2596,6744408,2164,2164,-188.81426956435757,90034.29618727649,-54383.4677961546,51985485252,-177.54742418349412,357.8096280225398,46,424.24762118759395,7184.548505795369,-107.653,5.57779,65.1993,-17.5472,46.9395,-40.8874,-34.3309,-51.7472,-9.8505,-21.1435,-9.47717,-13.8935,0,0,0,0
2597,6749603,2166,2166,-152.25348543555424,89349.9972997027,-66168.87347242818,52068228486,-129.12836815024792,323.68388240242103,46,439.0858463885595,7177.416585421753,-88.2564,8.40202,74.0498,-24.3768,60.9643,-60.6345,-16.3588,-59.1317,-3.76159,-24.0831,-5.41785,-13.6489,0,0,0,0
2598,6754800,2167,2167,-114.40040484557738,90748.38341591749,-77660.93078708548,52140175530,-67.55439350648425,349.40243730632704,46,440.54756168644013,7107.563087381359,-93.8461,19.2221,65.7449,-20.1388,70.1583,-51.4549,-18.483,-51.7469,-0.918078,-25.245,7.94829,-15.6413,0,0,0,0
2599,6759999,2169,2169,-16.476208252399488,100128.50027750005,-99857.0348391236,52223536282,-39.96297363781656,324.47144005499143,46,380.298896709567,7278.752809709979,-76.5557,9.11062,71.5872,-10.8985,92.5892,-58.4417,2.7595,-24.2325,1.72115,-23.112,4.14375,-5.14709,0,0,0,0
2600,6765200,2171,2171,-18.275519837639138,94786.96143658363,-94452.9668112477,52296359035,-87.60288567854309,341.2285031298575,46,378.1841442834348,7224.004329251191,-81.2521,5.85827,66.3426,-3.51918,90.3715,-69.1037,8.81088,-24.3237,-15.1102,-4.92096,3.08448,5.48651,0,0,0,0
2601,6770403,2172,2172,-95.27409930349683,95301.1438136748,-86223.98981558223,52367231312,-107.59790529957655,355.6688177056362,46,419.28620833696374,7063.881220516585,-93.0683,-4.189,63.101,8.71067,76.5519,-69.9349,8.7793,-32.3146,-42.3199,-14.3485,-1.105,4.86315,0,0,0,0
2602,6775608,2174,2174,-106.50665202692011,95313.0217424033,-83969.35481641986,52436342482,-102.22508330918384,325.8743442286839,46,467.4740003614815,7142.090781353127,-105.871,-12.3771,74.9208,10.0848,76.6603,-76.756,2.57084,-29.5102,-40.3674,-11.4786,-10.6297,16.2469,0,0,0,0
2603,6780815,2176,2176,-140.93497635909688,99338.77597200632,-79476.10841066712,52512205255,-91.9374198059337,347.1078026681665,46,481.5473867996665,7203.61431345504,-107.794,-12.4968,76.8844,-17.6119,83.9157,-69.5853,-3.29098,-33.4111,-40.0142,-2.99726,-24.0393,9.50609,0,0,0,0
2604,6786024,2177,2177,-118.11486605589539,89837.35246355821,-75886.2308801561,52592870284,-94.84946735314332,308.74530617112674,46,399.0905600329877,7133.138749767957,-97.704,-11.6207,61.6221,-20.2488,73.8532,-49.1679,-8.31999,-16.6105,-44.3282,-3.05665,-7.54601,5.01252,0,0,0,0
2605,6791235,2179,2179,-122.39416745852571,98697.86604273907,-83717.53381487343,52657397494,-103.10677075662568,344.36872149799603,46,450.61019604968175,7150.574706485048,-118.734,-5.67618,84.5743,-40.9588,69.0258,-45.1677,-3.1884,1.39794,-55.401,-17.3766,8.07367,1.03633,0,0,0,0
2606,6796448,2181,2181,-212.28682427096635,108029.65224418847,-62963.956485136325,52721912125,-112.9946733111189,370.6869114866727,46,423.57511809698906,7188.550824779739,-145.75,-2.87247,69.4464,-49.5228,36.1978,-23.4124,-1.76075,-14.7946,-54.2237,-10.7588,-10.6154,-4.22029,0,0,0,0
2607,6801663,2182,2182,-174.76813791398746,91452.6872511721,-60908.78522124956,52810315877,-72.75817654401686,351.4542498072296,46,391.42641887222356,7070.169041248814,-118.886,-8.86374,58.4629,-40.236,38.6173,2.34576,8.47405,-23.5952,-66.6815,-13.2439,-11.5909,0.42908,0,0,0,0
2608,6806880,2184,2184,-180.51080841689338,98571.51602434143,-65987.36406902104,52883868470,-103.10667601684537,382.13483812716066,46,367.935084348229,7280.566495438722,-123.009,-2.99579,44.3219,-28.7355,41.4583,-13.2463,-7.38635,-17.4065,-67.0068,-14.4367,4.12513,3.80683,0,0,0,0
2609,6812099,2186,2186,-194.36380244145454,96480.41164038614,-58703.12394088537,52961168457,-147.40162216556234,383.3172704394084,46,371.8397532171486,7196.203131093783,-120.252,-8.05951,52.3281,-45.3076,30.7033,4.0025,-16.2453,-14.8956,-59.9712,-17.4684,-0.902335,1.70407,0,0,0,0
2610,6817320,2187,2187,-204.5776531005106,97599.45803103743,-55747.44188292458,53040127893,-99.55829054505898,372.517146396674,46,415.7068597797579,7275.294690594632,-115.481,-30.1273,63.2497,-28.887,24.9517,8.25032,-15.3782,-22.2748,-65.318,-29.006,9.11293,-3.6695,0,0,0,0
2611,6822543,2189,2189,-244.49909612271097,101509.56927796421,-41729.76127314156,53115520580,-101.44072785565618,367.21981043537744,46,423.04527779991645,7368.7591421658435,-118.831,-34.1268,56.391,-27.4639,26.2746,-6.67277,-24.5974,-17.8018,-59.5482,-7.36557,-37.365,6.60748,0,0,0,0
2612,6827768,2191,2191,-242.12587328884848,115036.54611672707,-56411.60760083956,53188559325,-92.24230639820166,405.0091068946306,46,423.7590291274203,7438.4821250959785,-127.167,-39.2671,43.3022,-31.9032,47.5144,-7.50629,-14.4549,-9.99084,-49.9773,-14.3493,-37.6895,-0.637029,0,0,0,0
2613,6832995,2192,2192,-236.07031455414239,104811.8135501276,-49082.620136435864,53267881112,-123.17818259190233,353.107907649479,46,422.72979100611207,7300.611145060053,-118.623,-30.2024,53.4304,-39.5669,37.5085,-5.01696,-19.3199,-5.23507,-48.2388,-39.1855,-24.0116,2.39089,0,0,0,0
2614,6838224,2194,2194,-210.64583212943256,94451.63142077987,-50079.96482727879,53343490714,-118.83180234666565,308.3045109551165,46,403.4187713892715,7178.010472010681,-119.066,-25.2784,38.4059,-15.0092,47.8237,-9.68281,-21.4547,-7.2879,-49.1836,-36.5732,-23.4967,10.1568,0,0,0,0
2615,6843455,2196,2196,-179.47986259251525,88344.5784843621,-56131.557408133944,53421350247,-101.18643564907671,334.88634233659076,46,378.870331481173,7068.401862643224,-114.628,-18.2861,41.6684,-24.6011,54.2244,-0.608397,-9.49248,-15.7107,-66.0333,-8.19691,-21.6177,3.80245,0,0,0,0
2616,6848688,2197,2197,-181.61060828741392,89185.14350070742,-56202.730458182916,53495229003,-97.35131057494374,323.8995430451625,46,421.624331957796,7149.403933607478,-117.178,-12.2979,49.6327,-18.9808,62.2888,-33.2028,-9.1835,-6.01509,-59.7577,-25.8283,-19.1735,8.08543,0,0,0,0
2617,6853923,2199,2199,-177.5562804061829,90764.25675881433,-59238.02404713527,53569331574,-97.04454338815623,305.42683064984925,46,460.85891595323227,7195.41581746503,-122.847,-11.2414,58.7406,-28.581,72.4396,-25.7198,-21.141,-27.2036,-56.3092,-9.74721,-16.4172,10.4711,0,0,0,0
2618,6859160,2201,2201,-99.57602577448887,92588.17436727797,-82672.7894582363,53652316594,-124.19640065925779,297.7485303578832,46,402.3384421595343,7271.041080317867,-106.503,-8.32564,70.9824,-25.9639,50.9075,1.10707,-15.4485,-20.1126,-51.1447,-23.4588,9.38212,19.0021,0,0,0,0
2619,6864399,2202,2202,-34.32633219025212,83935.38981667711,-82757.09273504157,53738362012,-48.33021188389256,268.5793783542413,46,381.09696867028737,7171.030485326104,-86.2789,-11.205,73.1546,-28.4196,78.0529,-7.49328,2.68329,-11.3156,-48.002,-14.9974,2.2305,17.2641,0,0,0,0
2620,6869640,2204,2204,-73.43626306849922,85641.68270422512,-80248.7979707593,53814222997,-56.090718837796146,276.36669406434277,46,460.3564128775595,7376.672296049997,-88.0415,-8.22498,62.3125,-30.8874,89.4329,-33.0917,29.5464,-17.3152,-54.029,-35.2637,-0.0429377,12.1682,0,0,0,0
2621,6874883,2206,2206,-127.67117567425214,80169.26481947226,-63869.335721426505,53884413419,-67.1935370589141,309.4761417851415,46,468.4140779433443,7081.654836401414,-101.924,-8.1767,60.5451,-11.2782,89.3335,-50.4386,20.4929,-26.514,-45.2757,-25.881,-25.7364,-2.81831,0,0,0,0
2622,6880128,2208,2208,-127.26719718507974,86654.08696174648,-70457.14748240051,53959690350,-89.82881286290291,316.87611671620454,46,439.8596023874781,7172.794979825596,-109.793,-14.1325,52.6949,-7.60114,81.708,-34.4601,21.8933,-13.713,-53.5218,-27.4947,-20.4304,-2.41688,0,0,0,0
2623,6885375,2209,2209,-30.346291239518735,79290.62869651522,-78369.73130452153,54043055065,-99.71539219472078,265.4771963042494,47,376.24746198299675,7046.993571727594,-91.7819,-16.0201,73.1332,-10.0704,73.2514,-15.381,17.0317,-23.7057,-44.4466,-1.89115,5.55557,3.97871,0,0,0,0
2624,6890624,2211,2211,-61.87039743523695,88210.07570185259,-84382.12962305841,54113268964,-111.23540581933781,299.2983614158622,47,398.13002851600965,7240.989698523053,-108.758,-5.04825,57.2002,-17.3267,87.2997,-10.5799,22.8798,-19.4372,-40.2174,-27.0901,-1.54304,0.750095,0,0,0,0
2625,6895875,2213,2213,-30.93827870324543,95804.05175571982,-94846.87466660012,54201479177,-72.7428218919568,304.0889257049218,47,395.5917497144101,7346.648250021363,-87.8531,-23.8716,66.6272,-19.8838,76.5933,-9.3473,30.6536,7.64717,-38.2714,-28.5725,0.805437,-5.46531,0,0,0,0
2626,6901128,2214,2214,-86.0867756677788,102499.35138645986,-95088.4184415854,54269569668,-126.33683412569474,325.4013789742286,47,487.60312367385524,7503.032385476349,-107.935,-26.8356,89.8292,-46.9934,67.9638,-5.28085,42.9652,-2.53934,-56.5085,-8.2703,-19.2797,-13.2019,0,0,0,0
2627,6906383,2216,2216,-49.637536517818035,92853.69506847704,-90389.81003691933,54349520417,-149.21785256363484,306.20450582341977,47,472.5058155830088,7351.6733538977205,-103.137,-35.7314,74.3197,-26.4781,63.2552,-5.71958,64.9121,7.63758,-48.8611,1.30957,-32.7243,-8.4198,0,0,0,0
2628,6911640,2218,2218,-86.24270756849137,90002.38216772935,-82564.57755898502,54428101499,-160.63003616922435,322.36726539083145,47,422.5520349346384,7342.666420288261,-101.326,-23.6312,48.5811,-23.8247,54.9386,-15.7425,55.766,8.86895,-59.2975,-1.21538,-21.7071,-7.65263,0,0,0,0
2629,6916899,2219,2219,-12.301615272887886,92726.77576972585,-92575.4460314037,54499296093,-163.41825374687448,363.7048204895967,47,403.39286445489466,7413.327669354864,-110.635,-21.4628,86.9171,-25.0195,46.8975,8.98232,45.0708,0.154784,-34.2457,7.52315,-15.9841,-0.500215,0,0,0,0
2630,6922160,2221,2221,42.92809326326744,83667.46405637983,-81824.64286516004,54587884572,-128.0338114989516,305.68231565601974,47,416.4180849260521,7268.998270605566,-82.9302,-21.435,103.385,-13.4464,38.5007,35.2107,37.1995,7.95193,-54.2802,6.14909,-14.6532,1.27601,0,0,0,0
2631,6927423,2223,2223,-23.249666896463793,98146.27453784116,-97605.72752704464,54662974144,-94.13316585909467,333.64315177001015,47,470.4606320709535,7392.664847617244,-92.3453,-40.2024,114.784,-20.7183,26.9444,22.2691,17.9648,8.03669,-69.1544,33.6068,-23.9875,-0.447304,0,0,0,0
2632,6932688,2224,2224,-54.95587851635361,100227.30899316235,-97207.16040965814,54742271480,-82.58162626048625,376.6088079414794,47,416.90839626233475,7559.19697174105,-91.7472,-35.1104,83.1698,-19.9316,9.21617,41.7364,15.2687,12.606,-67.898,18.9792,-16.4593,-4.78563,0,0,0,0
2633,6937955,2226,2226,60.26698132224914,94034.26979061271,-90402.16075291639,54823803374,-87.44794127916356,284.9930911157315,47,442.09391151618576,7453.343986138734,-78.2688,-29.9502,101.699,-7.21439,32.4875,33.2055,33.7652,28.3093,-54.7288,21.7135,-7.35923,-13.392,0,0,0,0
2634,6943224,2228,2228,88.07322141160722,98156.28421909332,-90399.39188927533,54907475200,-142.53206785923112,302.83409268285413,47,461.0089010366125,7457.730132010491,-64.7773,-34.7941,123.077,-16.2774,29.7666,43.5165,19.0733,25.1093,-45.0681,33.9982,-19.9428,-5.60815,0,0,0,0
2635,6948495,2229,2229,82.69669943665792,106282.97820606422,-99444.23410834727,54986000395,-131.5591508766986,286.04647634224534,47,469.1713285863267,7490.674157383361,-61.4054,-22.5697,123.742,-25.7176,12.3541,52.7287,16.1862,34.9076,-45.9221,29.7279,-37.6225,6.28782,0,0,0,0
2636,6953768,2231,2231,212.30654170149148,96815.52943919513,-51741.46178994799,55080566400,-11.048141657369229,235.99015795470712,47,437.9620552616748,7526.822530196843,-22.0203,-22.4859,143.108,-23.7158,9.6217,63.3658,43.3077,22.8874,-19.7687,37.5159,-24.837,5.3282,0,0,0,0
2637,6959043,2233,2233,214.92811798874828,99096.94120030678,-52902.84529812148,55152838459,-16.827389244681967,289.9616486001968,47,441.73933503383495,7461.817947969466,-35.7549,-16.1974,132.69,-18.0149,50.9667,40.5751,30.0714,29.1702,-19.2362,41.2621,-24.2022,3.59818,0,0,0,0
2638,6964320,2235,2235,269.60881640085944,102007.18285210012,-29318.268971027777,55233907063,-46.75698845433999,277.02769206537573,47,446.40556796882134,7521.203444110481,-26.4764,-10.0495,146.189,-23.2458,39.2291,59.0439,45.636,23.9649,-9.27361,42.0585,-19.3531,1.88568,0,0,0,0
2639,6969599,2236,2236,325.5036084719579,98500.15521490976,7452.443913355892,55314088953,-69.34945439985546,271.3321912723233,47,454.6872643513594,7511.058059414197,-20.3175,-12.8333,157.907,-12.3204,43.0547,60.1835,49.313,22.1459,-6.92505,47.9904,9.50054,-12.1956,0,0,0,0
2640,6974880,2238,2238,333.5392171890889,94025.92508476664,17222.484318343573,55396932554,-43.35680483702333,271.66060210059675,47,442.9873934072629,7438.562792481517,-11.1455,-7.62124,127.395,16.5132,21.1506,90.7202,46.5125,31.0447,-14.6527,39.3636,15.5632,-21.3046,0,0,0,0
2641,6980163,2240,2240,360.27125750598617,104304.68970358699,25490.689281357612,55477136609,-29.66458894476591,302.3818399875654,47,484.8739356673805,7647.705319767633,-4.09309,-9.34095,159.03,-4.72477,12.6472,92.0963,67.7178,23.0352,-24.1314,45.105,22.9412,-20.0112,0,0,0,0
2642,6985448,2241,2241,271.72951912259674,96920.85818404025,-23083.926621442573,55551316957,1.5323995979027814,291.1101529497945,47,467.168480824121,7523.496859466,-18.0275,-18.2012,135.653,-6.66677,5.06426,100.398,71.7458,14.722,-34.193,22.0243,19.8416,-20.631,0,0,0,0
2643,6990735,2243,2243,242.6162987607862,90003.96581132135,-31141.297386938284,55630561318,-26.066204751794146,275.4406027660455,47,424.4704332894597,7365.003498289372,-17.0816,-4.85676,115.421,-4.98529,5.47893,86.9423,69.7693,12.8976,-57.9144,29.6599,13.374,-6.08897,0,0,0,0
2644,6996024,2245,2245,307.93235459489415,94664.8257150702,157.50929128543066,55714519770,43.10306292218951,245.02207428315995,47,429.96229348515715,7339.615230973755,-3.12256,9.34714,100.963,12.0617,21.973,90.0657,60.5302,10.18,-49.0807,52.5514,11.2753,-8.81167,0,0,0,0
2645,7001315,2246,2246,254.09614841461865,93320.1431649874,-28755.29052584349,55793152392,81.92352033698654,267.6956567474827,47,404.8796953400003,7456.714349995724,-6.28311,14.6192,80.7187,1.95995,19.4509,81.6053,67.0029,-2.9327,-51.5069,45.6067,18.5243,-14.6691,0,0,0,0
2646,7006608,2248,2248,268.4651921044638,96807.54206756823,-24733.982695881554,55870902683,45.98879913037189,242.9322755690659,47,431.6721656530139,7529.746355159653,-8.43053,11.8873,106.395,-28.1503,24.943,77.1496,69.9322,-4.03833,-29.4751,48.6989,11.0625,-11.5092,0,0,0,0
2647,7011903,2250,2250,191.50854548132878,94314.24713773985,-57638.724145365675,55942422773,49.81011979707421,268.89686900773506,47,446.15831047838657,7581.80127123845,-25.6975,17.2235,97.2151,-48.2543,55.5126,58.3576,60.1369,-10.6188,-18.3294,30.3877,-5.54736,-18.8775,0,0,0,0
2648,7017200,2251,2251,292.81786903476,85545.71153145083,196.5928946070344,56025877981,67.23105082700437,259.1310745721692,47,394.5169887027732,7423.342862760113,-11.9514,21.4192,100.95,-16.2231,37.9078,83.8924,39.0719,-1.34796,7.41577,32.6528,20.3573,-21.3271,0,0,0,0
2649,7022499,2253,2253,312.59489758857626,73752.38823963232,23963.181758780163,56108680654,64.11261397468314,264.157737578025,47,364.36611757821447,7281.816034162417,-5.32488,16.8195,81.6883,4.81056,55.3848,81.0878,40.1831,12.7337,1.89333,22.9468,20.9325,-20.5607,0,0,0,0
2650,7027800,2255,2255,289.3217007181963,71124.45727350749,12582.58923296207,56181735720,62.385259678052876,260.7158418583027,47,366.47455890621893,7081.2031910116,-17.6852,17.0794,91.4859,2.76434,60.9473,58.3818,39.6555,18.8109,-4.49068,13.0766,25.6964,-16.4005,0,0,0,0
2651,7033103,2257,2257,366.6514116404178,73223.81103972187,61209.446618189235,56271911133,65.55436894851158,224.97249500543631,47,395.94227758807904,7236.828195660168,7.83488,9.4074,118.43,-1.2817,79.3436,50.1605,35.9569,30.699,1.0548,31.2353,17.1743,-13.3637,0,0,0,0
2652,7038408,2258,2258,452.0187479978433,77913.03386717167,126407.9146743661,56364102705,110.9847431133893,324.78679535726144,47,529.694837898427,7208.4000428045565,35.3681,13.7313,116.074,-8.11457,111.733,41.4452,65.6916,26.7848,18.015,57.9637,4.05013,-30.7235,0,0,0,0
2653,7043715,2260,2260,472.747921684873,76662.2174494422,146828.38000792463,56445883075,122.7117853119006,280.5851593614849,47,570.0986632178065,7243.0613162296095,38.7817,6.12345,127.077,-21.2458,101.204,42.8898,73.7956,33.4739,27.6502,67.1036,3.32403,-27.4296,0,0,0,0
2654,7049024,2262,2262,566.4675420453046,88039.73620417045,232845.73998667853,56532364758,131.66933842516084,294.4692191071043,47,636.4599065583858,7333.787840570255,56.2085,0.37514,148.856,-13.0818,96.7503,43.3327,89.0831,21.1751,48.9204,69.3878,27.3741,-21.9144,0,0,0,0
2655,7054335,2263,2263,592.8156430247152,91561.71014731372,259868.67646749283,56619843318,138.2405099641756,261.1578153148187,47,666.9186852354583,7550.846342232789,72.5157,-4.16867,147.923,-8.1427,91.5473,34.5417,101.573,33.9277,40.6744,75.4889,31.6762,-24.7402,0,0,0,0
2656,7059648,2265,2265,623.2461996251477,88488.7498909279,299947.0754562615,56703378671,92.77785612540515,269.19414443540563,47,662.4164007527597,7305.124070018065,81.8361,7.14711,131.69,5.00945,75.9227,46.1398,96.028,39.6256,48.2048,78.0474,33.1799,-19.5851,0,0,0,0
2657,7064963,2267,2267,560.2902627955466,87854.01829327212,226071.16029023053,56771102811,140.8220593600114,301.42171050713307,47,592.1408130371437,7342.979283219,52.0369,0.531045,117.674,2.01553,82.5442,49.758,91.9534,30.8896,41.5583,90.4534,16.8011,-15.9253,0,0,0,0
2658,7070280,2269,2269,582.8285708669249,87393.73785075994,252295.40516802215,56839572121,110.29999349799232,251.16179821578908,47,616.1384118871362,7390.235313016016,32.2508,7.9109,137.647,2.08892,118.01,16.1172,96.416,38.5906,51.6744,63.0442,35.7336,-16.6549,0,0,0,0
2659,7075599,2270,2270,655.1984044604344,90866.85802630763,338418.0911811914,56923761380,105.63801934978318,303.4257232719361,47,692.9428438495827,7608.973830731121,43.3452,5.3589,147.623,10.3157,108.552,27.3889,106.433,33.8526,54.1376,85.5305,51.5332,-18.8722,0,0,0,0
2660,7080920,2272,2272,744.0486754865867,94947.70773831692,458660.7237550271,57009155584,147.51407461887248,300.25081847499524,47,768.667056609155,7403.427572731982,58.4527,-2.33348,150.656,48.4539,112.244,45.6696,95.3643,49.8389,61.6895,92.7114,41.2771,-9.97572,0,0,0,0
2661,7086243,2274,2274,779.8116677991156,107043.72715329779,501062.5100823405,57090221285,173.69567324742758,334.5648727428102,47,805.1765912226797,7663.114640793468,64.4407,4.17859,159.62,49.4437,105.775,52.6002,105.38,39.3471,45.9105,101.031,64.7669,-12.6825,0,0,0,0
2662,7091568,2275,2275,782.6727933435784,105756.58604044997,506820.1153997898,57181289066,162.0130706314797,386.46894346046935,47,826.6771894369049,7545.322850859662,84.4418,-8.44972,167.646,35.8025,99.4662,56.8806,103.301,62.5141,23.6815,102.551,68.3901,-13.5525,0,0,0,0
2663,7096895,2277,2277,758.1267858922305,107294.88109498307,467461.34239230084,57250895981,105.98338028016633,348.208828705933,47,809.1870023942874,7651.940382656856,60.3234,-15.0099,170.887,28.8649,97.0841,47.1536,114.761,55.4925,41.801,89.2699,78.02,-10.5202,0,0,0,0
2664,7102224,2279,2279,837.9938894176137,119147.19379710116,583086.5649041586,57343097324,150.35389608527828,312.5541988598321,47,872.9021285233571,7838.373641990782,87.2181,-10.5741,178.758,26.0637,88.6058,62.7443,125.765,68.8475,34.9534,97.2345,85.2577,-6.87998,0,0,0,0
2665,7107555,2280,2280,904.4220679256448,128781.04910462856,689198.2278462711,57428774797,161.29976199708364,361.53640119863854,47,927.0152483344906,7913.921727346344,101.993,-9.07026,193.987,31.2647,98.0485,54.434,125.693,84.7417,58.4148,85.8194,81.322,-2.22633,0,0,0,0
2666,7112888,2282,2282,842.8833803136904,122021.13907923696,588431.2537297963,57505603775,178.27177870846083,376.86272846467057,47,874.1763403151062,7742.979849808793,92.7816,-10.7067,189.993,42.6103,77.0545,69.6196,113.522,80.8242,69.2428,74.1972,48.6847,-4.93977,0,0,0,0
2667,7118223,2284,2284,858.5726977526081,123527.39546532146,613619.6818608698,57584905908,176.46300024235592,364.81779724702,47,883.9460969417921,7702.854475602399,91.4504,-0.138794,176.286,54.6569,90.4154,57.2981,119.977,83.5979,48.0859,96.3542,53.1373,-12.5479,0,0,0,0
2668,7123560,2286,2286,788.8482784804744,119497.30029664286,502784.3061649652,57663534098,157.7626014300879,361.132841843126,47,828.6336529023552,7734.908986906203,84.1324,7.2888,150.351,51.9921,56.0138,65.6468,113.257,81.4883,48.3247,81.2864,68.9601,-19.8927,0,0,0,0
2669,7128899,2287,2287,782.4889470618268,116897.78612261331,495391.16615131317,57733167161,128.60115164244786,356.8703224598003,47,814.2422481151273,7651.446894603552,63.6948,10.7845,172.562,46.178,42.6837,72.0735,111.617,67.0334,56.2578,94.9195,60.5612,-15.8767,0,0,0,0
2670,7134240,2289,2289,707.9117910422793,102333.73284713562,398805.3710495521,57808174214,133.86709538952226,347.9197981791752,47,755.3555762577358,7553.404083040529,50.2704,18.2761,158.761,50.4327,45.3578,56.5871,96.6242,66.5395,66.4057,70.8097,51.569,-23.7219,0,0,0,0
2671,7139583,2291,2291,652.1728372053017,104298.87012572977,321030.53946268314,57881316352,102.74150580490749,294.3214402724878,47,693.0558038985944,7584.379869478198,32.7265,13.8359,162.035,48.6908,66.1204,38.1111,97.8122,58.145,47.5571,61.5474,46.033,-20.4415,0,0,0,0
2672,7144928,2292,2292,629.3868087220278,114878.0668295995,281249.68816369894,57965537213,73.8620550199393,278.3280698426558,47,661.4856896058245,7731.818862649685,37.1957,1.25534,170.224,36.0101,66.5424,25.9399,103.085,56.5118,49.5935,58.9115,40.167,-16.0494,0,0,0,0
2673,7150275,2294,2294,628.2360665863257,103846.2021907229,290834.35316913534,58053678434,100.62943277967298,242.42729247632707,47,651.2845859805714,7544.91157203946,50.5454,6.8791,142.484,27.4085,90.2902,10.0351,110.91,46.0525,60.9411,52.8427,41.3711,-11.5243,0,0,0,0
2674,7155624,2296,2296,697.9090156229281,112776.47151918642,374300.52256857813,58134831013,139.00126121943367,257.58357788660305,47,721.6964030985941,7726.153480688361,53.9083,5.36258,176.737,24.7247,84.8764,23.7107,114.269,40.4444,68.2749,72.3567,45.138,-11.8937,0,0,0,0
2675,7160975,2298,2298,705.7860658478826,103193.04288217858,394940.9278628531,58220448129,156.78170754859383,264.97610002350615,47,750.7066824081701,7656.727405089657,60.1516,-7.08583,161.204,38.9679,75.7037,45.1361,111.179,48.7155,67.1151,87.3768,32.6959,-15.3745,0,0,0,0
2676,7166328,2299,2299,624.4271921745462,104683.0463480467,285226.271978941,58300201274,87.56733354250474,262.5543508213171,47,670.9511013439064,7666.0628385547225,55.4081,-9.53833,170.374,13.4986,78.3633,42.5642,86.6358,50.5116,62.3771,80.2268,7.72982,-13.7236,0,0,0,0
2677,7171683,2301,2301,694.8336083478318,109007.57946970215,373786.163819966,58388404928,68.7165592759805,270.51381385358917,47,738.6007815044522,7709.181767923298,70.5452,-13.9227,168.759,21.6553,91.0978,49.3065,102.548,59.9616,55.6803,80.0489,17.1153,-7.96085,0,0,0,0
2678,7177040,2303,2303,560.914441096909,94828.57445893384,219796.43577212386,58451648213,88.41378935336127,289.20993980250034,47,614.7058659630023,7599.611114459374,25.6953,-13.4474,135.133,15.183,110.759,40.5672,91.9024,47.1128,50.1319,71.3261,-1.87147,-11.5768,0,0,0,0
2679,7182399,2305,2305,559.5798489530094,99492.99508378937,213636.61227048349,58538286703,44.74351300749396,336.0118722153978,48,600.5006861694848,7713.834086521193,36.7261,-0.767801,132.582,-1.4381,102.655,47.9073,93.8174,38.5292,55.5742,72.2497,-2.97124,-15.2833,0,0,0,0
2680,7187760,2306,2306,674.3610997038377,102334.26091722866,352428.63187654066,58624077183,77.05468947513151,388.94369877659943,48,698.1839661853336,7697.239934125818,48.7699,5.77155,145.872,6.85193,110.304,54.0716,103.075,50.4071,61.2271,79.304,20.6183,-11.9114,0,0,0,0
2681,7193123,2308,2308,644.7874426038557,102255.27651441348,313495.569625207,58706463865,115.83484189432272,399.53270447423495,48,663.7815510059781,7620.84274263127,48.6943,-0.621011,133.381,23.3716,102.794,47.3996,99.9955,33.8515,62.5598,81.5398,20.6973,-8.87604,0,0,0,0
2682,7198488,2310,2310,565.8413810651623,88553.53215389942,231622.93637183076,58780626991,109.3977405918381,337.5627384697127,48,595.0729987522204,7396.946673031229,29.6318,2.98235,103.736,21.8829,95.6865,50.8258,85.4297,31.9296,74.0999,73.9636,10.289,-14.6158,0,0,0,0
2683,7203855,2311,2311,575.4562587969547,85601.81030770994,245548.09548087776,58865875616,132.95857163234217,333.9866782159608,48,596.6670890136202,7453.329033055112,37.4499,8.65378,99.3782,34.0968,83.4878,51.1476,101.79,9.51583,61.6385,76.0887,22.8149,-10.6054,0,0,0,0
2684,7209224,2313,2313,574.7458844525953,94467.54779943581,235865.28389576025,58944727652,78.97497098013088,359.5173985821829,48,610.8931980015003,7726.791050131307,31.281,8.185,104.722,41.8252,90.0516,54.1482,86.521,20.7794,60.376,77.6848,17.2449,-18.0737,0,0,0,0
2685,7214595,2315,2315,533.1131705380635,88612.90820294224,195596.74439820414,59024131846,68.99006976255043,308.7264169835854,48,561.4999373925089,7715.293526761252,24.9928,4.92041,112.281,38.102,74.7733,37.8051,82.513,22.7532,73.7059,61.5988,13.8609,-14.1934,0,0,0,0
2686,7219968,2317,2317,522.8747869366596,82761.3922138291,190636.65060022805,59096632093,53.88493658919947,302.4342630709234,48,572.3315363197098,7488.629221384861,3.71771,2.51562,112.76,45.6744,92.5694,25.1274,75.8722,-4.80922,91.9536,78.4759,18.9368,-19.9192,0,0,0,0
2687,7225343,2318,2318,572.3505354137831,82320.81452080974,245264.32086763438,59179554453,81.35583386142343,287.30281788684647,48,613.4082557657593,7452.696548664004,8.3232,11.1789,116.382,54.1765,96.6912,26.5545,79.1386,9.79929,111.625,68.2126,10.7977,-20.5289,0,0,0,0
2688,7230720,2320,2320,542.2204230298566,79255.33569102839,214747.65145964833,59252713606,43.46445345135521,247.59194995834127,48,593.8395557264021,7489.786753463212,-13.0582,22.8381,82.9202,81.6617,83.2429,23.3676,76.388,20.4812,109.245,67.8853,-3.61026,-9.14108,0,0,0,0
2689,7236099,2322,2322,506.95017772646264,76935.71506274796,180062.7676341441,59332723835,69.01299549873812,285.0946868014974,48,583.0400771441673,7440.815607096863,-19.559,23.5654,63.4604,99.3021,75.9562,19.8534,54.3041,33.0198,104.965,70.5689,-12.7668,-5.71913,0,0,0,0
2690,7241480,2323,2323,525.8626759983135,67675.8670225601,208855.6869855472,59425265931,10.711819572811407,212.88020227509782,48,579.6175268920313,7173.247921550668,1.95326,25.1524,77.1324,72.7859,82.749,22.3434,41.4698,45.8118,108.616,74.7258,-15.7728,-11.1046,0,0,0,0
2691,7246863,2325,2325,558.2974922362055,71981.04921668465,239715.04062055127,59499021906,-5.315560106926739,212.64128092035054,48,610.7119290142402,7181.99513829919,-16.6538,18.9437,79.8072,81.2709,100.697,28.009,51.372,52.1655,95.834,72.3435,-9.5534,4.06244,0,0,0,0
2692,7252248,2327,2327,555.9294127281664,74626.93352888277,234430.57840740125,59585859021,41.12757109805858,236.30761397445787,48,593.1105579426185,7345.8610228069765,-10.2478,16.5947,77.3252,69.0436,99.5649,41.3315,30.8196,51.7493,96.0767,70.1827,-8.34275,21.8318,0,0,0,0
2693,7257635,2329,2329,489.1529286620762,72881.63121739554,166388.95640129066,59665499355,-12.626176456651535,276.3334506059121,48,532.8905565385185,7417.720516175745,-18.9612,8.31382,78.1306,63.5181,109.266,37.1431,24.8936,27.7217,85.0058,60.425,-2.90765,16.604,0,0,0,0
2694,7263024,2330,2330,533.0455772944256,80543.31924922107,203594.26822392637,59747044447,-14.839339337977435,229.616881657548,48,572.3684604704026,7435.496040864947,-19.6614,18.0288,92.6406,45.1372,109.129,50.7163,36.5965,26.9829,85.5453,62.4948,4.17621,21.2593,0,0,0,0
2695,7268415,2332,2332,519.9950218503143,83784.95411953947,186609.86862956936,59833443266,10.788231904335532,192.15763592606658,48,557.2606912804744,7455.860595955559,-15.4811,1.81191,97.5805,40.6824,100.153,64.9543,27.678,26.3808,87.5029,64.8543,-3.15178,27.0292,0,0,0,0
2696,7273808,2334,2334,560.3691582253904,91087.17885398447,222926.41463624814,59920077232,46.187743780606354,204.28782139755873,48,595.6703020223085,7588.653780119916,-4.28759,7.45484,125.151,20.4406,112.921,47.5964,38.1068,38.8321,97.3214,67.145,-13.363,23.0508,0,0,0,0
2697,7279203,2336,2336,571.011595362913,101844.3583046492,224209.88373424992,60006330652,68.19304888501608,227.00887606427398,48,574.605426123787,7639.614323234306,2.78654,-0.698149,156.937,-1.09877,105.699,48.5754,24.7437,34.0831,111.757,50.9236,13.0982,24.2055,0,0,0,0
2698,7284600,2337,2337,510.63353291486595,90964.52440472529,169782.0805323922,60087602519,81.12773638472709,239.02452227725962,48,552.3644902537528,7673.122795289591,-3.12626,1.00875,138.712,-12.344,118.717,37.977,51.3548,23.2492,105.897,41.4884,-5.39518,13.0952,0,0,0,0
2699,7289999,2339,2339,602.3362666855915,89565.52611280652,273243.45205192943,60178387720,151.97625577322077,260.70093536906205,48,615.5107801849022,7645.564024883719,15.8416,3.78366,150.561,-6.58726,109.405,61.624,61.247,30.9264,100.235,47.9408,0.246033,27.1129,0,0,0,0
2700,7295400,2341,2341,618.4117574966808,89386.4116748443,293046.6901352892,60262143707,85.47220495190578,260.13752903908227,48,659.1604250256144,7624.769653314084,17.8226,12.5545,148.325,-16.9944,94.1735,68.3496,61.5046,33.9885,100.981,74.5622,-3.37994,26.5247,0,0,0,0
2701,7300803,2343,2343,635.9662644345731,88303.97377245843,316149.11572640686,60348457723,59.07780278428703,257.7821920425627,48,640.4613447627703,7606.948234346346,25.6842,28.3934,140.091,-2.24754,99.0169,76.0751,30.7482,39.0547,98.2979,76.6924,1.89265,22.2673,0,0,0,0
2702,7306208,2344,2344,675.2717530428451,85248.99807574379,370742.9423818135,60437157893,106.03263938045097,283.08711554998035,48,675.2717530428451,7442.746473767069,38.5589,25.0921,134.99,20.4909,86.9423,72.6281,55.0105,38.8385,84.15,70.404,31.1218,17.0442,0,0,0,0
2703,7311615,2346,2346,627.6051553104302,80210.63252751905,313677.59844471014,60518317052,88.78238832524988,290.59887952902676,48,627.6051553104302,7420.313501086698,30.3144,33.9949,89.9612,33.0827,92.0303,61.0331,59.9949,40.1918,72.5698,57.008,46.2283,11.1958,0,0,0,0
2704,7317024,2348,2348,639.3205905057134,73649.35875095968,335081.4586936144,60601449430,107.41470521315227,236.93956313676176,48,639.3205905057134,7291.243476634525,29.0828,45.7576,73.7066,38.0377,117.703,42,72.4173,34.152,67.0922,72.1414,32.3927,14.837,0,0,0,0
2705,7322435,2349,2349,684.2860790478534,79098.11656414813,389149.3214145369,60690766819,104.2626468557728,251.4163300507987,48,684.2860790478534,7416.388090114526,41.732,41.5883,84.7377,39.6191,107.621,48.5525,82.8446,36.0201,53.7389,72.6719,74.684,0.475451,0,0,0,0
2706,7327848,2351,2351,653.8869111857405,79239.36505919795,348328.72756083054,60771855882,73.08657651709552,270.8639180777176,48,666.874441038889,7377.244421621055,34.3943,47.415,68.5455,43.5691,127.541,12.9428,73.8303,36.6539,40.5433,88.3431,86.6028,-6.49376,0,0,0,0
2707,7333263,2353,2353,644.0128836965994,84528.35673114534,330224.2376360643,60852514543,64.61324901842471,315.6614738126363,48,652.5440471812233,7583.439584299216,25.9373,39.3096,74.6405,46.2221,117.535,32.6642,74.8118,44.1418,40.6012,76.8756,75.5391,-4.26558,0,0,0,0
2708,7338680,2355,2355,599.4346529797543,85836.0483425048,273485.8548504537,60935059552,68.43325448639524,280.3427361697546,48,599.4346529797543,7512.506374554882,21.4933,41.0642,65.5068,36.012,127.683,15.3082,91.1486,51.5843,27.6154,51.4624,55.2848,15.2721,0,0,0,0
2709,7344099,2356,2356,600.8667135555761,90376.20092581434,270664.6065332644,61008714362,63.69069355458191,255.87377107409225,48,600.8667135555761,7654.24579436455,0.930067,41.0228,81.5202,38.8782,124.273,14.1809,89.4823,57.6509,24.7724,50.5032,56.7709,20.8821,0,0,0,0
2710,7349520,2358,2358,568.0784690905799,84884.52834755497,237828.618696742,61096515578,88.58532936028831,274.48208785843707,48,568.0784690905799,7398.712486792423,6.37989,24.8413,94.5209,37.6634,122.422,1.57044,92.8172,43.2305,33.2041,62.1808,26.9692,22.2792,0,0,0,0
2711,7354943,2360,2360,670.1717838754664,103083.48148010774,346046.7384227171,61173720124,98.26172907964951,287.65185068964706,48,696.8393378250291,7768.203571267139,-4.28953,17.7278,126.668,51.4519,144.488,-9.04425,97.7979,42.5798,36.8135,75.0481,61.1276,29.8029,0,0,0,0
2712,7360368,2362,2362,613.1726096375874,104783.54206552314,271197.10714424594,61248858797,76.89726657379401,297.5594302890968,48,665.2284682866316,7878.419612697056,-24.9459,4.61024,124.587,53.4511,146.307,-1.08202,89.2247,29.4537,30.5592,72.1982,40,48.8092,0,0,0,0
2713,7365795,2363,2363,631.4524501062847,124933.97137309835,273798.22537213156,61340760334,33.48697880146153,334.0920413969633,48,691.4831659431843,8000.89936360237,-11.7215,7.56064,107.721,62.1538,154.204,-18.2938,87.5543,44.5082,23.4813,82.2561,42.9559,49.0724,0,0,0,0
2714,7371224,2365,2365,652.4966433378252,126700.68935354569,299051.1802135833,61430556674,50.78023052931576,299.73529873719576,48,679.2802072737798,8054.870014271244,-0.484085,9.37105,112.775,51.2262,163.505,-12.9077,78.7101,61.4767,27.3189,54.9683,60.1934,46.3433,0,0,0,0
2715,7376655,2367,2367,701.0145998832495,134941.5875329911,356479.8817164813,61520912770,100.34312658832067,261.6977872667373,48,743.4140274438951,7954.46845882088,15.6341,13.3853,130.972,58.0741,175.243,-21.1997,63.5075,71.001,25.843,58.8987,64.8007,44.8553,0,0,0,0
2716,7382088,2369,2369,663.4681352625747,124750.70371120186,315439.2627975963,61601219759,91.48638298048922,287.6341450945813,48,706.2829881986371,7989.071247737498,4.76537,6.25966,132.015,55.9088,167.055,-21.4074,73.1018,64.7876,12.9845,55.3739,77.494,35.1293,0,0,0,0
2717,7387523,2370,2370,597.9067135060546,121080.03185943444,236412.4061961769,61686763819,143.15022387743664,288.9801494513359,48,643.4731610525492,8068.25525115655,5.7774,14.2019,120.201,49.8976,166.262,-22.7832,73.0753,57.1253,8.61568,50.4243,42.3374,32.7721,0,0,0,0
2718,7392960,2372,2372,522.5084327153979,127191.80308281395,145823.2591758876,61757961657,147.040300748873,334.5673904351642,48,653.0561918633264,8033.875818453163,-23.1975,12.1401,136.377,26.8035,166.309,-42.0764,74.5871,41.9966,15.9286,56.2243,26.3975,31.0184,0,0,0,0
2719,7398399,2374,2374,490.63160684648733,127390.28285924706,113329.09077751904,61843379372,111.95072428913164,297.95823653128474,48,580.7265246677196,7959.141782158781,-25.2917,9.1463,123.627,26.7126,158.527,-16.4468,76.837,23.5822,-3.30899,65.6357,26.8134,24.7978,0,0,0,0
2720,7403840,2376,2376,460.85620432957154,136497.1500563664,75891.2910126934,61928259890,143.23982534695097,362.1715586295195,48,610.9255582469118,8126.02355982004,-26.3728,4.01251,142.791,20.759,159.163,-42.6652,81.8814,7.01254,-5.99673,65.7827,26.4173,28.0715,0,0,0,0
2721,7409283,2377,2377,403.20188448125515,135982.84658920855,26588.913060026884,62003779226,90.23526206537468,367.2921291984372,48,585.651282067764,8139.593122475801,-45.5731,29.0825,128.03,-7.34317,157.288,-33.0457,72.2999,16.1697,-5.26277,65.7911,4.8168,20.9487,0,0,0,0
2722,7414728,2379,2379,397.3914687816092,139876.03521413292,18043.94424627177,62101725497,113.4929104701817,415.12371378461586,48,571.3813698979358,8115.461094777863,-22.7603,16.0126,121.186,-3.22647,172.251,-56.1755,61.6323,19.934,-4.83264,59.6637,14.366,19.3407,0,0,0,0
2723,7420175,2381,2381,364.5856194224604,123898.1750525943,9024.498837064835,62191079678,135.85996146568084,374.28888693904366,48,532.6372336550423,7909.8002194159235,-17.0667,24.0107,90.7007,7.66846,154.451,-44.6381,33.7783,37.9935,-12.0157,78.0331,-10.3053,21.9753,0,0,0,0
2724,7425624,2383,2383,385.1163134659267,115992.4012193389,32322.173678246996,62270914300,76.3775042021914,328.0310106038489,48,536.6295215460034,7768.67847975161,-24.3602,43.0046,81.775,22.7756,144.646,-39.0186,28.0164,48.9654,2.11258,64.3424,-12.3779,25.2349,0,0,0,0
2725,7431075,2384,2384,469.94558816477786,126614.67771104226,94234.17812449674,62358528516,50.39419501297192,347.0157960517593,48,587.2520103143626,8060.052065158512,-16.7727,43.0665,106.207,23.7329,149.515,-29.3216,31.599,42.7762,24.6292,83.4584,-12.5589,23.6155,0,0,0,0
2726,7436528,2386,2386,474.67395449459605,128290.30742113052,97025.05565440732,62447176978,120.72329231983883,404.3299624711907,48,521.8962311171745,8067.945453482675,-11.1723,38.9885,113.487,17.9101,138.711,-4.6214,26.5803,49.1635,17.9701,77.4826,-7.81744,17.9925,0,0,0,0
2727,7441983,2388,2388,483.5088243046938,128296.30691012743,105484.47627037982,62524653146,-24.056069304224593,387.6127818750697,48,570.8552943265137,7980.152646904573,-25.691,45.1143,128.91,12.7911,125.824,3.08161,28.0827,49.5942,15.8854,95.6374,-17.9822,22.2616,0,0,0,0
2728,7447440,2390,2390,438.751075155547,113436.75280607946,79065.75314406902,62620227569,34.15340737073353,344.30476274527115,48,469.5765397658728,7811.199199576332,-10.1967,47.1001,95.2491,9.95669,127.769,4.77212,19.2207,23.7522,30.6213,73.481,-5.21604,22.2412,0,0,0,0
2729,7452899,2391,2391,492.91235783327465,128113.64935534619,114848.94314941199,62704001525,36.167519278332634,360.0469750064443,48,547.98181712622,8133.129384542501,-13.8215,46.1539,86.5903,16.1273,153.791,10.8755,24.3678,12.958,61.7464,71.8104,-13.7132,36.0265,0,0,0,0
2730,7458360,2393,2393,420.85306494392364,137991.32389729607,39125.97837539835,62778335938,-27.44781595987496,368.9460488305986,48,537.6516562767157,8237.242030005891,-39.4333,49.2036,81.0637,19.1399,129.056,27.3286,37.5996,-10.149,49.1577,65.2069,-8.81697,21.4961,0,0,0,0
2731,7463823,2395,2395,339.9461262202556,135571.69505971973,-20008.326327561765,62853099655,-42.303091147303576,386.4855866491332,48,505.20118349729347,8209.756875560755,-64.1643,44.3213,81.5391,15.23,112.078,12.9368,48.004,8.8166,37.611,46.3888,-18.4632,15.6477,0,0,0,0
2732,7469288,2397,2397,293.7655507585093,134210.36874365923,-47912.16993120893,62937759369,-47.66159215431901,409.8957888023675,48,456.1779316810527,8287.831088109886,-66.8822,56.299,59.9302,12.5322,112.016,10.9608,39.4151,-0.126676,20.3261,50.8435,-14.1973,12.6491,0,0,0,0
2733,7474755,2398,2398,191.54755639525115,143641.00572176804,-106950.53936077612,63018335297,-75.9339112620163,420.038493044396,48,451.55958214704447,8330.074091109822,-81.7193,59.4805,52.4648,-9.46395,96.3473,16.7273,20.6429,-17.6459,2.75509,67.1136,-21.1769,6.02214,0,0,0,0
2734,7480224,2400,2400,264.5106106215952,149588.64741029436,-79622.7842788852,63116782553,-25.587824352692223,387.15809866991754,48,475.0197374026844,8504.59240768062,-51.5434,58.5221,93.8478,-20.2401,84.3597,18.4176,29.6074,-23.6813,8.99275,66.4981,-9.78977,9.51959,0,0,0,0
2735,7485695,2402,2402,217.67848473070472,135625.96524588452,-88242.04253122887,63206047549,-98.94950940194411,416.4236564797846,49,463.2246057347523,8287.206906516874,-47.4865,54.6316,91.5879,-25.164,55.8589,35.0357,37.8388,-18.6315,-5.48833,63.0953,-26.0027,2.40324,0,0,0,0
2736,7491168,2404,2404,213.0950668401698,117576.63934965327,-72167.13183803683,63294656515,-73.82096531179258,358.3598878863899,49,371.98535861889957,8035.7492725367,-42.4167,56.7371,76.8877,-3.87796,28.624,39.8755,20.1544,-8.91629,0.132945,70.1285,-23.6111,-0.623114,0,0,0,0
2737,7496643,2405,2405,180.7205661406291,113152.1983706927,-80492.2753445032,63371572491,-90.67962831924388,367.85826628848645,49,470.4406671844546,7965.49397583194,-61.4659,49.9104,92.5463,-15.7369,36.87,38.5633,11.3786,-30.9596,8.36375,80.3033,-36.6977,7.64495,0,0,0,0
2738,7502120,2407,2407,168.6408330897154,105473.82604315504,-77034.0954579618,63452085856,-105.91052916955022,386.1691904668217,49,441.34848354579293,7959.736517431756,-72.5022,58.9439,82.1219,0.548366,13.9564,40.4166,15.8781,-29.7261,-12.3203,82.001,-21.8052,11.1283,0,0,0,0
2739,7507599,2409,2409,132.39221322241866,111486.38190226484,-93958.68378033447,63534129740,-138.03147716788447,384.6835907034737,49,484.15404904635903,7956.516009899248,-84.6575,49.1811,92.7724,-14.2424,37.2039,46.2665,17.7415,-35.329,-28.3081,55.2457,-13.3439,9.86208,0,0,0,0
2740,7513080,2411,2411,203.82167712394352,100005.75498771996,-58462.478922102884,63614393619,-164.81909792799223,378.2947862499539,49,501.2759043043174,7684.372724019753,-96.7999,54.2785,79.3369,8.03159,54.5248,62.8732,17.3281,-22.266,-29.6612,53.7666,3.28729,19.1218,0,0,0,0
2741,7518563,2412,2412,303.0168816075723,106998.44875078564,-15179.218211608139,63712943421,-146.35240858839762,426.9469641712048,49,512.2697736578946,7878.695263938112,-73.0613,50.4437,69.9754,42.2323,66.5186,52.7956,29.9039,1.53691,-31.5652,51.5907,8.77929,33.8669,0,0,0,0
2742,7524048,2414,2414,273.3093169160837,109988.73814804801,-35290.755434911756,63803980948,-98.35038586619436,389.4558354669695,49,457.0006420404464,7935.176650889622,-68.3097,54.6049,50.6038,33.499,88.7572,23.648,17.1235,16.2035,-23.536,46.7292,7.51199,26.4739,0,0,0,0
2743,7529535,2416,2416,248.93145317039716,104581.58411599784,-42614.71573847221,63889119505,-72.77634893716498,364.76637318020306,49,449.6837955487508,7786.106894716491,-73.6772,59.8339,37.3748,25.8474,69.1567,24.1626,22.177,18.3451,-26.699,55.4149,5.77915,31.2161,0,0,0,0
2744,7535024,2418,2418,261.21809116210557,110902.5815366158,-42667.69038624171,63982401106,-53.040494568871225,441.4057136239183,49,437.236637108452,8170.144180834892,-62.0317,54.9232,45.9929,6.1804,42.2241,54.0852,43.5671,16.4061,-25.9776,64.2687,1.23541,20.3442,0,0,0,0
2745,7540515,2419,2419,278.31892852215475,104556.97766076517,-27095.551687044892,64069280304,-39.47773340852541,397.54995339559036,49,497.437075177596,7996.007604520941,-63.5052,42.216,62.7528,5.36583,41.2927,56.0072,42.2342,33.2492,-39.6544,78.198,-6.39951,26.562,0,0,0,0
2746,7546008,2421,2421,368.58270631387444,109743.91363114007,26109.297762519753,64171314158,9.38251268050476,354.60334132944945,49,504.79534470977245,7990.995774928062,-31.9658,43.3691,66.4331,8.84596,38.6839,64.5233,50.0188,27.776,-36.1406,92.3417,22.6416,22.0555,0,0,0,0
2747,7551503,2423,2423,380.4611639077339,113513.97462805272,31236.722613974867,64258471495,21.885593565934812,354.2164450246725,49,505.8171081413498,8128.029767237396,-28.5454,52.59,87.3281,7.02791,24.7484,64.361,42.4979,25.9205,-34.1326,87.719,38.128,12.8184,0,0,0,0
2748,7557000,2425,2425,385.8421448554038,116914.84565458758,31959.315092030796,64343005741,22.153381772376292,453.27050338943457,49,520.440944115295,8220.315300216096,-35.112,58.8069,76.9956,0.496803,21.0526,75.1955,58.8886,20.6932,-32.1874,74.9932,53.2294,12.7897,0,0,0,0
2749,7562499,2426,2426,389.994041960854,106271.14742008307,45824.205344881295,64433377467,45.08743678659209,414.5985164474488,49,498.72700655769563,8038.179384648598,-31.7976,69.0916,35.8091,-2.18201,11.1908,91.1184,69.9387,29.923,-20.3869,84.8285,41.5419,10.9187,0,0,0,0
2750,7568000,2428,2428,335.93436944571437,111636.16854859226,1215.732026297439,64512461753,1.763700813568562,460.5487278159047,49,461.9651300582828,8184.6714011530985,-49.4703,72.2366,34.6099,-5.79277,11.4886,98.037,58.3329,24.9779,-7.75235,70.4895,13.9913,14.786,0,0,0,0
2751,7573503,2430,2430,249.71668916964984,110481.39021628232,-48122.965366430806,64597278869,-25.381046299348554,460.9368859661413,49,417.6183352340498,8055.977777087111,-61.2619,54.5852,18.5576,-7.39976,-1.04812,82.384,73.0872,14.0362,-11.8177,66.383,-2.42333,24.6344,0,0,0,0
2752,7579008,2432,2432,290.42603742244114,98051.6562945057,-13704.373081604514,64685697211,-38.13113405767206,402.35403524217793,49,426.10430513237657,7941.659098555424,-59.0406,49.7939,21.2771,4.05335,3.07751,74.456,61.0344,35.785,-8.7985,71.0781,15.5809,22.1289,0,0,0,0
2753,7584515,2434,2434,301.24263562381515,101127.68963107232,-10380.564113489658,64770765073,-22.544992487023137,413.77375936643375,49,445.91856689171203,7981.2121697249295,-62.9383,53.0706,35.283,2.43554,-5.7072,74.6263,63.1607,27.3986,-3.69242,81.4567,12.3911,23.7581,0,0,0,0
2754,7590024,2435,2435,331.2198950702413,108362.19054625368,1344.4283440879808,64870298418,-54.909866982611106,402.184655693257,49,414.8660197181716,8255.840190155628,-41.8231,43.3432,22.0664,19.0366,6.50336,68.0443,70.642,26.3498,13.4381,77.7582,8.61576,17.2454,0,0,0,0
2755,7595535,2437,2437,329.87044867822317,107024.93410030234,1789.5788108699198,64960850142,-91.65329445837278,380.312516223707,49,401.5240477162448,8290.5830447816,-35.8268,37.6836,20.1345,32.2629,6.0326,70.7094,53.9492,31.5012,16.8352,80.1652,1.94441,14.4791,0,0,0,0
2756,7601048,2439,2439,379.1282150492163,107627.27650012502,36110.92694627978,65044661894,-27.27213941878972,311.3923605393263,49,502.86530819822923,8070.584316513593,-39.8175,36.8843,53.9779,34.9279,-14.6011,113.795,62.9819,29.8278,22.8647,76.3642,-7.44987,9.37312,0,0,0,0
2757,7606563,2441,2441,403.7243414295122,104353.68236831171,58639.66149438164,65145743144,5.15320436198499,335.0773074536869,49,472.5380178373858,7945.210304046597,-15.9273,26.2884,59.8926,34.2959,-18.4795,111.533,62.7343,20.488,16.491,82.386,10.9303,13.0911,0,0,0,0
2758,7612080,2442,2442,443.3635320460458,105390.40906880604,91180.81247953905,65227828329,2.3397973558464855,295.8385372842015,49,519.6480413155664,7945.654520646759,-24.024,38.5529,79.9404,31.7298,-14.1182,107.535,60.7612,12.3544,12.1999,92.4961,26.3464,19.5896,0,0,0,0
2759,7617599,2444,2444,467.5228061076276,98984.03255538992,119593.54167536044,65321485141,54.29168556668719,254.36175824225393,49,543.3562107938786,7914.481621820421,-13.2398,28.8852,86.9902,43.3937,-24.6769,104.199,77.5977,32.9306,2.90524,77.1135,22.47,28.9542,0,0,0,0
2760,7623120,2446,2446,392.76886712400034,99722.46425785068,54544.91872401997,65388427231,6.583434484435429,314.9657244430257,49,538.297641889837,7956.1372773095145,-59.4426,39.2135,67.9548,27.7435,-13.3218,112.102,72.6371,33.8211,8.24794,52.1578,29.9745,21.6807,0,0,0,0
2761,7628643,2448,2448,514.1050266742355,100289.79572958502,164014.1827221314,65500730503,3.748002367585741,250.260085457277,49,535.5336343806683,7886.912764675811,-7.76431,38.6096,87.9935,31.3205,8.79127,98.0902,79.023,42.0564,30.3604,59.4469,49.1277,-2.94999,0,0,0,0
2762,7634168,2449,2449,461.77401188046736,99770.95878226178,113464.27926592024,65574153731,-36.59716578095333,253.88016099780054,49,533.9201555769711,7819.62171904106,-36.0731,47.866,94.0212,20.0419,12.3857,75.6721,87.3237,25.0991,0.479336,55.3723,71.6665,7.91931,0,0,0,0
2763,7639695,2451,2451,392.8138827045573,96939.75822048877,57362.98822494091,65657349148,-86.67927738493847,270.7520488412662,49,547.4310710920756,7918.052891140356,-50.5008,45.3258,69.2642,13.3902,24.4182,77.9039,79.4344,19.5192,-13.1,56.3987,84.4679,-13.7078,0,0,0,0
2764,7645224,2453,2453,319.26659787054905,109387.12782894458,-7455.967313109708,65734851049,-74.36318076211569,288.040789258768,49,476.2655664498452,8175.156589784691,-70.9156,66.646,65.1386,7.17602,6.84179,66.5568,57.0009,13.2798,2.2102,31.6331,81.2829,-7.58392,0,0,0,0
2765,7650755,2455,2455,309.3836529650399,107095.20753132347,-11376.96280933122,65833506428,-72.89563062677121,301.56678503547323,49,451.96809710037576,8180.699975168058,-56.4493,59.034,46.4415,7.66305,8.26622,66.4606,79.4727,4.41981,-4.35314,35.9829,72.9352,-10.4898,0,0,0,0
2766,7656288,2457,2457,338.37219334498343,102762.84010000224,11732.9011290926,65924930248,-68.29314183140491,281.5529359090451,49,497.39215478609697,8134.788647856118,-48.97,69.4179,23.4501,41.3684,-2.54774,75.3606,80.6854,10.2736,20.7398,14.3291,82.2573,-27.9922,0,0,0,0
2767,7661823,2458,2458,315.8158875463358,96417.59279012373,3322.0820365560794,66008479584,-68.46292613454818,240.71478384053455,49,489.550426627823,8002.9324957965655,-61.6097,60.8696,27.7449,40.8532,-5.88195,77.1068,66.9779,20.6017,43.5667,10.4572,54.5051,-19.3756,0,0,0,0
2768,7667360,2460,2460,375.29288966218263,92837.03099537025,48007.72203562093,66102826202,-39.03765509434925,233.44223352533572,49,531.487928314971,7930.204158209853,-51.2364,60.1817,20.8836,49.4739,-0.71052,86.2445,79.2708,18.7377,45.2747,27.1825,66.141,-26.1506,0,0,0,0
2769,7672899,2462,2462,395.77144099277393,102742.1997217203,53892.83378377644,66197828742,-17.87408248271936,260.70754434413993,49,538.5181714099449,8201.175623043055,-37.9821,75.6972,15.0252,49.2465,-8.37155,88.894,66.007,21.4957,39.4978,41.1987,70.0828,-25.0197,0,0,0,0
2770,7678440,2464,2464,422.07886045985117,97042.1742279868,81108.3902190997,66285259845,-40.754193858505005,247.73560946653856,49,536.8496252113231,8002.07158753431,-41.7148,68.073,25.298,51.8631,0.0473467,80.0475,62.3863,13.3489,51.4288,47.3748,79.5965,-15.6706,0,0,0,0
2771,7683983,2465,2465,317.5856831130704,85321.13383821545,15539.532280180109,66368042492,-30.066672759101834,272.65089691542164,49,454.64649923297935,7739.216576653169,-59.5664,57.5166,10.5728,60.4837,-5.30532,50.69,55.3239,18.5766,22.0221,43.6165,67.3139,-3.65871,0,0,0,0
2772,7689528,2467,2467,377.1656494697528,80662.35204429837,61591.57509564207,66463467961,-21.48259014933342,253.12601174684437,49,496.1351572756895,7830.61830117054,-46.405,49.9562,38.7642,64.3124,-1.89145,54.421,48.7095,23.9921,24.7454,38.101,93.6485,-11.1883,0,0,0,0
2773,7695075,2469,2469,385.98834703403253,92368.4035419443,56618.60050412042,66553470041,-29.192757709280727,253.37204993904663,49,518.5774770386433,7902.01033422666,-43.3626,54.4636,62.0981,42.846,-4.72342,73.809,44.1803,-0.157613,14.3655,55.0228,105.498,-18.0509,0,0,0,0
2774,7700624,2471,2471,436.2120182731228,84584.41550580267,105696.50938010856,66643315394,-22.476830980354634,244.97933444302134,49,555.6113953126508,7836.593056157719,-42.3072,54.8314,51.3526,73.6739,0.921076,87.5391,62.3809,-6.83405,33.6849,43.3009,88.227,-10.5585,0,0,0,0
2775,7706175,2473,2473,382.88529732686925,91471.76949979356,55129.3814092915,66733444501,-89.28219902724834,232.0622399378277,49,506.53749315114305,7966.389491764972,-44.3707,56.4024,38.8205,58.2775,9.5665,75.1035,46.1993,-17.4554,34.4688,24.6422,87.8176,13.4131,0,0,0,0
2776,7711728,2474,2474,418.9498753050813,98405.76834566347,77113.2296724797,66824482390,-99.85314644555103,211.15512713441024,49,495.7922995306091,8067.523973843315,-38.4212,74.8339,40.9919,55.168,6.80504,65.2406,59.4043,3.44824,22.9125,19.733,88.9354,19.8982,0,0,0,0
2777,7717283,2476,2476,406.25424319686255,97285.99773037664,67756.51238507891,66915170703,-133.10468304539722,254.36548013318748,49,481.43554857216196,8153.513902871563,-37.5907,68.3332,40.4496,55.9133,10.1248,52.2077,47.7738,15.0033,38.0315,21.6791,71.0342,23.2944,0,0,0,0
2778,7722840,2478,2478,451.75695327013375,90798.40613209843,113285.93869581536,67008516451,-132.54066863589082,275.9600304237347,49,509.25119492512306,7955.872437833363,-28.7471,76.8284,44.7533,63.6504,27.6855,36.8517,43.2394,8.61087,53.9305,4.22521,93.9696,26.7591,0,0,0,0
2779,7728399,2480,2480,408.8233868508898,99374.12122842109,67762.44040781118,67095414284,-143.3689539574483,271.7412162453976,49,478.86836058868283,8110.489948697686,-35.0225,69.3914,56.2748,48.4651,19.082,50.0681,53.2594,10.3743,34.7264,1.06042,58.8839,42.26,0,0,0,0
2780,7733960,2482,2482,390.9888700072354,97345.24897215755,55527.04749737725,67184379000,-149.98213200265127,302.03138668506017,49,490.9232828379529,7963.692827442376,-40.2849,47.8149,61.6385,42.3422,42.5503,60.8712,37.8979,-9.68232,36.6656,12.9841,68.4383,29.7531,0,0,0,0
2781,7739523,2483,2483,349.5937463378529,93633.46579662536,28582.321681909685,67270895984,-139.86898607833564,281.7960148606476,49,481.86729040862673,7877.202883851776,-50.6662,49.4415,34.077,49.9949,48.2561,71.6704,32.833,-13.1778,28.5628,-2.29276,71.1194,29.7754,0,0,0,0
2782,7745088,2485,2485,319.29585202249183,85276.27137988157,16673.569738887425,67369117696,-91.03939573213802,237.9698503021025,49,425.67157012834883,7940.892545024106,-39.0345,33.9287,34.5045,54.9422,46.4859,47.803,37.7342,-11.1266,26.0684,-3.02674,63.1364,27.8803,0,0,0,0
2783,7750655,2487,2487,266.15060253690393,89373.06449704125,-18536.921266284247,67451767041,-52.666475266559814,234.36587862377348,49,420.90273570106973,7991.377041809007,-57.5217,27.4836,36.1463,49.7427,39.2779,43.6131,48.1987,-14.4784,43.4976,-5.37604,43.2014,12.3655,0,0,0,0
2784,7756224,2489,2489,290.38893296955285,85946.45888976497,-1620.7264985695074,67549284806,-54.41524429612514,216.602881562726,49,388.4655849876563,7974.043970012163,-43.9959,27.0344,36.4925,43.604,27.4956,57.7325,60.5743,-4.43808,38.9187,-0.604342,41.8328,5.7423,0,0,0,0
2785,7761795,2490,2490,242.11089249602827,88453.21435939711,-29835.53009417375,67635896690,-85.64431949584252,267.38311368425536,49,375.3809430308177,8025.2911396167965,-52.589,35.653,20.0513,34.4693,25.117,38.6104,70.4101,-12.6527,21.9144,9.64702,52.8733,-1.39331,0,0,0,0
2786,7767368,2492,2492,181.41459898990547,82081.27730592882,-49170.02057926061,67721561414,-89.48938801839097,293.7088395341199,49,387.3835455795029,7885.779001637224,-64.1691,42.1321,11.6026,35.4013,27.6589,35.6598,38.9542,-21.791,25.837,8.66195,58.4912,-17.0243,0,0,0,0
2787,7772943,2494,2494,236.05499601209522,86865.05353461909,-31143.0923923488,67813121928,-77.44557539766117,315.4175775516011,49,380.3855217914338,8108.574167039239,-61.8681,39.8144,38.2252,12.1871,29.1997,44.3731,49.7686,-7.66349,21.6451,22.5931,50.4139,-2.63365,0,0,0,0
2788,7778520,2496,2496,179.70831670487206,82179.83769300388,-49884.758600105284,67906249466,-76.36192116467839,320.4335858806934,49,363.8944208997099,8041.888227652879,-58.5541,47.3572,29.7636,-2.81554,8.89207,60.2528,42.8746,-29.3395,24.1481,2.09347,56.4195,-1.3839,0,0,0,0
2789,7784099,2498,2498,209.53877996161953,92293.69838753398,-48387.19807972998,67996919904,-6.060414355023454,338.0830419606215,49,355.4037681598703,8171.291262973982,-57.359,59.9677,20.376,8.10867,23.1802,57.6213,40.2436,-14.4078,31.5514,2.26839,39.154,-1.16569,0,0,0,0
2790,7789680,2499,2499,138.65235516672448,94049.05902509937,-74824.58343181986,68066796794,-67.38317814837569,405.2848618520104,49,387.98612987730513,8047.218144508669,-102.151,57.5742,-1.02347,18.0271,-0.125895,67.4183,39.7025,-21.3666,35.4574,8.25619,25.7758,11.1078,0,0,0,0
2791,7795263,2501,2501,135.09939191947632,101780.5488386167,-83528.70314160443,68160849290,-83.92507585831794,411.6598763177968,50,474.44225271340696,8181.9150581534,-100.062,57.2483,-23.2772,18.9478,18.5676,68.1301,50.1552,-35.4261,25.6695,-10.9064,54.1999,11.8525,0,0,0,0
2792,7800848,2503,2503,163.0788125975584,97365.20669424713,-70770.50757601755,68255736540,-56.42903703888015,308.5925040312872,50,475.6385256225928,8063.945368469866,-91.9595,47.7831,12.2413,13.0788,7.008,73.3284,71.6096,-47.2098,30.9797,-17.1106,57.3555,5.97418,0,0,0,0
2793,7806435,2505,2505,179.43855563365616,92357.94302885965,-60159.74778096693,68360105450,-41.67557847877657,344.21632404801693,50,428.57953123796995,8060.396653515347,-66.9761,46.5209,14.0465,8.91508,3.52788,72.2822,50.5342,-40.6017,45.6985,-16.9927,59.9976,2.48617,0,0,0,0
2794,7812024,2507,2507,210.9995554795981,97912.35654068837,-53391.54412810038,68451890660,-74.59198637935538,315.36593230956555,50,440.57972313658416,8054.208419994137,-63.9798,50.1193,19.6289,12.0434,0.136349,91.1576,65.5101,-35.9384,37.0144,-14.8719,42.965,7.21449,0,0,0,0
2795,7817615,2508,2508,199.89233719925988,107385.09160077728,-67428.14512979466,68541734274,-74.9381859048658,326.9932950513032,50,454.2003766445883,8287.499289331507,-67.1023,59.7855,0.56719,19.9491,1.65669,91.2699,58.9684,-38.005,36.8193,-22.0468,46.6456,11.3848,0,0,0,0
2796,7823208,2510,2510,240.11576335249327,110203.12954963188,-52547.54973928133,68625085320,-84.13015092673965,335.00001833212144,50,531.2699093459794,8300.310744352475,-79.2118,67.4475,-0.86161,51.0666,28.1715,57.3866,63.4207,-42.5907,38.1309,-22.913,66.4785,13.5905,0,0,0,0
2797,7828803,2512,2512,240.883855409241,116717.61862565455,-58692.58682883443,68717645349,-109.14052717618858,323.2776887154947,50,543.5367279113029,8411.348427010369,-81.4401,62.1773,-4.07633,30.962,49.845,43.5,54.6054,-39.2786,44.5362,-26.5314,76.1116,30.4728,0,0,0,0
2798,7834400,2514,2514,200.89870843389122,114084.57479747548,-73724.28374706984,68803600434,-142.01311466978274,324.97996744678375,50,543.9436271677093,8480.695076579872,-92.6555,57.7677,12.7699,29.0752,49.355,45.2849,33.8748,-46.9103,44.4505,-31.9566,62.3693,37.4739,0,0,0,0
2799,7839999,2516,2516,226.36057957838835,118432.60074776819,-67193.48876070429,68905264763,-155.34439933706375,316.21605721023735,50,552.9859122963619,8445.324072520007,-72.9897,57.5611,2.54712,47.1917,45.2721,35.2403,45.2487,-45.3024,52.8659,-45.0206,64.7539,38.9924,0,0,0,0
2800,7845600,2517,2517,306.28608388209966,113947.40611958914,-20136.24093975655,69007500059,-98.23570954086091,269.70305430540344,50,592.2669718605285,8514.45673145687,-52.311,50.2151,-5.6178,81.1441,43.6157,39.5096,54.7781,-34.9924,59.464,-50.0693,84.6001,35.9499,0,0,0,0
2801,7851203,2519,2519,233.82508620323733,106083.90438296596,-51409.73344501459,69098382355,-44.4286993123352,298.83547341088195,50,547.8932251458436,8225.138699765823,-58.751,46.9368,-13.7807,57.2508,29.3593,48.2869,52.4005,-23.3255,54.0638,-61.1769,72.5621,29.999,0,0,0,0
2802,7856808,2521,2521,286.4974568963593,108447.32128788377,-26366.528479802495,69186161749,-113.20793283755205,330.46014091723606,50,524.5265532784995,8144.468791105592,-66.1781,43.6545,-7.95361,76.4984,46.1034,40.3187,54.581,-4.73589,41.6691,-40.147,68.8293,33.8576,0,0,0,0
2803,7862415,2523,2523,365.8546403794138,116202.57595411166,17647.04193303855,69278685108,-12.008488078014125,312.5172425035089,50,559.2410375215212,8457.50488932386,-61.7239,52.4398,9.08744,79.5249,48.7671,35.1788,64.9411,8.66615,51.6691,-34.9693,86.016,26.2575,0,0,0,0
2804,7868024,2525,2525,295.23740073736263,119389.70873853486,-32224.5859443808,69366969983,-55.466368071179545,355.8272650213013,50,527.2210426655765,8396.713524203802,-72.2568,52.0858,2.83252,61.7649,33.509,36.4573,65.5643,8.94832,54.5755,-43.735,69.1222,26.3693,0,0,0,0
2805,7873635,2526,2526,347.5913389124019,127479.52838600085,-6659.789499084611,69473911405,-57.653681158842005,302.04763895794156,50,524.5833871763209,8514.390711172697,-45.9085,47.9347,-10.1376,63.8538,44.8445,43.3073,78.2781,6.4491,59.0809,-32.4499,75.1038,17.2351,0,0,0,0
2806,7879248,2528,2528,373.5977127012669,112551.78101944052,27023.46991617787,69565057458,-33.24596981413714,282.73514275288045,50,532.4390577651717,8347.476521373235,-48.5473,42.6444,-3.33041,69.0872,53.8163,44.2502,84.106,3.77025,61.6982,-27.543,80.2792,13.3666,0,0,0,0
2807,7884863,2530,2530,391.6910326703344,101585.60355452448,51836.26151982846,69659385556,-26.510739927492182,292.27142093340933,50,526.7812742182737,8187.2445719761345,-43.3048,40.4216,11.8342,85.1011,53.5542,39.3599,77.728,-5.01192,65.0897,-19.2284,78.7832,7.36425,0,0,0,0
2808,7890480,2532,2532,355.7856067552277,101249.19632423196,25334.201649953582,69748745100,-4.508721587528612,305.6401175783109,50,525.1871132057806,8363.268267321231,-53.0493,33.1949,11.7003,80.3985,58.0439,30.3747,82.2546,-19.174,72.1959,-12.4774,56.3351,15.9885,0,0,0,0
2809,7896099,2534,2534,363.2614881860501,117784.7032566887,14174.205542455093,69843738584,14.04930525903228,294.4631237730107,50,542.7068145816521,8540.754569087701,-49.9126,21.0358,26.712,60.624,78.688,31.7214,82.7013,-27.2453,63.2016,-12.5648,54.6772,33.6229,0,0,0,0
2810,7901720,2535,2535,343.58651521731355,110169.03215719984,7882.661281977402,69928712471,-40.79957265139063,266.86166023086236,50,586.7151858613008,8355.484232087807,-68.763,-2.26266,20.7829,95.8445,72.6556,23.4146,82.0483,-25.9315,75.3181,-24.6072,52.1038,42.983,0,0,0,0
2811,7907343,2537,2537,341.0597342234208,107495.55738907107,8826.184919479347,70023483169,-26.62970680599841,265.86158075117515,50,584.5103825230517,8156.223795544822,-62.7321,12.6418,16.8566,99.9911,65.1455,31.7586,68.6632,-26.1866,78.6161,-32.8067,58.0988,31.0133,0,0,0,0
2812,7912968,2539,2539,349.3900556222444,113507.87670899446,8565.534258720581,70120316959,-5.080063248237934,338.08875928154146,50,537.519277590336,8359.173890456996,-55.6883,14.407,10.8463,103.274,45.8621,42.7683,59.1036,-13.1514,74.0222,-25.2249,67.0433,26.1278,0,0,0,0
2813,7918595,2541,2541,363.5385781674086,107841.1807696101,24319.117046370957,70211998234,24.818510713392072,320.8675560795786,50,579.8944726581631,8228.459322841813,-55.7632,22.2399,7.97823,120.561,49.5801,48.8666,50.5564,-16.1871,73.7136,-36.2277,72.1128,26.108,0,0,0,0
2814,7924224,2543,2543,300.13388829769497,103714.47043281271,-13634.119528119467,70313497891,-16.11071013873527,262.5465728519579,50,511.07848248358505,8140.930053312863,-43.8251,26.0687,-2.96832,94.8395,47.219,46.8799,35.9856,-0.154237,63.919,-58.5246,58.4404,32.2541,0,0,0,0
2815,7929855,2544,2544,341.366346949202,110468.86145966564,6062.12136977732,70403635823,-19.75231240485067,278.27373031543317,50,524.630285754249,8208.20465663456,-48.0058,20.9651,14.2973,97.9727,57.2556,39.737,51.3416,7.69267,50.5433,-43.6262,63.711,29.482,0,0,0,0
2816,7935488,2546,2546,374.23315223048337,113338.53136415624,26711.92086420789,70504831550,-75.4117980680848,267.80523051650295,50,513.0456593594093,8229.758987570747,-30.1736,25.7223,19.3389,97.5402,36.7241,48.0682,47.9531,-2.38884,69.2333,-36.8439,87.8279,11.2315,0,0,0,0
2817,7941123,2548,2548,388.6211621408118,121244.01287254086,29782.394791134284,70594758285,-56.98813018916593,258.32385509203056,50,533.0710943673844,8385.384540692889,-37.46,18.6823,23.5234,102.663,60.5172,24.0821,55.4758,3.73634,60.3424,-34.765,95.8538,15.9701,0,0,0,0
2818,7946760,2550,2550,404.36803266420753,120164.71381811822,43348.792022603375,70697732513,-1.9544350153108212,231.48751168671646,50,473.9554268485172,8438.334319904832,-22.7335,6.50309,15.697,96.0784,83.3857,10.0884,67.7363,14.3279,52.6263,-12.0602,71.7217,20.9969,0,0,0,0
2819,7952399,2552,2552,351.93860471166425,113714.12861182808,10146.652874564985,70786306545,24.3553177694165,273.85912815345284,50,426.1579045872715,8300.88071688508,-34.1258,9.39147,-2.98388,116.495,72.1709,17.0174,49.2645,6.16513,34.737,3.62278,60.3356,19.8482,0,0,0,0
2820,7958040,2553,2553,272.07434751577165,119652.7680538702,-45628.31747773732,70867957036,-34.16803893885765,276.45715980278726,50,389.08449413354464,8345.09911200045,-58.5051,3.27584,14.1069,97.7493,66.0347,3.19259,41.7847,14.5765,8.73519,13.4444,58.5974,9.08191,0,0,0,0
2821,7963683,2555,2555,333.5141100140411,122008.56648675012,-10776.904908292228,70965361285,-75.64813862970158,267.11134575374564,50,430.309423297733,8387.205933433439,-48.0031,8.22781,29.415,104.156,85.656,-0.394596,36.9636,15.4012,8.34549,25.9538,65.8346,1.95847,0,0,0,0
2822,7969328,2557,2557,318.5190655240954,116031.9898212335,-14577.594718890497,71059872280,-49.23268555122695,268.9321564440522,50,422.80215142068124,8413.410326154644,-50.4881,0.0405454,17.6404,112.63,78.672,14.3665,26.9212,14.6224,-1.65342,29.2017,74.9754,1.59047,0,0,0,0
2823,7974975,2559,2559,303.16842691930253,117885.25805158353,-25974.162970859048,71160971283,-53.324803488419036,241.5119498974064,50,379.3521570188856,8418.916535750457,-38.0919,4.05609,8.08044,91.8085,86.6125,15.4585,24.2673,1.84414,18.7382,12.1352,76.6608,1.59856,0,0,0,0
2824,7980624,2561,2561,308.4583452207363,106489.67244914787,-11343.12171283293,71264296045,-51.915561859390266,210.65488947284376,50,359.9588863907476,8434.525533247624,-21.6827,-4.06759,25.2248,86.4224,75.0669,10.5363,16.6114,1.95844,46.1552,5.51219,63.0554,3.66557,0,0,0,0
2825,7986275,2562,2562,342.8033892852715,102634.41401115397,14879.74969431544,71360960710,-23.95660551447469,255.1835747175923,50,413.1762531708766,8267.051730091476,-15.3922,7.87634,26.6529,90.7392,82.8385,-11.219,27.394,15.4231,41.348,-8.57528,82.7703,2.94742,0,0,0,0
2826,7991928,2564,2564,372.2308195800614,103183.62205374402,35372.160991500205,71451336250,-28.666691973195043,267.9591478442677,50,457.6714543140239,8308.159459238123,-21.0887,26.8162,15.931,89.1995,76.8524,14.0344,31.4763,22.4792,52.3488,-21.6316,82.0045,3.80873,0,0,0,0
2827,7997583,2566,2566,362.6705682229466,106976.58306956984,24553.357985585113,71553079941,-21.056355908789726,259.2306512800779,50,410.28838308694014,8322.631842790433,-8.90396,10.8237,13.3511,104.663,76.6189,1.78296,28.0788,17.5934,40.8676,-12.8394,92.7001,-2.06558,0,0,0,0
2828,8003240,2568,2568,364.6320135343014,116939.89322576768,16016.612068311282,71638274253,-95.94195187485394,319.12489366327253,50,453.3888862841772,8574.711078199212,-24.7063,22.692,18.759,98.1125,78.3847,-4.97009,38.7687,19.8982,50.6448,-14.7021,71.5757,10.1747,0,0,0,0
2829,8008899,2570,2570,386.80630152465864,102900.8464366499,46718.26846253524,71741595929,-63.38661980212669,233.8070601946904,50,450.4009832170049,8190.292154225364,-9.62722,14.7631,27.098,106.639,45.2255,9.43272,35.0307,24.8292,44.8506,-22.1701,101.184,9.5501,0,0,0,0
2830,8014560,2572,2572,382.39325081442115,100206.10165040479,46018.496618016026,71830041338,-44.91860246545804,242.75483246419225,50,465.5432725638802,8275.532119577565,-21.5353,39.6949,11.5679,100.084,28.0692,32.4295,29.6306,24.0449,52.2598,-20.0397,84.9853,21.2016,0,0,0,0
2831,8020223,2573,2573,345.9753446707383,95143.85510721721,24555.08401281896,71917787966,-69.13173751730034,248.9565079497374,50,504.46763456697806,8151.36698956944,-35.5619,44.6944,16.1115,92.6081,-18.9282,69.2686,29.1558,22.0697,47.4579,-24.756,83.5436,20.3119,0,0,0,0
2832,8025888,2575,2575,318.16278802791476,104482.13266350636,-3254.572977810545,72019604473,-101.8661275609872,252.26720854951355,50,449.907060293079,8335.152006788416,-24.5757,38.6898,24.4286,61.2661,-4.33643,60.5821,36.6611,33.4669,55.2601,-36.96,73.1242,0.55595,0,0,0,0
2833,8031555,2577,2577,240.4667467696512,110911.13939180099,-53086.88308982143,72106717098,-147.24715060679455,283.5706188875247,50,405.9829932228696,8397.052476408804,-41.7081,41.7528,16.0311,45.6295,-9.26155,53.6555,34.173,19.8628,49.8431,-31.7885,51.5871,10.6901,0,0,0,0
2834,8037224,2579,2579,285.1228462399452,107348.68608612895,-26053.64863816151,72197605321,-151.39809392618662,356.5386115322413,50,425.40651338370395,8406.996655967792,-46.8276,57.6767,-0.588899,74.3612,-1.50459,60.0631,24.6914,14.242,45.3456,-21.2208,52.9607,25.9241,0,0,0,0
2835,8042895,2581,2581,320.6178661372075,107317.16321858391,-4521.3471322076075,72297334749,-191.00960105843734,333.4055947931684,50,402.8525793346991,8348.880264234976,-38.0657,49.8032,11.1472,62.7934,28.4865,40.8899,31.0205,18.34,28.461,-3.05168,68.6753,22.1182,0,0,0,0
2836,8048568,2582,2582,303.6048959287338,108476.50573319872,-16300.572901301435,72385713171,-160.71611608682537,301.76413111699395,50,426.27337948094777,8214.025937167402,-51.2909,45.7906,13.5161,71.5125,43.395,20.0492,29.5411,4.74561,33.142,-10.0434,66.9158,36.3312,0,0,0,0
2837,8054243,2584,2584,364.0171833747388,102177.7355843699,30330.774207708324,72481928415,-163.24519859122734,295.14594523826554,50,457.2865066537722,8287.672702399233,-46.6347,48.8456,32.1704,75.9367,48.2939,27.1907,20.4084,10.7659,28.068,4.14338,64.3692,50.4597,0,0,0,0
2838,8059920,2586,2586,336.2581500554625,101067.29721344754,12002.246265274414,72585590218,-135.75668451943864,263.14773071554725,50,437.9198222783171,8301.121425437213,-32.9656,56.8965,7.74294,70.5761,46.3606,16.1809,19.8228,5.0564,52.1375,-17.8653,56.2033,56.1119,0,0,0,0
2839,8065599,2588,2588,370.7527653487355,103845.59996714804,33612.01304658651,72684638337,-154.93084202605655,291.7271579955361,50,428.3994885297446,8312.85920352509,-24.415,59.015,23.3892,59.2197,57.3441,13.4206,31.8965,9.55343,39.9296,-4.40832,59.0372,46.7708,0,0,0,0
2840,8071280,2590,2590,327.6592717366549,107812.13737474366,-451.5390197486122,72777596989,-187.38135390643288,317.04081403693976,50,406.4659403339746,8474.41387215396,-30.8516,44.9944,48.0215,40.7753,54.2373,0.817115,33.6703,20.3089,60.924,-8.55171,36.6896,26.6242,0,0,0,0
2841,8076963,2592,2592,310.9977316733314,106762.87903504568,-10043.289929088263,72861012691,-171.5006107126756,300.2923026723226,50,434.64183102852803,8444.48648456423,-55.4068,50.1764,50.585,27.4831,48.9768,0.20698,42.0878,30.417,71.8349,-6.41525,18.8051,32.2467,0,0,0,0
2842,8082648,2593,2593,229.31928242363523,106196.9162691961,-53609.58297790512,72946835108,-227.49273379838542,347.6573490050753,50,442.474008032811,8362.217710633311,-76.9491,42.2193,39.281,50.2576,24.9578,5.02711,41.7687,19.4323,64.9361,-29.6283,20.1255,27.8912,0,0,0,0
2843,8088335,2595,2595,216.43819942318697,118172.25802591845,-71326.7638563672,73042553127,-269.76672239326575,371.4315934977258,50,443.6512082040293,8740.3159999588,-77.6099,46.3298,40.1189,41.8122,17.0079,17.1726,38.014,24.0048,81.3221,-34.6597,-1.33688,24.2624,0,0,0,0
2844,8094024,2597,2597,100.83919746552056,112883.10994231942,-102714.56619682918,73123139792,-288.1829539874534,410.69430173540127,50,409.93580086363886,8602.108301362612,-110.258,41.4362,30.6622,40.6527,21.8932,1.39412,16.874,24.2225,69.2292,-44.2904,6.9657,2.05753,0,0,0,0
2845,8099715,2599,2599,103.66334778439881,109758.0944270588,-99012.00475318957,73218981636,-239.00549618196828,390.2329648889488,50,426.430224780242,8587.554698695245,-115.024,34.6102,27.4891,29.1952,26.7836,21.8686,15.2053,15.2364,63.015,-46.3591,30.9983,0.645256,0,0,0,0
2846,8105408,2601,2601,109.27114480146565,103617.28817975608,-91677.1050935332,73310688398,-164.1683441294445,361.8332252947827,51,452.6899795038653,8313.80816922174,-121.778,30.6451,32.1652,50.0304,0.746427,43.7626,11.0658,22.2559,70.0221,-46.1036,20.2871,-3.82777,0,0,0,0
2847,8111103,2603,2603,111.6290289938213,104058.67575421778,-91597.63564011439,73412564471,-170.61929291468732,337.81673449198183,51,448.41127833150404,8355.858812867657,-110.65,42.8825,26.0556,40.7202,-6.04277,39.7493,21.9571,10.935,61.019,-39.6139,36.7013,-12.0842,0,0,0,0
2848,8116800,2604,2604,52.773829651655376,106423.86714669973,-103638.79005059779,73508880998,-176.39780402318758,336.60407186609126,51,452.4952421530655,8426.639381834975,-113.509,38.981,14.719,29.3958,21.7524,17.1283,27.0669,-21.3348,53.598,-52.7281,49.9933,-12.2883,0,0,0,0
2849,8122499,2606,2606,74.35901956335118,114180.87298793868,-108651.60919751583,73608586951,-136.48153385961973,338.8297912570449,51,451.8991551487939,8453.494529133919,-107.487,36.1469,16.5993,30.298,42.7907,2.43334,34.4837,-31.9398,58.0873,-38.4638,42.2899,-10.8792,0,0,0,0
2850,8128200,2608,2608,141.4291523666061,100286.77138847127,-80284.56624933459,73726844097,-108.08158967344212,320.68341734517327,51,422.9485063048828,8399.445064309952,-66.4522,20.3088,39.3962,32.045,44.829,-6.50858,42.7249,-35.7269,55.3762,-29.3887,47.5087,-2.68328,0,0,0,0
2851,8133903,2610,2610,101.7370732087818,109495.05505833848,-99144.62299324945,73814885970,-95.2600756045793,389.08705456787794,51,439.48059567349355,8436.657986991391,-83.5357,48.5383,0.338375,36.6443,26.787,-6.2887,55.2243,-27.8105,48.8926,-36.4758,54.184,-14.761,0,0,0,0
2852,8139608,2612,2612,51.69444799657839,107976.58147788337,-105304.26552421243,73900418087,-123.62940997873494,400.44131235223875,51,392.4616034355616,8415.443137253063,-106.606,45.6287,1.12515,25.6787,8.05748,-4.0678,62.171,-18.3226,36.7789,-24.6305,42.6381,-16.7564,0,0,0,0
2853,8145315,2614,2614,38.839204434352496,95282.16994409371,-93773.68614300028,74002344960,-182.5933154547485,390.77885921953583,51,445.0468392758769,8185.954283616377,-98.7954,43.9216,-26.9454,56.3418,-4.23385,7.2282,51.3208,-20.0252,47.1715,-27.3785,35.9591,-25.7254,0,0,0,0
2854,8151024,2615,2615,4.619499757266226,107321.05481539265,-107299.71503738526,74090260297,-136.81884859274953,380.10542366559764,51,507.3658094978392,8442.68278479026,-115.972,38.0755,-25.095,63.223,-27.0472,43.3655,30.3459,-10.2943,60.9649,-43.449,20.0179,-29.516,0,0,0,0
2855,8156735,2617,2617,-72.85635773717246,93621.89283838432,-88313.84397565747,74196162826,-100.98120836622093,376.7535184283363,51,387.5760718039788,8194.913860324397,-104.266,16.297,-18.0329,48.108,-1.93492,-0.499974,47.5886,-31.995,37.0574,-41.0042,8.3089,-32.4828,0,0,0,0
2856,8162448,2619,2619,-53.19959711063285,94979.85925933644,-92149.6621266028,74291416237,-130.8486337142055,383.3511310883369,51,431.71366879059957,8285.767310039719,-105.548,31.5144,-18.1936,58.9023,-20.998,-3.04116,41.9912,-24.8858,41.2501,-31.9626,15.5991,-37.8273,0,0,0,0
2857,8168163,2621,2621,-50.383318130329485,100382.2791115005,-97843.8003656785,74396234687,-100.99321739155323,388.138622105179,51,378.7485143975292,8464.704446536922,-90.9486,31.7993,1.78762,31.7766,5.94453,-22.8297,33.6683,-29.5828,29.3338,-41.0301,29.8725,-30.1747,0,0,0,0
2858,8173880,2623,2623,-93.69152358475691,90382.67793752675,-81604.57634589369,74485779652,-91.88172562702556,409.66477332330834,51,407.01598907085787,8038.441978410356,-107.336,31.9452,-9.17042,41.7933,-11.8746,-6.69117,32.9894,-34.2868,36.1352,-49.9514,13.7992,-31.0432,0,0,0,0
2859,8179599,2625,2625,-57.68976528883013,101301.33706171872,-97973.22804263841,74582490736,-124.06202476874154,363.51427151259344,51,432.1019704300611,8372.716944986852,-107.842,37.2935,-7.12566,42.5126,-13.6979,-21.2413,27.6545,-23.8114,48.8245,-52.2525,30.921,-18.9251,0,0,0,0
2860,8185320,2626,2626,-7.6230141337812825,96427.63001279903,-96369.5196683152,74690047633,-173.3192662964724,349.17429464128816,51,388.4908503014536,8388.651705650285,-86.3352,49.5029,-9.16634,48.593,-6.84307,-21.2785,38.5085,-21.9779,40.8188,-44.3181,13.0107,-8.13784,0,0,0,0
2861,8191043,2628,2628,36.98098371829076,99046.50432138974,-97678.91116461725,74782907375,-234.11432433793664,412.38434352584375,51,405.1200599013313,8248.570109400178,-93.9468,45.7798,2.93815,49.4518,-10.7546,-9.82565,47.1797,-6.68609,42.8098,-49.8774,32.8913,-12.979,0,0,0,0
2862,8196768,2630,2630,33.76162186134371,99027.74520067615,-97887.89808996778,74877024146,-211.67279404156153,419.5352874609941,51,438.6744301737039,8344.054345452707,-101.545,32.0527,8.88949,59.3772,14.2579,-25.2038,51.3215,-13.5725,36.793,-56.0218,33.5263,-6.11289,0,0,0,0
2863,8202495,2632,2632,121.11021826364043,108995.68404518848,-94327.99907732186,74974048400,-198.34533710844528,431.4725331241226,51,454.9014339016306,8403.29325741074,-99.2627,37.393,30.1973,56.3074,24.6683,-9.56718,51.167,-21.3712,57.9812,-31.127,30.2917,-5.56758,0,0,0,0
2864,8208224,2634,2634,172.42032339058233,101587.43372218523,-71858.66580407224,75082113487,-107.93374387777533,392.18183285639486,51,429.14319289254126,8528.596427930897,-78.967,45.5944,28.1385,59.373,18.5894,-5.95651,49.5722,-26.8886,71.2875,-16.5494,23.1678,5.05887,0,0,0,0
2865,8213955,2636,2636,219.4641127175924,101611.92295070042,-53447.42617978032,75171710833,-172.36411108741817,382.09755840148824,51,472.8219116751084,8413.853015874403,-90.7897,51.9982,48.3637,69.2163,12.6732,16.4094,48.1499,-17.1612,60.7703,-18.7279,37.2526,1.30944,0,0,0,0
2866,8219688,2637,2637,213.1979076302344,95620.56162571747,-50167.213807807515,75270576067,-189.40748360278747,364.42126568859305,51,462.6175640041485,8314.367491721872,-92.5996,45.2631,42.4384,64.3529,-4.08728,32.3664,27.5518,-15.9587,72.7579,-10.277,53.1773,-1.78723,0,0,0,0
2867,8225423,2639,2639,202.37898434587146,86093.44225424773,-45136.18894938124,75362449795,-185.48120007108622,390.53491112352646,51,548.2442205540397,8114.167748688786,-105.528,34.5954,53.7264,61.194,-26.8482,64.5709,25.3941,-3.95625,73.0367,-19.4703,62.794,-17.1299,0,0,0,0
2868,8231160,2641,2641,211.71245386135354,89625.15085731553,-44802.98773731978,75469273795,-112.88800290230643,357.6397074491058,51,537.1514653902642,8189.465059389815,-91.4435,34.9237,27.8598,86.3191,-29.7653,60.9408,31.7198,-2.74515,82.7399,-24.7677,49.9289,-13.9979,0,0,0,0
2869,8236899,2643,2643,298.87517029026816,92947.93594828372,-3621.5685322469217,75578957176,-112.13799409588273,339.32143819272096,51,480.76286058723764,8385.59805082669,-69.4774,43.3195,28.9954,85.4469,-0.619298,57.2978,25.2908,-3.98751,87.9194,-14.3732,61.5492,-2.48643,0,0,0,0
2870,8242640,2645,2645,333.8386790219758,94683.84145735507,16764.42215378271,75683855784,-100.07505131696172,374.72979270432273,51,520.8632092132718,8464.795552487876,-56.4985,46.5764,26.333,83.345,-5.46731,63.6618,22.0442,13.0236,83.3182,-31.5464,72.6302,16.4185,0,0,0,0
2871,8248383,2647,2647,364.43501904616966,89707.68020819826,43105.202898983785,75787894610,-99.58411428511454,300.8901195350618,51,509.8820541188921,8351.595068743813,-45.638,46.0356,24.602,82.469,2.84705,64.6199,21.6182,29.9437,66.804,-27.0855,80.1578,18.0613,0,0,0,0
2872,8254128,2648,2648,356.0562542647047,99137.46228732422,27638.59391368783,75880033624,-146.58133487819543,345.0111880442238,51,473.58558273947966,8569.379760664535,-58.7647,49.3559,16.7872,86.5788,3.91302,79.9743,8.10827,7.51272,77.1901,1.19461,63.3537,20.8524,0,0,0,0
2873,8259875,2650,2650,340.5681687127518,106573.30348956391,9413.374050793456,75975745805,-142.36732447401408,358.9039550407163,51,506.5114685118234,8641.426148164057,-63.0097,61.7436,-14.8143,105.619,14.0537,69.413,-3.4894,14.6129,75.3784,-1.6582,60.8422,21.8769,0,0,0,0
2874,8265624,2652,2652,329.64432695578813,102272.13628259033,6393.246011544208,76073806303,-113.59304989801905,311.4931658659363,51,538.1521037936145,8493.68389779259,-64.2419,65.1274,-9.63706,105.876,18.2048,59.6143,-10.7481,25.3456,95.2742,-19.6268,59.3386,5.11741,0,0,0,0
2875,8271375,2654,2654,299.460813392216,108624.97911830124,-18948.20036077364,76180595197,-142.1210292249511,371.9404217870295,51,452.5786699160284,8642.385516321934,-50.5926,60.5786,-2.1052,89.8353,10.3448,43.968,-5.26111,6.62829,91.74,-18.6001,64.8922,8.03256,0,0,0,0
2876,8277128,2656,2656,290.1037873582218,101923.08572917654,-17762.87828959219,76284542674,-110.14550823629247,371.48213232359353,51,401.0878465448063,8284.769152417404,-39.9303,66.8909,5.06026,85.1558,27.5618,23.3209,-6.51616,3.64451,90.9397,-9.04554,39.4552,3.56685,0,0,0,0
2877,8282883,2658,2658,233.74841239320386,116969.01428171917,-62330.69398537587,76381584435,-145.2939210967147,428.1705851768629,51,400.3201327280862,8603.877144047292,-45.3865,65.4055,-6.48877,98.1058,16.6958,-1.32521,-0.861241,-8.87968,88.3205,-8.15519,48.5066,-12.1893,0,0,0,0
2878,8288640,2660,2660,199.4711361295021,116699.75470574744,-76911.0205569531,76482001330,-152.8262190588959,411.51055495028623,51,401.45834157165274,8690.116654285752,-45.8298,56.7813,-12.1201,84.2729,22.988,-6.88713,-13.2,6.31697,61.1179,-1.83137,68.9878,-21.1252,0,0,0,0
2879,8294399,2661,2661,231.2346083893587,107046.77004353868,-53577.3259265586,76583999353,-137.83971278429573,386.8704483808953,51,353.48911389236963,8675.843883853246,-39.3915,55.2245,12.3936,74.5171,8.28727,17.2282,-14.792,-1.38582,77.2097,-5.55794,46.9991,0.50247,0,0,0,0
2880,8300160,2663,2663,181.19917488530456,109861.99207861323,-77028.85109949805,76674722947,-153.83301529997902,359.661140374503,51,335.0630265004899,8758.584908414548,-59.9404,46.6636,-5.24875,82.6731,-2.58816,13.4055,-4.22829,8.36728,77.3658,-3.44517,29.6558,-1.48118,0,0,0,0
2881,8305923,2665,2665,238.9966949109433,105878.79954257717,-48759.37936422266,76780876563,-110.45210759914937,378.2219401252345,51,369.48849930366424,8584.230321130253,-46.6076,41.1702,-2.81758,109.833,1.69976,22.0853,-3.39967,-7.37504,80.9691,-5.04601,43.1819,5.30316,0,0,0,0
2882,8311688,2667,2667,258.0263626540308,107190.06256143632,-40612.45873696692,76874838964,-98.00279094857945,396.3882895238538,51,415.06405201664927,8654.876480394767,-54.262,44.538,13.6743,111.208,12.7476,9.4381,-8.09103,9.46836,94.7718,-16.1658,24.7658,15.9328,0,0,0,0
2883,8317455,2669,2669,153.89127575060633,112832.39187707278,-89149.86712492362,76975472780,-114.39733657702749,336.96404398484816,51,387.20590927408085,8682.794768816271,-55.0348,42.108,-12.7629,121.364,-6.88855,15.3759,-6.17507,5.49086,72.5219,-32.0221,13.6875,-3.774,0,0,0,0
2884,8323224,2671,2671,222.11435530649044,110041.87325287834,-60707.08641966047,77073942554,-117.7744709501871,298.7767697778747,51,469.90673036428086,8586.8528659195,-54.7947,43.5392,-10.3518,135.656,23.4707,16.8073,-14.6051,14.4918,67.6215,-22.2683,44.4241,-21.8763,0,0,0,0
2885,8328995,2672,2672,249.54481702130226,114108.03731216167,-51835.42160996644,77164584432,-143.0502945221112,340.3422953793251,51,530.340711215421,8660.26452652859,-71.6729,39.0378,-2.72932,148.8,21.7442,23.2311,-36.2086,21.0567,75.3068,-6.56319,60.7664,-23.2239,0,0,0,0
2886,8334768,2674,2674,149.9935162682695,115803.99144280872,-93305.93652028909,77259480091,-157.81570951100156,307.8076892024383,51,454.74594986300355,8579.493395219419,-85.5384,36.5324,-11.2564,147.235,-9.97946,10.5,-13.2051,25.2597,40.9912,-26.4186,41.8511,-5.97818,0,0,0,0
2887,8340543,2676,2676,107.64568579787169,117331.68920593,-105744.09553503589,77364561277,-117.06981355518178,277.5603838045845,51,443.3609616078236,8498.520247813218,-77.5222,38.0944,-17.5704,139.377,-2.6208,7.7662,-24.076,10.4492,36.2698,-31.5168,43.5468,-14.5514,0,0,0,0
2888,8346320,2678,2678,155.454036876229,117092.32762243545,-92926.37004131949,77474036177,-146.84356319806886,246.35402358617796,51,432.32526990978806,8680.511854664514,-59.4931,45.5176,-29.0395,141.728,2.72365,22.0193,-27.2523,-3.3575,45.8564,-9.26549,36.0444,-10.0277,0,0,0,0
2889,8352099,2680,2680,199.937302593197,109012.15047543726,-69037.22550719365,77586936280,-125.81778761447464,223.38199263228165,51,422.8563666269359,8580.547246014787,-36.5824,53.143,-33.4344,143.082,4.75814,19.6872,-6.24685,7.83839,53.9536,-21.0718,28.9344,-14.1241,0,0,0,0
2890,8357880,2682,2682,157.0991270850427,118604.53675436066,-93924.40102347825,77684375197,-59.37780431173354,238.95705065955298,51,402.9595837867266,8779.434159017655,-45.6588,48.6296,-43.8417,140.355,3.4225,18.7065,11.1399,0.222046,27.8308,-25.0306,29.7231,-8.39914,0,0,0,0
2891,8363663,2684,2684,143.4195252091517,116744.71573664968,-96175.55552543119,77774171116,-42.99490678770968,296.1154163119358,51,393.87154752748035,8764.99414384757,-62.8536,42.1836,-11.0325,130.705,-12.5485,39.2923,-0.389885,-7.05765,39.8074,-24.8412,16.6575,-6.50257,0,0,0,0
2892,8369448,2685,2685,179.2497181170242,121685.35799770014,-89554.8965526675,77870233447,-69.66806834153567,286.9327497690331,51,426.24954536635056,8788.84621403669,-69.0356,54.7336,-21.5206,144.116,-5.20831,33.8774,-0.999844,7.32272,46.5832,-18.9719,16.1169,-7.76371,0,0,0,0
2893,8375235,2687,2687,200.1763069396181,121477.76227898596,-81407.20841900178,77960914501,-81.98076440900536,289.54577410108755,51,530.2559708675665,8492.867955438738,-87.3358,62.3509,-30.7242,133.38,11.9739,46.1267,17.9097,18.0748,38.3664,-33.2754,37.0342,-13.7044,0,0,0,0
2894,8381024,2689,2689,144.81635977324157,114621.27440209803,-93649.49634412509,78061388159,-61.181548340427014,323.6068968993782,51,479.7380639974679,8657.648575258525,-90.6233,48.8296,-21.0781,112.937,-8.69093,54.6268,14.7422,16.797,35.3417,-33.1382,29.003,-13.9304,0,0,0,0
2895,8386815,2691,2691,146.6306472791922,113828.7794979744,-92328.23277645954,78166619488,-11.059199831340834,321.019276143786,51,487.45071023863295,8752.79535387086,-83.029,39.5103,-6.21985,106.123,-31.954,65.558,17.2137,12.8134,43.5358,-33.7702,32.2865,-15.437,0,0,0,0
2896,8392608,2693,2693,225.63770769971734,110459.91335005708,-59547.538214074,78267308900,-31.633341604612895,297.8027399756973,51,444.4970879520233,8548.090006325934,-78.4219,50.0523,4.41524,110.667,-13.9405,40.3803,46.5928,24.64,25.3189,-10.631,33.0003,-6.43625,0,0,0,0
2897,8398403,2695,2695,239.48396058468717,106060.07258707617,-48707.50520974817,78370859190,-35.33666297538906,322.5232368488666,51,442.8179496079004,8540.091361035868,-73.9331,43.6617,10.1919,106.143,-5.53014,54.5447,39.6768,26.3641,10.7866,-22.2037,38.5998,11.1821,0,0,0,0
2898,8404200,2697,2697,189.01150243605042,105063.02824173357,-69337.68018860047,78467658531,-54.351192534749714,354.57647556820274,51,438.34962657347086,8563.011068667101,-84.4315,43.2671,11.03,105.461,-20.118,52.8812,33.3226,0.090966,33.3777,-20.1196,29.7787,4.47174,0,0,0,0
2899,8409999,2698,2698,168.58687308433628,117582.46217496564,-89160.92839861153,78567890355,-29.429193587196835,297.83461509173884,51,507.1752484926851,8627.316899763695,-88.0482,43.9398,-19.1299,137.005,-28.789,45.4598,43.7,-0.443381,33.9668,-32.8837,29.9824,3.82714,0,0,0,0
2900,8415800,2700,2700,137.3288379266295,119289.43301608207,-100430.2232898036,78674569938,-52.316691152956196,309.44470622956976,51,534.8264879440948,8728.2539896817,-80.652,26.4738,-12.3036,136.463,-47.228,59.71,39.1757,-22.9672,30.3256,-35.598,38.3278,5.60177,0,0,0,0
2901,8421603,2702,2702,93.16786758114512,133506.00015041986,-124825.74860080206,78767084110,-156.90852545753876,385.91969694537477,51,550.4256785891362,8866.005063037059,-95.3742,37.2099,-10.4745,130.846,-65.9878,66.2016,51.0791,-15.6805,30.7164,-32.3286,5.7433,-8.78338,0,0,0,0
2902,8427408,2704,2704,9.640650190381393,123174.81006613764,-123081.86793004433,78867428234,-100.54376624334986,335.2309174517177,52,549.8416168403744,8716.514017488045,-100.083,42.8073,-29.6561,126.522,-83.6632,52.53,35.7167,-23.594,15.9025,-33.1037,5.56167,0.701122,0,0,0,0
2903,8433215,2706,2706,17.37442965265558,125266.72349660567,-124964.85269085059,78973796057,-117.03218395250906,320.4751832047526,52,526.1995515497028,8832.129321124128,-92.9111,31.4721,-31.5534,133.83,-76.947,36.8589,33.4571,-12.495,21.0806,-40.5061,13.2547,1.83375,0,0,0,0
2904,8439024,2708,2708,48.570373616390896,122513.22904514802,-120154.14785191222,79075767401,-97.08502810415939,325.86312372334737,52,587.9926099528066,8785.98968330313,-95.7258,21.1328,-26.8872,137.495,-93.7153,60.2624,46.2692,-1.20999,32.9618,-41.9199,20.1608,-10.2529,0,0,0,0
2905,8444835,2710,2710,35.107997573905436,136260.60968838283,-135028.03819473347,79159826923,-199.995517179452,387.98901465372046,52,609.7497291470955,8830.539923944238,-128.659,13.8609,-29.7955,147.939,-77.4007,68.6646,26.7294,-4.12271,35.5456,-36.6723,29.6889,-10.6708,0,0,0,0
2906,8450648,2712,2712,32.77723119751039,130743.4787175054,-129669.13183253034,79255612993,-194.80585884313865,385.01417257941984,52,598.7536823532239,8794.454773740694,-138.579,14.4504,-7.92547,131.602,-69.8452,65.2468,33.8097,-8.40476,37.8208,-32.3285,32.8359,-25.9054,0,0,0,0
2907,8456463,2713,2713,28.48782664142118,138081.41790428598,-137269.8616375343,79366597373,-125.6278572709819,324.69975389323594,52,545.4512527578504,8886.802395644216,-121.617,11.2418,-1.84176,134.043,-73.3019,54.4751,26.099,-12.0946,36.8941,-26.4924,24.217,-23.1336,0,0,0,0
2908,8462280,2715,2715,33.18394563200417,129889.61175503727,-128788.43750732947,79477200865,-118.13908525246171,365.5321422737133,52,521.7447241211539,8789.834422963679,-107.643,9.89459,-15.913,135.694,-71.0743,49.1221,32.7375,-5.26969,23.4758,-15.9885,26.5404,-28.3919,0,0,0,0
2909,8468099,2717,2717,-13.82765296117691,129410.44032460939,-129219.23633819465,79564234408,-143.14600315246855,402.54936396015785,52,525.0603575241701,8736.15376421699,-135.787,8.6147,-14.9108,141.347,-84.6904,63.69,17.1954,1.37532,8.95017,-17.7488,14.4434,-16.307,0,0,0,0
2910,8473920,2719,2719,12.0344882811915,122950.270299971,-122805.44139178087,79681550646,-140.26064192569407,365.83133858438276,52,454.7595282239958,8748.52896230347,-108.918,4.33082,-13.8488,135.845,-67.3037,47.9234,1.10159,0.187744,13.109,-7.36238,30.8992,-23.9296,0,0,0,0
2911,8479743,2721,2721,90.91120253006858,121155.62612641357,-112890.77938095042,79784457372,-101.97748786662879,359.3255402842139,52,494.42865418846776,8871.692459802664,-104.167,3.11426,8.21512,137.422,-49.4458,47.3359,13.4738,26.1976,34.2144,-33.2019,22.697,-14.9437,0,0,0,0
2912,8485568,2723,2723,104.7009342640992,109777.2781725871,-98814.99253681189,79895815518,-97.35362772479857,348.97312186604415,52,542.0114255016779,8809.061991445507,-88.4038,19.7591,-3.73304,134.206,-49.3107,34.1352,16.3724,33.4712,42.8993,-41.7707,42.5132,-35.437,0,0,0,0
2913,8491395,2725,2725,46.62719403532941,113664.50792138258,-111490.41269777433,79999522258,-108.86394925397161,312.8971054579877,52,591.113929307413,8708.91159405513,-92.7586,13.6058,-45.6104,146.771,-46.9324,47.535,14.002,36.0335,26.4599,-45.7538,34.4635,-41.1883,0,0,0,0
2914,8497224,2726,2726,58.9739558499341,112071.77716164757,-108593.8496930576,80112709231,-104.20677623097026,298.3796917937002,52,564.3882947168263,8627.52435436591,-75.1005,9.31399,-53.5665,148.48,-49.3199,62.6829,2.64537,37.4899,23.5298,-35.044,27.5395,-39.6764,0,0,0,0
2915,8503055,2728,2728,-22.824539568706655,138847.50634474252,-138326.54673821907,80207681090,-71.09269025338034,315.916386403088,52,632.1944179964154,8812.192598369465,-96.5606,-11.9106,-88.2401,178.114,-36.7083,54.1633,-13.6388,33.5821,21.5161,-27.4498,17.3096,-53.0015,0,0,0,0
2916,8508888,2730,2730,-89.02962498968395,125808.7583564088,-117882.48423060504,80308278859,-99.20116833011497,342.0106585403444,52,525.9272062428481,8900.614058447494,-102.008,-8.13908,-86.2785,146.885,-18.1797,35.564,-12.7373,19.6813,12.1832,-28.3913,4.13548,-51.7446,0,0,0,0
2917,8514723,2732,2732,-101.42820381706684,113266.7666880261,-102979.08615846964,80422722609,-69.59187231586884,281.09790619225805,52,463.68505145697173,8705.168503414865,-85.5734,-17.3003,-82.0328,126.436,-8.73815,27.2766,-25.2836,12.58,13.7568,-33.1355,1.07918,-30.4929,0,0,0,0
2918,8520560,2734,2734,-84.5510537041668,113556.0174507325,-106407.1367682476,80524542741,-80.92670393644738,294.18843400236796,52,435.3262155238821,8690.844847544926,-85.1261,-10.6001,-79.8692,132.203,-11.1344,26.7553,-19.4702,5.39088,11.0387,-25.7986,-17.8255,-10.1145,0,0,0,0
2919,8526399,2736,2736,-26.581818701280838,109107.97599191064,-108401.38290644289,80637324146,-49.459619902675115,253.57211814113174,52,439.45537961655174,8533.682047752787,-67.797,-6.69804,-90.5601,143.972,1.39585,32.1536,-27.1018,15.5986,13.3164,-17.7598,-21.3338,-1.76796,0,0,0,0
2920,8532240,2738,2738,-5.657192068818574,127554.53316481048,-127522.52934270697,80735404761,-63.08797991468589,305.64506023139927,52,501.05873715288493,8811.028088212,-76.4551,-11.9345,-85.4075,161.729,-25.1693,50.7006,-36.2176,23.2188,8.68955,-14.1913,3.36297,-3.98259,0,0,0,0
2921,8538083,2740,2740,0.16372487815090153,124906.10499701113,-124906.0781911754,80846483712,-35.22923123072519,302.5902594056713,52,505.30206330413523,8899.998467214984,-63.2314,-7.10375,-89.1102,155.414,-18.6552,62.168,-44.3145,28.5032,5.85712,-16.6499,-13.5043,0.790509,0,0,0,0
2922,8543928,2741,2741,23.18481347600641,121626.26441179204,-121088.72883587483,80953922505,25.922371658147085,251.42754680117082,52,448.01059628285316,8900.888229153668,-54.9948,-11.2769,-74.8942,152.315,-8.90053,39.3156,-50.1275,43.9666,-1.55448,-8.99249,-1.63138,-0.0405562,0,0,0,0
2923,8549775,2743,2743,-41.812939910019054,114350.25396253627,-112601.9320186174,81045744025,-76.13598440622542,268.60714199797866,52,536.9385571555569,8838.986217394544,-76.8765,-7.38284,-70.4654,138.996,-37.6204,60.1099,-47.9757,45.142,3.31487,-24.3193,-19.3155,-5.42002,0,0,0,0
2924,8555624,2745,2745,110.59283136844294,118177.88984357323,-105947.11549348437,81174281047,-69.1345101160083,213.10563886700902,52,496.48752321444147,8676.39378152078,-32.7453,-11.6273,-83.2595,157.888,-24.0364,55.7426,-27.2563,57.3296,32.5804,-5.50817,-2.41483,-6.09954,0,0,0,0
2925,8561475,2747,2747,122.04135600916766,110820.27805575894,-95926.18547920254,81266139995,-110.5499301538685,245.52956579748087,52,489.5516907921731,8616.645750757016,-50.7324,-8.66992,-59.9131,149.633,9.55147,30.12,-36.546,48.7049,50.3448,17.4428,-14.9317,-12.962,0,0,0,0
2926,8567328,2749,2749,140.34205861567256,104610.21776024323,-84914.32434375836,81364722601,-69.65670586708518,243.4900637834927,52,436.7008497669863,8654.622392996545,-59.7066,-14.8511,-38.5741,131.518,37.0584,7.66977,-20.1805,39.9754,46.1212,22.5325,3.64668,-14.8671,0,0,0,0
2927,8573183,2751,2751,219.31633244053603,112423.85383910456,-64324.20016393684,81480696517,-41.63857217234556,251.1880449322838,52,415.55726574466473,8755.191798983888,-36.799,-4.96495,-38.0938,136.26,63.9645,4.89611,-5.28322,40.4363,30.6051,34.5085,6.76594,-12.9796,0,0,0,0
2928,8579040,2753,2753,293.66898530649854,108887.23238256609,-22645.759451617632,81604175986,-15.189084158062599,219.31432265220286,52,465.77826869312486,8683.757539866987,1.12147,20.9172,-70.7674,148.137,66.2233,8.67901,1.33189,43.3468,35.0801,31.0876,23.7997,-15.2872,0,0,0,0
2929,8584899,2755,2755,216.89980849252743,110775.7684971632,-63730.241573068124,81708240100,-17.651829165803917,238.18998868456464,52,437.1758850576052,8711.820483930764,-3.07626,11.8666,-84.3677,161.015,40.9608,-2.94401,-0.870706,51.4287,20.8445,7.26529,33.6569,-18.8794,0,0,0,0
2930,8590760,2756,2756,282.4399068739736,113712.8435181596,-33940.54252318072,81811238148,11.953292844231385,234.77735097115152,52,444.19562864267544,8925.056823184821,-0.261194,14.6775,-58.9091,167.963,22.5407,7.68725,3.75118,56.6951,40.6183,14.6306,34.7539,-21.7076,0,0,0,0
2931,8596623,2758,2758,286.1906464933288,101029.04212895744,-19123.955988687943,81916608437,31.39115346566723,271.5732833867678,52,447.1627483653631,8734.570948610592,0.435729,13.6902,-61.3763,163.763,7.11987,23.1435,19.5491,50.2443,35.1928,17.6212,35.9166,-19.1097,0,0,0,0
2932,8602488,2760,2760,278.7275555286406,94698.4221262677,-17009.371915296273,82017207602,75.66623231766675,276.49132515685574,52,407.3581645393296,8681.474140052756,-8.85455,-10.4357,-28.0696,131.774,50.8492,2.61098,9.79283,28.1539,44.7677,8.45957,66.635,-16.9554,0,0,0,0
2933,8608355,2762,2762,272.93297175850097,94729.16577882899,-20236.758705902306,82111916429,95.07435982102874,279.0976005639556,52,394.99564453244676,8580.591905143934,-24.263,0.505758,-25.4077,133.639,61.3359,-3.77536,12.9743,20.7078,30.4274,17.7157,56.6582,-7.58532,0,0,0,0
2934,8614224,2764,2764,337.75249166404416,99499.75519384042,14576.990431429804,82232006040,138.4322025110469,276.17626154481997,52,386.5112683501888,8716.591304589514,7.34142,12.4432,-11.0376,126.646,66.142,-9.48379,20.8572,30.8787,15.1074,28.9635,53.7528,-3.85798,0,0,0,0
2935,8620095,2766,2766,320.5717395671928,109926.59657043344,-7160.356361297338,82333213700,87.57631058861523,264.9487202286931,52,442.782824816191,8889.489655718562,1.82768,10.4479,-21.314,149.506,71.7927,-32.8532,13.5616,32.2456,-0.430367,16.9541,85.3419,-6.50794,0,0,0,0
2936,8625968,2768,2768,321.5848734892377,117403.43806003453,-13986.607202945524,82433411895,87.68485422830423,295.7987965415048,52,493.99735535924674,8976.89552850243,-4.67326,20.3141,-26.8843,164.577,88.4334,-39.0786,19.1888,17.4154,14.0461,16.2632,67.5529,-15.57,0,0,0,0
2937,8631843,2770,2770,353.46941155216797,115623.09008714472,9317.534815891166,82537137429,75.31005751848141,319.2440846585518,52,574.7893205683354,8909.831078305226,-7.29233,33.3821,-52.3126,170.427,92.915,-43.4642,24.8892,14.2276,12.4214,22.2781,93.589,-7.5908,0,0,0,0
2938,8637720,2772,2772,415.05322885184086,112829.44582825767,59439.7369520809,82639394845,40.47945405893677,307.98273150164994,52,549.4854207896169,9094.666963701904,-9.8986,49.3116,-41.6804,148.494,78.7948,-15.3365,19.6841,19.9644,28.5896,46.3979,91.0326,-0.300593,0,0,0,0
2939,8643599,2773,2773,445.6162228413442,107280.49204354038,91293.32601584616,82747687533,27.707179964626903,309.41420019138764,52,468.95431518522594,8781.339481275703,-2.62298,45.3083,-9.04607,133.565,78.3491,2.27559,13.3902,22.0468,44.7534,42.5424,72.1522,2.90262,0,0,0,0
2940,8649480,2775,2775,460.5363941397546,109522.4107595247,102571.35956772268,82853290420,-65.35587072308812,302.9760293624518,52,498.37402294130715,8808.23221118525,-2.33456,45.3011,-2.42476,125.471,97.8302,4.97032,16.3539,24.2214,24.1281,66.6429,74.5361,-14.1595,0,0,0,0
2941,8655363,2777,2777,507.2786427767428,96267.42420555266,161064.19721186155,82960910943,-52.893823905312445,269.9426519629715,52,593.2033113861091,8672.003755000043,2.83575,44.361,8.19856,126.53,104.694,-11.419,39.8844,43.3156,26.8852,62.7414,90.7954,-31.5433,0,0,0,0
2942,8661248,2779,2779,584.4614975523443,108752.98171429329,232842.2604068357,83074474448,-38.039642870133946,328.95526952300276,52,678.5164995720363,8933.828167775318,19.0189,34.2826,22.8824,134.656,138.402,-23.9722,34.7534,43.297,32.5596,70.34,101.297,-23.0553,0,0,0,0
2943,8667135,2781,2781,497.90733226101526,102853.16700244063,145058.5445168404,83173396298,8.669359052790753,296.52074539394295,52,592.5115951242799,8761.50053537913,2.08387,32.4058,6.70834,131.563,128.275,-24.434,31.2921,47.2386,26.14,75.1702,64.3332,-22.8681,0,0,0,0
2944,8673024,2783,2783,551.635128239066,101944.70934146021,202356.60536587064,83294519287,-9.422678020044884,327.07980065035446,52,613.3401940179078,8736.309558720033,30.1617,19.3906,18.2404,128.754,120.581,-13.5921,43.1649,60.3923,24.2135,72.5884,65.0012,-17.2604,0,0,0,0
2945,8678915,2785,2785,500.324194183362,119938.10946120825,130386.1898240223,83378138130,-76.08519072424923,348.4514402191692,52,597.4411618328198,9214.147243106509,-4.8786,40.4426,17.1258,139.798,116.519,-18.1404,20.8609,48.4874,29.9583,70.8467,64.8439,-25.5394,0,0,0,0
2946,8684808,2787,2787,517.4370478442895,113247.51489564302,154493.58358617054,83483574611,-35.1245676518555,300.61852570082795,52,603.4380447820229,8891.408032734213,-5.9061,33.4907,13.7195,154.058,105.222,-8.61728,34.476,44.936,30.4366,75.1413,68.9568,-28.4771,0,0,0,0
2947,8690703,2789,2789,587.4302055633825,138230.3132197075,206843.93318853035,83596440613,-23.458710578372916,255.14359493692302,52,594.5392566280436,9263.673341656215,7.94834,39.6059,14.6683,165.951,94.0044,-1.84386,51.8284,46.3,45.5964,80.5672,44.5144,-1.71067,0,0,0,0
2948,8696600,2790,2790,643.513662743338,125415.94460097984,288693.88953636674,83706886689,17.425332705895983,312.6315792120632,52,666.9977548868385,9076.957243604536,15.8156,57.5828,-2.60887,169.276,94.779,12.6008,59.05,56.3867,56.7828,72.7592,60.2227,-9.13318,0,0,0,0
2949,8702499,2792,2792,635.8460988168163,117524.39252375813,286775.86885680637,83822088562,31.75198757098343,285.17521892907195,52,635.8460988168163,9020.873035065768,27.5647,32.7612,0.18805,171.379,96.3906,2.19615,59.838,44.8469,84.4266,59.4343,46.4841,10.3362,0,0,0,0
2950,8708400,2794,2794,661.0950033530244,130341.31426080139,306705.28919753386,83923739286,58.27454143486318,353.52395522271706,52,682.4877964271054,9287.16596527029,22.3267,47.8013,-3.95616,167.403,96.3222,27.8873,38.4501,22.098,90.9089,69.9516,88.6421,-6.74024,0,0,0,0
2951,8714303,2796,2796,728.8905613651111,133059.43426277873,398222.01618436805,84039000705,66.1460802758121,325.59936126447553,52,771.163497098363,9388.69219970304,36.9706,46.9086,-13.0271,160.653,128.172,35.2484,58.237,26.9022,109.566,71.8164,75.5534,-8.10937,0,0,0,0
2952,8720208,2798,2798,733.3135989623385,132498.38599557313,405250.4484275242,84153872133,75.54266796913521,356.3737540758739,52,775.8172936147436,9255.90253010111,50.6272,42.012,-21.2518,164.887,128.779,7.08666,78.9312,38.3644,96.9424,72.2012,68.6445,6.09035,0,0,0,0
2953,8726115,2800,2800,809.8772924875086,139531.22243448158,516370.00645241595,84263606844,120.5789709488505,414.4956749908805,52,882.5481327010496,9305.587345042371,56.1659,39.1825,-36.3354,186.052,119.463,37.7679,76.7173,58.7241,100.215,80.7356,79.0121,12.177,0,0,0,0
2954,8732024,2802,2802,820.0065556834788,128062.55912611833,544348.192237764,84376242640,120.4759398288943,356.95962529621124,52,820.0065556834788,9036.503522172734,68.7173,28.2146,16.5736,146.359,104.466,48.9583,78.6767,53.9009,100.171,98.907,60.9129,14.1486,0,0,0,0
2955,8737935,2804,2804,743.7505202326972,121922.11487321298,431242.7214731948,84474474034,41.39840877625318,322.06362400670184,52,743.7505202326972,9111.177326794834,52.1506,35.4483,4.62295,140.37,106.147,39.6323,55.9256,46.2486,96.1283,82.1949,56.8065,28.0754,0,0,0,0
2956,8743848,2806,2806,716.4296219639407,129545.55468986403,383725.8485375309,84589261444,70.12371900053807,297.40037567640564,52,723.5300041320777,9107.83388764066,64.5968,36.5437,-3.55019,138.815,99.9812,28.3139,39.0612,51.077,97.3034,82.9896,54.7505,26.548,0,0,0,0
2957,8749763,2808,2808,633.854965949527,114570.59238932224,287201.52546955383,84672528488,18.461941285942032,265.41658478864,52,646.8768572602507,8928.782221390886,19.9249,34.7063,-6.51095,131.965,100.503,36.2334,38.0164,48.6944,82.267,72.4444,45.7901,29.821,0,0,0,0
2958,8755680,2809,2809,641.2901911311039,114092.03984478465,297161.0693961832,84784150914,27.3057642000976,236.00054827761772,53,660.3959198382347,9166.946965633222,26.2658,40.8648,-9.55286,108.183,88.5698,73.8259,36.5356,55.0579,65.7327,77.9805,26.209,51.6184,0,0,0,0
2959,8761599,2811,2811,699.029913614311,102677.52467125752,385965.29545637354,84903207664,35.856649794526845,304.10283646111105,53,699.029913614311,9002.32660110648,46.4887,30.0906,4.54968,112.625,95.5666,70.02,22.5785,59.3173,85.2901,87.8486,32.226,52.4287,0,0,0,0
2960,8767520,2813,2813,664.1212790590952,94968.99128550943,346088.08201357914,85010153318,7.847059374500475,327.28094103835673,53,664.1212790590952,8898.972022855629,44.7243,34.178,5.49604,93.8325,100.151,61.8468,4.43483,54.6699,99.3418,74.848,45.8086,44.7899,0,0,0,0
2961,8773443,2815,2815,698.7909582745235,97695.70643975295,390613.0969264739,85123160613,60.42195888622177,282.2298303604223,53,698.7909582745235,8959.778719608856,56.842,35.467,9.58763,88.117,118.98,52.5157,27.0465,58.0278,81.8198,87.864,44.8162,37.7075,0,0,0,0
2962,8779368,2817,2817,658.5211605798181,105209.45669463297,328440.6622367576,85225002045,40.01037118365491,289.22406854365613,53,658.5211605798181,9151.503957498117,46.9724,28.6176,16.5973,95.6167,118.726,46.2783,32.9081,34.4553,81.2802,71.6582,53.6063,31.8042,0,0,0,0
2963,8785295,2819,2819,760.7471138748182,111847.23393061175,466888.93733825383,85347998625,67.56567099503036,347.4187035289085,53,760.7471138748182,9265.68107702153,75.9848,38.8354,13.8905,98.748,115.788,81.0329,36.5952,46.3709,77.7532,77.4472,53.4216,44.8796,0,0,0,0
2964,8791224,2821,2821,803.5141609028072,115324.46116222901,530310.5456091133,85456227701,44.385608279468784,357.7593280284084,53,805.8747881503517,9290.67794484569,78.01,41.0493,-1.18031,127.313,97.6074,106.54,38.2856,47.7258,84.8028,76.2041,53.0869,54.0693,0,0,0,0
2965,8797155,2823,2823,880.1776634075707,131720.1319608954,642992.5872007153,85560288585,100.01290161842525,425.89188506760144,53,880.1776634075707,9664.65270076057,74.9172,31.3303,36.0307,133.507,124.423,96.2004,39.1479,54.7151,89.1576,95.4833,52.6188,52.6462,0,0,0,0
2966,8803088,2825,2825,871.5400671537664,125954.12656633917,633627.9620880524,85666472701,155.96818683247915,399.5750515474073,53,871.5400671537664,9375.159934986812,72.8372,28.473,54.1632,117.918,124.32,94.6222,38.1754,56.5251,93.7233,89.1576,39.3344,62.2906,0,0,0,0
2967,8809023,2827,2827,809.6029957245945,129458.51806512172,525998.4926211161,85771532512,113.78431507216584,405.0777377076361,53,809.6029957245945,9412.109149750448,64.6392,20.8172,40.3663,125.334,120.377,93.3777,36.6086,30.5123,99.4013,94.5,18.9353,64.7345,0,0,0,0
2968,8814960,2828,2828,801.2083909987175,137396.84096651973,504538.04484023404,85885685116,66.46552284595492,418.4510859944167,53,801.2083909987175,9495.523103443353,73.4539,13.0231,32.5573,140.659,119.26,78.2851,43.5585,35.691,110.054,92.7001,11.2795,50.6873,0,0,0,0
2969,8820899,2830,2830,769.1665282379556,134512.51916761504,457104.62899401475,85988225600,52.44518979157078,398.8805533522459,53,769.1665282379556,9449.786073324492,63.1507,13.2961,38.7504,143.139,117.91,71.1072,38.1525,37.0372,99.8127,86.5755,15.9746,44.2608,0,0,0,0
2970,8826840,2832,2832,742.4955061889652,123476.70199177047,427822.87471903727,86102260159,67.62459670879582,380.1081331181307,53,742.4955061889652,9284.347273775957,72.8603,24.5652,43.0031,121.61,99.9602,69.45,15.0121,42.2052,97.386,74.856,35.656,45.9317,0,0,0,0
2971,8832783,2834,2834,700.294586905221,124643.18980217096,365769.3186465831,86206109859,82.51781236770432,385.5123491222673,53,700.294586905221,9397.15930499293,67.4519,41.9014,27.3289,137.935,85.8427,70.0241,10.0378,43.3654,70.2445,67.2408,42.1655,36.7566,0,0,0,0
2972,8838728,2836,2836,637.893449525742,114783.7459922716,292124.30695557874,86302325971,27.515914545707176,384.48283397840447,53,637.893449525742,9262.028841963054,46.0562,37.0994,56.5003,107.619,78.7218,59.6841,8.72337,45.9145,42.1808,71.0188,49.7054,34.6693,0,0,0,0
2973,8844675,2838,2838,585.7960389737311,118394.01168326016,224762.98759405297,86399481117,20.601720798181304,397.22729714087905,53,585.7960389737311,9338.471841253791,26.5426,63.4987,23.8848,110.934,90.6787,58.5023,7.66655,37.2644,30.8568,74.8191,40.3611,20.7873,0,0,0,0
2974,8850624,2840,2840,594.5042061804606,111617.63380497819,241817.61736128145,86512814002,49.14200024105094,398.5037117888154,53,594.5042061804606,9323.112716491527,32.0418,52.7599,37.0483,93.5392,84.4019,61.406,21.4395,43.5267,22.4219,60.7078,64.0236,21.1877,0,0,0,0
2975,8856575,2842,2842,497.0860516858717,107850.94765269362,139243.5951279555,86616180165,49.44784210985165,342.05009866603893,53,497.0860516858717,9242.735292004481,18.423,34.0882,46.6359,84.9992,91.7536,41.7504,16.0432,28.8809,23.9823,70.2542,34.461,5.8142,0,0,0,0
2976,8862528,2844,2844,488.9669288795144,124095.54280372288,114993.1147341412,86716646188,22.88886211432572,414.63123322724545,53,488.9669288795144,9486.535327638827,5.81698,34.4125,53.7885,90.5189,83.3868,31.7215,15.8851,39.2261,9.3393,62.6731,56.0509,6.1474,0,0,0,0
2977,8868483,2846,2846,474.07007826796496,135366.2031024332,89376.2360065612,86818315733,62.74080868716533,398.5098036078273,53,489.8840343407518,9357.002988920314,-7.90698,35.8039,49.2245,77.9692,80.4935,50.293,35.6515,48.5771,18.2838,33.8266,37.2096,14.6443,0,0,0,0
2978,8874440,2848,2848,574.7886327142503,132502.5578192226,197879.41447829476,86935381247,50.296588198423876,330.89182317374883,53,574.7886327142503,9345.058101138678,9.38182,47.0571,64.6498,67.6351,112.367,47.1951,24.3301,49.3879,29.8565,36.3176,70.4135,16.1968,0,0,0,0
2979,8880399,2849,2849,558.298902167588,145108.72935070947,166588.93481082458,87031985014,1.972123431271939,337.773505427537,53,581.193509131203,9526.138450542985,-11.4473,42.5117,76.0778,79.1533,77.3929,73.6874,30.4439,50.0101,33.4091,28.6781,63.896,14.486,0,0,0,0
2980,8886360,2851,2851,483.5014518600172,134881.73333537384,98891.9206153707,87131624258,-35.876208140156734,382.3717109788399,53,544.0288037879607,9432.85703418625,-30.2637,23.8281,80.4922,93.6607,75.4934,52.341,36.3894,34.0838,24.2677,13.0887,44.6832,35.4369,0,0,0,0
2981,8892323,2853,2853,450.33123720455643,136530.3626833347,66267.86051885175,87239534137,-22.780456359845232,342.0583565831502,53,518.7271558535956,9426.937867790652,-34.198,24.2116,89.9085,70.318,72.2743,62.314,34.148,39.5165,10.5297,24.7834,22.4097,34.1157,0,0,0,0
2982,8898288,2855,2855,531.3337334827197,131548.74670944465,150766.78962724117,87361944459,4.36595735989323,352.8068068087744,53,557.5727223141262,9350.281423147928,-13.1195,15.5911,88.3861,66.8927,94.3747,67.8855,60.0047,28.9717,15.1754,38.8216,47.5263,20.8233,0,0,0,0
2983,8904255,2857,2857,469.17099097904793,137984.7127608491,82136.70601541278,87454979912,11.841075405883714,373.6291601030396,53,555.4888530396674,9549.944807265128,-43.1589,19.0377,96.0047,53.3991,80.5521,60.4532,63.9398,25.9478,35.3357,29.8814,40.9803,6.7982,0,0,0,0
2984,8910224,2859,2859,412.4554564686091,119624.01917853238,50495.48439219632,87565351277,-8.55980567938866,334.35635826559553,53,494.82669941043196,9307.303031911619,-41.1856,26.3462,80.4011,69.1882,54.4829,59.3418,46.7049,13.5809,25.4083,28.7663,14.5937,34.8269,0,0,0,0
2985,8916195,2861,2861,417.5168662089881,122435.12086628123,51885.21270269285,87683119861,14.180840654192423,363.0497055566004,53,478.1772743844221,9438.83152875181,-30.3302,37.8559,49.0087,62.7563,82.4136,42.3142,54.2921,25.6465,22.2643,17.8594,29.7829,23.6533,0,0,0,0
2986,8922168,2863,2863,464.5364843042324,118445.59892356642,97348.5463261699,87786984604,10.51757807761902,370.35287709987466,53,539.460569549118,9353.67772692841,-37.462,39.2275,67.4667,66.5414,98.3506,49.8024,65.4005,21.9895,34.8122,16.1757,23.1293,19.1027,0,0,0,0
2987,8928143,2865,2865,607.2308197682066,121517.88417911144,247211.38429725677,87911699727,38.85297979391419,325.32824992953294,53,626.6543477549492,9313.901440534393,-9.71176,35.6662,92.2079,72.1073,109.436,50.6043,63.985,44.2535,42.4622,38.248,33.1592,34.8126,0,0,0,0
2988,8934120,2867,2867,564.399584331094,124944.84636540008,193602.0444277117,88016361048,90.92536206394863,372.7544422275262,53,606.297071072283,9497.23387707215,-20.9487,37.1009,74.6533,69.8076,118.441,54.4107,62.0955,28.3211,32.7318,30.939,46.3165,30.5304,0,0,0,0
2989,8940099,2869,2869,501.14276817067156,123704.29375382578,127439.78033593767,88131723796,84.09666262499309,299.8539140900009,53,525.7499606764047,9656.043479186712,-12.3036,39.6027,75.3141,46.5093,84.4432,71.2156,51.9374,21.672,15.5709,41.1547,30.5838,35.4426,0,0,0,0
2990,8946080,2871,2871,470.55286311859606,143119.7489959186,78300.24799318961,88240694009,85.3959675703623,386.2287605315617,53,495.84428160102914,9673.419777866406,-12.6457,39.9664,92.9626,41.2802,77.5195,57.8568,42.6066,37.1075,23.4381,27.7743,31.7634,10.9231,0,0,0,0
2991,8952063,2872,2872,493.6900588185003,131869.6665191924,111860.20765702188,88353391825,155.54919972472203,366.5890817935806,53,511.90143161564487,9542.89489225683,-9.10569,29.5314,104.685,40.8311,83.8423,61.5026,47.5444,45.6419,25.6066,21.7144,23.1539,18.7422,0,0,0,0
2992,8958048,2874,2874,423.01332656691943,135074.16172597156,43866.11272723967,88456543927,110.54417369036071,375.7034458541624,53,479.39241462792324,9562.111641967667,-24.5529,19.9582,80.2531,73.7377,53.6739,63.2164,43.3852,56.7093,13.9403,10.9278,-3.63662,35.401,0,0,0,0
2993,8964035,2876,2876,375.49689527011236,123889.9098555843,17108.00850190944,88559681184,64.3734366964012,386.52126653954804,53,460.02074958654174,9557.596893511913,-37.118,25.452,72.0332,93.4273,31.7493,70.0955,38.9622,31.4416,15.4065,26.6306,-5.14391,12.5606,0,0,0,0
2994,8970024,2878,2878,418.6042223445147,138555.12308232838,36674.37188232751,88657182015,63.159113203728054,372.0047798613584,53,534.9104058224602,9714.910581390071,-56.6704,33.942,116.664,50.1839,36.8239,57.1445,65.0689,45.7627,29.5598,31.3168,-1.48271,10.2905,0,0,0,0
2995,8976015,2880,2880,417.48519744352194,125377.17337172397,48916.71671273254,88762932190,60.68329703501871,385.20696496269994,53,574.3496500369447,9523.449245623306,-67.3406,32.4989,87.5062,78.9422,26.8184,81.6966,69.8239,48.9395,34.0121,35.6795,-4.43119,-6.66045,0,0,0,0
2996,8982008,2882,2882,410.6409527228052,121039.76148562887,47586.230567464256,88878086428,75.00592994336859,423.8094065208871,53,538.7106480213895,9490.473627059799,-62.9981,25.9179,69.1969,84.8356,32.277,69.2526,66.7552,50.8212,59.974,15.203,-1.03679,0.442576,0,0,0,0
2997,8988003,2884,2884,538.3370225390686,131724.71766236622,158082.03217386344,89002920174,111.5085383160901,372.69069004048794,53,609.883741366401,9687.74066489176,-35.7734,29.5379,66.9582,90.5099,67.1036,79.3726,73.6805,58.0793,69.6084,2.09895,29.1564,8.00448,0,0,0,0
2998,8994000,2886,2886,475.70716959935174,123233.58033816829,103063.7308700581,89116726252,81.54834902613152,356.132164493245,53,576.8120612587568,9630.814697882892,-35.5359,24.0199,62.7799,68.4,86.3263,56.9256,68.5218,47.0551,60.3722,24.2475,27.6112,-15.0165,0,0,0,0
2999,8999999,2888,2888,419.53635523467364,116376.05653514141,59634.696828452856,89239215027,82.03845611428198,342.60910506947346,53,506.26720007033174,9542.932852649737,-21.4163,20.569,43.6747,60.2189,82.5471,45.641,66.2787,54.0462,66.8214,10.6993,12.4054,-21.9491,0,0,0,0
3000,9006000,2890,2890,376.1848932625065,123782.39883466659,17732.6750842568,89330461577,67.16132311884786,364.72678398286945,53,524.1070204800083,9743.559261204038,-54.284,10.1141,66.4145,65.098,82.6812,38.4332,61.2853,43.2096,70.8667,5.72942,6.31393,-19.6771,0,0,0,0
3001,9012003,2892,2892,344.17927525485936,133026.9118372993,-14567.538322339053,89426975400,25.898696430184714,396.75726263324157,53,570.2917580549555,9576.683849279318,-82.2695,-4.27375,61.2984,84.9803,64.5032,40.3822,71.8641,51.1061,69.3276,-3.81205,13.7737,-22.7009,0,0,0,0
3002,9018008,2894,2894,292.05123702513515,131074.91405018064,-45780.989002268965,89542803429,74.84275001530352,433.98966942507025,53,495.39644965169373,9640.640517537096,-77.2423,-0.799648,47.1005,68.8562,87.0282,8.26372,60.0422,48.5252,59.2804,-0.979227,14.6274,-22.6515,0,0,0,0
3003,9024015,2896,2896,358.792422742999,129821.60708423724,-1089.6044664463261,89663435829,90.14264423448196,431.91769196638495,53,522.9989209513881,9785.704141444025,-57.3328,12.8756,56.1864,58.7339,96.9267,-6.35938,60.8008,51.9583,51.0302,19.3361,33.0476,-18.411,0,0,0,0
3004,9030024,2897,2897,314.7604083508096,127633.73518685372,-28559.620521685312,89765102389,82.58467943543639,451.697363231461,53,503.75972711551333,9828.252343181439,-72.4107,20.4128,64.9083,50.7483,103.056,-2.24686,54.723,44.3046,42.1766,11.6163,17.3146,-19.8421,0,0,0,0
3005,9036035,2899,2899,282.2331054017788,123905.96022012603,-44250.43443539445,89878970030,68.28108155208957,397.4999882160524,53,480.59549914405244,9615.579352832614,-69.6063,25.017,57.9825,47.4671,90.337,8.78586,49.3767,58.3722,1.22531,22.381,20.4696,-29.5749,0,0,0,0
3006,9042048,2901,2901,280.3740309125615,130906.76943074922,-52297.17222059122,89991516493,38.36468379993272,379.3067763405617,53,445.78925738561264,9698.894997209292,-66.7892,25.6173,61.8369,57.5498,76.3016,11.4898,23.3053,51.986,11.7852,18.2118,24.9977,-15.9184,0,0,0,0
3007,9048063,2903,2903,323.2258017487037,115095.93909378654,-10621.020177694227,90119436880,10.454045623704758,309.9373707003046,53,437.0015810096594,9609.468016317493,-42.09,29.2846,49.9033,57.3404,84.9051,8.11917,29.3167,69.16,17.639,23.1529,11.2926,-14.7979,0,0,0,0
3008,9054080,2905,2905,270.5051775592492,117261.66452164482,-44088.613435283885,90215067704,6.189299940210674,348.1182186745511,53,452.5879564274751,9597.280662927795,-69.3779,26.8139,66.8865,38.3392,82.706,-5.7764,29.1379,68.2337,13.9997,30.3041,5.12554,-15.887,0,0,0,0
3009,9060099,2907,2907,271.01635074995653,119447.50535007087,-45997.642976247414,90323614827,-62.13076711155077,325.40282078414316,53,458.65212273082096,9649.085679011978,-72.7837,48.5442,57.8015,46.4154,91.0584,-20.9941,7.8868,67.2971,17.8409,27.4494,0.540484,-0.0400358,0,0,0,0
3010,9066120,2909,2909,295.18073569609544,127333.19195117615,-40201.525225088,90436869982,4.083225328805781,324.5967352038919,53,477.1330867518203,9810.781358805605,-69.1768,41.1366,91.9173,20.2625,89.2557,-17.2108,19.1572,73.3577,16.1906,30.1414,4.73795,-4.58865,0,0,0,0
3011,9072143,2911,2911,383.1194582364879,122097.37030998235,24683.14896943765,90556143386,-5.654385172255672,345.2567846741278,53,509.5133428701484,9675.048545657564,-54.6876,51.796,86.0351,34.3346,90.4502,-8.50935,7.90301,80.5028,41.1416,41.2339,12.742,0.17739,0,0,0,0
3012,9078168,2913,2913,401.5741286592324,113905.51982579374,47356.26098262798,90673535034,-44.66849418202628,331.90425038280637,53,519.5511572210153,9493.92728913051,-47.1857,62.4514,67.9996,35.4664,91.723,16.1101,16.5515,79.1362,21.3987,69.7257,-4.70051,-7.1023,0,0,0,0
3013,9084195,2915,2915,344.38965242278533,138074.9567926637,-19470.7240967768,90787077613,-3.0923932278424786,359.22995914488644,53,498.4821883381714,10026.62134985089,-45.8016,59.1738,71.1759,19.306,103.905,5.21049,18.9096,77.1978,5.12197,61.4355,-8.33261,-22.9121,0,0,0,0
3014,9090224,2917,2917,405.7168737726635,141332.1794336592,23274.002230204176,90905913285,42.04752276285461,385.5835926858636,54,494.73395526479914,9917.117715850687,-29.4047,80.7583,79.2027,31.5834,78.2513,13.0754,14.5658,65.8168,25.192,42.4445,19.3351,-15.1038,0,0,0,0
3015,9096255,2919,2919,410.10719344856085,152211.29164462723,15976.61847362807,91010493552,15.389757593025593,455.21076544462267,54,517.7016818615286,9847.451933520153,-44.1256,80.5438,81.5116,32.4181,92.4418,6.69422,14.5671,80.8799,23.2287,41.363,10.2561,-9.67162,0,0,0,0
3016,9102288,2921,2921,473.9300723455165,154421.97995151687,70187.73352190966,91131571738,-8.472472946579217,463.4049591952575,54,549.1966839074526,9917.455215775784,-29.8338,82.1913,61.4565,55.6103,94.6207,9.70384,21.573,86.129,36.594,41.2856,22.399,-7.79949,0,0,0,0
3017,9108323,2923,2923,462.8282755951066,150918.51298828633,63291.49970205364,91236623415,-57.42333195457854,425.75288246689706,54,554.5413327764425,9911.939783067875,-43.6598,81.9058,59.7553,67.6586,91.7968,-2.19677,25.3142,98.2863,27.6295,41.8362,13.2756,1.22643,0,0,0,0
3018,9114360,2925,2925,437.5479439145414,155858.61019737297,35589.593026469694,91338992354,-70.71665095479591,394.25204308905916,54,619.8381487693474,9919.272617740276,-61.473,84.6164,64.9022,56.7731,129.217,-25.5791,13.3116,93.9895,25.3841,38.4328,22.0666,-4.09303,0,0,0,0
3019,9120399,2926,2926,448.0542350610426,141434.27733432502,59318.32022181101,91460301379,12.591212683316598,357.8048298728743,54,578.1573071958496,9830.24664677699,-49.4039,87.394,51.1931,66.8896,116.546,-15.6476,18.0465,84.9626,26.92,30.5967,9.42319,21.1345,0,0,0,0
3020,9126440,2928,2928,381.86820870973685,138636.20960901649,7187.119214166654,91559198422,-19.48551715572205,396.4504407480805,54,571.7758356877639,9998.490918136635,-76.3222,78.0336,41.3993,85.9948,122.565,-18.6316,17.9632,89.5739,16.877,21.9546,2.19779,0.263019,0,0,0,0
3021,9132483,2930,2930,263.2526106604111,123476.30443311605,-54174.36741359405,91669588198,-9.835551356873054,421.59443561290306,54,497.12904955802634,9794.68943245189,-87.3582,56.8742,55.6083,63.027,98.9701,-10.9478,11.3964,72.6443,7.22655,14.4441,-8.10578,-10.5264,0,0,0,0
3022,9138528,2932,2932,336.27302837782673,118743.0751879274,-5663.525573532737,91790482407,-56.83856742048448,352.7414755699214,54,559.3136276456662,9859.140539186741,-76.3814,54.5769,53.8776,67.2737,115.216,-12.9304,20.6991,74.1648,29.2529,27.4362,5.29579,-22.2085,0,0,0,0
3023,9144575,2934,2934,379.6355282521812,116950.22777080596,27172.90654050671,91922016148,14.664482623928336,280.6705148975141,54,553.7283359921367,9873.275084907757,-45.5224,55.3466,52.2877,62.4522,134.861,-27.4814,24.8714,80.1494,9.50237,47.211,-6.89035,-7.15225,0,0,0,0
3024,9150624,2936,2936,384.14012970699633,121041.84115218936,26521.798099118605,92029011865,-70.21919615112154,363.34456754321104,54,503.9571232818176,9702.329757079675,-55.6507,64.1123,38.4768,68.616,116.707,0.0139989,9.68688,82.8487,3.45465,48.1605,-4.25779,11.972,0,0,0,0
3025,9156675,2938,2938,377.66400306376823,121008.94634982316,21621.152860326765,92138160739,-61.00909514836138,309.78645552781614,54,545.3426084259647,9787.182088913105,-62.8967,69.9449,43.876,59.7817,105.108,-3.46786,24.8607,94.3619,-9.60111,39.7838,-7.87364,23.7859,0,0,0,0
3026,9162728,2940,2940,287.3386823508424,124136.11887457993,-41572.60049946161,92248327164,-61.2501621445889,335.01657855628685,54,463.5770767788176,10048.284733030427,-76.13,60.6397,27.1968,52.1647,76.5053,27.5451,11.7732,78.0488,-5.34277,28.176,-6.64644,13.4082,0,0,0,0
3027,9168783,2942,2942,321.3824719322872,142842.28490515906,-39555.591639851686,92360828156,-100.4209444181601,364.81675011447356,54,495.3965973822128,10350.231662369868,-76.481,72.5354,21.6591,62.1795,84.9021,12.2282,26.5078,96.5923,-6.70626,25.0743,-3.81983,6.71077,0,0,0,0
3028,9174840,2944,2944,298.18513633233005,132512.61314915106,-43598.237619620806,92474966170,-73.30610213849633,369.103379877657,54,523.229882720553,10108.05401612916,-75.8192,77.2932,11.9674,77.4772,83.296,-7.84074,35.4105,99.9927,3.25726,22.0131,-17.38,-11.4823,0,0,0,0
3029,9180899,2946,2946,379.04979250676445,128967.38832921686,14711.356870204327,92600097115,-55.495313685336214,275.12678027937886,54,528.1118896205593,10034.516255206569,-55.2752,72.118,36.4197,66.8512,88.4472,2.32045,24.0574,104.622,24.6765,30.8526,-19.2558,3.21599,0,0,0,0
3030,9186960,2948,2948,354.88268691599984,125798.10903942249,143.6124332970794,92710405853,-60.904634099711984,348.10090075401695,54,589.2738683691384,10065.654955137528,-64.7185,53.9389,32.7895,88.9963,57.9936,16.2478,26.2241,106.857,18.0298,28.98,-52.4771,42.0212,0,0,0,0
3031,9193023,2950,2950,406.389438242201,135965.83893804785,29186.536576763843,92821186908,-108.90899947106357,316.03790397798446,54,586.6040092635259,10004.042299219887,-67.2794,83.8266,17.3742,91.2193,77.4632,12.0114,20.1301,111.285,29.8641,22.4679,-22.8278,30.8552,0,0,0,0
3032,9199088,2952,2952,431.6591747228732,127981.40430594959,58348.23881648241,92950627858,-84.67612611110974,278.8394397217679,54,538.6757300094158,10071.62368455997,-41.8277,90.5766,14.734,91.6501,70.608,25.8473,38.1208,105.527,17.5135,8.18063,-11.6806,22.4097,0,0,0,0
3033,9205155,2954,2954,418.99513008426123,137689.8342431643,37867.08479116269,93054754331,-4.023602190983411,333.13597708451834,54,557.266108982474,10159.912122904825,-57.4936,99.5274,19.3062,87.7875,52.9115,37.0102,21.1026,113.962,31.2673,18.4096,-11.6419,6.84667,0,0,0,0
3034,9211224,2956,2956,358.3624318407879,135147.0069854838,-6723.374430640455,93170456051,-24.222136171125214,376.61121727297626,54,497.1428568707834,10142.334718005826,-60.1469,90.3403,34.7291,54.29,30.5294,37.6046,23.7563,102.757,37.9931,7.88493,-9.24336,7.86754,0,0,0,0
3035,9217295,2958,2958,404.793615508466,123828.01611002325,40029.855046392564,93285531481,-11.891121309446703,352.94169735103026,54,524.6291120831063,10062.68404320209,-59.9177,83.2202,38.4329,58.424,38.7522,45.929,39.9114,107.996,31.049,12.5661,3.64825,4.7821,0,0,0,0
3036,9223368,2960,2960,423.5472042845965,118294.70054368506,61097.53371361265,93406578382,44.60712831886934,388.73608013048505,54,561.1306058783284,9946.934132397193,-51.6759,67.0961,30.8449,80.9137,39.2028,48.5983,37.8119,122.963,43.3855,18.6642,2.85882,-17.1158,0,0,0,0
3037,9229443,2961,2961,419.87996277014986,109038.21556106563,67260.9675747968,93530846950,60.637975314128994,313.62921403680605,54,496.9835614112651,9749.144816148833,-38.5518,49.039,46.3976,63.2607,41.4958,32.5982,41.6223,105.295,20.7369,44.1523,7.14012,6.69413,0,0,0,0
3038,9235520,2963,2963,452.40674283421345,115375.96392709985,89295.8970347623,93649912754,65.51197699847086,381.3961645237743,54,520.6764648950966,9987.272720808618,-31.415,61.8441,24.0816,82.5254,54.946,30.5099,32.9637,120.164,13.1686,46.071,-2.7199,20.2675,0,0,0,0
3039,9241599,2965,2965,411.0998734876493,119260.34436084043,49742.761620720805,93760889958,75.57530379401044,371.71728637527474,54,487.89140175345614,10032.427548544507,-38.3958,61.8499,19.6973,95.015,46.4811,18.2697,20.1305,119.224,37.7113,17.8325,4.0771,9.20703,0,0,0,0
3040,9247680,2967,2967,429.6232902778274,126890.56631318724,57685.60523595908,93873241537,55.04149360111853,408.4805976298843,54,518.3510493848435,10000.670482480824,-44.3639,66.718,15.2994,102.418,42.8382,13.4991,34.7601,116.391,30.0581,30.4038,6.23072,15.371,0,0,0,0
3041,9253763,2969,2969,462.86822022457596,128771.14204312401,85475.84725074255,93994876834,65.59033688156,418.2524644315488,54,567.1639931951615,10210.471151616322,-30.4496,59.653,48.9745,93.7491,87.2824,-21.5855,29.7467,123.532,23.9932,21.7542,-0.112807,26.331,0,0,0,0
3042,9259848,2971,2971,478.8051390218557,128585.13123180016,100669.22992193841,94122040138,124.42164022418592,392.8937666208826,54,566.2767720706163,10135.848995837887,-15.5227,53.584,32.5687,101.37,95.5726,-23.6746,38.5556,126.681,13.7325,17.9197,-4.53856,42.5573,0,0,0,0
3043,9265935,2973,2973,392.3781592342846,138667.75736968225,15292.862474403373,94234662304,34.91403659923526,332.6484316199819,54,511.99268013043917,10327.782834534635,-25.7134,39.582,18.4455,99.6234,81.1703,-20.9292,36.6266,123.473,1.36485,8.3484,-13.1647,43.5513,0,0,0,0
3044,9272024,2975,2975,406.0118873886699,124971.64001642974,39874.01268448023,94353289653,68.25239161876561,327.87142124104776,54,487.32775431071303,9976.318420485743,-23.8914,25.4421,37.9588,78.2343,83.7617,2.14414,31.7839,127.812,-14.8966,21.8981,-1.86992,37.6343,0,0,0,0
3045,9278115,2977,2977,308.691479259263,125454.02926215049,-30163.599894878484,94467725842,58.82387002628445,361.931817521633,54,473.9775077124817,10108.24588118884,-28.187,26.5031,20.8246,84.6241,60.0407,-9.70561,22.3327,111.038,-22.353,28.1864,-22.3974,37.7845,0,0,0,0
3046,9284208,2979,2979,347.9103638421478,121195.9956398168,-154.37437104115088,94584482102,110.15674171080843,369.5345038011635,54,465.27044850719795,10082.925434124278,-27.4699,24.4262,36.4704,68.0824,64.6316,3.28553,39.4062,103.112,-25.7144,10.6019,-5.49573,56.5742,0,0,0,0
3047,9290303,2981,2981,331.2800869839389,115721.18467630328,-5974.688644217182,94705210172,159.2716179895749,366.6845652689701,54,465.33290376604737,9898.823390538726,-20.8705,12.4163,36.3985,75.5441,60.2227,24.1149,31.5572,104.615,-31.9612,10.649,-14.1947,42.7886,0,0,0,0
3048,9296400,2983,2983,362.1736472068308,113547.93929392782,17621.811437170123,94812435425,149.66232587857291,386.6912451064369,54,496.1462005495171,9891.043389774684,-32.2583,24.4024,56.1026,74.0658,69.7233,10.178,33.3633,100.851,-34.7279,24.1113,11.4035,24.9591,0,0,0,0
3049,9302499,2985,2985,488.9639457779993,124693.88659400318,114391.85367678705,94939424194,174.21218689203926,363.97614507094096,54,576.0728631829168,10199.088907706593,-9.7638,36.4555,78.8797,64.5905,99.9167,-4.60218,52.5204,118.194,-29.1885,24.1702,29.6507,28.1408,0,0,0,0
3050,9308600,2987,2987,501.3766037632817,132736.5946506701,118641.90415053267,95052540321,113.2650387469103,326.8040204340744,54,576.4430216051364,10256.556443596724,-18.2566,35.3707,79.7863,54.1833,102.581,-1.93545,67.579,111.704,-17.3412,15.001,39.2738,33.4302,0,0,0,0
3051,9314703,2989,2989,580.270069317909,133349.29567262752,203364.05767358345,95184138470,152.71148625928458,291.7278518271196,54,592.8686554036035,10238.726050711499,8.13305,37.4867,85.6248,55.7039,101.082,14.2049,61.2968,124.121,-6.29929,9.47564,34.5314,54.9082,0,0,0,0
3052,9320808,2991,2991,536.0340488224072,137232.24055818512,150100.26093875765,95295357945,139.4287568833417,278.55525706626275,54,547.9150719059724,10428.521238020865,-1.46464,30.465,98.4513,36.3584,113.425,10.2684,56.4575,107.269,-4.47587,6.85419,20.9635,61.4624,0,0,0,0
3053,9326915,2993,2993,501.63998778596755,137881.26275625502,113761.41458965064,95411296802,136.4510474604915,267.03473332592444,54,521.6733152524012,10423.030412280199,-5.17991,14.5101,99.4183,55.8694,119.15,-4.83675,18.4318,94.4076,2.06048,12.4328,34.7111,60.6652,0,0,0,0
3054,9333024,2995,2995,418.6747786839992,130053.626527442,45234.9437786537,95527995615,181.04624885516,297.7239810841472,54,473.83573111565283,10357.134607683909,-9.88251,15.5513,81.237,49.4473,105.49,-4.78006,26.2296,84.4787,-2.1887,-10.7292,29.6227,54.1988,0,0,0,0
3055,9339135,2997,2997,438.8462979043868,141886.37278057027,50699.70040381554,95639536136,168.7328590269106,318.24430077379344,54,477.57839380758037,10301.870932385249,-15.7027,32.6594,78.3363,49.0272,97.3041,2.04753,29.6435,76.4481,1.35351,-3.66337,35.196,56.1967,0,0,0,0
3056,9345248,2999,2999,428.0915654146909,145748.5355374426,37513.852841757966,95752646039,176.7088122186048,336.9195300109474,54,511.6187777105836,10229.840297950108,-20.5102,32.6298,85.1433,59.816,102.629,10.344,32.1821,62.6709,-5.22508,-16.0284,15.3403,69.1001,0,0,0,0
3057,9351363,3001,3001,442.3787218313894,132250.8622877651,63448.071241408674,95880284448,142.6091710420808,344.24826450444766,54,511.5819246695635,10060.91158163192,-4.43523,22.8008,90.1625,57.2394,104.274,4.23314,39.1576,63.5678,16.8186,-30.1664,17.7432,60.9835,0,0,0,0
3058,9357480,3003,3003,420.906121869849,128908.59789177297,48253.36553574323,96001694489,110.69692921604218,394.06741412262494,54,463.1898922992442,10156.9031136618,0.652385,2.83413,108.1,39.0244,100.688,21.1312,24.3025,57.5066,16.3482,-21.1419,5.99377,65.4672,0,0,0,0
3059,9363599,3005,3005,432.5776232893535,116518.1241155342,70605.27605513162,96116084459,144.5865494588706,327.01236007300434,54,444.10231776222224,9966.106840459717,-4.37755,9.93433,95.2525,53.6644,104.329,25.2677,24.1916,48.9395,10.1807,-1.38479,0.0693885,66.511,0,0,0,0
3060,9369720,3006,3006,419.5656717520163,121855.19656727898,54180.15634544172,96231612407,175.80875891276008,360.4420089094685,54,440.1784984832351,9945.550453264434,-7.39482,13.0306,102.179,46.292,94.2023,28.9979,5.68761,57.1694,11.2257,16.3403,-2.91159,54.7468,0,0,0,0
3061,9375843,3008,3008,365.88181612749116,117702.31283201672,16167.190540734548,96336409991,160.3741994404893,352.38089659783725,54,449.90307958251736,10109.747236792868,-32.5296,16.1937,83.25,38.9207,88.5216,41.3716,12.1316,61.8708,16.1671,-2.46434,-7.01666,49.4654,0,0,0,0
3062,9381968,3010,3010,300.40649026659565,113013.06232537547,-22769.00293108124,96448997091,15.549649532053422,345.7622640064152,54,424.08445695324,10122.5057729011,-40.6518,18.2192,83.31,43.7649,67.2395,36.1809,0.357185,69.5693,-4.01334,-3.60526,-13.5686,43.6045,0,0,0,0
3063,9388095,3012,3012,321.5629747284999,115141.26587523235,-11738.519158990472,96576196465,52.4081929873405,320.82423614571326,54,400.6602379495195,10083.195495873342,-27.8915,1.44524,80.5112,59.3911,53.8756,51.1578,-11.6572,73.9605,3.73263,2.49361,2.64948,31.8945,0,0,0,0
3064,9394224,3014,3014,231.03178303691175,112571.53394665441,-59195.84917343975,96683113935,-21.85863091716783,364.6958613560505,54,444.3317608423208,9999.106935265521,-48.1185,-6.46636,77.4911,65.1516,24.2673,58.4464,-34.4353,67.5643,11.9495,-1.44271,-16.1871,32.8116,0,0,0,0
3065,9400355,3016,3016,308.6231113872812,115180.20449011793,-19931.979607751753,96806249663,23.927309553132716,316.0158339646502,54,413.6317403445269,10065.811874965082,-38.463,-3.31111,88.6807,53.9158,25.0481,64.4928,-9.07408,74.4434,10.3819,11.3827,-1.6561,32.782,0,0,0,0
3066,9406488,3018,3018,245.46048589257077,116181.81561463824,-55930.9654800213,96921162316,-35.54874712047888,334.66499406392984,54,416.90801691123136,10157.436643479725,-44.7949,-2.15979,80.7929,54.7452,2.60359,70.38,-11.675,77.5873,27.4134,6.52908,-27.0941,11.1327,0,0,0,0
3067,9412623,3020,3020,269.30918511848927,108883.66155880532,-36356.2243696206,97037891960,-35.609709912849894,372.00430981190766,54,536.4342624624728,9936.443676497189,-48.2443,4.05837,71.0455,73.357,-17.694,88.504,-28.5322,92.0016,39.268,21.8231,-39.0921,12.8142,0,0,0,0
3068,9418760,3022,3022,218.26674406032572,109391.4541704953,-61751.082607799566,97157572273,-29.778921888500292,402.66584004747943,54,427.7085956383858,10103.214354052907,-46.681,5.13891,79.2152,55.2526,-4.31081,53.6273,-19.5678,78.9534,42.8999,5.90455,-34.1613,1.99573,0,0,0,0
3069,9424899,3024,3024,230.79628941645728,105912.6221822231,-52645.69497381799,97280062192,27.129681992559313,363.49700587277664,54,430.2636947806261,9933.121517388252,-39.2353,3.41998,90.3878,54.0735,-3.53449,51.7523,-21.868,68.7423,51.1334,11.0207,-22.1927,-12.9032,0,0,0,0
3070,9431040,3026,3026,228.67889722818813,114810.67869529103,-62516.640657790806,97389481828,33.52215222879704,371.69379292886106,55,547.0649203209553,10201.290699628842,-51.7768,7.56343,107.619,41.8163,-34.8398,86.7977,-13.8104,79.0591,42.5605,22.456,-35.423,-23.343,0,0,0,0
3071,9437183,3028,3028,210.55367044260356,112541.655299601,-68208.80716274849,97497408753,-7.36042493920246,426.84521641646205,55,499.31869466704984,10061.833622364476,-68.4359,15.7737,117.994,25.6363,-16.9819,71.6831,-5.5796,58.0322,53.4032,12.4139,-34.7559,-18.6292,0,0,0,0
3072,9443328,3030,3030,231.50368500981932,109423.42754372532,-55829.471370599684,97617882486,-24.623636464340905,382.5334698774921,55,447.5883625135695,10054.793875444106,-66.0824,15.9801,129.074,5.51404,-12.6085,60.1198,-1.62148,61.431,60.6246,6.80238,-18.4978,-9.23223,0,0,0,0
3073,9449475,3032,3032,315.8701195548349,122125.93270903722,-22352.000281451532,97745173222,67.69460779920962,362.8786761060245,55,455.2096047078469,10300.715817448798,-50.8463,18.2533,146.507,1.32321,1.92561,51.081,8.43278,64.585,63.7448,29.6869,-18.294,-0.529497,0,0,0,0
3074,9455624,3034,3034,235.6568144163179,121458.28839753447,-65924.15421668757,97854784401,46.90048313282779,413.94108072667956,55,433.009812891844,10215.776651592345,-69.5975,10.3889,134.721,-8.65183,6.92664,68.874,-0.428041,50.2581,39.2017,13.853,10.1104,-19.9991,0,0,0,0
3075,9461775,3036,3036,228.59848171249126,138298.94681507893,-86041.68097382273,97970976591,128.98018603424862,454.0788109434461,55,454.6913604996567,10415.951394060627,-75.4663,11.7249,122.215,-12.9963,-6.38673,91.0781,13.531,50.0511,24.3116,28.7331,-0.935396,-17.2617,0,0,0,0
3076,9467928,3038,3038,120.67069939062452,138114.49931997427,-123553.08162855181,98073148921,60.763697308944984,450.7038380909753,55,422.2625370673482,10359.240940909382,-105.322,11.9234,123.418,-19.9087,-5.62222,69.9529,4.5797,42.1839,0.243368,19.1658,-13.8376,-6.1051,0,0,0,0
3077,9474083,3040,3040,99.8161481445859,143796.5075995974,-133833.24416917548,98207855255,91.71503917338896,410.54654034767464,55,421.7399709640563,10569.75811197333,-83.2959,7.18875,116.831,-34.1142,1.82005,66.3913,-3.54309,49.6978,-3.5204,18.8488,-31.5844,-4.90387,0,0,0,0
3078,9480240,3042,3042,167.41982758938462,134224.4327457276,-106195.03407566831,98326123145,35.861404141660955,398.18312670735963,55,465.7855177197046,10201.19175036222,-82.2568,16.4501,127.235,-29.1797,7.73607,71.1036,12.7621,45.2015,16.6046,18.3595,-37.7463,1.14989,0,0,0,0
3079,9486399,3044,3044,115.59347233087664,156576.8810391192,-143215.03019361006,98435170180,22.376944676537335,406.86071137262905,55,527.4887956487851,10652.713967969117,-99.3352,19.7783,144.641,-48.1663,-9.42611,80.3033,20.4624,27.6157,23.7535,-10.4327,-38.5874,4.98676,0,0,0,0
3080,9492560,3046,3046,62.98417283572013,142856.61460511014,-138889.60857731028,98562523850,1.6523407764474314,386.10740840034975,55,414.3400748544096,10540.207996602197,-88.4009,26.969,113.104,-46.3164,3.08975,56.4108,5.9403,15.7567,16.3769,-4.0582,-36.9025,1.01455,0,0,0,0
3081,9498723,3048,3048,48.92731472745055,133551.4305976786,-131157.5484712396,98687286327,62.666223324805514,396.9841234120138,55,384.5456088344418,10435.327642545006,-84.5841,5.36006,107.499,-25.3142,19.6854,29.6842,16.9062,8.15917,27.6057,-19.3454,-38.5655,1.83663,0,0,0,0
3082,9504888,3050,3050,163.63523449316665,143798.7122459143,-117022.22227828066,98813716883,89.32568194418127,439.01028450604895,55,482.2933157899098,10542.890594236225,-70.7546,-3.38642,154.955,-41.2453,10.7472,47.4745,28.8659,41.5765,21.0327,-20.4495,-23.4932,18.313,0,0,0,0
3083,9511055,3052,3052,185.23624739839084,142082.4994572106,-107770.03210697274,98941552528,99.56051595689343,394.55424811040683,55,479.15166572407185,10338.160612133193,-56.0426,4.93391,153.621,-41.3954,1.34214,42.7421,42.0741,45.8926,12.8644,-10.5455,-38.9742,28.7238,0,0,0,0
3084,9517224,3054,3054,151.61264536967496,149384.2509201632,-126397.85668417238,99064392446,146.56454704673718,414.55992394658836,55,509.0046557673845,10517.210802856524,-54.3179,-13.7497,167.925,-44.1885,-16.0712,51.0977,29.031,45.4102,10.4899,-16.7621,-33.6067,26.3545,0,0,0,0
3085,9523395,3056,3056,88.30262612191314,135418.81159942728,-127621.45781940091,99176205831,92.81010477250368,438.39298169474966,55,515.481746432394,10377.864679096834,-70.7106,-8.36648,137.581,-17.35,-43.3304,62.2009,37.1623,27.7239,-3.18053,-31.0489,-39.6025,37.2242,0,0,0,0
3086,9529568,3058,3058,89.5266131925843,135374.21695822864,-127359.20248849403,99290333031,94.42667184845453,412.25542339878,55,507.1280401823487,10297.985416321802,-78.0908,2.8792,147.017,-25.2218,-37.4351,65.476,24.2005,9.67457,9.75812,-39.9075,-28.1455,39.3221,0,0,0,0
3087,9535743,3060,3060,126.33903231135088,132141.1853577788,-116179.63427241024,99418001269,85.73151293299816,372.63031324872145,55,479.42735887632676,10165.677923252873,-64.5883,9.32526,147.735,-24.3109,-28.4553,61.2603,39.1635,18.3701,12.3861,-45.0431,-14.1466,14.6426,0,0,0,0
3088,9541920,3062,3062,154.8668860369109,131814.0935262556,-107830.34113548606,99537295994,95.86566667145729,407.5211296614429,55,530.1288167670632,10228.350017411773,-65.0732,9.63381,161.229,-27.1936,-31.8813,81.6035,42.1951,22.8616,-12.2076,-37.7264,-13.5489,24.9743,0,0,0,0
3089,9548099,3064,3064,235.31518192014425,130398.01172646918,-75024.7768843586,99673899352,115.29923769753964,386.92103815291625,55,496.9523137894636,10206.85730618444,-43.6755,8.00914,136.867,-34.9991,-13.2216,99.7886,37.236,45.5496,-7.7686,-16.5965,-14.5572,38.6832,0,0,0,0
3090,9554280,3066,3066,143.79012463312415,155741.58214418602,-135065.98220217664,99785330493,144.14489710807186,436.7353068583192,55,539.5404248329237,10716.349593490711,-61.2652,7.38055,128.494,-36.0314,-37.3316,122.893,28.365,36.8724,-15.1316,-23.3792,-24.7361,17.6612,0,0,0,0
3091,9560463,3068,3068,178.0029061251788,158860.35301302152,-127175.31842401231,99920603779,166.15304446017728,432.84609837781557,55,472.28079610106613,10539.035753258871,-37.9723,16.8187,123.193,-57.9155,-10.3645,95.7506,28.3134,35.4618,-4.11229,-17.1031,-19.6712,25.6047,0,0,0,0
3092,9566648,3070,3070,94.1614561324713,161827.92160069168,-152961.54177970436,100022199144,70.4092156541293,444.6945655634198,55,526.163779264386,10644.091901123546,-72.6668,14.1194,111.809,-58.6642,-33.4806,116.098,38.9203,25.6884,-13.1778,-13.2255,-24.7862,3.52782,0,0,0,0
3093,9572835,3072,3072,109.98775830574095,148001.18260618596,-135903.87562906387,100153336549,35.27802797697501,457.3343396475611,55,551.8776399204041,10416.643351723007,-55.4786,7.62048,118.496,-68.705,-27.8342,120.515,31.8293,26.9114,-22.6593,-10.0163,-36.2514,25.5606,0,0,0,0
3094,9579024,3074,3074,93.06366144933878,142965.50308621605,-134304.6580038589,100279868330,117.72358391527985,375.5185348859353,55,616.415253190617,10375.513813589754,-49.2778,-5.01597,127.175,-81.4579,-37.9543,141.374,44.4244,32.5093,-31.2469,-11.6013,-45.1217,9.25689,0,0,0,0
3095,9585215,3076,3076,202.5571336175027,147326.78234569455,-106297.3899663557,100429089573,183.34082774360758,367.1293983030402,55,529.0249524323282,10629.668280814582,-6.19445,-16.5856,119.064,-70.3551,-22.9151,132.315,36.6355,35.7268,-16.604,16.2828,-30.5796,25.767,0,0,0,0
3096,9591408,3078,3078,212.93845820844234,153755.42833573464,-108412.6413515461,100559044035,161.1179916117153,321.6337414769064,55,461.5165135205402,10685.172409479383,7.90158,-8.15923,100.661,-65.119,-14.2742,133.729,43.6692,34.5892,-3.684,2.64742,-33.0526,14.0296,0,0,0,0
3097,9597603,3080,3080,178.79186688600578,157103.43512219304,-125136.90345760983,100679744099,143.385433627819,273.85097341522453,55,535.8399012654869,10544.840807968685,4.88022,-5.66607,97.47,-77.0257,-48.4028,150.984,44.7037,51.6434,-25.5555,-4.18995,-17.6839,7.63484,0,0,0,0
3098,9603800,3082,3082,128.91554594147647,155043.66391297683,-138424.4459275879,100792041455,114.97170394638766,319.60089780822847,55,552.9960610126393,10612.237885525608,-12.1285,-16.3104,94.2682,-62.7913,-48.3707,141.083,33.9988,55.5915,-22.4287,-30.7662,-19.2445,16.0141,0,0,0,0
3099,9609999,3084,3084,21.208688028565803,156960.21672786702,-156510.40827997398,100900522194,84.40102359741405,266.96111230489106,55,629.1543865742494,10590.125671222186,-34.2546,-33.7544,122.14,-74.5566,-68.7346,120.174,19.9437,53.5475,-38.6884,-32.8939,-21.0904,9.37627,0,0,0,0
3100,9616200,3086,3086,35.02457818679318,137921.67288134512,-136694.95180418232,101023599344,93.2327489955681,287.29738966311317,55,549.3982692811826,10345.772798742972,-29.3681,-19.3358,105.856,-57.3334,-63.8644,116.505,16.2369,52.6807,-24.1886,-30.5559,-32.5407,0.932705,0,0,0,0
3101,9622403,3088,3088,68.71305650208694,141555.8043557291,-136834.32022187012,101144372865,107.15930987757235,320.38723498795673,55,536.7661502611619,10405.559964482069,-28.5989,-28.8505,120.787,-41.181,-59.9255,116.593,8.09751,57.2617,-9.86017,-34.3869,-21.5957,-9.62786,0,0,0,0
3102,9628608,3090,3090,113.41337380187952,126928.66802394392,-114066.07466681907,101269636279,120.33757140680376,340.534125693606,55,470.9027443159589,10314.673536722603,-21.8171,-37.3691,130.567,-33.7424,-44.2944,93.9298,10.2087,55.3141,-1.52479,-18.9917,-21.0051,2.13877,0,0,0,0
3103,9634815,3092,3092,25.3081807445526,114855.46419905566,-114214.96018645671,101393650435,107.80095126239752,354.57018959466785,55,485.13790924550085,10131.057988198398,-25.1527,-49.821,116.628,-39.6677,-53.9575,95.9434,-4.6664,41.7168,-10.3997,-13.5217,-32.7281,0.934886,0,0,0,0
3104,9641024,3094,3094,-21.66483675637062,123159.0876721337,-122689.7225204535,101508374883,68.90510342405071,403.75734846187095,55,492.1287980794044,10291.109575669663,-37.4756,-45.4103,108.398,-35.2367,-58.3408,91.4299,-12.5536,35.4045,-17.983,-17.5093,-24.3091,-8.07845,0,0,0,0
3105,9647235,3096,3096,37.96020779473537,114565.99982263871,-113125.02244681922,101641626337,39.293894115959745,405.6229242172673,55,416.51100695428084,10264.384930794171,-19.9159,-48.7993,92.3772,-12.0263,-52.3254,86.5986,1.30329,44.6167,-0.55224,-24.0371,-31.6192,2.33984,0,0,0,0
3106,9653448,3098,3098,-0.5765344197791933,135047.81013424988,-135047.4777423127,101778429530,78.74359280110855,410.35045315314426,55,410.26150006287315,10615.253734678408,-2.34357,-58.3258,70.2789,-18.6744,-43.5444,83.7643,10.6743,39.1178,-36.8315,-30.4556,-15.2438,1.00725,0,0,0,0
3107,9659663,3100,3100,-38.65535426437026,140453.64622744467,-138959.4098141407,101896519632,80.24984651100624,355.3203953693586,55,423.3272160825115,10551.725388690034,-8.88857,-43.7855,67.3206,-24.3177,-50.4564,82.7712,-4.12207,42.2441,-44.4279,-11.7589,-41.3554,-1.8788,0,0,0,0
3108,9665880,3102,3102,7.37867686331407,133327.4943739266,-133273.0495016734,102020679065,63.29916596889035,376.4209599122585,55,420.7875613988239,10531.537589948925,-5.42094,-44.2491,48.2805,9.94984,-54.4465,96.0187,-4.18045,59.834,-38.3928,-1.35995,-46.5865,-12.0682,0,0,0,0
3109,9672099,3104,3104,-0.1495432985663001,134949.6238092651,-134949.60144606695,102144735623,67.87544274195977,338.6753734150851,55,466.2908380546452,10532.932788447613,-5.07065,-39.646,23.2424,11.2942,-70.6024,112.5,17.7617,55.7995,-51.8598,12.4732,-43.1778,-22.8635,0,0,0,0
3110,9678320,3106,3106,-25.184810204476776,139527.88170828106,-138893.60704324555,102250644060,66.67184083171651,371.43801240301264,55,552.4547799997457,10675.129576996918,-32.7077,-45.1803,40.3336,11.7063,-84.6744,131.504,16.0474,37.8303,-71.6337,26.2132,-36.7228,-17.9009,0,0,0,0
3111,9684543,3108,3108,-12.424750250759871,137707.49582823733,-137553.12140944356,102385857664,82.31975752622265,323.4962111507861,55,485.75693746687944,10628.099786384733,-14.4621,-47.5145,39.4275,15.9728,-84.5135,137.59,17.2431,20.2333,-58.8332,6.19907,-27.0444,-16.7232,0,0,0,0
3112,9690768,3110,3110,38.54683779823836,127664.30146283137,-126178.44275858767,102516251298,22.846897442677403,330.07015778895874,55,497.2322125022788,10604.453775988919,0.796068,-34.9859,40.368,21.4479,-94.674,155.907,12.1798,23.634,-61.1113,13.5566,-16.929,-21.6424,0,0,0,0
3113,9696995,3112,3112,32.247243731702156,132466.06938185936,-131426.18465356756,102634890653,152.31489572176605,343.64998299839334,55,444.08107639530294,10616.91047693069,-8.06303,-40.3907,54.5901,12.8523,-60.756,120.225,17.6418,32.8554,-70.8791,-1.2748,-17.8588,-6.69438,0,0,0,0
