k,n,X,q,P_q,abs_P_q,sqrt_X_over_q,Dpsi_max,Dpsi_rms,ratio_renewal,ratio_rawdisc,log10_rho
6,173,30275,2,-65.5,65.5,123.03454799364283,24.25381314618062,24.25381314618062,0.5323707939609318,2.7006062760203395,-587.8907589363273
6,173,30275,3,77.33333333333333,77.33333333333333,100.45728777279759,13.293531543075005,12.265821140282997,0.7698130722803976,5.817365617462167,-587.8907589363273
6,173,30275,4,-24.0,24.0,86.99856320652658,14.098698956911903,12.286164097734193,0.2758666248662775,1.7022847337437454,-587.8907589363273
6,173,30275,5,0.0,0.0,77.8138805098422,23.41345091261428,16.111671898192064,0.0,0.0,-587.8907589363273
6,173,30275,6,48.333333333333336,48.333333333333336,71.03402940375362,18.14556180699401,17.104470369470086,0.6804250545693988,2.6636449092859595,-587.8907589363273
6,173,30275,7,0.0,0.0,65.76473218982953,89.80558043725978,49.222595849216624,0.0,0.0,-587.8907589363273
6,173,30275,9,-85.66666666666667,85.66666666666667,57.999042137684384,88.31777640886958,43.41358660073732,1.477035887304861,0.9699821502533135,-587.8907589363273
6,173,30275,10,-37.4,37.4,55.02272257894914,25.492892454294633,17.234365819387314,0.6797191823130299,1.467075580656578,-587.8907589363273
6,173,30275,12,1.5,1.5,50.22864388639879,38.45954882382193,30.963435942628873,0.02986343814880853,0.03900201759701603,-587.8907589363273
6,173,30275,14,-144.14285714285714,144.14285714285714,46.502688094345686,92.57816915949934,50.277575317472596,3.0996672031177406,1.5569853935490883,-587.8907589363273
6,173,30275,15,185.2,185.2,44.92586485904677,48.417276833997676,27.223361636583064,4.122346905976281,3.8250808824910227,-587.8907589363273
6,173,30275,20,-49.7,49.7,38.9069402549211,44.36860126621377,27.317364922703064,1.2774070557685078,1.1201615237270515,-587.8907589363273
6,173,30275,21,-13.714285714285714,13.714285714285714,37.969285832981726,90.61272275956117,40.88673399567432,0.36119419718905815,0.151350553174263,-587.8907589363273
6,173,30275,25,139.8,139.8,34.79942528261063,78.31816431879201,41.332880549792264,4.017307724615167,1.7850265160831376,-587.8907589363273
6,173,30275,28,38.92857142857143,38.92857142857143,32.882366094914765,92.70904275823068,45.45178267674878,1.1838737916913986,0.4199004786414469,-587.8907589363273
6,173,30275,30,160.66666666666666,160.66666666666666,31.76738369250239,46.33783529231732,26.929275826745958,5.057598328583369,3.4672890015927162,-587.8907589363273
6,173,30275,35,0.0,0.0,29.410882339705484,55.99456015227338,28.0967072007772,0.0,0.0,-587.8907589363273
6,173,30275,49,0.0,0.0,24.85673234472188,61.69818670666302,28.593815076010706,0.0,0.0,-587.8907589363273
6,173,30275,63,0.5714285714285714,0.5714285714285714,21.92157739660984,83.3261657726265,32.320270783543144,0.02606694587210419,0.0068577326957277515,-587.8907589363273
6,173,30275,105,80.74285714285715,80.74285714285715,16.98038083593337,86.46447609002041,31.168328721535687,4.755067505434951,0.9338269401967307,-587.8907589363273
6,173,30275,210,-274.2190476190476,274.2190476190476,12.006942436218583,86.46447609002041,31.15492089591395,22.838374471745116,3.171464860708241,-587.8907589363273
6,173,30275,225,28.066666666666666,28.066666666666666,11.599808427536876,60.10429174269237,22.365816260176928,2.419580188931309,0.4669660993065288,-587.8907589363273
6,173,30275,441,-11.0,11.0,8.285577448240627,48.35471368446332,18.035220711688098,1.3276081321689603,0.22748557817506776,-587.8907589363273
6,190,36480,2,0.0,0.0,135.05554412907307,33.131291307778156,33.131291307778156,0.0,0.0,-586.4703653060566
6,190,36480,3,0.0,0.0,110.27239001672177,52.16188153674739,39.38708363640041,0.0,0.0,-586.4703653060566
6,190,36480,4,-46.5,46.5,95.49869109050658,34.307587203595176,24.273382662568984,0.486917668389096,1.3553853182402507,-586.4703653060566
6,190,36480,5,0.0,0.0,85.41662601625049,43.76882722283153,25.40665503473533,0.0,0.0,-586.4703653060566
6,190,36480,6,0.0,0.0,77.9743547584717,57.01391180066639,41.51174074756616,0.0,0.0,-586.4703653060566
6,190,36480,7,-31.428571428571427,31.428571428571427,72.1902249021886,60.38211521080302,37.06719660618343,0.4353577159671462,0.5204947080579998,-586.4703653060566
6,190,36480,9,238.33333333333334,238.33333333333334,63.66579406033772,91.365555850487,42.68788817306655,3.7435068053570286,2.6085687446957393,-586.4703653060566
6,190,36480,10,0.0,0.0,60.398675482166,46.541415945070185,26.455041922993733,0.0,0.0,-586.4703653060566
6,190,36480,12,45.0,45.0,55.136195008360886,38.00477033732386,22.483672506532287,0.8161607813737631,1.184061884878863,-586.4703653060566
6,190,36480,14,-87.0,87.0,51.04619756371953,56.91637930800334,37.4562227151978,1.7043385041833987,1.5285582297707125,-586.4703653060566
6,190,36480,15,0.0,0.0,49.31531202375181,47.441477219357694,21.19552200858384,0.0,0.0,-586.4703653060566
6,190,36480,20,49.8,49.8,42.708313008125245,85.57360759241965,43.36240666575904,1.166049335419209,0.5819551308061415,-586.4703653060566
6,190,36480,21,-13.666666666666666,13.666666666666666,41.67904578013822,86.18337778982595,41.04943790893321,0.3279025805619426,0.15857659582565156,-586.4703653060566
6,190,36480,25,0.0,0.0,38.19947643620263,79.41016047234575,35.503469483843006,0.0,0.0,-586.4703653060566
6,190,36480,28,167.64285714285714,167.64285714285714,36.0951124510943,74.81375778822348,45.870143146779874,4.644475269885873,2.24080252214314,-586.4703653060566
6,190,36480,30,0.0,0.0,34.87119154832539,50.214065941598164,22.427004989384944,0.0,0.0,-586.4703653060566
6,190,36480,35,263.0,263.0,32.28445003845837,63.457608358739435,27.86361441293525,8.146336694188848,4.144499088481317,-586.4703653060566
6,190,36480,49,-39.57142857142857,39.57142857142857,27.285340311573307,64.04225131589351,27.559290432619903,1.4502816574599957,0.6178956510482329,-586.4703653060566
6,190,36480,63,153.61904761904762,153.61904761904762,24.063408300729535,99.32735711231408,37.250347619849606,6.383927235045516,1.5465935275549856,-586.4703653060566
6,190,36480,105,-29.266666666666666,29.266666666666666,18.63943592034296,71.96574113678798,29.168577706743545,1.5701476585310832,0.4066749845740964,-586.4703653060566
6,190,36480,210,262.03333333333336,262.03333333333336,13.180071536766624,70.57944677566798,29.183098537913903,19.8810251220849,3.712601122621274,-586.4703653060566
6,190,36480,225,-481.8,481.8,12.733158812067543,72.68400700001149,25.569762572471042,37.83821494030104,6.628693434580786,-586.4703653060566
6,190,36480,441,-8.476190476190476,8.476190476190476,9.095113437191102,51.905900047582435,19.211179667912386,0.9319499459490225,0.16329917154736368,-586.4703653060566
6,209,44099,2,-65.5,65.5,148.49074045205646,12.94143183005508,12.94143183005508,0.4411049456726774,5.061263765875064,-586.131661791055
6,209,44099,3,77.33333333333333,77.33333333333333,121.24218187853049,60.73090393613893,54.42251288088091,0.6378418149123353,1.2733769517847544,-586.131661791055
6,209,44099,4,-24.0,24.0,104.99880951706072,29.21314559617167,23.645047520651936,0.22857402012829833,0.8215479541903613,-586.131661791055
6,209,44099,5,-40.2,40.2,93.91379025467985,118.2420485253715,70.57901277362102,0.42805215177647227,0.33998057798680803,-586.131661791055
6,209,44099,6,48.333333333333336,48.333333333333336,85.73116897216165,55.878873672219925,54.373358012803635,0.5637778408110588,0.8649661340142967,-586.131661791055
6,209,44099,7,6.142857142857143,6.142857142857143,79.37163941142417,58.35719633640474,31.668292415513744,0.07739360290916437,0.10526306143026733,-586.131661791055
6,209,44099,9,-85.66666666666667,85.66666666666667,69.99920634470715,71.39134104845562,49.4893659105453,1.2238233994369307,1.1999587822355364,-586.131661791055
6,209,44099,10,67.1,67.1,66.40707793601523,115.46945980313103,70.39107275482587,1.0104344609870113,0.5811060354348392,-586.131661791055
6,209,44099,12,1.5,1.5,60.621090939265244,79.89584375328559,50.31675808374697,0.02474386350953025,0.018774443444541693,-586.131661791055
6,209,44099,14,34.357142857142854,34.357142857142854,56.124224461711464,58.35719633640474,30.824643178556034,0.6121624518942201,0.5887387505576578,-586.131661791055
6,209,44099,15,48.2,48.2,54.22115208415747,84.34595731499394,46.59340147077982,0.8889519707214641,0.5714559598866705,-586.131661791055
6,209,44099,20,26.3,26.3,46.956895127339926,97.00663776359579,49.0910012752132,0.560088138891603,0.27111546803727843,-586.131661791055
6,209,44099,21,44.95238095238095,44.95238095238095,45.82523738020765,74.2403560261132,41.134935925363344,0.9809524952247449,0.6054979172859766,-586.131661791055
6,209,44099,25,146.2,146.2,41.999523806824286,86.76765075016783,45.93840527505706,3.480991848203877,1.6849597601870903,-586.131661791055
6,209,44099,28,220.42857142857142,220.42857142857142,39.685819705712085,61.18200254916974,28.346484410527175,5.554340897155377,3.60283354980774,-586.131661791055
6,209,44099,30,-202.16666666666666,202.16666666666666,38.34014432245485,87.11854603723441,47.05522553931038,5.272976151742412,2.320592753927054,-586.131661791055
6,209,44099,35,20.34285714285714,20.34285714285714,35.49607624190917,76.71654748141896,40.46272865566346,0.5731015733744377,0.2651690907725515,-586.131661791055
6,209,44099,49,-81.85714285714286,81.85714285714286,29.999659862017346,75.81382362164663,34.89866927483956,2.728602365281562,1.0797126295285642,-586.131661791055
6,209,44099,63,297.9047619047619,297.9047619047619,26.45721313714139,88.9355754369301,43.612452848968815,11.259869297668192,3.349669245869166,-586.131661791055
6,209,44099,105,-58.75238095238095,58.75238095238095,20.493669173441738,79.63211340375722,37.75878301448177,2.8668551470773056,0.737797584932725,-586.131661791055
6,209,44099,210,250.48095238095237,250.48095238095237,14.491212443934362,79.63211340375722,37.772003385352946,17.285023827374573,3.145476638437856,-586.131661791055
6,209,44099,225,-472.73333333333335,472.73333333333335,13.999841268941429,83.26176739593836,29.724232740696998,33.76704951520341,5.677675938409085,-586.131661791055
6,209,44099,441,-75.14285714285714,75.14285714285714,9.999886620672449,56.99868711710019,20.936638526659795,7.514370911717808,1.3183261043974732,-586.131661791055
6,230,53360,2,0.0,0.0,163.34013591276334,16.453637316153618,16.453637316153618,0.0,0.0,-585.9120102818981
6,230,53360,3,77.33333333333333,77.33333333333333,133.36666250104133,15.784896110151749,11.162173628658202,0.5798550543523536,4.899198119118307,-585.9120102818981
6,230,53360,4,-46.5,46.5,115.49891774384729,14.705110669176065,10.471332895763968,0.4026011750441453,3.162165933063693,-585.9120102818981
6,230,53360,5,0.0,0.0,103.30537256115966,24.000770530943555,14.68978886188458,0.0,0.0,-585.9120102818981
6,230,53360,6,-26.0,26.0,94.30447143870397,21.330073554629053,15.493271185944392,0.27570272759441194,1.2189362560523136,-585.9120102818981
6,230,53360,7,6.142857142857143,6.142857142857143,87.30897515637864,37.01274467662006,28.05755656453596,0.07035768237864097,0.16596599891543354,-585.9120102818981
6,230,53360,9,-85.66666666666667,85.66666666666667,76.99927849589818,54.96348798543295,33.00424421299027,1.1125645374875845,1.5586104486194732,-585.9120102818981
6,230,53360,10,0.0,0.0,73.0479294709987,26.773359253184026,15.589214935058436,0.0,0.0,-585.9120102818981
6,230,53360,12,-8.0,8.0,66.68333125052067,45.72123476360866,39.496858362227265,0.11997001124531456,0.17497340221370217,-585.9120102818981
6,230,53360,14,-178.5,178.5,61.73676839152315,37.01274467662006,27.729141267829934,2.8913078000452836,4.8226631545310275,-585.9120102818981
6,230,53360,15,185.2,185.2,59.64338465692011,59.83306846071082,37.06794981072945,3.1051222371987266,3.095278326258847,-585.9120102818981
6,230,53360,20,49.8,49.8,51.65268628057983,44.266114538644615,26.65289916760228,0.964131850364646,1.1250140320430486,-585.9120102818981
6,230,53360,21,44.95238095238095,44.95238095238095,50.40786030920555,61.62097917036317,34.56548233119264,0.8917732408525121,0.7294979982077427,-585.9120102818981
6,230,53360,25,-142.8,142.8,46.19956709753891,83.74122555219128,47.225169551093394,3.090938053564729,1.7052532854442244,-585.9120102818981
6,230,53360,28,212.14285714285714,212.14285714285714,43.65448757818932,98.46253515993703,52.24667375359115,4.859588759641015,2.1545540829135077,-585.9120102818981
6,230,53360,30,-432.8,432.8,42.174241743825895,62.60565718295129,38.25447217459051,10.262188058505162,6.913113278808607,-585.9120102818981
6,230,53360,35,201.2,201.2,39.0457606991006,64.26746394547536,32.2317909826093,5.152928164225381,3.1306665557971676,-585.9120102818981
6,230,53360,49,-81.85714285714286,81.85714285714286,32.99969078395637,87.0527041144112,40.562395624063626,2.480542723659089,0.9403170606803903,-585.9120102818981
6,230,53360,63,297.9047619047619,297.9047619047619,29.102991718792882,132.65918170768487,38.93467557761462,10.236224673506461,2.2456399780996423,-585.9120102818981
6,230,53360,105,75.67619047619047,75.67619047619047,22.54308045033944,84.45734070221124,35.582648442042185,3.356958719235329,0.8960285730877758,-585.9120102818981
6,230,53360,210,-72.57142857142857,72.57142857142857,15.940365055268908,83.07104634109123,35.61488351067665,4.552682973056561,0.8736067711660807,-585.9120102818981
6,230,53360,225,-453.93333333333334,453.93333333333334,15.399855699179637,73.07045282277801,31.72063911284554,29.476466676081564,6.212269334559676,-585.9120102818981
6,230,53360,441,-75.14285714285714,75.14285714285714,10.999896927985455,67.92859830352398,24.735853243522012,6.8312328410716265,1.106203558140532,-585.9120102818981
6,252,64008,2,0.0,0.0,178.8966181905069,29.215502828155877,29.215502828155877,0.0,0.0,-585.7487272086817
6,252,64008,3,0.0,0.0,146.0684770920817,33.19135057127278,23.69074516845645,0.0,0.0,-585.7487272086817
6,252,64008,4,-46.5,46.5,126.49901185384809,43.13414988927252,32.04905320505936,0.36759180422471793,1.0780321420352037,-585.7487272086817
6,252,64008,5,-5.4,5.4,113.14415583670241,87.99276101324904,49.792206837678194,0.04772672490299596,0.06136868462607878,-585.7487272086817
6,252,64008,6,0.0,0.0,103.28601066940286,28.339320307350135,21.27590150479638,0.0,0.0,-585.7487272086817
6,252,64008,7,0.0,0.0,95.62426470305536,100.89936698026395,48.92855346067729,0.0,0.0,-585.7487272086817
6,252,64008,9,-55.333333333333336,55.333333333333336,84.33267456923205,97.4705146164215,57.238566437985824,0.6561316075408944,0.56769304595434,-585.7487272086817
6,252,64008,10,44.5,44.5,80.00499984375976,85.22017229100857,49.4666578721444,0.5562152376339379,0.5221768368179551,-585.7487272086817
6,252,64008,12,45.0,45.0,73.03423854604085,100.04977078997581,73.79421960420368,0.6161493690610871,0.44977614286057555,-585.7487272086817
6,252,64008,14,0.0,0.0,67.61656601750786,97.43363107746518,48.06852456492259,0.0,0.0,-585.7487272086817
6,252,64008,15,67.0,67.0,65.3238088295531,110.65407964043516,59.48468965406491,1.0256597280605686,0.6054905541459756,-585.7487272086817
6,252,64008,20,38.3,38.3,56.572077918351205,70.84667951443589,51.47170733620504,0.677012431031387,0.5406040235406643,-585.7487272086817
6,252,64008,21,0.0,0.0,55.20869496736904,81.98616992501593,36.02195304796121,0.0,0.0,-585.7487272086817
6,252,64008,25,-171.0,171.0,50.59960474153924,84.12050953394464,48.313619628286055,3.3794730388401484,2.032797957922466,-585.7487272086817
6,252,64008,28,239.14285714285714,239.14285714285714,47.81213235152768,94.48687314173094,52.62819235498487,5.001719132387035,2.5309638174198152,-585.7487272086817
6,252,64008,30,-313.8333333333333,313.8333333333333,46.190908196310666,110.65407964043516,59.792255523586945,6.794266352147621,2.836165953872816,-585.7487272086817
6,252,64008,35,274.57142857142856,274.57142857142856,42.76447123489311,89.23339512761959,33.66459078252937,6.420550065106279,3.0770030455385307,-585.7487272086817
6,252,64008,49,171.57142857142858,171.57142857142858,36.14257481538517,162.93537022806004,52.6738028031848,4.747072654557917,1.053002968792354,-585.7487272086817
6,252,64008,63,313.57142857142856,313.57142857142856,31.874754901018456,115.7990643633052,46.77342554070952,9.837610659130414,2.707892592185694,-585.7487272086817
6,252,64008,105,88.76190476190476,88.76190476190476,24.690078979217542,126.17925557030753,37.57725051599194,3.595043370927189,0.7034587766484826,-585.7487272086817
6,252,64008,210,377.3333333333333,377.3333333333333,17.458522274236156,124.79296120918752,37.534415198679184,21.613131249382466,3.023674810479241,-585.7487272086817
6,252,64008,225,33.86666666666667,33.86666666666667,16.86653491384641,93.62556557331345,36.08844426535021,2.007920823076954,0.3617245616545557,-585.7487272086817
6,252,64008,441,18.666666666666668,18.666666666666668,12.047524938461724,76.39079985950889,26.456744895465757,1.5494192178074133,0.2443575234320982,-585.7487272086817
6,277,77283,2,-65.5,65.5,196.5744133909599,40.34222931928525,40.34222931928525,0.33320714975111926,1.6236088363289407,-585.6054956344691
6,277,77283,3,0.0,0.0,160.50233643159217,89.23017696732131,71.98006025455449,0.0,0.0,-585.6054956344691
6,277,77283,4,-24.0,24.0,138.99910071651544,31.21566634265764,22.99686910194595,0.1726629875753462,0.7688447120285528,-585.6054956344691
6,277,77283,5,-5.4,5.4,124.32457520538729,24.99506326342089,17.237171390803873,0.04343469495937602,0.2160426618284519,-585.6054956344691
6,277,77283,6,22.333333333333332,22.333333333333332,113.49229048706349,94.77535441180225,73.72248573043562,0.19678282319871776,0.23564494664186864,-585.6054956344691
6,277,77283,7,-31.428571428571427,31.428571428571427,105.0734437021485,104.31187073346155,50.736934027361045,0.29911051090760804,0.3012942938093589,-585.6054956344691
6,277,77283,9,-55.333333333333336,55.333333333333336,92.66606714434361,153.92929310533327,77.79685481889771,0.5971261653647391,0.35947240591476587,-585.6054956344691
6,277,77283,10,-81.9,81.9,87.91075019586626,27.767651985664997,18.940590343732,0.9316266761178329,2.9494751678060767,-585.6054956344691
6,277,77283,12,50.5,50.5,80.25116821579608,85.66293078805029,49.618588320530215,0.6292743286204266,0.5895198720780237,-585.6054956344691
6,277,77283,14,-57.142857142857146,57.142857142857146,74.29814456441214,107.77760663626213,52.30574661041249,0.7691020748616089,0.5301922999246788,-585.6054956344691
6,277,77283,15,67.0,67.0,71.77882696171622,36.770775599703484,22.170720832216492,0.9334228885592538,1.8220991781457088,-585.6054956344691
6,277,77283,20,44.3,44.3,62.162287602693645,44.063431606584345,23.629837737502765,0.7126507358149472,1.005368814565507,-585.6054956344691
6,277,77283,21,-13.666666666666666,13.666666666666666,60.66418100611643,54.983256886357594,35.22776983892414,0.2252839557050763,0.24856051533858173,-585.6054956344691
6,277,77283,25,-171.0,171.0,55.599640286606174,103.14508160045443,57.000882360261684,3.075559466185854,1.6578589821896714,-585.6054956344691
6,277,77283,28,112.42857142857143,112.42857142857143,52.53672185107425,95.58647369323899,49.420998147386435,2.139999746220796,1.1761975003846565,-585.6054956344691
6,277,77283,30,41.7,41.7,50.75529529024533,36.770775599703484,22.81243364406837,0.8215891516646212,1.134052772069792,-585.6054956344691
6,277,77283,35,59.57142857142857,59.57142857142857,46.99027254960025,65.84045902709477,33.09414182414002,1.2677395839436423,0.9047845268957442,-585.6054956344691
6,277,77283,49,95.71428571428571,95.71428571428571,39.714028776147266,132.91590979041302,56.69412839479038,2.410087534905874,0.7201115793076368,-585.6054956344691
6,277,77283,63,105.9047619047619,105.9047619047619,35.0244812340495,143.68274839649348,56.81169640183897,3.0237353466296373,0.7370736089521132,-585.6054956344691
6,277,77283,105,41.82857142857143,41.82857142857143,27.129846505805585,101.37928901697592,34.77025157826121,1.5417916728581722,0.4125948389869577,-585.6054956344691
6,277,77283,210,17.20952380952381,17.20952380952381,19.18369843680529,101.37928901697592,34.76621872941739,0.8970910310238256,0.1697538419966832,-585.6054956344691
6,277,77283,225,33.86666666666667,33.86666666666667,18.533213428868724,95.76197222266194,39.91136922300416,1.8273499518390808,0.35365464892390935,-585.6054956344691
6,277,77283,441,-0.6666666666666666,0.6666666666666666,13.238009592049089,84.13908355055594,30.480568097869213,0.05036003804280931,0.007923388733680375,-585.6054956344691
6,305,93635,2,-65.5,65.5,216.37351963676147,62.54645688002347,62.54645688002347,0.3027172646170316,1.0472215896360366,-585.4764337637375
6,305,93635,3,77.33333333333333,77.33333333333333,176.66823898671393,46.918388998099545,34.99171677566345,0.43773195327513886,1.6482521029540413,-585.4764337637375
6,305,93635,4,-24.0,24.0,152.99918300435465,56.65110180326883,40.27469768355101,0.1568635827246013,0.42364577627005967,-585.4764337637375
6,305,93635,5,0.0,0.0,136.84662947986698,44.44857030874482,30.050718689821355,0.0,0.0,-585.4764337637375
6,305,93635,6,48.333333333333336,48.333333333333336,124.92330980779101,41.3732115536186,30.129056555574316,0.3869040406286046,1.1682277376677563,-585.4764337637375
6,305,93635,7,-31.428571428571427,31.428571428571427,115.65651115016642,99.08813161723083,43.93868486313778,0.2717406146530316,0.3171779598184107,-585.4764337637375
6,305,93635,9,-85.66666666666667,85.66666666666667,101.99945533623642,34.0318899052163,19.489954154096026,0.8398737658379696,2.5172468207102408,-585.4764337637375
6,305,93635,10,-37.4,37.4,96.76517968773685,41.67598158650435,28.710080598798488,0.3865026667721854,0.8973993791213063,-585.4764337637375
6,305,93635,12,1.5,1.5,88.33411949335697,40.54275457233234,30.099475245730595,0.01698098094601832,0.03699797943733323,-585.4764337637375
6,305,93635,14,-57.142857142857146,57.142857142857146,81.78150332266023,99.08813161723083,44.11855910941394,0.6987259321634879,0.5766871996698376,-585.4764337637375
6,305,93635,15,185.2,185.2,79.00843836789419,103.34611734639657,52.48858785377551,2.3440534179100765,1.7920363604879779,-585.4764337637375
6,305,93635,20,-49.7,49.7,68.42331473993349,131.65490791672892,70.07420681838299,0.7263606007528585,0.377502067993052,-585.4764337637375
6,305,93635,21,114.61904761904762,114.61904761904762,66.77431784608154,72.85445546258507,47.611627008554386,1.716513943028977,1.5732606453686429,-585.4764337637375
6,305,93635,25,-142.8,142.8,61.19967320174185,106.12054030949457,60.9645843706953,2.333345793028445,1.3456395866769228,-585.4764337637375
6,305,93635,28,112.42857142857143,112.42857142857143,57.82825557508321,158.89082305012016,68.04824768737893,1.9441805793812352,0.7075837941446576,-585.4764337637375
6,305,93635,30,160.66666666666666,160.66666666666666,55.86740254089737,100.5735286241561,51.65315921537865,2.8758571073543586,1.5975045209667347,-585.4764337637375
6,305,93635,35,263.0,263.0,51.7231641944469,95.99426732817301,48.92292449451154,5.084762390237452,2.739746938230061,-585.4764337637375
6,305,93635,49,-196.0,196.0,43.71405228695847,125.07958847224108,47.400596472501675,4.483684072878187,1.5670022774619081,-585.4764337637375
6,305,93635,63,85.57142857142857,85.57142857142857,38.552170383388805,151.9533629071111,56.62592842936893,2.2196267478704446,0.5631427099361945,-585.4764337637375
6,305,93635,105,47.076190476190476,47.076190476190476,29.862382771003134,121.81703673128573,46.69954220664104,1.5764378494907725,0.38644997234693124,-585.4764337637375
6,305,93635,210,345.14761904761906,345.14761904761906,21.11589335976464,121.81703673128573,46.672692027897,16.345395061772848,2.8333279835806113,-585.4764337637375
6,305,93635,225,-453.93333333333334,453.93333333333334,20.399891067247285,110.79777170727641,43.761539135978694,22.25175280774605,4.09695363308035,-585.4764337637375
6,305,93635,441,-72.80952380952381,72.80952380952381,14.57135076231949,94.10125178576914,33.125877205845406,4.996758708039905,0.7737359751098948,-585.4764337637375
6,335,112895,2,-65.5,65.5,237.58682623411593,130.44459268360515,130.44459268360515,0.2756886862719269,0.5021289012636269,-585.3615538859983
6,335,112895,3,77.33333333333333,77.33333333333333,193.98883129362542,133.0549680262775,94.1036492637525,0.3986483800001869,0.5812134223959265,-585.3615538859983
6,335,112895,4,-24.0,24.0,167.9992559507333,137.53319930960424,97.37974444470667,0.14285777555489967,0.17450332080164174,-585.3615538859983
6,335,112895,5,0.0,0.0,150.26310259009028,136.68161753610184,69.67177377107895,0.0,0.0,-585.3615538859983
6,335,112895,6,48.333333333333336,48.333333333333336,137.17081808217569,138.60014547075116,98.02553864070842,0.35235871600895474,0.34872498271319013,-585.3615538859983
6,335,112895,7,6.142857142857143,6.142857142857143,126.99550048272239,169.78760900817724,92.06897095382197,0.048370667618203314,0.036179655151167674,-585.3615538859983
6,335,112895,9,-85.66666666666667,85.66666666666667,111.99950396715553,98.70437901257537,61.45444094389087,0.764884339950192,0.8679115103469964,-585.3615538859983
6,335,112895,10,-37.4,37.4,106.25205880358271,139.4542062583423,71.01353038949387,0.3519931794369984,0.2681883967753227,-585.3615538859983
6,335,112895,12,1.5,1.5,96.99441564681271,78.40972223456629,73.33001419289496,0.015464807844834836,0.01913028075157161,-585.3615538859983
6,335,112895,14,34.357142857142854,34.357142857142854,89.79937957151247,173.9464920915343,93.15743114435408,0.38259888900214795,0.19751558334998445,-585.3615538859983
6,335,112895,15,185.2,185.2,86.75444272965699,146.0595975231372,55.57506571752405,2.134760989441402,1.267975560254865,-585.3615538859983
6,335,112895,20,-49.7,49.7,75.13155129504514,96.91506478188785,55.55638597079389,0.6615063730659009,0.5128201700308648,-585.3615538859983
6,335,112895,21,44.95238095238095,44.95238095238095,73.32088638957102,101.62918683849603,57.4112246705455,0.6130910735794769,0.4423176289289513,-585.3615538859983
6,335,112895,25,251.6,251.6,67.19970238029332,113.00543015650419,64.67725300365876,3.7440642010013288,2.2264416820638844,-585.3615538859983
6,335,112895,28,220.42857142857142,220.42857142857142,63.497750241361196,117.8452081914802,55.32528101873431,3.4714390760412885,1.8704924435315957,-585.3615538859983
6,335,112895,30,160.66666666666666,160.66666666666666,61.34465475220043,146.0595975231372,55.40199554839897,2.6190817654068477,1.1000075954694835,-585.3615538859983
6,335,112895,35,201.2,201.2,56.79411438319492,121.7956509031037,49.74403471422186,3.542620607524325,1.6519473274137477,-585.3615538859983
6,335,112895,49,-81.85714285714286,81.85714285714286,47.99978741449523,127.65747863918659,60.04786291931155,1.7053646956866149,0.6412248129113169,-585.3615538859983
6,335,112895,63,297.9047619047619,297.9047619047619,42.3318334942408,190.4822462511238,70.30834128111775,7.037369688825114,1.5639502776128373,-585.3615538859983
6,335,112895,105,75.67619047619047,75.67619047619047,32.79009722752399,111.62268035414218,52.5370046256375,2.3078977153098506,0.6779642832092432,-585.3615538859983
6,335,112895,210,21.98095238095238,21.98095238095238,23.186100105348423,111.62268035414218,52.52325861780762,0.9480228361423296,0.19692191865680006,-585.3615538859983
6,335,112895,225,-173.93333333333334,173.93333333333334,22.399900793431108,115.17656093348091,46.59703049831325,7.7649153421402755,1.5101452233305248,-585.3615538859983
6,335,112895,441,-75.14285714285714,75.14285714285714,15.999929138165077,106.4581898156427,36.10148325677261,4.696449371367326,0.7058438366553537,-585.3615538859983
6,368,136160,2,0.0,0.0,260.9214441168069,47.40469963575015,47.40469963575015,0.0,0.0,-585.2540868564621
6,368,136160,3,77.33333333333333,77.33333333333333,213.0414670120976,81.79785162879853,62.965315910997894,0.3629966241686739,0.945420103259859,-585.2540868564621
6,368,136160,4,-46.5,46.5,184.499322491981,81.16577057223185,62.15984324054811,0.2520334458248271,0.5729016021429656,-585.2540868564621
6,368,136160,5,0.0,0.0,165.02121075789015,127.74619751575665,83.28066534720674,0.0,0.0,-585.2540868564621
6,368,136160,6,-26.0,26.0,150.64306599818437,87.34302907326492,65.0654862114659,0.17259340698969422,0.2976768756003496,-585.2540868564621
6,368,136160,7,-31.428571428571427,31.428571428571427,139.46837839248212,124.94931702667236,72.55564672896442,0.22534549975283535,0.2515305579610532,-585.2540868564621
6,368,136160,9,-85.66666666666667,85.66666666666667,122.99954832798733,54.120790003773436,39.246981758075606,0.6964795223331245,1.5828790869588891,-585.2540868564621
6,368,136160,10,0.0,0.0,116.68761716651858,124.9736087935089,83.79656445645607,0.0,0.0,-585.2540868564621
6,368,136160,12,-8.0,8.0,106.5207335060488,117.93591083850333,62.905612171680055,0.0751027498280015,0.06783345244990625,-585.2540868564621
6,368,136160,14,-87.0,87.0,98.61903612241547,129.10820011002943,73.24573636374713,0.8821826233629703,0.6738534030050477,-585.2540868564621
6,368,136160,15,185.2,185.2,95.27504045306586,185.16890931987655,96.20349169525792,1.9438459340380205,1.000167904429732,-585.2540868564621
6,368,136160,20,49.8,49.8,82.51060537894507,114.33316190194455,61.18411813825157,0.6035587761268308,0.4355691662118986,-585.2540868564621
6,368,136160,21,114.61904761904762,114.61904761904762,80.52210580834013,170.6814237431572,78.19944458652385,1.423448212989679,0.6715379161092967,-585.2540868564621
6,368,136160,25,-142.8,142.8,73.7997289967924,172.0538106108661,83.43783319079496,1.9349664550422214,0.8299728991354374,-585.2540868564621
6,368,136160,28,167.64285714285714,167.64285714285714,69.73418919624106,142.17578333949677,69.42903567383195,2.4040267632722934,1.179123850807619,-585.2540868564621
6,368,136160,30,-432.8,432.8,67.3696271821855,185.16890931987655,95.69635630034038,6.4242599833541165,2.337325426766674,-585.2540868564621
6,368,136160,35,263.0,263.0,62.37215495945057,116.51580664046651,68.32901834006776,4.216625193902339,2.257204473651722,-585.2540868564621
6,368,136160,49,101.14285714285714,101.14285714285714,52.714092140565995,172.6679142670796,70.31493355807913,1.918706232730942,0.5857652104745483,-585.2540868564621
6,368,136160,63,85.57142857142857,85.57142857142857,46.4894594641607,157.77205032933443,64.51105770343715,1.8406630138902054,0.5423738133136141,-585.2540868564621
6,368,136160,105,47.076190476190476,47.076190476190476,36.01058045577584,148.36381078212253,58.274286596192105,1.3072877437786425,0.3173023814097328,-585.2540868564621
6,368,136160,210,-395.73809523809524,395.73809523809524,25.46332563474285,149.75010514324276,58.282167596934634,15.541492926522507,2.6426565434431835,-585.2540868564621
6,368,136160,225,-453.93333333333334,453.93333333333334,24.599909665597465,136.1993077641347,50.15167707230736,18.45264228624998,3.3328607963223984,-585.2540868564621
6,368,136160,441,-71.47619047619048,71.47619047619048,17.571364046855333,112.34854837001615,40.74266522641658,4.067765614871672,0.636200391666709,-585.2540868564621
6,405,164835,2,-65.5,65.5,287.08448233925844,9.954997823602753,9.954997823602753,0.2281558357535891,6.579609675524298,-585.1502190199456
6,405,164835,3,0.0,0.0,234.40349826741067,19.341344628017396,14.964257028206116,0.0,0.0,-585.1502190199456
6,405,164835,4,-24.0,24.0,202.9993842355193,7.457238441333175,5.560989440116523,0.11822695960572605,3.2183495524261896,-585.1502190199456
6,405,164835,5,0.0,0.0,181.56816901648813,143.96537105327297,99.82751279037049,0.0,0.0,-585.1502190199456
6,405,164835,6,22.333333333333332,22.333333333333332,165.74830315873524,14.134145065356279,13.628337938409455,0.1347424553236298,1.5800979281070069,-585.1502190199456
6,405,164835,7,6.142857142857143,6.142857142857143,153.45311056755136,76.07412958432542,41.831124838739555,0.04003084147423004,0.08074830663751477,-585.1502190199456
6,405,164835,9,-55.333333333333336,55.333333333333336,135.33292282367952,166.05154955085527,83.96125586968768,0.40886823530313593,0.3332298523139457,-585.1502190199456
6,405,164835,10,-37.4,37.4,128.38808355918394,141.19278233102523,99.98862497230762,0.2913042936945115,0.26488606133078413,-585.1502190199456
6,405,164835,12,50.5,50.5,117.20174913370533,42.21040889794676,35.10896953989164,0.43088094139609573,1.1963873679142791,-585.1502190199456
6,405,164835,14,34.357142857142854,34.357142857142854,108.50773507648462,76.07412958432542,43.03053897074214,0.31663312143530864,0.4516271568912163,-585.1502190199456
6,405,164835,15,0.0,0.0,104.82843125793688,92.09404938434454,55.08633794213677,0.0,0.0,-585.1502190199456
6,405,164835,20,-49.7,49.7,90.78408450824406,100.30967577830961,61.35109467024459,0.5474527861267001,0.49546566285230526,-585.1502190199456
6,405,164835,21,-128.33333333333334,128.33333333333334,88.59619469416118,141.28706257070735,70.60078643504113,1.448519699704337,0.9083162392813475,-585.1502190199456
6,405,164835,25,-142.8,142.8,81.19975369420771,306.6843718799464,93.12943926873425,1.7586260241351752,0.4656252913203546,-585.1502190199456
6,405,164835,28,220.42857142857142,220.42857142857142,76.72655528377568,160.0335197099157,82.19905952242102,2.8729110881273,1.3773900107185708,-585.1502190199456
6,405,164835,30,-272.1333333333333,272.1333333333333,74.12489460363501,92.09404938434454,54.99342469182345,3.6712812178486143,2.9549502400270655,-585.1502190199456
6,405,164835,35,201.2,201.2,68.62631731756723,194.44827352055836,82.94276211993466,2.9318198595583977,1.0347224809827267,-585.1502190199456
6,405,164835,49,-81.85714285714286,81.85714285714286,57.99982406729123,236.62275922929166,81.5463402914961,1.4113343302933548,0.3459394317087725,-585.1502190199456
6,405,164835,63,87.23809523809524,87.23809523809524,51.15103685585046,143.39434115901895,59.49172244839285,1.7055000367625448,0.6083789257858612,-585.1502190199456
6,405,164835,105,-61.666666666666664,61.666666666666664,39.62142277679012,192.1779480114419,64.2361127315478,1.5563970787740227,0.32088315701547165,-585.1502190199456
6,405,164835,210,232.3095238095238,232.3095238095238,28.016576725727422,192.1779480114419,64.2508193500693,8.291859711618358,1.2088250822393656,-585.1502190199456
6,405,164835,225,22.066666666666666,22.066666666666666,27.066584564735905,161.10641333262356,59.61725517781653,0.8152734089478192,0.13696951108400246,-585.1502190199456
6,405,164835,441,0.6666666666666666,0.6666666666666666,19.333274689097074,134.3856726971053,43.17923501152283,0.03448286321833676,0.004960846296236361,-585.1502190199456
6,445,198915,2,-65.5,65.5,315.3688316875972,38.461164919572184,38.461164919572184,0.20769332102192006,1.7030165398518193,-585.0523339425034
6,445,198915,3,0.0,0.0,257.4975728040946,252.09332551504485,233.7932224311391,0.0,0.0,-585.0523339425034
6,445,198915,4,-24.0,24.0,222.99943946117892,47.83016764897911,34.46377191674347,0.10762358891120918,0.501775368552618,-585.0523339425034
6,445,198915,5,0.0,0.0,199.45676223181806,128.25390924357635,74.71844650160094,0.0,0.0,-585.0523339425034
6,445,198915,6,22.333333333333332,22.333333333333332,182.078279868852,246.54814807057846,233.7322986532647,0.12265786643755458,0.0905840644438345,-585.0523339425034
6,445,198915,7,-31.428571428571427,31.428571428571427,168.57173123459512,106.31839842504996,83.43457119919626,0.18644034322002326,0.2956080216984011,-585.0523339425034
6,445,198915,9,0.0,0.0,148.66629297411927,163.97469391949562,98.37413318945242,0.0,0.0,-585.0523339425034
6,445,198915,10,-37.4,37.4,141.0372291276314,125.48132052133587,74.51251282163464,0.2651782102593276,0.2980523303756657,-585.0523339425034
6,445,198915,12,50.5,50.5,128.7487864020473,193.919854570413,136.62721747615583,0.3922367069333166,0.2604168619653294,-585.0523339425034
6,445,198915,14,-57.142857142857146,57.142857142857146,119.19821427233835,109.78413432784873,82.8032127477598,0.4793935671913666,0.5205019604400326,-585.0523339425034
6,445,198915,15,0.0,0.0,115.15641536623133,182.79341861455396,97.74896919767221,0.0,0.0,-585.0523339425034
6,445,198915,20,-49.7,49.7,99.72838111590903,73.33029937206447,51.554339281236544,0.4983536225483929,0.6777553129550355,-585.0523339425034
6,445,198915,21,-13.666666666666666,13.666666666666666,97.32493440605474,190.94723229944066,78.87720994028962,0.14042307606031576,0.07157300214351785,-585.0523339425034
6,445,198915,25,56.4,56.4,89.19977578447157,183.6145730506032,100.96316096386116,0.6322885848533539,0.3071651615825529,-585.0523339425034
6,445,198915,28,112.42857142857143,112.42857142857143,84.28586561729756,212.1031523466918,97.09582354839088,1.3338959101287118,0.5300655373796711,-585.0523339425034
6,445,198915,30,-272.1333333333333,272.1333333333333,81.42788220259692,182.79341861455396,98.02139527115527,3.3420165915189965,1.4887479833569137,-585.0523339425034
6,445,198915,35,263.0,263.0,75.38757002507585,213.96397335313213,101.53011178868407,3.4886387757626283,1.2291788934295842,-585.0523339425034
6,445,198915,49,-39.57142857142857,39.57142857142857,63.71412556033683,248.9387742300978,93.11901614730567,0.6210777943417697,0.15896048614287828,-585.0523339425034
6,445,198915,63,253.33333333333334,253.33333333333334,56.19057707819837,154.79274637831531,69.69916103509406,4.5084664815023805,1.6365969288650235,-585.0523339425034
6,445,198915,105,-29.266666666666666,29.266666666666666,43.5250338475293,142.8068231925804,68.59531040217935,0.6724099691499261,0.20493885384733657,-585.0523339425034
6,445,198915,210,-312.62380952380954,312.62380952380954,30.776846584961977,142.8068231925804,68.57307514535773,10.157759621694387,2.1891377634122184,-585.0523339425034
6,445,198915,225,-557.6666666666666,557.6666666666666,29.733258594823855,173.10959890842628,67.59663815710206,18.755652525880517,3.2214658816329895,-585.0523339425034
6,445,198915,441,-11.19047619047619,11.19047619047619,21.238041853445612,144.38009015862906,47.47719101379936,0.5269071540444616,0.07750705916710066,-585.0523339425034
6,489,240099,2,-65.5,65.5,346.48160124312517,95.23551860297448,95.23551860297448,0.18904322701406254,0.687768607351861,-584.9575630526375
6,489,240099,3,0.0,0.0,282.90104276937547,63.15535516652744,50.18542481724223,0.0,0.0,-584.9575630526375
6,489,240099,4,-24.0,24.0,244.99948979538712,121.85934475895192,88.20013612324829,0.09795938767074067,0.1969483755839491,-584.9575630526375
6,489,240099,5,-40.2,40.2,219.13420545410068,104.3293120347953,70.18648291120715,0.1834492242628009,0.385318365624732,-584.9575630526375
6,489,240099,6,22.333333333333332,22.333333333333332,200.0412457469709,68.70053261099383,55.728116978769485,0.11164364253951119,0.32508238996911987,-584.9575630526375
6,489,240099,7,6.142857142857143,6.142857142857143,185.2022060960861,193.6214400652243,136.92596452616326,0.03316837996881162,0.031726120520474535,-584.9575630526375
6,489,240099,9,0.0,0.0,163.33299319692475,211.70885036525578,108.49530512587751,0.0,0.0,-584.9575630526375
6,489,240099,10,67.1,67.1,154.9512826665207,107.10190075704304,71.11012529660977,0.4330393323972002,0.6265061546593279,-584.9575630526375
6,489,240099,12,50.5,50.5,141.45052138468773,97.19791006666492,53.01058364900907,0.357015297686041,0.5195584963232612,-584.9575630526375
6,489,240099,14,34.357142857142854,34.357142857142854,130.95773582125102,190.15570416242554,136.48462161574201,0.26235290830041663,0.18067900202349949,-584.9575630526375
6,489,240099,15,93.0,93.0,126.51719250757978,85.20194406873998,56.258215623438794,0.7350779617910687,1.0915243896896136,-584.9575630526375
6,489,240099,20,26.3,26.3,109.56710272705034,120.98433084003045,72.01819957805178,0.24003555214485886,0.21738352245610007,-584.9575630526375
6,489,240099,21,-128.33333333333334,128.33333333333334,106.92654354408785,184.28776495962666,98.4325836355407,1.2002008956776862,0.6963746799004715,-584.9575630526375
6,489,240099,25,146.2,146.2,97.99979591815485,205.5556663096977,91.95308015614486,1.4918398414023215,0.7112428600227917,-584.9575630526375
6,489,240099,28,220.42857142857142,220.42857142857142,92.60110304804304,202.51974110565789,86.69496690319976,2.3804097810175033,1.0884300474864335,-584.9575630526375
6,489,240099,30,125.03333333333333,125.03333333333333,89.46116475879353,81.7362081659412,56.18988320441037,1.3976269330994069,1.529717809755624,-584.9575630526375
6,489,240099,35,20.34285714285714,20.34285714285714,82.82494448275489,215.68149885001185,100.59561655827028,0.24561268673222908,0.09431897149882044,-584.9575630526375
6,489,240099,49,-81.85714285714286,81.85714285714286,69.99985422725346,196.80318438232734,92.3919836663627,1.1693901903194668,0.41593403640319104,-584.9575630526375
6,489,240099,63,249.66666666666666,249.66666666666666,61.73406869869536,138.06887247324175,76.22348973864936,4.044228283173938,1.8082762768635845,-584.9575630526375
6,489,240099,105,74.04761904761905,74.04761904761905,47.81900399273434,194.26552605272173,81.35871840174225,1.5484977282017398,0.3811670580580688,-584.9575630526375
6,489,240099,210,-423.26190476190476,423.26190476190476,33.81314199284905,194.26552605272173,81.36451611043813,12.517674484418457,2.1787803186811217,-584.9575630526375
6,489,240099,225,-473.0,473.0,32.66659863938495,223.14901819393913,67.37756976895587,14.479621990081355,2.1196597853229857,-584.9575630526375
6,489,240099,441,-88.33333333333333,88.33333333333333,23.33328474241782,141.4324807856683,50.36789772004703,3.785722169358832,0.6245618604908496,-584.9575630526375
6,537,289443,2,-65.5,65.5,380.4227911153589,71.91884888306959,71.91884888306959,0.17217685567145177,0.910748726060594,-584.8659332845383
6,537,289443,3,0.0,0.0,310.61390825267307,149.3444876759022,119.07843535559141,0.0,0.0,-584.8659332845383
6,537,289443,4,-24.0,24.0,268.9995353155838,100.95679406338604,74.28147995244277,0.08921948497733938,0.23772545694083277,-584.8659332845383
6,537,289443,5,-5.4,5.4,240.60049875260026,102.71035825270519,58.97874287053206,0.022443843749270866,0.05257502837945534,-584.8659332845383
6,537,289443,6,22.333333333333332,22.333333333333332,219.63720085632124,155.58281230094144,121.09830180325262,0.10168283535876509,0.14354627611521964,-584.8659332845383
6,537,289443,7,0.0,0.0,203.34453521056327,173.40388862832333,75.73688593218749,0.0,0.0,-584.8659332845383
6,537,289443,9,238.33333333333334,238.33333333333334,179.3330235437225,173.99642441228207,85.56855850468168,1.3289985783082847,1.3697599484493193,-584.8659332845383
6,537,289443,10,-81.9,81.9,170.1302442248291,105.48294697495294,59.72421646475881,0.48139588803368905,0.7764288195270773,-584.8659332845383
6,537,289443,12,50.5,50.5,155.30695412633654,110.05441605180386,68.85166508888102,0.3251625162832058,0.45886391306850494,-584.8659332845383
6,537,289443,14,-144.14285714285714,144.14285714285714,143.78629976461596,173.40388862832333,75.54640344877723,1.002479772960462,0.8312550444114621,-584.8659332845383
6,537,289443,15,67.0,67.0,138.910762721972,173.1940463288338,114.87907108668097,0.48232403801640333,0.38684932548311085,-584.8659332845383
6,537,289443,20,44.3,44.3,120.30024937630013,196.7648634153593,88.6194629768825,0.3682452881824812,0.22514182273735148,-584.8659332845383
6,537,289443,21,0.0,0.0,117.40102214205803,117.01861640810239,62.137692167219335,0.0,0.0,-584.8659332845383
6,537,289443,25,281.4,281.4,107.59981412623351,214.43118767122542,94.9112962615461,2.6152461533982603,1.3123091051076667,-584.8659332845383
6,537,289443,28,38.92857142857143,38.92857142857143,101.67226760528163,205.33459777438839,106.75973008529299,0.38288288778708407,0.18958603104647878,-584.8659332845383
6,537,289443,30,41.7,41.7,98.22474230050186,169.72831042602775,115.12018652824945,0.42453661901627554,0.24568676784285792,-584.8659332845383
6,537,289443,35,274.57142857142856,274.57142857142856,90.93844071678379,198.99507571338472,99.54556195146101,3.0193109361369674,1.3797900655938715,-584.8659332845383
6,537,289443,49,-80.14285714285714,80.14285714285714,76.8570100901668,192.17780014488562,88.81895394799304,1.0427527306726538,0.41702453187848065,-584.8659332845383
6,537,289443,63,199.28571428571428,199.28571428571428,67.78151173685441,181.2287356769948,91.11931218113764,2.940119055759536,1.0996363989478057,-584.8659332845383
6,537,289443,105,88.76190476190476,88.76190476190476,52.503333227519946,189.88015460925817,80.2629708185787,1.6905956118492618,0.4674627790595706,-584.8659332845383
6,537,289443,210,-427.9238095238095,427.9238095238095,37.125462960076334,189.88015460925817,80.25702461872419,11.52642352188272,2.253652101792342,-584.8659332845383
6,537,289443,225,-31.533333333333335,31.533333333333335,35.866604708744504,203.05923799157836,73.08141125421486,0.8791836748808651,0.15529130142131797,-584.8659332845383
6,537,289443,441,-70.0,70.0,25.61900336338893,162.59696312546248,57.67880347065036,2.7323467274310183,0.43051234570713875,-584.8659332845383
6,590,349280,2,0.0,0.0,417.8995094517341,112.60917761229211,112.60917761229211,0.0,0.0,-584.7757941147564
6,590,349280,3,77.33333333333333,77.33333333333333,341.21352063871484,105.85600551770767,75.02181736176138,0.22664205447830346,0.7305521586151005,-584.7757941147564
6,590,349280,4,-46.5,46.5,295.4995769878529,247.16010962231667,198.98752862109473,0.15736063135518966,0.18813715559139485,-584.7757941147564
6,590,349280,5,0.0,0.0,264.30285658690866,85.53150882439513,58.27974889912254,0.0,0.0,-584.7757941147564
6,590,349280,6,-26.0,26.0,241.27439427617125,99.61768089263933,70.44325575569589,0.10776112433315023,0.26099784462981934,-584.7757941147564
6,590,349280,7,38.857142857142854,38.857142857142854,223.37668378132676,212.4383599463108,110.70381599824248,0.17395344133222881,0.1829101997725983,-584.7757941147564
6,590,349280,9,-85.66666666666667,85.66666666666667,196.99971799190195,127.04286799827969,75.04499303582892,0.4348567984761692,0.6743130725593088,-584.7757941147564
6,590,349280,10,0.0,0.0,186.89034217957865,82.06577292160364,56.56954576913604,0.0,0.0,-584.7757941147564
6,590,349280,12,-8.0,8.0,170.60676031935742,237.8479640627338,137.55903796734881,0.0468914595472352,0.033634931589702204,-584.7757941147564
6,590,349280,14,-143.0,143.0,157.95116786073925,212.4383599463108,110.53841671957788,0.9053431002553824,0.6731364337219519,-584.7757941147564
6,590,349280,15,185.2,185.2,152.59532539803877,146.2610781151161,78.74166232895206,1.2136675846190783,1.2662288722789028,-584.7757941147564
6,590,349280,20,49.8,49.8,132.15142829345433,207.60257321494282,110.1348813171234,0.37684042195453643,0.239881419718431,-584.7757941147564
6,590,349280,21,-111.38095238095238,111.38095238095238,128.96658851183494,244.41095084633344,113.87797194814571,0.863641922037282,0.45571179194413447,-584.7757941147564
6,590,349280,25,0.0,0.0,118.19983079514117,332.3310731639176,150.58560101312307,0.0,0.0,-584.7757941147564
6,590,349280,28,28.642857142857142,28.642857142857142,111.68834189066338,346.2169150689333,152.27203437522894,0.2564534190228815,0.08273095824088844,-584.7757941147564
6,590,349280,30,-432.8,432.8,107.901189366321,142.79534221231006,78.30453872400825,4.0110771951795465,3.0309111858600195,-584.7757941147564
6,590,349280,35,107.8,107.8,99.89708990470429,310.791900505772,114.08894401733924,1.0791105136579515,0.34685588596282596,-584.7757941147564
6,590,349280,49,-95.0,95.0,84.42845056795797,236.26887012284897,108.51587772052861,1.1252131166795818,0.4020842862227443,-584.7757941147564
6,590,349280,63,267.23809523809524,267.23809523809524,74.4588945937756,193.5388792686008,98.46340511364056,3.58906879689878,1.3807979887452577,-584.7757941147564
6,590,349280,105,79.60952380952381,79.60952380952381,57.675611747741264,197.97975344931365,95.47566515072995,1.3802978658937508,0.40210941989027815,-584.7757941147564
6,590,349280,210,-349.8047619047619,349.8047619047619,40.782816175910355,197.97975344931365,95.50926525079564,8.577258627651737,1.766871388666105,-584.7757941147564
6,590,349280,225,-114.6,114.6,39.39994359838039,222.61379223067024,74.88579991995995,2.9086336053717305,0.5147929014265773,-584.7757941147564
6,590,349280,441,-66.42857142857143,66.42857142857143,28.14281685598599,210.5796541782081,61.907637172405096,2.3604094703278444,0.3154557912435104,-584.7757941147564
6,649,422499,2,-65.5,65.5,459.6188638426408,175.13857916760026,175.13857916760026,0.14250938147400574,0.3739895590754979,-584.6861196619307
6,649,422499,3,0.0,0.0,375.2772308574023,150.80456903704908,107.97046356779452,0.0,0.0,-584.6861196619307
6,649,422499,4,-24.0,24.0,324.9996153843878,164.9523452106514,116.86110463443455,0.07384624123820702,0.14549656732282856,-584.6861196619307
6,649,422499,5,-40.2,40.2,290.68849306431105,93.1803062831168,55.445176814171305,0.13829236780661378,0.4314216340720891,-584.6861196619307
6,649,422499,6,22.333333333333332,22.333333333333332,265.3610747641786,157.04289366211742,113.07813281612704,0.08416205486498178,0.14221167741205903,-584.6861196619307
6,649,422499,7,0.0,0.0,245.67661671392335,217.17429323685064,134.6411759864178,0.0,0.0,-584.6861196619307
6,649,422499,9,238.33333333333334,238.33333333333334,216.66641025625853,163.6304284104699,98.70772294324861,1.1000013017774588,1.4565343111824522,-584.6861196619307
6,649,422499,10,67.1,67.1,205.54780465867302,96.6460421859083,57.96249015929717,0.32644474170582555,0.6942860616157096,-584.6861196619307
6,649,422499,12,50.5,50.5,187.63861542870114,106.51377542152477,69.14617456869813,0.26913436706310045,0.4741170782853946,-584.6861196619307
6,649,422499,14,-144.14285714285714,144.14285714285714,173.7196016573835,221.33317632020044,136.38168273535433,0.8297443452992785,0.6512483105303976,-584.6861196619307
6,649,422499,15,93.0,93.0,167.82907972100662,158.4219358151313,103.52291630812384,0.5541351960852079,0.5870399166724317,-584.6861196619307
6,649,422499,20,26.3,26.3,145.34424653215552,252.01145355863264,135.71482171238958,0.18094971509024588,0.10436033612210835,-584.6861196619307
6,649,422499,21,0.0,0.0,141.84146079338015,243.49391677893436,123.9991716512444,0.0,0.0,-584.6861196619307
6,649,422499,25,146.2,146.2,129.99984615375513,280.6653519816937,134.1736119118414,1.1246167155235276,0.5209050528243894,-584.6861196619307
6,649,422499,28,38.92857142857143,38.92857142857143,122.83830835696168,294.71077090576,178.92683185740145,0.3169090485636374,0.13209076583434293,-584.6861196619307
6,649,422499,30,125.03333333333333,125.03333333333333,118.67308035102147,161.88767171793006,105.14208604706984,1.0535947408081003,0.7723462324616601,-584.6861196619307
6,649,422499,35,70.14285714285714,70.14285714285714,109.86992309089872,216.73598620760094,109.61388613790258,0.6384172771726236,0.3236327218668278,-584.6861196619307
6,649,422499,49,75.42857142857143,75.42857142857143,92.85703296696794,266.8165084871216,122.61951333294618,0.8123086536202774,0.28269829275654484,-584.6861196619307
6,649,422499,63,199.28571428571428,199.28571428571428,81.89220557130778,218.96281081907364,88.54909908786739,2.4335126022730686,0.9101349838369662,-584.6861196619307
6,649,422499,105,-4.9523809523809526,4.9523809523809526,63.433429672373855,301.71485023667265,89.96588380586701,0.07807209822895299,0.016414110702526512,-584.6861196619307
6,649,422499,210,315.83809523809526,315.83809523809526,44.85420827525551,301.71485023667265,90.11046197470358,7.0414373005962085,1.0468099100536283,-584.6861196619307
6,649,422499,225,-197.8,197.8,43.33328205125171,230.04784214580877,81.09473380239807,4.564620786536672,0.8598211491791805,-584.6861196619307
6,649,422499,441,-20.666666666666668,20.666666666666668,30.95234432232265,190.53412462495976,67.2563528535155,0.6676930978621218,0.10846700929477153,-584.6861196619307
6,713,509795,2,-65.5,65.5,504.87374659413615,9.2560765738599,9.2560765738599,0.12973540502325803,7.0764323822664394,-584.5988964587218
6,713,509795,3,77.33333333333333,77.33333333333333,412.2276878942833,31.18217601176002,27.114772982611836,0.18759859078938346,2.4800492853406992,-584.5988964587218
6,713,509795,4,-24.0,24.0,356.99964985977226,61.865535190998344,57.42429616469937,0.06722695669149,0.3879381294593906,-584.5988964587218
6,713,509795,5,0.0,0.0,319.3101940120296,193.6457905142306,145.86274968581296,0.0,0.0,-584.5988964587218
6,713,509795,6,48.333333333333336,48.333333333333336,291.4889935028994,37.420500636828365,28.799741860832025,0.16581529461026653,1.2916271164412167,-584.5988964587218
6,713,509795,7,6.142857142857143,6.142857142857143,269.86636904745495,350.87677225818334,203.87998770695765,0.022762588626880534,0.01750716384935588,-584.5988964587218
6,713,509795,9,-85.66666666666667,85.66666666666667,237.99976657318152,292.45648937512306,196.41909659980212,0.3599443306190193,0.2929210661377571,-584.5988964587218
6,713,509795,10,-37.4,37.4,225.78640348789827,190.8732017919683,145.96387972023086,0.16564327799306378,0.1959415970858081,-584.5988964587218
6,713,509795,12,1.5,1.5,206.11384394714165,79.24805942599778,45.245764766996615,0.007277531539243324,0.018927908277687318,-584.5988964587218
6,713,509795,14,34.357142857142854,34.357142857142854,190.8243395676468,355.0356553415477,205.42339119531204,0.1800459151855905,0.0967709646629462,-584.5988964587218
6,713,509795,15,185.2,185.2,184.35382646783694,230.6563208295629,139.0301556604501,1.0045899428743925,0.8029261861713661,-584.5988964587218
6,713,509795,20,-49.7,49.7,159.6550970060148,122.04176852853561,86.12653177746952,0.3112960433585632,0.40723762527563856,-584.5988964587218
6,713,509795,21,44.95238095238095,44.95238095238095,155.80742081477499,337.32058855525247,152.78088006201693,0.28851245157199973,0.13326308110901994,-584.5988964587218
6,713,509795,25,251.6,251.6,142.7998599439089,323.5922612800023,143.06558777608885,1.7619064899561334,0.7775216842478571,-584.5988964587218
6,713,509795,28,220.42857142857142,220.42857142857142,134.93318452372748,232.90342362812225,112.0866466977965,1.633612755873333,0.9464376607040802,-584.5988964587218
6,713,509795,30,160.66666666666666,160.66666666666666,130.35784083309554,230.6563208295629,140.02274783832837,1.2325048162801133,0.6965630340795509,-584.5988964587218
6,713,509795,35,201.2,201.2,120.68790920623088,277.53397394150306,128.0928772065531,1.6671098316583681,0.7249562896483719,-584.5988964587218
6,713,509795,49,-81.85714285714286,81.85714285714286,101.99989995993494,291.32813561525836,137.02895329349138,0.8025217955046617,0.2809791875551878,-584.5988964587218
6,713,509795,63,297.9047619047619,297.9047619047619,89.95545634915165,305.83946708320036,127.69178653255055,3.311691963948015,0.9740559802365863,-584.5988964587218
6,713,509795,105,75.67619047619047,75.67619047619047,69.67919686815051,209.60181649464357,111.25636411677836,1.0860657682290409,0.36104739807025665,-584.5988964587218
6,713,509795,210,21.98095238095238,21.98095238095238,49.270632613101675,210.9881108557638,111.37602512846082,0.4461268551909636,0.10418100001842782,-584.5988964587218
6,713,509795,225,-173.93333333333334,173.93333333333334,47.5999533146363,262.234744276675,92.1990901470337,3.6540652085020286,0.6632734110542658,-584.5988964587218
6,713,509795,441,-75.14285714285714,75.14285714285714,33.999966653311645,227.5763470412578,75.77211476122844,2.210086201232733,0.3301874650849999,-584.5988964587218
7,714,511224,2,0.0,0.0,505.5808540678731,7.491513459128328,7.491513459128328,0.0,0.0,-2634.7577423366643
7,714,511224,3,0.0,0.0,412.805038728938,56.05071321944706,52.25786956568736,0.0,0.0,-2634.7577423366643
7,714,511224,4,-219.5,219.5,357.49965034947934,100.41139628458768,96.73818565807287,0.6139866144915789,2.186006849042208,-2634.7577423366643
7,714,511224,5,-72.4,72.4,319.7574080455369,217.549477921566,153.10481106567084,0.22642165022081195,0.3327978567988229,-2634.7577423366643
7,714,511224,6,0.0,0.0,291.89724219320743,54.40561031442485,52.15958440767355,0.0,0.0,-2634.7577423366643
7,714,511224,7,0.0,0.0,270.2443338906479,347.94615222138236,208.16134573753735,0.0,0.0,-2634.7577423366643
7,714,511224,9,700.0,700.0,238.33310023298623,277.7217018937954,192.76462886969313,2.93706580964081,2.520508823137234,-2634.7577423366643
7,714,511224,10,-204.0,204.0,226.10263156363308,214.7768891993037,153.1456472319032,0.9022451379235158,0.9498228639055145,-2634.7577423366643
7,714,511224,12,-1.3333333333333333,1.3333333333333333,206.402519364469,118.30155735801964,71.02960172905237,0.006459869469804829,0.01127063212953508,-2634.7577423366643
7,714,511224,14,0.0,0.0,191.09160107131868,347.94615222138236,209.81930757325506,0.0,0.0,-2634.7577423366643
7,714,511224,15,-679.6666666666666,679.6666666666666,184.61202561046775,249.1773576320993,141.92433061163706,3.6815947629585435,2.727642162696693,-2634.7577423366643
7,714,511224,20,-148.1,148.1,159.87870402276846,140.56094559120538,93.93464831227439,0.9263272485553107,1.0536354844305083,-2634.7577423366643
7,714,511224,21,0.0,0.0,156.0256389187367,351.25522032476874,162.47333476152411,0.0,0.0,-2634.7577423366643
7,714,511224,25,-2765.2,2765.2,142.99986013979174,331.00135427498026,142.23421226614062,19.33708184956849,8.354044369567148,-2634.7577423366643
7,714,511224,28,-566.1428571428571,566.1428571428571,135.12216694532395,237.6729045525426,118.58167689248674,4.189859221040631,2.3820252384625498,-2634.7577423366643
7,714,511224,30,-804.5,804.5,130.5404151977463,249.1773576320993,142.9178118485432,6.162842356379215,3.228624011607881,-2634.7577423366643
7,714,511224,35,-1170.857142857143,1170.857142857143,120.8569402227278,288.7060808950155,135.97776363240936,9.687959505671458,4.055533361913881,-2634.7577423366643
7,714,511224,49,-615.1428571428571,615.1428571428571,102.14275724270838,270.44811235145426,138.94160073258587,6.022383512530156,2.274531893731479,-2634.7577423366643
7,714,511224,63,1510.0,1510.0,90.08144463021598,358.1489204747031,128.05933895185277,16.76260861710805,4.216123276313644,-2634.7577423366643
7,714,511224,105,-119.57142857142857,119.57142857142857,69.77678697102641,228.88269063367625,117.84942833000602,1.7136276082915443,0.5224135920474697,-2634.7577423366643
7,714,511224,210,-47.07142857142857,47.07142857142857,49.339639236621906,228.88269063367625,117.97329734518355,0.9540286329554315,0.2056574415527375,-2634.7577423366643
7,714,511224,225,1166.0,1166.0,47.666620046597245,276.61246300363746,93.88336975296178,24.46156238600846,4.215283676443267,-2634.7577423366643
7,714,511224,441,2183.0,2183.0,34.047585747569464,233.24698196189274,76.3728122156679,64.11614662445888,9.359177905061394,-2634.7577423366643
7,788,622520,2,0.0,0.0,557.9068022528494,242.84332224319223,242.84332224319223,0.0,0.0,-2632.562183751208
7,788,622520,3,-388.0,388.0,455.52899651577246,288.8663652749965,206.8370674957501,0.8517569747869292,1.3431816460550183,-2632.562183751208
7,788,622520,4,-219.5,219.5,394.499683143092,563.793515674246,458.73312229497344,0.5564009538643494,0.38932693246302746,-2632.562183751208
7,788,622520,5,0.0,0.0,352.85124344403266,270.3388383954589,137.11043739626396,0.0,0.0,-2632.562183751208
7,788,622520,6,-25.0,25.0,322.1076424634059,281.9348934693262,202.75595093588367,0.07761380577252279,0.08867295456892403,-2632.562183751208
7,788,622520,7,249.14285714285714,249.14285714285714,298.2137296829718,138.02925028910977,95.48373624711417,0.835450659524357,1.8050004373784099,-2632.562183751208
7,788,622520,9,945.0,945.0,262.99978876206137,163.6336267854349,101.3644160542969,3.593158779511231,5.775096589646174,-2632.562183751208
7,788,622520,10,0.0,0.0,249.5035069893808,266.87310249268194,135.5943313089512,0.0,0.0,-2632.562183751208
7,788,622520,12,163.16666666666666,163.16666666666666,227.76449825788623,535.1978359499481,298.5717571088009,0.7163832287941613,0.30487168614397403,-2632.562183751208
7,788,622520,14,-47.0,47.0,210.86895050176136,133.17722002520168,94.3877645013989,0.22288724768707668,0.35291320836330714,-2632.562183751208
7,788,622520,15,-275.4,275.4,203.71876038630643,258.8884481337009,99.65030351568176,1.351863713865951,1.0637786351045369,-2632.562183751208
7,788,622520,20,-264.6,264.6,176.42562172201633,383.91444042426883,187.77992742554542,1.4997821598549612,0.689216065193034,-2632.562183751208
7,788,622520,21,218.0952380952381,218.0952380952381,172.17377710850604,218.78579397425347,119.031922825233,1.2667157668138498,0.9968436895903002,-2632.562183751208
7,788,622520,25,-2212.2,2212.2,157.7998732572368,332.81577587538777,175.4022079355405,14.019022666727945,6.646920489815625,-2632.562183751208
7,788,622520,28,-223.64285714285714,223.64285714285714,149.1068648414859,358.984289292428,140.40279282470786,1.4998830361070883,0.6229878683094068,-2632.562183751208
7,788,622520,30,-545.5,545.5,144.0509169240747,255.42271223092393,99.04956876650998,3.7868554511702146,2.135675387812895,-2632.562183751208
7,788,622520,35,-646.4,646.4,133.36523427897436,487.841154118174,169.88014550164408,4.84684035906881,1.325021463530354,-2632.562183751208
7,788,622520,49,-325.85714285714283,325.85714285714283,112.71419518374057,364.0807149395805,169.88000625189952,2.8910035894409587,0.895013466756181,-2632.562183751208
7,788,622520,63,-109.66666666666667,109.66666666666667,99.40457656099059,336.103699786323,148.94563283971868,1.103235589956763,0.3262881864626511,-2632.562183751208
7,788,622520,105,104.80952380952381,104.80952380952381,76.99845391150335,282.0059458411688,142.30662458456297,1.3611899783076757,0.3716571418269123,-2632.562183751208
7,788,622520,210,-322.6714285714286,322.6714285714286,54.44612890170386,282.6990930217271,142.30037615757243,5.926434717773494,1.1413953441535427,-2632.562183751208
7,788,622520,225,542.8666666666667,542.8666666666667,52.599957752412266,278.13770760891293,107.19056560260911,10.320667351520267,1.951790971938213,-2632.562183751208
7,788,622520,441,-204.28571428571428,204.28571428571428,37.57139839458019,252.4855224498756,82.08547301295626,5.437266724551387,0.8090987249626159,-2632.562183751208
7,869,756899,2,112.5,112.5,615.1824932489545,296.4876510379836,296.4876510379836,0.18287256421400316,0.3794424476235181,-2632.2198192335272
7,869,756899,3,-388.0,388.0,502.2944023843653,168.7225125277182,149.65740832566476,0.7724553531916427,2.2996338436831794,-2632.2198192335272
7,869,756899,4,-200.0,200.0,434.9997126435832,334.47128905000864,238.02709925120857,0.4597704186620231,0.5979586486124282,-2632.2198192335272
7,869,756899,5,-72.4,72.4,389.0755710655707,357.42868807172636,194.40481380435182,0.1860821017410997,0.20255788753439755,-2632.2198192335272
7,869,756899,6,171.0,171.0,355.17577807802905,174.96083715278655,156.13795519703933,0.48145175024416437,0.9773615786410093,-2632.2198192335272
7,869,756899,7,249.14285714285714,249.14285714285714,328.82887429699446,415.40705828607315,220.64129116866692,0.7576672142174297,0.5997559554495655,-2632.2198192335272
7,869,756899,9,945.0,945.0,289.9998084290555,160.51365861117665,116.07966087741843,3.2586228422670884,5.887349451607348,-2632.2198192335272
7,869,756899,10,77.0,77.0,275.11797469449357,360.20127679395955,195.43170308320668,0.27987993182017684,0.21376936996268656,-2632.2198192335272
7,869,756899,12,10.166666666666666,10.166666666666666,251.14720119218265,300.6907325875072,170.84531416932472,0.04048090768444176,0.033811040929596844,-2632.2198192335272
7,869,756899,14,452.42857142857144,452.42857142857144,232.51712686534358,415.40705828607315,219.97506752573463,1.9457860052200973,1.0891210498330126,-2632.2198192335272
7,869,756899,15,73.93333333333334,73.93333333333334,224.63288568981466,333.324857228552,212.5866576406429,0.3291296067639202,0.22180564014354087,-2632.2198192335272
7,869,756899,20,-285.0,285.0,194.53778553278536,335.17995292558044,158.31227328341853,1.4650110219948458,0.8502895161611237,-2632.2198192335272
7,869,756899,21,218.0952380952381,218.0952380952381,189.84943909269137,286.3054244236191,158.45447815836454,1.1487799971258073,0.7617572686032772,-2632.2198192335272
7,869,756899,25,-2765.2,2765.2,173.9998850574333,267.0244658363954,159.54100457606324,15.891964521052827,10.355605398698652,-2632.2198192335272
7,869,756899,28,-281.92857142857144,281.92857142857144,164.41443714849723,346.3443729548526,181.01504700099434,1.7147434028189192,0.8140122763458958,-2632.2198192335272
7,869,756899,30,-349.3666666666667,349.3666666666667,158.8394367487705,329.85912132577505,211.52242182148353,2.1994957538110946,1.059139020508169,-2632.2198192335272
7,869,756899,35,-1579.2571428571428,1579.2571428571428,147.05674317856258,339.6804537295502,147.82007016573138,10.739100490886985,4.649243503762302,-2632.2198192335272
7,869,756899,49,-936.7142857142857,936.7142857142857,124.28563218388092,415.1123491928447,179.7727227789313,7.536786587917213,2.256531966672775,-2632.2198192335272
7,869,756899,63,-109.66666666666667,109.66666666666667,109.60962476566482,433.8200866550578,163.2499647595718,1.0005204096001952,0.2527929665780221,-2632.2198192335272
7,869,756899,105,1390.904761904762,1390.904761904762,84.90325026029278,327.7133765465278,153.6610663750119,16.382232218914883,4.244272164176628,-2632.2198192335272
7,869,756899,210,-581.1571428571428,581.1571428571428,60.03566400383153,327.7133765465278,153.5490075721433,9.68019847036343,1.7733702205916269,-2632.2198192335272
7,869,756899,225,590.8,590.8,57.9999616858111,325.8543946419086,112.81728585551105,10.18621362545712,1.8130797365775848,-2632.2198192335272
7,869,756899,441,2063.0476190476193,2063.0476190476193,41.42854406129364,276.3568740815185,90.26014276867174,49.797734045283725,7.465157600672059,-2632.2198192335272
7,959,921599,2,112.5,112.5,678.8221416542038,100.54633485537488,100.54633485537488,0.16572824175394707,1.11888712961859,-2631.9975046924415
7,959,921599,3,-388.0,388.0,554.2559577186939,178.07684030319797,137.33980076220493,0.7000375811872189,2.1788347060706026,-2631.9975046924415
7,959,921599,4,-200.0,200.0,479.9997395832627,269.7041834789561,225.1163302990108,0.4166668927229849,0.7415531988424093,-2631.9975046924415
7,959,921599,5,-72.4,72.4,429.3248187561488,331.8804351402505,256.765040423738,0.16863688479449943,0.21815085294016878,-2631.9975046924415
7,959,921599,6,171.0,171.0,391.9181462159329,171.83851567812962,135.39680636666077,0.4363155971496791,0.995120327507366,-2631.9975046924415
7,959,921599,7,0.0,0.0,362.8456972323084,190.95508043130394,92.90400276039793,0.0,0.0,-2631.9975046924415
7,959,921599,9,945.0,945.0,319.99982638884177,224.06270049451268,111.84607392247469,2.9531266021741556,4.217569447812413,-2631.9975046924415
7,959,921599,10,77.0,77.0,303.5784906741583,335.3461710430274,256.58636974652444,0.2536411582685114,0.2296134760104964,-2631.9975046924415
7,959,921599,12,10.166666666666666,10.166666666666666,277.12797885934697,454.49770227173576,289.1895335951398,0.03668581825809309,0.022369016643758968,-2631.9975046924415
7,959,921599,14,405.42857142857144,405.42857142857144,256.57065303732617,186.1030501673813,90.81871196735158,1.5801829501115596,2.1785165319102964,-2631.9975046924415
7,959,921599,15,73.93333333333334,73.93333333333334,247.8707996786498,435.7952110474289,226.46203720450475,0.2982736709172022,0.1696515506805029,-2631.9975046924415
7,959,921599,20,-285.0,285.0,214.6624093780744,501.2119218434382,306.96008052405944,1.3276660819456445,0.5686217497616197,-2631.9975046924415
7,959,921599,21,621.4285714285714,621.4285714285714,209.4890609713707,260.1160775969911,114.53655323631804,2.9664010547715303,2.3890432962447528,-2631.9975046924415
7,959,921599,25,-2765.2,2765.2,191.99989583330506,352.40879397979734,185.8642164568436,14.402091146969973,7.84656923220401,-2631.9975046924415
7,959,921599,28,-447.42857142857144,447.42857142857144,181.4228486161542,176.33347088946903,84.13841837127397,2.4662195243952953,2.537400126995928,-2631.9975046924415
7,959,921599,30,-349.3666666666667,349.3666666666667,175.27112331090558,432.32947514465195,225.46194016418482,1.993292791573777,0.8081028168384148,-2631.9975046924415
7,959,921599,35,-1170.857142857143,1170.857142857143,162.26952887094978,379.23890261793713,171.37778811620663,7.215508364409597,3.0873866968144847,-2631.9975046924415
7,959,921599,49,-615.1428571428571,615.1428571428571,137.14278273807506,347.0804997309824,162.66185114743752,4.485419100162932,1.7723348261272136,-2631.9975046924415
7,959,921599,63,1301.0,1301.0,120.9485657441028,305.26594320385993,154.12186243568337,10.756638509898446,4.261857665305225,-2631.9975046924415
7,959,921599,105,295.57142857142856,295.57142857142856,93.6863561749166,383.6000104805571,165.1245175512248,3.1549036662241785,0.7705198657350133,-2631.9975046924415
7,959,921599,210,802.7761904761904,802.7761904761904,66.24625775594171,383.6000104805571,165.05651715450347,12.11806096932605,2.0927428794136578,-2631.9975046924415
7,959,921599,225,590.8,590.8,63.99996527776836,358.2176113143005,126.95630043636051,9.23125500827773,1.649276812025949,-2631.9975046924415
7,959,921599,441,1319.5238095238096,1319.5238095238096,45.714260912691685,296.8625772745304,102.25937390964184,28.86459899338478,4.444897776062727,-2631.9975046924415
7,1057,1119363,2,112.5,112.5,748.118640323846,4.944396130042151,4.944396130042151,0.1503772181793264,22.75303131892083,-2631.826928098164
7,1057,1119363,3,0.0,0.0,610.8363119527195,114.90639853314497,112.12966766563264,0.0,0.0,-2631.826928098164
7,1057,1119363,4,-200.0,200.0,528.9997637050512,295.6115346812876,293.14976110498475,0.3780720025264735,0.6765635861118519,-2631.826928098164
7,1057,1119363,5,-320.8,320.8,473.1517726903282,284.52134961861884,180.29855893312788,0.678006547827011,1.1275076560335813,-2631.826928098164
7,1057,1119363,6,146.0,146.0,431.9264983767493,116.2138780647656,112.17007233812606,0.3380204746610638,1.2563043453264222,-2631.826928098164
7,1057,1119363,7,0.0,0.0,399.8862338215708,337.1180345765024,170.86649816346707,0.0,0.0,-2631.826928098164
7,1057,1119363,9,700.0,700.0,352.6665091367008,495.6454892104666,291.65567970245263,1.9848780132639858,1.412299748990065,-2631.826928098164
7,1057,1119363,10,-229.0,229.0,334.568826999767,287.9870855213958,180.30336266818395,0.6844630507078279,0.7951745460578531,-2631.826928098164
7,1057,1119363,12,-213.33333333333334,213.33333333333334,305.41815597635974,351.94413820444606,218.0509681173779,0.6984959117815052,0.606156802104222,-2631.826928098164
7,1057,1119363,14,405.42857142857144,405.42857142857144,282.76226763838207,332.9591514931526,170.30834570622707,1.4338142596418288,1.2176525847402913,-2631.826928098164
7,1057,1119363,15,26.333333333333332,26.333333333333332,273.1743033303096,345.75310426868964,196.548538454368,0.09639754915561108,0.0761622470144746,-2631.826928098164
7,1057,1119363,20,-73.5,73.5,236.5758863451641,482.4922745532531,224.09150174057984,0.3106825515292101,0.1523340452819784,-2631.826928098164
7,1057,1119363,21,0.0,0.0,230.87442474210954,276.57638777425746,129.92833439910166,0.0,0.0,-2631.826928098164
7,1057,1119363,25,713.8,713.8,211.59990548202046,369.8501424971255,154.55995646815367,3.37334744254246,1.929970866526157,-2631.826928098164
7,1057,1119363,28,-447.42857142857144,447.42857142857144,199.9431169107854,229.30816371555557,150.28145565316711,2.237779316145272,1.9512108255490743,-2631.826928098164
7,1057,1119363,30,245.63333333333333,245.63333333333333,193.16340233077278,342.2873683658836,195.0711630565513,1.271634949319805,0.7176231320075089,-2631.826928098164
7,1057,1119363,35,-105.57142857142857,105.57142857142857,178.83456041828157,350.52753445590497,127.03004915858264,0.5903301259247897,0.30117870407897745,-2631.826928098164
7,1057,1119363,49,-615.1428571428571,615.1428571428571,151.14278963001462,449.6789067902173,181.88675940490324,4.069945107197487,1.3679602219586242,-2631.826928098164
7,1057,1119363,63,1510.0,1510.0,133.29541127385693,438.5091038244136,191.71036581184268,11.32822192129096,3.443486091464658,-2631.826928098164
7,1057,1119363,105,1157.904761904762,1157.904761904762,103.25018159790325,498.893596149268,147.08908997562474,11.214554240825432,2.320945329509339,-2631.826928098164
7,1057,1119363,210,-543.5904761904762,543.5904761904762,73.00890356661988,498.893596149268,146.9857541884855,7.445536772024736,1.0895920099720724,-2631.826928098164
7,1057,1119363,225,7.466666666666667,7.466666666666667,70.53330182734015,355.2523864133964,137.46859560366275,0.1058601607074126,0.02101792120821374,-2631.826928098164
7,1057,1119363,441,2183.0,2183.0,50.380929876671544,377.4243379982254,119.4367540400049,43.32988702955281,5.783940727241242,-2631.826928098164
7,1166,1361888,2,0.0,0.0,825.1933106854417,177.64847100293264,177.64847100293264,0.0,0.0,-2631.681318124824
7,1166,1361888,3,-388.0,388.0,673.767516779094,459.01750463433564,380.95176802584945,0.5758662896881869,0.845283668014121,-2631.681318124824
7,1166,1361888,4,-219.5,219.5,583.4997857754533,113.64345085737295,92.22655942247823,0.37617837289912837,1.9314795383632024,-2631.681318124824
7,1166,1361888,5,-320.8,320.8,521.8980743401914,190.93457617110107,116.07423163970611,0.614679409203743,1.6801566611619019,-2631.681318124824
7,1166,1361888,6,-25.0,25.0,476.4255800577183,465.9489764398895,382.62115679851007,0.05247409258959455,0.05365394338026873,-2631.681318124824
7,1166,1361888,7,249.14285714285714,249.14285714285714,441.08437806323246,410.9495984263194,250.91205448450705,0.5648417163102086,0.6062613471260682,-2631.681318124824
7,1166,1361888,9,945.0,945.0,388.9998571836356,317.68318949936656,187.731500442527,2.4293068044852593,2.9746616479430816,-2631.681318124824
7,1166,1361888,10,102.0,102.0,369.03766745415027,194.400312073878,117.43665873324284,0.2763945499213102,0.5246905157294033,-2631.681318124824
7,1166,1361888,12,163.16666666666666,163.16666666666666,336.883758389547,392.89318494545296,257.7804885332111,0.48434114914496124,0.4152952326961838,-2631.681318124824
7,1166,1361888,14,-47.0,47.0,311.8937548039625,415.80162869024207,252.65369765889162,0.15069234082465469,0.11303467027786317,-2631.681318124824
7,1166,1361888,15,-628.0666666666667,628.0666666666667,301.31799370985686,200.97075367334764,120.27883613207733,2.0843981434160237,3.1251645087001516,-2631.681318124824
7,1166,1361888,20,248.4,248.4,260.9490371700957,365.32468135945965,237.55417055047715,0.9519100077693875,0.6799431099909395,-2631.681318124824
7,1166,1361888,21,218.0952380952381,218.0952380952381,254.66018441014592,353.10835641452286,161.57875602548654,0.8564167131206591,0.6176439445097996,-2631.681318124824
7,1166,1361888,25,713.8,713.8,233.39991431018134,396.68989026133204,189.3861733499242,3.058270188785852,1.7993904496274447,-2631.681318124824
7,1166,1361888,28,-223.64285714285714,223.64285714285714,220.54218903161623,470.2526190820936,246.6700696906936,1.0140592968848985,0.47558024786633896,-2631.681318124824
7,1166,1361888,30,793.5,793.5,213.06399664576526,204.4364895761537,120.91808167655357,3.724233152911577,3.8814010240790062,-2631.681318124824
7,1166,1361888,35,527.0285714285715,527.0285714285715,197.25893063252096,415.7223281770712,210.13176024216773,2.6717602581471325,1.2677417971259195,-2631.681318124824
7,1166,1361888,49,53.857142857142854,53.857142857142854,166.7142245072724,580.8206348363419,231.58274478483636,0.32305067558763406,0.09272594606133132,-2631.681318124824
7,1166,1361888,63,-109.66666666666667,109.66666666666667,147.02812602107747,393.85055496286077,182.39942393054872,0.7458890324899143,0.2784474092641763,-2631.681318124824
7,1166,1361888,105,1019.5238095238095,1019.5238095238095,113.8874967007437,450.7002535410247,182.3973947896525,8.952025806684993,2.262088386934994,-2631.681318124824
7,1166,1361888,210,-530.7904761904762,530.7904761904762,80.53062120945643,450.7002535410247,182.38232524154282,6.591163314261722,1.1777017474922749,-2631.681318124824
7,1166,1361888,225,184.46666666666667,184.46666666666667,77.79997143672712,445.581926580453,148.29070425126483,2.3710377171113626,0.4139904598068564,-2631.681318124824
7,1166,1361888,441,2280.0476190476193,2280.0476190476193,55.5714081690908,442.1824087945506,126.52615425113552,41.029149596317005,5.156350803876028,-2631.681318124824
7,1287,1658943,2,112.5,112.5,910.7532596702578,215.28287761472166,215.28287761472166,0.12352412555814636,0.5225682657463091,-2631.5513348850686
7,1287,1658943,3,0.0,0.0,743.6269225895469,289.7169880704023,211.44049678421095,0.0,0.0,-2631.5513348850686
7,1287,1658943,4,-200.0,200.0,643.9998059005919,307.7152998071397,227.1920535637675,0.3105590998126358,0.649951432786572,-2631.5513348850686
7,1287,1658943,5,-320.8,320.8,576.0109373961574,408.0302061546827,308.339447389635,0.5569338690861811,0.786216302521451,-2631.5513348850686
7,1287,1658943,6,146.0,146.0,525.8236396359524,296.648459876189,215.05873750418448,0.2776596352744455,0.49216503622144353,-2631.5513348850686
7,1287,1658943,7,-63.714285714285715,63.714285714285715,486.8180945105236,346.618775762734,262.625929196334,0.13087904174627674,0.18381660247366158,-2631.5513348850686
7,1287,1658943,9,782.0,782.0,429.33320393372793,313.792501585267,199.30577411922272,1.821429120401109,2.492092691983931,-2631.5513348850686
7,1287,1658943,10,-229.0,229.0,407.3012398704428,411.4959420574596,308.96046970015385,0.5622374242534638,0.5565060954307621,-2631.5513348850686
7,1287,1658943,12,-213.33333333333334,213.33333333333334,371.81346129477345,302.12835783464834,223.47581999197834,0.5737644156035621,0.7061016544831863,-2631.5513348850686
7,1287,1658943,14,-1.5714285714285714,1.5714285714285714,344.23237583270486,346.618775762734,263.8375691281389,0.004565022588672129,0.004533593334552191,-2631.5513348850686
7,1287,1658943,15,26.333333333333332,26.333333333333332,332.56006976184017,391.855643223942,227.7517782655227,0.07918368958784411,0.06720161822011599,-2631.5513348850686
7,1287,1658943,20,-73.5,73.5,288.0054686980787,554.0898135656898,260.1773094401329,0.255203487392982,0.1326499751493559,-2631.5513348850686
7,1287,1658943,21,652.6666666666666,652.6666666666666,281.0645579120315,606.1726628804172,234.17445792721247,2.3221236840218764,1.0767009247255044,-2631.5513348850686
7,1287,1658943,25,-1585.8,1585.8,257.59992236023675,513.5252656330122,251.59331895899106,6.156057756035973,3.0880661695295877,-2631.5513348850686
7,1287,1658943,28,-549.4285714285714,549.4285714285714,243.4090472552618,591.2305388115637,278.1125074064963,2.2572232939739028,0.9292966708603742,-2631.5513348850686
7,1287,1658943,30,245.63333333333333,245.63333333333333,235.1554804804685,388.389907321136,227.22305898706657,1.0445571280391022,0.6324400523884728,-2631.5513348850686
7,1287,1658943,35,-1296.9714285714285,1296.9714285714285,217.71167040048962,560.5828720472055,262.6522637761531,5.957289410281019,2.3136123011304086,-2631.5513348850686
7,1287,1658943,49,-806.5714285714286,806.5714285714286,183.99994454302626,490.80456908865744,246.522174878465,4.383541693855354,1.6433657699419908,-2631.5513348850686
7,1287,1658943,63,1315.952380952381,1315.952380952381,162.27269817017455,528.232696104802,232.57130891050727,8.109511925242954,2.4912361363774695,-2631.5513348850686
7,1287,1658943,105,1322.0380952380951,1322.0380952380951,125.69589151144577,509.27246840976295,222.7593676713039,10.517751052489345,2.5959347446490613,-2631.5513348850686
7,1287,1658943,210,1343.4095238095238,1343.4095238095238,88.8804172550319,509.27246840976295,222.70963037708046,15.11479767196376,2.6378993704576432,-2631.5513348850686
7,1287,1658943,225,664.6666666666666,664.6666666666666,85.86664078674558,507.37872792008784,172.67412581094302,7.740685562829948,1.310001050677378,-2631.5513348850686
7,1287,1658943,441,825.047619047619,825.047619047619,61.33331484767542,407.4758785378817,147.16147120841327,13.45186740838432,2.024776588023031,-2631.5513348850686
7,1419,2016399,2,112.5,112.5,1004.0913803036057,435.41713256645016,435.41713256645016,0.1120415952241155,0.25837292928024846,-2631.433647587508
7,1419,2016399,3,0.0,0.0,819.8371789568951,340.24388854252174,249.7441364596847,0.0,0.0,-2631.433647587508
7,1419,2016399,4,-200.0,200.0,709.9998239436402,257.96702268894296,221.39955543131938,0.2816902106948635,0.7752928956394567,-2631.433647587508
7,1419,2016399,5,-72.4,72.4,635.0431481403449,401.2944146040827,206.15691238832326,0.11400800120750151,0.18041616669753524,-2631.433647587508
7,1419,2016399,6,146.0,146.0,579.7124287092696,333.31241673673503,243.73141327667196,0.2518490078349177,0.4380274861326792,-2631.433647587508
7,1419,2016399,7,0.0,0.0,536.7094185870042,503.039713293605,296.05214204706505,0.0,0.0,-2631.433647587508
7,1419,2016399,9,0.0,0.0,473.3332159624268,384.21963243657956,250.05325617850735,0.0,0.0,-2631.433647587508
7,1419,2016399,10,77.0,77.0,449.04331639609114,397.82867870130576,204.3507800230597,0.17147566212093449,0.19355065163065446,-2631.433647587508
7,1419,2016399,12,-213.33333333333334,213.33333333333334,409.91858947844753,394.2586310627521,277.08247081664587,0.520428540712838,0.5410999697286987,-2631.433647587508
7,1419,2016399,14,405.42857142857144,405.42857142857144,379.51086940955986,498.18768302962417,293.9883105824084,1.0682923839818717,0.8138068949497956,-2631.433647587508
7,1419,2016399,15,-679.6666666666666,679.6666666666666,366.6423325258555,391.51201430731453,262.5018106515643,1.8537593899327942,1.7360046226657229,-2631.433647587508
7,1419,2016399,20,-285.0,285.0,317.52157407017245,446.3666574372037,210.9628695827728,0.8975768050866831,0.6384885502790825,-2631.433647587508
7,1419,2016399,21,0.0,0.0,309.8693272978144,525.5264044273936,249.23327030294814,0.0,0.0,-2631.433647587508
7,1419,2016399,25,-2765.2,2765.2,283.99992957745604,588.221632864399,265.44939183353534,9.736622132667957,4.700949175457226,-2631.433647587508
7,1419,2016399,28,-447.42857142857144,447.42857142857144,268.3547092935021,858.8686597130145,368.9316707765092,1.667302849301648,0.520951098131904,-2631.433647587508
7,1419,2016399,30,851.6333333333333,851.6333333333333,259.2552795990855,394.9777502101206,262.85982420805885,3.2849218525088713,2.1561552084396673,-2631.433647587508
7,1419,2016399,35,-1170.857142857143,1170.857142857143,240.02374882498606,528.0430111175956,247.32404266628348,4.878088724923951,2.2173518410537056,-2631.433647587508
7,1419,2016399,49,-821.8571428571429,821.8571428571429,202.85709255532575,489.3386322147635,236.57382484954144,4.051409455318875,1.6795263826552773,-2631.433647587508
7,1419,2016399,63,0.0,0.0,178.90313952900138,669.3771404115105,281.95950114443315,0.0,0.0,-2631.433647587508
7,1419,2016399,105,-119.57142857142857,119.57142857142857,138.57777599600882,497.3999065710814,224.20907820883093,0.8628470742297981,0.24039294537812927,-2631.433647587508
7,1419,2016399,210,810.004761904762,810.004761904762,97.98928512852821,497.3999065710814,224.17176123239688,8.266258508186018,1.6284779132522966,-2631.433647587508
7,1419,2016399,225,54.0,54.0,94.66664319248535,502.3341536740809,193.9768421208504,0.5704226766570987,0.10749816552397054,-2631.433647587508
7,1419,2016399,441,2027.0,2027.0,67.61903085177525,438.7176769255575,161.33508067940267,29.97676799662064,4.620283400032558,-2631.433647587508
7,1566,2455488,2,0.0,0.0,1108.0361004949252,349.9342581857927,349.9342581857927,0.0,0.0,-2631.3225258551347
7,1566,2455488,3,0.0,0.0,904.7076875985966,434.79972603637725,313.2886473050488,0.0,0.0,-2631.3225258551347
7,1566,2455488,4,-219.5,219.5,783.4998404594604,768.0455034277402,618.3489745824426,0.2801532159486857,0.2857903588008587,-2631.3225258551347
7,1566,2455488,5,-320.8,320.8,700.7835614510375,574.8652746569132,398.78332017398367,0.4577732949896168,0.5580437958988869,-2631.3225258551347
7,1566,2455488,6,0.0,0.0,639.7249408925683,442.4243450225331,317.6915266502293,0.0,0.0,-2631.3225258551347
7,1566,2455488,7,0.0,0.0,592.2702086041471,521.7287293975241,329.60663900743765,0.0,0.0,-2631.3225258551347
7,1566,2455488,9,782.0,782.0,522.3332269729736,549.6106496981229,294.6132087550151,1.4971285754342063,1.4228254136442198,-2631.3225258551347
7,1566,2455488,10,102.0,102.0,495.5288084460882,578.3310105596902,399.7169295675463,0.20584070645631744,0.17636958443796344,-2631.3225258551347
7,1566,2455488,12,-1.3333333333333333,1.3333333333333333,452.3538437992983,590.9636401243042,344.1002471483817,0.002947545050429395,0.002256201977253419,-2631.3225258551347
7,1566,2455488,14,0.0,0.0,418.7982807987635,526.5807596613886,331.31495263907675,0.0,0.0,-2631.3225258551347
7,1566,2455488,15,26.333333333333332,26.333333333333332,404.5975778474211,515.9471175903454,265.81914129581224,0.06508524710759382,0.051038822459788635,-2631.3225258551347
7,1566,2455488,20,248.4,248.4,350.39178072551874,560.1879974110052,293.55955171225816,0.708920738624818,0.4434225673310009,-2631.3225258551347
7,1566,2455488,21,0.0,0.0,341.94736437060016,626.0956681644893,323.4410501892645,0.0,0.0,-2631.3225258551347
7,1566,2455488,25,713.8,713.8,313.3999361837842,804.1705203095771,332.67274741122225,2.2776009743071963,0.8876226894330972,-2631.3225258551347
7,1566,2455488,28,-566.1428571428571,566.1428571428571,296.13510430207356,629.5172136948386,289.18368474090494,1.911772190862456,0.8993286360193122,-2631.3225258551347
7,1566,2455488,30,-198.5,198.5,286.0936909475636,515.9471175903454,266.5015565677116,0.6938286522242181,0.38472935157979915,-2631.3225258551347
7,1566,2455488,35,-105.57142857142857,105.57142857142857,264.8712894973708,636.6782751977007,269.5559802297001,0.3985763378573973,0.16581597438462406,-2631.3225258551347
7,1566,2455488,49,-821.8571428571429,821.8571428571429,223.85709727413155,658.1626102443261,247.40594865980162,3.67134726959633,1.2487144211246661,-2631.3225258551347
7,1566,2455488,63,-436.7142857142857,436.7142857142857,197.42340286804907,739.724709847811,289.0621689100449,2.212069488064545,0.5903740674069603,-2631.3225258551347
7,1566,2455488,105,1157.904761904762,1157.904761904762,152.9235102919103,534.2388552283228,242.98103064378543,7.571790365617938,2.167391515186399,-2631.3225258551347
7,1566,2455488,210,1306.5238095238096,1306.5238095238096,108.13325113026058,534.2388552283228,243.03455685003016,12.082535167188599,2.4455799063237884,-2631.3225258551347
7,1566,2455488,225,1282.6666666666667,1282.6666666666667,104.46664539459474,451.03360044859073,216.15930727675376,12.278241172785222,2.843838386743132,-2631.3225258551347
7,1566,2455488,441,1999.4285714285713,1999.4285714285713,74.61903242471053,484.631427960534,166.40943735919234,26.795155424267456,4.125668407108329,-2631.3225258551347
7,1727,2985983,2,112.5,112.5,1221.8803132876803,44.953653941396624,44.953653941396624,0.09207121088423079,2.5025774355664057,-2631.2177823546
7,1727,2985983,3,-388.0,388.0,997.6610981022898,35.50531251425855,26.03030626729608,0.38890962145165103,10.927942116948932,-2631.2177823546
7,1727,2985983,4,-200.0,200.0,863.999855324062,645.7790633896366,623.7073718015275,0.2314815202428311,0.309703444007952,-2631.2177823546
7,1727,2985983,5,-320.8,320.8,772.7849636218344,163.84744862222578,135.92042583590785,0.41512194866796714,1.9579188000641454,-2631.2177823546
7,1727,2985983,6,171.0,171.0,705.4529277941465,27.88069352810271,19.81316174448645,0.24239746305213206,6.133276413215414,-2631.2177823546
7,1727,2985983,7,0.0,0.0,653.1224999952153,507.8344723175396,313.7420830722813,0.0,0.0,-2631.2177823546
7,1727,2985983,9,945.0,945.0,575.9999035493746,617.0027401506086,413.870673707129,1.6406252747210657,1.5315977361289,-2631.2177823546
7,1727,2985983,10,-229.0,229.0,546.4414881759985,167.31318452500273,135.4733153948668,0.41907506101777436,1.3686907021112793,-2631.2177823546
7,1727,2985983,12,10.166666666666666,10.166666666666666,498.8305490511449,531.8150299956324,373.7578861488421,0.020381002498754908,0.0191169224133251,-2631.2177823546
7,1727,2985983,14,405.42857142857144,405.42857142857144,461.8273486921276,507.8344723175396,313.11602963922985,0.8778790874484269,0.7983478742165112,-2631.2177823546
7,1727,2985983,15,-628.0666666666667,628.0666666666667,446.16760677276125,253.38063423224958,143.09495876689428,1.4076922150615676,2.478747709230922,-2631.2177823546
7,1727,2985983,20,-73.5,73.5,386.3924818109172,485.7414004737511,232.42534454530727,0.19022109243825178,0.15131508232222807,-2631.2177823546
7,1727,2985983,21,621.4285714285714,621.4285714285714,377.0804511860389,864.5771940018167,335.1724670388396,1.6479999678423514,0.7187658612092256,-2631.2177823546
7,1727,2985983,25,-1042.6,1042.6,345.5999421296248,818.6652368792566,398.5280524716836,3.016782912564696,1.2735364261641062,-2631.2177823546
7,1727,2985983,28,-447.42857142857144,447.42857142857144,326.56124999760766,557.1961372437945,359.41329256715966,1.3701214440839176,0.8030001314111846,-2631.2177823546
7,1727,2985983,30,-746.3666666666667,746.3666666666667,315.48814029479246,253.38063423224958,144.310419427733,2.3657518978978445,2.945634219158771,-2631.2177823546
7,1727,2985983,35,-105.57142857142857,105.57142857142857,292.0852615247815,658.0704806268332,299.31731651353954,0.36144045071055914,0.16042571681815665,-2631.2177823546
7,1727,2985983,49,-339.7142857142857,339.7142857142857,246.85710152116056,551.231453203116,285.66889690070184,1.376157637843631,0.6162824776058432,-2631.2177823546
7,1727,2985983,63,1301.0,1301.0,217.7074999984051,653.593945349654,337.1583299732236,5.975908041797049,1.990532515266803,-2631.2177823546
7,1727,2985983,105,-220.8095238095238,220.8095238095238,168.63550436765485,685.0270056107693,274.9048635792235,1.309389292827212,0.3223369619021812,-2631.2177823546
7,1727,2985983,210,604.8238095238095,604.8238095238095,119.24330868718239,685.0270056107693,274.929706581469,5.0721823822456775,0.8829196580134082,-2631.2177823546
7,1727,2985983,225,586.4666666666667,586.4666666666667,115.19998070987494,640.1545133147483,244.4542883152428,5.0908573339404635,0.9161329873781822,-2631.2177823546
7,1727,2985983,441,2071.190476190476,2071.190476190476,82.28570050705352,602.1976868046495,190.48449361000422,25.17072180740485,3.4393863038241164,-2631.2177823546
7,1906,3636648,2,0.0,0.0,1348.4524463250457,29.110001767985523,29.110001767985523,0.0,0.0,-2631.1164324028714
7,1906,3636648,3,0.0,0.0,1101.0068119680277,161.15546867693774,147.4441607866759,0.0,0.0,-2631.1164324028714
7,1906,3636648,4,-219.5,219.5,953.4998689040287,37.16136520099826,26.886720863952796,0.23020454135174404,5.906672126084959,-2631.1164324028714
7,1906,3636648,5,-320.8,320.8,852.8362093626184,638.2526991667692,441.4709338829892,0.37615663650087666,0.5026222378985633,-2631.1164324028714
7,1906,3636648,6,0.0,0.0,778.5293828751745,168.0869404822588,147.98996140399527,0.0,0.0,-2631.1164324028714
7,1906,3636648,7,969.7142857142857,969.7142857142857,720.7781509293569,498.7519222892588,279.13131390596993,1.3453713662989861,1.9442818009869947,-2631.1164324028714
7,1906,3636648,9,782.0,782.0,635.6665792693525,527.2835751266684,301.6910374157405,1.2302046788409828,1.4830729362509376,-2631.1164324028714
7,1906,3636648,10,102.0,102.0,603.0462668817377,642.4115822501481,441.7934359633189,0.1691412510144981,0.1587767138984775,-2631.1164324028714
7,1906,3636648,12,-1.3333333333333333,1.3333333333333333,550.5034059840139,617.1607007214334,527.4215559961825,0.0024220255839289976,0.002160431362163414,-2631.1164324028714
7,1906,3636648,14,199.0,199.0,509.6671182532491,498.7519222892588,277.3744023388205,0.3904509293870488,0.39899595591851555,-2631.1164324028714
7,1906,3636648,15,26.333333333333332,26.333333333333332,492.3852150501678,774.4886865524459,440.3682777881431,0.053481161757975,0.034000927051050116,-2631.1164324028714
7,1906,3636648,20,248.4,248.4,426.4181046813092,495.4213001189637,329.1937934194736,0.5825268610150733,0.5013914418704901,-2631.1164324028714
7,1906,3636648,21,582.3333333333334,582.3333333333334,416.14145946506494,642.9305104826344,307.6924447960013,1.3993638943879858,0.9057484811168597,-2631.1164324028714
7,1906,3636648,25,-2667.4,2667.4,381.3999475616115,690.2698269275133,366.58410669766846,6.993708355371777,3.8642859588299943,-2631.1164324028714
7,1906,3636648,28,-586.6428571428571,586.6428571428571,360.38907546467846,449.83357018680545,267.54964737001376,1.627804217945429,1.3041331194984802,-2631.1164324028714
7,1906,3636648,30,-198.5,198.5,348.16892451797014,774.4886865524459,440.9729743570023,0.5701255511956375,0.25629812732785245,-2631.1164324028714
7,1906,3636648,35,-253.37142857142857,253.37142857142857,322.3417884349291,601.6233026419359,305.4733477976324,0.7860334516403432,0.42114630111364876,-2631.1164324028714
7,1906,3636648,49,-1409.142857142857,1409.142857142857,272.42853397257966,820.5035562702542,390.4039707081798,5.172522997479733,1.7174122480935587,-2631.1164324028714
7,1906,3636648,63,1206.2857142857142,1206.2857142857142,240.25938364311898,880.6360695468611,376.58415297166755,5.020764209058031,1.3697891285629704,-2631.1164324028714
7,1906,3636648,105,280.77142857142854,280.77142857142854,186.10411832397168,791.6365958980168,276.78745353658076,1.5086792871647214,0.35467211852798064,-2631.1164324028714
7,1906,3636648,210,-284.3095238095238,284.3095238095238,131.595484073624,791.6365958980168,276.7983643873857,2.160480853966543,0.3591414612244002,-2631.1164324028714
7,1906,3636648,225,207.33333333333334,207.33333333333334,127.1333158538705,701.0883247870624,256.88181270729075,1.630833994541968,0.29573068899172655,-2631.1164324028714
7,1906,3636648,441,1295.047619047619,1295.047619047619,90.80951132419321,736.9307921241871,205.187080912738,14.26114511754449,1.7573531095296917,-2631.1164324028714
7,2102,4422608,2,0.0,0.0,1487.0453927167118,733.1261199666187,733.1261199666187,0.0,0.0,-2631.0190308228957
7,2102,4422608,3,-388.0,388.0,1214.167478837523,731.7275066105649,517.4095717999754,0.31956052749121705,0.5302520357574841,-2631.0190308228957
7,2102,4422608,4,-219.5,219.5,1051.4998811221997,1074.9537248499691,797.6125695052089,0.20874942921129144,0.2041948364155262,-2631.0190308228957
7,2102,4422608,5,-320.8,320.8,940.4900850088745,1213.2913657759782,683.3583906761897,0.34109875809798984,0.2644047497979413,-2631.0190308228957
7,2102,4422608,6,-25.0,25.0,858.5460577821864,739.3521255967207,522.8319347650588,0.029118996905746104,0.03381338760583511,-2631.0190308228957
7,2102,4422608,7,969.7142857142857,969.7142857142857,794.8591968752345,1301.366563493968,567.1771047748753,1.2199824692554917,0.7451507614509111,-2631.0190308228957
7,2102,4422608,9,945.0,945.0,700.999920748133,713.4382230261108,485.38740033145393,1.3480743321503674,1.324571587980946,-2631.0190308228957
7,2102,4422608,10,102.0,102.0,665.0269167484877,1216.7571016787551,684.2913952862004,0.15337725050093914,0.0838293853878239,-2631.0190308228957
7,2102,4422608,12,163.16666666666666,163.16666666666666,607.0837394187615,1209.58570723515,655.4684897760219,0.2687712683968226,0.13489467153148674,-2631.0190308228957
7,2102,4422608,14,199.0,199.0,562.0503281989713,1301.366563493968,566.6280910791941,0.3540608198516202,0.1529161771804831,-2631.0190308228957
7,2102,4422608,15,-628.0666666666667,628.0666666666667,542.9922037500477,1017.6001623205375,441.547226305629,1.1566771351947087,0.6172037799546162,-2631.0190308228957
7,2102,4422608,20,248.4,248.4,470.24504250443727,1024.8477543798508,487.40378350164633,0.5282352338624731,0.24237746429986587,-2631.0190308228957
7,2102,4422608,21,340.76190476190476,340.76190476190476,458.9121712837664,660.6561020831577,429.25678695624714,0.7425427480135324,0.5157931693772694,-2631.0190308228957
7,2102,4422608,25,-1042.6,1042.6,420.5999524488799,1070.353982579516,474.0090601788481,2.4788400329805516,0.9740702767203893,-2631.0190308228957
7,2102,4422608,28,-586.6428571428571,586.6428571428571,397.42959843761724,1082.7306817764766,460.49732483415255,1.4760925191507592,0.5418178934214096,-2631.0190308228957
7,2102,4422608,30,793.5,793.5,383.9534694030862,1017.6001623205375,441.14508024178804,2.0666566738766963,0.779775819011763,-2631.0190308228957
7,2102,4422608,35,-253.37142857142857,253.37142857142857,355.47183935078255,854.5545952490065,428.57698456888033,0.7127749670246017,0.2964953087609333,-2631.0190308228957
7,2102,4422608,49,-1409.142857142857,1409.142857142857,300.4285374634856,895.2626693361963,341.8220599968082,4.6904427556723896,1.5739993472392675,-2631.0190308228957
7,2102,4422608,63,-685.3333333333334,685.3333333333334,264.9530656250782,1018.0940020492999,396.1942054776383,2.5866216407668,0.6731532962121772,-2631.0190308228957
7,2102,4422608,105,-0.34285714285714286,0.34285714285714286,205.23176213850573,796.3352715045912,320.35154502721815,0.0016705851924896365,0.0004305437108284185,-2631.0190308228957
7,2102,4422608,210,310.2761904761905,310.2761904761905,145.12077072300193,796.3352715045912,320.29394385444004,2.138055007083911,0.38963009875219573,-2631.0190308228957
7,2102,4422608,225,586.4666666666667,586.4666666666667,140.19998414962663,927.9596431561586,295.3948698109451,4.183072275106449,0.6319958750274823,-2631.0190308228957
7,2102,4422608,441,78.95238095238095,78.95238095238095,100.14284582116187,567.0829834917422,216.26424032784863,0.7883976164745359,0.13922544539467854,-2631.0190308228957
7,2319,5382399,2,112.5,112.5,1640.4875799590804,859.2032343083993,859.2032343083993,0.06857717264936937,0.13093526130701186,-2630.923743163569
7,2319,5382399,3,0.0,0.0,1339.4525000909887,844.1331043196842,596.9857056234353,0.0,0.0,-2630.923743163569
7,2319,5382399,4,-200.0,200.0,1159.9998922413743,1320.5890848957933,989.1492390177683,0.17241380911989235,0.1514475640360013,-2630.923743163569
7,2319,5382399,5,-72.4,72.4,1037.5354451776575,533.1732841602061,406.1264378683045,0.0697807485387672,0.1357907497447781,-2630.923743163569
7,2319,5382399,6,146.0,146.0,947.1359458916128,836.5084853335284,591.5234328502537,0.15414893778797387,0.1745349898534354,-2630.923743163569
7,2319,5382399,7,969.7142857142857,969.7142857142857,876.8774959235428,576.7345127416775,318.0695939088525,1.1058720177246257,1.681387647679455,-2630.923743163569
7,2319,5382399,9,0.0,0.0,773.3332614942495,983.7090548246633,546.279859556032,0.0,0.0,-2630.923743163569
7,2319,5382399,10,77.0,77.0,733.6483490065251,529.7075482574292,404.0087135089588,0.10495491485024136,0.1453632296789157,-2630.923743163569
7,2319,5382399,12,-213.33333333333334,213.33333333333334,669.7262500454943,907.2365968592931,536.4987603837187,0.3185381091436115,0.23514630480280335,-2630.923743163569
7,2319,5382399,14,206.42857142857142,206.42857142857142,620.0460236374163,576.7345127416775,317.2717739174097,0.33292459520599144,0.35792651014979554,-2630.923743163569
7,2319,5382399,15,-679.6666666666666,679.6666666666666,599.0213685670988,691.2798474200536,359.2525580453465,1.1346284161656488,0.9832004638979006,-2630.923743163569
7,2319,5382399,20,-285.0,285.0,518.7677225888287,931.2187357207295,443.7199412174157,0.5493788213687473,0.3060505433016448,-2630.923743163569
7,2319,5382399,21,582.3333333333334,582.3333333333334,506.2654583177824,673.3324284679256,374.0874444183157,1.1502529429290103,0.8648526473889754,-2630.923743163569
7,2319,5382399,25,-2765.2,2765.2,463.9999568965497,1086.139536003815,472.530481601855,5.959483312229079,2.5458975650346707,-2630.923743163569
7,2319,5382399,28,-175.92857142857142,175.92857142857142,438.4387479617714,772.7470870887628,420.8250761340396,0.401261458405385,0.22766643105878587,-2630.923743163569
7,2319,5382399,30,851.6333333333333,851.6333333333333,423.57207178944174,691.2798474200536,358.5806702598893,2.0105984082838244,1.231966093777708,-2630.923743163569
7,2319,5382399,35,443.34285714285716,443.34285714285716,392.1515377649673,731.7885316571046,345.0589308630391,1.1305396369721006,0.6058346611949845,-2630.923743163569
7,2319,5382399,49,-1411.2857142857142,1411.2857142857142,331.42854064039267,817.2271928981208,410.12950660017543,4.258190050738541,1.7269196700135396,-2630.923743163569
7,2319,5382399,63,536.0,536.0,292.29249864118094,1265.9637951014156,459.35200898930003,1.8337795273288728,0.4233928348298944,-2630.923743163569
7,2319,5382399,105,-228.03809523809525,228.03809523809525,226.40879589172957,1022.9101416771737,351.4770901093363,1.0071962723000605,0.22293072083946858,-2630.923743163569
7,2319,5382399,210,162.83809523809524,162.83809523809524,160.09519489532292,1022.9101416771737,351.42176745957454,1.017132933593452,0.159191006720399,-2630.923743163569
7,2319,5382399,225,54.0,54.0,154.6666522988499,934.3868603005831,333.20066792175544,0.34913796346778203,0.05779190857053441,-2630.923743163569
7,2319,5382399,441,2083.4285714285716,2083.4285714285716,110.47618021346422,861.1456823391018,241.55103743315908,18.858622441533825,2.4193683068460876,-2630.923743163569
7,2558,6548480,2,0.0,0.0,1809.4861148956077,755.4014474004507,755.4014474004507,0.0,0.0,-2630.830549597565
7,2558,6548480,3,-388.0,388.0,1477.439226048458,540.0714926244691,411.15738115440985,0.2626165551579,0.7184234037507146,-2630.830549597565
7,2558,6548480,4,-219.5,219.5,1279.4999023055843,890.7703301440924,637.1014501113807,0.17155140035921362,0.24641593076465998,-2630.830549597565
7,2558,6548480,5,0.0,0.0,1144.4195035038506,986.8727028609719,820.8149845349838,0.0,0.0,-2630.830549597565
7,2558,6548480,6,-25.0,25.0,1044.707295529869,547.6961116110906,418.17362002317356,0.023930147809794088,0.04564575038968336,-2630.830549597565
7,2558,6548480,7,969.7142857142857,969.7142857142857,967.2110125805758,1066.2836212918628,655.8022061613123,1.0025881354752475,0.9094337250903489,-2630.830549597565
7,2558,6548480,9,945.0,945.0,852.9999348703896,555.220080494415,378.43886140907506,1.1078547153038054,1.702027778171301,-2630.830549597565
7,2558,6548480,10,0.0,0.0,809.2267914497147,982.7138197773602,821.3894481756346,0.0,0.0,-2630.830549597565
7,2558,6548480,12,163.16666666666666,163.16666666666666,738.719613024229,520.3167433980852,364.2857509141534,0.22087766967318223,0.313591036108232,-2630.830549597565
7,2558,6548480,14,199.0,199.0,683.9214658340323,1066.2836212918628,656.9564525970758,0.29096908042990344,0.1866295196008922,-2630.830549597565
7,2558,6548480,15,-275.4,275.4,660.730908413806,676.5085822535912,433.70864989086454,0.4168111352035026,0.4070901792296339,-2630.830549597565
7,2558,6548480,20,-264.6,264.6,572.2097517519253,846.1655402780743,632.4407088994674,0.46241784448775736,0.31270476922641505,-2630.830549597565
7,2558,6548480,21,340.76190476190476,340.76190476190476,558.419538476566,1095.5060816110345,503.43413398544953,0.610225612254799,0.3110543250118571,-2630.830549597565
7,2558,6548480,25,-2825.4,2825.4,511.79996092223377,1067.024498793122,497.56284119783516,5.520516248005947,2.6479242071721143,-2630.830549597565
7,2558,6548480,28,-586.6428571428571,586.6428571428571,483.6055062902879,1432.6677370143589,686.7015772069598,1.2130607478871844,0.4094758623973798,-2630.830549597565
7,2558,6548480,30,-545.5,545.5,467.2073058789499,672.3496991703287,433.47700158571683,1.167575920016403,0.811333745925878,-2630.830549597565
7,2558,6548480,35,-1263.8,1263.8,432.5499145433144,907.6937323401216,433.3558867725408,2.921743728314727,1.3923198486143582,-2630.830549597565
7,2558,6548480,49,483.57142857142856,483.57142857142856,365.5714006587384,1094.8479822422669,449.71585263142,1.322782437849517,0.4416790608510473,-2630.830549597565
7,2558,6548480,63,-685.3333333333334,685.3333333333334,322.40367086019194,1052.6134575881879,422.7202660354571,2.1256995353211203,0.6510778751618955,-2630.830549597565
7,2558,6548480,105,1361.6095238095238,1361.6095238095238,249.73280959953217,1051.1731610400893,345.6840510547046,5.45226526699868,1.2953237147553038,-2630.830549597565
7,2558,6548480,210,-548.6047619047619,548.6047619047619,176.58776315259814,1051.1731610400893,345.72492915203037,3.1066974976668433,0.5218976113906312,-2630.830549597565
7,2558,6548480,225,1514.8666666666666,1514.8666666666666,170.59998697407792,997.535625954748,363.17136909070973,8.879641162556743,1.5186090874867528,-2630.830549597565
7,2558,6548480,441,2249.285714285714,2249.285714285714,121.8571335529128,866.0719970203609,251.99803589565062,18.458383589903086,2.5971116974387463,-2630.830549597565
7,2822,7969328,2,0.0,0.0,1996.1623180493114,9.62154830340296,9.62154830340296,0.0,0.0,-2630.7387705382266
7,2822,7969328,3,-388.0,388.0,1629.8597076640267,251.96773390751332,247.2681605289601,0.23805729915005722,1.5398797059563918,-2630.7387705382266
7,2822,7969328,4,-219.5,219.5,1411.4999114417258,732.6840008688159,727.8891245503769,0.15550833423418328,0.2995834489899017,-2630.7387705382266
7,2822,7969328,5,-320.8,320.8,1262.483900887453,413.88358103926294,264.8554948420255,0.2541022501550287,0.7750971884278913,-2630.7387705382266
7,2822,7969328,6,-25.0,25.0,1152.4848516719571,250.1021385472268,247.23939564253098,0.021692259090201033,0.09995916126594516,-2630.7387705382266
7,2822,7969328,7,249.14285714285714,249.14285714285714,1066.9936403612858,672.6927146099042,465.389573410083,0.23349985203144882,0.37036651614004107,-2630.7387705382266
7,2822,7969328,9,945.0,945.0,940.9999409611506,1109.6445019496605,592.9993593132584,1.0042508600316846,0.8516240997361066,-2630.7387705382266
7,2822,7969328,10,102.0,102.0,892.7109274563632,410.417845136486,265.1150034609328,0.11425871114923244,0.2485272051610707,-2630.7387705382266
7,2822,7969328,12,163.16666666666666,163.16666666666666,814.9298538320134,959.1898596801329,607.306986230654,0.20022173184528005,0.17010883196896898,-2630.7387705382266
7,2822,7969328,14,-47.0,47.0,754.4784385823854,672.6927146099042,467.18173793910296,0.06229468941260914,0.06986845401953756,-2630.7387705382266
7,2822,7969328,15,-628.0666666666667,628.0666666666667,728.8954200249398,596.0316501470516,285.0236607258401,0.861669108368354,1.053747173512869,-2630.7387705382266
7,2822,7969328,20,248.4,248.4,631.2419504437265,421.45901548909023,258.4523390940772,0.3935099684445706,0.5893811518345133,-2630.7387705382266
7,2822,7969328,21,218.0952380952381,218.0952380952381,616.0290654862071,712.1224860089133,401.0905431708586,0.35403400637128096,0.30626085031741057,-2630.7387705382266
7,2822,7969328,25,-2875.0,2875.0,564.5999645766904,1620.7947737728828,653.1501169469393,5.092100921677414,1.7738211194422726,-2630.7387705382266
7,2822,7969328,28,-223.64285714285714,223.64285714285714,533.4968201806429,1421.0287880707765,682.2676844161401,0.41920185591196457,0.1573809475362425,-2630.7387705382266
7,2822,7969328,30,793.5,793.5,515.4068942754517,596.0316501470516,283.9676954075306,1.5395603140223528,1.3313051409337566,-2630.7387705382266
7,2822,7969328,35,527.0285714285715,527.0285714285715,477.1740622815596,946.1546300991322,508.98981438694045,1.1044786653084988,0.5570216058376766,-2630.7387705382266
7,2822,7969328,49,-1379.5714285714287,1379.5714285714287,403.28568898335027,1149.3982541154546,561.6820360371808,3.420829120044437,1.2002553715666717,-2630.7387705382266
7,2822,7969328,63,-109.66666666666667,109.66666666666667,355.6645467870952,1062.2958441766095,487.7195902443726,0.30834298120896025,0.10323552263509966,-2630.7387705382266
7,2822,7969328,105,1019.5238095238095,1019.5238095238095,275.49657330856564,842.9633318385459,383.16072653524475,3.7006769168845803,1.209452144614851,-2630.7387705382266
7,2822,7969328,210,-530.7904761904762,530.7904761904762,194.8054951801436,842.9633318385459,383.2408790832984,2.7247202431309,0.6296720819786967,-2630.7387705382266
7,2822,7969328,225,915.1333333333333,915.1333333333333,188.1999881922301,876.6236562258273,355.89634564228976,4.862557867955886,1.0439295435778035,-2630.7387705382266
7,2822,7969328,441,2155.714285714286,2155.714285714286,134.4285629944501,890.8833081798293,288.6438048954149,16.036132780823408,2.4197493273486543,-2630.7387705382266
7,3113,9696995,2,112.5,112.5,2201.930403078172,429.5111096277833,429.5111096277833,0.0510915330669541,0.26192570454695135,-2630.6482911781986
7,3113,9696995,3,-388.0,388.0,1797.868645554137,334.11867645941675,245.8073507298148,0.21581109440863022,1.1612640278345168,-2630.6482911781986
7,3113,9696995,4,-200.0,200.0,1556.9999197174031,372.9052553316578,266.70447333996566,0.12845215819683548,0.5363292609596564,-2630.6482911781986
7,3113,9696995,5,0.0,0.0,1392.6230645799315,514.5913286367431,396.3132769320952,0.0,0.0,-2630.6482911781986
7,3113,9696995,6,171.0,171.0,1271.2851109540036,326.49405747372657,239.0382001051632,0.1345095592849958,0.523746132848867,-2630.6482911781986
7,3113,9696995,7,0.0,0.0,1176.9813082627948,1838.925524007529,932.8056503403226,0.0,0.0,-2630.6482911781986
7,3113,9696995,9,945.0,945.0,1037.9999464782688,769.2683142689057,517.4187031457025,0.9104046712200714,1.2284400416233257,-2630.6482911781986
7,3113,9696995,10,-127.0,127.0,984.7332126012609,518.7502117203549,395.42464951156194,0.12896894140953988,0.24481917718900614,-2630.6482911781986
7,3113,9696995,12,10.166666666666666,10.166666666666666,898.9343227770685,646.662703353446,543.0214127608594,0.01130968793722203,0.015721745840520322,-2630.6482911781986
7,3113,9696995,14,405.42857142857144,405.42857142857144,832.2514644024365,1843.777554271277,932.6366390606744,0.48714672039618767,0.2198901762793237,-2630.6482911781986
7,3113,9696995,15,-275.4,275.4,804.031301214905,1027.6053053562064,628.930886659928,0.34252397833749243,0.2680017303964152,-2630.6482911781986
7,3113,9696995,20,-216.5,216.5,696.3115322899657,768.6692080779467,463.1132760849588,0.3109240475854171,0.28165561690880936,-2630.6482911781986
7,3113,9696995,21,621.4285714285714,621.4285714285714,679.5304751566825,1152.3595716935815,500.05233706749937,0.9144969860038812,0.5392662036167063,-2630.6482911781986
7,3113,9696995,25,-2212.2,2212.2,622.7999678869612,1733.5300739120576,881.8879767888756,3.5520233045379928,1.2761243853172548,-2630.6482911781986
7,3113,9696995,28,-447.42857142857144,447.42857142857144,588.4906541313974,1028.2804997419007,609.9037412216161,0.7602985167011169,0.43512307346183887,-2630.6482911781986
7,3113,9696995,30,592.6333333333333,592.6333333333333,568.535985375303,1027.6053053562064,626.9348706897406,1.042384912438081,0.5767129950033729,-2630.6482911781986
7,3113,9696995,35,0.0,0.0,526.3620427044489,1422.3085779952235,685.2329899176492,0.0,0.0,-2630.6482911781986
7,3113,9696995,49,-1175.5714285714287,1175.5714285714287,444.857119919258,1218.6229545520619,603.5151672660837,2.642582024504398,0.9646719883128593,-2630.6482911781986
7,3113,9696995,63,1301.0,1301.0,392.32710275426496,1437.9693473340012,468.2216463331412,3.3161104365886356,0.9047480757584,-2630.6482911781986
7,3113,9696995,105,717.1428571428571,717.1428571428571,303.89526704661483,1467.2529281784373,498.22605334457126,2.3598355581920063,0.48876566771154745,-2630.6482911781986
7,3113,9696995,210,-557.2952380952381,557.2952380952381,214.88640409915809,1467.2529281784373,498.19224848160115,2.59344112733199,0.37982220201605466,-2630.6482911781986
7,3113,9696995,225,542.8666666666667,542.8666666666667,207.59998929565376,947.6431860554003,417.1965943830027,2.614964810492078,0.5728597795615132,-2630.6482911781986
7,3113,9696995,441,218.52380952380952,218.52380952380952,148.2857066397527,1030.9958705582685,332.7504390736227,1.4736673849131947,0.21195410744514642,-2630.6482911781986
8,3114,9703224,2,0.0,0.0,2202.6375098958065,24.24224317073822,24.24224317073822,0.0,0.0,-12840.375603546407
8,3114,9703224,3,0.0,0.0,1798.4459958530865,34.95760168042034,25.74032243977564,0.0,0.0,-12840.375603546407
8,3114,9703224,4,-1337.0,1337.0,1557.4999197431762,250.70871003251523,238.8952886526706,0.8584270105262441,5.332882131724103,-12840.375603546407
8,3114,9703224,5,680.6,680.6,1393.0702781984835,768.7436947538517,453.6953631392117,0.4885611376908787,0.8853405948492691,-12840.375603546407
8,3114,9703224,6,0.0,0.0,1271.693359265511,27.332982694730163,23.32682246357977,0.0,0.0,-12840.375603546407
8,3114,9703224,7,-142.42857142857142,142.42857142857142,1177.3592727552864,1944.0086761342827,932.0219798536759,0.12097290497849175,0.07326539905768051,-12840.375603546407
8,3114,9703224,9,1108.3333333333333,1108.3333333333333,1038.333279828784,696.3619690134656,500.02641629504495,1.067415785340225,1.5916052034023433,-12840.375603546407
8,3114,9703224,10,-1266.5,1266.5,985.0494403835779,772.9025778374635,453.80081385295983,1.2857222674090605,1.6386282518860185,-12840.375603546407
8,3114,9703224,12,748.6666666666666,748.6666666666666,899.2229979265433,636.2116309525445,521.6399538194637,0.8325706397556177,1.1767572773634347,-12840.375603546407
8,3114,9703224,14,-2208.5,2208.5,832.518725658125,1948.8607063980307,932.2162081482163,2.652793182824963,1.1332261935137713,-12840.375603546407
8,3114,9703224,15,3783.3333333333335,3783.3333333333335,804.2895001179612,1114.4610136423726,615.5442244738906,4.703944702471499,3.39476508107568,-12840.375603546407
8,3114,9703224,20,-2272.1,2272.1,696.5351390992417,813.2160350529011,485.6727412789563,3.262003411541127,2.793968517667259,-12840.375603546407
8,3114,9703224,21,5285.333333333333,5285.333333333333,679.7486930581667,1237.0771096237004,499.77280413616313,7.775422575003115,4.2724364489623845,-12840.375603546407
8,3114,9703224,25,228.2,228.2,622.9999678972705,1819.7535736287246,870.9668671581397,0.3662921537062246,0.1254015946483084,-12840.375603546407
8,3114,9703224,28,2502.0,2502.0,588.6796363776432,1048.647171889781,622.3271804481128,4.250189484038725,2.3859311950378053,-12840.375603546407
8,3114,9703224,30,-904.3333333333334,904.3333333333334,568.7185595705489,1114.4610136423726,613.7412986755703,1.5901245319235127,0.8114535387628475,-12840.375603546407
8,3114,9703224,35,-27.228571428571428,27.228571428571428,526.5310735641074,1376.1844656401663,673.701987179699,0.05171313298616978,0.019785553541984927,-12840.375603546407
8,3114,9703224,49,-1673.142857142857,1673.142857142857,444.9999770694789,1222.1435363195778,594.0035951650929,3.759871782828486,1.3690232017930075,-12840.375603546407
8,3114,9703224,63,-6537.666666666667,6537.666666666667,392.45309091842887,1417.9460131672677,463.0619391498937,16.65846649689279,4.610659789552547,-12840.375603546407
8,3114,9703224,105,3644.790476190476,3644.790476190476,303.99285705894005,1436.1472921185195,492.8017723254901,11.98972407264096,2.537894613033665,-12840.375603546407
8,3114,9703224,210,3679.8238095238094,3679.8238095238094,214.95541065864933,1436.1472921185195,492.7834024610428,17.119009929772808,2.5622885825976462,-12840.375603546407
8,3114,9703224,225,2890.2,2890.2,207.66665596575683,927.9100076668547,417.2495923633912,13.917496704317225,3.11474170568237,-12840.375603546407
8,3114,9703224,441,-604.3333333333334,604.3333333333334,148.3333256898263,1055.714124526523,332.62971286325563,4.074157513309112,0.5724403219520916,-12840.375603546407
8,3457,11957763,2,-388.0,388.0,2445.175147100919,923.8484527673572,923.8484527673572,0.15867983954442927,0.41998230211649856,-12837.570132113695
8,3457,11957763,3,0.0,0.0,1996.4771473773499,711.6632143771276,525.2265409256075,0.0,0.0,-12837.570132113695
8,3457,11957763,4,-333.5,333.5,1728.9999277038735,1922.2857503406703,1531.6754785707858,0.19288606937242087,0.17349137605628956,-12837.570132113695
8,3457,11957763,5,-668.8,668.8,1546.4645485752333,723.1935945479199,501.6567780306149,0.432470308237049,0.9247869519890836,-12837.570132113695
8,3457,11957763,6,-55.666666666666664,55.666666666666664,1411.7225293944982,703.3454482099041,518.0588923111115,0.0394317335790785,0.07914555615358683,-12837.570132113695
8,3457,11957763,7,-142.42857142857142,142.42857142857142,1307.001093015173,1364.450133800041,807.2324942322981,0.10897356719113162,0.10438532556107633,-12837.570132113695
8,3457,11957763,9,0.0,0.0,1152.666618469249,934.9599037268199,540.2329444797044,0.0,0.0,-12837.570132113695
8,3457,11957763,10,85.6,85.6,1093.5155691621405,719.0347114652395,499.9276654478307,0.07827963534674438,0.11904849464856214,-12837.570132113695
8,3457,11957763,12,-259.8333333333333,259.8333333333333,998.2385736886749,988.5374425179325,790.2736398726215,0.2602918181905167,0.2628462232765855,-12837.570132113695
8,3457,11957763,14,313.92857142857144,313.92857142857144,924.1893358892585,1364.450133800041,805.2993768673266,0.3396799327126061,0.23007698387208148,-12837.570132113695
8,3457,11957763,15,2654.3333333333335,2654.3333333333335,892.851723412124,882.6908839147072,432.41592773369956,2.9728713780038727,3.0070927226091264,-12837.570132113695
8,3457,11957763,20,-2610.8,2610.8,773.2322742876166,1596.8101136481855,907.1150926542841,3.3764757199320803,1.635009684423392,-12837.570132113695
8,3457,11957763,21,5285.333333333333,5285.333333333333,754.5974328834452,908.042436609976,675.545996153166,7.004176138178969,5.820579656018322,-12837.570132113695
8,3457,11957763,25,-2870.2,2870.2,691.5999710815495,1412.7964336589212,627.1173307220841,4.1500869288809765,2.031573644737078,-12837.570132113695
8,3457,11957763,28,4881.642857142857,4881.642857142857,653.5005465075865,1243.5054935322842,596.8558622976034,7.469990473965405,3.925710728688565,-12837.570132113695
8,3457,11957763,30,-48.03333333333333,48.03333333333333,631.3415082188086,882.6908839147072,430.8039410239034,0.07608138021662607,0.05441693599497364,-12837.570132113695
8,3457,11957763,35,3560.342857142857,3560.342857142857,584.5086581296905,1285.6924252474564,573.2925937626901,6.091172145396843,2.769202639159673,-12837.570132113695
8,3457,11957763,49,-1673.142857142857,1673.142857142857,493.9999793439639,1556.3288482449134,704.9067274657622,3.3869290022335727,1.075057407712821,-12837.570132113695
8,3457,11957763,63,-371.6666666666667,371.6666666666667,435.6670310050577,1124.533934004372,553.759108112959,0.8530979858844356,0.3305072932243072,-12837.570132113695
8,3457,11957763,105,5899.07619047619,5899.07619047619,337.46623111484377,1200.3877513184852,525.8515664626976,17.480493295545962,4.9143088839391655,-12837.570132113695
8,3457,11957763,210,3387.195238095238,3387.195238095238,238.6246604427727,1200.3877513184852,525.8126701686402,14.194657131455866,2.821750917047263,-12837.570132113695
8,3457,11957763,225,1386.1333333333334,1386.1333333333334,230.5333236938498,980.9685316380637,444.1373842086538,6.012724369402361,1.4130252792296079,-12837.570132113695
8,3457,11957763,441,11331.095238095239,11331.095238095239,164.6666597813213,1200.0155944649669,366.0465073550182,68.812322136995,9.44245665669642,-12837.570132113695
8,3838,14737920,2,0.0,0.0,2714.5828408799757,15.590461565181613,15.590461565181613,0.0,0.0,-12837.221592102005
8,3838,14737920,3,0.0,0.0,2216.4476082235738,507.44567099399865,499.44713894657275,0.0,0.0,-12837.221592102005
8,3838,14737920,4,-1337.0,1337.0,1919.4999348788735,989.5897167250514,981.8254316282092,0.6965355797651376,1.3510649690506773,-12837.221592102005
8,3838,14737920,5,0.0,0.0,1716.8529348782324,1059.4120684121735,726.0839121616832,0.0,0.0,-12837.221592102005
8,3838,14737920,6,0.0,0.0,1567.2651339195932,515.7634371612221,499.98580317979304,0.0,0.0,-12837.221592102005
8,3838,14737920,7,-1053.5714285714287,1053.5714285714287,1451.0055626554788,1455.441969086416,870.0438673867923,0.7260974428266783,0.7238841884110004,-12837.221592102005
8,3838,14737920,9,802.6666666666666,802.6666666666666,1279.6666232525824,1033.2522690896876,650.0632493692473,0.627246700102637,0.7768351356961735,-12837.221592102005
8,3838,14737920,10,0.0,0.0,1213.9983525524242,1062.8778043151833,725.8645836758305,0.0,0.0,-12837.221592102005
8,3838,14737920,12,748.6666666666666,748.6666666666666,1108.2238041117869,1139.0615511187352,684.5560640326648,0.6755554824656594,0.657266208249554,-12837.221592102005
8,3838,14737920,14,-940.5,940.5,1026.015872893091,1449.8967916416004,868.1765965260175,0.9166524854513615,0.6486668605805715,-12837.221592102005
8,3838,14737920,15,0.0,0.0,991.2255041109465,953.3354620814789,570.1849062163151,0.0,0.0,-12837.221592102005
8,3838,14737920,20,-2561.6,2561.6,858.4264674391162,1911.2635634508915,1028.614245212358,2.9840645613384247,1.3402651779615837,-12837.221592102005
8,3838,14737920,21,2822.3333333333335,2822.3333333333335,837.7384521947852,1594.7763160474133,716.6771279185316,3.368991032868459,1.769736172360754,-12837.221592102005
8,3838,14737920,25,-216.6,216.6,767.7999739515494,1260.9112506331876,637.6540543393799,0.28210472434018097,0.17178052768680643,-12837.221592102005
8,3838,14737920,28,2402.5,2402.5,725.5027813277394,930.2274250336923,645.4265625209808,3.3114966087424165,2.5827017515775594,-12837.221592102005
8,3838,14737920,30,0.0,0.0,700.9022756419043,956.8011979844887,571.1149124646711,0.0,0.0,-12837.221592102005
8,3838,14737920,35,4246.0,4246.0,648.9094147655962,1545.5564174585743,792.2260763354499,6.543286171204298,2.7472306750095106,-12837.221592102005
8,3838,14737920,49,748.4285714285714,748.4285714285714,548.4285528225353,1572.8089156034985,772.207579668694,1.3646783479392506,0.4758547360735133,-12837.221592102005
8,3838,14737920,63,943.0,943.0,483.66852088515964,1416.9195574409096,698.4938442035275,1.9496823946165027,0.6655282546195826,-12837.221592102005
8,3838,14737920,105,1038.8666666666666,1038.8666666666666,374.6480252945995,1375.6084588335361,606.5836616651142,2.772913765793287,0.7552052039194249,-12837.221592102005
8,3838,14737920,210,724.3,724.3,264.9161592439605,1376.3016060140799,606.5551612734256,2.7340725536224997,0.5262654616073958,-12837.221592102005
8,3838,14737920,225,-60.333333333333336,60.333333333333336,255.93332465051648,1254.944971624529,509.22818166244815,0.23573848155850766,0.04807647721416159,-12837.221592102005
8,3838,14737920,441,3265.2380952380954,3265.2380952380954,182.80951760751176,1307.9431540345977,409.5937922161277,17.86142285134461,2.4964678970686545,-12837.221592102005
8,4261,18164643,2,-388.0,388.0,3013.6890184622566,330.2362779863179,330.2362779863179,0.12874586515830294,1.174916342825531,-12836.996245540462
8,4261,18164643,3,0.0,0.0,2460.6667795538674,472.049611736089,348.4950053984325,0.0,0.0,-12836.996245540462
8,4261,18164643,4,-333.5,333.5,2130.999941342092,701.3722847793251,561.0993750912862,0.15649930041291488,0.4754964050296486,-12836.996245540462
8,4261,18164643,5,-668.8,668.8,1906.024291555593,1616.7764211390167,990.3938121390133,0.3508874482675989,0.4136626383559152,-12836.996245540462
8,4261,18164643,6,-55.666666666666664,55.666666666666664,1739.954166063003,463.7318455670029,344.62998333743445,0.03199317990807983,0.12004063813776532,-12836.996245540462
8,4261,18164643,7,0.0,0.0,1610.8845396241159,817.7746065417305,481.0362845817304,0.0,0.0,-12836.996245540462
8,4261,18164643,9,802.6666666666666,802.6666666666666,1420.6666275613948,611.5508319549263,347.30286020315594,0.5649929766031468,1.3125101377113757,-12836.996245540462
8,4261,18164643,10,85.6,85.6,1347.762701665245,1620.9353042216972,990.0552343679118,0.06351266428002188,0.052809016977455124,-12836.996245540462
8,4261,18164643,12,-259.8333333333333,259.8333333333333,1230.3333897769337,453.1467702332884,321.87930425517277,0.21118936988326598,0.5733977386610661,-12836.996245540462
8,4261,18164643,14,-1894.5714285714287,1894.5714285714287,1139.0673816767821,812.2294290978462,480.844680057355,1.6632654565022262,2.3325569853775847,-12836.996245540462
8,4261,18164643,15,2654.3333333333335,2654.3333333333335,1100.4436378115872,1566.3493653675541,799.5875231068023,2.4120575031102103,1.6945985308395595,-12836.996245540462
8,4261,18164643,20,-2610.8,2610.8,953.0121457777965,1329.0681341812015,815.2031727528947,2.7395243718213136,1.9643838663007558,-12836.996245540462
8,4261,18164643,21,0.0,0.0,930.0446225853897,1784.5897756936029,896.7342799580134,0.0,0.0,-12836.996245540462
8,4261,18164643,25,1342.2,1342.2,852.3999765368368,1238.4967042173957,643.4229912619052,1.5746129011560295,1.0837332028655937,-12836.996245540462
8,4261,18164643,28,2616.1428571428573,2616.1428571428573,805.4422698120579,773.1257471314166,407.5888906734788,3.2480823954686517,3.3838516785267054,-12836.996245540462
8,4261,18164643,30,-48.03333333333333,48.03333333333333,778.1311586101664,1570.5082484511659,800.9740435039345,0.061729096440664974,0.030584578833446924,-12836.996245540462
8,4261,18164643,35,-2186.8571428571427,2186.8571428571427,720.4094669005954,1906.6514956759056,816.5495716684422,3.035575243431515,1.1469621731169621,-12836.996245540462
8,4261,18164643,49,-1759.5714285714287,1759.5714285714287,608.8571260977405,2213.237689634494,857.7241689367875,2.889957845855881,0.7950214460978269,-12836.996245540462
8,4261,18164643,63,-4596.0,4596.0,536.9615132080387,1343.0481082382612,679.9595589872815,8.55927266097997,3.4220665453516683,-12836.996245540462
8,4261,18164643,105,6194.809523809524,6194.809523809524,415.92859964181355,1381.6402360591455,692.5447649236505,14.893925373596156,4.483663230219024,-12836.996245540462
8,4261,18164643,210,-3702.004761904762,3702.004761904762,294.10593329615097,1381.6402360591455,692.6416550945869,12.587317502965897,2.679427440868395,-12836.996245540462
8,4261,18164643,225,-488.6666666666667,488.6666666666667,284.133325512279,1253.3325099285867,519.693241884568,1.7198498830984494,0.3898938731705845,-12836.996245540462
8,4261,18164643,441,211.1904761904762,211.1904761904762,202.95237536591353,1447.632455475672,435.8393591772866,1.0405913003467429,0.14588680669022575,-12836.996245540462
8,4730,22382360,2,0.0,0.0,3345.322107062338,1048.6391352079809,1048.6391352079809,0.0,0.0,-12836.820659399214
8,4730,22382360,3,62.333333333333336,62.333333333333336,2731.444062518335,633.0389515440911,535.4119418990454,0.022820651606485137,0.0984668213248041,-12836.820659399214
8,4730,22382360,4,-1337.0,1337.0,2365.4999471570486,1003.4903487693518,710.2926484984569,0.5652082138521539,1.3323496350908144,-12836.820659399214
8,4730,22382360,5,0.0,0.0,2115.7674730461285,693.4185159765184,425.0997220425816,0.0,0.0,-12836.820659399214
8,4730,22382360,6,56.5,56.5,1931.4226190384468,641.3567177113146,543.5587984939596,0.029253048733647098,0.08809450098475713,-12836.820659399214
8,4730,22382360,7,0.0,0.0,1788.1498818611376,1522.7143771862611,797.085587712116,0.0,0.0,-12836.820659399214
8,4730,22382360,9,1447.3333333333333,1447.3333333333333,1576.9999647713657,2675.2791146500967,1315.289761061598,0.9177763891346493,0.5410027407636051,-12836.820659399214
8,4730,22382360,10,0.0,0.0,1496.0735276048433,697.5773990601301,427.6757281765059,0.0,0.0,-12836.820659399214
8,4730,22382360,12,411.1666666666667,411.1666666666667,1365.7220312591676,1334.1807244606316,954.3602955892333,0.3010617514074804,0.3081791387991224,-12836.820659399214
8,4730,22382360,14,0.0,0.0,1264.4129072419341,1528.2595546310768,797.3382841756026,0.0,0.0,-12836.820659399214
8,4730,22382360,15,1860.2,1860.2,1221.5389201058365,1278.6409714436159,695.6984032353564,1.5228331814747489,1.4548258983910005,-12836.820659399214
8,4730,22382360,20,-2561.6,2561.6,1057.8837365230643,846.8446746855043,447.543963323372,2.421438114191248,3.024875843909995,-12836.820659399214
8,4730,22382360,21,3451.4285714285716,3451.4285714285716,1032.3888156439252,1596.1272626665886,639.3826324266598,3.343147968215671,2.1623768055076025,-12836.820659399214
8,4730,22382360,25,-811.4,811.4,946.1999788628194,2034.0183593903203,898.6135332445322,0.8575354239335036,0.3989147867097966,-12836.820659399214
8,4730,22382360,28,5003.0,5003.0,894.0749409305688,1510.9805439547636,763.3775669281321,5.595727797485064,3.3110949178110545,-12836.820659399214
8,4730,22382360,30,-1064.3,1064.3,863.7584538901293,1282.7998545272276,697.5008398820835,1.232173178979247,0.8296695671143842,-12836.820659399214
8,4730,22382360,35,0.0,0.0,799.6849379599444,1494.5302276929142,738.005824839043,0.0,0.0,-12836.820659399214
8,4730,22382360,49,0.0,0.0,675.8571277591568,2168.77186251909,842.3129977385506,0.0,0.0,-12836.820659399214
8,4730,22382360,63,-6527.761904761905,6527.761904761905,596.0499606203791,1772.749389322591,793.943977245141,10.951702602190757,3.682281288082302,-12836.820659399214
8,4730,22382360,105,5272.857142857143,5272.857142857143,461.69831419806303,1870.134409632592,744.9795910097166,11.420568325045153,2.8195070448936623,-12836.820659399214
8,4730,22382360,210,2892.942857142857,2892.942857142857,326.4700088318476,1870.134409632592,745.0660960067268,8.861282135820638,1.54691707838861,-12836.820659399214
8,4730,22382360,225,-1573.3333333333333,1573.3333333333333,315.39999295427316,2006.800431062613,630.3311047740497,4.988374662270319,0.784000894648126,-12836.820659399214
8,4730,22382360,441,-8.333333333333334,8.333333333333334,225.28570925305226,1585.5891003010329,481.4688855541818,0.03699006635158076,0.005255670168110517,-12836.820659399214
8,5251,27583503,2,-388.0,388.0,3713.724747473889,113.08978120610118,113.08978120610118,0.1044773176213238,3.4309023844770463,-12836.671409971508
8,5251,27583503,3,0.0,0.0,3032.243558819113,1745.1500887535512,1689.6271836540502,0.0,0.0,-12836.671409971508
8,5251,27583503,4,-333.5,333.5,2625.9999523990855,114.09908892773092,80.68339604308564,0.12699924068746382,2.9228980102657536,-12836.671409971508
8,5251,27583503,5,-668.8,668.8,2348.7657609902267,1382.58489029482,953.015014734545,0.2847452952132773,0.48373159919127,-12836.671409971508
8,5251,27583503,6,-55.666666666666664,55.666666666666664,2144.1199826502248,1753.4678549207747,1689.9256074964765,0.025962477434616445,0.03174661372345591,-12836.671409971508
8,5251,27583503,7,-6002.714285714285,6002.714285714285,1985.0693762615524,575.2270383415744,398.27180577874617,3.0239317363401654,10.43538270214243,-12836.671409971508
8,5251,27583503,9,802.6666666666666,802.6666666666666,1750.6666349327238,2453.4463672591373,1150.4973645497194,0.45849201135744055,0.3271588396543447,-12836.671409971508
8,5251,27583503,10,85.6,85.6,1660.8281970149712,1386.7437733775005,953.1468684881129,0.05154055076488346,0.061727336832755976,-12836.671409971508
8,5251,27583503,12,-259.8333333333333,259.8333333333333,1516.1217794095564,1988.478308107704,1419.4848907206256,0.171380252471885,0.13066943314086166,-12836.671409971508
8,5251,27583503,14,-256.07142857142856,256.07142857142856,1403.6560170802939,575.2270383415744,398.65209647221525,0.18243175354605445,0.44516584149052346,-12836.671409971508
8,5251,27583503,15,2654.3333333333335,2654.3333333333335,1356.0605443710838,1592.4989930433221,859.7205789818496,1.957385563905161,1.6667723778341663,-12836.671409971508
8,5251,27583503,20,-2610.8,2610.8,1174.3828804951133,1398.4274718170054,673.6926992473383,2.223125050068255,1.8669541700348138,-12836.671409971508
8,5251,27583503,21,3243.3333333333335,3243.3333333333335,1146.08033874469,1193.0638181883842,627.9897508276545,2.8299354100130363,2.7184910680286953,-12836.671409971508
8,5251,27583503,25,-2292.0,2292.0,1050.3999809596344,2382.0574148262385,1146.2258363167462,2.1820259344502775,0.9621934323389061,-12836.671409971508
8,5251,27583503,28,1400.142857142857,1400.142857142857,992.5346881307762,1729.5634488170035,910.013231794491,1.410673978336941,0.809535410857887,-12836.671409971508
8,5251,27583503,30,-48.03333333333333,48.03333333333333,958.8796066243144,1596.6578761269338,859.2102919372853,0.05009318479765377,0.0300836729342728,-12836.671409971508
8,5251,27583503,35,-3431.457142857143,3431.457142857143,887.7500130747877,1782.7904998636805,626.4750355676629,3.865341697908894,1.9247674604052054,-12836.671409971508
8,5251,27583503,49,-2731.5714285714284,2731.5714285714284,750.285700685453,2832.7947850313503,951.0117335504358,3.640708367593697,0.964267317563986,-12836.671409971508
8,5251,27583503,63,-4179.0,4179.0,661.6897920871842,1929.0980421622517,905.1071995159625,6.315648284097112,2.1662973621164014,-12836.671409971508
8,5251,27583503,105,1710.4761904761904,1710.4761904761904,512.5427090218225,1994.6064412835985,727.2381084229031,3.337236410484894,0.8575507203192624,-12836.671409971508
8,5251,27583503,210,-13.17142857142857,13.17142857142857,362.4224251970541,1993.220146922511,727.1439835477746,0.03634275269877983,0.006608115311178734,-12836.671409971508
8,5251,27583503,225,1374.3333333333333,1374.3333333333333,350.1333269865448,2320.146264322393,777.6599287778818,3.925171434440879,0.5923477129295175,-12836.671409971508
8,5251,27583503,441,-1563.3809523809523,1563.3809523809523,250.09523356181768,1607.3256491921056,504.8154207274324,6.2511425352475625,0.9726597427016477,-12836.671409971508
8,5830,34000560,2,0.0,0.0,4123.139580465352,1776.755079858005,1776.755079858005,0.0,0.0,-12836.538248269442
8,5830,34000560,3,0.0,0.0,3366.5293701377386,1731.1389225162566,1224.5409396441398,0.0,0.0,-12836.538248269442
8,5830,34000560,4,-1337.0,1337.0,2915.499957125707,1287.2242463342845,973.8035467557387,0.4585834401171122,1.0386690615931646,-12836.538248269442
8,5830,34000560,5,0.0,0.0,2607.7024370123213,1870.1838747281581,1154.9415576722572,0.0,0.0,-12836.538248269442
8,5830,34000560,6,0.0,0.0,2380.495746688072,1722.1280091702938,1218.027122245134,0.0,0.0,-12836.538248269442
8,5830,34000560,7,-142.42857142857142,142.42857142857142,2203.910809706885,2572.9710117746145,1483.7346019467097,0.06462537903133841,0.05535568445069127,-12836.538248269442
8,5830,34000560,9,1108.3333333333333,1108.3333333333333,1943.6666380838046,1493.394522285089,908.7171276512867,0.5702280996220637,0.7421570903028614,-12836.538248269442
8,5830,34000560,10,0.0,0.0,1843.9240765280983,1865.331844465807,1153.066987691216,0.0,0.0,-12836.538248269442
8,5830,34000560,12,748.6666666666666,748.6666666666666,1683.2646850688693,1325.7231930680573,923.1182450749459,0.4447706135033871,0.5647232171702928,-12836.538248269442
8,5830,34000560,14,-2208.5,2208.5,1558.400278674073,2572.9710117746145,1482.5505268156285,1.417158370812824,0.8583462424929407,-12836.538248269442
8,5830,34000560,15,0.0,0.0,1505.557703975507,2218.773042820394,892.5010327167087,0.0,0.0,-12836.538248269442
8,5830,34000560,20,-2561.6,2561.6,1303.8512185061606,1948.537966796197,974.6233684934359,1.9646413360988062,1.3146266809529017,-12836.538248269442
8,5830,34000560,21,5285.333333333333,5285.333333333333,1272.4284992541961,1973.276042163372,1141.0665250122315,4.153736996955983,2.6784561411584544,-12836.538248269442
8,5830,34000560,25,-811.4,811.4,1166.1999828502828,2201.3723997652996,1095.7047118592545,0.695764030125327,0.36858824980567023,-12836.538248269442
8,5830,34000560,28,2502.0,2502.0,1101.9554048534426,1861.7077531358227,1007.3512474895908,2.270509304623593,1.3439273676470875,-12836.538248269442
8,5830,34000560,30,0.0,0.0,1064.5900619487297,2213.9210125561804,891.1874490160197,0.0,0.0,-12836.538248269442
8,5830,34000560,35,4169.2,4169.2,985.6188773702396,2227.406232295092,871.6606085252544,4.230032617804533,1.871773518252262,-12836.538248269442
8,5830,34000560,49,-1673.142857142857,1673.142857142857,832.999987750202,2419.082786402898,1017.1533267300459,2.0085748880522134,0.691643488411064,-12836.538248269442
8,5830,34000560,63,-6537.666666666667,6537.666666666667,734.6369365689616,3177.173231595196,1105.0750285960416,8.899180453953345,2.057699152710107,-12836.538248269442
8,5830,34000560,105,127.26666666666667,127.26666666666667,569.0473241680846,2121.7397974188207,979.6392933309974,0.22364865145921461,0.05998222158131338,-12836.538248269442
8,5830,34000560,210,-2156.0333333333333,2156.0333333333333,402.37722173531216,2121.7397974188207,979.5504188921013,5.358239027634606,1.0161629319279546,-12836.538248269442
8,5830,34000560,225,318.8,318.8,388.73332761676096,2141.7845941966516,808.6930240446885,0.8200994804188596,0.14884783505484905,-12836.538248269442
8,5830,34000560,441,-604.3333333333334,604.3333333333334,277.6666625834007,1495.5817073813523,592.7948749483866,2.176470620241687,0.40407911540418223,-12836.538248269442
8,6472,41899728,2,0.0,0.0,4577.10214000081,1120.0629311650991,1120.0629311650991,0.0,0.0,-12836.416013707361
8,6472,41899728,3,0.0,0.0,3737.18824786764,856.5141272731125,633.8465547214057,0.0,0.0,-12836.416013707361
8,6472,41899728,4,-1337.0,1337.0,3236.4999613780315,2198.6512316539884,1731.6783714255123,0.41310057653476207,0.6081000846115141,-12836.416013707361
8,6472,41899728,5,-668.8,668.8,2894.813569126689,2316.594434544444,1390.388148755608,0.2310338762857756,0.2886996489446021,-12836.416013707361
8,6472,41899728,6,0.0,0.0,2642.59115263788,847.5032139271498,626.0347179158495,0.0,0.0,-12836.416013707361
8,6472,41899728,7,-6002.714285714285,6002.714285714285,2446.5640045932637,1679.7212175065652,1010.8477247291099,2.4535284073682857,3.573637234055373,-12836.416013707361
8,6472,41899728,9,0.0,0.0,2157.666640918688,2385.969184651971,1438.9712186004144,0.0,0.0,-12836.416013707361
8,6472,41899728,10,-1600.0,1600.0,2046.9423050003143,2312.4355514608324,1389.50984612866,0.7816536871075878,0.6919111752062598,-12836.416013707361
8,6472,41899728,12,748.6666666666666,748.6666666666666,1868.59412393382,1754.3364363126457,1191.8398967688597,0.4006577228716482,0.4267520477658508,-12836.416013707361
8,6472,41899728,14,-1638.5,1638.5,1729.9819982548124,1679.7212175065652,1011.6570592611829,0.9471196819694665,0.9754594887074444,-12836.416013707361
8,6472,41899728,15,2654.3333333333335,2654.3333333333335,1671.3213933890754,1470.1789002129808,756.3437379359233,1.5881645169101344,1.8054492095817778,-12836.416013707361
8,6472,41899728,20,-422.6,422.6,1447.4067845633444,2164.919945289381,1377.7816061093217,0.2919704429377057,0.1952035228459738,-12836.416013707361
8,6472,41899728,21,3243.3333333333335,3243.3333333333335,1412.52438664157,2029.5831719348207,794.3932803351394,2.2961255494106623,1.5980292792048691,-12836.416013707361
8,6472,41899728,25,-2292.0,2292.0,1294.5999845512126,3513.4769553202204,1202.5547149349252,1.7704310422918375,0.6523452492065956,-12836.416013707361
8,6472,41899728,28,4014.5,4014.5,1223.2820022966318,2728.836225079838,1485.607225701241,3.2817453313815124,1.471139954499302,-12836.416013707361
8,6472,41899728,30,-901.1666666666666,901.1666666666666,1181.8026908075647,1470.1789002129808,756.5668614648475,0.7625356361736406,0.6129639505342629,-12836.416013707361
8,6472,41899728,35,-3431.457142857143,3431.457142857143,1094.1366851149292,2368.1489201730583,1030.0372002281256,3.13622346233341,1.4490039514096018,-12836.416013707361
8,6472,41899728,49,-2501.0,2501.0,924.7142746794376,3122.2758558470523,1332.811475995472,2.704619219668691,0.8010182685544598,-12836.416013707361
8,6472,41899728,63,-32.0,32.0,815.5213348644213,3635.6100393387023,1177.8885971530292,0.039238703675753536,0.008801824082821772,-12836.416013707361
8,6472,41899728,105,1710.4761904761904,1710.4761904761904,631.7001096813492,2357.232210451737,1124.5624109752966,2.7077345155741894,0.7256290588988672,-12836.416013707361
8,6472,41899728,210,-286.76190476190476,286.76190476190476,446.67943123196784,2355.8459160906496,1124.503316640544,0.6419859181135759,0.12172354006825911,-12836.416013707361
8,6472,41899728,225,-4247.866666666667,4247.866666666667,431.5333281837375,2379.6253311255714,891.9156883185628,9.843658390292434,1.7850989444029033,-12836.416013707361
8,6472,41899728,441,-2470.7619047619046,2470.7619047619046,308.2380915598125,1894.1813551475352,695.9532000173122,8.015757858669657,1.3043956419735006,-12836.416013707361
8,7186,51652968,2,0.0,0.0,5081.976387194258,789.929026208818,789.929026208818,0.0,0.0,-12836.301104191689
8,7186,51652968,3,0.0,0.0,4149.416344499549,1771.2773210667074,1431.9491667955363,0.0,0.0,-12836.301104191689
8,7186,51652968,4,-1337.0,1337.0,3593.4999652149713,1274.6403214000165,964.275114071626,0.37206066869128734,1.0489233531632594,-12836.301104191689
8,7186,51652968,5,-668.8,668.8,3214.124079745522,3812.961960557848,2098.589557173268,0.20808157476389402,0.17540169739908773,-12836.301104191689
8,7186,51652968,6,0.0,0.0,2934.0804351619263,1762.959554899484,1429.9180486493603,0.0,0.0,-12836.301104191689
8,7186,51652968,7,-6002.714285714285,6002.714285714285,2716.430641222306,2920.7952868994325,1676.2934384961022,2.209780067498156,2.055164328920313,-12836.301104191689
8,7186,51652968,9,802.6666666666666,802.6666666666666,2395.6666434766476,1530.1242801416665,1006.7607207520376,0.33504939798377703,0.5245761256676168,-12836.301104191689
8,7186,51652968,10,-1600.0,1600.0,2272.7289323630303,3808.8030774742365,2098.293681612825,0.7039994859116031,0.4200794757446535,-12836.301104191689
8,7186,51652968,12,748.6666666666666,748.6666666666666,2074.7081722497746,2340.9462073575705,1320.7066734302457,0.36085396330936825,0.3198136993979677,-12836.301104191689
8,7186,51652968,14,-1638.5,1638.5,1920.806527031214,2915.250109454617,1676.4554474984445,0.8530270888512935,0.5620444004739372,-12836.301104191689
8,7186,51652968,15,2654.3333333333335,2654.3333333333335,1855.6754026499354,3717.1764378855005,1645.0717949220827,1.430386655738876,0.7140724627113044,-12836.301104191689
8,7186,51652968,20,-422.6,422.6,1607.062039872761,2286.6657982291654,1448.5283908987487,0.2629643346148972,0.18481056581476357,-12836.301104191689
8,7186,51652968,21,3243.3333333333335,3243.3333333333335,1568.331961944646,2576.4316120697185,1344.1336251536657,2.0680145607131397,1.258847049593478,-12836.301104191689
8,7186,51652968,25,1342.2,1342.2,1437.3999860859885,2655.6687593758106,1305.0948119866032,0.9337693147297044,0.5054094172179332,-12836.301104191689
8,7186,51652968,28,4014.5,4014.5,1358.215320611153,4136.368154917844,1872.9339704575307,2.9557169169565873,0.9705374013256167,-12836.301104191689
8,7186,51652968,30,-901.1666666666666,901.1666666666666,1312.1606608948464,3713.0175548018888,1644.596979620504,0.6867807376972446,0.24270466093035994,-12836.301104191689
8,7186,51652968,35,-3431.457142857143,3431.457142857143,1214.8247139872838,4292.489187036641,1474.7063710812306,2.8246520698401447,0.7994096183678638,-12836.301104191689
8,7186,51652968,49,-1767.857142857143,1767.857142857143,1026.714275775706,2933.157446016092,1149.5563342656055,1.7218589285918777,0.6027147111582104,-12836.301104191689
8,7186,51652968,63,-4179.0,4179.0,905.4768804074354,3073.8311960254796,1363.0481259312867,4.6152476009322125,1.359541150276412,-12836.301104191689
8,7186,51652968,105,1710.4761904761904,1710.4761904761904,701.3793756387684,3268.6553907303605,1306.631600490232,2.4387318046220074,0.5232965810121681,-12836.301104191689
8,7186,51652968,210,-286.76190476190476,286.76190476190476,495.9501126985599,3268.6553907303605,1306.5397053240251,0.5782071571706641,0.08773084662737408,-12836.301104191689
8,7186,51652968,225,-488.6666666666667,488.6666666666667,479.1333286953295,2510.9607994852704,1050.238966010323,1.0198970461881587,0.19461341920066613,-12836.301104191689
8,7186,51652968,441,12550.952380952382,12550.952380952382,342.2380919252354,2010.9048391953402,792.6793136915484,36.67316022698676,6.241445212282955,-12836.301104191689
8,7977,63648483,2,-388.0,388.0,5641.297855990233,1456.078834310174,1456.078834310174,0.06877849918667223,0.26646908866292074,-12836.19188835895
8,7977,63648483,3,0.0,0.0,4606.100411410936,1563.592509996146,1108.2254333261076,0.0,0.0,-12836.19188835895
8,7977,63648483,4,-333.5,333.5,3988.9999686638253,4840.602014683187,4176.507213023326,0.08360491416892911,0.06889638912440672,-12836.19188835895
8,7977,63648483,5,-668.8,668.8,3567.8700368707377,2429.117879772559,1481.080931129948,0.18745077401602403,0.2753262843146256,-12836.19188835895
8,7977,63648483,6,-55.666666666666664,55.666666666666664,3257.0048357348196,1572.6034233421087,1114.1974677293026,0.017091367521444772,0.03539777787610524,-12836.19188835895
8,7977,63648483,7,-6002.714285714285,6002.714285714285,3015.4005419796936,3069.7055188827217,1967.1772243247456,1.990685549778849,1.9554690991659318,-12836.19188835895
8,7977,63648483,9,802.6666666666666,802.6666666666666,2659.3333124425503,1037.1245102714747,639.3198188784094,0.30183003496069155,0.7739347192330485,-12836.19188835895
8,7977,63648483,10,85.6,85.6,2522.865097463596,2433.2767628561705,1482.0391044022124,0.03392967784367835,0.035178900035819624,-12836.19188835895
8,7977,63648483,12,-259.8333333333333,259.8333333333333,2303.050205705468,3310.0905084814876,2447.258983553692,0.1128213934240923,0.07849735004754674,-12836.19188835895
8,7977,63648483,14,-256.07142857142856,256.07142857142856,2132.210171227432,3069.7055188827217,1966.6904517969701,0.12009671092789975,0.08341889050798289,-12836.19188835895
8,7977,63648483,15,2654.3333333333335,2654.3333333333335,2059.9107262209204,2983.570111415349,1710.4800801040356,1.2885671692204503,0.8896500615747783,-12836.19188835895
8,7977,63648483,20,-2610.8,2610.8,1783.9350184353689,2857.975090900436,1689.2728328304524,1.463506222491135,0.9135139100101252,-12836.19188835895
8,7977,63648483,21,3243.3333333333335,3243.3333333333335,1740.9423146265194,2860.866126326844,1406.191922436708,1.8629757609338817,1.1336893060066222,-12836.19188835895
8,7977,63648483,25,-291.6,291.6,1595.5999874655301,4746.333615455776,1962.4511926212524,0.182752571001947,0.06143689500679959,-12836.19188835895
8,7977,63648483,28,1400.142857142857,1400.142857142857,1507.7002709898468,4205.165239298716,1761.227906775811,0.9286612757744115,0.33295786906493957,-12836.19188835895
8,7977,63648483,30,-48.03333333333333,48.03333333333333,1456.5768431497186,2979.411228331737,1709.8569481549212,0.03297686185197445,0.016121753478195975,-12836.19188835895
8,7977,63648483,35,-3431.457142857143,3431.457142857143,1348.5281182512606,3760.0255113001913,1926.5809237437977,2.544594433304791,0.91261538852447,-12836.19188835895
8,7977,63648483,49,-2731.5714285714284,2731.5714285714284,1139.714276761093,3827.4686798751354,1467.330433432112,2.396715987742269,0.7136757102504994,-12836.19188835895
8,7977,63648483,63,-4179.0,4179.0,1005.1335139932311,2758.3428891517688,1388.6046363420496,4.157656611605274,1.5150400685989784,-12836.19188835895
8,7977,63648483,105,1710.4761904761904,1710.4761904761904,778.5730720821448,2728.343168131076,1373.7737007034166,2.1969372584410722,0.6269285368701886,-12836.19188835895
8,7977,63648483,210,-13.17142857142857,13.17142857142857,550.5342989185273,2728.343168131076,1373.6656698163486,0.023924810129546153,0.004827628989373446,-12836.19188835895
8,7977,63648483,225,-1013.0,1013.0,531.8666624885101,2981.739081174019,1144.1614095126558,1.9046126998453938,0.33973462211896327,-12836.19188835895
8,7977,63648483,441,-1563.3809523809523,1563.3809523809523,379.9047589203643,2673.962142920209,880.9309130844059,4.115191809715309,0.5846683194525704,-12836.19188835895
8,8856,78446448,2,0.0,0.0,6262.8447210512895,1124.6853711605072,1124.6853711605072,0.0,0.0,-12836.086617869307
8,8856,78446448,3,0.0,0.0,5113.5913016196355,948.5105609074235,682.1120113010068,0.0,0.0,-12836.086617869307
8,8856,78446448,4,-1337.0,1337.0,4428.499971773738,1445.510825432837,1047.0029888494005,0.30190809721615375,0.9249325404392285,-12836.086617869307
8,8856,78446448,5,-668.8,668.8,3960.9707900967915,1399.0766731910408,720.4956067952149,0.168847496091648,0.47802955535995617,-12836.086617869307
8,8856,78446448,6,0.0,0.0,3615.8550855917883,957.5214742571115,689.556693713353,0.0,0.0,-12836.086617869307
8,8856,78446448,7,-6002.714285714285,6002.714285714285,3347.6313161056773,2090.8001160286367,1210.5092540642183,1.7931228737271117,2.8710129867010536,-12836.086617869307
8,8856,78446448,9,1108.3333333333333,1108.3333333333333,2952.3333145158254,3598.9825592208654,1844.8620683726583,0.37540928318762573,0.3079574060434662,-12836.086617869307
8,8856,78446448,10,-1600.0,1600.0,2800.829305759278,1403.9287034533918,722.4489797725447,0.5712593754678154,1.1396590126438122,-12836.086617869307
8,8856,78446448,12,748.6666666666666,748.6666666666666,2556.7956508098177,1005.9450468160212,732.5594035234104,0.2928144321700251,0.7442421124656041,-12836.086617869307
8,8856,78446448,14,-1638.5,1638.5,2367.1328045307714,2084.5617914050817,1210.9606049351764,0.6921876106249114,0.7860165175989254,-12836.086617869307
8,8856,78446448,15,2654.3333333333335,2654.3333333333335,2286.8675519146273,1564.6574302818626,757.0024927638549,1.160685205013755,1.6964309771341917,-12836.086617869307
8,8856,78446448,20,-422.6,422.6,1980.4853950483957,2770.0743371676654,1796.8840164739383,0.21338203303926573,0.15255908274003158,-12836.086617869307
8,8856,78446448,21,3243.3333333333335,3243.3333333333335,1932.7558415012338,3543.6818901393563,1856.5458934296018,1.678087456103163,0.9152439281748815,-12836.086617869307
8,8856,78446448,25,1283.6,1283.6,1771.3999887094953,2664.8819785099477,1778.123942222683,0.7246245953377991,0.4816723631106984,-12836.086617869307
8,8856,78446448,28,4014.5,4014.5,1673.8156580528387,2644.4594977963716,1540.927212720618,2.3984122628355,1.5180795937110336,-12836.086617869307
8,8856,78446448,30,-901.1666666666666,901.1666666666666,1617.059553634312,1569.5094605460763,758.068025046927,0.5572872468681261,0.5741709045532771,-12836.086617869307
8,8856,78446448,35,-3431.457142857143,3431.457142857143,1497.1062372838762,3760.6945125791244,1705.5198690239847,2.2920598801877023,0.9124530406230239,-12836.086617869307
8,8856,78446448,49,-2418.714285714286,2418.714285714286,1265.285706221068,5312.440787389642,1501.811894065098,1.911595360496148,0.45529246960374353,-12836.086617869307
8,8856,78446448,63,-2006.0,2006.0,1115.8771053685591,3698.653168688994,1326.1233319730545,1.797689002085445,0.5423595856410177,-12836.086617869307
8,8856,78446448,105,1710.4761904761904,1710.4761904761904,864.3546891013136,3009.5038822686765,1357.228387587453,1.9789054332019713,0.5683581937055916,-12836.086617869307
8,8856,78446448,210,-286.76190476190476,286.76190476190476,611.1910620139289,3008.1175879077055,1357.227327639875,0.46918537031120644,0.09532935345169198,-12836.086617869307
8,8856,78446448,225,-557.6666666666666,557.6666666666666,590.4666629031651,3041.1988913774258,1209.8241150724843,0.9444507229667637,0.18337066616977726,-12836.086617869307
8,8856,78446448,441,10732.285714285714,10732.285714285714,421.7619020736894,2909.2668440107955,993.2689547398892,25.446313812409237,3.6890001123066076,-12836.086617869307
8,9832,96687888,2,0.0,0.0,6952.980943451521,127.81810764968395,127.81810764968395,0.0,0.0,-12835.984409757248
8,9832,96687888,3,0.0,0.0,5677.085167583801,1093.901618219912,1032.1812464210384,0.0,0.0,-12835.984409757248
8,9832,96687888,4,-1337.0,1337.0,4916.499974575409,2272.6995575651526,2209.714884727825,0.2719414231493948,0.5882871739687359,-12835.984409757248
8,9832,96687888,5,-668.8,668.8,4397.451261810641,570.2214816436172,399.5498421030764,0.1520880983510032,1.172877594986843,-12835.984409757248
8,9832,96687888,6,0.0,0.0,4014.3054193720736,1102.9125315621495,1032.7763933816273,0.0,0.0,-12835.984409757248
8,9832,96687888,7,-6002.714285714285,6002.714285714285,3716.5246438805475,3784.054606180638,1811.2937405557836,1.6151417953323863,1.5863180927436478,-12835.984409757248
8,9832,96687888,9,802.6666666666666,802.6666666666666,3277.6666497169394,2995.789475718513,1756.394008830315,0.24488965854291048,0.2679315997243612,-12835.984409757248
8,9832,96687888,10,-1600.0,1600.0,3109.4676071636445,575.0735119059682,400.0098487858056,0.5145575391471816,2.7822529935296694,-12835.984409757248
8,9832,96687888,12,748.6666666666666,748.6666666666666,2838.5425837919006,2262.211012005806,1361.623105013085,0.26375037349855485,0.33094466550353135,-12835.984409757248
8,9832,96687888,14,-1638.5,1638.5,2627.979778134854,3784.054606180638,1812.4112565025384,0.623482727543241,0.4330011510203306,-12835.984409757248
8,9832,96687888,15,2654.3333333333335,2654.3333333333335,2538.8696697546334,3123.5818620231003,1735.6315630535303,1.045478373685034,0.8497722968637547,-12835.984409757248
8,9832,96687888,20,-422.6,422.6,2198.7256309053205,3553.0672968886793,1936.9675004497876,0.19220224390889343,0.11893948655857403,-12835.984409757248
8,9832,96687888,21,3243.3333333333335,3243.3333333333335,2145.736503594312,2255.1696459045634,1629.1734726019731,1.5115245175260068,1.4381770964429645,-12835.984409757248
8,9832,96687888,25,-2870.2,2870.2,1966.5999898301636,4472.547448764555,1946.7732205971365,1.4594732100287824,0.6417371828649533,-12835.984409757248
8,9832,96687888,28,4014.5,4014.5,1858.2623219402738,5749.677042489871,2063.694129322599,2.1603516105349034,0.6982131292476106,-12835.984409757248
8,9832,96687888,30,-901.1666666666666,901.1666666666666,1795.2519600323517,3118.7298317588866,1734.0493883904562,0.5019722505416048,0.28895310439841176,-12835.984409757248
8,9832,96687888,35,-3431.457142857143,3431.457142857143,1662.0803487540204,3451.932009648066,1780.1813410386762,2.0645555104658673,0.9940685776157536,-12835.984409757248
8,9832,96687888,49,-1767.857142857143,1767.857142857143,1404.714278450117,5552.294493894558,1747.222334433581,1.2585172443806134,0.31840118437541864,-12835.984409757248
8,9832,96687888,63,-4179.0,4179.0,1238.8415479601824,2780.765890682116,1268.52144415504,3.373312758908468,1.5028233818614987,-12835.984409757248
8,9832,96687888,105,1710.4761904761904,1710.4761904761904,959.6025367679207,3490.6244791077916,1429.8299893762864,1.782484023267925,0.4900201097865991,-12835.984409757248
8,9832,96687888,210,-286.76190476190476,286.76190476190476,678.5414609924101,3490.6244791077916,1429.874118652119,0.42261515507467623,0.08215203510954622,-12835.984409757248
8,9832,96687888,225,-779.6666666666666,779.6666666666666,655.5333299433879,4519.7339897013735,1332.2157611810326,1.1893623574166685,0.17250277747389742,-12835.984409757248
8,9832,96687888,441,12550.952380952382,12550.952380952382,468.23809281670566,3160.204134542437,1109.9884335173585,26.804637583951376,3.971563812528719,-12835.984409757248
8,10915,119159055,2,-388.0,388.0,7718.777591043805,2388.3419858813286,2388.3419858813286,0.050267026795823386,0.1624557966546081,-12835.88461716721
8,10915,119159055,3,0.0,0.0,6302.355512028816,1761.8987990319729,1322.1502002613865,0.0,0.0,-12835.88461716721
8,10915,119159055,4,-333.5,333.5,5457.999977097838,1708.3856216147542,1300.1773090042582,0.06110296837658301,0.19521353714319964,-12835.88461716721
8,10915,119159055,5,0.0,0.0,4881.7835879932245,2117.5971477627754,1336.7214978196357,0.0,0.0,-12835.88461716721
8,10915,119159055,6,-55.666666666666664,55.666666666666664,4456.438320003992,1770.9097123742104,1330.2930090883365,0.012491290728021744,0.0314339383186486,-12835.88461716721
8,10915,119159055,7,-1053.5714285714287,1053.5714285714287,4125.860170056317,3122.7263526842,2066.139264944617,0.25535800660860686,0.33738832980539935,-12835.88461716721
8,10915,119159055,9,1108.3333333333333,1108.3333333333333,3638.6666513985588,2621.616305526346,1581.3550807434299,0.3045987554005075,0.4227671803066587,-12835.88461716721
8,10915,119159055,10,-1514.4,1514.4,3451.942279355204,2121.756030842662,1338.6730303875204,0.4387095372530036,0.7137484131003278,-12835.88461716721
8,10915,119159055,12,-259.8333333333333,259.8333333333333,3151.177756014408,2501.4184683971107,1534.6056417732132,0.08245594296843764,0.1038743963139572,-12835.88461716721
8,10915,119159055,14,-954.0714285714286,954.0714285714286,2917.423704474304,3122.7263526842,2067.0237048312024,0.327025322755902,0.3055251472007267,-12835.88461716721
8,10915,119159055,15,0.0,0.0,2818.499068653385,2493.3869411926717,1553.1351055991918,0.0,0.0,-12835.88461716721
8,10915,119159055,20,-564.8,564.8,2440.8917939966123,2791.765841946006,1565.0213997178926,0.23139083895039053,0.20230923077929236,-12835.88461716721
8,10915,119159055,21,2822.3333333333335,2822.3333333333335,2382.06647982077,2741.1096155587584,1391.678453659026,1.184825594601243,1.0296316926961049,-12835.88461716721
8,10915,119159055,25,-2034.8,2034.8,2183.1999908391354,4416.703531910665,2338.1821319759974,0.9320263872014325,0.46070558852288324,-12835.88461716721
8,10915,119159055,28,1078.142857142857,1078.142857142857,2062.9300850281584,5094.593408435583,2617.1988664158016,0.5226269493898728,0.2116249071727054,-12835.88461716721
8,10915,119159055,30,-949.2,949.2,1992.9798042127773,2489.2280581109226,1553.2486675165735,0.47627176050332937,0.38132303583318466,-12835.88461716721
8,10915,119159055,35,4246.0,4246.0,1845.1407611809536,3419.9411238422617,1768.642274090402,2.3011794489231345,1.2415418412904347,-12835.88461716721
8,10915,119159055,49,-3656.8571428571427,3656.8571428571427,1559.4285648850966,3815.921744353138,1928.7462956379075,2.3449981776668243,0.9583155493868862,-12835.88461716721
8,10915,119159055,63,-6201.0,6201.0,1375.2867233521058,3135.740610969253,1787.2313070792684,4.508877963197205,1.9775232614292289,-12835.88461716721
8,10915,119159055,105,1038.8666666666666,1038.8666666666666,1065.2925151605746,3334.040493153967,1477.0026525416765,0.9751938100401233,0.31159389599491927,-12835.88461716721
8,10915,119159055,210,-1024.2333333333333,1024.2333333333333,753.2755614173152,3335.426787515171,1477.1106109369318,1.35970604357083,0.30707714442035994,-12835.88461716721
8,10915,119159055,225,502.1333333333333,502.1333333333333,727.7333302797117,5207.610694516567,1452.2293626474325,0.6899963385493602,0.09642297836550308,-12835.88461716721
8,10915,119159055,441,10212.57142857143,10212.57142857143,519.8095216283655,3440.6550954027916,1228.824783533664,19.646757136305098,2.9682055147628392,-12835.88461716721
8,12118,146870160,2,0.0,0.0,8569.42705202629,1518.5664567053318,1518.5664567053318,0.0,0.0,-12835.786609464874
8,12118,146870160,3,0.0,0.0,6996.907888489029,1866.300493374467,1342.3802838803456,0.0,0.0,-12835.786609464874
8,12118,146870160,4,-1337.0,1337.0,6059.499979371235,4680.984468907118,3994.5277007907075,0.22064526851252403,0.28562367785684045,-12835.786609464874
8,12118,146870160,5,0.0,0.0,5419.781545413062,2577.6728062555194,1535.832018329994,0.0,0.0,-12835.786609464874
8,12118,146870160,6,0.0,0.0,4947.56101528824,1856.5964328497648,1336.822677019219,0.0,0.0,-12835.786609464874
8,12118,146870160,7,-6002.714285714285,6002.714285714285,4580.551432804945,3371.8516818210483,2037.950201524464,1.3104785250797775,1.7802426832939393,-12835.786609464874
8,12118,146870160,9,802.6666666666666,802.6666666666666,4039.6666529141567,4630.829314928502,3244.1677659539246,0.19869626274426247,0.17333108436518987,-12835.786609464874
8,12118,146870160,10,0.0,0.0,3832.3642833112826,2572.8207759931684,1534.5038486092235,0.0,0.0,-12835.786609464874
8,12118,146870160,12,748.6666666666666,748.6666666666666,3498.4539442445143,3495.4053396582603,2158.7033243909195,0.21399929185814678,0.21418593665587937,-12835.786609464874
8,12118,146870160,14,-1638.5,1638.5,3238.9389797101326,3371.8516818210483,2039.8755938765755,0.5058755383365193,0.4859347784583127,-12835.786609464874
8,12118,146870160,15,0.0,0.0,3129.1123341931975,2324.6006951853633,1276.5812931919513,0.0,0.0,-12835.786609464874
8,12118,146870160,20,-2561.6,2561.6,2709.890772706531,2802.330077715218,1844.1784546778617,0.945277952085713,0.9140964586471951,-12835.786609464874
8,12118,146870160,21,3243.3333333333335,3243.3333333333335,2644.5826027668604,2744.4212243575603,1523.2245334401362,1.2264065149411623,1.1817913753718923,-12835.786609464874
8,12118,146870160,25,-811.4,811.4,2423.799991748494,4662.5331715755165,2182.372126347699,0.3347635954956283,0.1740255715383618,-12835.786609464874
8,12118,146870160,28,4014.5,4014.5,2290.2757164024724,4302.374274197966,1818.438721639435,1.7528457256255203,0.9330894394928878,-12835.786609464874
8,12118,146870160,30,0.0,0.0,2212.6165506024763,2319.7486649230123,1275.7597234540042,0.0,0.0,-12835.786609464874
8,12118,146870160,35,597.4,597.4,2048.484875637183,3706.219959979877,2109.2865033034336,0.29163017364928223,0.16118849028141427,-12835.786609464874
8,12118,146870160,49,-1767.857142857143,1767.857142857143,1731.2857083917816,6139.552839461248,2204.468345036429,1.0211238585798372,0.287945586443112,-12835.786609464874
8,12118,146870160,63,-4179.0,4179.0,1526.8504776016482,4268.041625394952,2017.6714758050696,2.7370067084527525,0.9791375920831813,-12835.786609464874
8,12118,146870160,105,5736.666666666667,5736.666666666667,1182.6932943800048,4712.060805596411,1746.44635846792,4.850510858501114,1.2174432596144247,-12835.786609464874
8,12118,146870160,210,3037.3333333333335,3037.3333333333335,836.2904485199591,4712.060805596411,1746.539616444867,3.6319120213661553,0.6445870413484391,-12835.786609464874
8,12118,146870160,225,1329.0,1329.0,807.9333305828314,4051.7918985781725,1573.236011484581,1.6449377067304285,0.32800302514706237,-12835.786609464874
8,12118,146870160,441,12550.952380952382,12550.952380952382,577.0952361305939,3599.882800896303,1238.107064350335,21.748494174213146,3.486489165099328,-12835.786609464874
8,13453,181010115,2,-388.0,388.0,9513.414607805129,4783.3036370277405,4783.3036370277405,0.04078451491872031,0.08111548616660604,-12835.69008629906
8,13453,181010115,3,0.0,0.0,7767.670500220771,4183.062174364924,2988.1721255516227,0.0,0.0,-12835.69008629906
8,13453,181010115,4,-333.5,333.5,6726.999981418166,4913.054795771837,3475.2656575660626,0.049576334312653375,0.0678803746066519,-12835.69008629906
8,13453,181010115,5,0.0,0.0,6016.811697236336,2878.554045945406,2087.112316367006,0.0,0.0,-12835.69008629906
8,13453,181010115,6,-55.666666666666664,55.666666666666664,5492.572484728808,4173.358113840222,2980.4795880004326,0.010134898869598653,0.013338578944868826,-12835.69008629906
8,13453,181010115,7,-142.42857142857142,142.42857142857142,5085.1340058195965,4124.097588632256,2125.2164553523066,0.0280088137826007,0.034535693777267625,-12835.69008629906
8,13453,181010115,9,1108.3333333333333,1108.3333333333333,4484.666654278777,4306.161138944328,2637.252752851728,0.24713839818526603,0.2573831534797245,-12835.69008629906
8,13453,181010115,10,-1514.4,1514.4,4254.528352238353,2874.3951628655195,2084.5744439899213,0.35595014878752845,0.5268586656297725,-12835.69008629906
8,13453,181010115,12,-259.8333333333333,259.8333333333333,3883.8352501103855,2623.8584651127458,2081.4843829262777,0.0669012243312711,0.09902719098157164,-12835.69008629906
8,13453,181010115,14,313.92857142857144,313.92857142857144,3595.7327387573496,4117.859264008701,2123.2570618111636,0.08730586899432968,0.07623586706141207,-12835.69008629906
8,13453,181010115,15,0.0,0.0,3473.8078530626876,4303.417676270008,1941.5542064840024,0.0,0.0,-12835.69008629906
8,13453,181010115,20,-564.8,564.8,3008.405848618168,4625.421780150384,2546.3245212750867,0.18774062690358947,0.12210778321315315,-12835.69008629906
8,13453,181010115,21,5285.333333333333,5285.333333333333,2935.903487125264,4635.508098484948,1890.4811541303168,1.8002408309779114,1.1401842518753815,-12835.69008629906
8,13453,181010115,25,0.0,0.0,2690.799992567266,4333.258351173252,2454.4423926205004,0.0,0.0,-12835.69008629906
8,13453,181010115,28,4881.642857142857,4881.642857142857,2542.5670029097982,6693.192812629044,2837.12818979378,1.9199662591216446,0.7293444240739537,-12835.69008629906
8,13453,181010115,30,-949.2,949.2,2456.3530894397086,4303.417676270008,1941.9859790423552,0.38642652967147795,0.22056887604335915,-12835.69008629906
8,13453,181010115,35,4169.2,4169.2,2274.141062341686,5588.966447630897,2550.6221102636378,1.8333075590776982,0.7459697672308051,-12835.69008629906
8,13453,181010115,49,-1673.142857142857,1673.142857142857,1921.9999946909045,5828.280877417885,2305.3705420277174,0.8705217803145372,0.2870731339708722,-12835.69008629906
8,13453,181010115,63,-6537.666666666667,6537.666666666667,1695.0446686065322,5459.8256125105545,2392.4406760611546,3.85692883954567,1.1974130916720793,-12835.69008629906
8,13453,181010115,105,127.26666666666667,127.26666666666667,1312.9759545181537,4779.964449731167,1991.6001488219129,0.09692992946955528,0.026625023680631,-12835.69008629906
8,13453,181010115,210,1856.1,1856.1,928.4142009746665,4778.578155369032,1991.6577326517445,1.9992154342872304,0.3884209778832549,-12835.69008629906
8,13453,181010115,225,4319.8,4319.8,896.9333308557555,5153.072143865982,1845.8969939483145,4.816188507431785,0.8382960454264401,-12835.69008629906
8,13453,181010115,441,-604.3333333333334,604.3333333333334,640.6666648969682,4147.047414945788,1356.8327236210664,0.9432882440208155,0.145726169215076,-12835.69008629906
8,14935,223084095,2,-388.0,388.0,10561.34686013105,3355.3925094902515,3355.3925094902515,0.03673773857998122,0.11563475775266144,-12835.594707415336
8,14935,223084095,3,0.0,0.0,8623.303601288777,2218.002599388361,1762.5412816942855,0.0,0.0,-12835.594707415336
8,14935,223084095,4,-333.5,333.5,7467.999983261918,3345.2614864706993,2365.467929378306,0.04465720417079217,0.09969325308313864,-12835.594707415336
8,14935,223084095,5,0.0,0.0,6679.582247416376,3054.1907655000687,2165.788105790058,0.0,0.0,-12835.594707415336
8,14935,223084095,6,-55.666666666666664,55.666666666666664,6097.596452701671,2227.706659913063,1771.55628133519,0.00912928021696194,0.024988328880266072,-12835.594707415336
8,14935,223084095,7,-6002.714285714285,6002.714285714285,5645.277356213017,3454.2391510233283,2057.644686786576,1.063316097145853,1.7377819031250237,-12835.594707415336
8,14935,223084095,9,802.6666666666666,802.6666666666666,4978.6666555079455,2800.368758611381,2003.5579197125028,0.16122121085947158,0.2866289177803444,-12835.594707415336
8,14935,223084095,10,-1514.4,1514.4,4723.177902641399,3059.0427957624197,2167.6730329867423,0.3206315813666651,0.49505682042037563,-12835.594707415336
8,14935,223084095,12,-259.8333333333333,259.8333333333333,4311.6518006443885,1942.161641933024,1329.0588220167986,0.060263060503749515,0.13378563746873431,-12835.594707415336
8,14935,223084095,14,-256.07142857142856,256.07142857142856,3991.8139002570892,3454.2391510233283,2057.856861947876,0.06414913995738541,0.07413251294299257,-12835.594707415336
8,14935,223084095,15,0.0,0.0,3856.4586086200898,5358.586568787694,3327.3237023965808,0.0,0.0,-12835.594707415336
8,14935,223084095,20,-564.8,564.8,3339.791123708188,3798.676038324833,1949.1896937917093,0.16911237232491938,0.14868338186824415,-12835.594707415336
8,14935,223084095,21,3243.3333333333335,3243.3333333333335,3259.3024012596843,6347.885412205011,3255.9199667359107,0.9951004644674336,0.5109312980189296,-12835.594707415336
8,14935,223084095,25,-216.6,216.6,2987.1999933047673,6596.420431807637,2915.42364055084,0.07250937348870752,0.03283599070725764,-12835.594707415336
8,14935,223084095,28,1400.142857142857,1400.142857142857,2822.6386781065085,4354.294223532081,2423.869071912535,0.4960404135332353,0.3215544897209773,-12835.594707415336
8,14935,223084095,30,-949.2,949.2,2726.9280335205035,5358.586568787694,3329.164663072343,0.3480839935385347,0.17713626304533947,-12835.594707415336
8,14935,223084095,35,597.4,597.4,2524.64478406652,8195.10231073387,2910.2362445878166,0.23662734804131538,0.07289719851545123,-12835.594707415336
8,14935,223084095,49,-2731.5714285714284,2731.5714285714284,2133.7142809319766,6084.3074788162485,2684.221924478435,1.2801955036727393,0.4489535478083494,-12835.594707415336
8,14935,223084095,63,-4179.0,4179.0,1881.7591187376722,6666.985731023364,3205.5003177282592,2.2207943399277217,0.626820000611961,-12835.594707415336
8,14935,223084095,105,5736.666666666667,5736.666666666667,1457.60434568899,5872.194583268836,2455.0420987465245,3.935681643398931,0.9769203975310495,-12835.594707415336
8,14935,223084095,210,-3337.266666666667,3337.266666666667,1030.6819171236655,5872.194583268836,2455.189145562585,3.237921041614867,0.568316771412049,-12835.594707415336
8,14935,223084095,225,-60.333333333333336,60.333333333333336,995.733331101589,5110.845291338628,1844.9626616171277,0.06059185873248414,0.011804961781093335,-12835.594707415336
8,14935,223084095,441,-1563.3809523809523,1563.3809523809523,711.2380936439921,4742.207794180955,1595.5103996935225,2.1981119492223056,0.3296736499609608,-12835.594707415336
9,14936,223113968,2,0.0,0.0,10562.053966913822,3720.8938487172127,3720.8938487172127,0.0,0.0,-69548.57520436426
9,14936,223113968,3,2678.3333333333335,2678.3333333333335,8623.880951559262,2737.15773203969,2056.6590941508202,0.3105716960122311,0.9785089481626178,-69548.57520436426
9,14936,223113968,4,24866.0,24866.0,7468.499983263038,3556.847080260515,2517.74427652033,3.3294503656323067,6.991023071528487,-69548.57520436426
9,14936,223113968,5,3868.8,3868.8,6680.029461012878,3236.874708928168,2164.3931901166015,0.5791591223631195,1.1952269852548858,-69548.57520436426
9,14936,223113968,6,-3319.5,3319.5,6098.0047009930495,2746.861792564392,2065.2747685538116,0.5443583865160723,1.2084699743488037,-69548.57520436426
9,14936,223113968,7,0.0,0.0,5645.655320686873,3800.299232803285,2169.2223257590267,0.0,0.0,-69548.57520436426
9,14936,223113968,9,-2121.6666666666665,2121.6666666666665,4978.999988842025,3050.22593549639,2062.897253957169,0.42612305109888265,0.6955768889039327,-69548.57520436426
9,14936,223113968,10,1358.0,1358.0,4723.494130408124,3241.726739190519,2166.4755218655587,0.287499034085317,0.41891254545998585,-69548.57520436426
9,14936,223113968,12,2853.8333333333335,2853.8333333333335,4311.940475779631,1836.4995437413454,1424.0749036610905,0.6618443249306077,1.5539526503336123,-69548.57520436426
9,14936,223113968,14,0.0,0.0,3992.0811614996005,3800.299232803285,2169.3960120218467,0.0,0.0,-69548.57520436426
9,14936,223113968,15,1660.0,1660.0,3856.716807510416,5488.309476658702,3366.0671351022747,0.4304179131761457,0.3024610778710337,-69548.57520436426
9,14936,223113968,20,339.8,339.8,3340.014730506439,3793.8368544876575,2011.2229016547935,0.10173607825630065,0.08956631848785407,-69548.57520436426
9,14936,223113968,21,2850.714285714286,2850.714285714286,3259.520619150409,6549.750064287335,3250.43947017639,0.8745808414175094,0.4352401630190245,-69548.57520436426
9,14936,223113968,25,-7651.0,7651.0,2987.3999933052155,6475.327768182382,2875.1638979452173,2.561089916698783,1.1815618102908214,-69548.57520436426
9,14936,223113968,28,-9804.285714285714,9804.285714285714,2822.8276603434365,4479.222531024367,2466.031380926717,3.4732144126336375,2.1888364881133833,-69548.57520436426
9,14936,223113968,30,-4877.266666666666,4877.266666666666,2727.1106077067475,5488.309476658702,3367.9436886540975,1.7884374227006528,0.8886646584725685,-69548.57520436426
9,14936,223113968,35,15576.714285714286,15576.714285714286,2524.8138149178444,8094.191168822348,2911.077441028588,6.169450671443328,1.9244312323278863,-69548.57520436426
9,14936,223113968,49,8388.142857142857,8388.142857142857,2133.8571380751537,6199.652374484576,2701.6590550763335,3.9309767779062206,1.353002128258881,-69548.57520436426
9,14936,223113968,63,-32334.238095238095,32334.238095238095,1881.8851068956244,6623.537155531347,3179.358684828836,17.18183430899082,4.881717628508451,-69548.57520436426
9,14936,223113968,105,-170.8095238095238,170.8095238095238,1457.7019356965034,5840.962279694155,2443.4791281620214,0.11717726349036467,0.029243387584154668,-69548.57520436426
9,14936,223113968,210,18948.91904761905,18948.91904761905,1030.7509236797544,5840.962279694155,2443.627226648627,18.383606177108135,3.2441433688921637,-69548.57520436426
9,14936,223113968,225,-8994.133333333333,8994.133333333333,995.7999977684051,5054.135022112867,1848.021895065235,9.032068039254117,1.7795593695028276,-69548.57520436426
9,14936,223113968,441,-15337.52380952381,15337.52380952381,711.2857126917179,4687.743151858216,1594.1382738816246,21.563098394711222,3.271835361424192,-69548.57520436426
9,15702,246584208,2,0.0,0.0,11103.697762457334,1767.6259962916374,1767.6259962916374,0.0,0.0,-69545.52853789859
9,15702,246584208,3,0.0,0.0,9066.131258701254,3969.4683787226677,3209.72110032213,0.0,0.0,-69545.52853789859
9,15702,246584208,4,24866.0,24866.0,7851.499984079475,2189.050827547908,1576.3157012818256,3.1670381519990967,11.359261140525437,-69545.52853789859
9,15702,246584208,5,3868.8,3868.8,7022.59507589609,6187.675283797085,3493.2696436740976,0.5509074577400915,0.6252428937456943,-69545.52853789859
9,15702,246584208,6,0.0,0.0,6410.722892154987,3960.45746538043,3207.4904717039667,0.0,0.0,-69545.52853789859
9,15702,246584208,7,32215.85714285714,32215.85714285714,5935.1761076291095,3864.0251115858555,2700.012975123662,5.4279530309887,8.337382965307711,-69545.52853789859
9,15702,246584208,9,6614.333333333333,6614.333333333333,5234.33332271965,5564.566999807954,3601.9453506677346,1.2636438922649014,1.1886519352829445,-69545.52853789859
9,15702,246584208,10,1358.0,1358.0,4965.7245996933825,6182.823253534734,3492.6545751351246,0.2734746909008712,0.21964076026653814,-69545.52853789859
9,15702,246584208,12,1513.3333333333333,1513.3333333333333,4533.065629350627,3879.040932677686,2737.873259412121,0.33384324363954154,0.3901307976888724,-69545.52853789859
9,15702,246584208,14,1084.5,1084.5,4196.803273240921,3864.0251115858555,2700.5705635045783,0.25841096887119763,0.2806658778557742,-69545.52853789859
9,15702,246584208,15,-8116.0,8116.0,4054.4971574783476,6065.868249841034,2738.4335250775366,2.0017278801220475,1.3379782853365951,-69545.52853789859
9,15702,246584208,20,339.8,339.8,3511.297537948045,6854.69017136842,3006.7721711079043,0.09677334271096108,0.049571897708713626,-69545.52853789859
9,15702,246584208,21,1947.6666666666667,1947.6666666666667,3426.675523427502,6851.615183919668,3363.60956274118,0.5683837449302847,0.28426387273437714,-69545.52853789859
9,15702,246584208,25,-10183.2,10183.2,3140.5999936317903,7896.322207292542,3221.3379371178,3.2424377573229717,1.2896130290371692,-69545.52853789859
9,15702,246584208,28,-8889.785714285714,8889.785714285714,2967.5880538145548,4575.023089092225,2352.031502214769,2.9956266008210717,1.9431127540057123,-69545.52853789859
9,15702,246584208,30,-4421.666666666667,4421.666666666667,2866.9624343545206,6065.868249841034,2739.5825854002987,1.5422827357911226,0.7289420878507448,-69545.52853789859
9,15702,246584208,35,8333.114285714286,8333.114285714286,2654.2914470182595,5953.175291463733,2606.1822445040552,3.1394872989834717,1.399776401286747,-69545.52853789859
9,15702,246584208,49,4363.857142857143,4363.857142857143,2243.285709736993,6078.319240370765,2831.437733238031,1.945297080936146,0.7179381289935269,-69545.52853789859
9,15702,246584208,63,2550.095238095238,2550.095238095238,1978.3920358763698,9011.657488173805,3286.069393469026,1.2889736674286705,0.28297738140200995,-69545.52853789859
9,15702,246584208,105,-2552.1047619047617,2552.1047619047617,1532.4558814437135,5995.454626216553,2483.8104363883463,1.66536915862168,0.42567326766932334,-69545.52853789859
9,15702,246584208,210,20316.766666666666,20316.766666666666,1083.6099456380578,5997.534067758359,2483.914710644506,18.74915115761846,3.387520010246523,-69545.52853789859
9,15702,246584208,225,-12816.2,12816.2,1046.86666454393,5387.416777730454,1986.4132966207612,12.242437775572316,2.3789137779310727,-69545.52853789859
9,15702,246584208,441,-37900.619047619046,37900.619047619046,747.7619032456643,5458.740665477584,1639.4364059337884,50.68541053390287,6.943106729233698,-69545.52853789859
9,16507,272514063,2,4682.0,4682.0,11672.918722410432,2318.8426787257195,2318.8426787257195,0.40109934039129314,2.0191106723000773,-69545.20553242743
9,16507,272514063,3,0.0,0.0,9530.898226295358,2915.4300391077995,2104.34341526751,0.0,0.0,-69545.20553242743
9,16507,272514063,4,20393.0,20393.0,8253.999984855827,8102.736563205719,7039.451986382247,2.4706808865297334,2.5168040255194764,-69545.20553242743
9,16507,272514063,5,3868.8,3868.8,7382.602020967946,5345.821286454797,3027.6895390871687,0.5240428766188259,0.7237054500498805,-69545.20553242743
9,16507,272514063,6,-4585.666666666667,4585.666666666667,6739.362766612286,2925.1340996325016,2109.703881362933,0.680430305574984,1.567677415966258,-69545.20553242743
9,16507,272514063,7,32215.85714285714,32215.85714285714,6239.437508988404,6007.7258968651295,3553.5577086405506,5.163263049986099,5.362404626294216,-69545.20553242743
9,16507,272514063,9,6614.333333333333,6614.333333333333,5502.666656570552,1729.6452719271183,1161.398159612524,1.2020232636544277,3.8240981782142205,-69545.20553242743
9,16507,272514063,10,-19505.4,19505.4,5220.287951827945,5350.673316717148,3028.622261777274,3.736460551600407,3.64541037088905,-69545.20553242743
9,16507,272514063,12,-3058.1666666666665,3058.1666666666665,4765.449113147679,8643.042561247945,6079.071361474228,0.6417373460623701,0.35382987472239247,-69545.20553242743
9,16507,272514063,14,-6261.357142857143,6261.357142857143,4411.948573395401,6001.487572237849,3551.99712913213,1.4191818056570076,1.0433008595771187,-69545.20553242743
9,16507,272514063,15,-8116.0,8116.0,4262.3472641257185,2815.804709650576,1609.2285335291433,1.9041151499571052,2.8823021611492172,-69545.20553242743
9,16507,272514063,20,7619.9,7619.9,3691.301010483973,6330.686658024788,3281.2638907324417,2.064285729708329,1.2036451038594689,-69545.20553242743
9,16507,272514063,21,1947.6666666666667,1947.6666666666667,3602.3409254063035,6555.924096785486,3306.0196895661707,0.5406669460212159,0.297084993345431,-69545.20553242743
9,16507,272514063,25,-8484.6,8484.6,3301.599993942331,7853.409274188802,3537.0877656935595,2.5698449283884393,1.0803715563234026,-69545.20553242743
9,16507,272514063,28,4845.714285714285,4845.714285714285,3119.718754494202,5668.440398514271,2718.1111681483612,1.5532535677242219,0.8548584698860684,-69545.20553242743
9,16507,272514063,30,-2314.2,2314.2,3013.934654235224,2820.6567399203777,1609.858576052042,0.7678335018803586,0.8204472267920575,-69545.20553242743
9,16507,272514063,35,8333.114285714286,8333.114285714286,2790.3612822920054,4801.127426607534,2256.874395445001,2.986392600340791,1.7356578039426138,-69545.20553242743
9,16507,272514063,49,13689.285714285714,13689.285714285714,2358.2857099588077,7378.519459490664,2849.0385889564136,5.804761338491436,1.855288962703458,-69545.20553242743
9,16507,272514063,63,2550.095238095238,2550.095238095238,2079.8125029961348,6940.273803770542,2872.1778807233636,1.2261178516917384,0.3674343851837389,-69545.20553242743
9,16507,272514063,105,-2552.1047619047617,2552.1047619047617,1611.0158374675989,5993.137385671958,2555.043510947669,1.5841587044336491,0.42583785381029043,-69545.20553242743
9,16507,272514063,210,701.3,701.3,1139.160223272264,5993.137385671958,2555.00061086744,0.6156289393475306,0.1170171739557693,-69545.20553242743
9,16507,272514063,225,-19383.533333333333,19383.533333333333,1100.5333313141102,5701.433636140078,2103.7621068485764,17.612854405952522,3.3997647908177986,-69545.20553242743
9,16507,272514063,441,-11885.952380952382,11885.952380952382,786.0952366529359,5518.3638015317265,1697.6824097059596,15.1202447575701,2.1538906836213316,-69545.20553242743
9,17353,301161315,2,4682.0,4682.0,12271.131060338326,308.7084079384804,308.7084079384804,0.38154592082654465,15.16641555461953,-69545.00697012326
9,17353,301161315,3,0.0,0.0,10019.336554882264,4816.181460738182,4664.028355228542,0.0,0.0,-69545.00697012326
9,17353,301161315,4,20393.0,20393.0,8676.999985594099,2311.286596864462,2162.448263429256,2.3502362606727294,8.82322427156613,-69545.00697012326
9,17353,301161315,5,0.0,0.0,7760.944723421241,2856.38263566792,1608.699823185317,0.0,0.0,-69545.00697012326
9,17353,301161315,6,-4585.666666666667,4585.666666666667,7084.74082094751,4806.47740021348,4663.716526666899,0.6472596221315803,0.9540597582884701,-69545.00697012326
9,17353,301161315,7,0.0,0.0,6559.195453712292,4855.841701999307,2865.16963362833,0.0,0.0,-69545.00697012326
9,17353,301161315,9,6614.333333333333,6614.333333333333,5784.666657062733,3537.3233490362763,2215.781243972455,1.1434251488385465,1.8698695823596028,-69545.00697012326
9,17353,301161315,10,-18147.4,18147.4,5487.816642345114,2851.530605405569,1608.4742776335117,3.3068524666022836,6.364090908089315,-69545.00697012326
9,17353,301161315,12,-3058.1666666666665,3058.1666666666665,5009.668277441132,7711.600754052401,4948.832221524124,0.6104529276794222,0.39656703766200785,-69545.00697012326
9,17353,301161315,14,-5176.857142857143,5176.857142857143,4638.051584447935,4855.841701999307,2863.734460370321,1.1161706696441027,1.066109123929156,-69545.00697012326
9,17353,301161315,15,0.0,0.0,4480.783525233059,4594.418448150158,2006.3738763461686,0.0,0.0,-69545.00697012326
9,17353,301161315,20,13019.9,13019.9,3880.4723617106206,4439.545396916568,2500.7624396503425,3.355235854394918,2.9327101844803325,-69545.00697012326
9,17353,301161315,21,0.0,0.0,3786.953260868161,4809.174016647041,2445.27946905619,0.0,0.0,-69545.00697012326
9,17353,301161315,25,-2787.6,2787.6,3470.7999942376396,9489.170882573351,3610.503057786162,0.803157774757429,0.29376644540350355,-69545.00697012326
9,17353,301161315,28,-86.28571428571429,86.28571428571429,3279.597726856146,5611.086673010141,3442.9576945655554,0.02630984696053824,0.015377719025577838,-69545.00697012326
9,17353,301161315,30,-6735.866666666667,6735.866666666667,3168.3924157212596,4589.566417887807,2005.0153030857402,2.1259571993809674,1.4676477151335403,-69545.00697012326
9,17353,301161315,35,0.0,0.0,2933.361382441652,7154.124009348452,2672.8306569230735,0.0,0.0,-69545.00697012326
9,17353,301161315,49,8388.142857142857,8388.142857142857,2479.1428530268854,6851.290791992098,2908.2499077605694,3.383485081104316,1.224315696386301,-69545.00697012326
9,17353,301161315,63,-35858.57142857143,35858.57142857143,2186.398484570764,6258.889170952141,2856.7107842820615,16.40074839130307,5.729222941826976,-69545.00697012326
9,17353,301161315,105,0.0,0.0,1693.5769837831406,6176.4651896152645,2597.4313263798404,0.0,0.0,-69545.00697012326
9,17353,301161315,210,21018.066666666666,21018.066666666666,1197.5397696945183,6176.4651896152645,2597.367062111336,17.551038553006208,3.402928053736168,-69545.00697012326
9,17353,301161315,225,-8825.4,8825.4,1156.9333314125465,6048.147647229023,2309.1857973694555,7.628270152113876,1.4591905678829422,-69545.00697012326
9,17353,301161315,441,-1159.6666666666667,1159.6666666666667,826.3809510089618,5936.777416947298,1765.3730484789296,1.4033075971206537,0.19533605274744653,-69545.00697012326
9,18243,332843535,2,4682.0,4682.0,12900.456096588214,2152.474537074566,2152.474537074566,0.3629329044605058,2.175170911133434,-69544.85903849185
9,18243,332843535,3,0.0,0.0,10533.178295272515,5569.395506322384,4620.525739817576,0.0,0.0,-69544.85903849185
9,18243,332843535,4,20393.0,20393.0,9121.999986296865,6772.280134886503,5796.82594364148,2.235584305046537,3.0112457833733375,-69544.85903849185
9,18243,332843535,5,0.0,0.0,8158.964824044776,7513.321240067482,5171.880343946313,0.0,0.0,-69544.85903849185
9,18243,332843535,6,-4585.666666666667,4585.666666666667,7448.081800034154,5579.099566847086,4622.7949255310705,0.6156842512988564,0.821936696365174,-69544.85903849185
9,18243,332843535,7,32215.85714285714,32215.85714285714,6895.583835221744,7291.502951972187,4622.950408061273,4.671954966061429,4.418273894292737,-69544.85903849185
9,18243,332843535,9,-281.3333333333333,281.3333333333333,6081.33332419791,3912.3153887689114,2737.7134113533984,0.046261784765833314,0.07190967633666684,-69544.85903849185
9,18243,332843535,10,-18147.4,18147.4,5769.259354544568,7518.173270329833,5172.387412009354,3.1455337478813306,2.413804437258447,-69544.85903849185
9,18243,332843535,12,-3058.1666666666665,3058.1666666666665,5266.589147636258,10654.123540475965,6214.369681062386,0.5806731037751878,0.2870406613034304,-69544.85903849185
9,18243,332843535,14,-6261.357142857143,6261.357142857143,4875.914090125636,7297.741276599467,4624.71476083646,1.2841401688223364,0.857985629462429,-69544.85903849185
9,18243,332843535,15,0.0,0.0,4710.580537470939,10423.605471476912,4756.694305092726,0.0,0.0,-69544.85903849185
9,18243,332843535,20,13019.9,13019.9,4079.482412022388,6829.7790073007345,3485.8576568341723,3.19155684104186,1.9063427947056995,-69544.85903849185
9,18243,332843535,21,1947.6666666666667,1947.6666666666667,3981.1671834849067,6827.991822492331,3671.652232732483,0.48922001435814627,0.28524736369056397,-69544.85903849185
9,18243,332843535,25,-17137.2,17137.2,3648.7999945187457,9555.35515232198,3981.1691286814985,4.6966674045559165,1.7934655203093743,-69544.85903849185
9,18243,332843535,28,4845.714285714285,4845.714285714285,3447.791917610872,6165.501918200403,3965.35112092787,1.4054543897974259,0.7859399526597926,-69544.85903849185
9,18243,332843535,30,-6735.866666666667,6735.866666666667,3330.883441371073,10423.605471476912,4755.164874975114,2.02224628547615,0.646212741368488,-69544.85903849185
9,18243,332843535,35,16210.4,16210.4,3083.798840020906,8125.480054687709,3400.5836094897936,5.256633406052551,1.9950082814673802,-69544.85903849185
9,18243,332843535,49,4028.714285714286,4028.714285714286,2606.285710370533,8857.568725774065,3408.952153861421,1.5457684741484186,0.45483296945711427,-69544.85903849185
9,18243,332843535,63,723.5238095238095,723.5238095238095,2298.527945073915,7572.357713041827,3399.4304908886197,0.3147770341772124,0.09554802307842493,-69544.85903849185
9,18243,332843535,105,-6800.866666666667,6800.866666666667,1780.4320904127258,8467.652741167694,2871.8872273123525,3.819784367675682,0.8031584282622368,-69544.85903849185
9,18243,332843535,210,1105.6333333333334,1105.6333333333334,1258.9556045729787,8467.652741167694,2871.8871835990312,0.8782147117160258,0.13057140711002585,-69544.85903849185
9,18243,332843535,225,-28649.2,28649.2,1216.266664839582,6544.070636641234,2479.1734305865425,23.555031826658382,4.377886729948914,-69544.85903849185
9,18243,332843535,441,-8793.285714285714,8793.285714285714,868.7619034568443,6754.955136675388,1914.6931738384528,10.121629043926557,1.3017533849401017,-69544.85903849185
9,19179,367872399,2,4682.0,4682.0,13562.308044724541,1306.2213535904884,1306.2213535904884,0.34522147591399105,3.5843848266071503,-69544.73873849282
9,19179,367872399,3,0.0,0.0,11073.578148006181,7890.653480738401,7267.282672505719,0.0,0.0,-69544.73873849282
9,19179,367872399,4,20393.0,20393.0,9589.99998696559,922.6988905966282,706.5630688500012,2.126485925726537,22.10146799549487,-69544.73873849282
9,19179,367872399,5,2268.4,2268.4,8577.55675003086,6330.203660160303,3879.9067147136766,0.26445759160868726,0.35834550067897125,-69544.73873849282
9,19179,367872399,6,-4585.666666666667,4585.666666666667,7830.2022004543405,7900.3575412631035,7268.16071378327,0.5856383461464875,0.5804378653391317,-69544.73873849282
9,19179,367872399,7,3378.714285714286,3378.714285714286,7249.358582463889,3451.9052009806037,2399.444588763395,0.46607079057826645,0.978796950957539,-69544.73873849282
9,19179,367872399,9,-281.3333333333333,281.3333333333333,6393.333324643726,6428.0763423368335,4466.270378892332,0.0440041710712793,0.04376633355774034,-69544.73873849282
9,19179,367872399,10,-673.4,673.4,6065.2485439592665,6335.055690422654,3880.3180719845864,0.11102595303710648,0.10629740809035776,-69544.73873849282
9,19179,367872399,12,-3058.1666666666665,3058.1666666666665,5536.789074003091,4257.475154876709,3663.309526048853,0.552335771833117,0.7183052291364991,-69544.73873849282
9,19179,367872399,14,-784.3571428571429,784.3571428571429,5126.070612913114,3458.8366727903485,2399.1651795263633,0.1530133316699275,0.22676906054207474,-69544.73873849282
9,19179,367872399,15,-3226.3333333333335,3226.3333333333335,4952.254698619609,11272.896518692374,5152.115609530786,0.6514877625806769,0.2862026922702187,-69544.73873849282
9,19179,367872399,20,20255.4,20255.4,4288.77837501543,5945.351394072175,2568.474776747936,4.722883354849765,3.4069306685885197,-69544.73873849282
9,19179,367872399,21,18904.333333333332,18904.333333333332,4185.419129037651,5043.5834441185,3162.663634911816,4.5167121261951095,3.74819481878075,-69544.73873849282
9,19179,367872399,25,2132.8,2132.8,3835.9999947862357,9396.915686052293,4331.194159216769,0.5559958297442209,0.22696808945148722,-69544.73873849282
9,19179,367872399,28,-10256.785714285714,10256.785714285714,3624.6792912319447,8450.68553360179,4361.87047516381,2.8297084763048566,1.2137223274375162,-69544.73873849282
9,19179,367872399,30,-7390.033333333334,7390.033333333334,3501.7728795568682,11272.896518692374,5150.986205136311,2.1103691151633184,0.6555576307366439,-69544.73873849282
9,19179,367872399,35,1477.5428571428572,1477.5428571428572,3242.0117167321546,6738.140050139278,2882.5289586386193,0.4557487715165242,0.21928052046236648,-69544.73873849282
9,19179,367872399,49,-31458.14285714286,31458.14285714286,2739.9999962758825,8853.920146031305,3758.9629867177346,11.481074051058295,3.5530185881836425,-69544.73873849282
9,19179,367872399,63,-44358.142857142855,44358.142857142855,2416.4528608212963,8743.911436297,3601.613435585816,18.35671764027979,5.07303203838582,-69544.73873849282
9,19179,367872399,105,1760.3714285714286,1760.3714285714286,1871.77633737123,8177.356877988204,3000.572952744732,0.94048171965019,0.21527389043151504,-69544.73873849282
9,19179,367872399,210,6868.252380952381,6868.252380952381,1323.5457410197157,8177.356877988204,3000.5592963254785,5.189282219789993,0.8399110474730939,-69544.73873849282
9,19179,367872399,225,-58109.73333333333,58109.73333333333,1278.6666649287451,7789.027874242049,2672.7273896031384,45.44556836208094,7.460460313089841,-69544.73873849282
9,19179,367872399,441,-27095.04761904762,27095.04761904762,913.3333320919609,7152.540559396846,2037.5092763143946,29.66611057212516,3.7881711252165857,-69544.73873849282
9,20162,406546568,2,0.0,0.0,14257.394011529597,2071.3184301257133,2071.3184301257133,0.0,0.0,-69544.6359191817
9,20162,406546568,3,2678.3333333333335,2678.3333333333335,11641.113463353351,2612.1051885783672,1886.2583073922067,0.23007535677448934,1.0253543176762383,-69544.6359191817
9,20162,406546568,4,24866.0,24866.0,10081.499987601052,3863.370803207159,3011.4021406426846,2.4664980439996014,6.436348273729668,-69544.6359191817
9,20162,406546568,5,3868.8,3868.8,9017.167714975694,5272.513426169753,3313.9675236335875,0.4290482468874018,0.7337676905282936,-69544.6359191817
9,20162,406546568,6,-3319.5,3319.5,8231.510270499171,2602.401128023863,1880.948678725388,0.4032674309958312,1.2755527824877124,-69544.6359191817
9,20162,406546568,7,-1579.7142857142858,1579.7142857142858,7620.897659912324,7207.046935215592,4557.876077866716,0.2072871669729862,0.2191902314379794,-69544.6359191817
9,20162,406546568,9,-2121.6666666666665,2121.6666666666665,6720.999991734035,9676.108125701547,5316.760097788195,0.31567723095908995,0.21926859839764754,-69544.6359191817
9,20162,406546568,10,1358.0,1358.0,6376.100438355719,5267.661395907402,3313.212792745243,0.21298284321728841,0.2577994100104971,-69544.6359191817
9,20162,406546568,12,2853.8333333333335,2853.8333333333335,5820.556731676676,6858.3166046738625,4477.732213216961,0.49030246845669956,0.416112801119225,-69544.6359191817
9,20162,406546568,14,-1982.0,1982.0,5388.788414052696,7213.978407025337,4558.360696254824,0.3678006720084628,0.2747443765661716,-69544.6359191817
9,20162,406546568,15,1660.0,1660.0,5206.06420756922,8739.00364625454,4511.6410726825325,0.3188589179492805,0.18995300462100864,-69544.6359191817
9,20162,406546568,20,339.8,339.8,4508.583857487847,6510.809481061995,3431.7108345173037,0.0753673460981902,0.05219013104105979,-69544.6359191817
9,20162,406546568,21,19472.714285714286,19472.714285714286,4399.92731541697,7503.036505758762,3437.3189040688394,4.425689992078633,2.5953111477957633,-69544.6359191817
9,20162,406546568,25,-7651.0,7651.0,4032.5999950404207,7126.025360208005,3444.406526451437,1.8972871123864865,1.0736700493270026,-69544.6359191817
9,20162,406546568,28,-1288.7857142857142,1288.7857142857142,3810.448829956162,5950.014634400606,3218.659276183957,0.3382241231410372,0.2166021083098637,-69544.6359191817
9,20162,406546568,30,-4877.266666666666,4877.266666666666,3681.2433044647655,8739.00364625454,4510.122764873348,1.3248965806610267,0.5581032877537498,-69544.6359191817
9,20162,406546568,35,19800.514285714286,19800.514285714286,3408.169043426606,8477.577870458364,3140.903943873116,5.8097218868600065,2.3356334307128828,-69544.6359191817
9,20162,406546568,49,-2592.285714285714,2592.285714285714,2880.4285678860147,8020.468986647204,3623.61378449978,0.8999652840508479,0.32320874485038903,-69544.6359191817
9,20162,406546568,63,3035.7619047619046,3035.7619047619046,2540.2992199707746,7772.638803483918,3699.489976068408,1.195041072679946,0.39057030456647357,-69544.6359191817
9,20162,406546568,105,1462.4571428571428,1462.4571428571428,1967.7073146661005,7797.698065822944,3097.955436747744,0.7432290015679017,0.18754985516392905,-69544.6359191817
9,20162,406546568,210,-1449.9809523809524,1449.9809523809524,1391.3791855907714,7797.698065822944,3097.99088417037,1.042117754381455,0.18594987137757638,-69544.6359191817
9,20162,406546568,225,-8994.133333333333,8994.133333333333,1344.1999983468068,7209.63179821847,2649.7477575890825,6.691067805679929,1.2475163205360669,-69544.6359191817
9,20162,406546568,441,-21210.714285714286,21210.714285714286,960.1428559620049,6599.46226985706,2097.473463340172,22.091206692844096,3.2140064475546577,-69544.6359191817
9,21196,449312808,2,0.0,0.0,14988.542424131841,2469.4332683086395,2469.4332683086395,0.0,0.0,-69544.54491477323
9,21196,449312808,3,0.0,0.0,12238.093642393818,3658.119400382042,2719.8974943950634,0.0,0.0,-69544.54491477323
9,21196,449312808,4,24866.0,24866.0,10598.499988205878,2853.6629428863525,2036.0531267143022,2.346181065968877,8.713713040983443,-69544.54491477323
9,21196,449312808,5,3868.8,3868.8,9479.586573263625,5483.624390348792,3730.3843763602954,0.4081190640646317,0.7055187818496665,-69544.54491477323
9,21196,449312808,6,0.0,0.0,8653.639003332644,3648.4153398275375,2715.50668930545,0.0,0.0,-69544.54491477323
9,21196,449312808,7,0.0,0.0,8011.712925461072,7176.718593031168,5005.3788944496955,0.0,0.0,-69544.54491477323
9,21196,449312808,9,6614.333333333333,6614.333333333333,7065.666658803919,6862.92750403285,4656.244468921615,0.9361230373204461,0.9637772407542646,-69544.54491477323
9,21196,449312808,10,1358.0,1358.0,6703.0799487996555,5478.772360086441,3729.584430617486,0.20259343620736345,0.24786574632908717,-69544.54491477323
9,21196,449312808,12,1513.3333333333333,1513.3333333333333,6119.046821196909,7613.729162544012,5224.904049593907,0.2473152073442248,0.19876374651967207,-69544.54491477323
9,21196,449312808,14,0.0,0.0,5665.136538513437,7183.650064840913,5005.063870649676,0.0,0.0,-69544.54491477323
9,21196,449312808,15,-8116.0,8116.0,5473.041859880116,6861.598750762641,4392.894636156453,1.4829047918478329,1.1828147192515355,-69544.54491477323
9,21196,449312808,20,339.8,339.8,4739.793286631812,10052.388053938746,4488.361846959288,0.0716908901825692,0.03380291311643693,-69544.54491477323
9,21196,449312808,21,0.0,0.0,4625.564614184954,9897.675481379032,4539.091058671462,0.0,0.0,-69544.54491477323
9,21196,449312808,25,-10183.2,10183.2,4239.3999952823515,8187.707634460181,4037.0690987873004,2.4020380269217276,1.243718077712161,-69544.54491477323
9,21196,449312808,28,-9804.285714285714,9804.285714285714,4005.856462730536,7579.249856650829,3419.7014621845565,2.4474880229739333,1.293569403267845,-69544.54491477323
9,21196,449312808,30,-4421.666666666667,4421.666666666667,3870.0250128390644,6856.74672049284,4391.828757949961,1.1425421417167834,0.6448636426151748,-69544.54491477323
9,21196,449312808,35,15576.714285714286,15576.714285714286,3582.9469435089322,6486.298391997814,2702.2675988485394,4.347458818482907,2.4014797569182713,-69544.54491477323
9,21196,449312808,49,-1703.142857142857,1703.142857142857,3028.142853773108,9786.584758341312,4202.366077852463,0.5624380814863861,0.17402831520886106,-69544.54491477323
9,21196,449312808,63,-35858.57142857143,35858.57142857143,2670.5709751536906,8260.306668382138,3891.984487552762,13.427305157657447,4.341070237237897,-69544.54491477323
9,21196,449312808,105,-320.23809523809524,320.23809523809524,2068.615382327029,8598.938966905698,2956.228877596476,0.15480794447049537,0.03724158253367996,-69544.54491477323
9,21196,449312808,210,16264.833333333334,16264.833333333334,1462.7319645102448,8601.018408447504,2956.258524011503,11.119489918837703,1.8910357542496132,-69544.54491477323
9,21196,449312808,225,-12816.2,12816.2,1413.1333317607837,8148.43374385545,2747.206810655779,9.069349446333446,1.5728421440088909,-69544.54491477323
9,21196,449312808,441,-40827.333333333336,40827.333333333336,1009.3809512577027,6901.396177746123,2201.5313156492034,40.44789361485563,5.91580779914983,-69544.54491477323
9,22282,496532088,2,0.0,0.0,15756.460389313332,8791.649561882019,8791.649561882019,0.0,0.0,-69544.4625848489
9,22282,496532088,3,0.0,0.0,12865.096035397482,7680.869302153587,5487.657555546245,0.0,0.0,-69544.4625848489
9,22282,496532088,4,24866.0,24866.0,11141.499988780684,14687.64259326458,11191.281868827631,2.2318359309823337,1.6929878189848508,-69544.4625848489
9,22282,496532088,5,3868.8,3868.8,9965.260538490702,12052.122473582625,6180.176267705931,0.38822868554783946,0.32100569907749676,-69544.4625848489
9,22282,496532088,6,0.0,0.0,9096.996647245727,7671.165241599083,5479.887633627666,0.0,0.0,-69544.4625848489
9,22282,496532088,7,32215.85714285714,32215.85714285714,8422.182343583605,8773.929456815124,4973.034949016168,3.8251198832569355,3.671770704497011,-69544.4625848489
9,22282,496532088,9,-281.3333333333333,281.3333333333333,7427.6666591871235,3086.9320268929005,2354.276329601097,0.03787640806219515,0.09113687340129244,-69544.4625848489
9,22282,496532088,10,1358.0,1358.0,7046.503303057481,12047.270443320274,6178.452341591263,0.19271969962900082,0.1127226292784816,-69544.4625848489
9,22282,496532088,12,1513.3333333333333,1513.3333333333333,6432.548017698741,16710.290130883455,9681.012261111939,0.23526187898939802,0.09056295979783356,-69544.4625848489
9,22282,496532088,14,1084.5,1084.5,5955.382247537576,8767.691132187843,4971.572373837403,0.1821041798699685,0.12369276969835269,-69544.4625848489
9,22282,496532088,15,-8116.0,8116.0,5753.445854442361,9289.401980891824,5051.504461790722,1.4106328981498033,0.8736837975893932,-69544.4625848489
9,22282,496532088,20,339.8,339.8,4982.630269245351,12560.286137990654,4953.763977817573,0.06819691240134194,0.027053523802472855,-69544.4625848489
9,22282,496532088,21,1947.6666666666667,1947.6666666666667,4862.549243232108,5406.821194089949,3515.587010757045,0.40054435836871116,0.36022398314107534,-69544.4625848489
9,22282,496532088,25,-8484.6,8484.6,4456.599995512274,11171.998585220426,4707.734718457745,1.903828032254153,0.7594522981075545,-69544.4625848489
9,22282,496532088,28,-8889.785714285714,8889.785714285714,4211.0911717918025,7124.7575338333845,3576.326019934613,2.111040904037978,1.2477316837900416,-69544.4625848489
9,22282,496532088,30,-4421.666666666667,4421.666666666667,4068.3005788658243,9289.401980891824,5050.300861178728,1.08685840216343,0.4759904540423567,-69544.4625848489
9,22282,496532088,35,8333.114285714286,8333.114285714286,3766.5144478302864,6612.093889527023,3166.472980381392,2.2124206348165223,1.2602837202468054,-69544.4625848489
9,22282,496532088,49,-39338.857142857145,39338.857142857145,3183.2857110801956,10972.794185239822,4293.861994963876,12.357941043723704,3.5851266759176306,-69544.4625848489
9,22282,496532088,63,723.5238095238095,723.5238095238095,2807.3941145278686,9677.120698777959,3836.11418662128,0.25772078304918994,0.07476643436049911,-69544.4625848489
9,22282,496532088,105,-2552.1047619047617,2552.1047619047617,2174.5981303614303,8260.097735896707,3072.3553481652402,1.1735983427340608,0.30896786497014833,-69544.4625848489
9,22282,496532088,210,20316.766666666666,20316.766666666666,1537.6730843341554,8260.097735896707,3072.370230194508,13.212669762938752,2.459627878054533,-69544.4625848489
9,22282,496532088,225,-22187.533333333333,22187.533333333333,1485.5333318374246,8940.149123528507,2919.294970768009,14.935735777729096,2.4817855973946368,-69544.4625848489
9,22282,496532088,441,-7643.285714285715,7643.285714285715,1061.0952370267319,5546.065987551585,2224.985997465063,7.2032042436669235,1.3781454694988198,-69544.4625848489
9,23425,548777475,2,4682.0,4682.0,16564.683440983714,7109.673892855644,7109.673892855644,0.2826495306524224,0.6585393466084063,-69544.38664842215
9,23425,548777475,3,0.0,0.0,13525.00739371332,10559.248271226883,7854.920040012979,0.0,0.0,-69544.38664842215
9,23425,548777475,4,20393.0,20393.0,11712.999989328096,4686.019843816757,3730.4745973307276,1.7410569468607864,4.351880845513008,-69544.38664842215
9,23425,548777475,5,0.0,0.0,10476.425678636775,10297.768061995506,5243.5451499377,0.0,0.0,-69544.38664842215
9,23425,548777475,6,-4585.666666666667,4585.666666666667,9563.624443692883,10568.952331781387,7859.164600807457,0.47949045821125585,0.4338809110603451,-69544.38664842215
9,23425,548777475,7,-1579.7142857142858,1579.7142857142858,8854.195736646958,6346.84207034111,4196.931118156689,0.17841420414684847,0.24889768300621734,-69544.38664842215
9,23425,548777475,9,-281.3333333333333,281.3333333333333,7808.666659552065,7105.9087096601725,4687.859598981107,0.03602834460723051,0.039591464628707225,-69544.38664842215
9,23425,548777475,10,-18147.4,18147.4,7407.951639960941,10302.620092272758,5245.13690365939,2.4497190157272253,1.7614354249178845,-69544.38664842215
9,23425,548777475,12,-3058.1666666666665,3058.1666666666665,6762.50369685666,7315.9686822891235,4744.086391672527,0.4522240288146771,0.41801254208072747,-69544.38664842215
9,23425,548777475,14,-3194.8571428571427,3194.8571428571427,6260.861847336082,6353.0803949683905,4198.078051441697,0.5102903115833028,0.5028831597011514,-69544.38664842215
9,23425,548777475,15,0.0,0.0,6048.56718570605,7709.4167238771915,3801.9166072559515,0.0,0.0,-69544.38664842215
9,23425,548777475,20,13019.9,13019.9,5238.2128393183875,8887.761821731925,3661.078297088435,2.4855614690322874,1.4649244951821696,-69544.38664842215
9,23425,548777475,21,6859.0,6859.0,5111.972292010757,6257.174859628081,3492.273339526534,1.341752186474012,1.0961816081335611,-69544.38664842215
9,23425,548777475,25,2927.6,2927.6,4685.199995731239,10685.845923859626,3490.7866497183654,0.6248612658301425,0.2739698869757406,-69544.38664842215
9,23425,548777475,28,-11862.785714285714,11862.785714285714,4427.097868323479,7757.016589410603,4818.576453437189,2.6795851519718257,1.5292974531574486,-69544.38664842215
9,23425,548777475,30,-6735.866666666667,6735.866666666667,4276.982873475179,7714.268754154444,3803.5171318112875,1.5749108345607121,0.8731698209294474,-69544.38664842215
9,23425,548777475,35,-12148.2,12148.2,3959.7167106462844,7137.672075029463,3715.8388535353724,3.0679467466290626,1.7019834859742917,-69544.38664842215
9,23425,548777475,49,-6678.142857142857,6678.142857142857,3346.5714255223133,13954.19102022238,4961.074589034435,1.9955178025523752,0.4785761387001875,-69544.38664842215
9,23425,548777475,63,-33494.80952380953,33494.80952380953,2951.398578882319,8992.219942582771,4161.089482726596,11.348792319502254,3.7248654656670968,-69544.38664842215
9,23425,548777475,105,11351.2,11351.2,2286.1435088062917,8284.500710664317,3208.3983153289246,4.96521760610165,1.3701730975033946,-69544.38664842215
9,23425,548777475,210,-4622.666666666667,4622.666666666667,1616.5475778425364,8284.500710664317,3208.5203822474314,2.859592089974941,0.5579897724815314,-69544.38664842215
9,23425,548777475,225,905.1333333333333,905.1333333333333,1561.733331910413,7568.239753047936,3227.592250951775,0.579569709398541,0.11959628168079792,-69544.38664842215
9,23425,548777475,441,-13380.285714285714,13380.285714285714,1115.5238085074377,7170.684261342511,2469.702279403117,11.994621371809565,1.8659705582658896,-69544.38664842215
9,24626,606489128,2,0.0,0.0,17413.918685924775,6252.295600414276,6252.295600414276,0.0,0.0,-69544.31579778246
9,24626,606489128,3,2678.3333333333335,2678.3333333333335,14218.405067611016,5373.529112458229,3850.1700630686996,0.1883708700516962,0.49843097102121703,-69544.31579778246
9,24626,606489128,4,24866.0,24866.0,12313.49998984854,5443.469691812992,3891.3726055331285,2.0194095927640356,4.568042334726066,-69544.31579778246
9,24626,606489128,5,3868.8,3868.8,11013.529207297723,10099.571571052074,7498.511533245335,0.3512770454575521,0.38306575410475424,-69544.31579778246
9,24626,606489128,6,-3319.5,3319.5,10053.930640964922,5363.825051903725,3842.216221010347,0.3301693753957917,0.6188680592447446,-69544.31579778246
9,24626,606489128,7,0.0,0.0,9308.131069124456,9264.28345824778,5196.135805539149,0.0,0.0,-69544.31579778246
9,24626,606489128,9,-2121.6666666666665,2121.6666666666665,8208.99999323236,6115.916886597872,3010.7698186353973,0.258456166209746,0.3469090090671418,-69544.31579778246
9,24626,606489128,10,1358.0,1358.0,7787.7411872763205,10094.026393651962,7497.268185039262,0.17437662183981054,0.13453501576477286,-69544.31579778246
9,24626,606489128,12,2853.8333333333335,2853.8333333333335,7109.202533805508,5832.359787404537,3000.060714032845,0.4014280532539134,0.4893102341690961,-69544.31579778246
9,24626,606489128,14,0.0,0.0,6581.842599151092,9257.351986438036,5195.646760448356,0.0,0.0,-69544.31579778246
9,24626,606489128,15,1660.0,1660.0,6358.664052561146,8537.904269576073,4172.4198234064925,0.2610611264061646,0.19442710384036935,-69544.31579778246
9,24626,606489128,20,339.8,339.8,5506.764603648861,11274.245747819543,5595.461329784189,0.06170592434164403,0.030139488494449206,-69544.31579778246
9,24626,606489128,21,2850.714285714286,2850.714285714286,5374.051978411324,9427.319361999631,4788.904951107632,0.5304590088012162,0.3023886405296892,-69544.31579778246
9,24626,606489128,25,17353.2,17353.2,4925.399995939416,9421.57449311763,4408.881843473471,3.5232062399614805,1.8418577502811602,-69544.31579778246
9,24626,606489128,28,-9804.285714285714,9804.285714285714,4654.065534562228,11910.900261700153,7161.426421270674,2.106606716531319,0.8231355732036209,-69544.31579778246
9,24626,606489128,30,-4877.266666666666,4877.266666666666,4496.2544708531195,8537.904269576073,4172.38962110147,1.0847399092474528,0.5712486943717904,-69544.31579778246
9,24626,606489128,35,15576.714285714286,15576.714285714286,4162.722762808015,12719.559002161026,5445.616394212644,3.7419533255697344,1.2246269138000645,-69544.31579778246
9,24626,606489128,49,-1703.142857142857,1703.142857142857,3518.14285424244,10567.43237121217,4940.372442774226,0.48410281438375363,0.16116903305504598,-69544.31579778246
9,24626,606489128,63,-32334.238095238095,32334.238095238095,3102.7103563748187,8444.560229696333,3796.739838600022,10.421287964828645,3.8290020102563513,-69544.31579778246
9,24626,606489128,105,-170.8095238095238,170.8095238095238,2403.3491076689907,11067.56507993117,3798.805765567364,0.07107145743599107,0.015433342616548325,-69544.31579778246
9,24626,606489128,210,18948.91904761905,18948.91904761905,1699.4244515913813,11067.56507993117,3798.815765961137,11.150197956652226,1.7121127285692812,-69544.31579778246
9,24626,606489128,225,-16388.133333333335,16388.133333333335,1641.799998646472,10250.713674964383,3409.467741083687,9.981808592303565,1.5987309618605923,-69544.31579778246
9,24626,606489128,441,-27704.52380952381,27704.52380952381,1172.71428474748,8052.30209600972,2640.22305802564,23.624274190101993,3.4405718363761655,-69544.31579778246
9,25889,670292099,2,4682.0,4682.0,18306.99455126373,5165.865859508514,5165.865859508514,0.2557492431042867,0.9063340255694231,-69544.24894460612
9,25889,670292099,3,2678.3333333333335,2678.3333333333335,14947.598458169348,4775.242424249649,3387.9036103204576,0.1791815147315211,0.5608790288284033,-69544.24894460612
9,25889,670292099,4,20393.0,20393.0,12944.999990343762,8389.33289039135,6354.98414826761,1.5753572819785264,2.4308249853044868,-69544.24894460612
9,25889,670292099,5,2268.4,2268.4,11578.35997885711,9868.323568373919,6724.406362265609,0.19591721143082924,0.22986680405066837,-69544.24894460612
9,25889,670292099,6,-1266.1666666666667,1266.1666666666667,10569.548232225128,4764.84521651268,3380.0220447190377,0.11979383024208123,0.2657309123659961,-69544.24894460612
9,25889,670292099,7,-1579.7142857142858,1579.7142857142858,9785.500198909464,10455.603305205703,5143.301190036138,0.1614341887081394,0.15108781766115473,-69544.24894460612
9,25889,670292099,9,-2121.6666666666665,2121.6666666666665,8629.99999356251,6053.509135693312,3777.811146723525,0.2458478178736164,0.35048541583206366,-69544.24894460612
9,25889,670292099,10,-673.4,673.4,8187.136856068793,9873.17559865117,6723.287376955681,0.08225097635943826,0.06820500590428037,-69544.24894460612
9,25889,670292099,12,1476.8333333333333,1476.8333333333333,7473.799229084674,5635.107395738363,4212.224497857902,0.19760141904617404,0.2620772293444152,-69544.24894460612
9,25889,670292099,14,-3194.8571428571427,3194.8571428571427,6919.393547951191,10455.603305205703,5145.3581790543085,0.4617250226796435,0.30556411233261566,-69544.24894460612
9,25889,670292099,15,202.66666666666666,202.66666666666666,6684.769250567541,13905.738055184484,6483.0615496468545,0.03031767575963226,0.014574319310660848,-69544.24894460612
9,25889,670292099,20,20255.4,20255.4,5789.179989428555,13864.290574669838,7024.984129199199,3.498837492872526,1.4609763039016772,-69544.24894460612
9,25889,670292099,21,19472.714285714286,19472.714285714286,5649.661173995515,14877.196910485625,5175.3718741513385,3.446704799810663,1.3088967231447803,-69544.24894460612
9,25889,670292099,25,2132.8,2132.8,5177.999996137505,13867.982811614871,5964.802610289558,0.4118964854366451,0.15379309514385273,-69544.24894460612
9,25889,670292099,28,-11862.785714285714,11862.785714285714,4892.750099454732,9290.216574057937,5744.614261840305,2.4245639922643405,1.2769116435252368,-69544.24894460612
9,25889,670292099,30,-462.93333333333334,462.93333333333334,4726.845667743623,13905.738055184484,6482.398960540304,0.09793705271412345,0.033290813583298995,-69544.24894460612
9,25889,670292099,35,16623.942857142858,16623.942857142858,4376.208727719854,13371.306389473379,5393.991993994812,3.798708857702148,1.2432549500346601,-69544.24894460612
9,25889,670292099,49,23029.428571428572,23029.428571428572,3698.5714258125035,12026.881308132783,5095.136522627278,6.2265739714272135,1.9148296205314406,-69544.24894460612
9,25889,670292099,63,3035.7619047619046,3035.7619047619046,3261.8333996364877,13255.172866292298,4781.3765956062025,0.9306918940434611,0.22902469363351727,-69544.24894460612
9,25889,670292099,105,12920.314285714287,12920.314285714287,2526.605286979048,11094.038358069956,4625.563117908965,5.113705077836888,1.1646177765660843,-69544.24894460612
9,25889,670292099,210,-3849.5,3849.5,1786.5797318046677,11094.038358069956,4625.573518090087,2.1546757368122194,0.3469881638907279,-69544.24894460612
9,25889,670292099,225,1042.6666666666667,1042.6666666666667,1725.9999987125016,9979.969522646628,3716.1142512287247,0.6040942453328141,0.10447593695558278,-69544.24894460612
9,25889,670292099,441,-13629.047619047618,13629.047619047618,1232.8571419375012,7427.677059123758,2705.9653909271083,11.054847439687,1.8349004016412414,-69544.24894460612
9,27216,740765088,2,0.0,0.0,19245.325250564096,443.5050983428955,443.5050983428955,0.0,0.0,-69544.185390794
9,27216,740765088,3,0.0,0.0,15713.742265927616,7644.9450650811195,7426.345942840861,0.0,0.0,-69544.185390794
9,27216,740765088,4,24866.0,24866.0,13608.499990814564,5971.542942762375,5754.065121715829,1.8272403289696881,4.164082924353424,-69544.185390794
9,27216,740765088,5,3868.8,3868.8,12171.812420506652,5572.853580981493,3956.7864486099165,0.3178491309545634,0.6942224380706995,-69544.185390794
9,27216,740765088,6,0.0,0.0,11111.293714055082,7634.5478573441505,7425.705970653882,0.0,0.0,-69544.185390794
9,27216,740765088,7,0.0,0.0,10287.0590549486,8101.565886959434,5025.675649632328,0.0,0.0,-69544.185390794
9,27216,740765088,9,-281.3333333333333,281.3333333333333,9072.33332720971,13611.408132761717,7458.664128658704,0.031010030516577185,0.020668936717589376,-69544.185390794
9,27216,740765088,10,1358.0,1358.0,8606.771101870898,5577.705611258745,3956.601252992175,0.1577827484809959,0.24346928551747898,-69544.185390794
9,27216,740765088,12,1513.3333333333333,1513.3333333333333,7856.871132963808,8151.592695146799,4984.325929212188,0.19261272174671218,0.18564879158330913,-69544.185390794
9,27216,740765088,14,0.0,0.0,7274.049216220633,8101.565886959434,5026.060104014019,0.0,0.0,-69544.185390794
9,27216,740765088,15,-8116.0,8116.0,7027.399177505146,8113.111415579915,3947.6169278300367,1.154908066981521,1.0003560390424984,-69544.185390794
9,27216,740765088,20,339.8,339.8,6085.906210253326,8501.864979326725,4755.154283491093,0.05583391992264301,0.039967701301568924,-69544.185390794
9,27216,740765088,21,0.0,0.0,5939.236314544152,11833.247178524733,4700.143356808577,0.0,0.0,-69544.185390794
9,27216,740765088,25,-8484.6,8484.6,5443.399996325826,13507.64605742693,6770.456185792349,1.5586949343658223,0.6281331302233004,-69544.185390794
9,27216,740765088,28,-9804.285714285714,9804.285714285714,5143.5295274743,9445.824264742434,5849.11559941406,1.9061396774172015,1.0379491973909865,-69544.185390794
9,27216,740765088,30,-4421.666666666667,4421.666666666667,4969.121612518656,8113.111415579915,3947.902013802412,0.8898286279666026,0.5450025816452579,-69544.185390794
9,27216,740765088,35,15576.714285714286,15576.714285714286,4600.512667083964,12109.398744795471,5588.45572502581,3.3858648835299463,1.2863325928885645,-69544.185390794
9,27216,740765088,49,-19129.714285714286,19129.714285714286,3888.1428545184467,13736.564541451633,5693.096493924532,4.920013230348125,1.3926127037068268,-69544.185390794
9,27216,740765088,63,1678.857142857143,1678.857142857143,3429.019684982867,12368.16252683103,4749.806402638258,0.48960265530395497,0.13574022327205781,-69544.185390794
9,27216,740765088,105,-320.23809523809524,320.23809523809524,2656.107226751209,10355.859557852149,4752.175536358814,0.12056670454143949,0.030923371782816456,-69544.185390794
9,27216,740765088,210,16264.833333333334,16264.833333333334,1878.1514315943748,10355.859557852149,4752.137467752035,8.660022328192149,1.5705923050106265,-69544.185390794
9,27216,740765088,225,-22187.533333333333,22187.533333333333,1814.4666654419418,10875.108754420653,3824.239071781653,12.22812948615356,2.0402125472367585,-69544.185390794
9,27216,740765088,441,-6005.0952380952385,6005.0952380952385,1296.0476181728156,9023.689840634353,2819.905120912122,4.633390898523696,0.6654811218193519,-69544.185390794
9,28612,818703768,2,0.0,0.0,20232.446317734295,5208.451069355011,5208.451069355011,0.0,0.0,-69544.12448301673
9,28612,818703768,3,0.0,0.0,16519.723242233813,6449.6315934062,4644.21509346242,0.0,0.0,-69544.12448301673
9,28612,818703768,4,24866.0,24866.0,14306.499991262714,4282.317366659641,3098.0611015832637,1.7380910785437529,5.806669116492026,-69544.12448301673
9,28612,818703768,5,3868.8,3868.8,12796.12260022543,4274.97866204381,3552.3710922761834,0.3023415858747589,0.904986973233307,-69544.12448301673
9,28612,818703768,6,0.0,0.0,11681.208327908547,6439.234385669231,4638.299056524001,0.0,0.0,-69544.12448301673
9,28612,818703768,7,-1579.7142857142858,1579.7142857142858,10814.697459608251,10688.914815485477,6327.880605310092,0.1460710566906149,0.14778995931614008,-69544.12448301673
9,28612,818703768,9,6614.333333333333,6614.333333333333,9537.666660841809,11280.800083100796,6506.275704841564,0.6934959637968247,0.5863354801617251,-69544.12448301673
9,28612,818703768,10,1358.0,1358.0,9048.225063513837,4280.523839443922,3550.8040812699505,0.15008468406428285,0.3172508905303553,-69544.12448301673
9,28612,818703768,12,1513.3333333333333,1513.3333333333333,8259.861621116906,5373.282701969147,3877.985917305205,0.18321533734468287,0.2816403709372563,-69544.12448301673
9,28612,818703768,14,-1982.0,1982.0,7647.145910169923,10695.153140097857,6327.942071806368,0.2591816637582582,0.18531758956953706,-69544.12448301673
9,28612,818703768,15,-8116.0,8116.0,7387.844827823606,10608.707698449492,6502.864653177997,1.0985612433864427,0.7650319181841713,-69544.12448301673
9,28612,818703768,20,339.8,339.8,6398.061300112715,11078.14693146944,6015.448744854764,0.05310983813081218,0.030672999925171408,-69544.12448301673
9,28612,818703768,21,6859.0,6859.0,6243.868489509186,12478.827889233828,6489.58555761744,1.0985176916401018,0.5496509817174126,-69544.12448301673
9,28612,818703768,25,-7651.0,7651.0,5722.599996505085,13260.451537504792,6795.076361734635,1.33697969536096,0.5769788440733356,-69544.12448301673
9,28612,818703768,28,-1288.7857142857142,1288.7857142857142,5407.3487298041255,10765.01690594852,6809.360758192114,0.23833967045295393,0.11971980402311849,-69544.12448301673
9,28612,818703768,30,-4421.666666666667,4421.666666666667,5223.995176108033,10603.855668202043,6502.733485731218,0.8464147683154802,0.41698668908951597,-69544.12448301673
9,28612,818703768,35,19800.514285714286,19800.514285714286,4836.479735155667,12704.522295586765,5497.820589901111,4.093993021781365,1.5585406381310765,-69544.12448301673
9,28612,818703768,49,-2455.4285714285716,2455.4285714285716,4087.571426075061,16199.234545271844,6810.818619568308,0.6007059731764262,0.15157682695231117,-69544.12448301673
9,28612,818703768,63,11967.761904761905,11967.761904761905,3604.8991532027503,11868.267835196108,4844.790926023165,3.319860388918015,1.0083832005602993,-69544.12448301673
9,28612,818703768,105,9917.628571428571,9917.628571428571,2792.342877022294,11913.162795100361,5181.266478607723,3.5517230541560707,0.8324933304451685,-69544.12448301673
9,28612,818703768,210,10980.233333333334,10980.233333333334,1974.484583740418,11913.162795100361,5181.199973999481,5.561063086414498,0.9216891871778398,-69544.12448301673
9,28612,818703768,225,-43580.53333333333,43580.53333333333,1907.5333321683618,9944.887393262237,3885.041958614241,22.84653830074559,4.382204806346987,-69544.12448301673
9,28612,818703768,441,-15525.666666666666,15525.666666666666,1362.523808691687,9709.500808446668,2871.571956750971,11.394785593929997,1.5990180106025937,-69544.12448301673
9,30079,904806399,2,4682.0,4682.0,21269.77196633758,18368.048849463463,18368.048849463463,0.22012459782878382,0.25489914788291534,-69544.06584373934
9,30079,904806399,3,0.0,0.0,17366.69608762703,11527.69565063715,9478.231383271877,0.0,0.0,-69544.06584373934
9,30079,904806399,4,20393.0,20393.0,15039.99999168883,15000.305637180805,10870.852446820169,1.3559175539407753,1.3595056323020835,-69544.06584373934
9,30079,904806399,5,2268.4,2268.4,13452.184945205,10140.295328468084,5887.957488293527,0.16862688174745666,0.22370157145538402,-69544.06584373934
9,30079,904806399,6,-4585.666666666667,4585.666666666667,12280.108570366958,11537.399711191654,9487.884586749775,0.37342232280684445,0.39746102080683055,-69544.06584373934
9,30079,904806399,7,0.0,0.0,11369.1713418349,12573.085413098335,7762.57299543953,0.0,0.0,-69544.06584373934
9,30079,904806399,9,6614.333333333333,6614.333333333333,10026.666661125886,12345.766288429499,6705.422437259957,0.6596742024921984,0.5357572125378975,-69544.06584373934
9,30079,904806399,10,-673.4,673.4,9512.13119653004,10145.147358745337,5891.835446473942,0.07079380909355537,0.06637656173811163,-69544.06584373934
9,30079,904806399,12,-3058.1666666666665,3058.1666666666665,8683.348043813516,12442.586688995361,6718.862645392985,0.3521875031653797,0.2457822270486097,-69544.06584373934
9,30079,904806399,14,-5176.857142857143,5176.857142857143,8039.218152283218,12579.323737710714,7762.748781846894,0.6439503251179798,0.41153699919001124,-69544.06584373934
9,30079,904806399,15,-3226.3333333333335,3226.3333333333335,7766.6225993027365,5730.115272328258,3072.3245468477717,0.41541008232110876,0.5630485915202909,-69544.06584373934
9,30079,904806399,20,20255.4,20255.4,6726.0924726025,11746.549797952175,7288.317780141209,3.0114661792871043,1.7243701638698377,-69544.06584373934
9,30079,904806399,21,0.0,0.0,6563.994134671359,8905.020441114902,4694.442237471912,0.0,0.0,-69544.06584373934
9,30079,904806399,25,2132.8,2132.8,6015.999996675532,14513.68210682273,6665.961245983784,0.35452127679165474,0.14695099315957824,-69544.06584373934
9,30079,904806399,28,-86.28571428571429,86.28571428571429,5684.58567091745,14545.179365187883,6987.015667052335,0.015178892408492527,0.005932255087361016,-69544.06584373934
9,30079,904806399,30,-7390.033333333334,7390.033333333334,5491.8315068836555,5730.115272328258,3074.5906875428577,1.3456409440221182,1.2896831882285362,-69544.06584373934
9,30079,904806399,35,-8365.857142857143,8365.857142857143,5084.447993637067,11254.32430318743,5057.010482611976,1.6453815937003575,0.7433460168273078,-69544.06584373934
9,30079,904806399,49,0.0,0.0,4297.142854768237,17012.10593437031,7368.227085673226,0.0,0.0,-69544.06584373934
9,30079,904806399,63,-35858.57142857143,35858.57142857143,3789.7237806116336,19129.41443342343,5693.541096107038,9.462054097986032,1.874525305171828,-69544.06584373934
9,30079,904806399,105,7338.9047619047615,7338.9047619047615,2935.5074178070136,12854.319770757109,4980.520559791922,2.500046403353097,0.5709290645313164,-69544.06584373934
9,30079,904806399,210,8902.852380952381,8902.852380952381,2075.717201354751,12854.319770757109,4980.417948785149,4.289048804500819,0.6925961497555004,-69544.06584373934
9,30079,904806399,225,-5959.333333333333,5959.333333333333,2005.3333322251774,10922.401619797572,3783.2084107951982,2.971742022918793,0.5456065012782215,-69544.06584373934
9,30079,904806399,441,-9965.0,9965.0,1432.3809515894125,10911.075258359313,3278.870236887075,6.956948142142312,0.9132922066838008,-69544.06584373934
9,31621,999950883,2,4682.0,4682.0,22360.13062350039,1454.4686486721039,1454.4686486721039,0.20939054779399366,3.2190449785731423,-69544.00910400257
9,31621,999950883,3,0.0,0.0,18256.970203185414,4778.574034750462,4115.961582712792,0.0,0.0,-69544.00910400257
9,31621,999950883,4,20393.0,20393.0,15810.999992094112,12735.278859853745,12030.045995272812,1.2897982423753716,1.60129983994981,-69544.00910400257
9,31621,999950883,5,3868.8,3868.8,14141.788309828427,4734.060346007347,2722.5898736363565,0.2735721901105828,0.8172265913895462,-69544.00910400257
9,31621,999950883,6,-4585.666666666667,4585.666666666667,12909.627434593145,4768.176827013493,4113.85600327166,0.3552129362291846,0.961723281881486,-69544.00910400257
9,31621,999950883,7,-1579.7142857142858,1579.7142857142858,11951.992559521494,10893.410066872835,6090.5547049682,0.13217162559692314,0.1450155897938921,-69544.00910400257
9,31621,999950883,9,0.0,0.0,10540.666661396075,7459.61428129673,4726.796178478309,0.0,0.0,-69544.00910400257
9,31621,999950883,10,-19505.4,19505.4,9999.754411984326,4729.208315730095,2721.9241685129905,1.9505879041012768,4.124453544395995,-69544.00910400257
9,31621,999950883,12,-3058.1666666666665,3058.1666666666665,9128.485101592707,9011.927004605532,6486.752259001237,0.33501360112129536,0.33934658648519844,-69544.00910400257
9,31621,999950883,14,-3194.8571428571427,3194.8571428571427,8451.334987528808,10886.47859504819,6089.896100767463,0.3780298790157562,0.29347020847589333,-69544.00910400257
9,31621,999950883,15,-8116.0,8116.0,8164.765287502146,6820.721503272653,4904.013314890789,0.9940273497418486,1.1899034429284145,-69544.00910400257
9,31621,999950883,20,7619.9,7619.9,7070.894154914214,12511.85387608409,5516.941399864071,1.077643058014697,0.609014465439461,-69544.00910400257
9,31621,999950883,21,6859.0,6859.0,6900.486121592138,7711.679796174169,3893.085559961956,0.9939879421737658,0.8894300828469057,-69544.00910400257
9,31621,999950883,25,-10183.2,10183.2,6324.399996837645,13188.802558511496,6983.681177866463,1.6101448366788709,0.7721095190274263,-69544.00910400257
9,31621,999950883,28,-11862.785714285714,11862.785714285714,5975.996279760747,12178.474452152848,6842.078570831186,1.9850724730974312,0.9740781376922518,-69544.00910400257
9,31621,999950883,30,-2314.2,2314.2,5773.360901589299,6820.721503272653,4905.233308471016,0.40084104206320165,0.33928961897793697,-69544.00910400257
9,31621,999950883,35,19800.514285714286,19800.514285714286,5345.093565932352,9559.916504181921,5369.601890355439,3.704428003265543,2.071201592299753,-69544.00910400257
9,31621,999950883,49,-26822.0,26822.0,4517.428569169746,14221.517891872674,6666.132713519356,5.937448614694884,1.886015276563992,-69544.00910400257
9,31621,999950883,63,-12652.666666666666,12652.666666666666,3983.9975198404977,16120.55498411879,5679.068258029047,3.175872124331349,0.7848778580595691,-69544.00910400257
9,31621,999950883,105,9917.628571428571,9917.628571428571,3085.99120913478,11316.93862517178,5100.057232760617,3.2137578817695913,0.8763525985171657,-69544.00910400257
9,31621,999950883,210,10037.833333333334,10037.833333333334,2182.125310661276,11318.324919532984,5100.035961946694,4.600026077462731,0.8868656276168748,-69544.00910400257
9,31621,999950883,225,88.8,88.8,2108.1333322792148,9728.730523111299,3872.2507855251315,0.0421225729133525,0.00912760403724301,-69544.00910400257
9,31621,999950883,441,-20676.14285714286,20676.14285714286,1505.809523056582,9669.011205289979,3403.3473290604898,13.730915192496052,2.1383926875408736,-69544.00910400257
