n,X,H_num,H_den,H,C_centered,E_centered,identity_err
173,30275,-265523592437090658351989247609321847588783219984595573692356303640536830639369570500665530349614381130292565544947472637234710552340343741897454055321941732277168070485108141472783520730272548909515631298304993877529681649811574970528057966253622106079134278563116757956552859037813798217629106960424750967650804562058501102235596068145380990770459421094004077690751817654879167986193294189731311869478477941821674020164622176787400708223053000426435918383579923443828563646057827389401954733213274738184846944724253396492967346074390663205480998672874930327576978968253759237089063283479,18965970888363618453713517686380131970627372856042540978025450260038345045669255035761823596401027223592326110353390902659622182310024552992675289665852980876940576463222010105198822909305182064965402235593213848394977260700826783609146997589544436148509591325936911282610918502700985586973507640030339354832200325861321507302542576296098642197889958649571719835053701261062797713299521013552236562105605567272976715726044441199100050587360928601888279884541423103130611689004130527814425338086662481298917638908875242606640524719599333086105785619491066451969784212018125659792075948820,-14.0,9.538896857967075,11.769448428983651,2.2737367544323206e-13
174,30624,492827879902175843153313376244574641357968855274438754201721927211602450807920793732295870724663055885770292109940384819109879434268062248218759420862694881878077100521602232279030019537248291536600982333975178030263424274271483846813440922213162242343847713999724285601177655032305913358478266706848969599048841800790399773088795732542563202566383016424477265410865116101859061792555735427910389454713841634441743446517669949340251314504908978064218181848311221543469682524880058412147567497251911445873390162556379410157401513547164488525324580870108772198911817024410386462778943215553,23467994281055992531110160773551173397998516917830416866748663200552497657520037796775993844031574089798585338568589753290946639727050583248512353374414041994194147643885820584715715216059442454123856301617865620488734489251023040324449567724436297254468938761891632647675126430109805398022774605088046171383278180990019036813752177740122057265065857924975107876707862671517098180597892163233828069272087696878178259357984283301916729262138522764962770564205296263974746786899050400578455595107233878374923341074113305245590548264150689929777360993814703438043419858305256498227568724550,21.0,-8.290228459040975,-14.645114229520374,2.2737367544323206e-13
175,30975,368782767273737025488873955012947010539976694423049407906050421722967820332457736806479903263353307125406341034649267551714875767139366308190908410169363517051622320118205752045532667680934095707660599025423602607680113402516076347955636064241141813998797609115439941606323415330296941968929315222812154121737228558414584864216105650201918042736749195963894552348266413409554399980824019707960155374275663808085658361339753023315834316976462500592272108866083227005317449508413649151947159351685103803034509645450351939573565758436653698896501387045659625454968026344796887829290365671503,14751310690949481019554958200517880421599067776921976316242016868918712813298309472259196130534132285016253641385970702068595030685574652327636336406774540682064892804728230081821306707237363828306423961016944104307204536100643053918225442569645672559951904364617597664252936613211877678757172608912486164869489142336583394568644226008076721709469967838555782093930656536382175999232960788318406214971026552323426334453590120932633372679058500023690884354643329080212697980336545966077886374067404152121380385818014077582942630337466147955860055481826385018198721053791875513171614626860,25.0,-5.3860967935965505,-15.193048396798275,0.0
176,31328,78756997756764178324742573443442920894978073724244449824003988367955839596423177690875369171495791013222371136213233409349278553660271448867888914714135259573736292093040550436842569708131688235873280469836226997572363201215297660749847701854887912820082201268721072275248729375622736759466260539109036303964221692135996089646151376144816395567509150324492734908273844219667549826413265225767761995184294304777615175472557425318296820235651313685807263927333028140118641759423931852788715386970039117258217314113126007434354721293251467899930804691106970859874527660075267570323027245101,3579863534398371742033753338338314586135366987465656810181999471270719981655598985948880416886172318782835051646056064061330843348194156766722223396097057253351649640592752292583753168551440374357876384992555772616925600055240802761356713720676723310003736421305503285238578607982851670884830024504956195634737349642545276802097789824764381616704961378386033404921538373621252264836966601171261908872013377489891598885116246605377128192529605167536693814878774006369029170882905993308577972135001778057191696096051182156107032786056884904542309304141225948176114893639784889560137602050,22.0,7.25515224231475,-7.372423878842625,0.0
177,31683,104008787721122928785791311450112459959913572256518834825045799520415969654562490562117925530172602408871407253692370558142453165541665198353660920036876752359023790465279807382714657999305187791234949344012391733636097318967328973633948900876721302895486657815860920010204462327274309949131788721642484120722260105222552609617391684285622620401616742382557556143231580115870696473720603743406548357826566525910183864523044682074919515169042237009145346130289171463931636394931907582962955650184873195991947003453692724881546495210627921612552296818322152079314031386536182157298952496101,2811048316787106183399765174327363782700366817743752292568805392443674855528715961138322311626286551591119114964658663733579815284909870225774619460456128442135778120683238037370666432413653724087431063351686263071245873485603485773890510834505981159337477238266511351627147630466873241868426722206553624884385408249258178638307883359070881632476128172501555571438691354482991796587043344416393198860177473673248212554676883299322149058622763162409333679197004634160314497160321826566566368923915491783566135228478181753555310681368322205744656670765463569711190037473950869116187905300,37.0,0.18900756231039395,-18.405496218844462,6.821210263296962e-13
178,32040,97094447980727181039160247260125153222764013277949127693473573719300781353202305630840380500978393099883102326137508650929110575109528681738621259035635409564039070550524618896764123252114588780345268161320482835813092543587814728028916719003190173118489400370094933879635000692931911288536016724334423861305144951797511597086150801038236332445914265922434326916767455709619994263607995636543539414958547904098970350657212587034198766439773112096234029856682210811549250885498757776721610312891421359485503733518570271851905969833172705202004245783364713328740835592868911959831075379781,2311772570969694786646672553812503648161047935189264945082704136173828127457197753115247154785199835711502436336607348831645489883560206708062410929419890703905692155964871878494383886955109256674887337174297210376502203418757493524498017119123575550440223818335593663800833349831712173536571826769867234792979641709464561835384542881862769820140815855296055402780177516895714149133523705631989033689489235811880246444219347310338065867613645526100810234682909781227363116321398994683847864592652889511559612702823101710759665948408873933381053471032493174493829418877831237138835128090,42.0,-5.178093046227559,-23.589046523113666,2.2737367544323206e-13
179,32399,60804790585530469462200999083181554376072138810317897310301095282816053449496830728835394771914648274877043819389617520346066050926397838741818837067181675711424093810962923912615052763264186485188784288446795769759329799503072782402478449427011394068353881857530958713140534414526798452116416431418500379886264869107951392132887660181033848667359322897212837546320329707797361178771575389586001135159170233616824886424359447406992352980585163668780703133428496609656815440264403275116319308893288959672975714441919572645603539571699845837472959805839869017606800797922188428079703179101,1961444857597757079425838680102630786324907703558641848719390170413421079016026797704367573287569299189582058689987661946647291965367672217478027002167150829400777219708481416535969443976264080167380138336993411927720316113002347819434788691193915937688834898630030926230339819823445111358594078432854850964073060293804883617189924521968833827979332996684285082139365474445076167057147593212451649521263555923123383433043853142161043644535005279638087197852532148698606949685948492745687719641718998699128248852965147504696888373280640188305579348575479645729251638642651239615474296100,31.0,8.412166473853006,-11.293916763073497,0.0
180,32760,15318668794447537981845533515922414283968262691418975405328248286954047921502090605807626750939291219055340319900815729071233301096558292801776195499342792246759696374140854315737510811361877821702824882594518877549789325950667786761234113437708967658411592994025966805185741867566180666401679247716812555826007955503375063590515157777618134082911120447731004482158758710858413537664997741715267992469912188951250424240266664045426963935945365409217456829821918660220878671887951580157805080762304311818356554503322311336132731504291769031085442231127399826590979555860793802139753650971,1702074310494170886871725946213601587107584743490997267258694254106005324611343400645291861215476802117260035544535081007914811232950921422419577277704754694084410708237872701748612312373541980189202764732724319727754369550074198529026012604189885295379065888225107422798415763062908962933519916412979172869556439500375007065612795308624237120323457827525667164684306523428712615296110860190585332496656909883472269360029629338380773770660596156579717425535768740024542074654216842239756120084700479090928506055924701259570303500476863225676160247903044425176775506206754866904417072330,9.0,1.466817365961333,-3.7665913170193335,0.0
181,33123,-18586651470596346084639247332652529331214825398921690158464941254837578144755869935046587124473006679120479588146323084606429738663824061932821783872535921259401764933957569903094846451119078423666094190881349571427077715486810247936964057637753547425539399499418173056958700132646965875234037487229732567735556319344095077156491724770176669353932159476580285438352627235841541759033530593281191830863493455927517181411523552375118049575613710029850514286850594641067999455224047917258136831324929231672939286130697737754507714225207346424383669907101245122930388527777763146596234429842569,1548887622549695507053270611054377444267902116576807513205411771236464845396322494587215593706083889926706632345526923717202478221985338494401815322711326771616813744496464158591237204259923201972174515906779130952256476290567520661413671469812795618794949958284847754746558344387247156269503123935811047311296359945341256429707643730848055779494346623048357119862718936320128479919460882773432652571957787993959765117626962697926504131301142502487542857237549553422333287935337326438178069277077435972744940510891478146208976185433945535365305825591770426910865710648146928883019535820300,-12.0,-6.692170247946763,2.6539148760266187,0.0
182,33488,-28218600410824412071820719634593921049415220747350744167709931054915351434345956379119312435940799614049311115606765816710166607283133697266429833814578827822978388057627889528990151494613985461031519520568850563907506653067019607191747051069463887791810829199521517799026366598148227543371514403688865234416330444348322485561475290642980773310625748193188692467134555520002340727277627418949177880865627716489145518337333328504733880934636199438032157318093008058301618606109384489764377780351613205981183126716646362987612926455274311373052130425760999680562330760796199109204809357049,1343742876705924384372415220694948621400724797492892579414758621662635782587902684719967258854323791145205291219369800795722219394434937965068087324503753705856113717029899501380483404505427879096739024788992883995595554907953314628178431003307804180562420438072453228525065076102296549684357828747088820686491925921348689788641680506808608252886940390151842498434978834285825748917982258045198946707887034118530738968444444214511137187363628544668197967528238478966743743148065928084017989540553009808627767938887922047029186974060681493954863353607666651455349083847438052819276636050,-21.0,1.8843442632527285,11.442172131626478,2.2737367544323206e-13
183,33855,-47377739042696568451041218691075074765841711801172935698047889473115395270946335128550124042774330750699261695274941196055605216201904471593467292224111171837690773361068315439261373306774121472090044015972067535010198098299712396702065244958979630692551410488712990145188843475374618897655389673330690858933771010092791373143998514120058176784532955528537982489918461581556871150477627002481469372789297044521122227127412976642457773428034947134913075633148574575271371160375024102814858589651780394460433474450798155060509859789744216375879942900454154234920598208060964883480597566267,1214813821607604319257467145925001917072864405158280402514048448028599878742213721244874975455752070530750299878844646052707826056459089015217110057028491585581814701565854242032342905301900550566411385024924808590005079443582369146206801152794349504937215653556743337056124191676272279427061273675145919459840282310071573670358936259488671199603409116116358525382524655937355670525067359037986394174084539603105698131472127606216865985334229413715719888029450630135163363086539079559355348452609753704113678832071747565654098968967800419894357510268055236792835851488742689320015322212,-39.0,7.07215922722105,23.036079613610752,4.547473508864641e-13
184,34224,-44317242419161530960036355108852001266606641389894349447937389734948922615059298843697155756969496135241963729485748890334834856136919556349122040707047976298049034177295111833797917146206672445555780140394252673884305473263734496750033518449579273785263231996705229034236290254284611052060175219908756718492027466247246249777042739080058820586390461317549559938847465989131000856064689063617529401200508955478104867457137702372718287018630686766453300636267512258149736421611940670620259492906364405514876695590600233081801893717709457378120338357418324089009033208816793387210859393999,1107931060479038274000908877721300031665166034747358736198434743373723065376482471092428893924237403381049093237143722258370871403422988908728051017676199407451225854432377795844947928655166811138894503509856316847107636831593362418750837961239481844631580799917630725855907256357115276301504380497718917962300686656181156244426068477001470514659761532938738998471186649728275021401617226590438235030012723886952621686428442559317957175465767169161332515906687806453743410540298516765506487322659110137871917389765005827045047342942736434453008458935458102225225830220419834680271484850,-40.0,1.7846289640373243,20.892314482018776,2.2737367544323206e-13
185,34595,-48858667611644283245491997369513768231013779800013205235833361458499657773728464232323996822272963888158982488007859149020187702949811334763167887507213812730081309793535780687215368546205682603284365890597194930366907466778033510458613075937139664645448585759697278572509178880999691238293198213966438294156993610543075777848390076066181825245823858426936128205965285176363308019365250190443439643014659686994568713458550411500857961644548635346814057271020183065238990900917541074939242491982289327508274136597672037908892129398135412287536481683508201856553047608616244854141251513279,1017888908575922567614416611864870171479453745833608442413195030385409536952676338173416600464020081003312135166830398937920577144787736140899330989733621098543360620698662097650320178045951720901757622720774894382643905557875698134554439082023743013446845536660359970260607893354160234131108296124300797794937366886314078705174793251378788025954663717227836004290943441174235583736776045634238325896138743479053514863719800239601207534261429903058626193146253813859145643769115439061234218582964360989755711179118167456435252695794487755990343368406420872011521825179505101127942739860,-48.0,3.610503925607645,25.805251962803936,2.2737367544323206e-13
186,34968,-28654421017169366880485506304505982718956189156670938994300117767874599639831966149863488483562551963644072698392248088768245847106728762146433583470159545274911054273184586933937888278808579236485228544275413922616744811375499132236152922191536718947706574228269683462811329371164072390985807792812504375258982658988813243949591409020689031920645412526394606717460300321922376878510026331308504072581219077888255654676098809911640326429071136296019542858894666738313165826803740539106294281625932565495781399451492345704866059430527992404258157773447752897851015646990718184335861412674727,774443811274847753526635305527188722133951058288403756602705885618232422698161247293607796853041944963353316172763461858601239110992669247200907661355663385808406872248232079295618602129961600986087257953389565476128238145283760330706835734906397809397474979142423877373279172193623578134751561967905523655648179972670628214853821865424027889747173311524178559931359468160064239959730441386716326285978893996979882558813481348963252065650571251243771428618774776711166643967668663219089034638538717986372470255445739073104488092716972767682652912795885213455432855324073464441509767910150,-37.0,4.511720269201248,20.755860134600738,2.2737367544323206e-13
187,35343,-37607096425543143310723114779976414513562840775156817090814627985978536618883041935206251004721404442037484579817988548751951758071919568187057063171421259841627888770947464042587916308964820827105310098244778447739711169110335058408124152005618414233869479506633796416771320614710122935961961789519974610042768762083384543465515912154978203567621064252444582808637444529511871618597864460337438769392538048413478204437018292496239230743054278716524191338912835006866364416273012443162990953650101494538697031038020079213430816472986819887469311406237226627423616915793516624488898949899,874583637803328914202863134418056151478205599422251560251502976418105502764721905469912814063288475396220571623674152296557017629579524841559466585381889763758788110952266605641579449045693507607100234842901824366039794630472908335072654697805079400787662314107762707366774898016514486882836320686511037442855087490311268452686416561743679152735373587266153088572963826267717944618554987449707878357966001125894841963651588197586958854489634388756376542765414767601543358517977033561930022177909337082295279791581862307289088755185739997383007242005516898312177137576593409871834859300,-43.0,2.5990889563990436,22.799544478199635,2.2737367544323206e-13
188,35720,-26132374651102068308807377620601095720512935534512042402059671360052833946932681806743883479048164047972554781225058818427317734500982863877429573107256128308473483211188147491170258630747386184416301147109103088122429125464759575306803595975751912021848013355948222224195008973844591740223602793996109058327671450747409598814048119184782663415018853394137483920355187677808846058395122099516614173446036493395454736606711497188215183937593968407522691440211732360025306791176165788763637021194979587589369822327870281552910670263911910614247690554799641649111266822886134476760962291519,816636707846939634650230550643784241266029235453501325064364730001651060841646306460746358720255126499142336913283088075853679203155714496169674159601754009639796350349629609099070582210855818263009410847159471503825910170773736728337612374242247250682750417373381944506094030432643491881987587312378408072739732835856549962939003724524458231719339168566796372511099614931526439324847565609894192920188640418607960518959734287131724498049811512735084107506616636250790837224255180898863656912343112112167806947745946298528458445747247206695240329837488801534727088215191702398780071610,-32.0,8.376845245586253,20.18842262279324,2.2737367544323206e-13
189,36099,-21437890969545958575131773163382386771874077738087301220836149082857644918980242139615440743336801244660299409626670224459549871584572159092066648065208675039679082968809192506453110093562950892348436206322202504529501401945571220227178843872841461851833217415707235359813956323698922578124610711914339755173652040765968947123981228108623609404766043225582797506750435104776864773971776924199759897189727169466571143496566957756768223270604048477336233318166775825914647583880101403988623796222525065366711979389501427629189981805314125056959250181200974766932397379213106282117917450799,765638963198069949111849041549370956138359919217403615029862467244915889963580076414837169404885758737867836058095365159269638270877577110430951716614595537131395820314614018087611074770105389012444150225792946590339335783770400722399244424030052208994043479132401262850498440132104377790164668282654991256201858598784605254427901003879414621598787258056528482383944110884888027641849175864277139185347398909520397982020248491313150831093001731333436904220241993782665985138575050142450849865090180905953999263910765272471070778761218752034258935042891955961871334971896652932782766100,-28.0,2.2933409652583236,15.14667048262939,4.547473508864641e-13
190,36480,-9365367020067926321717450206375305476968710472324882637986210709801880460535903455643629171246088636766133125810162794569131263667818325780103999625696394433031897059746062354272597049013489128203845910134013349943876368268547799348082664701193647927597371840792102703118724873039168851862111912170020286068303571762528527249395055116755686108570467953315647701495509847517055925094414640025406736481605229730919510013558379103741652886937140712715375415854950788135038485190411741254099953768375194253806617042599635302658925772391298585929756154740937465042443831826004686269420449145,720412847697532793978265400490408113612977728640375587537400823830913881579684881203356090095852972058933317370012522659163943359062948136931076894284338033310145927672774027251738234539499163707988146933385642303375105251426753796006358823168742148276720910830161746393748067156859142450931685551540022005254120904809886711491927316673514316043882150255049823191962295962850455776493433848108210498585017671609193077966029161826280991302856977901182724296534676010387575783877826250315381059105784173369739772507664254050686597876253737379212011903149035772495679371231129713032342242,-13.0,2.5891392093713534,7.794569604685677,0.0
191,36863,-106873245955928989986675672162752043654485246043799718411173412215316074332346252126517875965719788404942757631841357736486970997316988356113725257267081547241560148370256026942795367093934700936080041597567760035705696864049158925637543331417082897696851547121654495077512525762720053782595715551570962264479448836228546693649827417428515848785109916990336641270527606606088865114442800911366853027465087371583223793116260426156928785059778832671640457149390919186140996867538275524234286780118343082119400895251511992088419356794942241940206101965832159456849734034722138092928347971593867,4646662867649086521159811833163132332803706349730422539616235313709394536188967483761646781118251669780119897036580771151607434665956015483205445968133980314850441233489392475773711612779769605916523547720337392856769428871702561984241014409438386856384849874854543264239675033161741468808509371807433141933889079836023769289122931192544167338483039869145071359588156808960385439758382648320297957715873363981879295352880888093779512393903427507462628571712648660266999863806011979314534207831232307918234821532674434438626928556301836606095917476775311280732597131944440786649058607460900,-23.0,9.029589131647924,16.014794565823962,0.0
192,37248,-21887855015249229941733666157875657982173180367253306504149626027447965396290509067317261091440919475273493557667462762420982651516002289613325736064914842159173594061878545882004183268843470019556913358616163945293732416408684830626793362416307170007908686027300425461921439613119868376210767337413788698497122293491937954534521981233929300292106311381398230288999353214831408278163620122317834658124091767163188700747845690660640540508827450159840589005019403498071210220200111844928534644813230599781100572473113157510850037533148025021787364118919449091840995079815875137997782301699,643760441624977351227460769349284058299211187272156073651459589042587217537956149038742973277674102213926281107866551835911254456353008518038992237203377710563929237114074878882475978495396177045791569371063645449815659306137789136082157718126681470820843706685306631232983518032937305182669627570993785249915361573292292780427117095115567655650185628864653832029392741612688478769518238891701019356590934328329079433760167372371780603200807357642370264853511867590329712358826818968486313082742076464150016837444504632672059927445530147699628356438807326230617502347525739352875950050,-34.0,4.047952493416346,19.023976246708173,0.0
193,37635,-32994055864963927960898072188140584611623950412287023949937765541131795523235272074047196078946165702580732996709449262614964033131048630649979497998584475608405499882764916987742330978317890692898392054818963736261084702047592156101119628942757776495040354140979005426553905560911773743019001456620827043317555596468807829271878801367177519563193182502805240423111172608002736850355379751386731060704426253125770144517497430251688845400497710112160676248847209422014200216374049557262964789334193902377998732776386516723978190932320733297722490959351322703426725197238632804608700171319,611001034536369036312927262743344159474517600227537480554403065576514731911764297667540668128632698195939499939063875233610445057982382049073694407381193992748249997828979944217450573672553531349970223237388217338168235223103558446317030165606625490648895447055166767158405658535403217463314841789274574876251029564237182023553311136429213325244318194496393341168725418666717349080655180581235760383415300983810558231805507967623867507416624261336308819423096470778040744747667584393758607209892479673666643199562713272666262795042976542550416499247246716730124540689604311196457410580,-54.0,3.953926047228947,28.976963023614587,2.2737367544323206e-13
194,38024,-27319634072993128157932343777666652444555191198064781005999882379827563572789776299324167965043511193353219309572091098839823546322233265913266945271740940054787432821366205449257498849218059979744384130955198581969997893041033326652405263603152887446846127610478300402710123412384519518889159428940374990104176476393935095895518859901122825232512243413787634963803273707923206863728294279591444084644239192788131959167550880711488251502809743914278651847697584067118963422427140734023406025527635535671383113839842183964906885432347550723856407481666203426874163773003342128159338822949,581268810063683577828347739950354307330961514852442149063827284677182203676378219134556765213691727518153602331321087209357947794090069487516317984505126384144413464284387349984202103174852339994561364488408480467446763681724113333029899225598997605252045268308048944738513264093287649338067221892348404044769712263700746721181252338321762238989622200293353935400069653360068231143155197438115831588175301974215573599309593206627409606442760508814439401014842214194020498349513632638795872883566713524923044975315791148189508200688245760082051223014174540997322633468156215492751889850,-47.0,7.7919614017583285,27.395980700879164,0.0
195,38415,-24937367804914596714632263863129511625064613683705308799371566978762403593142938195500787734087218263578460985885048861278751885506025127816844969417534778076120435957903716327944785041751894128353435855386426079732215181780156862169450882340456458978809569990274829682860510016968201084839942961399462300181873415935726847705489791731006264786134382124213263110491002552560208084570926556280668824951019842478779760391131778678602034314329664619656325071803123400359569930980386293280147805892123298308952530586803762640216074541870321678511185027416697392124850439773385259297273385299,554163728998102149214050308069544702779213637415673528874923710639164524292065293233350838535271516968410244130778863583972264122356113951485443764834106179469343021286749251732106334261153202852298574564142801771827004039559041381543352940899032421751323777561662881841344667043737801885332065808876940004041631465238374393455328705133472550802986269426961402455355612279115735212687256806237084998911552055083994675358483970635600762540659213770140557151180520007990442910675250961781062353158295517976722901928972503115912767597118259522470778387037719824996676439408561317717186340,-45.0,9.45722114052353,27.22861057026188,2.2737367544323206e-13
196,38808,-17468657397177016996841397869034332078209422367407603532391862081614265173642734901359574365106209284887668785851807410344388852127654193545885135218548798176129478321388693517946284258570562428257607322256907491942742213803393090166319603043001454347311465694941891970825845989329855145896651773712154668924395036977532967252341846588511907287530225071973952479654724845715734735933769354587586307202531443540899606589777774788644783435727171080686573577867100226567668660924857065092233864027189127512160983205542986611379430662788859421413223596899666468919538090016694686650596268649,529353254459909605964890844516191881157861283860836470678541275200432277989173784889684071669885129845080872298539618495284510670534975561996519249046933278064529646102687682362008613896077649341139615825966893695234612539496760308070291001303074374160953505907330059721995333009995610481716720415519838452254395059925241431889146866318542645076673487029513711504688631688355598058599071351138979006137316470936351714841750751171054043506883972142017381147487885653565716997722941366431329212945125076126090400167969291253922141296632103679188593845444438452107214848990748080321099050,-33.0,7.8194739725435625,20.409736986271895,2.2737367544323206e-13
197,39203,-116166571691227163028995295829078308320092658743260563490405882842734863404724187094041169527956291744502997425914519278790185866648900387080136149203349507871261030837234811894342790319494240147913088693008434821419235721792564049606025360235959671409621246871363581605991875829043536720212734295185828548347226995900594232228073279813604183462075996728626783989703920224009635993959566208007448942896834099546982383822022202344487809847585687686565714292816216506674996595150299482863355195780807697955870538316860860965673213907545915152397936919382782018314928298611019666226465186513327,4646662867649086521159811833163132332803706349730422539616235313709394536188967483761646781118251669780119897036580771151607434665956015483205445968133980314850441233489392475773711612779769605916523547720337392856769428871702561984241014409438386856384849874854543264239675033161741468808509371807433141933889079836023769289122931192544167338483039869145071359588156808960385439758382648320297957715873363981879295352880888093779512393903427507462628571712648660266999863806011979314534207831232307918234821532674434438626928556301836606095917476775311280732597131944440786649058607460900,-25.0,-5.7605378327459675,9.619731083627101,1.7053025658242404e-13
198,39600,-16022975405686505245378661493665973561392090861139388067642190736928946676513680978488437176269833344069378955298554383281404947123986260286915330924599932120173935287894456813012798664757826227298357061104611699506101478867939868911175911756684092608223620258119114704274741493661177478650032316577355661840996827020771618238354935146704025305113930583258866757200540720553053240546147063173441233503011599937514811561658234806136249634149750025733201971422926414713792633813834411429428302866318303166326970802325635995265270883799436572744543023363142347353783213601519953962271060209,485544709263227431678141257383817380648245177610284486898248204149362020500414575105710217462722222547556938039350132826709240821938977584451979724987876730914361675390741115545842383780540188706010820033473081803215196329331511179126542780505578563885564250246033778917416408898823559959091888381131989752757479606690049037525907125657697736518603957068450507793955779410698583046852941308286097984939745452651963986716916206246553019216659091688884908224937164082236140418601042770588736450494494035343241539464413211977735481327255653719531606768580071131932824654591513756432456370,-33.0,7.001807490132592,20.000903745066296,0.0
199,39999,-40271078186292083183385035887413813550965455030996995343340706052148085980304384859267605436358181138094372440983700016647264433771618800854447198390494496062037157356908068123372167310758003251276537413576257404758668383554755537196755458215132686088668698915406041623410516954068426063007081222331087230093705358578872667172398737002049450266853012199257285116430692344323340477905982952109248966870902487842953893058301030146089107413829705064676114288176288388980665486318770487392629801204013335291368453283178431801433380821282583919497951465386031099682508476851820150958507931324477,1548887622549695507053270611054377444267902116576807513205411771236464845396322494587215593706083889926706632345526923717202478221985338494401815322711326771616813744496464158591237204259923201972174515906779130952256476290567520661413671469812795618794949958284847754746558344387247156269503123935811047311296359945341256429707643730848055779494346623048357119862718936320128479919460882773432652571957787993959765117626962697926504131301142502487542857237549553422333287935337326438178069277077435972744940510891478146208976185433945535365305825591770426910865710648146928883019535820300,-26.0,2.9060548260661108,14.453027413033197,2.8421709430404007e-13
200,40400,-12098350764370813507359201494253092862651887313666481057824334953727449612063849764856746681792940702416898478301608565197049251299981911094170399338439485872802498872151745115322103524113189909329424859059701987187345668229119496005256257382337169249989483762880681594452384367923531307408847930453297476587753631202761983684312357010481438586214279312142423019178421778392517538425875747796339909192727177194864124833923238045520427640828596210365571016031004226346094148771680177578825806310826645495886227712845682723522379076195717296488888319472845186092586553760839078064087020389,448087065347067166939229684972336772690810641246906705845345739026942578224587028328027654881220026015440684381541057970261083381480811522006311086608869847140833291561175745011929760152340367012200920705914888414346135860337759111305787310456932194444054954180765984979717939552723381755883256683455462095842727081583777173493050259647460688378306641190460111821423028829352501423180583251716292933063969525735708327182342149834089912623281341124650778371518675049855338843395562132549103937438023907255045470846136397167495521340582122092181048869364636521947650139290336224595815570,-27.0,11.355760789724968,19.177880394862626,2.8421709430404007e-13
201,40803,-54346934124550719545728793370329033132207091809712544322996904253911047206888508582007564691441539997428302889316734165515876428841590824364975976235485149881291710333209268722499551026663971999023667224799267752710753554055000724961883209467115635747191226606485886131458187522359549342789583295993370081098117892818991453673952411608703711561205144668363407714481366186671174734016171325383601844630097824349465442723753077120228215133373421139913784464475422927099413611766221980286949799195699507815611947750578180568736006506454229311063362301465629014416340724496383469579632835791,3881923866039337110409199526452073795157649414979467451642636018136503371920607755857683192245824285530593063522623868965419744917256487454641141159677510705806550738086376337321396501904569428501690516057090553765053825289642908925848800676222545410513659043320420437961299108739967810199255949713812148649865563772785103833853743686335979397228938904883100551034383299047941052429726523241685846045006987453533245908839505508587729652383815795708127461748244494792815257983301570020496414228264250558257996267898441469195429036175302093647383021533259215315452908892598819255688059700,-14.0,10.938383568353629,12.469191784176871,1.1368683772161603e-13
202,41208,-134685880221712652787240922700380647327643662311026740278731458368388247425767173442366573365746425211017968030045819453669780714955246825600157854148811023618853369086649057268803235153036800171493436165806880952370128373092827883601188823461982227721299996372595456934483334294543230979956793385722699766199683473507935341713708150508526589521247532438987575640236429245228563471257468067255013267126764173387805662402344582428391663591403695868481987585873874210637677211768463168537223415398037910673473087903606795322519668298603959596983115268849602340075279186795385120262568332173,11223823351809387732270076891698387277303638525918895023227621530699020618813931120197214447145535434251497335837151621139148392912937235466679821179067585301571114090554088105733602929419733347624453013817240079364177364424402323633432401955165185643441666364382954744540277857878602581663066115476891647183306956125661278476142345875710549126770627703248964636686369103769046955938122338937917772260563681115650471866862048535699305299283641322373498965489489517553139767647371930711435284616503159222789423991967232943543305691550329966415259605737466861672939932232948760021880694350,-12.0,0.6240188160439857,6.312009408022078,1.7053025658242404e-13
203,41615,-13236070317861014691262303883848370045966535135183767268652202447337938687461020885984837615615218394712469279430916309711095843243551878372531697621788636201127713483396629408764133208608752438087637209734236854922174462906015066506685669012642793807570137753146303644359885722428784503295710769930538945517336179075423770957363550224769747274056134284142197226276148009986423781789091704321953612828987571117998855990079353223541122917463367090743784451145222769858523565437927951435444873407912486948791464011934081698289913021835184117493765794871408913610332788447694946863956326819,401093039935182263371584966177223334726258640460114159656127346889028445074576390484389018655006618021589978164573221506396843734653087223410051443084504127306900408587776648750428279048750073881443551810128389543096195845636820197172293000383114963865761750095342534677572294619054075857445780906986028652040490275012841544162531824993022644668367705580066582614428727575346175205730051646119806449363259730848450181517556158289124936892829305780114680337734023329046168649634180346528632527512499604508832242785881263584542818843490427802841387723376027685161599649930149904968373540,-33.0,5.7512112454564885,19.375605622728358,2.2737367544323206e-13
204,42024,-44917741053941169704544847720576945883769161380727417882956941365857480516493352343029252217476432807874492338020280787798871868437574816337652644358628476376887598590397460599145878923537772857193060961296594797615437812426458099180996472624571072945053548790260584887650191987230167531815590594138520372027594438414896436461521668194593617605336052068402356476018849153283725917664365600429546924586775851824833188411181918239868619807733132572138742859888937049247665350124782466707164009035245643209603274815852866240060309377584420525593868942161342380415105608796260937607566538786701,774443811274847753526635305527188722133951058288403756602705885618232422698161247293607796853041944963353316172763461858601239110992669247200907661355663385808406872248232079295618602129961600986087257953389565476128238145283760330706835734906397809397474979142423877373279172193623578134751561967905523655648179972670628214853821865424027889747173311524178559931359468160064239959730441386716326285978893996979882558813481348963252065650571251243771428618774776711166643967668663219089034638538717986372470255445739073104488092716972767682652912795885213455432855324073464441509767910150,-58.0,19.78259347146036,38.89129673573032,2.8421709430404007e-13
205,42435,-22923536813735493504388405043604786175164951325336751195440094214299679711865572919890790786850041570915258158713798471014596677685383009717146866776127636219928843418547669547150310623046863389188182835420331138093395849100399305788922337753229375158165259382615746770249063496931257912788646234250003500207186127191050595159673127216551225536516330021115685373968240257537901502808021065046803258064975262310604523740879047929312261143256909036815634287115733390650532661442992431285035425300746052396625119561193876563892847544422393923406526218758202318280812517592574547468689130139613,309777524509939101410654122210875488853580423315361502641082354247292969079264498917443118741216777985341326469105384743440495644397067698880363064542265354323362748899292831718247440851984640394434903181355826190451295258113504132282734293962559123758989991656969550949311668877449431253900624787162209462259271989068251285941528746169611155898869324609671423972543787264025695983892176554686530514391557598791953023525392539585300826260228500497508571447509910684466657587067465287635613855415487194548988102178295629241795237086789107073061165118354085382173142129629385776603907164060,-74.0,15.415826620464259,44.7079133102323,3.410605131648481e-13
206,42848,-35163543311121968524926021829990937453733774061776485125821097318599724606828666400755167558782213447392075987872393103581363797987028670765402423069823380444725604591080595268376503857047718191129878618261251919730584693443216454397829489601772782420762243552885839961869907802831090846811156893846233013542459100022960338667883002471273539696743241325251359173041910631077967518845616858095561078049595592623052867001829157832470955079468908427514040525520901860344748540270179590693541750634227950387640637281121870849337811668066636822538929259416850852789976735731842432903626534849,362510755784762562112639400309184922203440969709035929132176261016492006255965632997475954214249623168990474101777248490529523690587924440880437351235292581904387676196707167715221689247914620527112150703724246595160666942713571694822984428884255488873837562400884948060514513431248359245475844266456010448891330928071756068741061881147149893780858157992282053330328975578123376482944503691706815237624696831165493474245661420953308815252256787912515881706401050106646892167733810213335481965301319076161243683310534751024101151217181822912772466591926297451443059131256107555707490050,-97.0,27.040398773683364,62.02019938684177,1.7053025658242404e-13
207,43263,-22473091780362845715576812311829552580627008719318902934741862017486681048597741930079754703511532295467971995038250536817265610112686842811543001735099730986958984277436795771897343249293830180507632967135312713884473924868810093477777142160058698617745816669741613308496879174967993199104103362478328503269772622194930947971273905865852543615424661953093370136298801161752034167954091248583017402993719889279851500233082206453705795602646365939515471063977141559516964504162681680354431293070268851112146042325335434449642819285371234246968844442954728479323374627404534901045851347199,351142059068169464305887692372336759072297011239357858355341594023229391384339717657496167242367692116687062422472664637769775158010731918930359402110933296671234129334949933935895988270216096570431765111489261154444905076075157710590267846250917165902278385464712707945263737108874893736001615038723882863590197221795796062051154779153945993991010343017083908379668768152375533874282675759109646921776873269997679691141909475839153056291349467804929235374642836867452570377541901255537988954222950798627281911333366163275669051333925535108888194421167632489427728553195857828841427300,-64.0,9.883034070638587,36.94151703531938,1.7053025658242404e-13
208,43680,-13957009346052201272348152758951533014282194896626177591521292883669243661813015885291393261966909777361532291465187664264901452110197555663840533677178988491492167807550556154338620961463044237551462670808339421767585830310608427938013303354357059422108340283445880866947009257115853496054863314586429217530362803903075057938024921530718744386652354185710470750411313492115443445428109053562799726472586661044472608752242960574722344919416888483953682889393303668201245012164578106366000184694543928545613749658582550328476488703910278450544514032804964286449559150895389908616219993105,340414862098834177374345189242720317421516948698199453451738850821201064922268680129058372243095360423452007108907016201582962246590184284483915455540950938816882141647574540349722462474708396037840552946544863945550873910014839705805202520837977059075813177645021484559683152612581792586703983282595834573911287900075001413122559061724847424064691565505133432936861304685742523059222172038117066499331381976694453872005925867676154754132119231315943485107153748004908414930843368447951224016940095818185701211184940251914060700095372645135232049580608885035355101241350973380883414466,-41.0,10.950531658604291,25.975265829302202,1.1368683772161603e-13
209,44099,-16896955882360314622399315756956844846558932180837900144059037504397798313414427213678715567702733344654981443769384622369481580603476419938928894429578110235819786303597790820995314955562798566969176537164863246751888832260736589033603688761594134023217635908561975506326091029679059886576397715663393243395960290312813706505901567972887881230847417705982077671229661123492310690030482357528356209875903141752288346737748683977380045068739736390773194806227813310061817686567316288416488028477208392429944805573361579776825194750188496749439699915546586475391262297979784678723849481674721,422423897059007865559982893923921121163973304520947503601475937609944957835360680341967889192568333616374536094234615559237039515086910498473222360739452755895494657589944770524882873889069964174229413429121581168797220806518414725840092219039853350580440897714049387658152275741976497164409942891584831084899007257820342662647539199322197030771185442649551941780741528087307767250762058938208905246897578543807208668443717099434501126718493409769329870155695332751545442164182907210412200711930209810748620139334039494420629868754712418735992497888664661884781557449494616968096237041900,-40.0,22.734859567503236,31.36742978375179,3.410605131648481e-13
210,44520,-3206806671945539352077164826199539222086753864548255720922177580199720176803980320056346984898724409786142095953471891754042397975124924419051377479733595800448889740158310887352457979834209527892700861090640022675479246978400663895266400558618624469554761818395129927011507959393886451903733175850540470623801987464474650993183527393060156893363036486642561324767534029648299130268034953982262220645875337461614420533389156724485515799795326092106713990139854147872325647899249123060410081319000902635082692569133495126726658769014379990404359887353561960477982837780842502863394484099,320680667194553935207716482619953922208675386454825572092217758019972017680398032005634698489872440978614209595347189175404239797512492441905137747973359580044888974015831088735245797983420952789270086109064002267547924697840066389526640055861862446955476181839512992701150795939388645190373317585054047062380198746447465099318352739306015689336303648664256132476753402964829913026803495398226222064587533746161442053338915672448551579979532609210671399013985414787232564789924912306041008131900090263508269256913349512672665876901437999040435988735356196047798283778084250286339448410,-10.0,15.823502744133066,12.911751372066476,1.1368683772161603e-13
211,44943,-8777029861114941206635200129308138850851445327268575908164000037006634123912494135994221697667808709584670916624652567730814043257916918134943620162030851705828611218813296898683677490806231477842322256805081742062786698979882617081344138328939175173171383096947470610230497284861067218860517702302929268097346039690267119768343314474805649417134630863940690345888740639147394719543611669049451697907760798632438668999886121954916856744039807514096076191012780802726555298300244849816342392570105470512221329561718376161850865050792358033736733011686699085828239027006165930337110702980043,516295874183231835684423537018125814755967372192269171068470590412154948465440831529071864568694629975568877448508974572400826073995112831467271774237108923872271248165488052863745734753307733990724838635593043650752158763522506887137890489937598539598316652761615918248852781462415718756501041311937015770432119981780418809902547910282685259831448874349452373287572978773376159973153627591144217523985929331319921705875654232642168043767047500829180952412516517807444429311779108812726023092359145324248313503630492715402992061811315178455101941863923475636955236882715642961006511940100,-17.0,21.019896693864894,19.009948346932703,5.115907697472721e-13
212,45368,-41819965808841778690438306498468190995233357147573802856546117823384550825700707353854821030064265028021079073329226940364466911993604139348849013713205822833653971101404532281963404515017926453248711929483036535710924859845323057858169129684945481707463648873690889378157075298455673219276584346266898277405001718524213923602106380732897506046347358822305642236293411280643468957825443834882681619442860275836913658175927992844015611545130847567163657145413837942402998774254107813830807870481090771264113393794069909947642357006716529454863257290977801526593374187499967079841527467140431,2323331433824543260579905916581566166401853174865211269808117656854697268094483741880823390559125834890059948518290385575803717332978007741602722984066990157425220616744696237886855806389884802958261773860168696428384714435851280992120507204719193428192424937427271632119837516580870734404254685903716570966944539918011884644561465596272083669241519934572535679794078404480192719879191324160148978857936681990939647676440444046889756196951713753731314285856324330133499931903005989657267103915616153959117410766337217219313464278150918303047958738387655640366298565972220393324529303730450,-18.0,26.781329674124436,22.390664837062303,1.7053025658242404e-13
213,45795,-2478220196079512811285232977687003910828643386522892021128658833978343752634115991339544949929734223882730611752843077947523965155176541591042904516338122834586901991194342653745979526815877123155479225450846609523610362064908033058261874351700472990071919933255756407594493351019595450031204998297297675698074175912546010287532229969356889247190954596877371391780350298112205567871137412437492244115132460790335624188203140316682406610081828003980068571580079285475733260696539722301084910843323897556391904817426365033934361896694312856584489320946832683057385137037035086212831257311429,309777524509939101410654122210875488853580423315361502641082354247292969079264498917443118741216777985341326469105384743440495644397067698880363064542265354323362748899292831718247440851984640394434903181355826190451295258113504132282734293962559123758989991656969550949311668877449431253900624787162209462259271989068251285941528746169611155898869324609671423972543787264025695983892176554686530514391557598791953023525392539585300826260228500497508571447509910684466657587067465287635613855415487194548988102178295629241795237086789107073061165118354085382173142129629385776603907164060,-8.0,17.238999444226238,12.61949972211329,3.410605131648481e-13
214,46224,16263320036771802824059341416070963164812972224056478888656823597982880876661386193165763733913880844230419639628032699030626021330846054191219060888468931101976544317212873665207990644729193620707832417021180874998693001050958966944843550433034353997346974561990901424838862616066095140829782801326015996768611779426083192511930259173904585684690639542007749758558548831361349039154339269121042852005556773936577533735083108328228293378661996276119200000994270310934499523321041927600869727409313077713821875364360520535194249947056428121335711168713589482564089961805542753271705126115849,774443811274847753526635305527188722133951058288403756602705885618232422698161247293607796853041944963353316172763461858601239110992669247200907661355663385808406872248232079295618602129961600986087257953389565476128238145283760330706835734906397809397474979142423877373279172193623578134751561967905523655648179972670628214853821865424027889747173311524178559931359468160064239959730441386716326285978893996979882558813481348963252065650571251243771428618774776711166643967668663219089034638538717986372470255445739073104488092716972767682652912795885213455432855324073464441509767910150,21.0,-6.0413802171793805,-13.520690108589775,1.7053025658242404e-13
215,46655,32142329610805711274188172079023171023905337156029990499601026230170247919502632218501616831795425084193310565967325635033675487914883716124428648802129788644078240111355196073021163035769834867993997472952709785174645673398243285906028069599122675999053096878693081226319556620366933468449839263630364590820886868038660659744308997722861909409055614132432072562564693716116951914118135612441158805252657856115255276125191105611106401521737994788463295383275464416884510336101736999769710309810027994622376209098199095364938152419531501335400331418295386302811950085630718223437097134321,1397492591774161359747311829522746566256753789392608282591348966529141213891418792108765949208496742791013502868144592827551108170212335483670810817483903854090358265711095481435702740685644994260608585780552599355419377104271447213305568243440116347784917255595351357666067679146388411671732141896972373513951602958202637380187347727080952583002418005757916198372377987657258778874701548367006904576202515483271968527182221983091582674858173686454925886229368018125413492873988565207378709122175130200972878656443438928910354453023108753713057887751973317513563047201335574932047701492,23.0,7.279527938430192,-7.86023603078479,2.2737367544323206e-13
216,47088,25556645772069975866378965082397227830420384923517323967889294225401669949039321160689057296150384183790659433701194241333840890662758085157629952824736891731677426784191658616755413870288732832540879512461855660712231858794364090913325579251911127710116674311699987953318212682389578078446801544940882280636389939098130731090176121558992920361656719280297892477734862449282119918671104565761638767437303501900336124440844884515787318166468851291044457144419567631468499250933065886229938143071777693550291518429709389412448107059660101333527546122264212044029284225694424326569822341037793,774443811274847753526635305527188722133951058288403756602705885618232422698161247293607796853041944963353316172763461858601239110992669247200907661355663385808406872248232079295618602129961600986087257953389565476128238145283760330706835734906397809397474979142423877373279172193623578134751561967905523655648179972670628214853821865424027889747173311524178559931359468160064239959730441386716326285978893996979882558813481348963252065650571251243771428618774776711166643967668663219089034638538717986372470255445739073104488092716972767682652912795885213455432855324073464441509767910150,33.0,1.2268076760644817,-15.88659616196756,3.979039320256561e-13
217,47523,83673400978074787295794930969324111635120762600187680785406398206051522260305536922478633513533943633495556369206136335263039039603049498497096866172880797986502543220097103405288924599875803227788539274675943448801370267797765221805060283483284277125777608790898138011518758100151407001353710176604438330142060261152889002805334895423964597931867464630463469860531034975277048735144945648024573068112965737969014922320784299407794340826592332067154175961212160749105639804429987622710700020970569770436401348127390776205767020821761763615172583615401763758690224464785848499082688009507,1859408910623884162128776243762758036336016946670837350786808849023367161340123042721747411411865414077679030426803029672511978657845544411046597026064017733033389849335491186784198324441684516173078650548354298862252672617728116040112450744072983936128391306464403066922639068892253488918971337257876407336490228025619755617896331009421435509597054769565854885789578555006156638558776569956101623735843683065978109384906317764617652018368718490381203910249159127757903106765110836060237778243790439343031141069497572804572600462705816969226057413675594750193116099217463299979615289100,45.0,6.042137966678638,-19.478931016660624,1.1368683772161603e-13
218,47960,11143697897875667619067033397993011171810338708221314512186175041243946740442030217610195849865299598468776105553428508617909631379593344438250651234230962272089736365869708670288321213024545067172923176351060116722871469129013394608051512526818217223901201596137499183619968010371159127650078248060213335368501418457837260425671279491321762161448450327564867175810972826843088338517035910639866825531653912505343541560171678083241440766193384429497659151346563992832180376110346631931119405284048479670055623307585090957108640709480143561747041355345141387144544153575624864802538768591,259155765066875991141093799953325841204891597865611965399678489331254575359116981804888275578262781359738979198916942060881619334409147545075596540330952610978831078276039736518333051465687094585416818054675816667973755096023567316466314244809725981951190734793895329851627163031887421573257633675818914776011660894368308381992355337007482840963917449478252725018859833182397403221326416526508530826317532848961477710701666932168405599213799637895294398868524744019353032002566200742584172215908104178373386588548490487374619551383259152598768403612677706677780096594781973600059041130,43.0,21.779987745123435,-10.610006127438254,5.684341886080802e-14
219,48399,17960317034301548424102925589557536917037571497134302374258408583666340686450905947361147665055031224039877657444457224223644611099291039213217195478115989022504291337456958232888754124196398389682245734016220528762079016271483581081229899453978195155061480816303150512331478434018381201230560476799376834738207015534742643558589368755546620993646678137585065410787693039152232904504609289059891937385105821912647937833009039940026423864507776853930351602787198806628395140194177719599974345692062380216379352649566380594616578338365202190255873528828303170124361498614801886443636623101,252962211750726034142294726613486435451233401368088765834625473009385080090857830244523206550070862310420812076682496115825980438018183650890383034903042098908511145597985327223785269354878850558904869493186204630451817130584275789876477457098284438803682828398635922708894062450963115510289584180272913165326859373728769627585765757120374943572488424473029090292784409002144125415557877310702703343452194674826027293422662534366569350204334885266624670461791532487723875214002503092957385150592427890371540178162906768938261666737538059017688359560962016480624809839645096992163896100,71.0,-3.1451966134335407,-37.07259830671657,3.979039320256561e-13
220,48840,15068922643625426783133892707227595550293784547238478198649141634038972180091813743193006573536063362923302164765094473165765737087895637664834247956202700648903610592389842691238511875575010417911107730512524240524345303624341110103067617170427517184448476468161995700086133813017875045046202641161798067940841779372538539427777714127867847296515971930773490320833469715395189358068120231129089602374708942205988145482495171383336005105162630406976094783331821811604837410535179730897745171595171227167056040058114859157694983622244127218067568638133651681269985382701269962019807286291,247031518747957816116949060774222877873668599135057019649985928426868396394947766281852566779279727261037740405985155297799438312916321928931708982888568863096780501514587585102270686484836236359198487385451217057776152518431821477099469133941434707941778302756754027870264488737997951558134469527242591277718717694631779334881601870948653234369114293947106398702188028121232612427346233297198190202864081019770297466926150350546491886969879186999608111202161013304997334598937372637667953632707725035525508853411719002585163665938428315050288010461207404610983366929529015770816512890,61.0,4.257180356305071,-28.371409821847692,4.547473508864641e-13
221,49283,17514344654985018425910059986537960331337047010522361880091963874750794790250723592640053251907256293786605765753265983571443407587064981436697450187581925802128586187767710100993220694323746976146896449099733249998592462670263502863677669697113919689450587989836355380595698201917333228585919939889555688827735762458858822705155663725743399968128381045239115124601514126081452811396980751361123071390599602700929651714704885891938162100097534451205292308763060334852537948191891306647090475671567929845654327315465175960978423019906922592207688950922327135069019958867507580446451674277181,357435605203775886243062448704856333292592796133109426124325793362261118168382114135511290855250128444624607464352367011662110358919693498708111228317998485757726248729953267367208585598443815839732580593872107142828417605515581691095462646879875912029603836527272558787667310243210882216039182446725626302606852295078751483778687014811089795267926143780390104583704369920029649212183280640022919824297951075529176565606222161059962491838725192881740659362511435405153835677385536870348785217787100609094986271744187264509763735100141277391993652059639329287122856303418522049927585189300,49.0,2.5574233418636823,-23.221288329067903,5.115907697472721e-13
222,49728,7548645129696962568642196094081644565423829992454742677821074730363520416186768173437541729910856606404905914568513792103332211864686389250816035687901683931120627448048561235900029018628928185060856611181378646127354133612269366610605770184893307919804812468034591555268027264756611178894928413942423623813811074969680201911459731859143738188214908915252425804996498014353352323701301895941188681435066892446955906756634603462328378343228230289308768113250317652987308134927017125498278741527029843303051796580646862729011154117253465904917725619697936896306381775927612202902318785601,235895160303030080270068627940051392669494687264210708681908585323860013005836505419923179059714268950153309830266056003229131620771449664088001115246927622847519607751517538621875906832154005783151769099418082691479816675383417706581430318277915872493900389626080986102125852023644099340466512935700738244181596092802506309733116620598241818381715903601638306406140562948542260115665684248162146294845840388967372086144831358197761823225882196540899003539072426655853379216469285171821210672719682603220368643145214460281598566164170809528678925615560528009574430497737881340697462050,32.0,4.811701523851411,-13.594149238074351,1.1368683772161603e-13
223,50175,-461321704407951007312962207313291867242859900693017874372423461276683498256536856168939864097121039442057075903358726349129554198655350258943206350770313260347524570214881357733801103279202740721422044946173977945571549155790773093496253602326968166431854045654459495084604123421369220035592888737397184605002638851925914052035039085881773873267117385866971591917414426305324938174076212292906225635728306178394568910685618078310202272911732688752805020770677454481707606235394587174438739918712564697764688164077878822400290747709291298694059814025843760807406019552687097210132400839,230660852203975503656481103656645933621429950346508937186211730638341749128268428084469932048560519721028537951679363174564777099327675129471603175385156630173762285107440678866900551639601370360711022473086988972785774577895386546748126801163484083215927022827229747542302061710684610017796444368698592302501319425962957026017519542940886936633558692933485795958707213152662469087038106146453112817864153089197284455342809039155101136455866344376402510385338727240853803117697293587219369959356282348882344082038939411200145373854645649347029907012921880403703009776343548605066200420,-2.0,21.326582023291394,11.66329101164601,6.252776074688882e-13
224,50624,-4978567358195449844099798392674784642289685374711167006731680693260065574488179446887478694055269646192985603967765111948150822856381445160577263537286407480196901321595777652614691013692610292053418086843218635203681530933967030697401086867255414488983767723058439211685366106959008716580545755507964080643452585538596895666917426277725893576946114145512576456701596581028984399741124266057462097552721461409156387878086665814763763279182243757995673469692123564571785568363584263551286651247748901340965880213579751184243137738894824935102768725116404943642068355654757985695419936563779,331904490546363322939986559511652309485979024980744467115445379550671038299211963125831912937017976412865706931184340796543388190425429677371817569152427165346460088106385176840979400912840686136894539122881242346912102062264468713160072457817027632598917848203895947445691073797267247772036383700530938709563505702573126377794495085181726238463074276367505097113439772068598959982741617737164139836848097427277092525205777720984250885278816250533044897979474904304785704557572284236752443416516593422731058680905316745616209182592988329006851248341093662909471223710317199046361329104350,-15.0,13.572483762243678,14.286241881121754,1.7053025658242404e-13
225,51075,1545575674675391097558502391643712346382796124880634724510033128817570052426836416551747563213483567995288157721837272419161418040470045539673942588592913385790120628863185903084627288641405903607301726492865846994411309199425893746243150433170287859096885204275685571379316950920987896491307465082063767808848826745173028511468782055015878896145463487004775458166647548715737613604593895853746053885061228219204327273469527995079904336294796509966186742788716589302399574561277446196328793291452894056908707566106963225012520783754471667506363617839257731771355662799291304658750784141,220796524953627299651214627377673192340399446411519246358576161259652864632405202364535366173354795427898308245976753202737345434352863648524848941227559055112874375551883700440661041234486557658185960927552263856344472742775127678034735776167183979870983600610812224482759564417283985213043923583151966829835546677881861215924111722145125556592209069572110779738092506959391087657799127979106579126437318317029189610495646856439986333756399501423740963255530941328914224937325349456618399041636127722415529652300994746430360111964924523929480516834179675967336523257041614951250112020,7.0,22.249089260767732,7.624544630383866,0.0
226,51528,7744438112748477535266353055271887221339510582884037566027058856182324226981612472936077968530419449633533161727634618586012391109926692472009076613556633858084068722482320792956186021299616009860872579533895654761282381452837603307068357349063978093974749791424238773732791721936235781347515619679055236556481799726706282148538218654240278897471733115241785599313594681600642399597304413867163262859788939969798825588134813489632520656505712512437714286187747767111666439676686632190890346385387179863724702554457390731044880927169727676826529127958852134554328553240734644415097679105083,774443811274847753526635305527188722133951058288403756602705885618232422698161247293607796853041944963353316172763461858601239110992669247200907661355663385808406872248232079295618602129961600986087257953389565476128238145283760330706835734906397809397474979142423877373279172193623578134751561967905523655648179972670628214853821865424027889747173311524178559931359468160064239959730441386716326285978893996979882558813481348963252065650571251243771428618774776711166643967668663219089034638538717986372470255445739073104488092716972767682652912795885213455432855324073464441509767910150,10.0,23.986561843014442,6.993280921507363,2.8421709430404007e-13
227,51983,-1762527294625515576991652764303257091753129994725332687440640981062184134416504907633728089389681667847631685082840982160954544183638488631560686401705992533219132881668390249431407853123360885002819276721507286945671162675473385580229350293235250186904598228393102617470221564302729522651503554823509122802509650972284878006219042866137442783562532364158475343292059479260835856460076176949078535685331275993126629271782405828674987459756472502830652216856521905618517189719521785257237113315295013348295966788255819959479179797217938023001899732569945658208916153496167194935849816622343,160229754056865052453786614936659735613920908611393880676421907369289466765136809784884371762698333440693789552985543832814049471239862602869153309245999321201739352878944568130127986647578262272983570611046116995061014788679398689111759117566840926082236202581191147042747414936611774786500323165773556618409968270207716182383549351467040253051139305832588667572005407205530532405461470631734412335030115999375148115616582348061362496341497500257332019714229264147137926338138344114294283028663183031663269708023256359952652708837994365727445430233631423473537832136015199539622710602100,-11.0,26.78829739313369,18.89414869656693,1.7053025658242404e-13
228,52440,-3732259331445049414586194243504523962091330401389897622181715111413168302159813239969194201701406963678811162278378129439042116197555032516630880295689944027992322275895094358051173986168489643306444616642841279403027653712210893160032943300753724382638433634421319890955562275631920858480730419122436258581437011916484955252307575255055556095167100296502065349066792617638863807034845500658873861619175392756529554500305934211871094292291909644548296041536263984150200693820089943224525468137535990295770940990099947340262593217913121771964592350823543197375580025658185370802456712817,622043221907508235764365707250753993681888400231649603696952518568861383693302206661532366950234493946468527046396354906507019366259172086105146715948324004665387045982515726341862331028081607217740769440473546567171275618701815526672157216792287397106405605736886648492593712605320143080121736520406043096906168652747492542051262542509259349194516716083677558177798769606477301172474250109812310269862565459421592416717655701978515715381984940758049340256043997358366782303348323870754244689589331715961823498349991223377098869652186961994098725137257199562596670943030895133742785470,-6.0,9.379688153857273,7.689844076929006,7.389644451905042e-13
229,52899,3657349758086648186666518562111871178908859779402142888324466992293895738834291604692362676991933624384195117699001000512874800996423467519248678447960629921173113918527660350864786786918354668175146436615771265530711868454704889401212919645366695676021133313541553139897422300796333308782770068325409792942848547686756213529415923803655385547802471364931185643123303273483184132041229947516960218587857822890105702757088459735363646118774834716617574633382643573606454044711540322168071001834893591435052988219342333285027098430776730898147121193841252483850922575320299714009491229803,609558293014441364444419760351978529818143296567023814720744498715649289805715267448727112831988937397365852949833500085479133499403911253208113074660104986862185653087943391810797797819725778029191072769295210921785311409117481566868819940894449279336855552256925523316237050132722218130461678054234965490474757947792702254902653967275897591300411894155197607187217212247197355340204991252826703097976303815017617126181409955893941019795805786102929105563773928934409007451923387028011833639148931905842164703223722214171183071796121816357853532306875413975153762553383285668248538300,6.0,-5.389280875530403,-5.694640437765202,0.0
230,53360,-2787997720589451912695887099897879399682223809838253523769741188225636721713380490256988068670951001868071938221948462690964460799573609289923267580880388188910264740093635485464226967667861763549914128632202435714061657323021537190544608645663032113830909924912725958543805019897044881285105623084459885160333447901614261573473758715526500403089823921487042815752894085376231263855029588992178774629524018389127577211728532856267707436342056504477577143027589196160199918283607187588720524698739384750940892919604660663176157133781101963657550486065186768439558279166664471989435164474207,464666286764908652115981183316313233280370634973042253961623531370939453618896748376164678111825166978011989703658077115160743466595601548320544596813398031485044123348939247577371161277976960591652354772033739285676942887170256198424101440943838685638484987485454326423967503316174146880850937180743314193388907983602376928912293119254416733848303986914507135958815680896038543975838264832029795771587336398187929535288088809377951239390342750746262857171264866026699986380601197931453420783123230791823482153267443443862692855630183660609591747677531128073259713194444078664905860746090,-6.0,18.13790248000373,12.06895124000215,5.684341886080801e-13
231,53823,585886126295433932815510255095591014097050353011022889877220440513099802822969043470135768644338881576108926621684626295751788509135798194831098974673304793197634753938897046497757106642260699270775885477283746419968406111676025972038962855811169695673288346344035211731140465661548539756463166285138461976281563464383276924615172259808872442123696869139461777781888388470607166783303826543979064142715088132881010635844267821684467582133832745865922150007899213247635842113984614716244383789084895715324022384651927176727641981629282134169199026197870543529516723230921798846180633901,195295375431811310938503418365197004699016784337007629959073480171033267607656347823378589548112960525369642207228208765250596169711932731610366324891101597732544917979632348832585702214086899756925295159094582139989468703892008657346320951937056565224429448781345070577046821887182846585487722095046153992093854488127758974871724086602957480707898956379820592593962796156869055594434608847993021380905029377627003545281422607228155860711277581955307383335966404415878614037994871572081461263028298571774674128217309058909213993876427378056399675399290181176505574410307266282060211300,3.0,13.974175289871937,5.487087644936111,2.8421709430404007e-13
232,54288,2873276569162185580732013253254472132577112509108596673025126956288272654086672943211505553498795244731709063218266615849373877483277278928521794439855293293872397497829206329318396990341188230222930712169389928800871524160093100410735230280384854598308712512277110601187036255974364004952083460182681883461469873754652343117192017803947667164533168358363264506299874356270334800741023156270280705983102500607147721588474454670900020030857919556927175718348162664028567810911459299600874479242661580458962912152284463541075271182477019914726637074434399753111920066747737315513887340751,191551771277479038715467550216964808838474167273906444868341797085884843605778196214100370233253016315447270881217774389958258498885151928568119629323686219591493166521947088621226466022745882014862047477959328586724768277339540027382348685358990306553914167485140706745802417064957600330138897345512125564097991583643489541146134520263177810968877890557550967086658290418022320049401543751352047065540166707143181439231630311393334668723861303795145047889877510935237854060763953306724965282844105363930860810152297569405018078831801327648442471628959983540794671116515821034259156050,15.0,-2.881274092878698,-8.94063704643915,3.979039320256561e-13
233,54755,-751735145423512480672972591816078031596150673363870178299896511823562311213584223864371572273933536061495635516534806253040636548587424142884601976644526643454065315832459854523552940389042605608335457669619800664391414175401830048006635293741296154723534863474951387541302330946287800818363497966824370788091256596323360046774185026094101895002311808961791119852482395787322214723297496189330306607219148874722636255268899994949162773533415976940364581874644879315187035600568166522068223713849513920037989327834084439009412102131743030308742968942416385153908534996067265787512009295,187933786355878120168243147954019507899037668340967544574974127955890577803396055966092893068483384015373908879133701563260159137146856035721150494161131660863516328958114963630888235097260651402083864417404950166097853543850457512001658823435324038680883715868737846885325582736571950204590874491706092697022814149080840011693546256523525473750577952240447779963120598946830553680824374047332576651804787218680659063817224998737290693383353994235091145468661219828796758900142041630517055928462378480009497331958521109752353025532935757577185742235604096288477133749016816446878002324,-4.0,9.44313273012824,6.72156636506412,0.0
234,55224,-1475482374422191480879514752135629858792952718815725185239734957119756937743579418516042480310630045179048947221268800873734201688006990706741429219062945245645928787326948472104060208868705122145438929180070617720653942644027169003490041885985039884539128324157987858772620475720168760437726243330136744283206820619520129963998708007476118865915071800951042743379584602353063567439353067657473353247875959032112183965350762274757327107693396049047433062383948133767404894437091999464804066946489579397708921658386737933992832755831336542381810741216261421205873503832480999174107678799,184435296802773935109939344016953732349119089851965648154966869639969617217947427314505310038828755647381118402658600109216775211000873838342678652382868155705741098415868559013007526108588140268179866147508827215081742830503396125436255235748129985567391040519748482346577559465021095054715780416267093035400852577440016245499838500934514858239383975118880342922448075294132945929919133457184169155984494879014022995668845284344665888461674506130929132797993516720925611804636499933100508368311197424713615207298342241749104094478917067797726342652032677650734187979060124896763459850,-8.0,14.263258532834811,11.131629266417576,3.410605131648481e-13
235,55695,2172606834669356643441174439819115059171808930323984822731144506702230057832363522506906735765401131399237824447261611292393891135455764106700383854183041643413414954290773805154277785051908640989607737098930399933030708999042694089650971085652080353657440034999201993799964948293041014054241670044387208385219908748579202472997279341925969532896804146882558204366175012956346202107952144159110675729221911855934211737173997939815084696155898308573993487650566293520514255432384326973481803778483837717468063837603476067154613001193143942067056681133985403031021452691731519181324889521,181050569555779720286764536651592921597650744193665401894262042225185838152696960208908894647116760949936485370605134274366157594621313675558365321181920136951117912857564483762856482087659053415800644758244199994419225749920224507470914257137673362804786669583266832816663745691086751171186805837032267365434992395714933539416439945160497461074733678906879850363847917746362183508996012013259222977435159321327850978097833161651257058012991525714499457304213857793376187952698693914456816981540319809789005319800289672262884416766095328505588056761165450252585121057644293265110407460,12.0,-4.601557864214669,-8.300778932107193,2.8421709430404007e-13
236,56168,-5974280829834539812919758071209741570747622449653400408078016831912078689385815336264974432866323575431582724761318134337780987427657734192692716244743688976236281585914933183137629216431132350464101704211862362244417837120760436836881304240706497386780521267670127054022439328350810459896654906609556896772143102646316274800300911533271072292335336974615091748041915897234781279689349119268954517063265753690987665453703998977716515935018692509594808163630548277486142682036301116261543981497298681609159056256295701421091765286673789922123322470139685932370482026785709582834503923876433,331904490546363322939986559511652309485979024980744467115445379550671038299211963125831912937017976412865706931184340796543388190425429677371817569152427165346460088106385176840979400912840686136894539122881242346912102062264468713160072457817027632598917848203895947445691073797267247772036383700530938709563505702573126377794495085181726238463074276367505097113439772068598959982741617737164139836848097427277092525205777720984250885278816250533044897979474904304785704557572284236752443416516593422731058680905316745616209182592988329006851248341093662909471223710317199046361329104350,-18.0,9.831865422239048,13.915932711119638,2.2737367544323206e-13
237,56643,-24265906086611896277167906239851913293530466493036651040218117749371282577875719081866377634728647608851737240079921804902838825477770303078961773389144119421996748663777938484596049533405463497564067415872873051585351461885557823695480853027067131361120882679795948157696080728733538781555548941661039741210309639143679684065419751783286207212078097094424261544515930002348679518738220496783778223627338678572036320176155748934181898057051232538971504763388276336949888177653618114198123085340879830239670734670633157623940626905131813387389791267604403354936896133487635219167306061181743,516295874183231835684423537018125814755967372192269171068470590412154948465440831529071864568694629975568877448508974572400826073995112831467271774237108923872271248165488052863745734753307733990724838635593043650752158763522506887137890489937598539598316652761615918248852781462415718756501041311937015770432119981780418809902547910282685259831448874349452373287572978773376159973153627591144217523985929331319921705875654232642168043767047500829180952412516517807444429311779108812726023092359145324248313503630492715402992061811315178455101941863923475636955236882715642961006511940100,-47.0,9.049321318713737,28.02466065935701,2.8421709430404007e-13
238,57120,-15265891296447718729539433486582457645608337583093673164483017457369365585855227244547307623459741550772634582364551075396569275942048186711158534188406210705857854181637354387001119731908434659526415494540790991666758182708805020915372841729051916951578133586639141768819899518323919923364980955735014752016099228697161885076852745519986374792358455088737960539067772462069926324787598955352769222470015850660290043794994427476795001958560540722191729157712282420220117677325030127685254503395336855102358771369805266335835977907377757768273778347471491472321932253342754891538066299889,171526868499412569994825095354859074669756602057232282747000196150217590852305924096037164308536421918793646992860124442658081752157844794507399260543890007930987125636374768393271008223690277073330511174615629119851215536053988999049133053135414797208743074007181368188987635037347414869269448940842862382203362120192830169402839837303217694296162416727392815045705308562583441851546055678121002499663099445621236447134768848053876426500680232833614934356317780002473232329494720535789376442644234326992795183930396250964449189970536604137907621881702151374403733183626459455483891010,-89.0,23.349407603945224,56.17470380197258,5.684341886080802e-14
239,57599,-17608406656354433132816129051986606734835097746346864360650996978267179295031876780570450960027058959166770136138621869627143962944675427094252216300297188561538514147959803066089854532639126927683668180834962751878284151513820234887650159867345465982089957420501427106592452757244493987063824987901851906275790197273353230990360581361220002545830466872549744099491962644481460613821239509424286997660151695089226803442495996986953941703212988449332066166490037028380210010212255921612971734939406640532258271071187330504270466108091170296784529385674863800670894394736828244143801038797749,244561203560478237955779570166480649094931913143706449453486069142599712430998288619034041111486929988427363001925303744821443929787158709642391893059683174465812696499441709251247979619987873995606502511596704887198390993247503262328474442602020360862360519729186487591561843850617972042553124831970165364941530517685461541532785852239166702025423151007635334715166147840020286303072770964226208300835440209572594492256888847041026968100180395129612030090139403171947361252947998911291274096380647785170253764877601812559312029279044031899785130356595330564873533260233725613108347761100,-72.0,24.044716687952814,48.022358343977004,1.1937117960769683e-12
240,58080,-13418170847756720435434750748171612084032093202430097173223353312315898660652633375568391774352170597226014675934511317764000078714525392304443533811723793422562771476386480946084514817652810626710816661866214931244147013854114350114920576369501224077261063809740392313847189935333371086398904068320929928579144936424881472813510068684352140977437655237103414621270613245126246724435971283919576990195570141979758392997623954923213565201646261251496360581416204687402031692274045287860152257908371370459073816190610666293361184066326159183378585227051701024575414177807476068398351058977,165656430219218770807836428989772988691754237067038236706461152003899983464847325624301133016693464163284131801660633552641976280426239411165969553231157943488429277486252851186228577995713711440874279776126110262273419924124868519937291066290138568855074861848646818689471480683128038103690173682974443562705493042282487318685309489930273345400464879470412526188526089446003045980691003505179962841920619036787140654291653764484118088909213101870325439276743267745704094966346238121730274788992239141470047113464329213498286223041063693621957842309280259562659434293919457634547543938,-81.0,9.93829110558977,45.469145552794714,3.410605131648481e-13
241,58563,-119264346936326554043101837051187063208628462976414178516816706385207793095516832083215600715368459524356410690605573126224590823092871064068939779848772161414494658326227740211525264728014086551857437724821993083323748674373699090928852703175585262647211146787933277115484992517818031032751740543057450642969819715791276745087488567275300295021064689974723498229429358096649892953798487973554314248040749675534901914057276127740340818110187972691540800007291315613519663171020974135739711334334962569901360419338643817258091166278413806223128548570566322872136659719907313523992504258153589,1548887622549695507053270611054377444267902116576807513205411771236464845396322494587215593706083889926706632345526923717202478221985338494401815322711326771616813744496464158591237204259923201972174515906779130952256476290567520661413671469812795618794949958284847754746558344387247156269503123935811047311296359945341256429707643730848055779494346623048357119862718936320128479919460882773432652571957787993959765117626962697926504131301142502487542857237549553422333287935337326438178069277077435972744940510891478146208976185433945535365305825591770426910865710648146928883019535820300,-77.0,12.901746376468395,44.95087318823431,2.2737367544323206e-13
242,59048,-22810890441186424740239076271891740542854558444131165194479700630937027723109476738466266016398690015284224949088669240198800133814693166917554007479930448818356711509857017608343675190009778065408388325172565383115049923551994395195364979828152080931343808476558666933540222890066730846878136916145580878584546391922298503782967116763398639661644013903075804856160042516714619431541151182663280883332469241365589268095960723369463060842798644127543812988407547968583453876865876989362258838444231329780425487524038132698714012912754470611743594885987891741778204102272709316277196800261281,211211948529503932779991446961960560581986652260473751800737968804972478917680340170983944596284166808187268047117307779618519757543455249236611180369726377947747328794972385262441436944534982087114706714560790584398610403259207362920046109519926675290220448857024693829076137870988248582204971445792415542449503628910171331323769599661098515385592721324775970890370764043653883625381029469104452623448789271903604334221858549717250563359246704884664935077847666375772721082091453605206100355965104905374310069667019747210314934377356209367996248944332330942390778724747308484048118520950,-108.0,17.537675842376075,62.76883792118795,1.7053025658242404e-13
243,59535,-18583501724541339078015854814887294196605231291923059131493501678281937138461215491742901886865063448027593555340333197623781640080759526419869263658356538795199188800262610138664564321573049093311295666192164458806940945834973811697693262169589210271256135747596546523649606978921724904911171187028541289550886677534343493513523330985263912758549354501241092032923318198858684354905580494892227046618303912891433887532280792918691152770059462663297413030404763325250160444979136199258262549536872134700956073236928766777087868823711802051154660642585552656378459975239586945419044761239,157487302750350331169625888261756730479705349931551348571978827782050314732722165184261880397161554644301640299494349132404929153226775647626010708969123210128806684747988221514106477301466517739926234459255631006838482591821811963539773408216857714163187591081326665454657686262048516143315010059563909233482090487579182148419689245637829769140248766959670271465451849142870206397504919448239212259477151804164693962137972821344840277712368327655062822291565790891950512245585899993714089402854848599160644688448548870992270074777218661450463225784623327596427626908810058859483430180,-118.0,24.40466812392765,71.20233406196414,6.252776074688882e-13
244,60024,-75121049693660232092083624636137306046993252653975164390462470904968545001721640987479956294745068661445271668758055800284320193766288916978488043151499348423415466608078511691675004406606275295650464021478787851184439100092524752078563066285920587511555072976815116105208079702781487079070901510886835794597873457349050936840820720946130705305475811217845320313341868411526231276093852814511483649739952717707048608204907690849435450368105411370645828576021153340983164464863860332251636359938255644678129614778236690091135344993546358465217332541200865705176986966435126050826447487279551,774443811274847753526635305527188722133951058288403756602705885618232422698161247293607796853041944963353316172763461858601239110992669247200907661355663385808406872248232079295618602129961600986087257953389565476128238145283760330706835734906397809397474979142423877373279172193623578134751561967905523655648179972670628214853821865424027889747173311524178559931359468160064239959730441386716326285978893996979882558813481348963252065650571251243771428618774776711166643967668663219089034638538717986372470255445739073104488092716972767682652912795885213455432855324073464441509767910150,-97.0,30.440282190418998,63.72014109520953,5.684341886080802e-14
245,60515,-11889116079272716045611458848178590190542532238116219717568192700322544655494159873164128224609599155087726815445409222562748233686881063070035256208445152191514988230676483946542545704340561891470849162610671367650582760439324252411704088041206959973692579637154481699547142941991662606759512251959317207506752443077246318010549077678151387646438481541522570642869484372606529909829550486107372173260230355603955553141699500453167195890584462705661309778369250303455010312510051972659789017905072003202306579614518808798192567734674208800245417851024250611682551297085989219571152087319,152424565118880974943736651899725515263365797924566919456002470516955700711463588117488823392430758398560600198018066955932669662652321321410708412928784002455320361931749794186442893645391819121421143110393222662186958467170823748868001128733422563765289482527621560250604396692200802650762977589222015480855800552272388692442936893309633174954339506942597059523967748366750383459353211360350925298208081482101994271047429492989323024238262342380273202286785260300705260416795538111022936126988102605157776661724600112797340611983002676926223305782362187329263478167769092558604513940,-78.0,22.598211678298526,50.29910583914918,1.7053025658242404e-13
246,61008,-24524054023703512195010118008360976200908450179132785625752353044577360052108439497630913567012994923839521678804176292189039238514767859494695409276262673883932884287860682511027922400782117364559429835190669573410727541267319077139049798272035930630920041006176756116820507119464746640933799462317008249095525699134569893470371025738427549841993821531598987731159716491735367598724797310579350332389331643237696281029093576050502982078934756289386095239594534595853610392309507668604486096887059402901794891422448403981642122936037470976617342238536365092755373751928993040647809317153029,258147937091615917842211768509062907377983686096134585534235295206077474232720415764535932284347314987784438724254487286200413036997556415733635887118554461936135624082744026431872867376653866995362419317796521825376079381761253443568945244968799269799158326380807959124426390731207859378250520655968507885216059990890209404951273955141342629915724437174726186643786489386688079986576813795572108761992964665659960852937827116321084021883523750414590476206258258903722214655889554406363011546179572662124156751815246357701496030905657589227550970931961737818477618441357821480503255970050,-95.0,26.99373412327259,60.99686706163649,3.979039320256561e-13
247,61503,-11663532759644070637423351279505844828630661253414144842553381939536814677943902113467737289369995930245908298093282525370221692835462943576183720378819446664543731371196327187942783255793912206253149056966499985247189174240285400081181969889925731949747502307168332153748747422227864392840601162036895695128435081086832452382699824109903384480035590813156058761715260315440868355127005027080467024419470522497647645056956443917280890894365671308408720400511525566710926484309565226252603895995531164030774025389422054480079031422102916527867616072991122269179143183795978208155423060699,147639655185367982752194319993744871248489382954609428386751670120719173138530406499591611257848049749948206304978259814812932820702062576913717979478727172968907992040459837822060547541695091218394291860335442851230242711902346836470657846707920657591740535533776356376566423066175498643551913443505008799094114950466233574464554735568397271899184693837418465338167852094188207026924114266841354739486968639210729684265271441990897353093236345676059751905209184388745904864678040838640555645513052709250304118853443727595937106608897677567944507253052180622520799794885800103233203300,-79.0,16.38805874521779,47.69402937260887,5.684341886080802e-14
248,62000,-12499624855108584323420200739819498924651821897929819781263566999656175480520838398608120837540495577137638759622957344980864541172105640649223282867047929530095024900847286609838573622116364908001908824020926361766724143977679710060829754119853026889242949303643751039243417355392861004614695213495128251683279977037786805094293777996834482049094195456567911696108272929952866681864901712716472454287304013213688439172591691462778794678626673933118112516962395520267813208861965286864245914090897043508545344129183652227773408065122237976986202783943596188395475550429212000369691593419,145344475059402143295583729532784871216881649975928136991436825577397389308381841844280474855122041594623706507243690057917029548512856286618875382174975924768546801172642867556262483978097266372115218883964260020543303999740461744893369233951779382433057550042369198130737411109219314007147618761571258740503255546951009361561555558102726535454583668099626880187305499185498449789126764101354330863805860618763819060146415017009055752077054348059512936243748785119393176847232154498421464117336012133820294699176554095671783814710723697406816311441204606841807855237548976748484785970,-86.0,23.073658222725385,54.53682911136286,3.410605131648481e-13
249,62499,-9874641592527856415658844328074659859048807728337773113847677373677915026549593654857052200473047066889287409391236970940309618157349011929568997252802508291745370818650653879958917776396073263982263845289453943980938451820120015304217253203093679912857021816654762549894902130899016333973548512572388641271315609001990824507976292841958407907706727985802147396334436533871280154711521843422974501290315750862350900223252372369669110695720117589544530827810303907062828870695581218168186896435216029023320788621594012019626661442755450608907521201684575391005241987870473814370169820899,143110747717795020516794845334415360276069677222286566867357643096781377196370922534160176818449957491149092889728072042613182871845637854051724597866703018720947403168850056231288663426030047304090780366513825275086064519132174134843728307291212752360246692994996558694129016389840816434399253805396936830019066797130301804463424533941426201560967072258002136178759949766250437024804664397434413062178489142932621742365976411154624792691595907094848272866815998653084476386892481422727346325148058391642330269878174087240966107866021023317500307270790947695728144751745997309712606100,-69.0,11.20053572518998,40.1002678625955,1.0231815394945443e-12
250,63000,-7892421006622652265239595470340776786078482122684369494040314757892814498834764303629124044362210904085129336792493878813770589666167329907779950688974913485945547742657142209382100403872220137437831928187409584470096694474229404644146096661466474490674904246037440788517494748470049203921035026424514890758198012460337612380675891622155698239461638843558507617134873560866896712965405772093924344315708473854572051554787071072236963726375248420318689718407895813616984906676878096500270416698483750179592053558682691190873764002211187441351876818302014914195494066996927026155513558319,140936089403975933307849919113228156894258609333649455250719906390943116050620791136234357935039480430091595299865962121674474815467273748353213405160266312249027638261734682310394650069146788168532713003346599722680298115611239368645466011811901330190623290107811442652098120508393735784304196900437765906396393079648885935369212350395637468561814979349259064591694170729766012731525103073105791862780508461688786634906911983432802923685272293219976602114426710957446159047801394580361971726758638396064143813547905199837031500039485490024140657469678837753490965482087982609919884970,-56.0,8.414066451536883,32.207033225768356,1.7053025658242404e-13
251,63503,-7635003068762876308182405246735347244173030479346734373342483262749580243491566683801588532892296532665330097003911881616180471025231704704576809017637167786477885694198804593778691443936525806632473788564471562367350359631453437371411459759182364207007640280733722090436534724222381644443820854103570722862124679323075532844434655262149469829909694165535772855057766692343715806372630049819746890758911212589351454736905829927340638175983285421397680860520290273195859125543890863152373000051318284453228428413858748666820454413903773588721520665092525929563912474440421930083895181499,138818237613870478330589186304279040803146008715395170424408786595446913518028485160028882416223573321187819945525670574839644927731485540083214709411584868845052467167250992614158026253391378302408614337535846588497279266026426134025662904712406621945593459649704038007936994985861484444433106438246740415674994169510464233535175550220899451452903530282468597364686667133522105570411455451268125286525658410715480995216469635042557057745150644025412379282187095876288347737161652057315872728205786990058698698433795430305826443889159519794936739365318653264798408626189489637889003300,-55.0,27.70793564598239,41.353967822991166,5.684341886080802e-14
252,64008,-9957134716390899688199596785349569284579370749422334013463361386520131148976358893774957388110539292385971207935530223896301645712762890321154527074572814960393802643191555305229382027385220584106836173686437270407363061867934061394802173734510828977967535446116878423370732213918017433161091511015928161286905171077193791333834852555451787153892228291025152913403193162057968799482248532114924195105442922818312775756173331629527526558364487515991346939384247129143571136727168527102573302495497802681931760427159502368486275477789649870205537450232809887284136711309515971390839873129691,110634830182121107646662186503884103161993008326914822371815126516890346099737321041943970979005992137621902310394780265514462730141809892457272523050809055115486696035461725613659800304280228712298179707627080782304034020754822904386690819272342544199639282734631982481897024599089082590678794566843646236521168567524375459264831695060575412821024758789168365704479924022866319994247205912388046612282699142425697508401925906994750295092938750177681632659824968101595234852524094745584147805505531140910352893635105581872069727530996109668950416113697887636490407903439066348787109701450,-90.0,39.32394296756331,64.66197148378117,9.663381206337363e-13
253,64515,-6467734309037441003789211772997835347965141504626947423563267944267099832885905153561230839312051041016260839720338611433294384919990974139302926097446166597442980403291020409950359791602985097404469487909995501149048356846214962309513373688648472353384741017631378184239652068776673640794793383985987844362090063277632040767809212621201102863482265150615149347839104736264999307188701380872098070765895939426713242770430118268853605767938655077807921456929306530167202942226723938149851876929074982748304231798415915704047921435478850430407540637529793866178473606882214231090468701119,134744464771613354245608578604121569749273781346394737990901415505564579851789690699192309152334396687838767494173721071526966352499811961235477627030128470780062091735229591873965828991728856195926447664791572940605174100962811714781528618513509840695515437867320378838326084766180700849891528833041413424210209651617334182662691929608356309655880523971148944746648015338854152233097945434835376474289498738056525891050627463934450120165388647454331697019360552711816727963056748711455247436022395473923004829133664910500998363239142717300157096615204038878718200143379463147718097940,-48.0,16.471796399152595,32.23589819957638,1.7053025658242404e-13
254,65024,17497,2323331433824543260579905916581566166401853174865211269808117656854697268094483741880823390559125834890059948518290385575803717332978007741602722984066990157425220616744696237886855806389884802958261773860168696428384714435851280992120507204719193428192424937427271632119837516580870734404254685903716570966944539918011884644561465596272083669241519934572535679794078404480192719879191324160148978857936681990939647676440444046889756196951713753731314285856324330133499931903005989657267103915616153959117410766337217219313464278150918303047958738387655640366298565972220393324529303730450,0.0,4.623817953877733,2.3119089769387244,2.8421709430404007e-13
255,65535,-785240873282481879367944542993347246777136687744896077670677704048904864586221797002390668545543163460941258476819733189963233572616141188543379124314994561022465776677548369374518227761684766525817245073145313537265640704977196786521506448574294356803523426253408240682665827319263450580229720626520176076702844078753488684262430281798760851454675094067608172300491222469013171061830612305922764295035633963984671796008599593372118697744558936622328444733865426323109398192819937357758210026401741938020248674723182837114816824047627647840459227169465362185483250011734818191644885077,392620436641240939683972271496673623388568343872448038835338852024452432293110898501195334272771581730470629238409866594981616786308070594271689562157497280511232888338774184687259113880842383262908622536572656768632820352488598393260753224287147178401761713126704120341332913659631725290114860313260088038351422039376744342131215140899380425727337547033804086150245611234506585530915306152961382147517816981992335898004299796686059348872279468311164222366932713161554699096409968678879105013200870969010124337361591418557408412023813823920229613584732681092741625005867409095822442540,-2.0,16.841749385392404,9.420874692696458,5.115907697472721e-13
256,66048,-4644340697300436303008307679323470597504953872794025526852808909254767152612661153185054253991256041759240276898131705298957955688111959503453719108579690469615633416781001974786318453552993109361842626407133825943797530106649237365558235291792490611079310219744670928775287389467007964826096323645610336765506326672687425576334763810638847914525776980654743987594359629145812533491636829905345285073336695634062264220770502842358333227289782616154551296064616352090954386612705626501283566048208203816326658203572648114569643734434619296447693629960331115175009627130875348974571321797,387028391441703025250692306610289216458746156066168793904400742437897262717721762765421187832604670146603356408177642108246496307342663291954476592381640872467969451398416831232193204462749425780153552200594485495316460842220769780463186274316040884256609184978722577397940615788917330402174693637134194730458860556057285464694563650886570659543814748387895332299529969095484377790969735825445440422778057969505188685064208570196527768940815218012879274672051362674246198884392135541773630504017350318027221516964387342880803644536218274703974469163360926264584135594239612414547610150,-12.0,27.871071255762217,19.93553562788111,0.0
257,66563,890335862741729549944397745384773391991513000523169676109644628033990139143316245212041920122293862766836538999153242221039937663528648301054885220949220217445955400170414346766375093462304963770171210523153361344466263435850270546894235372569148659970272058795658797516703397808342875801592138686996195043856884429205550735605083577801143387331488765883324652153316115915000084261042852715136608108042415018562808076811819906836465298697725140345397312073701601890592041350069357983240890559730275516044227157055841049746489472370537767023551921206229408072925298322368420511411881101,127190837534532792849199677912110484570216142931881382301377804004855734163330892173148845731756266109548076999879034603005705380504092614436412174421317173920850771452916335252339299066043566252881601503307623049209466205121467220984890767509878379995753151256522685359529056829763267971656019812428027863408126347029364390800726225400163341047355537983332093164759445130714297751577550387876658301148916431223258296687402843833780756956817877192199616010528800270084577335724193997605841508532896502292032451007977292820927067481505395289078845886604201153275042617481202930201697300,7.0,28.913091032743978,10.956545516371989,0.0
258,67080,1881240027388294138121381308972928069961014716490049611180662070327690095623063758607954162396053307603287407707117721114011107152208913151095322254305255188198559203841859301932676766307599030735434634704590037593833776871134640479449803404630925852787388613301434519935091106543215169558100960245924348961088696289888165704098352709532051554041716546212579497808970368000156048485175161263278525391041847765943034555822221900315592062309079962535477154539533870553441240407292299317625185356774213732078875114443090865840861763684954091536808695050733312037488717386413273946987290471,125416001825886275874758753931528537997400981099336640745377471355179339708204250573863610826403553840219160513807848074267407143480594210073021483620350345879903946922790620128845117753839935382362308980306002506255585124742309365296653560308728390185825907553428967995672740436214344637206730683061623264072579752659211046939890180635470103602781103080838633187264691200010403232345010750885235026069456517729535637054814793354372804153938664169031810302635591370229416027152819954508345690451614248805258340962872724389390784245663606102453913003382220802499247825760884929799152698,15.0,36.39334292412809,10.69667146206433,5.684341886080801e-13
259,67599,2433966264006664368226568103085450269563846183192126092179932783371587614194221062922767361538131827027681850828685165841318180063119817634059995507117799212540707312780157963500515606694165031670559953567795777210688748456606103896507198023991535972392064220161903614601734541179959816994933480470560217203465708485536260103826297291332659082062544693361704045498558328503059039873438530072537025470219381133365345184842369953884506492044652503908995918516149298235095166755530084402851251721121685100027763659972322801185534005681914412716909154501353528002788973875659459673316413433689,221269660364242215293324373007768206323986016653829644743630253033780692199474642083887941958011984275243804620789560531028925460283619784914545046101618110230973392070923451227319600608560457424596359415254161564608068041509645808773381638544685088399278565469263964963794049198178165181357589133687292473042337135048750918529663390121150825642049517578336731408959848045732639988494411824776093224565398284851395016803851813989500590185877500355363265319649936203190469705048189491168295611011062281820705787270211163744139455061992219337900832227395775272980815806878132697574219402900,11.0,26.87903768097476,7.939518840487608,4.547473508864641e-13
260,68120,731950044785889186845861669702777474319302654197493705374045993233299218092250063076132336222355211831995783203451946098966778891985720475170193641606822837729132249958948670376536352761318394211056479031820014626952391001055798684837124874156742481971884989475643465094199270122616141056735527194659985602607888658864337509444410269237726543210770260301140145905196661952279145144402622471036695885934370803131419588272127292272960734140734183375578142039272563969598298315465263215731300787277339131252531614493216241316922324437149373498963110019739240861002436116215403515210072061,121991674130981531140976944950462912386550442366248950895674332205549869682041677179355389370392535305332630533908657683161129815330953412528365606934470472954855374993158111729422725460219732368509413171970002437825398500175966447472854145692790413661980831579273910849033211687102690176122587865776664267101314776477389584907401711539621090535128376716856690984199443658713190857400437078506115980989061800521903264712021215378826789023455697229263023673212093994933049719244210535955216797879556521875421935748869373552820387406191562249827185003289873476833739352702567252535012010,6.0,33.5762528918508,13.788126445925883,9.663381206337363e-13
261,68643,3971198162080642664342936070607913577875904735221400663179130483319348916018851862433230875013656154734000378168160087224588748451986339081288159867102306228214968034215159446314259011776665811909079249858108252771693241984983931460387783272769967789622667129469347828967168469021766463902851611365221393929980567026358593907260682395927732167144234213394125161640099828961560083703069624079191790449429492953202723089246349858719185481542825155938848130591184466081656320555211853970932816886299074438705853225034478970157424762591888949347765693771146304720578700286601558009451066901,120339338244867959525543517291148896299269840461254565550882741918768148970268238255552450757989580446484859944489699612866325710666252699432974541427342612976211152551974528676189667023535327633608462116912371296111916423787391862435993432508180842109777791802101449362641468758235347390995503374703678603938805061404805875977596436240234308095279824648306823080003025120047275263729382547854296680285742210703112820886253026021793499440691671392086306987611650487322918804703389514270691420796941649657753128031347847580528023108845119677205021023368069840017536372321259333619729300,33.0,14.751174675810262,-9.124412662095438,1.1368683772161603e-12
262,69168,5698804682077677781584929428990504164100820297078549795635425802495041589684461117598217729410702645752101667375846415638948256527310765578053590026839160281895374807284246482629111283495041675200396808487306322681918661808005594952311530779627026652012693392432369479367990229234084278777874440358648648700155241252213729007049432705864378155429145937936619787935804763403814735254800120582919463701822307504987638022849471830482308623520990351019627253365198418233328056177846977543503550919800469622241081137727345624561617116421078161699730157014025792712061483298409672419510786401,118725097543284953783019363103968836752100422855803120742404704218646699785092939949962869362722971786502118070330133659144755344318974282876116458892482505872820308485088468388106485072813368233341600176818881722539972121000116561506490224575563055250264445675674364153499796442376755807872384174138513514586567526087786020980196514705507878238107207040346245581995932570912806984475002512144155493787964739687242458809363996468381429656687298979575567778441633713194334503705145365489657310829176450463355857035986367178367023258772461702077711604458870681501280902050201508739808050,48.0,15.050034009337196,-16.47498299533092,9.663381206337363e-13
263,69695,66911945294146845904701290397549105592373371436118084570473788517415281321121131766167713648102824044833726517326763104583147059189766622958158421941129316533846353762247251651141447224028682325197939087172858457137479775752516892573070607495912770731941838197905423005051320477529077150842534954027037243848002749638742277763370209172636009674155774115689027578069458049029550332520710135812290591108576441339061853081484788550424978472209356107461851432662140707844798038806572502129292592769745234022581430070511855916227771210746447127781211665564482442549398699999947327746443947444893,929332573529817304231962366632626466560741269946084507923247062741878907237793496752329356223650333956023979407316154230321486933191203096641089193626796062970088246697878495154742322555953921183304709544067478571353885774340512396848202881887677371276969974970908652847935006632348293761701874361486628386777815967204753857824586238508833467696607973829014271917631361792077087951676529664059591543174672796375859070576177618755902478780685501492525714342529732053399972761202395862906841566246461583646964306534886887725385711260367321219183495355062256146519426388888157329811721492180,72.0,-1.224055293918127,-36.61202764695847,1.1937117960769683e-12
264,70224,4393023560000629143754611376329776301103170654569240595746055180398989709289465203337378157996058204001705629879834535098797893150876463859327435607033170422558510396392419616843335853252506469244859800302851692505280347741570815430192529918859996530393200359368877047348053223370308399629878990115003716810662910727195681768091540660712503330406416754428837927659599908953939560900098040408302791292311982666851102736962575199373574935769772734328006312511336246458326984739723720305326663123521612700724566309439929060750940069151360676510047870763343500717487461160589886367722224301,115605883157911293256700299377099376344820280383401068309106715273657623928670136929931004157791005368465937628416698292073628767128327996298090410711399221646276589378747884653771996138223854453812100007969781381717903887936074090268224471548947277115610535772865185456527716404481799990259973424079045179227971334926202151791882648966118508694905704063916787569989471288261567392107843168639547139271367964917134282551646715772988814099204545640210692434508848591008604861571676850140175345355831913176962271301050764756603686030298965171317049230614302650460196346331312799150584850,38.0,9.148511505322631,-14.425744247338145,1.0800249583553523e-12
265,70755,4906237036437341200979052395973350283868861216412723614573311687894511112489271990221014403636214163303748448681963736268118347222494994862561919622584681486521030645550494204009075490473421560574843770459779199333114436868832662131918075373992649105575163772099333587779153503399751581553490558323379376382006886014708952226698245335282975949779514165088718685384671400498381188695161543960044498017987836739614725602796272265991873123090175146001056564362035417838698444288729652806015247065512320208326515062124019173995283681300895618468372044231758995003110538332988430347686190813,114098535731100958162303544092403494973694446893319153827286318323128165406727255586535218689214282867529033690278226424839961563313837089827021386571736778756303038268616144279280825359847013036624273731622772077514289229507736328649257566837038351292445669118589153204166360544180269338453268798218125032139695023597882609923215007797278510459988701513691132218248172104613516016166547533954523209720647366037551758204564471302136584257911049907001315450279893438109266146249526809442215048035170237402942210747070213348727527472113851592287721958878116162863035775185777449946190484,43.0,25.15972319709158,-8.92013840145421,0.0
266,71288,3266111376262143320413848057630782821545093900387373446334549035279762507864657933711952994629630578884664235155868979674162964887118242498738618766684895756717795234165310528805022947564431590760075206842061767241415323992422664635779471081334849455503433185582959781447248435738293242412302384565794782007920483669705010164927165751703447884434731596422683344516373732605826209534953143663983731003934450421118318028831881204120555029889946136904751286530292577142445005826126991131937855133688907112046386747965451517770636679740977787987338378653449685909285879741838741888184100451,112624530215935976565994760607958028329141168978874946425329277078612500271195101162481137745849330306367732246754102747384929823693732499956504095402927439886820525316045190648449067157394192784830179546277991973841907723876643608130326589011546532948394247778722751084387877094423904910769047743648095931307602885162241729825074681093222340842576951600782184293668059745028489983963901505654611413928774152452355794097651076004157069996205039203612113328630778522153276062969896245928891556334100245242978853378119017854159885508309578896115116505291368479630547577304784203040831050,29.0,23.467428693639704,-2.766285653179665,9.663381206337363e-13
267,71823,27879977205894519126958870998978793996822238098382535237697411882256367217133804902569880686709510018680719382219484626909644607995736092899232675808803881889102647400936354854642269676678617635499141286322024357140616573230215371905446086456630321138309099249127259585438050198970448812851056230844598851603334479016142615734737587155265004030898239214870428157528940853762312638550295889921787746295240183891275772117285328562677074363420565044775771430275891961601999182836071875887205246987393847509408929196046606631761571337811019636575504860651867684395582791666644719894351644779331,1548887622549695507053270611054377444267902116576807513205411771236464845396322494587215593706083889926706632345526923717202478221985338494401815322711326771616813744496464158591237204259923201972174515906779130952256476290567520661413671469812795618794949958284847754746558344387247156269503123935811047311296359945341256429707643730848055779494346623048357119862718936320128479919460882773432652571957787993959765117626962697926504131301142502487542857237549553422333287935337326438178069277077435972744940510891478146208976185433945535365305825591770426910865710648146928883019535820300,18.0,22.732373967856347,2.3661869839281735,0.0
268,72360,2963852998500480417465507193371239616954880024633153994085479647298692475244557572916713042527587882921408864162241455731004033450999584645559816705400837904582138277916692578452402871369094716743353077922256310114169019124402768097673219680010310539154050239099283442817652395354760681734697685773699381814670568286620405641538368584897059252044462000163404836023629431654391846762965544640870419521109870718420528573772359521191751349761222364788352738867033163883982903915953778443005518815102109940759276668608781711385000496578067289501293925653990186151195902728558970931362683711,109772333277795571017241007161897763590921482393820518299462209159210832416465095293211594167688440108200328302305239101148297535222206838724437655755586589058597713996914539942681587828484989509013076960083567041265519226829732151765674802963344834783483342188862349733987125753880025249433247621248125252395206232837792801538458095736928120446091185191237216149023312283495994324554279431143348871152217434015575132361939241525620420361526754251420471809890117180888255700590880683074278474633411479287380617355880804125370388762150640351899775024221858746340588989946628553013432730,27.0,18.63558963384503,-4.182205183077741,5.115907697472721e-13
269,72899,1192313595935056841371572235526708242805775032005286989101182403387140821994416532258231229846760324887012033576766159291508590854125735853769854805324915054313253249863148597669897309024644047332145816905542730677749975917066602482601673901976305848520687411028948095515090750070660760850348808926771432999901557726941646928557984630338609268313080280869527746284488205896200980600018874513594381368228953411571817604368885885641713973569192250392799325592832472484475926703821684024816913997143749261717862251496857375373724932219557318039961096468973479392068125017818205536393307101,108392145085005167397415657775155294800525002909571544463743854853376438363128775659839202713341847717001093961524196299228053714011430532160895891393174095846659386351195327060899755365876731575649619718685702788886361447006054771145606718361482349865517037366268008683190068188241887350031709902433766636354687066085604266232544057303509933483007298260866158753135291445109180054547170410326761942566268491961074327669898716876519452142653840944799938690257497498588720609438334911346992181558522660156169295590623397761247721110868847094541917860815770853824375001619836866944846100,11.0,31.287388270805195,10.143694135402598,0.0
270,73440,3872219056374238767633176527635943610669755291442018783013529428091162113490806236468038984265209724816766580863817309293006195554963346236004538306778316929042034361241160396478093010649808004930436289766947827380641190726418801653534178674531989046987374895712119386866395860968117890673757809839527618278240899863353141074269109327120139448735866557620892799656797340800321199798652206933581631429894469984899412794067406744816260328252856256218857143093873883555833219838343316095445173192693589931862351277228695365522440463584863838413264563979426067277164276620367322207548839552197,154888762254969550705327061105437744426790211657680751320541177123646484539632249458721559370608388992670663234552692371720247822198533849440181532271132677161681374449646415859123720425992320197217451590677913095225647629056752066141367146981279561879494995828484775474655834438724715626950312393581104731129635994534125642970764373084805577949434662304835711986271893632012847991946088277343265257195778799395976511762696269792650413130114250248754285723754955342233328793533732643817806927707743597274494051089147814620897618543394553536530582559177042691086571064814692888301953582030,25.0,24.232095742454703,-0.38395212877259155,1.1368683772161603e-13
271,73983,3488723742006685668743289206524773439413061896596454026058193191645849423116418150390970895659051830426682060432897992128024147247663379313033916159270615211477363563468931624702124615424030145729421815911795189504092807152325996984960150058277404642702433187045251239276255911868074271851314114386851720788531832516296598333243617713329181675197149584369379902769075482804193559302587477409274283999358883612086017942917873799165561144832277836467743791470830336696266364198084210801984593962429553416188863344441934258746584814642017791758589328000028946014508801541795689928308284901,105718901272929868749796642621962831497365512018074364426005854292298467367164186375483966535122782740202486679784787640243155977201920585243452004826382279135677683741482776506124988346182731688770358057933187560730085065221999908635156062372042564930376763243795492099280482177820432480342851951116718811773691894433230252522533870100884293187792411647556966750578044933460410887957196285129523757556329806426849028573268903005017004388856904135386175499116070808977768612063157903090442241285744042914814040740664674507472267110364175507836040242425119576197236410357445149342675300,33.0,12.745947273747333,-10.127026363126618,5.684341886080801e-13
272,74528,2445612035604782379557795701664806490949319131437064494534860691425997124309982886190340411114869299884273630019253037448214439297871587096423918930596831744658126964994417092512479796199878739956065025115967048871983909932475032623284744426020203608623605197291864875915618438506179720425531248319701653649415305176854615415327858522391667020254231510076353347151661478400202863030727709642262083008354402095725944922568888470410269681001803951296120300901394031719473612529479989112912740963806477851702537648776018125593120292790440318997851303565953305648735332602337256131083477612171,122280601780239118977889785083240324547465956571853224726743034571299856215499144309517020555743464994213681500962651872410721964893579354821195946529841587232906348249720854625623989809993936997803251255798352443599195496623751631164237221301010180431180259864593243795780921925308986021276562415985082682470765258842730770766392926119583351012711575503817667357583073920010143151536385482113104150417720104786297246128444423520513484050090197564806015045069701585973680626473999455645637048190323892585126882438800906279656014639522015949892565178297665282436766630116862806554173880550,20.0,11.487157361174013,-4.256421319413278,5.684341886080801e-13
273,75075,825248150542628308786291367861140163446101693813816856852700244415032884660045285161353629680231176784126077839774584731110211506885295235112522316462911366828805191872907976605387787817474899485674067749199670171032421600035975044376248535364792870486819824593991477720444006333531618392009656442656568664027364606242427668175900755696599815914403795163959837422694071965436419537508295849980767271106380549562312416984062709517950919108167833493196327532493934557353733165680893207154482465309323195601699905902885459185601697200903382146017089892385175843285093918426602135474944161,103156018817828538598286420982642520430762711726727107106587530551879110582505660645169203710028897098015759729971823091388776438360661904389065289557863920853600648984113497075673473477184362435709258468649958771379052700004496880547031066920599108810852478074248934715055500791691452299001207055332071083003420575780303458521987594462074976989300474395494979677836758995679552442188536981247595908888297568695289052123007838689743864888520979186649540941561741819669216645710111650894310308163665399450212488237860682398200212150112922768252136236548146980410636739803325266934368020,8.0,15.998320522343874,3.999160261172449,1.0231815394945443e-12
274,75624,-203827822417383275043199185557886227696789329724543691696987994635671120594331161282697143532844307136031929509873262760521447324909243123358575512924243554627821258651988966783950151896292038685639494131698793387584744873084290125202483414898380789418995915026299217626866475113468503259574039207239248231516825890951606320530022862330313959665001529549724584795725613412307998410246201180870200364779285168306325189844316712452494292841313660019416088595545407740799221994385751603918682626276804312770751481891232813029211236403993359042677434608734100133026149578648102234901899699,101913911208691637521599592778943113848394664862271845848493997317835560297165580641348571766422153568015964754936631380260723662454621561679287756462121777313910629325994483391975075948146019342819747065849396693792372436542145062601241707449190394709497957513149608813433237556734251629787019603619624115758412945475803160265011431165156979832500764774862292397862806706153999205123100590435100182389642584153162594922158356226247146420656830009708044297772703870399610997192875801959341313138402156385375740945616406514605618201996679521338717304367050066513074789324051117450949850,-2.0,37.056868893006595,19.528434446503553,5.115907697472721e-13
275,76175,-1436241250000626742903941839341331811957509235371221512245018187873812856640226313162690823254732334295673422720397692901405934351295495694808956026514139370044681835805812219784601771222837878192380005659013375973910550742162610067856313544735501391973499052227767918037717737522720090358993805831388425688656624676589165053001633277695469904622030505008476602054521195496846408652591000389910277839451767048944509472708638138077303830842877593215721558529364131355254503358221884515401482420562713356545308473735734281030141553766022223702374492821459850408257295328281697691527205941621,84484779411801573111996578784784224232794660904189500720295187521988991567072136068393577838513666723274907218846923111847407903017382099694644472147890551179098931517988954104976574777813992834845882685824316233759444161303682945168018443807970670116088179542809877531630455148395299432881988578316966216979801451564068532529507839864439406154237088529910388356148305617461553450152411787641781049379515708761441733688743419886900225343698681953865974031139066550309088432836581442082440142386041962149724027866807898884125973750942483747198499577732932376956311489898923393619247408380,-17.0,26.72046777574633,21.860233887873306,2.8421709430404007e-13
276,76728,1,99504536974797347234567044266630954918919575779057401593563649700402469831448188011513272112686874593775320078731011417011594386610904438802634930149770446589799161280769893266814673278936348578451401510136138439692694095500932844752259505962533445894574711440630075468749733032715351167255757672864643923377641008951641810979547971916231259122083169924730638562425731486581554665261524012169642334058704098288562579829562038926281904876085217942152309985709209393699941406612959426839141030263229858200240300070119372106448425121029521737460222638556496653659624222545736148208887050,0.0,12.072880074408431,6.036440037204244,5.684341886080802e-14
277,77283,-978244814241912951823118280665922596379727652574825797813944276570398849723993154476136164445947719953709452007701214979285775719148634838569567572238732697863250785997766837004991918479951495982426010046386819548793563972990013049313897770408081443449442078916745950366247375402471888170212499327880661459766122070741846166131143408956666808101692604030541338860664591360081145212291083856904833203341760838290377969027555388164107872400721580518448120360557612687789445011791995645165096385522591140681015059510407250237248117116176127599140521426381322259494133040934902452433391043571,81520401186826079318593190055493549698310637714568816484495356380866570810332762873011347037162309996142454333975101248273814643262386236547463964353227724821937565499813903083749326539995957998535500837198901629066130331082501087442824814200673453620786839909728829197187281283539324014184374943990055121647176839228487180510928617413055567341807717002545111571722049280006762101024256988075402766945146736524198164085629615680342322700060131709870676696713134390649120417649332970430424698793549261723417921625867270853104009759681343966595043452198443521624511086744575204369449253700,-12.0,14.642422321231606,13.321211160615803,0.0
278,77840,-2235374314075067767970626901542607062423870446429611345140627739287096304797035183570756661069227952414615302904023378717568939496276685967657922134847972123856100154157206169060769025181650301946873909173138674664415328677037417394635919920876027979436342755106766263909486002148505621890728206475025355877001648948515931680607141130067263099458479752987589233853327893873433698273223194130241644581993042702012629013098942191109156767617210472111283353888117949929742666127133978754116017153698872246797759783549717466814878828591136622886553063497848974207273249000672204411803973469,97190187568481207303070734849678567931472628105635275875679466925525926295523268850902463524749041409331100126261886031198649543316377650767735744993390092341569571919878529089598653268767404432472778659701681507148492551175539886723300866125044694758101858917685489735195043571674157473509922020653276342478332562978953551330745266524663613019933902303808227558840343211888421664053182353488767155738827943565766478830388790917789424679009150961360145821222519562162724614223216467570261615378211836817293903632596411600646905590918983603763176673819520617707532565246617583121911890,-23.0,7.009008791598944,15.004504395799728,5.115907697472721e-13
279,78399,-672468731492145912632443979245837754132315004405982298110642088857858582011676329598121265021558471096380724829044747628879076322886396418831030655521881002376586008278561626877048962960954066476786057889192700903417188738694575738379687420994205131276105545369592153025237760386449798045433347860241724938229518056031060907272437270727308221575415639852291747133848077543937192795151409750916614029876853932749386331538097059200243684122557682652905786805361711465380699345491613537632356567607892563990236530189192273364934149850376403123310846563443092996096258421945574780198272699,96066961641735130376063425606548250590330714915140328301520298408265511715953761371160180717365495870911532118434963946982725188983770916975861522217411571768083715468365946696721280422993438068112293984170385843345312676956367962625669631570600733039443649338513164717891108626635685435061906837177389276889931150861580129610348181532472603082202234264613106733406868220562456113593058535845230575696693418964198047362585294171463383446079668950415112400765958780768671335070230505376050938229698937712890932884170324766419164264339486160472978080491870428013751203135082111456896100,-7.0,13.227854221862344,10.113927110931485,6.252776074688882e-13
280,78960,1,94965519469631852057220760947540002714157088692630748817008692289176262746555640379351048050648920289804207991755176193574646120293399049319547230086531377781533644665632382500995536741871440954762386015130541444037797442708002493035786110963384158111278354278654062216220621973467023682986089756947335825340058856244099106665091583742983186970836702823320485583244569976709287548710047993466134431143947761738796144551009362227253472182780043070971358506287526267463720903454158579900556056227923726103307204837000499461004057966520265810257867908753551619305071161750271544023270130,0.0,-9.337989734426628,-4.668994867213172,2.8421709430404007e-13
281,79523,1151,108061927154629919096739810073561217041946659296056338130610123574637082236952732180503413514377945808839997605501878398874591503859442220539661534142650704996521889150916104087760735180924874556198222040007846345506265787714013069400953823475311322241508136624524261959062210073528871367639752832731003300788118135721483006723789097501027147406582322538257473478794344394427568366474015077216231574787752650741378961694904374273942148695428546685177408644480201401558136367581673937547307158865867626005460965876149638107602989681438060606881801785472355365874351905684669456954851336300,0.0,-3.7155848147426696,-1.8577924073711642,3.410605131648481e-13
282,80088,-30075487816498941884529526428240338723648584787899175013697315946339123211579077564800302790409395920906924899913144149848591810135637640667996414033229646050811917368863381720218198140969382562566495454500565649558378180399369333231333426598306711044562135112327140868865210570626158374165109202637107714782453591171674882130245509336855452029016439282492371259470270608157834561542929762590925292659374524154558545973339081513136002549536747621117337033738826280045306561851210222100545034506357980053299815745465595072018955056969816220685550011490687901181858459187319007437272540173,2506290651374911823710793869020028226970715398991597917808109662194926934298256463733358565867449660075577074992762012487382650844636470055666367836102470504234326447405281810018183178414115213547207954541713804129864848366614111102611118883192225920380177926027261739072100880885513197847092433553092309565204465930972906844187125778071287669084703273541030938289189217346486213461910813549243774388281210346213212164444923459428000212461395635093111419478235523337108880154267518508378752875529831671108317978788799589334912921414151351723795834290890658431821538265609917286439378350,-12.0,16.28843952178795,14.144219760894146,3.410605131648481e-13
283,80655,-41303669934658546854753882961450065180477389775381533685477647232972395877235266522325749165495570398045510195880717965792066085919609026517381741938968713909781699853239044229099658780264618719257987090847443492060172701081800550971031239195007883167865332220929273459908222516993257500520083304954961261634569598542433504792203832822614820786515909947956189863005838301870092797852290207291537401918874346505593736470052338611373443501363800066334476193001321424595554344942328705018081847388731625939865080290439417232239364944905214276408155349113878050956418950617251436880520954983,20651834967329273427376941480725032590238694887690766842738823616486197938617633261162874582747785199022755097940358982896033042959804513258690870969484356954890849926619522114549829390132309359628993545423721746030086350540900275485515619597503941583932666110464636729954111258496628750260041652477480630817284799271216752396101916411307410393257954973978094931502919150935046398926145103645768700959437173252796868235026169305686721750681900033167238096500660712297777172471164352509040923694365812969932540145219708616119682472452607138204077674556939025478209475308625718440260477604,-2.0,-2.0840930081997158,-0.04204650409991473,1.1368683772161603e-13
284,81224,-2813738893173451618470019276244425173202228715115894415910131943684635516307731218435970039744223966933306965818924168959249726035172803062455928917688662533897794238351587427217741532136048321744974605995438121236079468199843329716597090414747626529435682816745924155007030629136500088546778734344462776886950843358923640425886058267939000419833852325340805800430379753052544216754109116262242385615346999324886864787656903756439521901219014976976627841604330751030921509903238101315594804914017297836959008233638853529660405228061041035843525447904728087328798513307763886121827105349,90765770747530697370000621814336295909749313390835303739036514312407597300249394143095807733684644094622805348997553837395152452747509776208255771538343952706380459301664110555411017165678978120805632451465745846325144135478817087632164206927342791272118800540191101774420342875370970598283184978853637964095188495449149691157614782836741949026898462107767929046141282356533684411422874718136851148882161268544737573795383992143210383910290805708923478761430024226803919674298003268244993706903783801192226072052866242892271136389065839865920175738862196365445113332508512455542809850,-31.0,15.720015077978132,23.36000753898921,2.8421709430404007e-13
285,81795,-4308699268756035023967371157960597932475184097113112757685294988081733560070905809341428484375081235380001063609695296344579481579559330497321769660396620402063579237080862336272349220775213775407961562649979616673909641376252737858467472069024293810614755027393375382662115359639980498460512891852734295621108390459367157845608049787348981594652485534993980976726195824014266417625854672450001003967196396621852722436748432889045041918426823536331617336853223909839003061193636144249930299930438535305230782064490927326457887968752789666620381317206895421137151788531501164090694738879,89764568099084062999320232457512456926566335356523182451776978918369449168143871027946426757814192403750022158535318673845405866240819385360870201258262925042991234105851298672340608766150286987665865888541242014039784195338598705384739001438006121054474063070695320472127403325832927051260685246931964492106424801236815788450167703903103783221926781979041270348462413000297217033871972342708354249316591596288598384098925685188438373300558823673575361184442164788312563774867419671873547915217469485525641293010227652634539332682349784721257944108476987940357328927739607585222807060,-48.0,18.686547165132197,33.34327358256638,5.684341886080801e-13
286,82368,-6481072821628325806195618170753728845096690044142321934196667390820929365695949908567393003585012264395826215821590360618811240983889127025755618397221532404449581757895327500697026018054247033358290706247556835923118352012577611388467156786445837451108067577369820365499183717773073621900362721960002662714928022240623164012877335340588563103467115870831713272382120964769539094011271606239859201980563941508601562168220123635712186265332076274308760092762875008588233980240721359050040069771102420383490809199534443693296759230578816008349611674206078250859405988611413837467638777649,88781819474360627482131755763749710206803973207429067591735169737273005009533560391334150734041263895833235833172470693408373164162864753777474224619473046636295640519114075352014055041839000456962886386952833368809840438528460429979002147759532019878192706539312607746564160517439364683566612629589077571437370167679769370039415552610802234294070080422352236607974259791363549233031117893696701396994026596008240577646851008708386113223727072250804932777573630254633342195078374781507398216042498909362887797253896488949270674391490630251364543482275044532320629980978271746132038050,-73.0,37.14847513896075,55.07423756948057,3.979039320256561e-13
287,82943,-43811392752119958628078225855538104852149231297458269659238790100688577055495979132609812507686372886498273314916332985143727241136156717413079919128120385825732731630042843343009280920494970570070079164220323989792397472218909870137129564431847647503057155962914265062831221741239276705908802648470083909662382752739652681868873351243987863477125804480510672818974049913055062717721893541305666458463948860400576213327162659169921116856803745070361926533290687368231713001599541519251322530980190331800499745879501810421339612102274459428904364781024363504050201529761870274119695441766641,663808981092726645879973119023304618971958049961488934230890759101342076598423926251663825874035952825731413862368681593086776380850859354743635138304854330692920176212770353681958801825681372273789078245762484693824204124528937426320144915634055265197835696407791894891382147594534495544072767401061877419127011405146252755588990170363452476926148552735010194226879544137197919965483235474328279673696194854554185050411555441968501770557632501066089795958949808609571409115144568473504886833033186845462117361810633491232418365185976658013702496682187325818942447420634398092722658208700,-66.0,32.528947671674814,49.264473835837066,6.821210263296962e-13
288,83520,-5730884203433873376097101260901196543791237831334187798860023553574919927966393229972697696712510392728814539678449617753649169421345752429286716694031909054982210854636917386787577655761715847297045708855082784523348962275099826447230584438307343789541314845653936692562265874232814478197161558562500875051796531797762648789918281804137806384129082505278921343492060064384475375702005266261700814516243815577651130935219761982328065285814227259203908571778933347662633165360748107821258856325186513099156279890298469140973211886105598480851631554689550579570203129398143636867172282533327,154888762254969550705327061105437744426790211657680751320541177123646484539632249458721559370608388992670663234552692371720247822198533849440181532271132677161681374449646415859123720425992320197217451590677913095225647629056752066141367146981279561879494995828484775474655834438724715626950312393581104731129635994534125642970764373084805577949434662304835711986271893632012847991946088277343265257195778799395976511762696269792650413130114250248754285723754955342233328793533732643817806927707743597274494051089147814620897618543394553536530582559177042691086571064814692888301953582030,-37.0,23.23772650809974,30.118863254049927,1.1368683772161603e-13
289,84099,-1546911014031766028239409143815058203230440997524415204888054812309624769302214109891243449298646730215875236210369229701472818509445491477513880919314425006330946424065713524643082154839850060228549147551574341515875080354558917600035847886402392561632863521562850778751486999887391045489155869214037554880060726794437253272748021259239028132436233657818921830856624360748061512431354152467501955628654507234715406542600306750412088684648536039770058893096370857326860077835880368189935374076868104505876320767688320847348475355812629397801448419278248220850889573970295995111488189799,85939500779542557124411619100836566846135610973578622493780822906090264961234117216180191627702596123104179789464957205637378806080305082084104495517468055907274801336984084702393453046658336679363841530643018973104171130808828755557547104800132920090714640086825043263971499993743946971619770511890975271114484821913180737374890069957723785135346314323273435047590242263781195135075230692638997534925250401928633696811128152800671593591585335542781049616465047629270004324215576010551965226492672472548684487093795602630470853100701633211191578848791567825049420776127555283971566100,-18.0,12.51489692942846,15.257448464714685,9.094947017729282e-13
290,84680,-1301065602941744225924747313285677053185037777924518311092545887838630470132910895453261098713110467538433571170242615922450081706467684335297524871077514488158123545377029893216639251578335489656626593361694469999895440084076717355587484034642748319787757964959272113987109009285287611266382624106081279741488942354086655400954420733912366854775251163360619980684683906508907923132347141529683428160444541914926202698806648666258263470292959702089536000079541624874759961865683354208069578192745046217105750029148841642815539995764514249706856893497087158605127196944443420261736410087959,92933257352981730423196236663262646656074126994608450792324706274187890723779349675232935622365033395602397940731615423032148693319120309664108919362679606297008824669787849515474232255595392118330470954406747857135388577434051239684820288188767737127696997497090865284793500663234829376170187436148662838677781596720475385782458623850883346769660797382901427191763136179207708795167652966405959154317467279637585907057617761875590247878068550149252571434252973205339997276120239586290684156624646158364696430653488688772538571126036732121918349535506225614651942638888815732981172149218,-14.0,24.621863092193735,19.310931546096555,6.252776074688882e-13
291,85263,1,84128380997756531804533735867382404229422742739493102667177870362091404345028651055739264228237678014594896113493396541046248341860047715735256929157097755234197694014255833935757818926724414859169763505881219431440794975317338583532326949639497888153546790412516851596684500808606113533730005102156919630182845035323516182157821070601708531828490936019138402034800876449955378845226271401522603474659594155339729787498069778823882685964974336129897499171014586574457296612641210495800231887299844439343052550697489443604854499235997258995454121209699116121387524341325671005541227300,0.0,23.434418131563007,11.717209065781361,2.8421709430404007e-13
292,85848,2663893578501034947097960848851987435051750388608934774942124942468390575764931733139358217703680773817833614697240758838572466038027025251040421924473957685248739106948664574595269834264083761319444507632856723125454543765353147434442517845534207234302826973294374296027618350015688971333123721699771767922255375591256594955962839911165096471236111573554091574524723528014839909568029036265174937240817436085494597643989186624403317865292731381253432840567644077690780673649940580781559616084407070360520159967135725071411761686224135071035675933512665466040401093235553140076138081601,83246674328157342096811276526624607345367199644029211716941404452137205492654116660604944303240024181807300459288773713705389563688344539095013185139811177664023097092145767956102182320752617541232640863526772597670454492667285857326328682672943976071963342915449196750863073437990280354160116303117867747570480487226768592373838747223909264726128486673565361703897610250463747174000907383286716788775544877671706176374662082012603683290397855664169776267738877427836896051560643149423738002637720948766254998972991408481617552694504220969864872922270795813762534163611035627379315050,32.0,21.358217916749936,-5.320891041624691,6.821210263296962e-13
293,86435,1565226389244440101090974644625467854326219672810531482186126601550899675340668064736659672746153385795980463499601713533916164500543644963760366517056034500171232753059098608983255396557319785700096576663175435941470067344426002618572454104766055319055263675600324829723496598352505769122625264858456337146421283873494399725083515515616331520808044632811920145947610661647856100618903826222598372424458716703407616553581010083889916416703574552642317930370362991668699537493382281836293767375115926787456105116936694518817687130036962955692268984287402080204225609554904262854926221821,82380336276023163215314454980287781806643140674238499062427715871099982912666740249297877512955441357683182289452721764942956026344402366513703500897686026324801723845215716262276599818806304510531398771746075575866845649706631716766971268671897648371329667136859201564394557808026619427506592887287175639285330730183915775004395553453491132674107612253258955049874245349887163190468622432768335390760985089653032450188474214941574548247556555402227259493176999561510501973335909570331250914479785620392426585101931290464088796317734892404856262330915898958117137344994961202890853780,19.0,28.527337327066334,4.7636686635328545,6.252776074688882e-13
294,87024,1141405764590785193112211209325259723115624256873107968463825918376171588353959096969208248862257840771338712119032368251438819618264803606780998763972974776430960754971602180244095213161328815012656238693278652138729901466888371894925329012389679895943220308242334380800706222835112126948786384624768642086437995538202841878929730089055310080688538410499894708815562959705326809078453119214025536162091221808371234427138513410410098843994946575156627013439609103479980315353970026852010367927102016192148077016132260977309488714394948810143924705668216968983688806667757501019174307901,81528983185056085222300800666089980222544589776650569175987565598297970596711364069229160633018417197952765151359454875102772829876057400484357054569498198316497196783685870017435372368666343929475445620948475152766421533349169421066094929456405706853087164874452455771479015916793723353484741758912045863316999681300202991352123577789665005763467029321421050629683068550380486362746651372430395440149372986312231030509893815029292774571067612511187643817114935962855736810997859060857883423364429728010576929723732926950677765313924915010280336119158354927406343333411250072798164850,14.0,16.130022870713674,1.0650114353571496,6.252776074688882e-13
295,87615,2340075074443405558976027492606248808740253262866757899607030026874575697655293167128379901926357531017165529461853648752220467227797593974350228932463062067042854836696924230223801975698763889408338679932096629206326533598669346141234512770230324196147619108635612653693680228561092343413159186982991423392945789966913073011801076748871769606946395002261128235270583441171332426030964605388358787423119346278970210388704450025520636614104356997767061362849124097382009135197956888080602449025019309362313272978163733588958599081926773666350292729469202520469659057504363685210084216661,80692243946324329619863016986422372715181146995405444814035518168088817160527350590633789721598535552316052740063918922490360938889572206012076859740105588518719132299893938973234550886164272048563402756279194110562983917195494694525328026559666351591297210642607332885988973398658356669419282309758324944584337585065968034889692301685233434722289482836590628802433911764528704345895331220288234049073080906171386565127739656052435745313943344750588322856866348185586521903377823726917325828448941702148733550971163227205468933859543919529320438947213880016195139913943575352071869540,29.0,-3.0316562768348376,-16.01582813841725,3.410605131648481e-13
296,88208,3790698655187412688314583337580450060971444653727449966529034071710295542680473473595027637228047414820624126529842208044732380911700959999457074342425089204220096795741346493394343684109812046931900788929748925751575060395336300566091353860331315593366588055802390557669208579684578566659573434895537563156593723024124653893758180709707083881394058840618347688085075291520314437697627949945506228662949323248375214629981777129135918005552796124508986466397160749165184099420693983125014748493900040670138933355602828094669336453825182494446669520527227623755539765533622747003179390298581,122280601780239118977889785083240324547465956571853224726743034571299856215499144309517020555743464994213681500962651872410721964893579354821195946529841587232906348249720854625623989809993936997803251255798352443599195496623751631164237221301010180431180259864593243795780921925308986021276562415985082682470765258842730770766392926119583351012711575503817667357583073920010143151536385482113104150417720104786297246128444423520513484050090197564806015045069701585973680626473999455645637048190323892585126882438800906279656014639522015949892565178297665282436766630116862806554173880550,31.0,-9.174737666894544,-20.087368833446646,1.2505552149377763e-12
297,88803,2371835469169050340033592891206744082897098846271462681647815483492110936751042562279437895522562232545617833207381333853099604239679452546171939139469133946633883535036186246630448477760078406368497548731732628684992817554847920976081371246714505056599892744042949958776823558349110034612071549082452729280735582581809897039009203814273986697199244484275979459745881684937157592648860521831605307394146987893358835869981567093961264046706869229474058788072405012642029433824721545257788886647558729987358900277001906201126501228269019757080249847774647175097032888542923172195936199001,79061182305635011334453096373558136096569961542382089388260516116403697891701418742647929850752074418187261106912711128436653474655981751539064637982304464887796117834539541554348282592002613545616584957724420956166427251828264032536045708223816835219996424801431665292560785278303667820402384969415090976024519419393663234633640127142466223239974816142532648658196056164571919754962017394386843579804899596445294528999385569798708801556895640982468626269080167088067647794157384841926296221585290999578630009233396873370883374275633991902674994925821572503234429618097439073197873300,30.0,-1.711586814582688,-15.855793407291344,0.0
298,89400,1393998860294725956347943549948939699841111904919126761884870594112818360856690245128494034335475500934035969110974231345482230399786804644961633790440194094455132370046817742732113483833930881774957064316101217857030828661510768595272304322831516056915454962456362979271902509948522440642552811542229942580166723950807130786736879357763250201544911960743521407876447042688115631927514794496089387314762009194563788605864266428133853718171028252238788571513794598080099959141803593794360262349369692375470446459802330331588078566890550981828775243032593384219779139583332235994717582240249,154888762254969550705327061105437744426790211657680751320541177123646484539632249458721559370608388992670663234552692371720247822198533849440181532271132677161681374449646415859123720425992320197217451590677913095225647629056752066141367146981279561879494995828484775474655834438724715626950312393581104731129635994534125642970764373084805577949434662304835711986271893632012847991946088277343265257195778799395976511762696269792650413130114250248754285723754955342233328793533732643817806927707743597274494051089147814620897618543394553536530582559177042691086571064814692888301953582030,9.0,36.095418478201736,13.547709239101437,1.1368683772161603e-12
299,89999,-387422073708840110820574949821001878704306087289301350665863639022611227149774673894982972962551624154156305510895693704381216517363639170505214858354648261172475881996480888106664411010669646477056774977099617540460023418074552017228986176977970856307829868336519140242431509043150750288358099335275987754830752541815251987620514865392466719345248367418588884222528040234153099081057100195125644726097930929470167532631933840299113908344597000738934163627261473450199258267272422361097751157367332114778870877676335643301283042597161583993056202102362160510646928575133884727864280499,77484414741768022164114989964200375740861217457860270133172727804522245429954934778996594592510324830831261102179138740876243303472727834101042971670929652234495176399296177621332882202133929295411354995419923508092004683614910403445797235395594171261565973667303828048486301808630150057671619867055197550966150508363050397524102973078493343869049673483717776844505608046830619816211420039025128945219586185894033506526386768059822781668919400147786832725452294690039851653454484472219550231473466422955774175535267128660256608519432316798611240420472432102129385715026776945572856100,-5.0,18.148291012772916,11.57414550638677,6.252776074688882e-13
300,90600,-613724664705179002299463342666419987822843830243410604539043792466157442455204554566504445252534478425639081662417800383240209300439955817494528112020337502374170874490921905335804736705269223168766524381091285171770768218154540133299126882540978947516572544144565727487492162213867124821992322510474907305119904881759784618011944024110175643187457800118219760222969365555276267427225708875059991113207642592950872755870019890213572711758748886572577655170896306457586245838667588484666892234602252985733507879501328636437434843163524729218546141888764904174686760038889322984851722959,76715583088147375287432917833302498477855478780426325567380474058269680306900569320813055656566809803204885207802225047905026162554994477186816014002542187796771359311365238166975592088158652896095815547636410646471346027269317516662390860317622368439571568018070715935936520276733390602749040313809363413139988110219973077251493003013771955398432225014777470027871170694409533428403213609382498889150955324118859094483752486276696588969843610821572206896362038307198280729833448560583361529325281623216688484937666079554679355395440591152318267736095613021835845004861165373106465370,-8.0,33.15879671610105,20.57939835805081,5.684341886080801e-13
301,91203,-295026213818989620391099164010357608431981355538439526324840337378374256265966189445183922610682645700325072827719414041371900613711493046552726728135490813641297856094564601636426134144747276566128479220338882086144090722012861078364508851392913451199038087292351953285058732264237553575143452178249723297389782846731667891372884520161534434189399356771115641878613130727643519984659215766368124299420531046468526689071802418652667453581170000473817687092866581604253959606730919321557727481348083042427607716360281551658852606749322959117201109636527700363974421075837510263432292536229,73756553454747405097774791002589402107995338884609881581210084344593564066491547361295980652670661425081268206929853510342975153427873261638181682033872703410324464023641150409106533536186819141532119805084720521536022680503215269591127212848228362799759521823087988321264683066059388393785863044562430824347445711682916972843221130040383608547349839192778910469653282681910879996164803941592031074855132761617131672267950604663166863395292500118454421773216645401063489901682729830389431870337020760606901929090070387914713151687330739779300277409131925090993605268959377565858073134300,-4.0,22.857414483595676,13.428707241797838,0.0
302,91808,-977801438690765722022039461153172979482148702555853103289375814662535675652442249488513842379767420556534019577771213457394163790628188048847013460871859627910514034694585486500991468907005809137796725701129627167244044406295660361214885352758247744067516727202386973277150044208336933771093622867309249977994723653538622175509050236379846796598781415696298482868432751408025684173313710838225152162684996791162401495474951361635754817584650807682575859242196778521010687129368961945821242219010327348522980347773764895304964084818606557014583301467821014754827976225804173434519762649,75215495283905055540156881627167152267857592504296392560721216512502744280957096114501064798443647735118001505982401035184166445432937542219001035451681509839270310361121960500076266839000446856753594284702279012864926492791973873939606565596788288005193594400183613329011541862179764136237970989793019229076517204118355551962234633567680522815290878130484498682187134723694283397947208526017319397129615137781723191959611643202750370583434677514044296864784367578539283625336073995832403247616179026809460026751828068869612621909123581308814100112909308827294459709677244110347674050,-13.0,38.68866156894728,25.84433078447347,3.410605131648481e-13
303,92415,-13010656029417442259247473132856770531850377779245183110925458878386304701329108954532610987131104675384335711702426159224500817064676843352975248710775144881581235453770298932166392515783354896566265933616944699998954400840767173555874840346427483197877579649592721139871090092852876112663826241060812797414889423540866554009544207339123668547752511633606199806846839065089079231323471415296834281604445419149262026988066486662582634702929597020895360000795416248747599618656833542080695781927450462171057500291488416428155399957645142497068568934970871586051271969444434202617364100886361,309777524509939101410654122210875488853580423315361502641082354247292969079264498917443118741216777985341326469105384743440495644397067698880363064542265354323362748899292831718247440851984640394434903181355826190451295258113504132282734293962559123758989991656969550949311668877449431253900624787162209462259271989068251285941528746169611155898869324609671423972543787264025695983892176554686530514391557598791953023525392539585300826260228500497508571447509910684466657587067465287635613855415487194548988102178295629241795237086789107073061165118354085382173142129629385776603907164060,-42.0,49.45371501838531,45.72685750919297,6.252776074688882e-13
304,93024,-41819965808841778690438306498468190995233357147573802856546117823384550825700707353854821030064265028021079073329226940364466911993604139348849013713205822833653971101404532281963404515017926453248711929483036535710924859845323057858169129684945481707463648873690889378157075298455673219276584346266898277405001718524213923602106380732897506046347358822305642236293411280643468957825443834882681619442860275836913658175927992844015611545130847567163657145413837942402998774254107813830807870481090771264113393794069909947642357006716529454863257290977801526593374187499967079841527467137601,774443811274847753526635305527188722133951058288403756602705885618232422698161247293607796853041944963353316172763461858601239110992669247200907661355663385808406872248232079295618602129961600986087257953389565476128238145283760330706835734906397809397474979142423877373279172193623578134751561967905523655648179972670628214853821865424027889747173311524178559931359468160064239959730441386716326285978893996979882558813481348963252065650571251243771428618774776711166643967668663219089034638538717986372470255445739073104488092716972767682652912795885213455432855324073464441509767910150,-54.0,47.80754377270409,50.90377188635205,0.0
305,93635,-74346605882385384338556989330610117324859301595686760633859765019350312579023479740186348497892026716481918352585292338425718954655296247731287135490143685037607059735830279612379385804476313694664376763525398285708310861947240991747856230551014189702157597997672692227834800530587863500936149948918930270942225277376380308625966899080706677415728637906321141753410508943366167036134122373124767323453973823710068725646094209500472198302454840119402057147402378564271997820896191669032547325299716926691757144522790951018030856900829385697534679628404980491721554111111052586384937719361679,929332573529817304231962366632626466560741269946084507923247062741878907237793496752329356223650333956023979407316154230321486933191203096641089193626796062970088246697878495154742322555953921183304709544067478571353885774340512396848202881887677371276969974970908652847935006632348293761701874361486628386777815967204753857824586238508833467696607973829014271917631361792077087951676529664059591543174672796375859070576177618755902478780685501492525714342529732053399972761202395862906841566246461583646964306534886887725385711260367321219183495355062256146519426388888157329811721492180,-80.0,53.917328282231665,66.95866414111563,3.979039320256561e-13
306,94248,-6005684045203434882062106919439097817165088090996684275252227273317134549560626322093753820312293883206421119530913513432112757751321269505528855077316645895739303970531931475430845928878521244683289022716185549333704920681916482056308265532769412144257724308027766217133716835660166026832138619390466080857591230284187811065389817325067206843783554597449950525488445842967890490204393780724792589155960777515587242117305330464724836162664431827827060504097758242271029753276324306006202922077801886655042047201905665987823274941185531133108492176217740139848727178538549710235009879149,72357639098836564844121770113724070086326362542128726207858159919483548789887064121611491810991492568752061681095343535326659731943629753078660904545983685490834987596770258740130673841909894514256494249592596979924155670866463639232629705214089302942864148289491159242574901634459831648579983366150193745272183497399853145366142377410448275226307886716264464162511395698408319159089081695479428785011575632717918579726570246562949833285113636479844102459009135449048551244293063927785577374431348031988458400022959831178593673990187122085644484050816146263237676849862044701626625050,-83.0,31.919023675153085,57.459511837576486,1.1368683772161603e-13
307,94863,-184317627083413765339339202715470915867880351872640094071444000777139316602162376855878655651023982901278089249117703922347094908416255280833816023402647885822400835595079234872357227306930861034688767392906716583318520678577534958708226904907722678636599045035896882814840442982082411596070871748361514630044266833495609515135209603970918637759827248142754497263663553422095289110415845050038485656062976771281212048997608561053253991624835957796017600011268396857257661264305141846143190243972214880756647920796085899398868166066639518708471393245420680802393019567129484537079324762594089,1548887622549695507053270611054377444267902116576807513205411771236464845396322494587215593706083889926706632345526923717202478221985338494401815322711326771616813744496464158591237204259923201972174515906779130952256476290567520661413671469812795618794949958284847754746558344387247156269503123935811047311296359945341256429707643730848055779494346623048357119862718936320128479919460882773432652571957787993959765117626962697926504131301142502487542857237549553422333287935337326438178069277077435972744940510891478146208976185433945535365305825591770426910865710648146928883019535820300,-119.0,43.65329274563055,81.32664637281533,1.1368683772161603e-13
308,95480,-9442416522495469936046676452417060355429991512821179492268285664222299057496297560585164581951527457307195512694656112500592647984295646436460264534176002778840468816716412517615028945755681552129833947239188284949584935675117505636425590778537898424739267125372868665299874398938298171910339899929543283074213103410101777165062640926025580687826498129813513992745987098422173620899387199795257881989475285096867017294624264575594731067825146806608550038774366261505133413081735572938625662972557631063792685467466765169402314713340630536451597011628974795071587754753409085169210004465,70995612951093758917644183852759852296466101600159244302769065144528564342077425267557628435725770355693199343568842951132275548754102604785415522813353404352183976065536936222669390569591590617517548475482618683831465681767800794258839028410059386652174940792277208009773491721340587758724360149846190098302354160978208850865132638541545719457342091201605368366511181191144162563153287216505698360823122444337345994696423041921764895246805615087282331118604257605301754985576959195027260623853816774915734477198998234356408381303313011552267646703977254098282614697394053271948947402,-133.0,47.55253439275657,90.27626719637863,6.821210263296962e-13
309,96099,-69183647140553065981712753960428859177299627873764068923175059115228763094369071424895629852205080416726229578100202592701710693915345119416614417747772595798884347254175399083741928456943236354757128377169467849200789274312015922876477325651638204306174431470056533045346272715963706313371139535799560113237904077558576120526941419977879824817414149162826618020534779155632405436402586097213325148214114530396869508587337667174050517864784365111110247623277213386197553527778400580905287094376125473449274009486486023864000936282716233912983660209765745735352001742283896156774872599966059,516295874183231835684423537018125814755967372192269171068470590412154948465440831529071864568694629975568877448508974572400826073995112831467271774237108923872271248165488052863745734753307733990724838635593043650752158763522506887137890489937598539598316652761615918248852781462415718756501041311937015770432119981780418809902547910282685259831448874349452373287572978773376159973153627591144217523985929331319921705875654232642168043767047500829180952412516517807444429311779108812726023092359145324248313503630492715402992061811315178455101941863923475636955236882715642961006511940100,-134.0,39.922755150880676,86.96137757544076,8.526512829121202e-13
310,96720,-26128333713726307473908073735735112082791871062361800155286973198995695772542552202888252255500740383378991773709968348805709821558457127098546142420906322058313322275581379193509399532049986537992147704230417188803246900987981117770136158397651747955380397406964368332431820924211321799418068892304504846681787448470668968112477120965722938250579396475174715247346810666668834006738543906434423963764470107860319924386419748615494334198737221701881627146382414868797795005656837490522572018844086301834428821033931817581123080051179917938011231875704629333854009963700184360374823478747,209026669709810459791264589885880896662334968498894401242295785591965566180340417623106018044005923067031934189679746790445678572467657016788369139367250576466506578204651033548075196256399892303937181633843337510425975207903848942161089267181213983643043179255714946659454567393690574395344551138436038773454299587765351744899816967725783506004635171801397721978774485333350672053908351251475391710115760862882559395091357988923954673589897773615053017171059318950382360045254699924180576150752690414675430568271454540648984640409439343504089855005637034670832079709601474882998587830,-125.0,42.90452245832648,83.9522612291633,1.1368683772161603e-13
311,97343,-5654372887139249863098084278909353802568365558105694897605298393790949977772117058553329215577631549973398910851742866100148806039295874262695783647970265202408368247981067952447528589045261809609263594213904538295586895373999503137449909100641892439697226956148299634797676847582360100598306584970490931750877073053474707207245976511409167484178156949200629003836190815722878667657790933498193900353050720026142275067963490330984707852822243111490668502927439935987554051137436263985156084228367025298092975600001420220497828725138379484526357411497667944024003738872150836765721919921489,55983889971675741218792913652567859431369956020848464332725726671197524532397198599537913025521104455182167434175671941585631742963325487749463204435349160419884834138426415370767609792527344649596669249642619191045414805683163397400494149511305865739576504516319798364333434134478812877210956286836543878721555178747274328784613628825833341427506504447530980236001889264582957105522682509883107924287630891347943317504589013178066414384378644668224440623043959762253010407301349148367882022063039854436564114851499210103938898268696826579468885262353147960633700384872780562036850692300,-101.0,31.458337021249235,66.2291685106247,1.7053025658242404e-13
312,97968,-6018816161104530805470626767322494705271367405226488614416507810156712284503946812844430462162650459840598059101226233644520802063707047050576691177187881122594701471151145719156975800356497472999706676666809305122254257421617142904018506108960788415347328284424030840664891561692031694414743217625689842064562380782037912470823661940944489472555970274143576196587444422687066423779588346024113460493344755959924901984949779979578396341716000186297967474914084637515028231842695607460905682963119949024178873309125235223279603652662156986317535664226609448386301445599087244621819268399,68395638194369668243984395083210167105356447786664643345642134206326275960272122873232164342757391589097705217059389018687736387087580080120189672468044103665848880353990292263147452276778380374996666780304651194571071107063831169363846660329099868356219639595727623189373767746500360163803900200291930023460936145250430823532087067510732834915408753115267911324857322985080300270222594841183107505606190408635510249828974772495209049337681820298840539487660052699034411725485177357510291851853635784365669014876423127537268223325706329389971996184393289186207970972716900507066128050,-88.0,36.82196776210185,62.41098388105107,2.8421709430404007e-13
313,98595,-5150534207559696282478607151176227773544544338649633384537794557601020706634019233805661129803648026008737871724351179282755998462957152726954187903131080054381003919568202846332707395482571137601630418241750774551366974319979504277726494495986544171009240727615332721974991650554836310500207281519214158637432656129771843739128458698072729785236068403048573227283598300605108924693897488111173992363543727304351001922539889085207364426991329257889007094729983201054357028356405023377883756948496396146515663042124363995269402323035653497605042342812275320289905666561328663098205413359,67770186941574951085244830936529312809796636034863597164970981021066061929394989918495541181626947710641287785846726043194157874512594114828344577672777369136592156836423721662272465730033830757916189713707247033570618083157625056285874927578770318039595272731780693710197258559932056717107990546305449455755692843812787417620111298658851707700474584250639121411626293429014591114393388001462815688993996411899355288454472224805360058249885911288013251246447147382294171425742171360235312591427584159822574513712162684148281609513627019705329504510687833161709285086333271882871123860,-76.0,43.975557299791035,59.987778649895404,2.2737367544323206e-13
314,99224,-6729649670388332203059037827339708895784678161678542988409720109510157604135746010965143614033330004509139161225392840978190077792074229320504438988331971490473052820915671861465375439198287015465309965663936913792562621124534744942693882937807318895453920508410028175795391427337694541033013572962489377973218667348724079660109072761615690628147850844968724038024227102632282361029381766532845318071264871973756220855896458618577224846342895010807944827997629094179792906201810452800359887203853687329857327736976767118011413771195763360552708069812519785888588949712638380664153845287007,80114877028432526226893307468329867806960454305696940338210953684644733382568404892442185881349166720346894776492771916407024735619931301434576654622999660600869676439472284065063993323789131136491785305523058497530507394339699344555879558783420463041118101290595573521373707468305887393250161582886778309204984135103858091191774675733520126525569652916294333786002703602765266202730735315867206167515057999687574057808291174030681248170748750128666009857114632073568963169069172057147141514331591515831634854011628179976326354418997182863722715116815711736768916068007599769811355301050,-84.0,40.43786207534936,62.2189310376738,1.7621459846850485e-12
315,99855,-5257234035721845115239887358680808511156359493429335920224598493133435995115337360790119523212916318118574606027782039684597025973655928724285431170534685927292300142436978239686691262579331168885146584603031207098958609106544968088149518630084247213095641104382512250267587935836413548669849486183848452742960792080857540620704784306637869240818620116898827603400850524996354453861972491475883117215238034437070738745114073174487382443514081963330435476767622544376555520811671269113472286697706442184612257802811032161138952466134551978253884434876471051598641939471690972363417543707,66547266274960064749871991882035550774131132828219442028159474596625772090067561528988854724214130609095881088959266325121481341438682642079562419880185897813826584081480737211223940032649761631457551703835838064543779862108164153014550868735243635608805583599778636079336556149828019603415816280808208262569123950390601780008921320337188218238210381226567438017732285126536132327366740398428900217914405499203427072722962951575789651183722556497853613629969905625019690136856598343208509958198815723855851364592544710900493069191576607319669423226284443691122049866730265472954652452,-79.0,47.718588965372874,63.35929448268638,1.1368683772161603e-13
316,100488,-34075527696093301155171953443196303773893846564689765290519058967202226598719094880918743061533845578387545911601592321778454520883677446876839937099649188975569902378922211489007218493718310443387839349949140880949642478392485454551100772335881503613488899082266650604424283576519437437929068726587843040848519918797507641453568162078657227148875625707063856636979816599042826558228139421015518356583071335867114832587793179354383090888625135054725942859226090175291332334577421181639917524095703591400388691239612519216597476079546801778036728163018949392039045634259232435426429788034857,774443811274847753526635305527188722133951058288403756602705885618232422698161247293607796853041944963353316172763461858601239110992669247200907661355663385808406872248232079295618602129961600986087257953389565476128238145283760330706835734906397809397474979142423877373279172193623578134751561967905523655648179972670628214853821865424027889747173311524178559931359468160064239959730441386716326285978893996979882558813481348963252065650571251243771428618774776711166643967668663219089034638538717986372470255445739073104488092716972767682652912795885213455432855324073464441509767910150,-44.0,22.748120771747836,33.37406038587352,7.958078640513122e-13
317,101123,-2156891320276537144279658904454494352222051531671246730442318728319384745252499218827934448917647378824131160623509564204676203620279753434877972753272774399590178508505056077258414797824432742959859298028935815963222696366255250805001244503839573041800177877852952157313790050980229677614966442120114409067254717547280103337052265755474625099094711373578092848331188368695831087618002157660667472249360992100516460785802671248853247281712870574406295174862748875259322232928676456435649485299968578640678394646143169320111524937166255580734605048789406443168465325055442110466838282899,65360343038682943766050269831954374309759137323371113043706628130890446825833309661452559058110526631034277594651804975899278897584234952572059780402205284836066015409244123553285296903770689180601796909967751998885536253522886388030340742540593122478793269025847035070114850029703929624695952791518618456583476289311518282940977750165897730275597314350851298434278435415025184473272792656383862795435181578803529114721293068147068099445844562860796823480689359856343097967535650195019681372726320564869042262004338464245803785974735017598018334811800195247529252274407336680813281300,-33.0,34.58463646944347,33.792318234721904,3.410605131648481e-13
318,101760,-2994516070262744646969656514705129725584610758715161192197129424390498701099556822868616814498428853858299489201352052519924791229171654422510176290575231758459173239359830706609725261569184857146204064086439653174362520828430539945399764841638071529670236586017372325843346132482011168787706039609234691468506295894326429097434777879639574507022403471226823765067923276885581727844291040028636461639118390121655545894078794549324574653848875504809249523992595803283177690008318831113810933935683042880640218321056857749337353958505628035039591262810756158694340373919750729173837769251783,51629587418323183568442353701812581475596737219226917106847059041215494846544083152907186456869462997556887744850897457240082607399511283146727177423710892387227124816548805286374573475330773399072483863559304365075215876352250688713789048993759853959831665276161591824885278146241571875650104131193701577043211998178041880990254791028268525983144887434945237328757297877337615997315362759114421752398592933131992170587565423264216804376704750082918095241251651780744442931177910881272602309235914532424831350363049271540299206181131517845510194186392347563695523688271564296100651194010,-58.0,34.580168201350716,46.29008410067516,3.979039320256561e-13
319,102399,-4815593901721475895576640377609679903830065031018553392629684651276162310024631558845963169089926283816399180280832370716336519779832541022266556779975521613035734810646885208901993546387026495374252319073433437856785462910606643021432879834015656071368455286297872636321845368695582503014249234970187312869345727973328119729224113079368411203501886031116643203154828181569855987810784985615696594241878460371719205066617841990817386305500380868323413932463467085630932993207739480282856825261402300624129276554195616671461808809333246907615053555502333126821495182962774931236847207499,64207918689619678607688538368129065384400867080247378568395795350348830800328420784612842254532350450885322403744431609551153597064433880296887423733006954840476464141958469452026580618493686604990030920979112504757139505474755240285771731120208747618246070483971635150957938249274433373523323132935830838257943039644374929722988174391578816046691813748221909375397709087598079837477133141542621256558379471622922734221571226544231817406671744910978852432846227808412439909436526403771424336818697341655057020722608222286157450791109958768200714073364441690953269106170332416491296100,-75.0,57.004688321537515,66.00234416076913,7.389644451905042e-13
320,103040,-3755007659105548620030528669451099953916157713109093683568797199135108582867402842650830846267317470442775974868624373345361438779501505458281349296259482791072127554798988577874934737077200475949525945973153077366790799937412014204495546502627925277725053316208985790852497287447510569233009901885201415889596708811469694398825543629093355334481568994378293524389826759740621023774066240938194487128291035131226933650458463190425848941792935528561773534187731419747335871312898325976681526668164719451799129851086037965744264961262955208322957555536821881430259290298890650764202956309,63644197611958451186958113041544067015528096832357520060488088120934043777413607502556455021479957126148745336756345310938329470839008567089514394851855640526646229742355738608049741306393228405924168575816153853674420337922237528889755025468269919961441581630660776116144021821144246936152710201444091794738927267991011769471619383543955175160704559226750737701522487453230864809729936287088042154716797205614015824584041748990268626132083653026470737867588668131310777479879632643672568248612961346640663217815017592639733304428185681496999280602319014939495920174557468657020389090,-59.0,38.80885305455422,48.90442652727728,3.410605131648481e-13
321,103683,-17037763848046650577585976721598151886946923282344882645259529483601113299359547440459371530766922789193772955800796160889227260441838723438419968549824594487784951189461105744503609246859155221693919674974570440474821239196242727275550386167940751806744449541133325302212141788259718718964534363293921520424259959398753820726784081039328613574437812853531928318489908299521413279114069710507759178291535667933557416293896589677191545444312567527362971429613045087645666167288710590819958762047851795700194345619806259608298738039773400889018364081509474696019522817129616217713214893998749,1548887622549695507053270611054377444267902116576807513205411771236464845396322494587215593706083889926706632345526923717202478221985338494401815322711326771616813744496464158591237204259923201972174515906779130952256476290567520661413671469812795618794949958284847754746558344387247156269503123935811047311296359945341256429707643730848055779494346623048357119862718936320128479919460882773432652571957787993959765117626962697926504131301142502487542857237549553422333287935337326438178069277077435972744940510891478146208976185433945535365305825591770426910865710648146928883019535820300,-11.0,47.751000527317956,29.375500263658836,2.8421709430404007e-13
322,104328,-1000654201760281358025209148706696241148608328564520722413251568270347957939964463918091314677272964500819919144328142593686491623668150525334290768124898180807115396589817755691665802639052379534635882036197451959787758243118805240354467557013838726508891194886439638049944823960104760571430589637930095977579817456410405510592033420559189714605085438454886292409089194101673894803818708082650506385824299761905686904709335507018657276137377050787397468941322492722172842080489268473344468563079987707498952118802537767073553216786850059187793475307612324581032519194474314064778832799,62540887610017584876575571794168515071788020535282545150828223016896747371247778994880707167329560281301244946520508912105405726479259407833393173007806136300444712286863609730729112664940773720914742627262340747486734890194925327522154222313364920406805699680402477378121551497506547535714411852370630998598738591025650344412002088784949357162817839903430393275568074631354618425238669255165656649114018735119105431544333469188666079758586065674212341808832655795135802630030579279584029285192499231718684507425158610442097076049178128699237092206725770286314532449654644629048677050,-16.0,11.12775192217282,13.563875961086609,3.979039320256561e-13
323,104975,-3002459083711717444441724569120793199657779487518119179444336664242993392614409758738294843184101078934846702700559882897961727014925425389148134317871187280364900489331607445884552119026928053053753676988525699999758707886330886205201886233790957661048672226829089493816405406042971410614729132552495260941897559278661512463740970924413154280250579607755276878503116707328249053382339557376192526524102789034445083151092266152903684931445291620206621538645096057403292219690038509710929795829411645116397884682651173021882015374841186730092746677300970366011831992948715585219391715588967,71487121040755177248612489740971266658518559226621885224865158672452223633676422827102258171050025688924921492870473402332422071783938699741622245663599697151545249745990653473441717119688763167946516118774421428565683521103116338219092529375975182405920767305454511757533462048642176443207836489345125260521370459015750296755737402962217959053585228756078020916740873984005929842436656128004583964859590215105835313121244432211992498367745038576348131872502287081030767135477107374069757043557420121818997254348837452901952747020028255478398730411927865857424571260683704409985517037860,-42.0,48.378397572666245,45.189198786333435,6.252776074688882e-13
324,105624,-2581684266492864961355558602440029076087462850076431286396828890861636776992044796121241961094353654136109157810625081201782049580259711753507272146752747218346939331250555387762201864390696661752175953174248888800490991515351848074425517966986959917032617598538122299363260991517754606052826859485041034489818522013823826099203152500024539357836437739821850902223755668126255899540334831196292221923256889266858883043905565255691450651426620569270450035874953617102071517314237943900447611303962707788526371198406305347280617500921728410403319496581250810788807042115333399995508393699,61468673011734880032275204820000692287796734525629316342781640258610399452191542764791475264151277479431170424062501933375763085244278851273982670160779695674927126934537033041957187247397539565527998885101164019059309321794091620819655189690165712310300419012812435699125261702803681096495877606786691297376631476519614907123884583333917603758010422376710735767232277812529902370007972171340290998172783077782354358188227744183129777414919537363582143711308419454811226602719951045248752650094350185441104076152531079697157559545755438342936178490029781209257310526555557142750199850,-42.0,60.71046475971639,51.35523237985814,1.1368683772161603e-13
325,106275,-2254921976562610024039780153807277805937925568103162620051160162728672015725513763514734486213854177741024804122939058726598138666671553188780923350002718494976278124980097338889465927901521088844007754812151400560042873214676303933594564012711919649632624373658837966776417813981040518668959889263230720067596510642440546444980634194034155571170207556670832714338799946639573234586663492528703842028819128694727968103568664954683480340670559614087707484469381604431490523454947120921211432746482987644759504186621471233906437885542238237596549893641373432842889289552682918303038474339,60943837204394865514588652805602102863187177516301692433815139533207351776365236851749580708482545344352021733052406992610760504504636572669754685135208607972331841215678306456472052105446515914702912292220308123244401978775035241448501730073295125665746604693482107210173454431920014018079997007114343785610716503849744498512990113352274474896492096126238722009156755314583060394234148446721725460238354829587242381177531485261715684882988097678046148228902205525175419552836408673546254939094134801209716329368147871186660483393033465880987834963280363049807818636558997791974012820,-37.0,31.379100355957462,34.1895501779787,5.684341886080802e-14
326,106928,-78993268750034470859716801163773249657663007945417183173476000333059707115212447223947995279010278386262038249621873109577326389321252263214492581458277665352457500969319672088153097417256083300580900311245735678565080290818943553732097244960452576558542447872527235492074475563749604969744659320726363412876114357212404077915089830273250844754211677775466213112998665752326552475892505021445065281169847187691948020998975097594251710696358267626864685719115027224538997684702203648347081533130949234609991966055465385456657785457131222303630597105180291772454151243055493373033996326796851,2323331433824543260579905916581566166401853174865211269808117656854697268094483741880823390559125834890059948518290385575803717332978007741602722984066990157425220616744696237886855806389884802958261773860168696428384714435851280992120507204719193428192424937427271632119837516580870734404254685903716570966944539918011884644561465596272083669241519934572535679794078404480192719879191324160148978857936681990939647676440444046889756196951713753731314285856324330133499931903005989657267103915616153959117410766337217219313464278150918303047958738387655640366298565972220393324529303730450,-34.0,37.92769691429362,35.96384845714675,1.1368683772161603e-13
327,107583,-1180104855275958481564396656041430433727925422153758105299361349513497025063864757780735690442730582801300291310877656165487602454845972186210906912541963254565191424378258406545704536578989106264513916881355528344576362888051444313458035405571653804796152349169407813140234929056950214300573808712998893189559131386926671565491538080646137736757597427084462567514452522910574079938636863065472497197682124185874106756287209674610669814324680001895270748371466326417015838426923677286230909925392332169710430865441126206635410426997291836468804438546110801455897684303350041053729170147569,73756553454747405097774791002589402107995338884609881581210084344593564066491547361295980652670661425081268206929853510342975153427873261638181682033872703410324464023641150409106533536186819141532119805084720521536022680503215269591127212848228362799759521823087988321264683066059388393785863044562430824347445711682916972843221130040383608547349839192778910469653282681910879996164803941592031074855132761617131672267950604663166863395292500118454421773216645401063489901682729830389431870337020760606901929090070387914713151687330739779300277409131925090993605268959377565858073134300,-16.0,14.494703686061257,15.247351843031112,9.663381206337363e-13
328,108240,118825287499017683701823598853423662774676035026989452489866649116721507126683735679878449843197843492651065005410581029321248808744559915182341029743868567059210874146257319416282102359794645337335981274014509470829035388612774887718731988478158467111235132971603203279367728760049647584925441038420486943712800916405159680069631279696820543114257508480886622160546140108947332559989327408778876300111836439889510173964477383807173312719688722860570990198507829184682262212147090635840281494213842422151510587717029393648559738046332607239379043006656726268574277763570918978367436581,59412643749508841850911799426711831387338017513494726244933324558360753563341867839939224921598921746325532502705290514660624404372279957591170514871934283529605437073128659708141051179897322668667990637007254735414517694306387443859365994239079233555617566485801601639683864380024823792462720519210243471856400458202579840034815639848410271557128754240443311080273070054473666279994663704389438150055918219944755086982238691903586656359844361430285495099253914592341131106073545317920140747106921211075755293858514696824279869023166303619689521503328363134287138881785459489183718290,2.0,29.9982316662838,13.999115833141957,1.1368683772161603e-13
329,108899,-942659421095555723269687574720233771505398846133293951157739606427751240398933417948577368774702693282302531445628730406442568748878472501632924666093695685727054479400401673818349234863841480108336314185870218789490304960722729992111681783096199897325407929575279162000720188294359805512129606675866693769950491034200767204173590372398618943003317373192523573944268457104390407335380471073866377454436772669997955161674348723839178870056103667085953380255897482715287347638440853428248707670944438584130103646842117321356056966626043004190932807927132086012521448365150472129543137599,58916213818472232704355473420014610719087427883330871947358725401734452524933338621786085548418918330143908215351795650402660546804904531352057791630855980357940904962525104613646827178990092506771019636616888674343144060045170624506980111443512493582837995598454947625045011768397487844508100417241668360621905689637547950260849398274913683937707335824532723371516778569024400458461279442116648590902298291874872197604646795239948679378506479192872086265993592669705459227402553339265544229434027411508131477927632332584753560414127687761933300495445755375782590522821904508096446100,-16.0,33.98952973718883,24.99476486859399,8.526512829121202e-13
330,109560,-1168530835571252740138265266732838509443909556074543578427319329488091169669047525150671892648875058413207568725406958670088629364002518667975718840219786323362364198035808493844765902874329084852640147798399947908152754651503221924868858143955334303127084087729043949261832021416255870440968030128865369529457834738092234198195129182080766336849752261824486699255163286548569204013173053770978991001099802334183149843551084645738592328405237648047938783279931764181315192708666409987308992287497122574684979638545060842104093689501279166627918389733512204383904723235116506135812550599,58426541778562637006913263336641925472195477803727178921365966474404558483452376257533594632443752920660378436270347933504431468200125933398785942010989316168118209901790424692238295143716454242632007389919997395407637732575161096243442907197766715156354204386452197463091601070812793522048401506443268476472891736904611709909756459104038316842487613091224334962758164327428460200658652688548949550054990116709157492177554232286929616420261882402396939163996588209065759635433320499365449614374856128734248981927253042105204684475063958331395919486675610219195236161755825306790627530,-20.0,27.67294391327937,23.836471956640253,1.1368683772161603e-12
331,110223,-4646662867649086521159811833163132332803706349730422539616235313709394536188967483761646781118251669780119897036580771151607434665956015483205445968133980314850441233489392475773711612779769605916523547720337392856769428871702561984241014409438386856384849874854543264239675033161741468808509371807433141933889079836023769289122931192544167338483039869145071359588156808960385439758382648320297957715873363981879295352880888093779512393903427507462628571712648660266999863806011979314534207831232307918234821532674434438626928556301836606095917476775311280732597131944440786649058607434169,1548887622549695507053270611054377444267902116576807513205411771236464845396322494587215593706083889926706632345526923717202478221985338494401815322711326771616813744496464158591237204259923201972174515906779130952256476290567520661413671469812795618794949958284847754746558344387247156269503123935811047311296359945341256429707643730848055779494346623048357119862718936320128479919460882773432652571957787993959765117626962697926504131301142502487542857237549553422333287935337326438178069277077435972744940510891478146208976185433945535365305825591770426910865710648146928883019535820300,-3.0,31.558446270457353,17.279223135229074,7.958078640513122e-13
332,110888,-6969994301473629781739717749744698499205559524595633809424352970564091804283451225642470171677377504670179845554871156727411151998934023224808168952200970472275661850234088713660567419169654408874785321580506089285154143307553842976361521614157580284577274812281814896359512549742612203212764057711149712900833619754035653933684396788816251007724559803717607039382235213440578159637573972480446936573810045972818943029321332140669268590855141261193942857568972990400499795709017968971801311746848461877352232299011651657940392834452754909143876215162966921098895697916661179973587911150921,2323331433824543260579905916581566166401853174865211269808117656854697268094483741880823390559125834890059948518290385575803717332978007741602722984066990157425220616744696237886855806389884802958261773860168696428384714435851280992120507204719193428192424937427271632119837516580870734404254685903716570966944539918011884644561465596272083669241519934572535679794078404480192719879191324160148978857936681990939647676440444046889756196951713753731314285856324330133499931903005989657267103915616153959117410766337217219313464278150918303047958738387655640366298565972220393324529303730450,-3.0,46.03194179123807,24.515970895619432,7.958078640513122e-13
333,111555,-61955504901987820282130824442175097770716084663072300528216470849458593815852899783488623748243355597068265293821076948688099128879413539776072612908453070864672549779858566343649488170396928078886980636271165238090259051622700826456546858792511824751797998331393910189862333775489886250780124957432441892451854397813650257188305749233922231179773864921934284794508757452805139196778435310937306102878311519758390604705078507917060165252045700099501714289501982136893331517413493057527122771083097438909797620435659125848359047417357821414612233023670817076434628425925877155320781431725,61955504901987820282130824442175097770716084663072300528216470849458593815852899783488623748243355597068265293821076948688099128879413539776072612908453070864672549779858566343649488170396928078886980636271165238090259051622700826456546858792511824751797998331393910189862333775489886250780124957432441892451854397813650257188305749233922231179773864921934284794508757452805139196778435310937306102878311519758390604705078507917060165252045700099501714289501982136893331517413493057527122771083097438909797620435659125848359047417357821414612233023670817076434628425925877155320781432812,-1.0,45.13131779275409,23.065658896377784,1.4779288903810084e-12
334,112224,1243723180381535190713627032746780924662159521304101222370941636878685546343495688769937333437982538082617195109190171610280112449218097922360753963780173332928312372396606010986466840416027098451997932328970759944143458587943844607310780799178097073271366489607513344201192918334164444044421809131609717528597704898076780839972558656787255535034514406418857458098394649209534511943504614242481873004710976562782496262055375551295097849792873021925904914929049207069542752557756813695887200675074954062354503658647073480421836487318300670780229511753374311703009184402483116848909766701,56532871835524326850619410579399132939189069150186419198679165312667524833795258580451696974453751731028054323145007800467277838600822632834579725626371515133105107836209364135748492746183049929636269651316852724733793572179265663968671854508095321512334840436705152009145132651552929274746445869618623524027168404458035492726025393490329797047023382109948066277199756782251568724704755192840085136577771661944658921002517070513413538626948773723904768860411327594070125116261673349813054576139770639197931984483957885473719840332650030490010432352426105077409508381931050765859534850,22.0,32.28955485346728,5.144777426734009,7.389644451905042e-13
335,112895,39961300661782144081974381765202938062111874607681633840699623697900793011225120360350162317616964360109031114514594631903823938127221733155566835325952230707713794608008775291653919869906018610882102510394901578568217088296642033064472723921170126964909708923749072072461205285190976631753180597543925020631446086589804415886457208255879839110954142874647613692458148557059314781922090775554562436356510930244161940034775637606503806587569476564178605716728778478296198828731703022104994187348597848096819465181000136172191585584195794812424890300267677014300335334722190765181904024180313,929332573529817304231962366632626466560741269946084507923247062741878907237793496752329356223650333956023979407316154230321486933191203096641089193626796062970088246697878495154742322555953921183304709544067478571353885774340512396848202881887677371276969974970908652847935006632348293761701874361486628386777815967204753857824586238508833467696607973829014271917631361792077087951676529664059591543174672796375859070576177618755902478780685501492525714342529732053399972761202395862906841566246461583646964306534886887725385711260367321219183495355062256146519426388888157329811721492180,43.0,20.26664909330384,-11.366675453347824,5.115907697472721e-13
336,113568,7175411308946014523086687812469104729963347448050282597267044404564532250812526100759563728653480636376684463570098870915719302256557805996474688523657299200551927495512600605410816610986500504719188125834033896891513518691489268308639072743153438009931356195458786194150184099186773079033466314290010238567737931227071108217779431203023744722932224174863106674649527500728886515463996763548546009544730110293069370831497457014742477660628003405189004833140985864809344040208953354540148349376678490285286839255368838643286573580441678304321067711748128459078563408518672478126464128453,166870030440604988908992739824862900696822033675587967378303358245686796530523862808361947177987921776201964269072066765481844238524600139452899733108309283733765755709595362916530618860151174528353212228698462718407291132360215542061373784724498558370496655708343864980236839515971466954266658471860703222505533284350490888785568167512180109835633120345653643596500639551834570127069692175547581617319304890536496996081336209645173899084372172213697786817232229414170791632766357082329031380852988146169461378031833456820617990242829728007466690970886708350664265314387732049452654150,43.0,31.567322592530445,-5.716338703735687,1.8189894035458565e-12
337,114243,36657007067009460333594071128286932847673683425651111145861411919263001341046299038564102384377318728265390298844137194640458651253653011034176295970834733594931258619749651753325947167484849113341463543127106099203403272210097988986790224785569496311480482346074730195668547483831516031711573933147528119700680518706409735503080901630070653448032870078811118503417681492909707358093907558971239444203000982523714441117171450517593931107460372558871847621288672764328554481136316725703547639557499318021630258757764982793612436388603377670312237872338566770223821818672810650231462347756457,516295874183231835684423537018125814755967372192269171068470590412154948465440831529071864568694629975568877448508974572400826073995112831467271774237108923872271248165488052863745734753307733990724838635593043650752158763522506887137890489937598539598316652761615918248852781462415718756501041311937015770432119981780418809902547910282685259831448874349452373287572978773376159973153627591144217523985929331319921705875654232642168043767047500829180952412516517807444429311779108812726023092359145324248313503630492715402992061811315178455101941863923475636955236882715642961006511940100,71.0,17.70230395643148,-26.648848021784147,2.2737367544323206e-13
338,114920,4160046859952062382001951929796183970939824273524703887511295604216209032281323227304572450995254174853211357931206721728379844912388469510232228690990487736230810858112779222037955973274384380370547645502952548676104094643060368839702168631373747215045925203073922583133647102371213943096321265842442205053310991489431104558526832025366435595767593710154616837421367858181049516098917201935948224601323779745821963091282218107282871267954535169833428807281909508543903753672480980420598419073785550733724189380177370919256055722451873978834841892271453143311077653761073150963935141561,54737458683579768184236209602581368038681898335851366940938100055476434635280568780323321723621765458594886288568509496426050590952479861976739851197243259687247511290957621342604683858873478689086153230302007219422422297935004853153975903044391410724288489514130560304390093452252815040741069287400555329648828835387251375770089895070610994681152548817823905755544313923434862053933121078104581902648997101918710040674766027727406200894138620655703010622130388270314523074637907637113137093076125667549002491844439091042842838453314131300458445950940172938303653338961488828472830810,76.0,7.044191572632371,-34.477904213683416,7.958078640513122e-13
339,115599,10842213357847868549372894277380642109875314816037652592437882398655253917774257462110509155942587229486946426418688466020417347553897369460812707258979287401317696211475249110138660429819462413805221611347453916665795334033972644629895700288689569331564649707993934283225908410710730093886521867550677331179074519617388795007953506115936390456460426361338499839039032554240899359436226179414028568003704515957718355823388738885485528919107997517412800000662846873956333015547361285067246484939542051809214583576240347023462833298037618747557140779142392988376059974537028502181136750744693,140807965686335955186660964641307040387991101506982501200491979203314985945120226780655963064189444538791512031411538519745679838362303499491074120246484251965164885863314923508294291296356654724743137809707193722932406935506138241946697406346617783526813632571349795886050758580658832388136647630528277028299669085940114220882513066440732343590395147549850647260247176029102589083587352979402968415632526181269069556147905699811500375572831136589776623385231777583848480721394302403470733570643403270249540046444679831473543289584904139578664165962888220628260519149831538989365412347300,77.0,-13.455516387303305,-45.2277581936512,9.094947017729282e-13
340,116280,90239539748547477367451418209255033709521253748387915986750077106820125775264006206385604155050104891382038580130699033958753079020015373152105762279703385824631757288054868370098167552534656114900602231090610238087986009972194682012796511719528092573270997569638956146103833977343964756571051568434208843353787927250316678948184460840712814979235846734121675678958407594303137525742503605060858888974931996169829793809570870227022414606240476231882931682535495721127243731884870322919939688316685400151226968895416552866088177760064652929978687230129233567850437055152908030575920782599,1346858802217126527872409227003806473276436623110267402787314583683882474257671734423665733657464252110179680300458194536697807149552468256001578541488110236188533690866490572688032351530368001714934361658068809523701283730928278836011888234619822277212999963725954569344833342945432309799567933857226997661996834735079353417137081505085265895212475324389875756402364292452285634712574680672550132671267641733878056624023445824283916635914036958684819875858738742106376772117684631685372234153980379106734730879036067953225196682986039595969831152688496023400752791867953851202625683322,67.0,7.989869323719404,-29.505065338140355,1.1368683772161603e-13
341,116963,5672549474792391337519770289835512198487641517852723619791248305047832290931986278877854512014489051419886627551150551795468816345452798122354700272786937007739499687636401204191284306510368090339652123191061232838134107973247283461281238369963744993508777769302948919980901988535112961922076375972710588854358097462158887184124097819469502984641633087008268932484243377172418588795947648598805299029767483302553944976244201049549015130219768645473858256376480182663610223347599039682678123845919960315767184728199958925077029666134709623026184971647782602452780914321784856428720897420929,60346271008429695079997556274845874451996186360135357657353705372849279690765811477423984170366904802339219442033516508462434216440987214067603194391350393699356379655706395789268981984152852024889916204160225881256745829502630675120013174148550478654348699673435626808307467963139499594915706127369261583557001036831477523235362742760313861538740777521364563111534504012472538178680294134029843606699654077686744095491959585633500160959784772824189981450813618964506491737740415315773171530275744258678374305619148499202947124107816059819427499698380665983540222492784945281156605291700,94.0,10.069196965251876,-41.96540151737369,7.389644451905042e-13
342,117648,2687775580306824556357146060359066741523712496412695390562332191263277231717147858254285883195851456049285038481943779391616065149915734446167856001175537633099765027214452510496558677980454968128185189367646139005386238268925991735982547550557498279673589633494294633236674774083752418232373068006260346804896624611033356745669146474118685029122542669407443237408835801261399421036711531871544897110162043871871357115882082328754815992551982577846030252265159519174048940828967713525073708451399080070351514415958741489009693968841258429016265991468072211404149321418843200120533900394909,45555518310285161972155017972187571890232415193435515094276816801072495452833014546682811579590702644903136245456674226976543477117215838070641627138568434459318051308719534076212858948821270646240426938434680322125190479134338842982755043229788106435145587008377875139604657187860210478514797762817971979744010586627684012638460109730825169985127841854363444701844674597650837644690025963924489781528170235116463679930204785233132474450033603014339495801104398630068626115745215483475825566972865763904262956202690533712028711336292515746038406635052071379731344430827850849500574582950,59.0,21.90852027363053,-18.54573986318482,1.7053025658242404e-13
343,118335,3999166275310917565349025528796761874107713975194067300955029543535632011215237288555406323141239192608449263063021783676147047558039263651249803449161231005363609464302064754643588500891936923726355128551561540763427626909567914736451130684755307186288982396115115656896158796447453163800993287552968900820741408386136758575090230118717589238714806976445562803110808192978758772681468560923420472073001253186374796974338344319429737182907655178836529884493078514017235599900989869519331858843481743975832018985145314731166373028468824891719491854763871324791092033608261137934754024881,52620608885669967965118756957852129922469920726237727644145125572837263305463648533623767409753147271163806092934497153633513783658411363832234255910016197438994861372395588876889322380157064785873093796731072904781942459336419930742778035325727726135381347317304153380212615742729646892118332730960117116062386952449167875988029343667336700509405354953231089514615897276036299640545638959518690422013174384031247328609715056834601805038258620774164866901224717289700468419749866704201734984782654525997789723488754141199557539848274011733151208615314096378830158336950804446509921380,76.0,14.315557539637439,-30.842221230181025,5.115907697472721e-13
344,119024,236979806250103412579150403491319748972989023836251549520428000999179121345637341671843985837030835158786114748865619328731979167963756789643477744374832996057372502907959016264459292251768249901742700933737207035695240872456830661196291734881357729675627343617581706476223426691248814909233977962179090238628343071637212233745269490819752534262635033326398639338995997256979657427677515064335195843509541563075844062996925292782755132089074802880594057157345081673616993054106610945041244599392847703829975898166396156369973356371393666910891791315540875317362453729166480119101988980550397,2323331433824543260579905916581566166401853174865211269808117656854697268094483741880823390559125834890059948518290385575803717332978007741602722984066990157425220616744696237886855806389884802958261773860168696428384714435851280992120507204719193428192424937427271632119837516580870734404254685903716570966944539918011884644561465596272083669241519934572535679794078404480192719879191324160148978857936681990939647676440444046889756196951713753731314285856324330133499931903005989657267103915616153959117410766337217219313464278150918303047958738387655640366298565972220393324529303730450,102.0,11.957315934762391,-45.021342032618264,1.0800249583553523e-12
345,119715,10738954183011222182236009569977016946924121341599198758224188280572822928081169295804694783028848303491832650928986671105937182339098346894519252904131865616543241961842151499565911282868800867007076643620335307935644902281268143252468122190702049623644986377441611099576137854418246950135221659288289928024988095621032711245972996533879853404494136586468609364381517958486224127441595453895799724498907330091454371482213608038957095310354588017246963810180343570394844129685005463304701280321070222744364920875514248480382234885675355711866120390769608293248668927160485373588935448356073,103259174836646367136884707403625162951193474438453834213694118082430989693088166305814372913738925995113775489701794914480165214799022566293454354847421784774454249633097610572749146950661546798144967727118608730150431752704501377427578097987519707919663330552323183649770556292483143751300208262387403154086423996356083761980509582056537051966289774869890474657514595754675231994630725518228843504797185866263984341175130846528433608753409500165836190482503303561488885862355821762545204618471829064849662700726098543080598412362263035691020388372784695127391047376543128592201302388020,104.0,17.325635873736474,-43.337182063131024,1.4779288903810084e-12
346,120408,24782201960795128112852329776870039108286433865228920211286588339783437526341159913395449499297342238827306117528430779475239651551765415910429045163381228345869019911943426537459795268158771231554792254508466095236103620649080330582618743517004729900719199332557564075944933510195954500312049982972976756980741759125460102875322299693568892471909545968773713917803502981122055678711374124374922441151324607903356241882031403166824066100818280039800685715800792854757332606965397223010849108433238975563919048174263650339343618966943128565844893209468326830573851370370350862128312573129821,258147937091615917842211768509062907377983686096134585534235295206077474232720415764535932284347314987784438724254487286200413036997556415733635887118554461936135624082744026431872867376653866995362419317796521825376079381761253443568945244968799269799158326380807959124426390731207859378250520655968507885216059990890209404951273955141342629915724437174726186643786489386688079986576813795572108761992964665659960852937827116321084021883523750414590476206258258903722214655889554406363011546179572662124156751815246357701496030905657589227550970931961737818477618441357821480503255970050,96.0,16.311531562963637,-39.84423421851852,6.821210263296962e-13
347,121103,4341963663213080847641135647381943327373955113682525979641400211171073582996248304498587975799022052089620231657132851731829897966549063648241154429239948818794674595227792969165599375876178156348226921640315268735014056486672885788553079038327672964162892506011622394453466834265889569214508757262683427708716025420546800811147657015983894070385791353135558483549589149356425738790619851709130878521389864704379013690396895431892331253319596195497866042420015961233098233392502997064400817153774451661301390612499061688553031601790240763073234363544143327897672729849723358016333452874793,76174801109001418379669046445297251357437809011974139993708775634580238298179794815764701329807404422624916344861979854944384174851737958741072884723507874013941659565399876652028059225897862392074156520005531030438843096257419048921983842777678473055489342210730217446552049723962974898500153636187428556293263603869242119493818544140068317024312129002378219009641914900989925241940699152791769798620874819375070415620998165471795285145957827991190632323158174758475407603377245562533347669364464064233357730043843187518474238627898960755670778307791988208731100523679357158181288646900,57.0,8.909263473417013,-24.04536826329158,1.7053025658242404e-13
348,121800,1924084003167323611246298895719723533252052318728953432553306548119832106082388192033808190939234645871685257572083135052425438785074954651430826487840157480269333844094986532411474787900525716735620516654384013605287548187040398337159840335171174681732857091037077956206904775636331871142239905510324282374281192478684790595910116435836094136017821891985536794860520417788979478160820972389357332387525202476968652320033494034691309479877195655264028394083912488723395388739549473836246048791400541581049615541480097076035995261408627994242615932412137176286789702668505501718036690461,50633789557034831874902602518940092980317166282340879804034382845258739633747057685100215551032490680833822567686398290853301020659867227669232275995793617901824574844604908747670389155276992545674224122483789831718093373343168377293680008820294070571917291869396788321234336200956101872164208039745375851954768223123283963050266221995686687789942681368040441970013695204973144162126867694456771904934873749393911903158776158807666038944136727770106010370629276019036720756303933522006474968194751094238147777407370975685157770037069157743226735063477294112810255333381723729422018170,38.0,36.0066365429318,-0.9966817285331047,1.9895196601282805e-12
349,122499,3097775245099391014106541222108754888535804233153615026410823542472929690792644989174431187412167779853413264691053847434404956443970676988803630645422653543233627488992928317182474408519846403944349031813558261904512952581135041322827342939625591237589899916569695509493116688774494312539006247871622094622592719890682512859415287461696111558988693246096714239725437872640256959838921765546865305143915575987919530235253925395853008262602285004975085714475099106844666575870674652876356138554154871945489881021782956292417952370867891070730611651183540853821731421296293857766039071642971,119145201734591962081020816234952111097530932044369808708108597787420372722794038045170430285083376148208202488117455670554036786306564499569370409439332828585908749576651089122402861866147938613244193531290702380942805868505193897031820882293291970676534612175757519595889103414403627405346394148908542100868950765026250494592895671603696598422642047926796701527901456640009883070727760213340973274765983691843058855202074053686654163946241730960580219787503811801717945225795178956782928405929033536364995423914729088169921245033380425797331217353213109762374285434472840683309195063100,26.0,41.035518431070614,7.517759215535733,8.526512829121202e-13
350,123200,18652483766241905751999244666770543012435184874950928730454781660698868268054887183931049652658861484359395100264905102615661485081759684348168260084599212597982880984491067789410412613283608807693246826740433454206630529118994935946185890191370147947707779899061921013476853734061299874792127348459589944008527593202456689000021211398642466293792603961149046779928846694764239073410272732336497114798074896739539084061151144650354595205751657054749630630251482225392915628028855643057162109357957316318770239918645899753638201996961327580550318088590387667639705134133528541448405271991,548602463712997227999977784316780676836328966910321433248670048844084360825143740703854401548790043657629267654850150076931220149463520127887301767194094488175967087779149052629718018037753200226271965492365689829606780268205733410181937946805004351403169997031232970984613345119449996317415510248811468941427282153013432029412388570548307832170370704739677846468495491022477619806184492127544032788178673433515855413563268960304546917816225207492636195007396536040968106706731048325210650275234038715257948232901349992754064764616509634722068179076187872577638386298044957101423684470,34.0,30.4207698077621,-1.7896150961180126,1.8758328224066645e-12
351,123903,643492988180180933549343835086986890015746620929292693479606053691925569337898834477447276155414993737726062461789332661903813137509488364936358671670680004826262461361223165181236894166980972983869761490145048172935802364174291924143610913923055928041109247314020670854407288902055320427712141228006251479558105502842233664190961250871647602615017292500356094666688382351528242592214741492909286486064722889056819741432057622736395567636536145611775179575217928301758740313808610900780253127161377637201886377603439196596998830674676167580102129452335034030272418216928512207320122901,49499460629244687196103371929768222308903586225330207190738927207071197641376833421342098165801153364440466343214564050915677933654576028072027590128513846525097112412401781937018222628229305614143827806934234474841215566474945532626431608763311994464700711331847743911877483761696563109824010863692788575350623500218633358783920096220895969431924407115412007282052952488579095584016518576377637422004978683773601518571696740210491966741272011200905783044247532946289133870292970069290788702089336741323222029046418399738230679282667397506161702265564233386944032170532962477486163300,13.0,50.21390711849676,18.606953559248268,2.2737367544323206e-13
352,124608,352019914215839887966652411603267600969977753767456253001229948008287464862800566951639907660473611346978780078528846299364199595905758748727685300616210629912912214658287308770735728240891636811857844524267984307331017338765345604866743515866544458817034081428374489715126896451647080970341619076320692570749172714850285552206282666101830858975987868874626618150617940072756472708968382448507421039081315453172673890369764249528750938932077841474441558463079443959621201803485756008676833926608508175623850116111699578683858223962260348946660414907220551570651297874578847473413530869683,70403982843167977593330482320653520193995550753491250600245989601657492972560113390327981532094722269395756015705769259872839919181151749745537060123242125982582442931657461754147145648178327362371568904853596861466203467753069120973348703173308891763406816285674897943025379290329416194068323815264138514149834542970057110441256533220366171795197573774925323630123588014551294541793676489701484207816263090634534778073952849905750187786415568294888311692615888791924240360697151201735366785321701635124770023222339915736771644792452069789332082981444110314130259574915769494682706173650,5.0,48.621706556374875,21.810853278187523,1.7053025658242404e-13
353,125315,-292595657300671869937124111864184226235212657799050587581438966072900952061014901637927068129396127603302926821844830003774409487282742224896181726492143379221311301893649103790127193962099151340705685956047902158163578456527421649844635424847880790662844091400821321146434907897050415205447407575637286578195250868616703738623472604872382893749260001205545764365104065212387182017634421891397258186443198655520551735501761332451876731525639555489067234404952426526756563812101294809122162428371662355138887854290251420808748190563163348235037045292038281832351186353220808310797624439,48765942883445311656187351977364037705868776299841764596906494345483492010169150272987844688232687933883821136974138333962401581213790370816030287748690563203551883648941517298354532327016525223450947659341317026360596409421236941640772570807980131777140681900136886857739151316175069200907901262606214429699208478102783956437245434145397148958210000200924294060850677535397863669605736981899543031073866442586758622583626888741979455254273259248177872400825404421126093968683549134853693738061943725856481309048375236801458031760527224705839507548673046972058531058870134718466270740,-6.0,33.19281179354266,19.596405896771273,1.1368683772161603e-13
354,126024,-1548887622549695507053270611054377444267902116576807513205411771236464845396322494587215593706083889926706632345526923717202478221985338494401815322711326771616813744496464158591237204259923201972174515906779130952256476290567520661413671469812795618794949958284847754746558344387247156269503123935811047311296359945341256429707643730848055779494346623048357119862718936320128479919460882773432652571957787993959765117626962697926504131301142502487542857237549553422333287935337326438178069277077435972744940510891478146208976185433945535365305825591770426910865710648146928883019535814967,258147937091615917842211768509062907377983686096134585534235295206077474232720415764535932284347314987784438724254487286200413036997556415733635887118554461936135624082744026431872867376653866995362419317796521825376079381761253443568945244968799269799158326380807959124426390731207859378250520655968507885216059990890209404951273955141342629915724437174726186643786489386688079986576813795572108761992964665659960852937827116321084021883523750414590476206258258903722214655889554406363011546179572662124156751815246357701496030905657589227550970931961737818477618441357821480503255970050,-6.0,46.21269759431493,26.10634879715724,4.547473508864641e-13
355,126735,-48049871957490166187475433877908405282081653996488522202742725957389944017258337043189563943107922752495940199954301961135488699301546098787089043670275376814543624771101726650883735202727569473310827234582879818590242788601443172372069845503731832442840079363575236691377643691243901233736718595806143859509736619988870992080274351817839484395667647682592124084464679271603179150595963479864515358211812874017675356526352185448317174850353420272608743826199768990920840326829139954651095681001316456421434481491902532843461336604124260442540897334939364880126127211048454440298418979,48049871957490166187475433877908405282081653996488522202742725957389944017258337043189563943107922752495940199954301961135488699301546098787089043670275376814543624771101726650883735202727569473310827234582879818590242788601443172372069845503731832442840079363575236691377643691243901233736718595806143859509736619988870992080274351817839484395667647682592124084464679271603179150595963479864515358211812874017675356526352185448317174850353420272608743826199768990920840326829139954651095681001316456421434481491902532843461336604124260442540897334939364880126127211048454440298418980,-1.0,39.84229827932313,20.42114913966202,9.094947017729282e-13
356,127448,1525769896839998559186803885516252407786291637224914863754584729874726564121750517056063122158231891569591607982160850228886023323149736427321191213417127864577756822936815439806293365390372109405425642535036158848491454256379945726168691298621559863290547720101491818108550010888930034534137405668112374963366563528246610811353798302029428081292938464495396565834917161151171338428125645717112762235062895635840962653184769224823123472625006047226534754890720455610059656772123336491339590631150907077629344383863247129101379525949856796031495290881445495165927416459368616511631184540127,34676588564545421799700088307187554722415719027838974176240562042607421911857966296728707321777997535672536545049110232474682348253403100620936163941298360558585382339473078177415758304326638850123310057614458155647533051281362402867470256786853633256603357275033904957012500247475682603048577401548008521894694625641968427530768143227941547302112237829440831041702662753435712237002855584479835505342338537178203696663290209655070988014204682891512153520243646718410446744820984920257717968889793342673394190542346525661394989226133109000715802065487397617407441283167468557082526921350,44.0,-2.3395078473697595,-23.169753923684567,6.252776074688882e-13
357,128163,12391100980397564056426164888435019554143216932614460105643294169891718763170579956697724749648671119413653058764215389737619825775882707955214522581690614172934509955971713268729897634079385615777396127254233047618051810324540165291309371758502364950359599666278782037972466755097977250156024991486488378490370879562730051437661149846784446235954772984386856958901751490561027839355687062187461220575662303951678120941015701583412033050409140019900342857900396427378666303482698611505424554216619487781959524087131825169671809483471564282922446604734163415286925685185175431064156286567073,221269660364242215293324373007768206323986016653829644743630253033780692199474642083887941958011984275243804620789560531028925460283619784914545046101618110230973392070923451227319600608560457424596359415254161564608068041509645808773381638544685088399278565469263964963794049198178165181357589133687292473042337135048750918529663390121150825642049517578336731408959848045732639988494411824776093224565398284851395016803851813989500590185877500355363265319649936203190469705048189491168295611011062281820705787270211163744139455061992219337900832227395775272980815806878132697574219402900,56.0,-9.169460075277357,-32.584730037638366,6.252776074688882e-13
358,128880,2021310099230255138187879704866107135159932959417381580207365892660636975782757731934757830936619340420284831285513132620324933643258560098915874320988984861290530835002972953548503787046333768886297547313854404581093428846567629391222697214019733280976717699734399194358179326514465181171126990265246586779536979594830774703412099557707629697063942482278584405283669628581654768938901910751368863750961604969355687406918342822787243631136544085188599176364632194147506263466449318265300667038371160753506295659130001829650560727576924370886438558435390845437548575352665187920177239463,47007211610005933446229760578281561282789138591101897214124788201410162227505993765924600719456263730704298401988677502798254270773454886021299402813697322355593740348906347756941948535961250439216222030554753594909149508059712311423783656139993797232016690691497655682748356430568957701654116052680153180919464641740250574497955803667619295280556801913455451285666735548410576021834928157008578226766548952775713660626007972622959154212477769422990678520107725445290843336429053913146527140427236296593169666491395391387222342501788938857824152521753275475291827333782911346980866034,43.0,8.526163923562763,-17.23691803821933,1.4210854715202004e-12
359,129599,-4646662867649086521159811833163132332803706349730422539616235313709394536188967483761646781118251669780119897036580771151607434665956015483205445968133980314850441233489392475773711612779769605916523547720337392856769428871702561984241014409438386856384849874854543264239675033161741468808509371807433141933889079836023769289122931192544167338483039869145071359588156808960385439758382648320297957715873363981879295352880888093779512393903427507462628571712648660266999863806011979314534207831232307918234821532674434438626928556301836606095917476775311280732597131944440786649058607455043,273333109861710971832930107833125431341394491160613090565660900806434972716998087280096869477544215869418817472740045361859260862703295028423849762831410606755908307852317204457277153692927623877442561630608081932751142874806033057896530259378728638610873522050267250837627943127161262871088786576907831878464063519766104075830760658384951019910767051126180668211068047585905025868140155783546938689169021410698782079581228711398794846700201618086036974806626391780411756694471292900854953401837194583425577737216143202272172268017755094476230439810312428278388066584967105097003447497700,-17.0,39.77581223048219,28.387906115240582,1.0231815394945443e-12
360,130320,-2478220196079512811285232977687003910828643386522892021128658833978343752634115991339544949929734223882730611752843077947523965155176541591042904516338122834586901991194342653745979526815877123155479225450846609523610362064908033058261874351700472990071919933255756407594493351019595450031204998297297675698074175912546010287532229969356889247190954596877371391780350298112205567871137412437492244115132460790335624188203140316682406610081828003980068571580079285475733260696539722301084910843323897556391904817426365033934361896694312856584489320946832683057385137037035086212831257309137,154888762254969550705327061105437744426790211657680751320541177123646484539632249458721559370608388992670663234552692371720247822198533849440181532271132677161681374449646415859123720425992320197217451590677913095225647629056752066141367146981279561879494995828484775474655834438724715626950312393581104731129635994534125642970764373084805577949434662304835711986271893632012847991946088277343265257195778799395976511762696269792650413130114250248754285723754955342233328793533732643817806927707743597274494051089147814620897618543394553536530582559177042691086571064814692888301953582030,-16.0,38.774877686923446,27.38743884346181,1.7053025658242404e-13
361,131043,-4083431004903742700413167974597904171251741943702492534814267396896134592408486576639022928861493891624953848910934617072624715312506801485241149487148043306989781690036132781740534447594342987017550996481508617965039801129678009016454224784051915722277595344569144080695471998839106139255962781285320033820690403492263312405592878926781237964121459278945668770547168104843975083424033236402686084053343259256803017128289265294533510891612102961103522078171721549931605940920434769700651273548658694837236661346895715112732755397962220047781260812923758398219555055345114630691596958068639,140807965686335955186660964641307040387991101506982501200491979203314985945120226780655963064189444538791512031411538519745679838362303499491074120246484251965164885863314923508294291296356654724743137809707193722932406935506138241946697406346617783526813632571349795886050758580658832388136647630528277028299669085940114220882513066440732343590395147549850647260247176029102589083587352979402968415632526181269069556147905699811500375572831136589776623385231777583848480721394302403470733570643403270249540046444679831473543289584904139578664165962888220628260519149831538989365412347300,-29.0,41.81383278373187,35.40691639186568,5.115907697472721e-13
362,131768,-730765356920574262699846560091707300368193807581107950164734563480216955110415771296726380486072330068233288963664435495348040600909161254706079689891129027871661126971537474811568792432289937827206911513155342995815829502715219404232992889097625171540207179202192811219355604892841057431207119747969591214120832701413240958402631259516667099959981893749839212029040367840592178302444734249982969229333914797912960011461737104134858148405264897279306229210347938472075309332758572696854148158010939144584689541005238465647357495732463638930730696774115674494501111788231069869517168799,45672834807535891418740410005731706273012112973819246885295910217513559694400985706045398780379520629264580560229027218459252537556822578419129980618195564241978820435721092175723049527018121114200431969572208937238489343919701212764562055568601573221262948700137050701209725305802566089450444984248099450882552043838327559900164453719791693747498868359364950751815022990037011143902795890623935576833369674869560000716358569008428634275329056079956639325646746154504706833297410793553384259875683696536543096312827404102959843483278977433170668548382229655906319486764441866844823050,-16.0,25.893113439446097,20.946556719723503,9.094947017729282e-13
363,132495,-9795336743397283839072067105482228896555902713529217474816833335882781630964885341263023517508830924437670402185150505721438597451290678225466025756277165354098426842665385983185689829311767285199522630240500432899645699861296573352813732615416889288821817918006942322507878857784962253087766791688923619359976979891486206670087865491529206510636184177380914592017194854198440979727815859436728237609219212610022229992897787812973939170283905154071417278972645397137285615401342775893616248392584575321707133665716857841637794058080287970689681110461789261096383940857846190564550424151,408139030974886826628002796061759537356495946397050728117368055661782567956870222552625979896201288518236266757714604405059941560470444926061084406511548556420767785111057749299403742887990303549980109593354184704151904160887357223033905525642370387034242413250289263437828285741040093878656949653705150806665707495478591944586994395480383604609841007390871441334049785591601707488658994143197009900384133858750926249704074492207247465428496048086309053290526891547386900641722615662234010349691023971737797236071535743401574752420011998778736712935907885879015997535743591273522934340,-24.0,5.738540357303009,14.869270178651277,4.547473508864641e-13
364,133224,-22694324139922278491623012616181354494767796579879963563449256721413404328151245341937224816206357361563467140593801080105530816439345618965594363702730062587792142776504969356648164164980559735856036863102990929703391594000989313720346834722531803938387545176334765637312210174172119505780265552173055638260752526671666760874837270781656494937646104367008895529124086979049501537281478135874471099955425465112963591467061724511743650275474615421062899007143583200327227662056224563196748267796006387879046747412329350127604046673024843009015469972040592335690340082756731558725560964391,405255788212897830207553796717524187406567796069285063633022441453810791574129381106021871717970667170776198939175019287598764579274028910099899351834465403353431121009017309940145788660367138140286372555410552316131992750017666316434764905759496498899777592434549386380575181681644991174647599145947422111799152261994049301336379835386723123886537577982301705877215838911598241737169252426329841070632597591302921276197530794852565183490618132518980339413278271434414779679575438628513361924928685497840120489505881252278643690589729339446704820929296291708756072906370206405813588650,-56.0,38.429552096032694,47.214776048016375,5.684341886080802e-14
365,133955,-4646662867649086521159811833163132332803706349730422539616235313709394536188967483761646781118251669780119897036580771151607434665956015483205445968133980314850441233489392475773711612779769605916523547720337392856769428871702561984241014409438386856384849874854543264239675033161741468808509371807433141933889079836023769289122931192544167338483039869145071359588156808960385439758382648320297957715873363981879295352880888093779512393903427507462628571712648660266999863806011979314534207831232307918234821532674434438626928556301836606095917476775311280732597131944440786649058607456743,185866514705963460846392473326525293312148253989216901584649412548375781447558699350465871244730066791204795881463230846064297386638240619328217838725359212594017649339575699030948464511190784236660941908813495714270777154868102479369640576377535474255393994994181730569587001326469658752340374872297325677355563193440950771564917247701766693539321594765802854383526272358415417590335305932811918308634934559275171814115235523751180495756137100298505142868505946410679994552240479172581368313249292316729392861306977377545077142252073464243836699071012451229303885277777631465962344298436,-25.0,17.36524620584487,21.18262310292141,2.0463630789890885e-12
366,134688,-18586651470596346084639247332652529331214825398921690158464941254837578144755869935046587124473006679120479588146323084606429738663824061932821783872535921259401764933957569903094846451119078423666094190881349571427077715486810247936964057637753547425539399499418173056958700132646965875234037487229732567735556319344095077156491724770176669353932159476580285438352627235841541759033530593281191830863493455927517181411523552375118049575613710029850514286850594641067999455224047917258136831324929231672939286130697737754507714225207346424383669907101245122930388527777763146596234429826157,774443811274847753526635305527188722133951058288403756602705885618232422698161247293607796853041944963353316172763461858601239110992669247200907661355663385808406872248232079295618602129961600986087257953389565476128238145283760330706835734906397809397474979142423877373279172193623578134751561967905523655648179972670628214853821865424027889747173311524178559931359468160064239959730441386716326285978893996979882558813481348963252065650571251243771428618774776711166643967668663219089034638538717986372470255445739073104488092716972767682652912795885213455432855324073464441509767910150,-24.0,16.220491276485973,20.110245638243043,1.1368683772161603e-13
367,135423,-176355654271121858991007441980516062083960276288953632200098120888840607485846972142804428420037447260448792501839050834556656881043561355429884184647328771924148329907655820624660522531089146562542998025308602767044089412833966657529096407140450954290506954915584270843022782657737856169138723513228891555753762767395321104404388572013100199765944222828653567488852459232031935318603043781666636596960836639316815930958636269724915787344640631065161009619714730969495122590912564565560680797822713383933840825583271543219262325061506422859048228128065859430231500458073715964022605199,44088913567780464747751860495129015520990069072238408050024530222210151871461743035701107105009361815112198125459762708639164220260890338857471046161832192981037082476913955156165130632772286640635749506327150691761022353208491664382274101785112738572626738728896067710755695664434464042284680878307222888938440691848830276101097143003275049941486055707163391872213114808007983829650760945416659149240209159829203982739659067431228946836160157766290252404928682742373780647728141141390170199455678345983460206395817885804815581265376605714762057032016464857557875114518428991005651300,-4.0,11.254284607404315,7.627142303701618,1.0800249583553523e-12
368,136160,-15333987463241985519827379049438336698252230954110394380733576535241001969423592696413434377690230510274395660220716544800304534397654851094577971694842135039006456070514995170053248322173239699524527707477113396427339115276618454547995347551146676626070004587019992771990927609433746847068080926964529368381833963458878438654105672935395752216994031568178735486640917469569271951202662739456983260462382101140201674664506930709472390899881310774626674286651740578881099550559839531737962885843066616130174911057825633647468864235796060800116527673358527226417570535416654595941893404610357,464666286764908652115981183316313233280370634973042253961623531370939453618896748376164678111825166978011989703658077115160743466595601548320544596813398031485044123348939247577371161277976960591652354772033739285676942887170256198424101440943838685638484987485454326423967503316174146880850937180743314193388907983602376928912293119254416733848303986914507135958815680896038543975838264832029795771587336398187929535288088809377951239390342750746262857171264866026699986380601197931453420783123230791823482153267443443862692855630183660609591747677531128073259713194444078664905860746090,-33.0,17.327788868464722,25.1638944342333,1.8758328224066645e-12
369,136899,-2307526458084240245201811318509582723092997030818509152326429781637998647223092696017688537562124978870399676759662559823587365514386320614108826909345446006694436803025344562799190120632130484570790605330507684888055566718600592005779551373394573064735333611322324206050995084495286579748443429537024621504584372979794116721809346782692001467409944969031225913264866986762640388451441723315522115056182010684878833746668740345890506154795579646563074052619206477547557755495502547550755082800543935224701646067246487850474597174217918858809537250371413084989657079128871955274702573772373,31609951480606030756189196143966886617712288093404234963375750433397241742782091726269705994001712039320543517255651504432703637183374254987792149443088301461567627438703350175331371515508636774942337059322023080658295434501377972681911662649240726914182652209894852137684864171168309311622512733383898924720333876435535845504237627160164403663149931082619533058422835435104662855499201689253727603509342612121627859543407401998500084312268214336480466474235705171884352815006884213024042230144437468831529398181458737677734207865998888476842976032485110753282973686696876099653459914700,-73.0,46.92502440066846,59.96251220033497,1.4779288903810084e-12
370,137640,-4188516849381668920662594069480753055310468505936725084497489317255006690923983327988846183147202044128534801714973838878412054294189513073793590362503448476354361115588431095158907410460344315341536884386885299759377702820882339117845724353828859075079736435841378093404409239073403238308943490988950978232387703225483743342114341842549802358822180720259008659790458233148939574914627979621493373277945509769001873889317406793946777271709250703688086343798224329020527709220176210329056947863855904358970148579773442436082260663147273959588365349383934524961080957147205243982517283929,43180586076099679594459732675059309848561530989038402932963807394381512277566838432874702919043320042562214450669833390499093343239067145090655570747458231714993413562767330877926880520209735209706565818421497935663687657947240609462327055194111949227626148823106990653653703495602095240298386505040731734354512404386430343733137544768554663493012172373804212987530497248958139947573484325994777044102531028546411071023890791690172961564012893852454498389672415763098223806393569178650071627462432003700723181234777757073012996527291484119467684014267366236712174815950569525592961690,-97.0,54.395056951606875,75.69752847580389,9.094947017729282e-13
371,138383,-4502871181260824201653671264128624910656734624068501718085375651246263844100685590569461962450660575405504131762304513681381970410836632356617461691453563196767014568275785718496393448652790496075189173448224103162448571165807767282357724409947399886670505079321542022326708798851742491900487148854027852510390606469433202360413719742112701729907978424780416719027220888584907396884536450985494500015382160328715642502307211151023495439534298896048803448264728335422507781968485024208153828895179573536631715420254313365165962164514991219809985280162133807803408293763590141464944706499,42884487440579278110987345372653570577683186895890492553194053821392988991435100862566304404292005480052420302498138225536971146769872689110642492299557744731114424459769387795203747130026576153097039747125943839642367344436264450308168803904260951301623857898300400212635321893826118970480829989085979547718005775899363832003940188020120968856266461188384921133592579891284832351281299533195185714432211050749672785736259153819271385138421894248083842364425984146881026494937952611506226941858853081301254432573850603477771068233476106855333193144401274360032459940605620394904235300,-105.0,87.30357085597416,96.15178542798648,1.1937117960769683e-12
372,139128,-4599897245651628300108706648899322553509691156307958296930772460362377036319717027317254691752105266240013097214895995200403334102579787642176650026200937450767636924754389515697454162131433366688523558211850248662038702067351158539093563183737060078915871844436109484480787031673065304875607363610724113447176122589695201408140172769388715398597300645911636389626949489153986576233343654499552507225744956919860711453107627217072607550473612447578909656867825764989605540807799352563472240057316259282199130373873388323999599296784527245763983643070758568618310970411919604008307481399,42591641163441002778784320823141875495460103299147762008618263521873861447404787289974580479186159872592713863100888844448179019468331367057191203946304976395996638192170273293494945945661420061930773687146761561685543537660658875361977436886454259989961776337371384115562842885861715785885253366765964013399778912867548161186483081198043661098123154128811448052101384158833209039197626430551412103942082934443154735676922474232153773615496411551656570896924312638792643896368512523735854074604780178538880836795123965962959252748004881905222070769173690450169546022332588926002847050,-108.0,44.547733812508795,76.27386690625602,3.240074875066057e-12
373,139875,-11255250057194454017920433106995142761680088713791467929292658870984977876546610127333766647597542933467401528377495645678338008413093459725986524678368974540415513210007639552429657017622108600997801482255928351586397061044790650139606012680639648163243303030203227017824990635880662668891722700600226943795420215602813130055875544444162538664325585460818061737669090937259600287414749081486943942022893259422774293188089262271599263354121635518076144762592860088202288558996784572117427303413429368068613234379144741195785226947486670890321222332633531768885624164043201016549941960291739,103259174836646367136884707403625162951193474438453834213694118082430989693088166305814372913738925995113775489701794914480165214799022566293454354847421784774454249633097610572749146950661546798144967727118608730150431752704501377427578097987519707919663330552323183649770556292483143751300208262387403154086423996356083761980509582056537051966289774869890474657514595754675231994630725518228843504797185866263984341175130846528433608753409500165836190482503303561488885862355821762545204618471829064849662700726098543080598412362263035691020388372784695127391047376543128592201302388020,-109.0,52.992155001215906,80.99607750060821,5.115907697472721e-13
374,140624,-4369612621258883829146431367424686353794830283487024107276059032368636922108365899698096327434564023881335961189616075011005779746273989640065160683996726339082101093033047158801255110847749778607505370661293459474329715921813719065781737694464367262817371529964306377207861217143978088830180431741080409073950343625752500190505677017058731967396388107773364028764384217334395046158668602503851814767987683365421693009563017539406019214116104497315526804872917705009023869611599597163603428888078557819560025312387120292395614317733249606976648078418651764075719313183552831179829784399,42015505973643113741792609302160445709565675802759847185346721465083047327965056727866310840716961768089768857592462259721209420637249900385241929653814676337327895125317761142319760681228363255841397794820129418022401114632824221786362862446772762142474726249656792088537127087922866238751734920587311625711060996401466347985631509779410884301888347190128500276580617474369183136141044254844728988153727724667516278938105937878904030904962543243418526969931901009702152592419226895803879123923832286726538704926799233580727060747435092374775462292487036193035762626764931069036824850,-104.0,54.71168778610854,79.35584389305268,3.183231456205249e-12
375,141375,-4840925884838062207144803741945514846694776923694184872203361591362789224463785783971898393369412130715289488133668951938447729321037296655007694394032437168464243415373564391663303669517744616159834132970130114251966893431384410527387468422424472363740110337088571724386387389166662269359082914631660554711312885724359039359991557935561753210867417709109778415844682651573081063469148926356410823072803540544236366796301432654168785645451502904177690191015916696672252765741590458489253833655960732125512948922629973459793647784193390330119236852179586946562317726934798430565277277519,41732119696879846613317273637461334885299801066329179932787599925541286417791256758378434425598380437200771449428180620159032149319287040129376675810624458348829684615289348203993997151015039794481328732501121674585921495098141470063685072607107520377069916699039411417124029216953985080681749264066039264752697290727233097930961706341049596645408773354394641515902436651492078133354732123762162267868996039174451437899150281501455048667685369863600777508757902557519420394324055676631498565999661483840628870022672184998221101587874054569993421139479197815192394197713779573838597220,-116.0,65.94198244586823,90.9709912229334,1.4210854715202004e-12
376,142128,-5969057904168392469508937750677898409639188160013388692971666623616414326849821742240513983131083877039173447994323101623860109831555123459665508924434808518782347032261704191969655767634452204784914903671150105901753802543534843848513854617915821043367574639860249335853567456826087633217589515783246556035611942196893992556813699546168175139088634419498030970942341348554795833335180836037421773011880358377407433948998625180683417944317414771669597266022778346433013794965706123403565861368601155598010796809087749640156628236966444283375369022245221363677264420417843969361312775199,41451791001169392149367623268596516733605473333426310367858795997336210603123762098892458216188082479438704499960577094610139651608021690692121589753019503602655187724039612444233720608572584755450797942160764624317734739885658637836901768179970979467830379443473953721205329561292275230677704970716989972469527376367319392755650691292834549577004405690958548409321814920519415509272089139148762312582502488731996069090268230421412624613315380358816647680713738516895929131706292523635874037281952469430630533396442705834421029423378085301217840432258481692203225141790583120564672050,-144.0,64.17063814696894,104.08531907348416,6.252776074688882e-13
377,142883,-33956382494358709193090932626961351662796315632645395481810950369414806225996300842873572631248762202239337709113474866107900484097370882377270566690209856146983993629345560399884815631852162504774595156417850178568699672523980260654068951453588211642812364470090893084828394473105033810523722332438934498747650968032481390958975266407053530550452983659137059935451915142402816675157411660802177383308305352175271773732591105300696436724678893323765362639438586363489614389351626002683134595689774557864023695815697790128427554834513421352239396945665736282276671348824759594743120592974819,357435605203775886243062448704856333292592796133109426124325793362261118168382114135511290855250128444624607464352367011662110358919693498708111228317998485757726248729953267367208585598443815839732580593872107142828417605515581691095462646879875912029603836527272558787667310243210882216039182446725626302606852295078751483778687014811089795267926143780390104583704369920029649212183280640022919824297951075529176565606222161059962491838725192881740659362511435405153835677385536870348785217787100609094986271744187264509763735100141277391993652059639329287122856303418522049927585189300,-95.0,37.400010657162966,66.20000532858194,9.094947017729282e-13
378,143640,-2944808788581412107415777237811332875291495970254294717475300964590057271416298378935292388350621602184390745415313929433286993186769061832504111519282163389395579339945746485834937383330194627462280568927596974612159131051514694682381419219078988237476535436929206188057887530918452475611413385882714428476718719727081343093185908334329548881003246814351246702670075611699214432379223225764118061399021936508188621295725939114093168667908166363324612773200516711022128247460900118921278610719555727225709947630952902733748251527627253196363929744985673903817859286154385499856810313679,40900122063630723714108017191824067712381888475754093298268068952639684325226366374101283171536411141449871464101582353240097127594014747673668215545585602630494157499246478969929685879586036492531674568438846869613321264604370759477519711376097058853840769957350085945248437929422951050158519248371033728843315551765018654072026504643465956680600650199322870870417716829155756005266989246723861963875304673724841962440638043251294009276502310601730732961118287653085114548068057207239980704438273989245971494874345871302059048994822961060610135347023248664136934529922020831344587690,-72.0,45.7761123702885,58.88805618514513,1.7621459846850485e-12
379,144399,-2234578056297596015212073646040205635305055121887690192962192047268199420213460042554281081075324973007603409464207454933927977919082800860165775063586889081103920361653215348281038906547117910669926248586754772771662938278236593037739735352404159143659267311220696863076376700188825475298971010058746887761228124675229365570231104718848020037042967874187751268065197951305171848898836622315630876149769911593205862116556486855335564546902469313454210244421090298198681395389752982559079658217854286874091014036120748578062945995825800814340209857764272840020397505066444956812582285499,40628691932683563912946793564367375187364638579776185326585309950330898549335637137350565110460454054683698353894680998798690507619687288366650455701579801474616733848240279059655252846311234739453204519759177686757507968695210782504358824589166529884713951113103579328661394548887735914526745637431761595658693175913261192186020085797236727946235779530686386692094508205548579070887938587556925020904907483512833856664663397369737537216408532971894731716747096330885116279813690591983266513051896124983472982474922701419326290833196378442549270141168597091279954637571726487501496100,-55.0,36.74720509112876,45.873602545564324,1.1368683772161603e-13
380,145160,-2340888094533544846931895130056993618540909999864192715171906959047553922513333744968084020714484468403083071554952529547409286985368269764839015601075053055340272661707502506687008369158574108774067278448532691615500971723779628203647866201228406476768186334939316505914193971366116608971541245243039366213546135937543460599054373396747691354399516306874091365031817032221856644714550452554306275927392122912785539220594905840694968460404749374036588701114684463610579276476580342223946704197094361671654821930818354880920367030882537333045802255302423819008865053876292587732523227939,40360139560923187016067157414775752043808793101106770951239775155992309008850581809794552081284214972466949509568147061162229085954625340773086475880604363023108149339784525977362213261354726013345987559457460200267258133168614279373239072434972525461520454050677870791624033989070976016750711124879989072647347171336956217225075403392201575075853729428863644224686500555549252495078456078522521998748140050220440331389567342080947732075943954724768770708873870062251366835803109348688736279260247615028531412600316463464144259153147195397341418194869376189808018170280906685043503930,-58.0,25.537350397265072,41.7686751986337,2.3305801732931286e-12
381,145923,-2365570907572468611119126247112636722109348059279636646193971020759271721632446148964451348105380381188053410690535800246303388861203048618200592892753702454645026298187760745434573142070758430181934105731147749894725275067781929513173529463874995250159251573575781562218087606296693904374742675887573497744466496771378792403840205537522593020894267576812742876754430826095301191148253787984585604870324596610070309904998338100946487115186441139156766031865999421498735833609922141799397015022846126747740195442587487008525008281965333193201134935930067955469469517440414920765658476699,40094422162245230696934343171400622408633017953892146545660525775580876637838070321431378781447125104882261198144674580445820150189882179969501574453452583977034344037080690600585985458826414070880239080188944913469919916403083551070737787523305004239987314806369179020645552649096506853809197896399550809228245707989471057692206873517332085099902840284961743673803912306700020188953454033637044150344484688306276439067768442388923510426888832867063831048576261381334505654405460030498254491912646216063393143094703169636017089524836155816968388744577422974058805380346015606197601300,-59.0,13.321969739760334,36.16098486987818,3.979039320256561e-12
382,146688,-16005172099680186906217129647561900257434988537960344303122588302776803402428665777401227801629533529242635200903778211744425608293848497775485425001350376640040408693130129638776117777352539753712469997703384353173316921669197713501274605188065554727547816235610093465714436225334887281451532280670047488883395719435192983106978985218763243054774915104833023571914762341974660959167762455325470743243563809270917572882145281211907209356778472525704609524788012052030777308665152373194506715863133505051697718612545274177492753916150770532108160197781627744745612343364184931791201870136619,258147937091615917842211768509062907377983686096134585534235295206077474232720415764535932284347314987784438724254487286200413036997556415733635887118554461936135624082744026431872867376653866995362419317796521825376079381761253443568945244968799269799158326380807959124426390731207859378250520655968507885216059990890209404951273955141342629915724437174726186643786489386688079986576813795572108761992964665659960852937827116321084021883523750414590476206258258903722214655889554406363011546179572662124156751815246357701496030905657589227550970931961737818477618441357821480503255970050,-62.0,24.216316757357163,43.108158378677814,1.5347723092418164e-12
383,147455,-2888706743354339502190046956107376285243096133960577776384800322765899945853051959247180881597891180702139684766194560732955867409962010902908218485618740157411813583519060257453531596618464392011123857641768189725732751182748878218859647024815858978208167263056262791479636171350284242904161670359315472524367918484392038817168183751805188126116771645284992201404602487154423139045023915924051530025622785358119553423549540820488860163976582567977618784202881432399327145478721520033732145383691364513784474957506780617583698399915129420864398346217566306097335240638230167557004712323,39571325251429308249178725426128442263604056629596955840887675654327396518534958345851792898601249050714242257071158366204874896026876861683674225830393700786463199774233702156897693104362525917960600789613262872955243166886970934504926671572819986002851606343236476595611454402058688258961118772045417431840656417594411490646139503449386138713928378702534139745268527221293467658151012546904815479803051854220815800322596449595737810465432637917501627180861389484922289664092075616900440347721799513887458561061736720788817786300207252340608196523528305562977195077236029692561708388,-73.0,50.9777016120438,61.98885080602082,2.1600499167107046e-12
384,148224,-60406617279438124775077553831120720326448182546495493015011059078222128970456577288901408154537271707141558661475550024970896650657428201281670797585741744093055736035362102185058250966137004876914806120364386107138002575332133305795133187322699029133003048373109062435115775431102639094510621833496630845140558037868309000758598105503074175400279518298885927674646038516485010716858974428163873450306353731764430839587451545219133661120744557597014171432264432583470998229478155731088944701806020002937052679924767647702150071231923875879246927198079046649523762715277730226437761896972001,774443811274847753526635305527188722133951058288403756602705885618232422698161247293607796853041944963353316172763461858601239110992669247200907661355663385808406872248232079295618602129961600986087257953389565476128238145283760330706835734906397809397474979142423877373279172193623578134751561967905523655648179972670628214853821865424027889747173311524178559931359468160064239959730441386716326285978893996979882558813481348963252065650571251243771428618774776711166643967668663219089034638538717986372470255445739073104488092716972767682652912795885213455432855324073464441509767910150,-78.0,56.31300824056643,67.15650412028324,5.684341886080802e-14
385,148995,-2656017105872633828763646489766679263906628266983303767443399330326052439464126330397948817854336263145027134018303639207408107908082285149900982018518981729162610884522999944123165550111581836694184014163686317103856774372931317739909964946343969287052240503426292959847836777665686713562633020492627694292476421038537522058255447577800221737627425806765560059277894027733419156084310680332705090780308399535727248215827347458302919705673375114592180413369143100055949150916730253380307873177184860576135568143755403201165310316719412341567035585430346464000475811980178821436018873679,39059075086362262187700683673039400939803356867401525991814696034206653521531269564675717909622592105073928441445641753050119233942386546322073264978220319546508983595926469766517140442817379951385059031818916427997893740778401731469264190387411313044885889756269014115409364377436569317097544419009230798418770897625551794974344817320591496141579791275964118518792559231373811118886921769598604276181005875525400709056284521445631172142255516391061476667193280883175722807598974314416292252605659714354934825643461811781842798775285475611279935079858036235301114882061453256412042260,-68.0,45.57147768170444,56.785738840850115,4.206412995699793e-12
386,149768,-2832905087260379462198017870858947537913365544190823676627179156999330213815118227418198191231124387361979926870921481017449287031809359854632594127793854607426900483094135952926230166972249254471481225538965321606709384720258289138365381515383606211195226585247637828337672897666631539052106968063126320476155462994452347275768544464211229648977450019606058304380693239022767518267901028306650778476830710139447698815416198958107738602239474586553741383145061318875302661292479200337077595848268373265221917619178821376837476695869599227020678279281412112224019030148692791138830432649,38806919003566841947918053025465034765936514303983885981194235027388085120755044211208194400426361470712053792752349055033551877148073422666199919558819926129135623056084054149674385848934921294129879801903634542557662804387099851210484678292926112482126391578734764771748943803652486836330232439220908499673362506773319825695459513208373008890102055063096689101105386835928322168053438743926722992833297399170516422128989026823393679482732528582927964152672072861305515908116153429275035559565320181715368734509298922970376393094104099000283264099745371400329027810256065632038773050,-73.0,67.33375523380346,70.16687761690193,3.979039320256561e-13
387,150543,-2621900334404901408469353552356119245481002313291252667296507441788345062033554794053686997386515260138309999738513624574189552639839760464497359835313291191903197197624145846112970299212735001222470615161708219978428229014925976574547052847757588859576724432136856123142714082754544487972074691385207020416921472611665266914443747322637419855259156365718759407300412926483501447176404372024431066562772387632602226183033368934281005723742941180681409830279389849212582798028501610559759744861747669864993551436126073882706688422232662776750411892664867417538494643500883502129529472399,38557357858895608948078728711119400668838269313106656872007462379240368559316982265495397020389930296151617643213435655502787538821172948007314115225195458704458782318002144795778974988422573547389273752378062058506297485513617302566868424231729247934951829884365531222686971805213889529001098402723632653190021656053900984035937460627020880224399358319393520695594307742404433046711829000359280390629005700479444502691667190210014790055043252657079556327638086017832099971007376625878819777378642203896963991707736380628039535621068570246329586656836285552036685933836522090140139300,-68.0,48.980428487337576,58.49021424367052,3.467448550509289e-12
388,151320,-1455793461708840694237553381648932547172403671281688980999397657852724811403914291227162813772722923997399258697255085363682764591527154657117709182860015268895348065566797873521321141772868703312951560832490897259108238907780504208105850008728326329809747672887069371268098369693677762509055619825892154287144736035690520512710622354000151363363471968237387349858603007176969632375451732510275557698105266974288178938160390366589343482301345908843102363963069083107807690861806045131109736149615200765874542157157461527478137399121690090128162784380095874910039500485520239860369585979,38310354255495807743093510043392961767694833454781288973668359417176968721155639242820074046650603263089454176243554877991651699777030385713623925864737243918298633304389417724245293204549176402972409495591865717344953655467908005476469737071798061310782833497028141349160483412991520066027779469102425112819598316728697908229226904052635562193775578111510193417331658083604464009880308750270409413108033341428636287846326062278666933744772260759029009577975502187047570812152790661344993056568821072786172162030459513881003615766360265529688494325791996708158934223303164206851831210,-38.0,29.52387933755881,33.76193966878108,3.353761712787673e-12
389,152099,-418199658088417786904383064984681909952333571475738028565461178233845508257007073538548210300642650280210790733292269403644669119936041393488490137132058228336539711014045322819634045150179264532487119294830365357109248598453230578581691296849454817074636488736908893781570752984556732192765843462668982774050017185242139236021063807328975060463473588223056422362934112806434689578254438348826816194428602758369136581759279928440156115451308475671636571454138379424029987742541078138308078704810907712641133937940699099476423570067165294548632572909778015265933741874999670798415274671358931,4646662867649086521159811833163132332803706349730422539616235313709394536188967483761646781118251669780119897036580771151607434665956015483205445968133980314850441233489392475773711612779769605916523547720337392856769428871702561984241014409438386856384849874854543264239675033161741468808509371807433141933889079836023769289122931192544167338483039869145071359588156808960385439758382648320297957715873363981879295352880888093779512393903427507462628571712648660266999863806011979314534207831232307918234821532674434438626928556301836606095917476775311280732597131944440786649058607460900,-90.0,60.478969693821455,75.2394848469111,7.389644451905042e-13
390,152880,-12935764759755698740225117191223372062017644050531579231166076331205640467046209844904218145237623696091176270138466615660152565370427002810388787310556135675041521382607832533289453574038919049437941011968704829930933208580563908820597695791843128244880900750510816413267959799278108118294751364738641713808628940202850053698657244345544202114458279489195070451600729578058215876250442537448448526974592515114389247136225182971693880657020530790005852434071842424186519767372048001022146512643723641091056646025027729572734306603624160515138817884063137631343493847171336988473569749705,113471620699611392458115063080906772473838982899399817817246283607067021640756226709686124081031786807817335702969005400527654082196728094827971818513650312938960713882524846783240820824902798679280184315514954648516957970004946568601734173612659019691937725881673828186561050870860597528901327760865278191303762633358333804374186353908282474688230521835044477645620434895247507686407390679372355499777127325564817957335308622558718251377373077105314495035717916001636138310281122815983741338980031939395233737061646750638020233365124215045077349860202961678451700413783657793627804822,-114.0,75.85840870449874,94.92920435224951,2.8421709430404007e-13
391,153663,-12853839191283780141520917934061223603883005116819979362700512624369002866359522776657390819137625642545283255979476545370974923004027705347732907242417649556986006178393893432292424931617619933379041625782399426989680301166535441173557439583508677334397924965019483441880152235578814574850648331417519064824036182119014576180146421002888429705347274880069353691806796152034261244144903591480768901012097825676014648279061931103124515612457614128527326616079249405994467119795330509860398915162468348321534776023995669263145030584514070832907102287068634248222951955586281567493938056597,112752975362138422294043139772466873718271974708947187392109759862885990055785287514538515957347593355660379438416460924306797570210769345155551817915944294359526369985911345897301973084365087134903873910371924798155090361109960010294363505118497169599981797938767398612983791540165040130268845012434377761614352474728198036667951061428845874608309428772538190279006983789774221439867575363866393868527173909438724984904052027220390487828575562530941461544554819350828658945573074647898236097916389020364340140561365519852149391092228691516728967430426616212482034698125276907841561900,-114.0,81.52063870319489,97.76031935159801,1.1368683772161603e-12
392,154448,-36177589469553602200458534986770101733971713722901146915583546371023143174614103980715678510134959429002362055499093146823229312756371834833528115037614561022764149603595984275666754699499634788921504764394055415813419124786827089734447897902056011953282045454224658271580327043902130007151965823357872319342422121580470775179599964284808159992475096124058055585364935155477286638118836333350891242216442619573203085247429771587283346495390971308101893879762764569221641796775378981806016332400308683077685396218679525272166800902635727861746786069179209257132363384424574696053384872365263,331904490546363322939986559511652309485979024980744467115445379550671038299211963125831912937017976412865706931184340796543388190425429677371817569152427165346460088106385176840979400912840686136894539122881242346912102062264468713160072457817027632598917848203895947445691073797267247772036383700530938709563505702573126377794495085181726238463074276367505097113439772068598959982741617737164139836848097427277092525205777720984250885278816250533044897979474904304785704557572284236752443416516593422731058680905316745616209182592988329006851248341093662909471223710317199046361329104350,-109.0,89.64713903203528,99.32356951601787,4.547473508864641e-13
393,155235,-3191669714610610125951390261187886910435835198888353807012469445940720659017221385755374171767658189378142335730569436676157017541409826536924790170197055285948148604928619088027947755273832403728453537030861513403475666969900725455410943965590042487513254975739712637072098181797130835969264853443866061309967340488782749561635494449573087265760484235825056003550828525782461944964026258979638387952279136635450815864763838313685859717069564040108510500118108580192180729901497785400342972512966562684942251921329031282472072647593610064488230525958841660820281565011156963793930276279,37112438541983838673853375130091708260881804638236672174563598208613030918804899834364815950786723132303980648029877170652988576062904959731683606630198317278466844243356035907301718084579446554982017872451878062831112406626752621574545860065000494040851802043485030663629048625548032976386800621440303038487992331264915692577156912204338224020470746928198325622684052625377464476325886732321376604096269030644776928660044631554486740896157721396610587210675681165025357324436020760469104331546122821917933161875918968400838054041786163540560820069288856521166064709432057718534072980,-86.0,100.34345663724571,93.1717283186237,1.7053025658242404e-12
394,156024,-3061042732311651199710020970463196530173719597977880460880260417463369259676526669144694849221509663886772000682859533037949561703528336945458133048836614173155758388332933119745528071659927276624850821950156385281139281206655179172754291442317777902756818099377169475783712143057800704089927122402788631049992806216089439584402457966102877034573807555431535810005373391937012806164942456073977574252881003940631946872780558691554355990713720360647317899678951686605401754812919617466755077622682679788033479270536518075511810643150089990840525347019309144092619981518076934551422007549,36880032919417484333855674342930078676791802385275668203376631535703244092488273122225239147247104384177975911841681120939151345825642613800700398178754387628382631184734133972837687610360569597889768939158510666037822665140423845454870981232744312081407446980447825009442314976600008483011170149431188325903527785736017344390391059832564783549082018740138985662715342071530274773071595856312982822323867517357011408105789863753666939647153257357196601200951225139824117527866501415262109368947984093831728665910078531030262778833133614347476209000232640290272529897808155837968939850,-83.0,77.91575066948099,80.45787533474075,5.115907697472721e-13
395,156815,-55759954411789038253917741997957587993644476196765070475394823764512734434267609805139761373419020037361438764438969253819289215991472185798465351617607763778205294801872709709284539353357235270998282572644048714281233146460430743810892172913260642276618198498254519170876100397940897625702112461689197703206668958032285231469475174310530008061796478429740856315057881707524625277100591779843575492590480367782551544234570657125354148726841130089551542860551783923203998365672143751774410493974787695018817858392093213263523142675622039273151009721303735368791165583333289439788703289505443,929332573529817304231962366632626466560741269946084507923247062741878907237793496752329356223650333956023979407316154230321486933191203096641089193626796062970088246697878495154742322555953921183304709544067478571353885774340512396848202881887677371276969974970908652847935006632348293761701874361486628386777815967204753857824586238508833467696607973829014271917631361792077087951676529664059591543174672796375859070576177618755902478780685501492525714342529732053399972761202395862906841566246461583646964306534886887725385711260367321219183495355062256146519426388888157329811721492180,-60.0,73.13793729533427,66.5689686476677,1.1368683772161603e-12
396,157608,-6336358455885117983399743408858816817459599567814212554022139064149174367530410205129518337888525004245618041413519233388555592726303657477098335411091791338432419863849171557873243108336049462613441201436823717531958312097776220887601383285597800258706613465710740814872284136129647457466149143373772466273485108867305139939713087989832955461567781639743279126711122921309616508761430884073133578703463678157108130026655756491517516900777401146539948052335429991273181632462743608156183010678953147161229302090010592416309448031320686281039887468329969928271723361742419254521443555626567,70403982843167977593330482320653520193995550753491250600245989601657492972560113390327981532094722269395756015705769259872839919181151749745537060123242125982582442931657461754147145648178327362371568904853596861466203467753069120973348703173308891763406816285674897943025379290329416194068323815264138514149834542970057110441256533220366171795197573774925323630123588014551294541793676489701484207816263090634534778073952849905750187786415568294888311692615888791924240360697151201735366785321701635124770023222339915736771644792452069789332082981444110314130259574915769494682706173650,-90.0,76.33859369492757,83.1692968474645,1.4210854715202004e-12
397,158403,-19914269432781799376399193570699138569158741498844668026926722773040262297952717787549914776221078584771942415871060447792603291425525780642309054149145629920787605286383110610458764054770441168213672347372874540814726123735868122789604347469021657955935070892233756846741464427836034866322183022031856322573810342154387582667669705110903574307784456582050305826806386324115937598964497064229848390210885845636625551512346663259055053116728975031982693878768494258287142273454337054205146604990995605363863520854319004736972550955579299740411074900465619774568273422619031942781679746254887,221269660364242215293324373007768206323986016653829644743630253033780692199474642083887941958011984275243804620789560531028925460283619784914545046101618110230973392070923451227319600608560457424596359415254161564608068041509645808773381638544685088399278565469263964963794049198178165181357589133687292473042337135048750918529663390121150825642049517578336731408959848045732639988494411824776093224565398284851395016803851813989500590185877500355363265319649936203190469705048189491168295611011062281820705787270211163744139455061992219337900832227395775272980815806878132697574219402900,-90.0,87.92779471333643,88.96389735666946,2.5011104298755527e-12
398,159200,-34849971507368148908698588748723492496027797622978169047121764852820459021417256128212350858386887523350899227774355783637055759994670116124040844761004852361378309251170443568302837095848272044373926607902530446425770716537769214881807608070787901422886374061409074481797562748713061016063820288555748564504168098770178269668421983944081255038622799018588035196911176067202890798187869862402234682869050229864094715146606660703346342954275706305969714287844864952002498978545089844859006558734242309386761161495058258289701964172263774545719381075814834605494478489583305899867939555943833,464666286764908652115981183316313233280370634973042253961623531370939453618896748376164678111825166978011989703658077115160743466595601548320544596813398031485044123348939247577371161277976960591652354772033739285676942887170256198424101440943838685638484987485454326423967503316174146880850937180743314193388907983602376928912293119254416733848303986914507135958815680896038543975838264832029795771587336398187929535288088809377951239390342750746262857171264866026699986380601197931453420783123230791823482153267443443862692855630183660609591747677531128073259713194444078664905860746090,-75.0,93.75543880839405,84.3777194041962,1.6484591469634324e-12
399,159999,-6121793936744034623115307653214920374963613127422620171240437000601265817518798430987566394171664898281745261175177841358466937734513480715969079608811434383056930513962215483955842283503505988747165943822031803287489882481766867376063558666402954112380040311316303030664968694482929236684226632698681758420837994069682108745987353793351839509430036653000649568981222462598603039681678727152138579212976019214221928798239900187042849661809277509831717007176981568288269661839666575922322845237972723130372860114475842196921191590048451401681923024957949782552469237323628337966220070144837,73756553454747405097774791002589402107995338884609881581210084344593564066491547361295980652670661425081268206929853510342975153427873261638181682033872703410324464023641150409106533536186819141532119805084720521536022680503215269591127212848228362799759521823087988321264683066059388393785863044562430824347445711682916972843221130040383608547349839192778910469653282681910879996164803941592031074855132761617131672267950604663166863395292500118454421773216645401063489901682729830389431870337020760606901929090070387914713151687330739779300277409131925090993605268959377565858073134300,-83.0,70.49922827792943,76.74961413896438,6.821210263296962e-13
400,160800,-3872219056374238767633176527635943610669755291442018783013529428091162113490806236468038984265209724816766580863817309293006195554963346236004538306778316929042034361241160396478093010649808004930436289766947827380641190726418801653534178674531989046987374895712119386866395860968117890673757809839527618278240899863353141074269109327120139448735866557620892799656797340800321199798652206933581631429894469984899412794067406744816260328252856256218857143093873883555833219838343316095445173192693589931862351277228695365522440463584863838413264563979426067277164276620367322207548839549297,51629587418323183568442353701812581475596737219226917106847059041215494846544083152907186456869462997556887744850897457240082607399511283146727177423710892387227124816548805286374573475330773399072483863559304365075215876352250688713789048993759853959831665276161591824885278146241571875650104131193701577043211998178041880990254791028268525983144887434945237328757297877337615997315362759114421752398592933131992170587565423264216804376704750082918095241251651780744442931177910881272602309235914532424831350363049271540299206181131517845510194186392347563695523688271564296100651194010,-75.0,61.922531038317175,68.46126551915785,1.4779288903810084e-12
401,161603,-2013025343011088382161304177075072719857503149845592064923087661461207759667797698421514038014944898858176328966316067549129561353465322539903402827203429867423218671831571607541832761497015858399837673535293953872267543080168773480134509521999103545666181077171676301837470278022233009219862997674474923352296273176513075247049220417372998550565338424610437304739763766963905741042826499010108332179130837990827296140653558263058775025670125085886692775779384627812841481435725284221903048850297869253869599593856207299383117567504006798868060287264049181836380081938035347974100618099,35316234087913831265987792580264433681710581576238457279352415113354522099435047340728316456402542085231163666075720483318062479885356535787778996968481225744266994242659151009505837921000278217541011816408665857408202510178399534739201921438580763959055808371432917576095969789863737003857245573236402164075373213623036407842968779252157869308163832010709426398943223981822907737593447351054532143493523473523285897204448390579978509222282896243626189048761133821277920726942548845998299102636804723752098238488705391217247676622877312260843162934457003190111931262070795578492993300,-57.0,77.93893160184189,67.46946580092109,2.8421709430404007e-13
402,162408,-10842213357847868549372894277380642109875314816037652592437882398655253917774257462110509155942587229486946426418688466020417347553897369460812707258979287401317696211475249110138660429819462413805221611347453916665795334033972644629895700288689569331564649707993934283225908410710730093886521867550677331179074519617388795007953506115936390456460426361338499839039032554240899359436226179414028568003704515957718355823388738885485528919107997517412800000662846873956333015547361285067246484939542051809214583576240347023462833298037618747557140779142392988376059974537028502181136750720037,774443811274847753526635305527188722133951058288403756602705885618232422698161247293607796853041944963353316172763461858601239110992669247200907661355663385808406872248232079295618602129961600986087257953389565476128238145283760330706835734906397809397474979142423877373279172193623578134751561967905523655648179972670628214853821865424027889747173311524178559931359468160064239959730441386716326285978893996979882558813481348963252065650571251243771428618774776711166643967668663219089034638538717986372470255445739073104488092716972767682652912795885213455432855324073464441509767910150,-14.0,51.00814425857152,32.5040721292865,1.4779288903810084e-12
403,163215,-941997202586817855398993276235346119951196241639234212333508679432020516402763990401054646470644555198132201223769049225463834035220275692056515682243627048849058927838822666560725408604976381422428470086339374607746927803701386594395069933211971656886218017202182438971890422310072603204788474969408678396328454071949857497513377198623662710808590130021525897877991018822918548436207767426121897047930178529945121256356075973510882116119627155471644490267233651140961792414778867301065612579819591649152233219823626758590885392650445533390320020069327661371626854093928755036412376779,34888785280993253903666417638346152590785045986638304160500321460445204311213481125964986906320168711041933378658112934276438297600750951557648728971986186994409589919956395057804644763147273386015869262457013874360997326063014318310928516044887839143934000637117868110070015641113800118695869443311432533197350150812957685093088044393468989289207041852649107328814482178626612905044732126893403594367784389997967453939113924944847485782208413165616462602490135227443029348695513603743170836289614505524156785919393583651514273801868353088530371113678802273023216818293657593941199140,-27.0,78.15654093727653,52.578270468638976,1.4210854715202004e-12
404,164024,34678141317141711727090853569287672080867101136845101568848122406297256117355758345609854031660012163082823835668617782524646138379002160419163887697463918644494837332189444868977055784436389733245694193175346604002936167826190441245436470360153341615183141594806806754329858300832436294225930801434639923682322192307295619871956439784946843429429973499896050267834058308285336953582866757618236321894065137109716072009798111063029034090357982502668989445144175562092331476081107954942267622663942474425980428471979599374799831009611151291072118727519973138592751406364768472088739851,34678141317141711727090853569287672080867101136845101568848122406297256117355758345609854031660012163082823835668617782524646138379002160419163887697463918644494837332189444868977055784436389733245694193175346604002936167826190441245436470360153341615183141594806806754329858300832436294225930801434639923682322192307295619871956439784946843429429973499896050267834058308285336953582866757618236321894065137109716072009798111063029034090357982502668989445144175562092331476081107954942267622663942474425980428471979599374799831009611151291072118727519973138592751406364768472088739850,1.0,41.9029692542299,20.451484627114326,1.2505552149377763e-12
405,164835,103408542731703271862908909161302600040140343823977357062784807248456538025792088211008051209931048620899519239714716171171857898430088249320250271906842779900977884354943640275369124575047726848036576114840044349766761519343553176460242893277809877743069987200501686085226995285673561117358615150938759139510160895427256465764391480862226935317303657931346864573008942004236907527726330217431800550036126938508496614062109449065973348033902915488208046549741819523022140064671458313442399195086954666033933938637463768524021999695156038858260097402365890302272107086779587997085982141,34469514243901090620969636387100866680046781274659119020928269082818846008597362737002683736643682873633173079904905390390619299476696083106750090635614259966992628118314546758456374858349242282678858704946681449922253839781184392153414297759269959247689995733500562028408998428557853705786205050312919713170053631809085488588130493620742311772434552643782288191002980668078969175908776739143933516678708979502832204687369816355324449344634305162736015516580606507674046688223819437814133065028984888677977979545821256174673999898385346286086699134121963434090702362259862665695327380,3.0,47.542586773502535,22.271293386752006,1.4779288903810084e-12
406,165648,3208410075281512121753203408612638991697797241480529848782638668989820036892382310216375158391173771991035167001448627699919419174112486881260903168473462598349114185028390042796134208824126632656647211521185342686816986601889864227214033758897933781789539199304327491975013713373583395129685042438465740859113888458206888318680119156756686971809718004885882605429917796663123279833168971459253351756198275130345227743655851302847758557695223755152767347134924074946261810723198747621940286359660403086400233915418061874290022098398887180399562067297238741458221829199732924114826181345279,110634830182121107646662186503884103161993008326914822371815126516890346099737321041943970979005992137621902310394780265514462730141809892457272523050809055115486696035461725613659800304280228712298179707627080782304034020754822904386690819272342544199639282734631982481897024599089082590678794566843646236521168567524375459264831695060575412821024758789168365704479924022866319994247205912388046612282699142425697508401925906994750295092938750177681632659824968101595234852524094745584147805505531140910352893635105581872069727530996109668950416113697887636490407903439066348787109701450,29.0,35.398826228333746,3.1994131141670437,3.410605131648481e-13
407,166463,647105865042421143726491573373740329123235732153350203049910732450935596135761745263032322394485071249787647003987559108723998289659864506247780767076481686851116543917515975165103168902066380658740534963582201258336466606776576617831311147444748340000675405673380501935410242610461456593065299922608384311302196073416633926493851873508162830335606176758968547434821336262101715533699840347171587494239618828697650947386166644300211352709132853794829277832638178043970281473794665564607902404795129114264595875783822494073366726303276300571140648220964974265165652788873475964994638701,34058203423285323354025872282828438374907143797544747528942670128996610322934828698054332757604477434199349842315134689932842015245256026644620040372446404571111397048290314482373850994845598982038975524399063224122971926672451400938490060391828860000035547667020026417653170663708497715424489469610967595331694530179822838236518519658324359491347693513629923549201122961163248185984202123535346710223137833089350049862429823384221650142585939673412067254349377791787909551252350819189889600252375216540241888199148552319650880331751384240586349906366577592903455409940709261315507300,19.0,42.74373826373858,11.87186913186963,6.821210263296962e-13
408,167280,3216269380157837664919359738801439501758485269394463688623259415682276728145369114443398500591868186733052023449728038319873998493740047146845299577214776902810870070539105903085629167315687523220908830844677976840751152953091026510039317806168646640120661115564164736632197655011770051270006486861246983487937796607812445045294560752580662274359845446767080358184880851375130176881940630895652502608436936818058528659553255875475800928384886070739160031422234045357850543253705923751408012706499593823186215268517823473002245630955733898572766195217883946590868688777572857789876631763,169277335797780929732597880989549447460972908915498088874908390299067196218177321812810447399572009828055369655248844122098631499670528797202384188274461942253203687923110837004506798279773027537942570044456735623197429102794264553159964095061507717901087427134956038770115666053251055330000341413749841236207252453042760265541818986977929593387360286671951597799204255335533167204312664783981710663601944043055712034713329256603989522546572951091534738495907055018834239118616101250074105931921031253851906066764095972263276085839775468345935062906204418241624667830398571462625085882,19.0,43.714438871895254,12.357219435947087,1.0800249583553523e-12
409,168099,1750041422171178896785739125542177326596069575255719763741638139719187622723611449026252327590908073706380394193498903445984157215810303581011546330769158727681253171540667410789047533222866968745042149080948977891865735982215654659485711849081228346203798053816832523886340175741191407035920353837476358781205282514345986449053679117052319504024205818797439763441352903736103273489602283732448947998648609949066940141159899621758212520428034029275628024604058335570504551477251395493237285757295844916297001641925925376504503436163769589965797599695197231805076091382648682222302237201,33654642734061132630494983183503410126847491831840764687339194994599761975454066327427929376748232186661161426798055835499695331073275068865606660207099206301562560991166680976712452561978210937404656713095172651766648768888762589605494458636177468196226885650323702382429618764253680904536929881489929976561640048352807431712570752251006144308157804207643072373872171225694293720953890071777864384589396345174364233483844223495350240777462192870685154319308814145586625989947142221023793956871073940698019262344729334163548143003149415191649953840292254457789924834281705427351966100,52.0,32.83360342952665,-9.58319828523588,1.5916157281026244e-12
410,168920,2910646335124706799200112531393134948188656148221950903208384133434497261490677306409844264938353339123554115070793628700337294376399836899984691476907310010742230450814148933633183888774137488046205980644174189491964434529758246760954483790201883911768175816202356281869477484952635234979770432336717426367977175791878954051074195505445622855842929430597027923422634044060432956001002882884771562540722749416253860578159963022239308649071914415359267663179497684809770236526193694293069883226418106335131611155178024308161442756125421446686909212178357559390423720060237226859155438471,33455705001433411485058764728656723542398346531286791990900967050971232890697440303561428332624751024408667989319466996555601084786205021838904499734566781732669315526599413030266481480162499862600068743036484936689246373905267204148902112531056136916875584094279957262867557298306152126204257842950775015723875583814700621276714890867191067308539418742494573832444069471958999494264400952698523707364629303635101845725976586462520789069792119716773191530798823963330692373864295336701952680763426509599213921323885336875418882254315189042378266806647788038970387586899278469645464810,87.0,-6.9130326718036486,-46.9565163359014,8.526512829121202e-13
411,169743,23012044677881190390505734792807893457694545731998283053337546315513191988745362776724345963633246364625355680562114295227008247869496457631112684794568283464021232775376038927641238463290287572158021379186432802719239076317003164112431690408647249193524970808803452356234581116610529178861189269903478417196403062045070095527084992572599685866773149828147020066531824196756194558803418829776713695354801421624545081747600588654908061379331260036957779593243593365131808849325011707081502743545150477309353401876101961029390503326447190811141686551649160628390004843915325800547718817908253,221269660364242215293324373007768206323986016653829644743630253033780692199474642083887941958011984275243804620789560531028925460283619784914545046101618110230973392070923451227319600608560457424596359415254161564608068041509645808773381638544685088399278565469263964963794049198178165181357589133687292473042337135048750918529663390121150825642049517578336731408959848045732639988494411824776093224565398284851395016803851813989500590185877500355363265319649936203190469705048189491168295611011062281820705787270211163744139455061992219337900832227395775272980815806878132697574219402900,104.0,-17.23061552756326,-60.615307763782,7.389644451905042e-13
412,170568,2248310599269506350160577243557564492383924858626625771634034932418554614843314896297029850403742144793921594148824463407116264336229411638545947187473214798914386172261443085518595608796370612946844278735878856353870989791200772850961227424908638988986393655026462180821542232385535726130858823114783572069507588188601063852199115691791567967502360294737827864719824268235681523172167101323345010777721247995330743884187197700102512080614731037210282933273990727761573316389935921910005309115853341718538529538074126156816171724576448285976194256505152820516989034796439208556660727401,33063391165728034561184959464081830770351836156273908406382866653214038453578160239662203682407972717557670502188595050104650946121020759390381576286370805866388031945021221845861700129358391366865357040233512593439279261635305483102370991542774102779211671397447973247375621064493172443100865045805640765728052767479427409591163466055758352463270004334379821539997415709348257693708339725343308982025312470519569763002752907354448707067863691723680631371676334231787842888087292969264783957586078554684390140265795972894355466537888945382002856713311070889955721099947635419950893050,68.0,10.734870780948768,-28.63256460952553,1.7053025658242404e-13
413,171395,3254126720880412871607691942723800806052183557622550358448040859174690051163355716707834551202255970772340181845729115014389247918011145140857632022390719422559994921765994801411929753936244409760095010959667540712483100189569933409541685894913170153730415149510839197536362100116806885806546371513004499355958114835824660698356525222380876217662228607118891271525678379281138602455203778755063118974791943084964809110707798403311793774954474751450502094574698244731248799326531927649268818839825971661339421580552251331122031104402658536437561137486335491759113755614895043881136081341,32869966877579927996037292350745462687395793511338892509576170294693838900639956734422571224265211825983234160057869848630194423414253991321794262852431509318787827492585806074867977312487317270303990009693611522348314143328989226359006928231446163168994092419301406035720829294109160462692387591040449488444021361978026875740975002246271476946083117243625164358845236154354935378335391704596597161361534778636008172835432307104159533080348229812631334288633315603345947467944766945952210291311373451124640622025780316475980112165683419559975365025114499916758724804190859029102384660,99.0,-6.345816819809443,-52.67290840990421,1.0231815394945443e-12
414,172224,3753073854639646805552155711400991499572224359397648974305420830303741740768012198422868553980126348668558378375699853622452158768656781736435167897338984100456125611664509307355690148783660066317192096235657124999698384857913607756502357792238697076310840283536361867270506757553714263268411415690619076177371949098326890579676213655516442850313224509694096098128895884160311316727924446720240658155128486293056353938865332691129606164306614525258276923306370071754115274612548137138662244786764556395497355853313966277352519218551483412615933346626212957514789991185894481524239644489473,59572600867295981040510408117476055548765466022184904354054298893710186361397019022585215142541688074104101244058727835277018393153282249784685204719666414292954374788325544561201430933073969306622096765645351190471402934252596948515910441146645985338267306087878759797944551707201813702673197074454271050434475382513125247296447835801848299211321023963398350763950728320004941535363880106670486637382991845921529427601037026843327081973120865480290109893751905900858972612897589478391464202964516768182497711957364544084960622516690212898665608676606554881187142717236420341654597531550,63.0,6.565234499697453,-28.217382750150648,1.2505552149377763e-12
415,173055,4089063323531196138620634413183556452867261587762771834862287076064267191846291385710249167384061469406505509392191078613414542506041293625220792451957902677068388285470665378680866219246197253206540721993896905713957097407098254546132092680305780433618667889871998072530914029182332492551488247190541164901822390255700916974428179449438867257865075084847662796437577991885139186987376730521862202789968560304053779910535181522525970906635016206567113143107130821034959880149290541796790102891484430968046642948753502305991697129545616213364407379562273927044685476111107892251171574567499,61955504901987820282130824442175097770716084663072300528216470849458593815852899783488623748243355597068265293821076948688099128879413539776072612908453070864672549779858566343649488170396928078886980636271165238090259051622700826456546858792511824751797998331393910189862333775489886250780124957432441892451854397813650257188305749233922231179773864921934284794508757452805139196778435310937306102878311519758390604705078507917060165252045700099501714289501982136893331517413493057527122771083097438909797620435659125848359047417357821414612233023670817076434628425925877155320781432812,66.0,2.489470518901271,-31.755264740547943,2.8421709430404007e-12
416,173888,2357925102103347162095026093932271130522255026000089292163002251531272512768109012460900436691962712493908941342646194817579437574655487566030374088849980974183446245914204637430528352492897032017032205255075349848768704608949707523040734973995205275452835719003334248283003221376684836595957014152446296773025503121340037801901694567251902679790223070302591508640016176049355177344061041633984560561517298799352059397185452535457912696929960155464220868738779575689158684660143158461545393177160522724013554838001596810881325922854718348962184764174378369596960826870554139675105161651,32300343864429413179383919094962618226332260630138209481684962349743459079015191951519184064273461814985053990995153353665471747598020377616854439573287410605252688300194584074390799349217767561877153496644867806147516501492461746890968972246509661307573092041141565044972646868173764884876123481540360229767472645497808737012351980373313735339592096853460157652602961315744591470466589611424446035089278065744548758865554144321341269820958358294030422859435336653276146365207440526870484838043294831835802121068515024806593505792530388341947736495539429720506312696856906022946646050,73.0,9.82459882586818,-31.587700587064376,3.069544618483633e-12
417,174723,6358560868836219659483477037357026268687039851593537094704060266318758462160682008008722347739101619404281752491433536439345870663123240693569684101446013990589644034133646480501440286194870394362351063621784079296443828772622775620656983081896156673537768069092489383173032949527792020512981661986908572653203940809387505402793088650617135127612544449909284686878114685397056644565803213475558566259203458829467220113415409470868275963542663753447647482594903932691049138753017574480298101156130545139091004149955685616084619533410487362947700720846976934509991721265018181643297217403,96341831346003328173992076323591307101318785630205107495516064641193310032737606181950338602107600294004268977142932370293119252471564252932874001537060818039237030820206764856082428578710157490338652479117940595400664072312466297282681561846911464750572243471098323987470196204966545765348206999801645040200059709233144021254440737130562653448674915907716434649668404324197827947966715355690281306957628164082836668385081961679822363083979753840115870948407635343803774829591175370913607593274705229380166729544783115395221508081977081256783344255257226280454420019166942146110563900,66.0,22.622104899260194,-21.6889475503703,7.958078640513122e-13
418,175560,8908259053625335940380591640572486228628008462686648035133166031230131763874953122857826234673209756535789536681138151249216479569860017314741423933961248593714513187270944140320659245279706727483749534899842868185519622450388337755811468564786023039451474713697640147893007175511068987820889952135462424239366819722741920096648785836046331941433162396010959316464617258984041350186138657880595960988996554325186033144051176926850023760730133131189949642739153275712863066047394641852230083040705104852521921305683826072816004034963323116201202336427622121379747129887301446265975066873,95787731759412214412694533769596626114279660889103742313259849798173459826612399170514260587883975876728919749259550013432435264192043196932703483160873640792629174056676818713125368228814050833158597149460676001994834650004175674793671704997699172467220158211802582235408679306570634277643977979951208862788890534653138925770417052000498192918636154795816766843705561924559584410603641482587053343967704885217054119828507278783333588825055194959031716588593045975407129742445103675830431000437689299489483024792299205084043054139390571141948412219651850767524162686960230605010484590,93.0,4.806712773236541,-44.09664361338082,1.8189894035458565e-12
419,176399,250919794853050672142629838990809145971400142885442817139276706940307304954204244123128926180385590168126474439975361642186801471961624836093094082279234937001923826608427193691780427090107558719492271576898219214265549159071938347149014778109672890244781893242145336268942451790734039315659506077601389664430010311145283541612638284397385036278084152933833853417760467683860813746952663009296089716657161655021481949055567957064093669270785085402981942872483027654417992645524646882984847222886544627584680362764419459685854142040299176729179543745866809159560245124999802479049164803034969,4646662867649086521159811833163132332803706349730422539616235313709394536188967483761646781118251669780119897036580771151607434665956015483205445968133980314850441233489392475773711612779769605916523547720337392856769428871702561984241014409438386856384849874854543264239675033161741468808509371807433141933889079836023769289122931192544167338483039869145071359588156808960385439758382648320297957715873363981879295352880888093779512393903427507462628571712648660266999863806011979314534207831232307918234821532674434438626928556301836606095917476775311280732597131944440786649058607460900,54.0,52.33619189616911,-0.8319040519134546,3.979039320256561e-12
420,177240,1073205200054812456486879983204581885166265986623424810454126762218051859455369162746389447442568825300754544523087740093435587111218697958216053005343083558894878078518031004526229161296869550989483055651732024707086207333998282096761052169831568189097784768324532782991297813514701514431691587809610263064684659428196509447932746827977051080146887817070392135221773870692569152583282453929013861574211632194714326757679167143458348083640490015988923112819985425236587156914641717931486740481366065275592581564506017056676282663638763973964140983699209181067239334869309060159418467861,31564858825141542837849411270722996622537234900688965013356669477001525278099093021952630807134377214728074838914345296865752562094667587006354500157149516438084649368177382486065563567554986793808325166227412491384888450999949473434148593230340240855817199068368611264449935691608868071520340817929713619549548806711662042586257259646383855298437876972658592212405113843899092723037719233206290046300342123373950786990563739513480825989426176940850679788823100742252563438665932880337845308275472508105664163661941678137537725401140116881298264226447328854918803966744384122335837290,34.0,57.024787320343876,11.512393660172279,6.821210263296962e-13
421,178083,5193329087372508464825672048829383195486495332051648720747557115322264481622963658321840520073340101518957531982060861875325956391362605540053145493796801528362257849194026884688265920165624853671408670981553556722271714621314628100034074928195844133606596918955077765914930919416063994550686944961248805690817206875555977440784452509314069378304573971397432696010292904132195491494662959887391835094211406803276859512043345516577102087303830743634702521325901443827823377194954565116244114634906697085085977007106720843171273092337346795048378356395936137289373265114374996843065502459203,91111036620570323944310035944375143780464830386871030188553633602144990905666029093365623159181405289806272490913348453953086954234431676141283254277136868918636102617439068152425717897642541292480853876869360644250380958268677685965510086459576212870291174016755750279209314375720420957029595525635943959488021173255368025276920219461650339970255683708726889403689349195301675289380051927848979563056340470232927359860409570466264948900067206028678991602208797260137252231490430966951651133945731527808525912405381067424057422672585031492076813270104142759462688861655701699001149165900,57.0,33.18395704844852,-11.908021475775087,1.3073986337985843e-12
422,178928,134753223161823509113634543161730837651307484142182253648870824097572441549480057029087756652429298423623477014060842363396615605312724449012957933075885429130662795771192381797437636770613318571579182883889784392846313437279374297542989417873713218835160646370781754662950575961690502595446771782415561116082783315244689309384565004583780852816008156205207069428056547459851177752993096801288640773760327555474499565233545754719605859423199397716416228579666811147742996050374347400121492027105736929628809824447558598720180928132753261576781606826484027141245316826388782812822699616440549,2323331433824543260579905916581566166401853174865211269808117656854697268094483741880823390559125834890059948518290385575803717332978007741602722984066990157425220616744696237886855806389884802958261773860168696428384714435851280992120507204719193428192424937427271632119837516580870734404254685903716570966944539918011884644561465596272083669241519934572535679794078404480192719879191324160148978857936681990939647676440444046889756196951713753731314285856324330133499931903005989657267103915616153959117410766337217219313464278150918303047958738387655640366298565972220393324529303730450,58.0,31.974238711232374,-13.012880644383955,2.8421709430404007e-13
423,179775,1024006642174495677306579788937082152876705796795244875003076999915923868538087595339639679300826772865497723477960302167037599545738078139141739069407468365488427397944171436111606285496894033158003786936265878421806345138510030688703819663504402592812448134296303233629899336167067137271233158166518372458635277535735980410304562618811696698854321117111004406600615544396759287535654795783297155862458319218685209834352194110619545954781883253172170976436725137993328628706123044625060127940369736293710969385143118878591529883187823353041272007302983553802635849972730615108477305061,31030504308318050827472114816275216753839569599855905303123545451997692986002654404231505433358387056530234044786675823243563622598123579973992093012347526226922042361944588973078978348390728277515266270795935709751707428439697899657691504954678866448862064675645552534239373823244458705188883580803587044201069016234423648797107958145808990874373367185181951715170168012023008713201660478281731995832070279354097267707642245776349877417632825853702150801112882969494806930488577109850306907283931402839726345004336935714894844945085556152765818403120713751595025756749412579044766820,33.0,39.814799186924574,3.407399593463481,2.3874235921539366e-12
424,180624,2119530430857478062283422941442832292156076580578789228596879265902530841068651834698295022966220059899703812683352632455119180724822042150234063073183920845370376702995161480177482490039894907961923021767171442355719388608145028273513445169217509794140457837652949559126869313372022424368793748543741433162826597819940666693284144052739444750887000642066172900864773281280175814626630681689960471940573815149629152266226370007688900390201563424456637594114541494156877130858882657231191042168632280804808865962272549042180704253751714943131471129757159531562237288255358955313605680597521,40760200593413039659296595027746774849155318857284408242247678190433285405166381436505673518581154998071227166987550624136907321631193118273731982176613862410968782749906951541874663269997978999267750418599450814533065165541250543721412407100336726810393419954864414598593640641769662007092187471995027560823588419614243590255464308706527783670903858501272555785861024640003381050512128494037701383472573368262099082042814807840171161350030065854935338348356567195324560208824666485215212349396774630861708960812933635426552004879840671983297521726099221760812255543372287602184724626850,52.0,29.371790766391314,-11.314104616804713,7.389644451905042e-13
425,181475,7567422384457083763031693556865672656280321769560973850232154653755299673222032759268967614964009862213338118031002970161189250741699796644077440576675339369899290008825582031974330340812767643921195492001692325509595927019629886660049652038228230023255326939048827601761756482577693249202429548372105402578047930018667281413714487942143358236958093501179116214186426803164056287606508884407342388280136621341917709574691732038440920184357010512153423673932027818149114063912648080597955709896578330038268137924641221800049569363120133901356208462176935514335943900595232138257038303583507,132761796218545329175994623804660923794391609992297786846178151820268415319684785250332765174807190565146282772473736318617355276170171870948727027660970866138584035242554070736391760365136274454757815649152496938764840824905787485264028983126811053039567139281558378978276429518906899108814553480212375483825402281029250551117798034072690495385229710547002038845375908827439583993096647094865655934739238970910837010082311088393700354111526500213217959191789961721914281823028913694700977366606637369092423472362126698246483673037195331602740499336437465163788489484126879618544531641740,57.0,12.993570489860303,-22.0032147550682,3.296918293926865e-12
426,182328,10584065420756252631530682508871579202497331129941518006903647103449176443541537046345973223658239914499161987694433978734216934516899813045079071371860732939381560587392505083706787562442808546809859192029657394840419254652211391186326755043720770061765491381613126324101482019979522234508271346894708823293858459626498585603002232160795047826544701924163773652395246064854211279449649365618456459241711551292058394970450911769164444897224473766998209524456588615052610800891471730660883473393362479147090426824425100665761337267131961158329589808210431250557582356095670680700633494780511,258147937091615917842211768509062907377983686096134585534235295206077474232720415764535932284347314987784438724254487286200413036997556415733635887118554461936135624082744026431872867376653866995362419317796521825376079381761253443568945244968799269799158326380807959124426390731207859378250520655968507885216059990890209404951273955141342629915724437174726186643786489386688079986576813795572108761992964665659960852937827116321084021883523750414590476206258258903722214655889554406363011546179572662124156751815246357701496030905657589227550970931961737818477618441357821480503255970050,41.0,27.201245629230925,-6.899377185384793,5.115907697472721e-13
427,183183,1517000276732772626445388543862390006334745760687163339802757802233516332095671480076017701618072016147290584264291516049834947622950910358662724846439175306670597779178139662877551080546828859348665565715440570167339010294183777655103398042949986894277242324621307863456698541054286063220605986107824574750050302585004462625323346977383455543960301094051396759968187632289405182973360837959523469248357317186695427237103056451319762718948837929215434425611202085583370833025148700748445739825936255874267830709380304152914709002207542981886060827008060985006038775585343018631387765001,30340005534655452528907770877247800126694915213743266796055156044670326641913429601520354032361440322945811685285830320996698952459018207173254496928783506133411955583562793257551021610936577186973311314308811403346780205883675553102067960858999737885544846492426157269133970821085721264412119722156491495001006051700089252506466939547669110879206021881027935199363752645788103659467216759190469384967146343733908544742061129026395254378976758584308688512224041711667416660502974014968914796518725117485356614187606083058294180044150859637721216540161219700120775511706860372627755300,50.0,28.44753148430891,-10.77623425784489,1.3073986337985843e-12
428,184040,5111329154413995173275793016479445566084076984703464793577858845080333989807864232137811459230076836758131886740238848266768178132551617031525990564947378346335485356838331723351082774057746566508175902492371132142446371758872818182665115850382225542023334862339997590663642536477915615689360308988176456127277987819626146218035224311798584072331343856059578495546972489856423983734220913152327753487460700380067224888168976903157463633293770258208891428883913526293699850186613177245987628614355538710058303685941877882489621411932020266705509224452842408805856845138884865313964468222391,464666286764908652115981183316313233280370634973042253961623531370939453618896748376164678111825166978011989703658077115160743466595601548320544596813398031485044123348939247577371161277976960591652354772033739285676942887170256198424101440943838685638484987485454326423967503316174146880850937180743314193388907983602376928912293119254416733848303986914507135958815680896038543975838264832029795771587336398187929535288088809377951239390342750746262857171264866026699986380601197931453420783123230791823482153267443443862692855630183660609591747677531128073259713194444078664905860746090,11.0,24.14148507949949,6.5707425397512225,2.9558577807620168e-12
429,184899,1170149299332431760553969235246318895191061785376585882552564924127271351344489419229827947901851339657547191396771788252734181482235209137044937287366905140984749744016467508379176935980803224859361256036347870273676511929413891207313274844985743353408423539374098026753884420337885033696426434602728063947088662764045270533649693072914673215432646655538925046484048554258470269392692684039359848329356173251543514317018606923641277359331006675261301579378657431444724216521282291441585043523352381747226094568792353170140248943918870966027680049553087706052026474929347969440709797901,30003828188011070783435108596059458851052866291707330321860639080186444906268959467431485843637213837373004907609533032121389268775261772744741981727356542076532044718370961753312229127712903201522083488111483853171192613574715159161878842179121624446369834342925590429586780008663718812728882938531488819156119558052442834196145976228581364498272991167664744781642270622012058189556222667675893546906568544911372161974836074965160957931564273724648758445606600806274979910802110036963719064701343121723746014584419312054878178049201819641735385885976607847487858331521742806172046100,39.0,29.838964193919765,-4.580517903040146,5.684341886080802e-14
430,185760,387893259355539233128347484949083158841894192169109953220388230130495915818766951062103693280275295107824816422497592146477214734845104997634821791470761857657842008831709382810365703243671770865695794775344417306479179190471542450363662668225127009137629540699345421146315902081183067453352737645261868908627483708137860404280473290329892605151733887490438115165003779082289929473184193335669899507521696087872798045254296187113168054458001397271008613833329689741674682010390777185442398393411802497508846592979950219624671362177639991518955417697804190904281530310651321045641571291,29837943027349171779103652688391012218607245551469996401568325394653531986058996235546437944636561162140370494038276318959785748834238845971909368574673989050603231448593029446951207941820905451207368828872647485113783014651657111566435589863471308395202272361488109318947377083167928265642518280404759146817498746779835415713882560794607123473210299037726008858846444544791533036398784102743838423655515083682522926558022783624089850342923184405462201064102283826282667846953136706572492184108600192116065122536919247663436258629049230116842724438292630069560117716203947772741659330,13.0,40.88993945382117,13.944969726912007,2.8421709430404007e-12
431,186623,171926526103016201282913037827035896313737134940025633965800706607247597838991796899180930901375311781864436190353488532609475082640372572878601500820957271649466325639107521603627329672851475418911371265652483535700468868252994793416917533149220313686239445369618100776867976226984434345914846756875026251553895953932879463697548454124134191523872475158367640304761801931534261271060157987851024435487314467329533928056592859469841958574426817776117257153368000429878994960822443234637765689755595392974688396708954074229196356583167954425548946640686517387106093881944309106015168476209893,4646662867649086521159811833163132332803706349730422539616235313709394536188967483761646781118251669780119897036580771151607434665956015483205445968133980314850441233489392475773711612779769605916523547720337392856769428871702561984241014409438386856384849874854543264239675033161741468808509371807433141933889079836023769289122931192544167338483039869145071359588156808960385439758382648320297957715873363981879295352880888093779512393903427507462628571712648660266999863806011979314534207831232307918234821532674434438626928556301836606095917476775311280732597131944440786649058607460900,37.0,54.318074826589054,8.659037413293873,1.3073986337985843e-12
432,187488,147552454230622976322568933720837694267795423215410539306235164733115959055397867487255229366505724376662979875159749620584772912965870755477824117165656248486912104608511237148119232200960561099357401583925154417583400934588987602542932541040734254734114807594867941426909875432234039198024532631159837605389661999899140383121941444465958139265170390489688404513843590321240757527670319968508997882478926570319681926382936659102094285266656108532517514883735620300873879504566677441429911717131943372779878492444792720554907612071213803239464411994795795727514547750652262401689930251,29510490846124595264513786744167538853559084643082107861247032946623191811079573497451045873301144875332595975031949924116954582593174151095564823433131249697382420921702247429623846440192112219871480316785030883516680186917797520508586508208146850946822961518973588285381975086446807839604906526231967521077932399979828076624388288893191627853034078097937680902768718064248151505534063993701799576495785314063936385276587331820418857053331221706503502976747124060174775900913335488285982343426388674555975698488958544110981522414242760647892882398959159145502909550130452480337986050,5.0,60.61192362216707,27.805961811084984,2.8990143619012088e-12
433,188355,1858665147059634608463924733265252933121482539892169015846494125483757814475586993504658712447300667912047958814632308460642973866382406193282178387253592125940176493395756990309484645111907842366609419088134957142707771548681024793696405763775354742553939949941817305695870013264696587523403748722973256773555631934409507715649172477017666935393215947658028543835262723584154175903353059328119183086349345592751718141152355237511804957561371002985051428685059464106799945522404791725813683132492923167293928613069773775450771422520734642438366990710124512293038852777776314659623442986471,61955504901987820282130824442175097770716084663072300528216470849458593815852899783488623748243355597068265293821076948688099128879413539776072612908453070864672549779858566343649488170396928078886980636271165238090259051622700826456546858792511824751797998331393910189862333775489886250780124957432441892451854397813650257188305749233922231179773864921934284794508757452805139196778435310937306102878311519758390604705078507917060165252045700099501714289501982136893331517413493057527122771083097438909797620435659125848359047417357821414612233023670817076434628425925877155320781432812,30.0,44.325842656020995,7.162921328010469,5.684341886080802e-14
434,189224,934037788891357517727514722044927790304399683350964994080929746339061931718827088209183116171363577980098726743285454708415128141202510744516591523426054814096097337033183155299563875579184060890038277366300215908995450355506375764763197489239722473235895800063729691167189724871387910360141085077564861375959210490048372534466963567480014038415124161794051807899927245290226604471702732177403260467781120189329606965665718676589220677945837658698217987454330924083470455179167451901862473777902646163696585857793521753558938865796818795903547616473045221449571643543237214799363515201,29188680902854922428984835063903993447012490104717656065029054573095685366213346506536972380355111811878085210727670459637972754412578460766143485107064212940503041782286973603111371111849501902813696167696881747156107823609574242648849921538741327288621743751991552848974678902230872198754408908673901917998725327814011641702092611483750438700472630056064118996872726415319581389740710380543851889618160005916550217677053708643413146185807426834319312107947841377608451724348982871933202305559457692615518308056047554798716839556150587371985863014782663170299113860726162962480109850,32.0,56.16834464059184,12.084172320295892,5.684341886080802e-14
435,190095,1961924321896280975600809440668878096072676014330622850060188243566188804168675159810473085361039593907161734304334103375123139081181428759575632742101013910714630743028854600882233792062569389164754386815253565872858203301385526171123983861762874450473603280494140489345640569557179731274703956985360659927642055930765591477629682059074203987359505722527919018492777319338829407897983784846348026591146531459015702482327486084040238566314780503150887619167562767668288831384760613488358887750964752232143591313795872318531369834882997678129387379082909207420429900154319443251824745375937,103259174836646367136884707403625162951193474438453834213694118082430989693088166305814372913738925995113775489701794914480165214799022566293454354847421784774454249633097610572749146950661546798144967727118608730150431752704501377427578097987519707919663330552323183649770556292483143751300208262387403154086423996356083761980509582056537051966289774869890474657514595754675231994630725518228843504797185866263984341175130846528433608753409500165836190482503303561488885862355821762545204618471829064849662700726098543080598412362263035691020388372784695127391047376543128592201302388020,19.0,68.02193115990394,24.510965579953364,2.7853275241795927e-12
436,190968,12132953043305948138583953119925956646765233246518325520109058874685641288937859540933188817364323804425868620039960902451419412738885151539480886694572059710998374331888969242298024766702731748782033707936436525792675730942778911847740426513533565680560441339897974078848040364366769390777774470830519870605154819571839842032709875891643103606039048547212130772257965001174339759369110248391889111813669339286018160088077874467090949028525616269485752381694138168474944088826809057099061542670439915119835367335316578811970313452565906693694895633802201677468448066743817609583653030601291,258147937091615917842211768509062907377983686096134585534235295206077474232720415764535932284347314987784438724254487286200413036997556415733635887118554461936135624082744026431872867376653866995362419317796521825376079381761253443568945244968799269799158326380807959124426390731207859378250520655968507885216059990890209404951273955141342629915724437174726186643786489386688079986576813795572108761992964665659960852937827116321084021883523750414590476206258258903722214655889554406363011546179572662124156751815246357701496030905657589227550970931961737818477618441357821480503255970050,47.0,41.97173721924173,-2.5141313903796174,9.663381206337363e-13
437,191843,2977473293833395246568423116395793533641209894002018326356034278687573197946328678915229976250530196169785565091401270835010589203428126426131644989289734959030379819517474790301601615955968873694083049995555999306279439859537563989902009233232364393411651376120386946017655846491989679042345811061073663763462905525995813330894305424348689750872627488966744754687556790207625621592750046496501603973278077891301296051360569069800464252404138014490616366340143801724485349623269811987953958416129440025276681758801093912129876550640011805847869451137578102217003987459544581736289981481371,45113231724748412826794289642360508085472877181848762520545973919508684817368616347200454185614093881360387349869716224772887715203456461001994621049844469076217876053295072580327297211454073843849743181750848474337567270599053999847000139897460066566843202668490711303297815855939237561247663803955661572173680386757512323195368264005283178043524658923738556889205405912236751842314394643886387938989061786231837818960008622269704003824305121431676005550608239420067959842776815333150817551759536970079949723618198392608028432585454724331028325017236031851772787688780978511155908810300,66.0,43.614913257862554,-11.19254337106824,9.663381206337363e-13
438,192720,1285265406873249083853903328368928360539472528968400112377715834513017113089332698809232928577794118508238953633573881011877402175720823017667005154379673699479192670151961776444876898242606381868852170676840510655569637342348117827099672066044178551461787721239501179487278729438062364597596175126525855227887446017708953334627401214976258714313951651063545461807530004322437425712257785816051435842487561492314022317780072310652640344985274066235283580595421904923566254049238054392734890604250131270026227604464623208176358627042735553963466017916829600055116300556271654061144737451,28561453486072201863420073963753963567543833977075558052838129655844824735318504417982953968395424855738643414079419578041720048349351622614822336763992748877315392670043595032108375516502364041530048237263122459012658607607735951713326045912092856699150838249766692877495082876401385879946581669478352338397498800393532296325053360332805749206976703356967676929056222318276387238050173018134476352055279144273644940395112718014503118777450534805228524013231597887190361201094178986505219791205558472667249502321436071292807969489838567865854800398151768890113695567917147868025438610,45.0,56.06923530151926,5.534617650761106,2.9558577807620168e-12
439,193599,442539320728484430586648746015536412647972033307659289487260506067561384398949284167775883916023968550487609241579121062057850920567239569829090092203236220461946784141846902454639201217120914849192718830508323129216136083019291617546763277089370176798557130938527929927588098396356330362715178267374584946084674270097501837059326780242301651284099035156673462817919696091465279976988823649552186449130796569702790033607703627979001180371755000710726530639299872406380939410096378982336591222022124563641411574540422327488278910123984438675801664454791550545961631613756265395148438813589,221269660364242215293324373007768206323986016653829644743630253033780692199474642083887941958011984275243804620789560531028925460283619784914545046101618110230973392070923451227319600608560457424596359415254161564608068041509645808773381638544685088399278565469263964963794049198178165181357589133687292473042337135048750918529663390121150825642049517578336731408959848045732639988494411824776093224565398284851395016803851813989500590185877500355363265319649936203190469705048189491168295611011062281820705787270211163744139455061992219337900832227395775272980815806878132697574219402900,2.0,39.338034170048104,18.669017085022517,3.069544618483633e-12
440,194480,141278895337460824602000967867532147546479366060517559732935096190617042754301230883601300733300446025543323108439670755597672078624384782098067679177074500299496540999981528603639757153535105074993114859237987012975659132614854423357890374260820518588776219971253975805402098910360032496458174880128706048461206440742589519280113444589363555441868041019917037384863387320169821822997344126491272657825277104952243701820641170379431814956017862799106979985182385535633927145211674652311772813354585220986160581717070065023622029683850307269562708323968114342736306839295858517757938811,28255779067492164920400193573506429509295873212103511946587019238123408550860246176720260146660089205108664621687934151119534415724876956419613535835414900059899308199996305720727951430707021014998622971847597402595131826522970884671578074852164103717755243994250795161080419782072006499291634976025741209692241288148517903856022688917872711088373608203983407476972677464033964364599468825298254531565055420990448740364128234075886362991203572559821395997036477107126785429042334930462354562670917044197232116343414013004724405936770061453912541664793622868547261367859171703551587762,5.0,59.93142034577886,27.465710172889004,8.526512829121202e-13
441,195363,-5974280829834539812919758071209741570747622449653400408078016831912078689385815336264974432866323575431582724761318134337780987427657734192692716244743688976236281585914933183137629216431132350464101704211862362244417837120760436836881304240706497386780521267670127054022439328350810459896654906609556896772143102646316274800300911533271072292335336974615091748041915897234781279689349119268954517063265753690987665453703998977716515935018692509594808163630548277486142682036301116261543981497298681609159056256295701421091765286673789922123322470139685932370482026785709582834503923870427,221269660364242215293324373007768206323986016653829644743630253033780692199474642083887941958011984275243804620789560531028925460283619784914545046101618110230973392070923451227319600608560457424596359415254161564608068041509645808773381638544685088399278565469263964963794049198178165181357589133687292473042337135048750918529663390121150825642049517578336731408959848045732639988494411824776093224565398284851395016803851813989500590185877500355363265319649936203190469705048189491168295611011062281820705787270211163744139455061992219337900832227395775272980815806878132697574219402900,-27.0,71.2552604090256,49.127630204511945,1.7053025658242404e-12
442,196248,-1251024618213215601850718570466997166524074786465882991435140276767913913589337399474289517993375449556186126125233284540817386256218927245478389299112994700152041870554836435785230049594553355439064032078552374999899461619304535918834119264079565692103613427845453955756835585851238087756137138563539692059123983032775630193225404551838814283437741503231365366042965294720103772242641482240080219385042828764352117979621777563709868721435538175086092307768790023918038424870849379046220748262254852131832451951104655425784173072850494470871977782208737652504929997061964827174746548160419,59572600867295981040510408117476055548765466022184904354054298893710186361397019022585215142541688074104101244058727835277018393153282249784685204719666414292954374788325544561201430933073969306622096765645351190471402934252596948515910441146645985338267306087878759797944551707201813702673197074454271050434475382513125247296447835801848299211321023963398350763950728320004941535363880106670486637382991845921529427601037026843327081973120865480290109893751905900858972612897589478391464202964516768182497711957364544084960622516690212898665608676606554881187142717236420341654597531550,-21.0,44.16200006057397,32.58100003028801,2.0463630789890885e-12
443,197135,-391297925696765180729247312266369038551891061029930319125577710628159539889597261790454465778379087981483780803080485991714310287659453935427827028895493079145300314399106734801996767391980598392970404018554727819517425589196005219725559108163232577379776831566698380146498950160988755268084999731152264583906448828296738466452457363582666723240677041612216535544265836544032458084916433542761933281336704335316151187611022155265643148960288632207379248144223045075115778004716798258066038554209036456272406023804162900094899246846470451039656208570552528903797653216373960980973356416001,48912240712095647591155914033296129818986382628741289890697213828519942486199657723806808222297385997685472600385060748964288785957431741928478378611936634893162539299888341850249595923997574799121300502319340977439678198649500652465694888520404072172472103945837297518312368770123594408510624966394033072988306103537092308306557170447833340405084630201527066943033229568004057260614554192845241660167088041914518898451377769408205393620036079025922406018027880634389472250589599782258254819276129557034050752975520362511862405855808806379957026071319066112974706652046745122621669552220,-8.0,15.853345989842182,11.926672994920722,7.389644451905042e-13
444,198024,-3485121619366077965082897549784841565372971654142607712130466859098442275080121331440215093520600202342316434078652673102030648522628534060049086229180098811095370045475811350092787023407091743428229383268226909889358834469293681976822790192442805956787094088072624327620028418743404080323536440871320260745443432856762711349390390908369138687386829431481356425277734668672741677735848980846682278368275318533499953655862661165376254875958854875413950498445145250387763746559743261030937475068962408167539242551025505311302742943760083171828074824539502728504037278861147059524634121091,248937258526148426077349824984631540383783689581614836580747632792745876791437237960015363822900014453022602434189476650145046323044895290003506159227149915078240717533986525006627644529077981673444955947730493563525631033520977284058770728031628996913363863433758880544287744195957434308824031490808590053245959489768765096385027922026367049099059245105811173234123904905195834123989212917620162740591094180964282403990190083241161062568489633958139321317510375027697410468553090073638391076354457726252803039358964665093053067411434512273433916038535909178859805632939075680331008650,-14.0,37.549537017237526,25.774768508616916,3.694822225952521e-12
445,198915,-26000511649515272300654422727531515851019939606804922284023698797734421865166085041032396057416276329704907497406926777027379730345077624606265485033523470986373372209772779640620288800526288762122833600353606514786079937731349267697591607406929422857469183952023823221165247987315899505723074022903302952467804603399013896901567160949487746897986633960044364122395761520961389351166010022575608076747492844023305409648414241931619973427117500041757314150270616004691446080449307638050950803212331059494519385074916899336841326853807239202774917935593268557256738548050428062784500601273,742871761414722065732983506500900452886283988765854922400677108506697767576173858315211315926179323705854499925912193629353706581287932131607585286672099171039239205993507989732008251443608250346366674295817328993887998220895693362788331640197983510213405255772109234890435656780454271592087829225808655784794417239971825625759061741413935625656760970286981832068450329170325410033314572073588802192785509829237297418526121198046284955060500001193066118579160457276898459441408789658598594377495173128414839573569054266766895052965921120079283369588379101635906815658583658936700017180,-35.0,35.251047950307566,35.12552397515279,1.9895196601282805e-12
446,199808,-437904827965845894865983751314128552137846491274998884624979473308381018618569424425934741237922620813544265762261849818149106213144790536649549031618605973904787780135413773353316600528197491398557980206654562344404521563142698063046191088073921177668234977427421057073559592706875234134788664897212420165994565122550508950664791074701708568929594163591991552223553752213868504966097623797693266050100565583939431054942891361074298191181748165954376050768664836223020637661512043191889098265380184280011292066833105296434348719509178961335006182358167610006723804680883580831349984799,27369051747865368429123984457133034508615405704687430289061217081773813663660589026620921327370163800846516610141365613634319138321549408540596814476162873369049236258463360834582287533012343212409873762915910146525282597696418628940386943004620073604264686089213816067097474544179702133424291556075776260374660320159406809416549442168856785558099635224499472013972109513366781560381101487355829128131285348996214440933930710067143636948859260372148503173041552263938789853844502699493068641586261517500705754177069081027146794969323685083437886397385475625420237792555223801959374050,-16.0,26.97136172301498,21.485680861506893,1.1937117960769683e-12
447,200703,-26331089583344823619905600387924416552554335981805727724492000111019902371737482407982665093003426128754012749873957703192442129773750754404830860486092555117485833656439890696051032472418694433526966770415245226188360096939647851244032414986817525519514149290842411830691491854583201656581553106908787804292038119070801359305029943424416948251403892591822071037666221917442184158630835007148355093723282395897316006999658365864750570232119422542288228573038342408179665894900734549449027177710316411536663988685155128485552595152377074101210199035060097257484717081018497791011332108888209,1548887622549695507053270611054377444267902116576807513205411771236464845396322494587215593706083889926706632345526923717202478221985338494401815322711326771616813744496464158591237204259923201972174515906779130952256476290567520661413671469812795618794949958284847754746558344387247156269503123935811047311296359945341256429707643730848055779494346623048357119862718936320128479919460882773432652571957787993959765117626962697926504131301142502487542857237549553422333287935337326438178069277077435972744940510891478146208976185433945535365305825591770426910865710648146928883019535820300,-17.0,33.52578385496281,25.262891927482343,1.8758328224066645e-12
448,201600,-54166379526130285261523714322587076211502084860178615604315851415858186584938712872432788729011501658566414839850565613470973184891950987739178713855965265662416987043065716334717160491691666444209635107773356564163541748227575473383936753621709935960655707581215168901785568959162341537664036507634588120695798564271420053495633632832595061356682868440229310014433255335552665847856649161511895526209399824933022035937295425701224134684425336684299452954626667369202073367208859116565066245045547682208251110714861973988773428411748401306707670067905942539285389426408355617521228739,27083189763065142630761857161293538105751042430089307802157925707929093292469356436216394364505750829283207419925282806735486592445975493869589356927982632831208493521532858167358580245845833222104817553886678282081770874113787736691968376810854967980327853790607584450892784479581170768832018253817294060347899282135710026747816816416297530678341434220114655007216627667776332923928324580755947763104699912466511017968647712850612067342212668342149726477313333684601036683604429558282533122522773841104125555357430986994386714205874200653353835033952971269642694713204177808760614370,-2.0,23.624885227900904,12.812442613949855,1.1937117960769683e-12
449,202499,-1267271691177023596679948681771763363491919913562842510804427812829834873506082041025903667577705000849123608282703846677711118545260731495419667082218358267686483972769834311574648621667209892522688240287364743506391662419555244177520276657119560051741322693142148162974456827225929491493229828674754493254697021773461027987942617597966591092313556327948655825342224584261923301752286176814626715740692735631421626005331151298303503380155480229307989610467085998254636326492548721631236602135790629432245860418002118483261889606264137256207977493665993985654344672348483850904288711110021,422423897059007865559982893923921121163973304520947503601475937609944957835360680341967889192568333616374536094234615559237039515086910498473222360739452755895494657589944770524882873889069964174229413429121581168797220806518414725840092219039853350580440897714049387658152275741976497164409942891584831084899007257820342662647539199322197030771185442649551941780741528087307767250762058938208905246897578543807208668443717099434501126718493409769329870155695332751545442164182907210412200711930209810748620139334039494420629868754712418735992497888664661884781557449494616968096237041900,-3.0,44.70279752321812,23.85139876161034,2.5579538487363607e-12
450,203400,774443811274847753526635305527188722133951058288403756602705885618232422698161247293607796853041944963353316172763461858601239110992669247200907661355663385808406872248232079295618602129961600986087257953389565476128238145283760330706835734906397809397474979142423877373279172193623578134751561967905523655648179972670628214853821865424027889747173311524178559931359468160064239959730441386716326285978893996979882558813481348963252065650571251243771428618774776711166643967668663219089034638538717986372470255445739073104488092716972767682652912795885213455432855324073464441509767915929,154888762254969550705327061105437744426790211657680751320541177123646484539632249458721559370608388992670663234552692371720247822198533849440181532271132677161681374449646415859123720425992320197217451590677913095225647629056752066141367146981279561879494995828484775474655834438724715626950312393581104731129635994534125642970764373084805577949434662304835711986271893632012847991946088277343265257195778799395976511762696269792650413130114250248754285723754955342233328793533732643817806927707743597274494051089147814620897618543394553536530582559177042691086571064814692888301953582030,5.0,12.656517421050921,3.828258710526171,1.4210854715202004e-12
451,204303,6195550490198782028213082444217509777071608466307230052821647084945859381585289978348862374824335559706826529382107694868809912887941353977607261290845307086467254977985856634364948817039692807888698063627116523809025905162270082645654685879251182475179799833139391018986233377548988625078012495743244189245185439781365025718830574923392223117977386492193428479450875745280513919677843531093730610287831151975839060470507850791706016525204570009950171428950198213689333151741349305752712277108309743890979762043565912584835904741735782141461223302367081707643462842592587715532078143286481,140807965686335955186660964641307040387991101506982501200491979203314985945120226780655963064189444538791512031411538519745679838362303499491074120246484251965164885863314923508294291296356654724743137809707193722932406935506138241946697406346617783526813632571349795886050758580658832388136647630528277028299669085940114220882513066440732343590395147549850647260247176029102589083587352979402968415632526181269069556147905699811500375572831136589776623385231777583848480721394302403470733570643403270249540046444679831473543289584904139578664165962888220628260519149831538989365412347300,44.0,-13.870306528007404,-28.935153264003787,1.7053025658242404e-13
452,205208,67376611580911754556817271580865418825653742071091126824435412048786220774740028514543878326214649211811738507030421181698307802656362224506478966537942714565331397885596190898718818385306659285789591441944892196423156718639687148771494708936856609417580323185390877331475287980845251297723385891207780558041391657622344654692282502291890426408004078102603534714028273729925588876496548400644320386880163777737249782616772877359802929711599698858208114289833405573871498025187173700060746013552868464814404912223779299360090464066376630788390803413242013570622658413194391406411349808270639,2323331433824543260579905916581566166401853174865211269808117656854697268094483741880823390559125834890059948518290385575803717332978007741602722984066990157425220616744696237886855806389884802958261773860168696428384714435851280992120507204719193428192424937427271632119837516580870734404254685903716570966944539918011884644561465596272083669241519934572535679794078404480192719879191324160148978857936681990939647676440444046889756196951713753731314285856324330133499931903005989657267103915616153959117410766337217219313464278150918303047958738387655640366298565972220393324529303730450,29.0,9.92904361649289,-9.535478191752077,2.9558577807620168e-12
453,206115,105554995999638504612200058679913276719850216650604481690461659169364671293726722520638254959099336565411475072529307349328050309020212181235322621873163081803684385006999857472782158906886324352818776107455771766062286483725531691722543417314101413666918814773650072731684698484521486073396583963595607619817453612426357027324824515263518581105330717986087886181972497576974425754797572724997539999792676581920760890544473137263923954769649374051455344219272480001521989125842904945101154733934913431995566267034090000593507193828022525623327767311816708538094605036077821203374702161,26388748999909626153050014669978319179962554162651120422615414792341167823431680630159563739774834141352868768132326837332012577255053045308830655468290770450921096251749964368195539726721581088204694026863942941515571620931382922930635854328525353416729703693412518182921174621130371518349145990898901904954363403106589256831206128815879645276332679496521971545493124394243606438699393181249384999948169145480190222636118284315980988692412343512863836054818120000380497281460726236275288683483728357998891566758522500148376798457005631405831941827954177134523651259019455300843675540,4.0,13.292284164169814,4.6461420820854755,1.1368683772161603e-12
454,207024,-4904810804740702439002023601672195240181690035826557125150470608915472010421687899526182713402598984767904335760835258437807847702953571898939081855252534776786576857572136502205584480156423472911885967038133914682145508253463815427809959654407186126184008201235351223364101423892949328186759892463401649819105139826913978694074205147685509968398764306319797546231943298347073519744959462115870066477866328647539256205818715210100596415786951257877219047918906919170722078461901533720897219377411880580358978284489680796328424587207494195323468447707273018551074750385798608129561863421117,258147937091615917842211768509062907377983686096134585534235295206077474232720415764535932284347314987784438724254487286200413036997556415733635887118554461936135624082744026431872867376653866995362419317796521825376079381761253443568945244968799269799158326380807959124426390731207859378250520655968507885216059990890209404951273955141342629915724437174726186643786489386688079986576813795572108761992964665659960852937827116321084021883523750414590476206258258903722214655889554406363011546179572662124156751815246357701496030905657589227550970931961737818477618441357821480503255970050,-19.0,22.102590590102864,20.55129529505183,7.958078640513122e-13
455,207935,-1854433903505158050658197578227606844265552687281751498343232102939023704052256492774665812986683165478140089877166098489441712494212512854093963990542776214015240311277068467889792442637158269975960045463275090035865374497011786632647266929373123109543432399958812690823849399142708997978719908930765032333583230759999368311895270592004923307564688067841263969707198411715170266281696231307389646147252796957440375312973458051535062982868066400774832796108024253837480623536307863923621757432435816093952796879345070937536954708959446890378629835311245332801295052798152361384352104379,26118787373312085220537994059543758369937361792700725328777916942803150761299387222178391732206805147579437885593888711118897359073415674001323436486517974845285074806719274195630879473762792534872676696665846338533315133760729389192215027174269339571034259154349474518645766185108577436319998717334718765261735644507033356505567191436689060669925184054102309432495752277678454454671777905737882340102152069823103877647513493683592436378423470433448349240958088082218036951215603717234109259611772057661306998300634801937140207168442913948994786412834441307060493701382427625131719780,-71.0,67.45857070433976,69.22928535217264,5.5138116294983774e-12
456,208848,-65827723958362059049764000969811041381385839954514319311230000277549755929343706019956662732508565321885031874684894257981105324434376886012077151215231387793714584141099726740127581181046736083817416926038113065470900242349119628110081037467043813798785373227106029576728729636458004141453882767271969510730095297677003398262574858561042370628509731479555177594165554793605460396577087517870887734308205989743290017499145914661876425580298556355720571432595856020449164737251836373622567944275791028841659971712887821213881487880942685253025497587650243143711792702546244477528330272332947,774443811274847753526635305527188722133951058288403756602705885618232422698161247293607796853041944963353316172763461858601239110992669247200907661355663385808406872248232079295618602129961600986087257953389565476128238145283760330706835734906397809397474979142423877373279172193623578134751561967905523655648179972670628214853821865424027889747173311524178559931359468160064239959730441386716326285978893996979882558813481348963252065650571251243771428618774776711166643967668663219089034638538717986372470255445739073104488092716972767682652912795885213455432855324073464441509767910150,-85.0,65.591409953729,75.29570497686373,1.5347723092418164e-12
457,209763,-1964838832831647920015499097663745985951837907226341923913994001334835476792584159647283222140548073549593631524428672572772751996643116048380730826159817640214281927888555958887917536408241614225856073324017525201907699722640776656497788915320600007150877081498363061219783248041775030903878042748771337411469068382199186938254759953004493986773219331202536113728140728085489550731568945448763692735370664611522794627691895729372140574834117777854705432225363723858679205539644419377101588440484804692437373417698792193618570714776582942827915453672523450538729014859694656993031074799,25853142537258525263361830232417710341471551410872920051499921070195203642007686311148463449217737809863074099005640428589115157850567316426062247712629179476503709577480999459051546531687389660866527280579177963182996048982115482322339327833165789567774698440767935016049779579497039880314184773010149176466698268186831407082299473065848605089121306989507054128001851685335388825415380861167943325465403481730563087206472312228580797037291023392825071476649522682351042178153216044435547216322168482795228597601299897284454877826007670300367308600954255928141171248153877065697777300,-76.0,61.18104545129654,68.59052272564705,2.4442670110147446e-12
458,210680,-7062927558826611512162913986407961145861633651590242260216677676838279695007230575317703107299742538065782243495602772150443300692253143534472277871563650078572670674903876563176041651425249800993115792534912837142289531884987894216046341902346348021704971809778905761644306050405847032588934245147298375739511401350756129319466855412667134354494220601100508466573998349619785868432741625446852895728127513252456528936378949902544858838733209811343195429003225963605839792985138208558091995903473108035716928729665140346712931405578791641265794564698473146713547640555549995706569083336955,92933257352981730423196236663262646656074126994608450792324706274187890723779349675232935622365033395602397940731615423032148693319120309664108919362679606297008824669787849515474232255595392118330470954406747857135388577434051239684820288188767737127696997497090865284793500663234829376170187436148662838677781596720475385782458623850883346769660797382901427191763136179207708795167652966405959154317467279637585907057617761875590247878068550149252571434252973205339997276120239586290684156624646158364696430653488688772538571126036732121918349535506225614651942638888815732981172149218,-76.0,80.98107348617532,78.49053674308655,2.2168933355715126e-12
459,211599,-4059153769440581328829260911728713302219329684821978310469354986688666491383465847883737417988357780497576002008967110431289253271409852606018550500898649470444063606266595725963242328405315977582250455479834963874879041313211433457497897645026636794083317132056842391749601178394164961258008186866263434333052529511928809953716583570498353077295529081092246245157470315873440154271690589337271779154096271984170418928953419484221183240651270006519077832760474691727494133899504717562121836726133970135469499269922494452133868623895857265095284232585329394662958414112385055003775335251113,53409918018955017484595538312219911871306969537131293558807302456429822255045603261628123920899444480231263184328514610938016490413287534289717769748666440400579784292981522710042662215859420757661190203682038998353671596226466229703919705855613642027412067527063715680915804978870591595500107721924518872803322756735905394127849783822346751017046435277529555857335135735176844135153823543911470778343371999791716038538860782687120832113832500085777339904743088049045975446046114704764761009554394343887756569341085453317550902945998121909148476744543807824512610712005066513207570200700,-76.0,51.02756660007799,63.513783300039364,7.389644451905042e-13
460,212520,-1782379312485265255527353982801354941620140525404841787347999736750822606900256035198176747647967652389765975081158715439818732131168398727735115446158028505888163112193859791244231535396919680060039719110217642062435530829191623315780979827172377006668526994574048049190515931400744713773881615576307304155692013746077395201044469195452308146713862627213299332408192101634209988399839911131683144501677546598342652609467160757107599690795330842908564852977617437770233933182206359537604222413207636332272658815755440904728396070694989108590685645099850894028614166453563784675511548699,25462561606932360793247914040019356308859150362926311247828567667868894384289371931402524966399537891282371072587981649140267601873834267539073077802257550084116615888483711303489021934241709715143424558717394886606221868988451761654013997531033957238121814208200686417007370448582067339626880222518675773652743053515391360014920988506461544953055180388761419034402744309060142691426284444738330635738250665690609322992388010815822852725647583470122355042537391968146199045460090850537203177331537661889609411653649155781834229581356987265581223501426441343265916663622339781078736410,-70.0,61.84066327934579,65.92033163967281,1.7053025658242404e-13
461,213443,-12299989943776993732481854852490644410362752102227589075454740536289573772264913927604359126489489714123846786273302041283666738821648276279073239327413477304015873853354274200577471916181743074484915273377363686973801429366271487605343861672042788737489308492262026287693257440722256829198995395960852434530882858389474683412384229627322795895984517300678130069498062141365726164066307010259612241012605963481445193581155292012945768101509072813871663866298187630118529051251208180538472903082673756254150998174726444102247752060798979251430369791464059272527462996323519729365155137385711,273333109861710971832930107833125431341394491160613090565660900806434972716998087280096869477544215869418817472740045361859260862703295028423849762831410606755908307852317204457277153692927623877442561630608081932751142874806033057896530259378728638610873522050267250837627943127161262871088786576907831878464063519766104075830760658384951019910767051126180668211068047585905025868140155783546938689169021410698782079581228711398794846700201618086036974806626391780411756694471292900854953401837194583425577737216143202272172268017755094476230439810312428278388066584967105097003447497700,-45.0,66.12646588554071,55.56323294277078,8.526512829121202e-13
462,214368,-378109467471364004260636317511565629398472345614883193341815196571737341420838417778345765478489378460772051641814013210917507621810696829997513749319238055760378318644776915972863295640055463815099725589976352639453294671069114505764493572359338838686395361362378614087139523578568293201226228868228456037324567899946601022777962047370387603626195347878224079646206165491682570041856479536527842147240940336383108367744107679407895745362059980101440986533919918323975512141230672404593806580675089340090064571548549493752801529497594359770848995603888884608648010606421962914515070749,25207297831424266950709087834104375293231489707658879556121013104782489428055894518556384365232625230718136776120934214061167174787379788666500916621282537050691887909651794398190886376003697587673315039331756842630219644737940967050966238157289255912426357424158574272475968238571219546748415257881897069154971193329773401518530803158025840241746356525214938643080411032778838002790431969101856143149396022425540557849607178627193049690803998673429399102261327888265034142748711493639587105378339289339337638103236632916853435299839623984723266373592592307243200707094797527634338050,-15.0,32.727854499158184,23.86392724957929,3.979039320256561e-13
463,215295,-1128652627556251280340007732126094810008187114338212907363671438841242296863970727170669609210165574394005318687534799891087547890686425912850484811302885672783687450446779809515110909103660336632626560048661013567347444467258334220121694051357392969731564215412811091629748611406786851787347430606614802510053213465150296159612079473535139018334476528818331639443322032781244945289867050842919105590447744469730215048064340076215572599927963931858787605468216822994170479428227344987742095659760094223520724200309554150747371522055340443550137837448460354805100104917279763577619287699,25081169501250028452000171825024329111293046985293620163637143085360939930310460603792657982448123875422340415278551108690834397570809464730010773584508570506304165565483995767002464646748007480725034667748022523718832099272407427113815423363497621549590315898062468702883302475706374484163276235702551166890071410336673247991379543856336422629655033973740703098740489617360998784219267796509313457565505432660671445512540890582568279998399198485750835677071484955426010653960607666394268792439113204967127204451323425572163811601229787634447507498854674551224446775939550301724873060,-45.0,51.897551417438535,48.44877570871836,1.8189894035458565e-12
464,216224,-116166571691227163028995295829078308320092658743260563490405882842734863404724187094041169527956291744502997425914519278790185866648900387080136149203349507871261030837234811894342790319494240147913088693008434821419235721792564049606025360235959671409621246871363581605991875829043536720212734295185828548347226995900594232228073279813604183462075996728626783989703920224009635993959566208007448942896834099546982383822022202344487809847585687686565714292816216506674996595150299482863355195780807697955870538316860860965673213907545915152397936919382782018314928298611019666226465186429403,2323331433824543260579905916581566166401853174865211269808117656854697268094483741880823390559125834890059948518290385575803717332978007741602722984066990157425220616744696237886855806389884802958261773860168696428384714435851280992120507204719193428192424937427271632119837516580870734404254685903716570966944539918011884644561465596272083669241519934572535679794078404480192719879191324160148978857936681990939647676440444046889756196951713753731314285856324330133499931903005989657267103915616153959117410766337217219313464278150918303047958738387655640366298565972220393324529303730450,-50.0,64.38593820716096,57.1929691035792,2.5579538487363607e-12
465,217155,-3352301868444230756748561643163782845309287146098100429382454334539843753563182954216819321047235673588864053974286728686530413787062456060027977051158783393479276240593549681920914189580595306873644242844331586028931852492611066762177886147089818172942977865626524198649865755387228314170467683067486835864128394270478070028224960379390581647001792290365181742388249401253985487601237982756126783121672166399752597849773787001524297518647763332037166905443995025443126154248826277661788206050588438578285642789103800396604597756049421198786633850980184491109689313627251870127577352071,124159328460897435435131912709769735011455079485114830717868679057031250131969739045067382261008728651439409406455064025427052362483794668889925075968843829388121342244205543774848673688170196550875712697938206889960438981207817287488069857299622895294184365393574970320365398347675122747054358632129142069041792380388076667712035569607058579518584899643154879347712940787184647688934740102078769745247117274064911031473103222278677685875843086371746922423851667609004672379586158431918081705577349576973542325522362977652022139112941525880986438925192018189247752356564884078799161188,-27.0,49.96032113777392,38.48016056888801,2.1032064978498966e-12
466,218088,-1668032824284287469134291427289329555365433048621177321913520369023885218119116532632386023991167266074914834833644379387756515008291902993971185732150659600202722494073115247713640066126071140585418709438069833333199282159072714558445492352106087589471484570460605274342447447801650783674849518084719589412165310710367506924300539402451752377916988670975153821390620392960138362990188642986773625846723771685802823972829036751613158295247384233448123077025053365224051233161132505394960997683006469509109935934806207234378897430467325961162637042944983536673239996082619769566328730880989,59572600867295981040510408117476055548765466022184904354054298893710186361397019022585215142541688074104101244058727835277018393153282249784685204719666414292954374788325544561201430933073969306622096765645351190471402934252596948515910441146645985338267306087878759797944551707201813702673197074454271050434475382513125247296447835801848299211321023963398350763950728320004941535363880106670486637382991845921529427601037026843327081973120865480290109893751905900858972612897589478391464202964516768182497711957364544084960622516690212898665608676606554881187142717236420341654597531550,-28.0,36.000953384864715,32.00047669243375,2.7853275241795927e-12
467,219023,-2925784982778416639865061712055011284035075667447578916755287245196477910856418653429682405978379880227491323738726364294134093459804150643153175356801276541814789472547859998079673225573394692417530290427265294217011011178893423968743184746118470186249211003093715896591521003138990517046729853725188466716401139198207492052116368394134999250128215036685292533538229777114950645427330827861960268201409207292564466128337164250314889836525733087405633013041780333513796721534212513365201730920810001652283120339844638151659609076526212908019948779776298817454503916554520292345420064693,172104998986965684697944806591471252002063274555739936279722779129204582991554038437040141528139992954558313161101550840831417262341420626067833844517722149518517027796932941063510189739611452495148840613368546718647706539934907292279010867418733540367600647240806817446560059008175912767454697277952262748023596423423970120712727552596176426478130296275605443149307633947938273260431225168350604011847600428974380360490421426489111166854454887494449000767163549030223336560836030197953042995341764803075477667049684597156447592736836053412938163516252871614970818620854134843848239100,-17.0,38.03273853302608,27.51636926651136,3.353761712787673e-12
468,219960,-1149861289841031256223404181322946452070627064904595689790781128543892714162488662858934337453576730793795794033166409962225817034170129667301932082884731610582692244374250757444134395833460598526175995065844560965977797909598380525769113237738136061970662581573019182958272661288905644363712633469959235881076116212779008880054639951822123229130220996418777201603977096936440349963902408629779413534702512015733832894147326596154567906668041346026133537990283193979618773226360043320081649913483485874569771031620588735931478134819071871144674992936553626043447929244399078463148289109,24465133826404920345178812368573328767460150317119057229591087841359419450265716231041156116033547463697782851769498084302676958173832546112807065593292161927291324348388313988173072251775757415450553086507331084382506338502093202675938579526343320467460905990915301765069631091253311582206651775956579486831406727931468274043715743655789855938940872264229302161786746743328518084338349119782540713504308766292209210513772906301161019290809390340981564638091131786800399430348086028086843615180499699458931298545118909275137832655724933428610106232692630341349955941370193158790389130,-47.0,47.48396943480657,47.24198471740206,2.4442670110147446e-12
469,220899,-1752823803083445868755567703439246435837495125874764486911803082674904812230407550890079416985021770031637576487715739711088418213271055618203019399198647148930584687986190833795468285159682356097583659137231778265131576519825558172701449881749073205495440280975575473362655027205284177913713985875837282215760619839752455290365910891046634332294814090179364579320619326580784473448299884627998538031544578777566337463953936693502480195113123558761817042910638728862329609281930866251965814060160246923874003375889009108766425433431999096966537564129441722923822063823877825308102519199,24344775042825637066049551436656200497742987859371728984886153926040344614311215984584436347014191250439410784551607495987339141850986883586153047211092321512924787333141539358270392849440032723577550821350441364793494118330910530176409026135403794520770003902438548241147986488962280248801583137164406697441119719996561879032859873486758810170761306808046730268341935091399784353448609508722201917104785816355088020332693565187534447154348938316136347818203315678643466795582373142388414084168892318387138935776236237621755908797666654124535243946242246151719750886442747573723646100,-72.0,60.829069775232256,66.41453488761667,1.0800249583553523e-12
470,221840,-39496634375017235429858400581886624828831503972708591586738000166529853557606223611973997639505139193131019124810936554788663194660626131607246290729138832676228750484659836044076548708628041650290450155622867839282540145409471776866048622480226288279271223936263617746037237781874802484872329660363181706438057178606202038957544915136625422377105838887733106556499332876163276237946252510722532640584923593845974010499487548797125855348179133813432342859557513612269498842351101824173540766565474617304995983027732692728328892728565611151815298552590145886227075621527746686516998163398469,464666286764908652115981183316313233280370634973042253961623531370939453618896748376164678111825166978011989703658077115160743466595601548320544596813398031485044123348939247577371161277976960591652354772033739285676942887170256198424101440943838685638484987485454326423967503316174146880850937180743314193388907983602376928912293119254416733848303986914507135958815680896038543975838264832029795771587336398187929535288088809377951239390342750746262857171264866026699986380601197931453420783123230791823482153267443443862692855630183660609591747677531128073259713194444078664905860746090,-85.0,49.513173020150134,67.25658651007436,1.4210854715202004e-12
471,222783,-6002599461718481910884879334991517386853241615346454853436483961928681989442721531995092416192975807252026450234801077112938585816163939629049384684364762667236099397357544248170737636156960627711186665745093517721309592011817911700860752299316525954147679251885995407571758069951044215827088727957805338135014141824873898476244778898089771195687106957697793386030054242637655312756933896913429059320749703669919246615447443802955588686463782402132234073433095808659180225924872675648726700751619143004988096484287840787007751944297402971252761055428722296941768407517215067343261029697,72320475442391348323914208855319486588593272474053672932969686288297373366779777493916776098710551894602728316081940688107693805014023369024691381739334489966699992739247521062298043809120007562785381515001126719533850506166480863865792196377307541616237099420313197681587446625916195371410707565756690820903784841263540945496925046964937002357675987442142088988313906537803076057312456589318422401454815706866496947174065587987416731162214245808822097270278262754929882240058706935526827719899025819337205981738407720325394601738522927364491097053358099963153836235147169486063385900,-83.0,62.74144357545765,72.87072178773053,3.410605131648481e-12
472,223728,-7340699632936945531058154554760082674255460268136528498603847257044857087186362533588699496237364407235576456613871676384845868350641414665411447027067899391548880305670446249247569688435654985650116189131654649062826901851030903608595599382999031368696445299928188411121129594252356190850725705856924394840267108745693158434633382610654292793812069303546716207880184532322883791087492335419112097497430274852889882074061434587329403465882191954917264726244310679726698047086906760370512176668613440629122940809912218702412209409639552300309506282425452260241069718711596819350803487297,71967643460166132657432887791765516414269218315064004888273012323969187129278064054791171531738866737603690751116388984165155572065111908484425951245763719524989022604612218129878134200349558682844276364035829892772812763245401015770545091990186582046043581371844984422756172492670158733830644175067886223924187340644050572888562574614257772488353620623007021645884162081596899912622473876657961740170885047577351785039817986150288269273354823087424163982787359605163706343989281964416786045770720006167871968724629595121688327545485806865779473357112277061186958026584282542654936150,-102.0,68.46495012228252,85.23247506114234,2.1600499167107046e-12
473,224675,-6505328014708721129623736566428385265925188889622591555462729439193152350664554477266305493565552337692167855851213079612250408532338421676487624355387572440790617726885149466083196257891677448283132966808472349999477200420383586777937420173213741598938789824796360569935545046426438056331913120530406398707444711770433277004772103669561834273876255816803099903423419532544539615661735707648417140802222709574631013494033243331291317351464798510447680000397708124373799809328416771040347890963725231085528750145744208214077699978822571248534284467485435793025635984722217101308682050441721,84484779411801573111996578784784224232794660904189500720295187521988991567072136068393577838513666723274907218846923111847407903017382099694644472147890551179098931517988954104976574777813992834845882685824316233759444161303682945168018443807970670116088179542809877531630455148395299432881988578316966216979801451564068532529507839864439406154237088529910388356148305617461553450152411787641781049379515708761441733688743419886900225343698681953865974031139066550309088432836581442082440142386041962149724027866807898884125973750942483747198499577732932376956311489898923393619247408380,-77.0,58.37773688659627,67.68886844329671,2.8421709430404007e-12
474,225624,-11506022338940595195252867396403946728847272865999141526668773157756595994372681388362172981816623182312677840281057147613504123934748228815556342397284141732010616387688019463820619231645143786079010689593216401359619538158501582056215845204323624596762485404401726178117290558305264589430594634951739208598201531022535047763542496286299842933386574914073510033265912098378097279401709414888356847677400710812272540873800294327454030689665630018478889796621796682565904424662505853540751371772575238654676700938050980514695251663223595405570843275824580314195002421957662900273859408946143,110634830182121107646662186503884103161993008326914822371815126516890346099737321041943970979005992137621902310394780265514462730141809892457272523050809055115486696035461725613659800304280228712298179707627080782304034020754822904386690819272342544199639282734631982481897024599089082590678794566843646236521168567524375459264831695060575412821024758789168365704479924022866319994247205912388046612282699142425697508401925906994750295092938750177681632659824968101595234852524094745584147805505531140910352893635105581872069727530996109668950416113697887636490407903439066348787109701450,-104.0,78.20035053897982,91.10017526949036,9.094947017729282e-13
475,226575,-23543091862755371707209713288026537152872112171967474200722258922794265650024101917725677024332475126885940811652009240501477668974177145114907592905212166928575568916346255210586805504750832669977052641783042790474298439616626314053487806341154493405683239365929685872147686834686156775296447483824327919131704671169187097731556184708890447848314068670335028221913327832065952894775805418156176319093758377508188429787929833008482862795777366037810651430010753212019465976617127361860306653011577026785723095765550467822376438018595972137552648548994910489045158801851833319021896944455457,309777524509939101410654122210875488853580423315361502641082354247292969079264498917443118741216777985341326469105384743440495644397067698880363064542265354323362748899292831718247440851984640394434903181355826190451295258113504132282734293962559123758989991656969550949311668877449431253900624787162209462259271989068251285941528746169611155898869324609671423972543787264025695983892176554686530514391557598791953023525392539585300826260228500497508571447509910684466657587067465287635613855415487194548988102178295629241795237086789107073061165118354085382173142129629385776603907164060,-76.0,47.82660395149969,61.913301975752546,5.4001247917767614e-12
476,227528,-21241887394967252668159139808745747807102657598767645895388504291242946451149565640053242427969150490423405243595797810978776844187227499351796324425755338582173445638808651317822681658421803912761250503864399510202374531984925997642244637300289768486330742285049340636524228723025103857410328556833980077412064364964680088178847685451630479261636753687520326215260145412390333438895463535178504949558278235345733921613169774142992056657844240034114873470686393875506285091684626191152156378657061979054787755577940271719437387685951253056438479893829994426206158317460300738967125062664293,331904490546363322939986559511652309485979024980744467115445379550671038299211963125831912937017976412865706931184340796543388190425429677371817569152427165346460088106385176840979400912840686136894539122881242346912102062264468713160072457817027632598917848203895947445691073797267247772036383700530938709563505702573126377794495085181726238463074276367505097113439772068598959982741617737164139836848097427277092525205777720984250885278816250533044897979474904304785704557572284236752443416516593422731058680905316745616209182592988329006851248341093662909471223710317199046361329104350,-64.0,64.47994799594426,64.23997399797128,1.7053025658242404e-12
477,228483,-1231645579376866306813444100356492907490139032458666215319965986766345539712738369189834086561464298014007683551864782714883898345193160730488190497577681529237466351045381138156887415435601582291126723492137622202999125725029594742810871289248729046270683099359035564015335550958533883298641038310403965331874213932440035233261499834168333511405143097845681565192041563820825056321499015217428374334327879609654752985100958289917461116456330182700937693706967114769566228960629681264093404485386876797604410526732982622286655761911330184748315475771769255133941408467201172364810715229803,18661296657225247072930971217522619810456652006949488110908575557065841510799066199845971008507034818394055811391890647195210580987775162583154401478449720139961611379475471790255869930842448216532223083214206397015138268561054465800164716503768621913192168172106599454777811378159604292403652095612181292907185059582424776261537876275277780475835501482510326745333963088194319035174227503294369308095876963782647772501529671059355471461459548222741480207681319920751003469100449716122627340687679951478854704950499736701312966089565608859822961754117715986877900128290926854012283564100,-66.0,59.360635283265765,62.680317641632854,5.684341886080802e-14
478,229440,-2796246648201646770669361716962920013722705791924430594022106402111866728562640279080274879565669727564386879516522203190376070206683325098965214965027218483436402126366416413885188273073428377262839505172461196242978443732031028725284197026892364589369550097700943742584429085699859466711905745032305185457432874882517688755301899318516122965839049116380364892184839361492634535735449164026055638763877456886944062195204385794361072600513571540522117389326101194684519250071317574433298756029025008526092866876891490560329128061562711963951206545374040186991182266853883428102337058799,23302055401680389755578014308024333447689214932703588283517553350932222738022002325668957329713914396369890662637685026586467251722361042491376791375226820695303351053053470115709902275611903143856995876437176635358153697766925239377368308557436371578079584147507864521536909047498828889265881208602543212145273957354314072960849160987634358048658742636503040768206994679105287797795409700217130323032312140724533851626703214953008938337613096171017644911050843289037660417260979786944156300241875071050773890640762421336076067179689266366260054544783668224926518890449028567519475490,-120.0,94.58120411445498,107.29060205722743,1.1368683772161603e-13
479,230399,-60764052884641900661320616279825576659740775342628602441135384871584390088624959403036919445392521835586183268939902391982558761016347894780378908814059742578813462284092055452425459551735448692754538700958258214280830992937648887486228649969578905045032652209636334993903442741345849976726661015943356471443164890163387752242376792517885265195547444442666317779229742886405040366071157708803896370130651682839960016153057767380193623612583282789895912091626944018876152065155541267959293487023807103546147666196511834966659834967024017156638920850138685978810885571581148748487689482165587,357435605203775886243062448704856333292592796133109426124325793362261118168382114135511290855250128444624607464352367011662110358919693498708111228317998485757726248729953267367208585598443815839732580593872107142828417605515581691095462646879875912029603836527272558787667310243210882216039182446725626302606852295078751483778687014811089795267926143780390104583704369920029649212183280640022919824297951075529176565606222161059962491838725192881740659362511435405153835677385536870348785217787100609094986271744187264509763735100141277391993652059639329287122856303418522049927585189300,-170.0,170.8399245767382,170.41996228836882,5.684341886080801e-13
480,231360,-7692808525330154351697910701570074639863913845664810648920211797141108732135068389783170782073549986635976273982783721128772308502527181188862349436132922965696841597665771987669811447824285236461800095670336350396207165576485352618354568300070218240014918126148077181907906443789994209471865515547861534979438587728528240267547963863212010371488588227806840361984837383723304783599989051108048841107390347036666833417547248066368303852129007762354796190946496115330921996745508721309617744076151265331299871204094341459504581720988596158981018933772459786990633029552463080118997027905253,51629587418323183568442353701812581475596737219226917106847059041215494846544083152907186456869462997556887744850897457240082607399511283146727177423710892387227124816548805286374573475330773399072483863559304365075215876352250688713789048993759853959831665276161591824885278146241571875650104131193701577043211998178041880990254791028268525983144887434945237328757297877337615997315362759114421752398592933131992170587565423264216804376704750082918095241251651780744442931177910881272602309235914532424831350363049271540299206181131517845510194186392347563695523688271564296100651194010,-149.0,153.20321350803306,151.10160675401175,9.549694368615746e-12
481,232323,-2825305535638097423552257643512456075765626497292748500307954025034259850569436414026597826309091048048893176409957017057672358726760638798348286169469430868723110892216711772133324081267822720152117949556344012503559884678260815372067470314647178020669704510819004224078341954881751719849162614288750853751085587834630578529964559014315535300941772102370540637735083702857377215673706286146315734103762481992808220395190882707433673060610706170840826495828603981417256075336959130843319875444239661648909665922789989945035726458281432884725610128098170908188169868602305649517453439899,22969963704374775801237867020426472160696150384493890246406130284831380898938507431110551433407244293080432328536235911037986656315127144702018586743653909501813909692818794895392878709494493659773316663059707418728129143725697685951768051338594943257477272445682961171368633779526436746741159465762202063016955998655533158780199666783053132527981887011142606810854339047620952972956961675986306781331402292624457076383665713068566447647241513584071760128687837247294764840137879112547316060522273671942355007502357641829558751693344982802647236813806267546245283484571590646483361300,-123.0,135.50427783177065,129.2521389158856,5.684341886080801e-13
482,233288,-19642711213243865748539204567462332134124758660224058917468631098862440539344271635901506847454427513161415928381909623504522337451541338179004839774384553149140501577932431829407053635841753334101667724454153524349070767503106284751564288185353180801990501743703296526104080822001907118145062344458694645447803837488645933813110572768482161930860123083204165292804481056059811177160435740626714093980737402287035203082632845123704302392409943554273838962239832972946863060634505185284167333104754756199810836479032836490559288897094127471223651151822906777642342421401499689016475022439111,211211948529503932779991446961960560581986652260473751800737968804972478917680340170983944596284166808187268047117307779618519757543455249236611180369726377947747328794972385262441436944534982087114706714560790584398610403259207362920046109519926675290220448857024693829076137870988248582204971445792415542449503628910171331323769599661098515385592721324775970890370764043653883625381029469104452623448789271903604334221858549717250563359246704884664935077847666375772721082091453605206100355965104905374310069667019747210314934377356209367996248944332330942390778724747308484048118520950,-93.0,110.15950836878619,101.57975418439486,3.524291969370097e-12
483,234255,-1842965808689318194216891949987580947274330832797964136168025757916322474874801646148578231218403159516169478075470889770009559103647630085149424034368233103209135707737254452381787933089295326621316721093633633597249718392008360977958242953431310247850032267661735852140598250390995514621076063735595957873154684620971601480812620524402387339537893154122907480115758117398904250803912324710217331741881466434237840242787866008550082036509622367998398405233074018761792087003486205530553413315362061164779143318137491440953757929051040592942927240145918539548734815460887274910386814563,22752664304806397459467801851698530213263343614789680693432416764399042899688909211710842360721026660693450346610751725555673569180834939322832395486027569175421428490583388301009727569003646007670576803625106587620366893728498283678496826585571731454938669971132541384451830251740685365692297083155505652754996106431748166429785438572868979500467816717566759013774791572825978404986571910002683107924462548570837533861578592698149160944563239111091338336210790355083852925968965500377202633522988409441717818742438165937700715173469636949912681977110105426527590314331941665560331044,-81.0,88.40173329670552,84.70086664835281,1.1368683772161603e-13
484,235224,-5913934558826110117839760514934895696295626263293265050420663126539229409695049524787550448695956670629243505319284617829318553211216746978625113050352338582536925206259226787348360234446979498439211788007702136363161091291257806161761291066557946908126172567996691427214131860387670960301739200482187635188586101609484797277065548790510758430796596197093727184930381393222308741510668825134924673456566099613300921358212039392083015774058907736770618182179734658521636190298560700945770809967022937350480681950676552921888818162565973862303894970441305266386941804292924637553347318583491,70403982843167977593330482320653520193995550753491250600245989601657492972560113390327981532094722269395756015705769259872839919181151749745537060123242125982582442931657461754147145648178327362371568904853596861466203467753069120973348703173308891763406816285674897943025379290329416194068323815264138514149834542970057110441256533220366171795197573774925323630123588014551294541793676489701484207816263090634534778073952849905750187786415568294888311692615888791924240360697151201735366785321701635124770023222339915736771644792452069789332082981444110314130259574915769494682706173650,-84.0,116.69184853607476,100.34592426803738,0.0
485,236195,-56689286985318855558149704364590214460205217466711154983318070827254613341505403301892090729642670371317462743846285408049610702924663388895106440811234559841175383048570588204439281675913189192181587282188116192852587032234771256207740375795148319647895168473225427823724035404573245919463814336050684331593446773999489985327299760549038841529493086403569870586975513069316702365052268309507635084133655040578927403305146834744110051205621815591044068574894313655257398338433346147637317335541034156602464822698628100151248528386882406594370193216658797624937685009722177597118515010981747,929332573529817304231962366632626466560741269946084507923247062741878907237793496752329356223650333956023979407316154230321486933191203096641089193626796062970088246697878495154742322555953921183304709544067478571353885774340512396848202881887677371276969974970908652847935006632348293761701874361486628386777815967204753857824586238508833467696607973829014271917631361792077087951676529664059591543174672796375859070576177618755902478780685501492525714342529732053399972761202395862906841566246461583646964306534886887725385711260367321219183495355062256146519426388888157329811721492180,-61.0,77.26727513578726,69.13363756789408,9.094947017729282e-13
486,237168,-1323528802978188959768023724071029012713353776873847048042164564246320219540350305313062596365596117163567640535093828741924893767881339558695755062421693936294528443722900462834675362096797336795155352062392734208833706531058768343182901496378572857354546933041827441561378534873093042607836577241445583978311346591766852958212655043304974813749767557278525476811117475927462565756860528975357392198614104968334532658517376809339624942020789149940112802725942468092542131161615477505612288725596974805085761523369886896074060697804402667591939340583298890417128826119408348117170474949,22432691575901507792678368204593712079887352150404187254951941766886783382039835683272247396027052833280807466696505571897032097760700670486368729871554134513466583791913567166689412916894870115172124611226995495064978076797606243104794940616585980633127914119353007484091161608018526145895535207482128542005277060877404287427333136327202962944911314530144499606968092812329873995878992016531481223705323813022619197601989437446434321051199816100679878012304109628687154765451109788230716758060965674662470534294404862645323062674650892671049819331920320176561505527447599120630008050,-59.0,79.84470875998431,69.42235437999003,4.263256414560601e-12
487,238143,-60406617279438124775077553831120720326448182546495493015011059078222128970456577288901408154537271707141558661475550024970896650657428201281670797585741744093055736035362102185058250966137004876914806120364386107138002575332133305795133187322699029133003048373109062435115775431102639094510621833496630845140558037868309000758598105503074175400279518298885927674646038516485010716858974428163873450306353731764430839587451545219133661120744557597014171432264432583470998229478155731088944701806020002937052679924767647702150071231923875879246927198079046649523762715277730226437761896922329,1548887622549695507053270611054377444267902116576807513205411771236464845396322494587215593706083889926706632345526923717202478221985338494401815322711326771616813744496464158591237204259923201972174515906779130952256476290567520661413671469812795618794949958284847754746558344387247156269503123935811047311296359945341256429707643730848055779494346623048357119862718936320128479919460882773432652571957787993959765117626962697926504131301142502487542857237549553422333287935337326438178069277077435972744940510891478146208976185433945535365305825591770426910865710648146928883019535820300,-39.0,55.67765690184933,47.33882845092285,3.637978807091713e-12
488,239120,-844484140660315116954769953896403599629541543305543337823028083222330060620693310932816383770116043099357004578841978591807750333857805673928963349701522081229694231539513673917456795091258525155808000446567606908782047429933030539007884392169203216522188030247609374150402464298369964200695184507544403814088598372800723291341868981379685106233466521725155252113204642692116536949727584466838789005706575308773318778561737756772784308041179613006742961045868521163833731047053686039276387668405125548294625368222432965076394304555310110630086872243827197225303414863880385923115534379,22223266859481976761967630365694831569198461665935350995342844295324475279491929235074115362371474818404131699443209962942309219312047517734972719728987423190255111356302991418880441976085750661994947380172831760757422300787711329973891694530768505697952316585463404582905328007851841163176189065988010626686542062442124297140575499509991713321933329519083032950347490597160961498677041696495757605413330929178245231014782572546652218632662621394914288448575487399048256080185623316823062833379082251270911193900590341186220902751455529227107549269574399926981668812207378576924093010,-38.0,72.49877063149142,55.24938531574881,6.195932655828074e-12
489,240099,-1579257968089885615034707289702502492194723726705764523268262982437179842364877837618337468092477691689975389842498039868520173873396815719782243074137039061256359112035610514642045776892470715736334800532402251167006603276657079890068841498632654356418380349623766338172961449179153963255179655777689695297792367003093045771466617137335272559484431850951266082997282052718562371682587566749382312426309901484037407570913765888081925780934498237830435854438285819175712372012500803427161952988392679815347782481693271835350328659658140545862664763348471807830686606935365496116019918874227,30370345540190107981436678648125047926821610128957010062851211200714996968555343031121874386393801763268757496971116151317695651411477225380427751425712289639545367539146356050808572632547513764160284625623120214750126986089559228655170028819858737623430391338918583426403104791906806985676531841878647986496007057751789341758973406487216779990085227902908963134563116398433891763126683975949659854352113490077642453286803190155421649633355735342892997200736265753379084077163476988983883711315243842602841970801793689141352474224195010497358937756701380919820896287218567233000383055300,-52.0,58.32056374869035,55.160281874346,1.6484591469634324e-12
490,241080,-1409080424210099679479876604228573652212448265258218633193267283001190477688196725708341122916693233195582437386122574525955346214741459326818993328408314333809183790302398097368005416810733261211359900753857347277106104940956948433979743767846750811696898327366457090316698422754567420060386637269252409778578067327673637690139149947040164461800116330847119483599346296012625767090909687242355220534545819923431769261238459312967963957402602987337636714473392628557630851853043196759678698418378904083236335361720747709415415435220646968917975449010281553977191264839820944541766173311,22016881628282807491873071941071463315819504144659666143644801296893601213878073839192830045573331768680975584158165226968052284605335301981546770756379911465768496723474970271375084637667707206427498449279021051204782889702452319280933496372605481432764036365100892036198412855540115938443541207332068902790282301994900588908424217922502569715626817669486241931239785875197277610795463863161800320852278436303621394706850926765124436834415671677150573663646759821212982060203799949369979662787170376300567740026886682959615866175322608889343366390785649280893613513122202258465096458,-64.0,61.01884472041502,62.509422360207225,5.684341886080801e-13
491,242063,-6051467920659275469417429364119428154349012920579154935314166920179676605269353002108191156805164965295039865908105190336977124216128764350221045911988439479805225792451301828914601170131792975147100434240439395348350884111984731886453414114617434045524455650973358669707483764117616796587826158632936184844134615600403048376532189460057520254768610062142418514812483286087943828522544844324108968188114148441517221854914644959340760326943998614369934884090891278487255636584573740502649200896488587056305814089064379734025767422160531393985380899986451900488963706718341489589471674827869,108061927154629919096739810073561217041946659296056338130610123574637082236952732180503413514377945808839997605501878398874591503859442220539661534142650704996521889150916104087760735180924874556198222040007846345506265787714013069400953823475311322241508136624524261959062210073528871367639752832731003300788118135721483006723789097501027147406582322538257473478794344394427568366474015077216231574787752650741378961694904374273942148695428546685177408644480201401558136367581673937547307158865867626005460965876149638107602989681438060606881801785472355365874351905684669456954851336300,-56.0,79.82660253030053,67.91330126515118,1.8189894035458565e-12
492,243048,-1608460223416991488093781019171853499816667582598992417559466070130175031757719513609800808848625578000810733589585651552479496615138620744186500527430993185909768119284789703152438635192997171278796612672424482142727879224820117609929581910959441604133217264372726514544502896094448969972176321010265318361730835327854381677004091566649904078705667647011755470626669664640133421454824762880103139209340779839881294545227999724769831213274263367967832967131301459323192260548234915916569533480041952740927438222848842690293936807950635748263971434268376981792052853365383349224674133349119,59572600867295981040510408117476055548765466022184904354054298893710186361397019022585215142541688074104101244058727835277018393153282249784685204719666414292954374788325544561201430933073969306622096765645351190471402934252596948515910441146645985338267306087878759797944551707201813702673197074454271050434475382513125247296447835801848299211321023963398350763950728320004941535363880106670486637382991845921529427601037026843327081973120865480290109893751905900858972612897589478391464202964516768182497711957364544084960622516690212898665608676606554881187142717236420341654597531550,-27.0,56.266884294849206,41.63344214742409,1.0231815394945443e-12
493,244035,-675878235294412584895972630278273793862357287233516005762361500175911932536577088547148622708109333786199257750775384894779263224139056797557155777183124409432791452143911632839812598222511942678767061486594529870075553290429463561344147550463765360928705436342479020253043641187162395463055908626535729735838411612512548260236062718915515249233896708239283106849186444939692427601219294301134248395036125670091533869509947359095201802749589455630927792249112532402472707462692651536659521139088335697197792222934463191073007790007539869977587996621863459015650491919191387148953979265743,28161593137267191037332192928261408077598220301396500240098395840662997189024045356131192612837888907758302406282307703949135967672460699898214824049296850393032977172662984701658858259271330944948627561941438744586481387101227648389339481269323556705362726514269959177210151716131766477627329526105655405659933817188022844176502613288146468718079029509970129452049435205820517816717470595880593683126505236253813911229581139962300075114566227317955324677046355516769696144278860480694146714128680654049908009288935966294708657916980827915732833192577644125652103829966307797873082469460,-24.0,40.78445067122857,32.392225335614626,6.821210263296962e-13
494,245024,-4467945065047198578038280608810704166157409951663867826554072417028263977104776426693891135690626605557807593304404587645776379486496168733851390353974981071971578109124415842090107319980547697996657257423401339285355220068944771138693283085998448900370047956590906984845841378040136027700489780584070328782585653688484393547233587685138622440849076797254876307296304624000370615152291008000286497803724388444114707070077777013249531147984064911021758242031392942564422945967319210879359815222338757613687328396802340806372046688751765967399920650745491616089035703792731525624094814857981,178717802601887943121531224352428166646296398066554713062162896681130559084191057067755645427625064222312303732176183505831055179459846749354055614158999242878863124364976633683604292799221907919866290296936053571414208802757790845547731323439937956014801918263636279393833655121605441108019591223362813151303426147539375741889343507405544897633963071890195052291852184960014824606091640320011459912148975537764588282803111080529981245919362596440870329681255717702576917838692768435174392608893550304547493135872093632254881867550070638695996826029819664643561428151709261024963792594650,-25.0,54.42563852599915,39.71281926300216,5.172751116333529e-12
495,246015,-516331730553409155764684973474617107610662557092067231292865928323844104306017638309510024987096511677768722498682494190052913081848018943893931075006206577106792553203904990710322840506120659036491261639873590427865204958311278503700647479345886448379454114852925149161989030700658820063449891998881382533108030261659700733564601007574877959689760663284402679029172226844684818641114816120041442624168163231544334506883076668521926510885859018816598771771667328038558218076923339600198259082573212908478068925083623522592060954933185538561946521483470938896600834162865841977810526559,21513822106392048156861873894775712817110939878836134637202747013493504346084068262896251041129021319907030104111770591252204711743667455995580461458591940712783023050162707946263451687755027459853802568328066267827716873262969937654193644972745268682477254785538547881749542945860784169310412166620057605546167927569154197231858375315619914987073360970183444959548842785195200776713117338335060109340340134647680604453461527855080271286910792450691615490486138668273259086538472483341594128440550537853252871878484313441335873122216064106747771728477955787358368090119410082408771940,-24.0,41.78180200438328,32.89090100219005,3.183231456205249e-12
496,247008,-385476553464791625790986242830777230827395930901508935067574757103342742819094169490499691490052125358525556262194572171966438182613943711794274200271048888215892589123363034795817129063941288547674989441169487558286322667231913446138955375060563575177793590812809495692255208347903227232959879308196206780457020698174136765958819610586303736289829925820181237141953666091893822948183169122055522858933719324880067639815354486113943455512824780089812397067111301075712733772586232833105733028058980829983808439510640801810712210516425899905642574740091636263523252933476823270944772899,21415364081377312543943680157265401712633107272306051948198597616852374601060787193916649527225118075473642014566365120664802121256330206210793011126169382678660699395742390821989840503552293808204166080064971531015906814846217413674386409725586865287655199489600527538458622685994623735164437739344233710025390038787452042553267756143683540904990551434454513174552981449549656830454620506780862381051873295826670424434186360339663525306268043338322910948172850059761818542921457379616985168225498934999100468861702266767261789473134772216980143041116202014640180718526490181719154050,-18.0,57.67747598383767,37.83873799191872,2.2737367544323206e-13
497,248003,-3982853886556359875279838714139827713831748299768933605385344554608052459590543557509982955244215716954388483174212089558520658285105156128461810829829125984157521057276622122091752810954088233642734469474574908162945224747173624557920869493804331591187014178446751369348292885567206973264436604406371264514762068430877516533533941022180714861556891316410061165361277264823187519792899412845969678042177169127325110302469332651811010623345795006396538775753698851657428454690867410841029320998199121072772704170863800947394510191115859948082214980093123954913654684523806388556335949221061,663808981092726645879973119023304618971958049961488934230890759101342076598423926251663825874035952825731413862368681593086776380850859354743635138304854330692920176212770353681958801825681372273789078245762484693824204124528937426320144915634055265197835696407791894891382147594534495544072767401061877419127011405146252755588990170363452476926148552735010194226879544137197919965483235474328279673696194854554185050411555441968501770557632501066089795958949808609571409115144568473504886833033186845462117361810633491232418365185976658013702496682187325818942447420634398092722658208700,-6.0,49.920934453362406,27.96046722668072,9.663381206337363e-13
498,249000,-1807035559641311424895482379563440351645885802672942098739647066442542319629042910351751525990431204914491071069781411003402891258982894910135451209829881233552949368579208185023110071636577068967536935224575652777632555672328774104982616714781594888594108284665655713870984735118455015647753644591779555196512419936231465834658917685989398409410071060223083306506505425706816559906037696569004761333950752659619725970564789814247588153184666252902133333443807812326055502591226880844541080823257008634869097262706724503910472216339603124592856796523732164729343329089504750363522791787917,51629587418323183568442353701812581475596737219226917106847059041215494846544083152907186456869462997556887744850897457240082607399511283146727177423710892387227124816548805286374573475330773399072483863559304365075215876352250688713789048993759853959831665276161591824885278146241571875650104131193701577043211998178041880990254791028268525983144887434945237328757297877337615997315362759114421752398592933131992170587565423264216804376704750082918095241251651780744442931177910881272602309235914532424831350363049271540299206181131517845510194186392347563695523688271564296100651194010,-35.0,73.37758703979398,54.188793519898326,2.6716406864579767e-12
499,249999,-28396273080077750962643294535996919811578205470574804408765882472668522165599245734098952551278204648656288259667993601482045434069731205730699947583040990812974918649101842907506015411431925369489866124957617400791368731993737878792583976946567919677907415901888875503686902980432864531607557272156535867373766598997923034544640135065547689290729688089219880530816513832535688798523449517512931963819226113222595693823160982795319242407187612545604952382688408479409443612147850984699931270079752992833657242699677099347164563399622334815030606802515791160032538028549360362855358156681059,516295874183231835684423537018125814755967372192269171068470590412154948465440831529071864568694629975568877448508974572400826073995112831467271774237108923872271248165488052863745734753307733990724838635593043650752158763522506887137890489937598539598316652761615918248852781462415718756501041311937015770432119981780418809902547910282685259831448874349452373287572978773376159973153627591144217523985929331319921705875654232642168043767047500829180952412516517807444429311779108812726023092359145324248313503630492715402992061811315178455101941863923475636955236882715642961006511940100,-55.0,87.719157076785,71.35957853839375,2.5011104298755527e-12
500,251000,-391297925696765180729247312266369038551891061029930319125577710628159539889597261790454465778379087981483780803080485991714310287659453935427827028895493079145300314399106734801996767391980598392970404018554727819517425589196005219725559108163232577379776831566698380146498950160988755268084999731152264583906448828296738466452457363582666723240677041612216535544265836544032458084916433542761933281336704335316151187611022155265643148960288632207379248144223045075115778004716798258066038554209036456272406023804162900094899246846470451039656208570552528903797653216373960980973356416597,24456120356047823795577957016648064909493191314370644945348606914259971243099828861903404111148692998842736300192530374482144392978715870964239189305968317446581269649944170925124797961998787399560650251159670488719839099324750326232847444260202036086236051972918648759156184385061797204255312483197016536494153051768546154153278585223916670202542315100763533471516614784002028630307277096422620830083544020957259449225688884704102696810018039512961203009013940317194736125294799891129127409638064778517025376487760181255931202927904403189978513035659533056487353326023372561310834776110,-16.0,51.531980799185476,33.76599039959399,2.5011104298755527e-12
501,252003,-2626374664323396729351197992657422622889051415065021435435263438183570824802459882126148180632055291614850376585893479346560723941627313099203078155901814960567640697189656616741663085484217603344122005233234178571217503275310143730223182057508653440565349929265611410222425018743593004109157471021592645440893827733404739163417308934916268495664326882560257724984610370281956987689520627311472758708971901381062210416845719357353637440032372069435398757924540547107434705629485031786475856600261739258132725214120332508789133531822777212141170747742567245631467944142510009845120082474683,67342940110856326393620461350190323663821831155513370139365729184194123712883586721183286682873212605508984015022909726834890357477623412800078927074405511809426684543324528634401617576518400085746718082903440476185064186546413941800594411730991113860649998186297728467241667147271615489978396692861349883099841736753967670856854075254263294760623766219493787820118214622614281735628734033627506633563382086693902831201172291214195831795701847934240993792936937105318838605884231584268611707699018955336736543951803397661259834149301979798491557634424801170037639593397692560131284166100,-39.0,71.4766839601798,55.23834198008956,6.821210263296962e-13
502,253008,-3540314565827875444693189968124291301183776266461274315898084048540491075191594273342207071328191748403900873932632968496462807364537916558632720737625889763695574273134775219637113609736967318793541750644066585033729088664154332940374106216714961414388457047508223439420704787170850642901721426138996679568677394160780014696474614241938413210272792281253387702543357568731722239815910589196417491593046372557622320268861629023832009442974040005685812245114398979251047515280771031858692729776176996509131292596323378619906231280991875509406413315638332404367693052910050123161187510441091,110634830182121107646662186503884103161993008326914822371815126516890346099737321041943970979005992137621902310394780265514462730141809892457272523050809055115486696035461725613659800304280228712298179707627080782304034020754822904386690819272342544199639282734631982481897024599089082590678794566843646236521168567524375459264831695060575412821024758789168365704479924022866319994247205912388046612282699142425697508401925906994750295092938750177681632659824968101595234852524094745584147805505531140910352893635105581872069727530996109668950416113697887636490407903439066348787109701450,-32.0,44.976700750043165,38.48835037502076,1.6484591469634324e-12
503,254015,-41819965808841778690438306498468190995233357147573802856546117823384550825700707353854821030064265028021079073329226940364466911993604139348849013713205822833653971101404532281963404515017926453248711929483036535710924859845323057858169129684945481707463648873690889378157075298455673219276584346266898277405001718524213923602106380732897506046347358822305642236293411280643468957825443834882681619442860275836913658175927992844015611545130847567163657145413837942402998774254107813830807870481090771264113393794069909947642357006716529454863257290977801526593374187499967079841527467103303,929332573529817304231962366632626466560741269946084507923247062741878907237793496752329356223650333956023979407316154230321486933191203096641089193626796062970088246697878495154742322555953921183304709544067478571353885774340512396848202881887677371276969974970908652847935006632348293761701874361486628386777815967204753857824586238508833467696607973829014271917631361792077087951676529664059591543174672796375859070576177618755902478780685501492525714342529732053399972761202395862906841566246461583646964306534886887725385711260367321219183495355062256146519426388888157329811721492180,-45.0,66.94551115140621,55.972755575704696,3.183231456205249e-12
504,255024,-1445666998833018020396929821779333063531736155102489745384927917898511149333883231834250134129255077400323532150015795890612729346635559543029508421421809568430850984222945826573863360332203847276623591475433200440784465456941871067214552426556650754895417172190449649754114564483150229857665786761070606040037670286859488920765021216023946032755596997431731491378307762105776068619993357078059223979800063462721453348541126281432242049002373065603456092250839605583659966338750538023313486351574982240755031277666117366258144656929200611690597186477291792897951941990056868473977539499,20652385697614543148527568882561900907596230787178424934070398827121587847626903311917859058989358248576050459285939941294467562094793707757564406020311565263297871203184940379626619433317197818237479878220474292011206649384883872388779320379380725069934531031292137853630208064045003283680939810872437229143395289812278413153786017371770657610794242820453307019690110887225372408857047958257988913997143763753163619264873232591889172128605329508620801317869137222623713804839293400333049805022499746296500446823801676660830637956131437309865674092532739898542170599857955263913964850,-70.0,79.13701590826395,74.56850795413209,2.2737367544323206e-13
505,256035,-1994320029034585042598622808419388227171786092891090844639608970729900975687838082895863975436253233196927634399895289049825982445511088258538210477241636647598472598608309861065242036413520283949039995260603646410949468377049837448159900877040435057053297218472558999275451774149637939312959487910979910920498399345564503533306450413383704926142584753908417609699127056787050674350404269317355376644055292167174583081035579500881010164415090233507555016287811862772500549939971071407755660979312554448214763782524369551765722306857273736383283534643946789810233940835869809539429149459,20560000299325618995862090808447301311049341163825678810717618254947432739049877143256329643672713744298223035050466897420886416964031837716888767806614810799984253593900101660466412746531136947928247373820656148566489364711853994310926813165365309866528837303840814425520121382985958137247005030010102174438127828304788696219654127973027885836521492308334202161846670688526295611859837828013972955093353527496645186402428654648257836746547321994923247590595998585283510824123413107296450113188789221115616121469323397440883735122239935426631789016947905049590040627173915562262156180,-97.0,95.94918230882968,96.47459115441202,5.6274984672199935e-12
506,257048,-1309968476198105601116334199589638131335124115192394623049445683062141549639649362432694297331348645772263315729771072574434079318032865195381637323738975500402735637453070322395217750213222100356172228872166934528686022464249372151069188003612298402807840752674637116490054542469546265070367106553998894729796320597950476325682842753979097294764796410968665775461161827579595750753404970057436279474825323519898311599011430098062218824982245286618718465450358624677725956900266792395890146601586075583288675691315947652045755964739877643139040598162348016310980699523580554605977283199,20468257440595400017442721868588095802111314299881165985147588797845961713119521288010848395802322590191614308277673008975532489344263518677838083183421492193792744335204223787425277347081595318065191076127608352010719101003896439860456062556442162543872511760541204945157102226086660391724486039906232730153067509342976192588794418030923395230699943921385402741580653555931183605521952657147441866794145679998411118734553595282222169140347582603417476022661853510589468076566668631185783540649782430988885557676811682063214936949060588174047509346286687754859073430055946165718395050,-64.0,77.95389267614291,70.97694633807345,3.979039320256561e-12
507,258063,-2740339639895615127863478773403898555243211437020505600286497749110668572624262875038919896556917651408788657226701480422742846085050983490095519417104655057475901240262975049815265822921402588104616451219686154761684534975619459631731880292745715325560296080042422950705449378531283430322967065424896468319985867595603761375636600446885021763720767102316324135141733502720227310626738484906842385319617624912390353669647703234793045770763559812093345055112587671439512740193289116006007353336367771336394894750038769027908188635767749793338617999123901524534608564992875335716111486449351,39715067244863987360340272078317370365843644014789936236036199262473457574264679348390143428361125382736067496039151890184678928768854833189790136479777609528636249858883696374134287288715979537748064510430234126980935289501731299010606960764430656892178204058585839865296367804801209135115464716302847366956316921675416831530965223867898866140880682642265567175967152213336627690242586737780324424921994563947686285067358017895551387982080576986860073262501270600572648408598392985594309468643011178788331807971576362723307081677793475265777072451071036587458095144824280227769731687700,-69.0,70.3776954619093,69.68884773095502,7.389644451905042e-13
508,259080,-689746943899013061425163074994745685725064465797137595926444010766729597164046690451412314158570429043981997377182912984739806935789148772883585081495548267648613848236801327990858741910116422620221788354033928649334907581916119220537849770447086457616611638266991796481767959517569133112810821399051415960498706458960087997512244752440522547515491619956046392604223232938891530023073608569701508676444856474061977917476316067184035893441242240793404808723990632827234208117897434170243017097847188252433896232748005985214213363520028136246501611920369279829331161257851939515686499251,20286674820559207688975384558668990756619543111680517527248353257844988151883726189747421004663836148352411687564203323080582556934974963908340737691045537283782760242258862587966433585591659488830052598648056724980438458291650565309936757954326072282841518772558582249463763515222621562141494747030923998838197248792943764632713080954133016103396812351648423311888918615849750883031576722638279666954260484531234644631656354917177526277683595317453082609529136259624535532879336299124794620524917301542173418610235470153359216574118474595485341527069684700862681213466233515167249978,-34.0,56.006531892523526,45.003265946261706,1.1368683772161603e-13
509,260099,-750392761235256208386056569330692177968300404304291838695789553766734521372131394893185194466301511889957250453112422670445921126179232314058022330257661417305040199197044747640475167281205029526892001495209765306062143792945755351492337730716758125875814265504460402920692862498169429745473563149026470125969665066687068332404945409976076713046950537874359349995602962937701996482720179231849359631134828966017774404813062673529610697152106305552971073692725870602124201608424294796135959028646211216609350061177237859654038151949364917754620213640733498751847984040717145670034309277971,28861260047509854168694483435795852998780784780934301488299598221797481591235822880507122864088519688075278863581247025786381581776124319771462397317602362204040007661424797986172121818507885751034307749815760204079313222805605975057397605027567620225992856365556169343103571634544978067133598582654864235614217887180271858938651746537541412040267328379783051922907806266834692172412314585840359985812878037154529784800502410520369642198157934828960425911258687330850930831093242107543690731871008123715744233122201456140539928921129419913639238986182057644301845540027582525770550356900,-26.0,53.06227335441008,39.531136677204955,1.7053025658242404e-13
510,261120,619555049019878202821308244421750977707160846630723005282164708494585938158528997834886237482433555970682652938210769486880991288794135397760726129084530708646725497798585663436494881703969280788869806362711652380902590516227008264565468587925118247517979983313939101898623337754898862507801249574324418924518543978136502571883057492339222311797738649219342847945087574528051391967784353109373061028783115197583906047050785079170601652520457000995017142895019821368933315174134930575271227710830974389097976204356591258483590474173578214146122330236708170764346284259258771553207814335823,154888762254969550705327061105437744426790211657680751320541177123646484539632249458721559370608388992670663234552692371720247822198533849440181532271132677161681374449646415859123720425992320197217451590677913095225647629056752066141367146981279561879494995828484775474655834438724715626950312393581104731129635994534125642970764373084805577949434662304835711986271893632012847991946088277343265257195778799395976511762696269792650413130114250248754285723754955342233328793533732643817806927707743597274494051089147814620897618543394553536530582559177042691086571064814692888301953582030,4.0,46.70947883352346,21.3547394167594,4.661160346586257e-12
511,262143,252879611844848246049513569151735092941698304747233879707006003467177933942256733810157647952013696314564348138045212035461629097466994039902337195544706411692541019509626801402650972124069094199538696474576184645266363476011023781455293301193925815313461217679158817101478913369346474492980101867071191397762671011484286764033901017281315229305199448660956264467382683480837302843993613514029820828074740896973022876347259215988000674498145714691843731793885641375074822520055073704192337841155499750652235185451669901421873662927991107814743808259880886026263789493575008797227679319179,31609951480606030756189196143966886617712288093404234963375750433397241742782091726269705994001712039320543517255651504432703637183374254987792149443088301461567627438703350175331371515508636774942337059322023080658295434501377972681911662649240726914182652209894852137684864171168309311622512733383898924720333876435535845504237627160164403663149931082619533058422835435104662855499201689253727603509342612121627859543407401998500084312268214336480466474235705171884352815006884213024042230144437468831529398181458737677734207865998888476842976032485110753282973686696876099653459914700,8.0,40.174107886109596,16.087053943055707,1.8189894035458565e-12
512,263168,3006664208478820690162231186164379744755339402766743996222269908870784699886978960081065564252986374563606992200140498980451869489736245312662347391145516674314991386375489249030048690622203862651868177936688901260262571622866363636861832853166015024719608742552939759213907374398773891581976652345986150663104698717427144834138367242234461219018437562387987350321748523444955284549541713619016325580859235517686602875393515825386743313702217798946406722872890309584529323639184221909404487420209140417681355109377575224993894948195306039238534837913436711062268732434638156067037922481557,136666554930855485916465053916562715670697245580306545282830450403217486358499043640048434738772107934709408736370022680929630431351647514211924881415705303377954153926158602228638576846463811938721280815304040966375571437403016528948265129689364319305436761025133625418813971563580631435544393288453915939232031759883052037915380329192475509955383525563090334105534023792952512934070077891773469344584510705349391039790614355699397423350100809043018487403313195890205878347235646450427476700918597291712788868608071601136086134008877547238115219905156214139194033292483552548501723748850,22.0,35.83111107612558,6.915555538060147,5.286437954055145e-12
513,264195,-138904789671998828382203501087446571134140219281758408717415699169242891778544071002632876253187972961206154973015033835377840593861986669153964605201195149590899957869133932613396456726916436023383788499743180022622449990826630512201597595140472350670228040586688031301337626170145795834815474569863267326616802506148085260495208585176303766017044729502767277420268176980858360892143055274025092153016520606722418241283565932810012541401678271954555121397256381704648427590126978221347081992691589927733195613045164909659379069861477403722466732165042508338685029460470546437526574219,19843541381714118340314785869635224447734317040251201245345099881320413111220581571804696607598281851600879281859290547911120084837426667021994943600170735655842851124161990373342350960988062289054826928534740003231778570118090073171656799305781764381461148655241147328762518024306542262116496367123323903802400358021155037213601226453757680859577818500395325345752596711551194413163293610575013164716645800960345463040509418972858934485954038850650731628179483100664061084303854031621011713241655703961885087577880701379911295694496771960352390309291786905526432780067220919646653460,-7.0,75.25945295455995,41.12972647728219,4.433786671143025e-12
514,265224,-7744438112748477535266353055271887221339510582884037566027058856182324226981612472936077968530419449633533161727634618586012391109926692472009076613556633858084068722482320792956186021299616009860872579533895654761282381452837603307068357349063978093974749791424238773732791721936235781347515619679055236556481799726706282148538218654240278897471733115241785599313594681600642399597304413867163262859788939969798825588134813489632520656505712512437714286187747767111666439676686632190890346385387179863724702554457390731044880927169727676826529127958852134554328553240734644415097679062301,774443811274847753526635305527188722133951058288403756602705885618232422698161247293607796853041944963353316172763461858601239110992669247200907661355663385808406872248232079295618602129961600986087257953389565476128238145283760330706835734906397809397474979142423877373279172193623578134751561967905523655648179972670628214853821865424027889747173311524178559931359468160064239959730441386716326285978893996979882558813481348963252065650571251243771428618774776711166643967668663219089034638538717986372470255445739073104488092716972767682652912795885213455432855324073464441509767910150,-10.0,82.99238332509276,46.49619166254578,1.1937117960769683e-12
515,266255,-202763470588323775468791789083482138158707186170054801728708450052773579760973126564144586812432800135859777325232615468433778967241717039267146733154937322829837435643173489851943779466753582803630118445978358961022665987128839068403244265139129608278611630902743706075913092356148718638916772587960718920751523483753764478070818815674654574770169012471784932054755933481907728280365788290340274518510837701027460160852984207728560540824876836689278337674733759720741812238807795460997856341726500709159337666880338957321902337002261960993276398986559037704695147575757416144686193779253,16896955882360314622399315756956844846558932180837900144059037504397798313414427213678715567702733344654981443769384622369481580603476419938928894429578110235819786303597790820995314955562798566969176537164863246751888832260736589033603688761594134023217635908561975506326091029679059886576397715663393243395960290312813706505901567972887881230847417705982077671229661123492310690030482357528356209875903141752288346737748683977380045068739736390773194806227813310061817686567316288416488028477208392429944805573361579776825194750188496749439699915546586475391262297979784678723849481676,-12.0,68.99911346376166,40.49955673188248,3.296918293926865e-12
516,267288,-254603078840073358011437143662682482050966384891112177524092165820423880208282027535010023495676738854502519036135978660238629047945393627534881005427600941140259700559568495836002372801494596080700360453027447365897051207260169544525930368302434603398001535767430655384078831614118972150615034407677004969866381904375443613107242350112848356642471563862486945328064969427732724362756890929552948479319364285985850169804396670372057680334254514482184674203881144507123040021740703078880141878486794978196953021288081530241973173641874566418190017609855291073530766993221430790269503649,19584852218467181385495164897129421696228183453162475194160935832340298477560155964231540268898210681115578387395075281556817619072722586733452385032892380087712284658428345833538644061653430467746181573309803643530542400558474580348148489869418046415230887366725435029544525508778382473124233415975154228451260146490418739469787873085603719741728581835575918871389613032902517258673606994580996036870720329691219243831107436182465975410327270344783436477221626500547926155518515621452318606037445767553611770868313963864767167203221120493706924431527330082579289768709340830020731050,-13.0,83.10738077111137,48.05369038555253,6.30961949354969e-12
517,268323,-1169987251236692606453352427430885254574084765325986715417465552167137398796179699049904138464390897704956477203253332112552387522744524299884288493946690917865931747929496663965885262121783587243399566345718269405337822480316894407533838025314647141892925904207310310644376888912827855323112984050920457235560191823349515753074475001584813822936395077273374717575797058820960441076754075441653248156481314343739672257149195677702537395702792992021409417409487142366834073297833838001418642049384322976730702504733525811994543328499411213782003871731518243691404396758051840376945677999,19499787520611543440889207123848087576234746088766445256957759202785623313269661650831735641073181628415941286720888868542539792045742071664738141565778181964432195798824944399431421035363059787389992772428637823422297041338614906792230633755244119031548765070121838510739614815213797588718549734182007620592669863722491929217907916693080230382273251287889578626263284313682674017945901257360887469274688572395661204285819927961708956595046549867023490290158119039447234554963897300023644034156405382945511708412225430199909055474990186896366731195525304061523406612634197339615761300,-60.0,72.20982496854094,66.10491248427005,8.526512829121202e-13
518,269360,-1300824853267408168293600437980737334633553359093880040756644658081015476223878416462751574541105844964141700169017305256999532539251464661240817615280059671144359514660883699815479371813999764327109337305237978194975772926102334237012275792555767849320122598985728486625405202949219397527138795433493588390801689504088883726951223791001793388536178795941669582135154415243997093819461151704591832060182657363414167837893366908800515315219695161492483659820112230969326832720523137985517034741539149419302774590269448491154490507969009537493947565887878058785292307024934327938356773909,19415296317424002511844782656428915442291841180505672250099174001209186212296692783026142903598594700957338808492795600850739291630618875540907725601194920464841186785983338803216110027074623348165811004555790719327996610837348272194213071530683102228658546253518335621274704521630140261599086499007366990907487903046102742193301847626892438634868340237935366897539618137970105877902405249322266150151979960647972654296915924011947989779398435246156472534628540760736221383888405044559955742411032080885116038660738037181410306089089694589461903968475791922168541895894542208035175730,-67.0,86.96658080724,76.98329040362052,1.0231815394945443e-12
519,270399,-5624907681890999472982930113829054929183434002305248337430179590279793385912960638237782945564199389733829349044281986130893210385104650321775013540372713012713692019487159312778703531259721101898949557766724212405562992844692575033554912179846468299834291953771289214605922408564213356978721871135313803393655201906765615455254074601500834146584732473175612698448821400320466584970673732177202790919215124820169673321908443481943620266304149087981076692073206272954789308817803974959699304216754899058915836592184841688864176673418012733695057998201692602992091264985375689101491998501083,81520401186826079318593190055493549698310637714568816484495356380866570810332762873011347037162309996142454333975101248273814643262386236547463964353227724821937565499813903083749326539995957998535500837198901629066130331082501087442824814200673453620786839909728829197187281283539324014184374943990055121647176839228487180510928617413055567341807717002545111571722049280006762101024256988075402766945146736524198164085629615680342322700060131709870676696713134390649120417649332970430424698793549261723417921625867270853104009759681343966595043452198443521624511086744575204369449253700,-69.0,82.13781148226508,75.56890574113265,2.2737367544323206e-13
520,271440,-1289616884687828991830112227421937228357766146522258026404406470396957184560129329406529697754537350877213177173484576724898298010103363727164429310571130777908866917873283194055087519391262017300058314474390478113597414085597413748163489356001706306191893217411268790456311781706792089847852731498686966196804475162642775951167045233836457527353314573682613732208303327121270139860865902147632505558856366292970103925450559224072024068561905650138751975082836088968514108259818576753547044135257713560008835767736162989884446432509933526400838701561434305990157855268122831305608411829,19248013204295955101941973543611003408324867858541164573200096573088913202389989991142234294843841057868853390649023533207437283732886025778573571799569116088192043550347510359031157005839731601493407678722245941993991255008916623106917751582115019495401391304645802842631519129952120743997801962666969644728425002427504118674135003490096381005273351846009160182213482494347315520311431375337798590430692034223434386947023272001074986097938890300578387687803523715947971765071919056023090210973995724776251280115465119252006663171790052632848338829275138895375490377136161661277737490,-67.0,71.76432392958532,69.38216196479223,8.526512829121202e-13
521,272483,-302033086397190623875387769155603601632240912732477465075055295391110644852282886444507040772686358535707793307377750124854483253287141006408353987928708720465278680176810510925291254830685024384574030601821930535690012876660666528975665936613495145665015241865545312175578877155513195472553109167483154225702790189341545003792990527515370877001397591494429638373230192582425053584294872140819367251531768658822154197937257726095668305603722787985070857161322162917354991147390778655444723509030100014685263399623838238510750356159619379396234635990395233247618813576388651132188809484716047,4646662867649086521159811833163132332803706349730422539616235313709394536188967483761646781118251669780119897036580771151607434665956015483205445968133980314850441233489392475773711612779769605916523547720337392856769428871702561984241014409438386856384849874854543264239675033161741468808509371807433141933889079836023769289122931192544167338483039869145071359588156808960385439758382648320297957715873363981879295352880888093779512393903427507462628571712648660266999863806011979314534207831232307918234821532674434438626928556301836606095917476775311280732597131944440786649058607460900,-65.0,104.29763907763163,84.64881953881584,5.684341886080802e-14
522,273528,-29428864828444214634012141610033171441090140214959342750902823653492832062530127397157096280415593908607426014565011550626847086217721431393634491131515208660719461145432819013233506880938540837471315802228803488092873049520782892566859757926443116757104049207412107340184608543357695969120559354780409898914630838961483872164445230886113059810392585837918785277391659790082441118469756772695220398867197971885235537234912291260603578494721707547263314287513441515024332470771409202325383316264471283482153869706938084777970547523244965171940810686243638111306448502314791648777371180545117,774443811274847753526635305527188722133951058288403756602705885618232422698161247293607796853041944963353316172763461858601239110992669247200907661355663385808406872248232079295618602129961600986087257953389565476128238145283760330706835734906397809397474979142423877373279172193623578134751561967905523655648179972670628214853821865424027889747173311524178559931359468160064239959730441386716326285978893996979882558813481348963252065650571251243771428618774776711166643967668663219089034638538717986372470255445739073104488092716972767682652912795885213455432855324073464441509767910150,-38.0,77.99594590558763,57.9979729527964,5.172751116333529e-12
523,274575,-171011330466138251407464092492049279254261412613522267298640813851784133086755841885357791122551125674297487469910351634114240372911342040723993595097858565227888409500928386521758386043541787618837890488388789530396961131265505562813261893250508011643925039864609333162228118744834992411525831017877684178392531920604444677266377888457737864386298467857881544240501385350931194495186750229539273423880513917016964804743208787110820550594495277217541381526565000071164811279126982002620408801983646246147389616610725673997188071752505794249987762133667838338928925913430931239001114179,19001258940682027934162676943561031028251268068169140810960090427976014787417315765039754569172347297144165274434483514901582263656815782302665955010873173914209823277880931835750931782615754179870876720932087725599662347918389506979251321472278667960436115540512148129136457638314999156836203446430853797599170213400493853029597543161970873820699829761986838248944598372325688277242972247726585935986723768557440533860356531901202283399388364135282375725173888896796090142125220222513378755775960694016376624067858408221909785750278421583331973570407537593214325101492325693222346020,-9.0,59.296809210366064,34.14840460518468,3.296918293926865e-12
524,275624,-189200993006713784585934991618815294054565923830811116705466555115735503969517475335783723589267313931941329879255224930234754703533311704813857259059015298209664781447811936601615333142494100259636780528854018944142341786513618491666775833670137986122822620864294048887174565875458743650435652817553895532215326100638605555881777697848651324481992225752464284941332313043493955054210715584269076513101841412326005332087953618320460287869550050386517120601995515373624757274445303196109603973681454266726174968959927133343116222558443471994263600771000565190216256583810711444459498499,18920099300671378458593499161881529405456592383081111670546655511573550396951747533578372358926731393194132987925522493023475470353331170481385725905901529820966478144781193660161533314249410025963678052885401894414234178651361849166677583367013798612282262086429404888717456587545874365043565281755389553221532610063860555588177769784865132448199222575246428494133231304349395505421071558426907651310184141232600533208795361832046028786955005038651712060199551537362475727444530319610960397368145426672617496895992713334311622255844347199426360077100056519021625658381071144445949850,-10.0,37.5069556816693,23.753477840829646,1.000444171950221e-11
525,276675,-13225313033265051948566514248740168653847440075861082214561808227306432177439863664784106875651291014152503264690870284613223130959480722776501542985384070956334041824928758004391516358212808949516104240911742990068528204779886875926684879545199568502025845292415777216226770756672717918885740959714642768503679920715557526164991375041723957394697212544912080498006795515377123309657137258492364192732644495186520161923908384284429920332949000021240103214507812278811384396163799831656036059508707170867444483836840207488155461681866201615598670431982276223212646462020302184222826906813,508665885894809690329481317259237255917209233686964700560069547204093545286148602491696418294280423621250125565033472485123966575364643183711597807130156575243616993266490692476596783008184959596773240035067038079558777106918725997180187674815368019308686357400606816008721952179719919957143883065947798788603073873675289467884283655450921438257585097881233865307953673668350896525274509942014007412794019045635390843227245549401150782036500000816927046711838933800437861390915378140616771519565660417978633993724623364929056218533315446753795016614702931662024863923857776316262573340,-26.0,48.51717061094723,37.258585305475634,4.035882739117369e-12
526,277728,-3376689824612373026059015938640456604028563585299340556366714129575898943528062992341869617846269653208429545117782698315244120824036055143670842212145905322905632754515945407872764779289128410665303064980987859063127264640434969830856052909990834137333660253509587431320162076274792143600399223753675708112701896545326480117086644279154252843894368046759008327583865132592388227424157145789040009967206862860169533720573278172937658886638636369059391448087092987622265724733676316629993610806796241492794725334404792121667704786208732363996742589038086825617758252993562086075909168991,168834491230618651302950796932022830201428179264967027818335706478794947176403149617093480892313482660421477255889134915762206041201802757183542110607295266145281637725797270393638238964456420533265153249049392953156363232021748491542802645499541706866683012675479371566008103813739607180019961187683785405635094827266324005854332213957712642194718402337950416379193256629619411371207857289452000498360343143008476686028663908646882944331931818452969572404354649381113286236683815831499680540339812074639736266720239606083385239310436618199837129451904341280887912649678104303795458450,-20.0,88.26695625335242,54.1334781266778,3.183231456205249e-12
527,278783,-18586651470596346084639247332652529331214825398921690158464941254837578144755869935046587124473006679120479588146323084606429738663824061932821783872535921259401764933957569903094846451119078423666094190881349571427077715486810247936964057637753547425539399499418173056958700132646965875234037487229732567735556319344095077156491724770176669353932159476580285438352627235841541759033530593281191830863493455927517181411523552375118049575613710029850514286850594641067999455224047917258136831324929231672939286130697737754507714225207346424383669907101245122930388527777763146596234429594847,4646662867649086521159811833163132332803706349730422539616235313709394536188967483761646781118251669780119897036580771151607434665956015483205445968133980314850441233489392475773711612779769605916523547720337392856769428871702561984241014409438386856384849874854543264239675033161741468808509371807433141933889079836023769289122931192544167338483039869145071359588156808960385439758382648320297957715873363981879295352880888093779512393903427507462628571712648660266999863806011979314534207831232307918234821532674434438626928556301836606095917476775311280732597131944440786649058607460900,-4.0,77.2602982442445,40.63014912211963,5.229594535194337e-12
528,279840,267535134804038314854655832818483376737183092863266752280934760486298473295728430883246329821959944623703872859681923187516791692888376649033040828468320078733813283140298354665759153463077643977011961838443668073571573177461662659698725072058573788700945901885564612183496441303251781537459630498003726353769371263286217019676774826237391452821750780344716229794469634455294919258815970660865639989701799744411232156681020829641850713588379159520575584431940377409312113370649174566594393784222466213474126088244891679799732250211317865199461915329487619193694986384679924079794283460627,14080796568633595518666096464130704038799110150698250120049197920331498594512022678065596306418944453879151203141153851974567983836230349949107412024648425196516488586331492350829429129635665472474313780970719372293240693550613824194669740634661778352681363257134979588605075858065883238813664763052827702829966908594011422088251306644073234359039514754985064726024717602910258908358735297940296841563252618126906955614790569981150037557283113658977662338523177758384848072139430240347073357064340327024954004644467983147354328958490413957866416596288822062826051914983153898936541234730,19.0,46.60186195923279,13.800930979616197,3.979039320256561e-13
529,280899,2824442135237680042273611114275629457194409741993001935845162641666494718075646901894334317934623563983994447218313802072545695581267381960379780882591242936477719181140611112725197254826918780066906470182950179971761809706329008264930812680246862598979026394519428258655488745647333049667917461294714262744128656370916408783584526803311160539077926194970533571514369825054351933970781609763318366454746554577220748155672696684454213415902083386889048739668472715064254819176203359975501185152317677362064303284566813090145780102850135976254381211373228425543343354711326752669035624147819,91111036620570323944310035944375143780464830386871030188553633602144990905666029093365623159181405289806272490913348453953086954234431676141283254277136868918636102617439068152425717897642541292480853876869360644250380958268677685965510086459576212870291174016755750279209314375720420957029595525635943959488021173255368025276920219461650339970255683708726889403689349195301675289380051927848979563056340470232927359860409570466264948900067206028678991602208797260137252231490430966951651133945731527808525912405381067424057422672585031492076813270104142759462688861655701699001149165900,31.0,37.047911706606556,3.0239558533029367,6.821210263296962e-13
530,281960,442662282473615990584033199682114777864045379246338828050607897150103079698865635733257344289437701245277964231643466469410464938605741164597033712678980381679079861881258363111058939811513001794135534256690737222889160849922047741919518698950189673930204409941289399205145083141673461879904040500847042457878529417157823454685628343671099178833775083791059868336902168916164214481011326795884376553729054640436244545981587402257406015376026119077136846429974865424554426750860506900920180160955723375690214411877054842722368456917572653301718808568282740196016080525013213510012331121,18444261769733999607668049986754782411001890801930784502108662381254294987452734822219056012059904218553248509651811102892102705775239215191543071361624182569961660911719098462960789158813041741422313927362114050953715035413418655913313279122924569747091850414220391633547711797569727578329335020868626769078272059048242643945234514319629132451407295157960827847370923704840175603375471949828515689738710610018176856082566141760725250640667754961547368601248952726023101114619187787538340840039821807320425600494877285113432019038232193887571617023678447508167336688542217229583847130,24.0,65.0355545892221,20.51777729461051,1.0800249583553523e-12
531,283023,606103230652309965881561112340591901683138701628519144036932900722193972537722098888642546540427225665310726392458152786848036680764086401385728921149681415652071641132956056889054176288404805647766053111236808782351255381635794450755370605160880997737882257098812724936694991933917019327336366103589007141772063395385581366049877780626173539070015042636702813383805776032114404398645920616656716212005158290553559769025503895739107046435328676075095923075015537144549436172535980510842706550895345568066108985538162464869338844782110999123158651557890029622067430142994256597688212901,18366764565221514117623064010320966717670869746318761940513118203702847652658245420867955955770521989857900799771459175359031414568608678829870573368172164110668837610089577481486490190557721383265637973067782084313674405504114983356223351671541848416299462336327658331414999755573243009919283821320879004296123133193502465637875084261399198153636819473839479193448659879761042557534724867171415642788035099713744235425015269567851728679858444729548361305303501125592407156743514560934627471239252896002003302592065529238464813478245787852216928835087576655214164549787704745384491300,33.0,55.16471195274471,11.082355976373037,1.3642420526593924e-12
532,284088,1774107873642874432422918183315714664690580560044757442563410030110491580703342724593910594307088979558493060689088061787882771503348579859209032027761361935229328734574274654409819908995731887104136788169916818628449545381586679075137875594216767529734668610557001537567203072592435280425829570670165925763358133749357649123605335496921113414389056307249021569405612932752195906669198044883723015604467154375151704135392100012975827182016045423579950135229463036180317040948063678347108999360892134347545748170376135136649159128865369918645758036539708232888009516719059255386402651851,18289771893225509612607403951708398605057531546853169510962990001139088460859203346328975199042154428438072790609155276163739912405655462466072495131560432321951842624477058292884741329852906052619966888349657924004634488469965763661215212311513067316852253717082490078012402810231291550781748151238823976941836430405748960037168407184753746540093363992257954323769205492290679450197917988491989851592444890465481485931877319721400280226969540449277836445664567383302237535547048230382567003720537467500471630622434382852053186895519277511811938521027919926680510481639786138004151050,97.0,34.47116267290812,-31.264418663544973,1.9326762412674725e-12
533,285155,5190784585124898220599887790108741655459309396073181474926514706152581843464402676617616198407454094609835063813524820296749118588133128516270659876210423869602648707670658914632073727162114013468727922000180919016871287519589339208265317419656796684251571638740009133986506161493763130271142267379200178152507154348914352758059913336110093842107462470186556932807936072723997453527247642415619472607639034727430080061033035205202003066192951845671138237875962246648093919391331363467485543290156620310424004455902846898613129401454280971042965138190940578182421097909517390279203147977,91066396230261372291226101580855116762444024492511955700465170283378628832708818888028354358025510431751492347605698601697352957686546114320537892565095155607064012415274717800562696967756386201205753017547033666962654167010339284355531884555382397969325818223508932175201862482346721583704250304898248739517669374542357065930875672563334979686095832810290472505402387240771885149600835831852973203642790082937369825632158512371964966073560558695984881366244951695580595077040901113464658654213274040533754464138646436817774200025513701246367809441946325933024931542272234917179002596,57.0,74.35814353479736,8.67907176739692,3.524291969370097e-12
534,286224,1178923340894754068695550126683699078168266675771007381418203765080800662202404765312642141395529788112554522382951006365701317178728389448653574978058458513725062570461488211766439709090318369612770129674472979600185846962304607168691171286655796566918098167269902152960564561057297186790296061451412422717560872578364618233811059304727553639044620840044769348123805368519266858647333162138142841953877798304496413647225375013059120454045460814792972736134812536270775237309971266522419430232675628682503350584415865471130277665205349771642718549186925662769693332304381254565637015251,18137282167611601056854617333595370433357948858015498175664673308935394803113919466348340636854304432500838805891553944087712571980436760748516538123976284826539424160945972488714457062927974917119540456530353532310551491727763187210633404410089177952586125650306186968624070170112264412158400945406344964885551885820994126674016296995808517523763397539150297663443159515681028594574356340586812953136581512376867902265005769431678776216084012535276503632843269788781157497076481023421837388195009672038513085914090238017388887157005381102195669987491164042610666650836634685625184850,65.0,53.87268520116368,-5.5636573994147795,6.764366844436154e-12
535,287295,6505328014708721129623736566428385265925188889622591555462729439193152350664554477266305493565552337692167855851213079612250408532338421676487624355387572440790617726885149466083196257891677448283132966808472349999477200420383586777937420173213741598938789824796360569935545046426438056331913120530406398707444711770433277004772103669561834273876255816803099903423419532544539615661735707648417140802222709574631013494033243331291317351464798510447680000397708124373799809328416771040347890963725231085528750145744208214077699978822571248534284467485435793025635984722217101308682050450977,103259174836646367136884707403625162951193474438453834213694118082430989693088166305814372913738925995113775489701794914480165214799022566293454354847421784774454249633097610572749146950661546798144967727118608730150431752704501377427578097987519707919663330552323183649770556292483143751300208262387403154086423996356083761980509582056537051966289774869890474657514595754675231994630725518228843504797185866263984341175130846528433608753409500165836190482503303561488885862355821762545204618471829064849662700726098543080598412362263035691020388372784695127391047376543128592201302388020,63.0,60.25622921767945,-1.3718853911610154,1.4779288903810084e-12
536,288368,195159840441261633888712096992851557977755666688677746663881883175794570519936634317989164806966570130765035675536392388367512255970152650294628730661627173223718531806554483982495887736750323448493989004254170499984316012611507603338122605196412247968163694743890817098066351392793141689957393615912191961223341353112998310143163110086855028216287674504092997102702585976336188469852071229452514224066681287238930404820997299938739520543943955313430400011931243731213994279852503131210436728911756932565862504372326246422330999364677137456028534024563073790769079541666513039260461513486969,2323331433824543260579905916581566166401853174865211269808117656854697268094483741880823390559125834890059948518290385575803717332978007741602722984066990157425220616744696237886855806389884802958261773860168696428384714435851280992120507204719193428192424937427271632119837516580870734404254685903716570966944539918011884644561465596272083669241519934572535679794078404480192719879191324160148978857936681990939647676440444046889756196951713753731314285856324330133499931903005989657267103915616153959117410766337217219313464278150918303047958738387655640366298565972220393324529303730450,84.0,38.57139893428257,-22.714300532862467,7.503331289626658e-12
537,289443,1810388130252890852399926688245376233559885590804060729720611161185478390722974344322719525111007144070176583261005495253873026493229616422028095831740511810980691389671191873678069459524585560746697486124806776437702374885078920253600395224456514359630460990203068804249224038894184987847471183821077847506710031104944325697060882282809415846162223325640936893346035120374176145360408824020895308200989622330602322864758787569005004828793543184725699443524408568935194752132212459473195145908272327760351229168574454976088413723234481794582824990951419979506206674783548358434698158752123,20115423669476565026665852091615291483998728786711785885784568457616426563588603825807994723455634934113073147344505502820811405480329071355867731463783464566452126551902131929756327328050950674963305401386741960418915276500876891706671058049516826218116233224478542269435822654379833198305235375789753861185667012277159174411787580920104620512913592507121521037178168004157512726226764711343281202233218025895581365163986528544500053653261590941396660483604539654835497245913471771924390510091914752892791435206382833067649041369272019939809166566126888661180074164261648427052201763900,90.0,45.18665643948816,-22.406671780257597,3.353761712787673e-12
538,290520,1355700326082884470068508193483043714895319139235717735847187545940012993782339163752486296460467299717029875138316782247004357305895263452430472930163086889817780082710253092858850944647635187721815768846196175888189475965485794889639975028282534458463851166988925824723464634036977817303722646770950588456276901483887314161669710048882324533474264002668146275591001257172978975859484361289656588684426947915938525267069551595559303397200124728654304470229802672579722790315393721171271833065275655118376315545638055270204793160117238980626088249970915034495287274090281775827588215161,17838162185301111448269844651092680459148936042575233366410362446579118339241304786216924953427201312066182567609431345355320490867042940163558854344251143287076053719871751221826986113784673522655470642713107577476177315335339406442631250372138611295576989039327971377940324132065497596101613773301981427056275019524833081074601448011609533335187684245633503626197384962802354945519531069600744587952986156788664806145651994678411886805264799061240848292497403586575299872570970015411471487700995462083898888758395464081642015264700512902974845394354145190727464132766865471415634410,76.0,53.86235739271115,-11.068821303645336,1.8189894035458565e-12
539,291599,1438930807089433412269591421331326414663435706556068286795893475184218915205190088216468271356997141298050272241599893195601169129149238839998780908360135969869845967651521359708798216283891967623221434364727199405886491666091576298122186372102616653224093221533201581240183957908242410123100440481869351859910828373079093135726930280713989633393583449876517401246480666767817366050369097691026591740556956223911178020267508518196500747054037856567379598915485174013843341406233041088497760951526430660273276053915522059299004136806918117566566816475959359631073895176797341116775104101,17764577865301647065056684213966992773622663043902077614764116977582949570434445533536645325395026435778398422735801150562977396656163442469120751955063407035430197131500263700108619954122123057076807831663298758097364094643105880223730695951884156212643126191767920756051653801336326050902474573850238911850750967568877693033665805934740612757945474689833548163536798355158239087041593798654649280747616743505076271855154426150574083296963430327992340727351668814985720264274481988746885937673165810620657729060685457522209927614900223673661318721925424192976220928108609149589816100,81.0,50.80973200235576,-15.09513399882266,1.0800249583553523e-12
540,292680,1450700000560537196783188921832769279611284678004548441837164651529298884323226094302132252243276744420216377525222247227990899077130756785162179971014606456568574837792233706504642498564405511841442721922968460743404123995734285485276082930035970768031820634829897383086439568700791168636199385068378136830683055574163141373341253979777733568458440012449632025456801288158201431792070729724974043528275712341572823982243414520045383652389419591136248021627402208802185375336352493066026289899718443743747402877134222821120914302747955841233067706436609651704066113913741269770503734293,17691463421469965814429133193082552190381520463470102949233715262552425418575927979294295759064350541709955823478320088146230476550375082745880243548958615324007010216978459835422469494687872095627350267353273911504928341411393725430196133293121594732095373595486553452273653276838916690685358354492416302813207994806867577723673829021679677664127317224995512505570747416563432095025252801524073701564337955385034438807846518537138825029139263306539610019846368400026650918736006013000320608533151752972529303379685644160011150033511656600403264712641581118342269681874893533786630906,82.0,40.270904590589,-20.86454770470496,1.0800249583553523e-12
541,293763,153339874632419855198273790494383366982522309541103943807335765352410019694235926964134343776902305102743956602207165448003045343976548510945779716948421350390064560705149951700532483221732396995245277074771133964273391152766184545479953475511466766260700045870199927719909276094337468470680809269645293683818339634588784386541056729353957522169940315681787354866409174695692719512026627394569832604623821011402016746645069307094723908998813107746266742866517405788810995505598395317379628858430666161301749110578256336474688642357960608001165276733585272264175705354166545959418934046297611,1548887622549695507053270611054377444267902116576807513205411771236464845396322494587215593706083889926706632345526923717202478221985338494401815322711326771616813744496464158591237204259923201972174515906779130952256476290567520661413671469812795618794949958284847754746558344387247156269503123935811047311296359945341256429707643730848055779494346623048357119862718936320128479919460882773432652571957787993959765117626962697926504131301142502487542857237549553422333287935337326438178069277077435972744940510891478146208976185433945535365305825591770426910865710648146928883019535820300,99.0,37.74775457909209,-30.6261227104535,9.094947017729282e-13
542,294848,278799772058945191269588709989787939968222380983825352376974118822563672171338049025698806867095100186807193822194846269096446079957360928992326758088038818891026474009363548546422696766786176354991412863220243571406165732302153719054460864566303211383090992491272595854380501989704488128510562308445988516033344790161426157347375871552650040308982392148704281575289408537623126385502958899217877462952401838912757721172853285626770743634205650447757714302758919616019991828360718758872052469873938475094089291960466066317615713378110196365755048606518676843955827916666447198943516447786409,2323331433824543260579905916581566166401853174865211269808117656854697268094483741880823390559125834890059948518290385575803717332978007741602722984066990157425220616744696237886855806389884802958261773860168696428384714435851280992120507204719193428192424937427271632119837516580870734404254685903716570966944539918011884644561465596272083669241519934572535679794078404480192719879191324160148978857936681990939647676440444046889756196951713753731314285856324330133499931903005989657267103915616153959117410766337217219313464278150918303047958738387655640366298565972220393324529303730450,120.0,29.195669112883934,-45.40216544356173,7.389644451905042e-12
543,295935,2463960678958730371687382593317168383164372972723301848727512379357381883013273218669796341316159851973437526493138108468726230375133217439055180916142574319376891047261256234685670962945215450759593915979645258241870177209567556983802422036933538469567190659650967827824953196351349343193997184802271762519239428581182570729269225092227403000041776655382392439788383483061297632635459857517391594885158775959252291776221602531817420686111142244607023668646634930135375343813195273061241132375110492154984335894801132945399285182446960235646281056111464209335274611625077192672259880981,17474898432331421075797039668916087823860801224987956373953988506080722574562221409005647810752906751584663308461972400487420073582505088220249510043564356875013411682703944926848730233654010289075134155884008923701206930564308914778740581822223677089129011770574239913652150328732974065205653792923913209356308004121862203753682447462605695035757281243846754892116194915328352004506807500123344644575594155739377955859727677530620004866036469819907969281181808015144505984490746617455610867908585050744569758119156971243966561577638015855647383376677051130037408593085653848739431780,141.0,-0.39762581524837515,-70.69881290762663,4.888534022029489e-12
544,297024,2262470964869552303612723650386177978772863155969628269362272525907778038849433968137913516953087773775499024752449494182299851332143351583993303129873395810132652270663838969604494893748061936856813490953519034402945480997031143238991632295957925239256427049787975101879284756627588601036376167011117509949308150665120152541203102148478024802065945987508555535878935051592358282090944906183804634198010207411568456204538362106232112374088726997498601894883946177946732819070022387435258646329356465049291470217486821715175250051758611649671787650586868867821889732176668023492578930501,17403622806688863873944028079893676759791255045920217456632865583905984914226415139522411668869905952119223267326534570633075779478025781415333100999026121616405017466644915150803806874985091821975488391950146418484196007669470332607627940738137886455818669613753654629840651974058373854125970515470134691917755005116308865701562324219061729246661122980835042583684115781479679093007268509106189493830847749319757355419525862355631633646836361519220014576030355214974867839000172211040451125610434346533011309365283243962886538859681628074398366542975914367860690247512830949942914850,130.0,18.382610622284574,-55.80869468885899,2.5579538487363607e-12
545,298115,158915870073598759023665564694179125781886757160780450854875247728861293137662687944648319914244207106480100478651062373384974265575695729525626252110182126767885090185337222671460937157068120522345105332035538835701514467412227619861042692802792830488361865720025379636996886134131558233251020515814213454139006530392012909688004246785010522976119963524761440497914962866445182039736686572554190153882869048180271901068526372807259323871497220755221897152572584181131395342165609692557069907828144930803630896417465657801040956625522811928480377705715645801054821912499874903397804375216397,929332573529817304231962366632626466560741269946084507923247062741878907237793496752329356223650333956023979407316154230321486933191203096641089193626796062970088246697878495154742322555953921183304709544067478571353885774340512396848202881887677371276969974970908652847935006632348293761701874361486628386777815967204753857824586238508833467696607973829014271917631361792077087951676529664059591543174672796375859070576177618755902478780685501492525714342529732053399972761202395862906841566246461583646964306534886887725385711260367321219183495355062256146519426388888157329811721492180,171.0,-3.9711612341793625,-87.48558061709119,3.0127011996228248e-12
546,299208,3694157225616151823433563412674551111977922262749223277823129517025204254227459307688564485802353302769712450370491960808253241418372182397543504436397743453692331557433111137669401976145415656800095250028428036731637272654319254413910412751487174981857201826370922804045243136870816613263420508239123154098225943743207418986218440122166194155671602181445159972032876227319923931778577323334536117183413577231876933499455787813524194593522997743489447556436658320134401663042620732650180625741642013442786007058497830319959887921927471909682538469079629888314705459718514619853400136701,17262416942131550576792352395675472485878141414715996625341726715071047916950744428451235914964267769951927338179868975739501128123234497184782731011204408662113698866509865129296270916567362882243435747796392695007650806795884366420142115661155023279706550590518330860024500639583255202165516393640762402328158615622464574701955327673673804465755150380584859682396617884672541737283071604366991201791652230055499689249793400997776610250107466091072184843161954766983185341320657629206451522157205670293392556348120702429719102438913420138703450790091728450068717101488386074081309050,214.0,-41.9541406386702,-127.97707031933237,5.4569682106375694e-12
547,300303,14680760944166679153809260574341490558713159191901914690381728962154318969408621905217956496866360348000958515274994320450006097930121903990417206102220401574455017230444747242299552631681011218692784542072950023808343992667118239312529581757356062821621699604612904805858683438105212176815290479043774274515765498612364952246794188405429398257815981035849645744785770787729913418367064019330796446116817294899270817201855559484694691331463002849664536646860252288959506816082762485370557352278386132263408566581493140690154643844547831596071159564304606655068205431360696978108619948213717,67342940110856326393620461350190323663821831155513370139365729184194123712883586721183286682873212605508984015022909726834890357477623412800078927074405511809426684543324528634401617576518400085746718082903440476185064186546413941800594411730991113860649998186297728467241667147271615489978396692861349883099841736753967670856854075254263294760623766219493787820118214622614281735628734033627506633563382086693902831201172291214195831795701847934240993792936937105318838605884231584268611707699018955336736543951803397661259834149301979798491557634424801170037639593397692560131284166100,218.0,-46.006334097709896,-132.0031670488576,5.286437954055145e-12
548,301400,7434660588238538433855698933061011732485930159568676063385976501935031257902347974018634849789202671648191835258529233842571895465529624773128713549014368503760705973583027961237938580447631369466437676352539828570831086194724099174785623055101418970215759799767269222783480053058786350093614994891893027094222527737638030862596689908070667741572863790632114175341050894336616703613412237312476732345397382371006872564609420950047219830245484011940205714740237856427199782089619166903254732529971692669175714452279095101803085690082938569753467962840498049172155411111105258638493771939907,42242389705900786555998289392392112116397330452094750360147593760994495783536068034196788919256833361637453609423461555923703951508691049847322236073945275589549465758994477052488287388906996417422941342912158116879722080651841472584009221903985335058044089771404938765815227574197649716440994289158483108489900725782034266264753919932219703077118544264955194178074152808730776725076205893820890524689757854380720866844371709943450112671849340976932987015569533275154544216418290721041220071193020981074862013933403949442062986875471241873599249788866466188478155744949461696809623704190,176.0,3.030119425270186,-86.48494028736516,5.115907697472721e-13
549,302499,236979806250103412579150403491319748972989023836251549520428000999179121345637341671843985837030835158786114748865619328731979167963756789643477744374832996057372502907959016264459292251768249901742700933737207035695240872456830661196291734881357729675627343617581706476223426691248814909233977962179090238628343071637212233745269490819752534262635033326398639338995997256979657427677515064335195843509541563075844062996925292782755132089074802880594057157345081673616993054106610945041244599392847703829975898166396156369973356371393666910891791315540875317362453729166480119101988980596723,1548887622549695507053270611054377444267902116576807513205411771236464845396322494587215593706083889926706632345526923717202478221985338494401815322711326771616813744496464158591237204259923201972174515906779130952256476290567520661413671469812795618794949958284847754746558344387247156269503123935811047311296359945341256429707643730848055779494346623048357119862718936320128479919460882773432652571957787993959765117626962697926504131301142502487542857237549553422333287935337326438178069277077435972744940510891478146208976185433945535365305825591770426910865710648146928883019535820300,153.0,4.231924726539091,-74.38403763672952,1.8758328224066645e-12
550,303600,2182523468138207305393244951940259126013862073358228768607625677651382282149363515100167427494936390351268436486878847056058037494615704242111648863820505905460055730881381314378561515093528148233518636050461502705452307500345142750173809798372575644665611304855921836233786758000211902016118038273188293938644870832071770423678952529831351325651124787022685032533831228451090130795603971180746010442304155809670578120292538347078255821378882617141537662471092552549651451181611687253796370344972750688867870719892537387839920988566014163469294572424767419738038046822388854335163891383979,14080796568633595518666096464130704038799110150698250120049197920331498594512022678065596306418944453879151203141153851974567983836230349949107412024648425196516488586331492350829429129635665472474313780970719372293240693550613824194669740634661778352681363257134979588605075858065883238813664763052827702829966908594011422088251306644073234359039514754985064726024717602910258908358735297940296841563252618126906955614790569981150037557283113658977662338523177758384848072139430240347073357064340327024954004644467983147354328958490413957866416596288822062826051914983153898936541234730,155.0,6.7666885061239554,-74.11665574693674,2.5579538487363607e-12
551,304703,112183717804670803153715457114938480606260910443491629885020538288126810945133643536531186572712076027548608942740307189231665208363795230951674338373520381887103509779958189772251037508540151914270354223533859913256290497045390425048104490742155339818434232692916830236643582943476329746948297690779457283832464927469716715694539338791423468600519105412216722824342642959186448474166666795161479264854656930419657273519552869692676799224239892680169175517062517655017568140459432072022325874782608576883097834145997060018278703716430055204315721939289658063401273614087213277670129237309539,663808981092726645879973119023304618971958049961488934230890759101342076598423926251663825874035952825731413862368681593086776380850859354743635138304854330692920176212770353681958801825681372273789078245762484693824204124528937426320144915634055265197835696407791894891382147594534495544072767401061877419127011405146252755588990170363452476926148552735010194226879544137197919965483235474328279673696194854554185050411555441968501770557632501066089795958949808609571409115144568473504886833033186845462117361810633491232418365185976658013702496682187325818942447420634398092722658208700,169.0,-0.5349809796275622,-84.76749048981355,4.547473508864641e-13
552,305808,37689598815375924004962918202323184477185618170035649487998353100087311237977180701622246113514707988216528053741155143785260303401643236697110839519308951442675801116080627859053438636991464581322913220398292186504907589737143002761066005765444693390677115651597962032166253046756347469224576015771402151241544758669970573122885997450636023967695767827510023249992827450456459678040214814153527879250972841186354284528922758982878267194994467560530209526113705799943443339759874943328999685742217608670126885765025968224418420512226008027222441756066413721497732292438241936153475371642621,258147937091615917842211768509062907377983686096134585534235295206077474232720415764535932284347314987784438724254487286200413036997556415733635887118554461936135624082744026431872867376653866995362419317796521825376079381761253443568945244968799269799158326380807959124426390731207859378250520655968507885216059990890209404951273955141342629915724437174726186643786489386688079986576813795572108761992964665659960852937827116321084021883523750414590476206258258903722214655889554406363011546179572662124156751815246357701496030905657589227550970931961737818477618441357821480503255970050,146.0,0.731529745248281,-72.63423512737407,3.581135388230905e-12
553,306915,7451174000889157648102845780466369632753112733735332746770711592491363468833275774383484734877309140554285115785404996266730595704658868752526204055299085395718785444026546252933629326522627462762289236281596339377017990931382839521834011946442182726528606982810254110271107913840811933297138382658866731742950146982301509884502885492134316767923396723912135665193642209503624736813918759969706893568982695371560059723997740266313102923210436872034985953881272026865117068565900351465963083146675134859946406488280148403670680170460716373608492188772371954585019508399991726789757558963,50345770276278092216911120138286281302385896849563059099802105354671374789414025502591113073495332030772196728279763488288720241247695059138690567941210036457559361108287474681983981935963699072718170515416191482277148587374208375147527107746230964368436533667636852096426404823248729279034718801749099538803717209339875066787181658730637275458941869756163078818875960875024491464958910540335857388979612806564594998135119866664277722454124573459695851039738324505845385598418245618013264075315372532837475719515406408132910001151761597118976298572786296990439321002702646802633497020,148.0,-10.950853886439745,-79.4754269432218,3.865352482534945e-12
554,308024,12978610078606069248756715809869438584727593597522904334790174496912446807976081592575634112778565008696196953791829050457938007170428870832401418048925945017340887583194510018540366918453839244111669219494735476599942197883031293818052488522914115012661132409076482910462540609865553757706526176427658086091207429886825010773067497468830260497142283772439682073332437983647973124842379121170487399137439395949386997364943170192970362203661297520843893596852570395918172033389205873257836925321717825564724846349883765156164869415877543623923079848924145301356564403017231162709439558774893,80114877028432526226893307468329867806960454305696940338210953684644733382568404892442185881349166720346894776492771916407024735619931301434576654622999660600869676439472284065063993323789131136491785305523058497530507394339699344555879558783420463041118101290595573521373707468305887393250161582886778309204984135103858091191774675733520126525569652916294333786002703602765266202730735315867206167515057999687574057808291174030681248170748750128666009857114632073568963169069172057147141514331591515831634854011628179976326354418997182863722715116815711736768916068007599769811355301050,162.0,-12.686147086656547,-87.34307354332731,1.9326762412674725e-12
555,309135,2006819615303518526529889748235671645181890568434298430153098729688984886643930884291261943149621735644167723647682709859679732652833177701442352026817284251920915199391070953305168203780248322555252198870522526190314912759083135465657713469583535193047369945951672308323801680988694141601356221447268226516375283755268236591534251442577046183866588233340914877039522795753905595721736274202099697680188786183478304369794934278183035787511915068440381615029520725738501390455350101211204628889430764869034749009763741250305543057649198997995048417505859074867121659883251238291912268150589,13468588022171265278724092270038064732764366231102674027873145836838824742576717344236657336574642521101796803004581945366978071495524682560015785414881102361885336908664905726880323515303680017149343616580688095237012837309282788360118882346198222772129999637259545693448333429454323097995679338572269976619968347350793534171370815050852658952124753243898757564023642924522856347125746806725501326712676417338780566240234458242839166359140369586848198758587387421063767721176846316853722341539803791067347308790360679532251966829860395959698311526884960234007527918679538512026256833220,149.0,-5.3360313598973335,-77.16801567994725,2.8421709430404007e-12
556,310248,103775470710829598972569130940643288765949441810646103384762588672843144641553607137343444778307620625089344367150303889052566040873017679124921626621658893698326520881263098625612892685414854532135692565754201773801183911468023884314715988477457306459261647205084799568019409073945559470056709303699340169856856116337864180790412129966819737226121223744239927030802168733448608154603879145819987722321171795595304262881006500761075776797176547666665371434915820079296330291667600871357930641564188210173911014229729035796001404424074350869475490314648618603028002613425844235162308900006803,774443811274847753526635305527188722133951058288403756602705885618232422698161247293607796853041944963353316172763461858601239110992669247200907661355663385808406872248232079295618602129961600986087257953389565476128238145283760330706835734906397809397474979142423877373279172193623578134751561967905523655648179972670628214853821865424027889747173311524178559931359468160064239959730441386716326285978893996979882558813481348963252065650571251243771428618774776711166643967668663219089034638538717986372470255445739073104488092716972767682652912795885213455432855324073464441509767910150,134.0,-20.88595416340877,-77.44297708170109,6.59383658785373e-12
557,311363,1998507842967371296862924832183707607245678496007866575529939512815193165675072122840759031167010098507443163587017069840169832883382603084131114949700929567796537872386874236469305432161716266189531086911812068032079780521574113239801810464972274171969043215184140271397243405546347985219756068391192679756731626436141071555714667935499369956444668148303091477040258248709559981270467028207697116526040944509913144699337039946779513955569786439567978364348407360289432748808449238081059239931252676572269920007441738321042530934204384943599243653214563044394522693623845532463436893301,16516593743531994188949792001518244687980814016593938640743301758803249303099769610254206869148843789317712095760471651571651511432914075075463759914883715436335023738734497822060375472410878232971331296791835272992394880343587712725634797231175819603049943927141655135514408310300396572064099738770187436006046499472240260791030313516523718648303042547959433694547588832310413068350967175270224103520999541404240865283777189642805900459254433384859325325193449258590353295937597008934373883729360963407189421549105275380516784580201528459497881431525314416483658624990458945978817300,121.0,1.449734684653322,-59.7751326576747,2.7284841053187847e-12
558,312480,1990604379485004316021728560144234421204632566179433978734517517999067937259214252204493752930814133628587387294835451617434942802551523715588100414743181512115076612682657070520867782426454672741721895111208442328444329592763356346585812510327650237644067391953973216402905572712234794568347084399714675779786081289286160679709239420420762074549293057767936394088040268664211854171585414929212437187540014309815523942993759813585841740705663757843788483544806117515691214446901927764413663117645987814149100391055431287214934874535394686980371799220437829593359012091617401963307103923,16451275863512432363815938513588714224831674100656479163095186099165850721150531009954493825874496972137085845411863236507726800021086972856100003427629599273678319113079810500172461011788881592906792521580235060565655616469118647492444731490311158988793945388049365424817401427373841277424356069419129551899058523051951741154621813391907124583052008741883771851967274947638114497285829875448036670971405076940624164818130246393271419344674907089618086640866166260460257970635553122019947629071454444745033887529383729646404420450705741214713816522482957269366603405715846297217414082,121.0,9.707973828847116,-55.646013085573884,5.115907697472721e-12
559,313599,1638635699829348948989421210768148962969755632572820914703735356724252134820437877116908682231926504582701175740853468168808097734927307104516165719149124310079889280383043448251999200469645696785094120908963036459122622314746168299158587296015568294272240574553122260980458030730348334552969249744306726734547528057024487616461225025494383144308101333060056409405878925044834040307079634346595699006546330516339689935388172929262194525460620698123782420403023130267060173645924617752481479933008300596410334533279178767293649360932202252748331967448949384711515409633789584421801610001,16386356998293489489894212107681489629697556325728209147037353567242521348204378771169086822319265045827011757408534681688080977349273071045161657191491243100798892803830434482519992004696456967850941209089630364591226223147461682991585872960155682942722405745531222609804580307303483345529692497443067267345475280570244876164612250254943831443081013330600564094058789250448340403070796343465956990065463305163396899353881729292621945254606206981237824204030231302670601736459246177524814799330083005964103345332791787672936493609322022527483319674489493847115154096337895844218016100,100.0,15.40587484364869,-42.29706257817449,2.3305801732931286e-12
560,314720,13253329054519155064040771395301778967426356935547799719584049579303903766853214362339587573388669626124758004825261112701904657517848482814158636152041842058584981142974416700018454563128922406843293128486824135022996158080095824690729227231247919236307907191618564510740159917550086313788716182189875693738164083132007800283704450905707484909368886767170599402808610519778822498450267696217225549423194251829309030266392501078889191976710046492885785943414488433512957565810115308593212886855740047172737627189334506881748800406467003843302838143740745231496957642133148051420968735327,114252836676889267793454925821567060064020318409894825168828013614688825576320813468444720460247151949351362110562595799154350495843521403570333070276222776367111906404951868103607366923525193162442182142127794267439622052414619178368355407165930338244033682686366935437415171703017985463695829156809273221880724854586274140376762507807823145770421437648022408644901814825679504296985066346700220253648226308873353709193038802404217172213017642180049878822538693392353082463880304384424249024618448682523600234390814714497834486262646584856058949515006424409456531397699552167422144270,116.0,-3.9669123215303443,-59.98345616076185,6.650680006714538e-12
561,315843,5538446650329214237341997942558076921927649992607978380552684515330389447174728920039134547191451485192466139902187181776663406975583937646648915396361713910629818843957053657992908790990028419173230087181816286435341339463241437516570097982966966152054669547806425304851329837505914073933374806800778896446453650713644492688045513946668805514555542470294125458903055590478035170621102550523183424348212696463250069208484290859252348105864691372531213853152449918298040241708175894536515520445307195296481908493490740037959369390339562823427457194540270011378247086560040533581706218996687,46935988562111985062220321547102346795997033835660833733497326401104995315040075593551987688063148179597170677137179506581893279454101166497024706748828083988388295287771641169431430432118884908247712603235731240977468978502046080648899135448872594508937877523783265295350252860219610796045549210176092342766556361980038073627504355480244114530131715849950215753415725343034196361195784326467656138544175393756356518715968566603833458524277045529925541128410592527949493573798100801156911190214467756749846682148226610491181096528301379859554721987629406876086839716610512996455137449100,118.0,11.760707234239362,-53.11964638287779,5.059064278611913e-12
562,316968,1182045817208978150119601255804656470625504246861247839025182667522565276749825061658664532038853494944065587842638968099970312327304600429938227483121802009918094699747301594714365234829941390978764762139384073621458889800696265767920959805909765077501409178691068023359215578611320198205673436687855799263884064168813064117408464952489305726456211896536904117789969714560098050464851726327093340120704627679600873379241629427364963679150871909793124812102340448664412246055915328071241158132506464294989559863575075427370008141515379487515628130056877431063555410757796340463357014179489,13586733531137679886432198342582258283051772952428136080749226063477761801722127145501891172860384999357075722329183541378969107210397706091243994058871287470322927583302317180624887756665992999755916806199816938177688388513750181240470802366778908936797806651621471532864546880589887335697395823998342520274529473204747863418488102902175927890301286167090851928620341546667793683504042831345900461157524456087366360680938269280057053783343355284978446116118855731774853402941555495071737449798924876953902986937644545142184001626613557327765840575366407253604085181124095867394908208950,87.0,11.219956337060012,-37.89002183147022,4.547473508864641e-13
563,318095,3771996916091611411294435488097130952511243978016460649806120431128802623494573604465336798790110178997979681123812625993657799905305471392249126727073466373231534648361977421510424720962401209508707350502391530671965771672323256198972117579426455212830054604293688061559265615154825427621025254761328079922804076572772236246464497085712324074768585305541293221312739056685489356980334149812947753910532495467643192698220956217303368884462782329587310252331444206569682242383703842031798356945353285251272972773582776191355977298645020303771980069382311510241755318872546050338647575471649,54666621972342194366586021566625086268278898232122618113132180161286994543399617456019373895508843173883763494548009072371852172540659005684769952566282121351181661570463440891455430738585524775488512326121616386550228574961206611579306051875745727722174704410053450167525588625432252574217757315381566375692812703953220815166152131676990203982153410225236133642213609517181005173628031156709387737833804282139756415916245742279758969340040323617207394961325278356082351338894258580170990680367438916685115547443228640454434453603551018895246087962062485655677613316993421019400689499540,69.0,24.214282969098804,-22.39285851545111,1.0231815394945443e-12
564,319224,1124734263973097839101733882173970633195223429535638975127895018429350600403976997667016862999500739588678854998930316606196948853077591802818804047695936368111132618049674174789794438662572087989919045140713906581650587567581551964760233644752958498263931794019993597712183697868288770917085610443232985246485873111204464305063746770258344618815787294481057681594953479765233652091975578270713974149225556127483802135250600519252010303025788659247370277460408605360726676440108849256960360685858840620055870824730839542673378420510551956218712087298739910410595652870083248841380189501,16067632342472826272881912602485294759931763279080556787541357406133580005771099966671669471421439136981126499984718808659956412186822740040268629252799090973016180257852488211282777695179601256998843502010198665452151250965450742353717623496470835689484739914571337110174052826689839584529794434903328360664083901588635204358053525289404923125939818492586538308499335425217623601313936832438771059274650801821197173360722864560743004328939837989248146820862980076581809663430126417956576581226554866000798154639011993466762548864436456517410172675696284434437080755286903554876859850,70.0,17.30593567909318,-26.347032160451818,3.183231456205249e-12
565,320355,672211626423014324941744930656511006553881569581254616942674186431738811745239418989026659112947800329854596316322715537303064689469224663031529253979599322220678659455969978412110179063981136479786408350139225006404257341295126507665969534819296471086415895096498121408994579842566577766149637874493040424432416612806331904393914096570584786760656762263301462508232449759187767053653909341091928783489817574232086126999043485537723311957096203611230173122987147959059654800146398454182163881552594273885688467656337712640423660947824463811344300437658051462220199919629770220478641225,16005038724357483927184403110869309679854323085267967070063671105517590755839033785453015693165423817377490388483874179459596778320695825310274506047133317195730444272761189962193099501523360392375866865479505357295339460507026821611094512733792773121105140359440431462118918567680156613479753282726024772010295633638245997723664621346918685399063256244364320535910296422837803977467950222406950685321186132719811574452358178227088650284692766752648337455309217808549039400003485677480527711465537958902040201610865183634295801451138677709793911915182334558624290474276899290963777172,42.0,41.78420746189886,-0.10789626905540217,9.663381206337363e-12
566,321488,418961406099507801088179755449134882465907949565857769965398265990191310639988871486705857313940724324437039896740889202194112961684558773075900865979293307076679127609699321586154325742438243156407860860030420667413637029415804769070911135277231601805191382159016195956036273481796361941750844999030857059612949821280831657216001992770375743633716709513080204553030531955444588830673845340354733892414811506562887285915489910094874068302768053951548477777369961171614741818574850593933412181504552353283467515241137531351608312453444284156189280692855935148021052880236464369997087560339,38087400554500709189834523222648625678718904505987069996854387817290119149089897407882350664903702211312458172430989927472192087425868979370536442361753937006970829782699938326014029612948931196037078260002765515219421548128709524460991921388839236527744671105365108723276024861981487449250076818093714278146631801934621059746909272070034158512156064501189109504820957450494962620970349576395884899310437409687535207810499082735897642572978913995595316161579087379237703801688622781266673834682232032116678865021921593759237119313949480377835389153895994104365550261839678579090644323450,11.0,64.11036570679926,26.55518285340031,1.3642420526593924e-12
567,322623,-7523168452384235319973028682264119015015524566230207921283428603148543534782137830852190026572407465358289357106845058054983465649643072687094531567455015747853095330411397341728866420691055552436276220118641493196674313411327957498294975710519293005575471225954974808768997672738057616166158030545367944083439462591657531230008555264119128071829683597663448867904634833554909759608810002042387169635223541684947430571330961675643020066319835012082351020868097830908475969971638442699722050774376117581903996767187179567300741472107735457488628295731456359281347737433856511717523459684667,221269660364242215293324373007768206323986016653829644743630253033780692199474642083887941958011984275243804620789560531028925460283619784914545046101618110230973392070923451227319600608560457424596359415254161564608068041509645808773381638544685088399278565469263964963794049198178165181357589133687292473042337135048750918529663390121150825642049517578336731408959848045732639988494411824776093224565398284851395016803851813989500590185877500355363265319649936203190469705048189491168295611011062281820705787270211163744139455061992219337900832227395775272980815806878132697574219402900,-34.0,94.73100430151544,64.36550215075803,6.252776074688882e-13
568,323760,-4956440392159025622570465955374007821657286773045784042257317667956687505268231982679089899859468447765461223505686155895047930310353083182085809032676245669173803982388685307491959053631754246310958450901693219047220724129816066116523748703400945980143839866511512815188986702039190900062409996594595351396148351825092020575064459938713778494381909193754742783560700596224411135742274824874984488230264921580671248376406280633364813220163656007960137143160158570951466521393079444602169821686647795112783809634852730067868723793388625713168978641893665366114770274074070172425662514615169,154888762254969550705327061105437744426790211657680751320541177123646484539632249458721559370608388992670663234552692371720247822198533849440181532271132677161681374449646415859123720425992320197217451590677913095225647629056752066141367146981279561879494995828484775474655834438724715626950312393581104731129635994534125642970764373084805577949434662304835711986271893632012847991946088277343265257195778799395976511762696269792650413130114250248754285723754955342233328793533732643817806927707743597274494051089147814620897618543394553536530582559177042691086571064814692888301953582030,-32.0,79.99650072810482,55.99825036405437,3.922195901395753e-12
569,324899,-432139646691365046467862500484171306950744690524929296184309884174973691865573975989833150643997405289551150424402011717099491423933909439938106475036460169281091034714513500246955179988518573350236689937991377535679556885068338264534414340077769977643791038361472523574289778084041956599191371578091282199851684424750210543888432600906607562478922707830491636441698583233315845897529586293787710067576222850314774467817922592721494652633018758194024457169276325404830987333959114076251681328304604636395838402538722402792304355736070804366920325340103949108131533270832993158362450493568831,4646662867649086521159811833163132332803706349730422539616235313709394536188967483761646781118251669780119897036580771151607434665956015483205445968133980314850441233489392475773711612779769605916523547720337392856769428871702561984241014409438386856384849874854543264239675033161741468808509371807433141933889079836023769289122931192544167338483039869145071359588156808960385439758382648320297957715873363981879295352880888093779512393903427507462628571712648660266999863806011979314534207831232307918234821532674434438626928556301836606095917476775311280732597131944440786649058607460900,-93.0,99.38637650708688,96.19318825354446,2.0463630789890885e-12
570,326040,-1098835852624695302460007527858583369805950624915136575700606303704799221422342906872454561259003469087559179732308550321315227278189659416318304171377246113440528652222078555806087000083050817249946448905184343434255126587004423292783591799806381811246037266443086478486460769302800252750230249067667713710253827872442362927734215680139494320103418096821576957437826345823543058623312676539376565116418821927406339903049431325173358560769027821770832066551418554166041655573868580629091566326091218385447915635577211616850393564207724612096598842519752000443504608750078899582561746299,15697655037495647178000107540836905282942151784501951081437232910068560306033470098177922303700049558393702567604407861733074675402709420233118631019674944477721837888886836511515528572615011674999234984359776334775073236957206047039765597140091168732086246663472663978378010990040003610717574986680967338717911826749176613253345938287707061715763115668879670820540376368907757980333038236276808073091697456105804855757849018931047979439557540311011886665020265059514880793912408294701308090372731691220684509079674451669291336631538923029951412035996457149192922982143984279750882090,-70.0,80.56291480907521,75.28145740453897,2.7284841053187847e-12
571,327183,-1329168286203310598575764019945503657335833862444888376921585855317962583504330214131238710008148637002857757613449521115003489605039361258585519605359489309420694069541947617694472164461676027174231798286501157292120225789726900851280270516542868094189566450154082837664006009761799560659738574416653431277424666034204670286268182220493329105784085601953643629931359699419601223542964483303972453267674349370390809128613460028911902466008390755382996061273401702566337840854748288732523002176167651590426345452602958500446870559225907567879688192701744417395317416331914760628935200499,15637273955333065865597223764064748909833339558175157375548068886093677452992120166249867176566454552974797148393523777823570465941639544218653171827758697757890518465199383737582025464255012084402727038664719497554355597526198833544473770782857271696347840590048033384282423644256465419526336169607687426793231365108290238661978614358745048303342183552395807410957172934348249688740758627105558273737345286710480107395452470928375323129510479475094071309098843559603974598291156338029682378543148842240309946501211276475845535990893030210349272855314640204650793133316644242693355300,-85.0,83.7681771137045,84.38408855684912,6.252776074688882e-12
572,328328,-1604456869867903612090797185417946584552299224340201816909507396335435159563468916410601540926120597480882705867179194726801942254368013177326569184901675413276640966581765298475659562304528590233263130879840801695778219008459204836696271795895895534692286026423301383906987403253321749684129512421020635804432397210542639363253062081650058786393985566520534331566353617265015857615919023181485258515762614868800888444933360175593834945497633350772216853235364675618009460244518011751325933819928151431046090211350618331931738199046219453123653192806713628369809735869088632926982536149,15577251163766054486318419275902394024779604119807784630189392197431409316150183654471859620641947548358084522982322278900989730624932166770160865872831800128899426860017138820152034585480860099352069231843114579570662320470477716861128852387338791598954233266245644503951334012168172327030383615738064425285751429228569314206340408559709308605766850160393537199673336089951610268115718671664905422483132183192241635387702525976639174228132362628856474303255967724446693788781728269430348872038137392534428060304374935261473186398506984981783040706861297362813686756010569251718277050,-103.0,108.3149023116689,105.65745115583667,4.433786671143025e-12
573,329475,-29119087303934275532601487487822295952236559791643981248261741299245539093450862898239653161674377130622084688095906165883406590573324363694754128066972943306396098396533526181515259440086556197076880899047447661902421754262669388434577023632480557633345059215755137789235296874480246537866658729993247689452371566972415620878503702139943448654493716513309113853419116002818415422485864596140533868352806414286443584211386898721018277668461479046765805716065931604339865813184341737037747702409055796287604881604759789148728752286158176064867749521125284025924275360185162263000767273401677,309777524509939101410654122210875488853580423315361502641082354247292969079264498917443118741216777985341326469105384743440495644397067698880363064542265354323362748899292831718247440851984640394434903181355826190451295258113504132282734293962559123758989991656969550949311668877449431253900624787162209462259271989068251285941528746169611155898869324609671423972543787264025695983892176554686530514391557598791953023525392539585300826260228500497508571447509910684466657587067465287635613855415487194548988102178295629241795237086789107073061165118354085382173142129629385776603907164060,-94.0,111.28873462916863,102.64436731458306,2.5011104298755527e-12
574,330624,-2164157639443475628130879713643115054167810698025440146996523363471377456191592139984931666488869484318438776506255307694847671121957997057987725754801350805668315976661260526185884035573457037826148548144165335967942540576453151685641569749633639260576987506336241099268629795147753466912816995858335961032969624067823468533893591911203095961288733579779736090348915657845645493809502421089049395797062719007908013298347020676158312325417273302343919040432512999053141383170794084725692425984459181183100377966873659558766209564669478182709663023042853747255645816191346833705490478999,15458268853167683058077712240307964672627219271610286764260881167652696115654229571320940474920496316560276975044680769248911936585414264699912326820009648611916542690437575187042028825524693127329632486744038114056732432688951083468868355354525994718407053616687436423347355679626810477948692827559542578806925886198739060956382799365736399723490954141283829216777968984611753527210731579207495684264733707199342952131050147686845088038694809302456564574517949993236724165505672033754945899888994151307859842620526139705472925461924844162211878736020383908968898687081048812182074850,-140.0,114.90635440964843,127.45317720482439,3.410605131648481e-13
575,331775,-4550525015214967489687539864201136491435353804563586211210382169287820856129885397890716158060632669715703623304789444851919004983212097921483953982586380722129397621762025734895634820791222648552733405353709722659732819998494922770773958938898282300735508153305828576014026584199774403936609177907969007962843098873899139579692801581663943186652356285645518159044953564637067120315105765941257310314855294382254206483510938684942694896098529007308229359884111101778717108003128972845957638014034398099236859707860480622655336930999039986659450218635132426648474432662831666925284981097559,32045950811373010490757322987331947122784181722278776135284381473857893353027361956976874352539666688138757910597108766562809894247972520573830661849199864240347870575788913626025597329515652454596714122209223399012202957735879737822351823513368185216447240516238229408549482987322354957300064633154711323681993654041543236476709870293408050610227861166517733514401081441106106481092294126346882467006023199875029623123316469612272499268299500051466403942845852829427585267627668822858856605732636606332653941604651271990530541767598873145489086046726284694707566427203039907924542120420,-142.0,102.01297768199811,122.0064888410005,2.8990143619012088e-12
576,332928,-4850463870616151719456294808301866207049482944016844580827473704661560963214799390944175148711157444770476032871518524272291971274111981074574105879017049626905285147238927233483084929129759500912862299813334646929434754699408814702848076444940070490436816974628865337232643236370589778843970309167408279738007021934094987240400252736076806256837559161651434138517461932160402345010943290790486464633236230823189790763094962132980368200653577836737305263454431496243622664850135311740610269578216181072543366336739102615759688580701039966012405085405807389536658409661302224659982230592493,40760200593413039659296595027746774849155318857284408242247678190433285405166381436505673518581154998071227166987550624136907321631193118273731982176613862410968782749906951541874663269997978999267750418599450814533065165541250543721412407100336726810393419954864414598593640641769662007092187471995027560823588419614243590255464308706527783670903858501272555785861024640003381050512128494037701383472573368262099082042814807840171161350030065854935338348356567195324560208824666485215212349396774630861708960812933635426552004879840671983297521726099221760812255543372287602184724626850,-119.0,79.71256204622159,99.35628102310804,5.5138116294983774e-12
577,334083,-4718704152418839800557638373212173144165004122594460098369975396092485924346935971881982390127836966986013228773582023417523829001862310296898553657562414118181455826256669878498885436233719522287322362413675957087106939396845237363841650291755261071212521965937559438879049839877427383053602540362587144134414491926504757960272123924211518770087428084170576341907353038556670485336031991705108778765731865749040214660677491009962140493033713205252746844142302127868038621384399761939565745937142886335571795509925200864031997216089461979833838677965626184309846699881563899620361841682743,36020642384876639698913270024520405680648886432018779376870041191545694078984244060167804504792648602946665868500626132958197167953147406846553844714216901665507296383638701362586911726974958185399407346669282115168755262571337689800317941158437107413836045541508087319687403357842957122546584277577001100262706045240494335574596365833675715802194107512752491159598114798142522788824671692405410524929250883580459653898301458091314049565142848895059136214826733800519378789193891312515769052955289208668486988625383212702534329893812686868960600595157451788624783968561556485651617112100,-131.0,92.65137206060945,111.82568603030685,4.263256414560601e-12
578,335240,-2990026540922020891876748483948450370673689303304793634187838375778219092852031250420537928719570639684598890267017191871469131872006479528323504362103604724338544793723609071367431820397416963807154282880912757142616849882660779015946391880856005455412859919471619143945530021338859727755040813163043934809632973111876164586044320941289290287371695220145524179213248729244074109061915791093061294530214164649209285705332049729910294931729162048280300124406400007476156434101259882341526359821836441616951102551460070856159936636229007903053025158968461171949671197946857549669829016973513,20202882033256897918086138405057097099146549346654011041809718755258237113865076016354986004861963781652695204506872918050467107243287023840023678122321653542828005362997358590320485272955520025724015424871032142855519255963924182540178323519297334158194999455889318540172500144181484646993519007858404964929952521026190301257056222576278988428187129865848136346035464386784284520688620210088251990069014626008170849360351687364258749538710554380272298137881081131595651581765269475280583512309705686601020963185541019298377950244790593939547467290327440351011291878019307768039385249830,-148.0,117.06014787829326,132.53007393914692,5.684341886080801e-13
579,336399,-13423692728764027727795011962471271183655151676998998447780235350716028660101461619755868478786060379364790813661233338882421477923872933618149066130164832020679052452302689374457389103586001083758845804525419134919556127851585179065585152738377562029556232971802013874470172318022808687669027074110362410031235119526290889057466245667349816755617670733085761705476897448107780159301994317369749655623634162614317964352767010048696369137943235021558704762725429462993555162106256829130876600401337778430456151094392810600477793607094194639832650488462010366560836158950606716986169310437737,73756553454747405097774791002589402107995338884609881581210084344593564066491547361295980652670661425081268206929853510342975153427873261638181682033872703410324464023641150409106533536186819141532119805084720521536022680503215269591127212848228362799759521823087988321264683066059388393785863044562430824347445711682916972843221130040383608547349839192778910469653282681910879996164803941592031074855132761617131672267950604663166863395292500118454421773216645401063489901682729830389431870337020760606901929090070387914713151687330739779300277409131925090993605268959377565858073134300,-182.0,119.5895670417317,150.7947835208678,3.922195901395753e-12
580,337560,-9020445914175867892993879180562514234981343903973798511205061237227290144391810840586944780436367986403705584921271812107793186016244728135380779901069769609357504687000186349419262617726798864280442747013434213037724283928092964928923635425599834010541265487231041943065996796402171030074074382886344700466724484317322505985127922225307670474667105003998333826534418154161708150540612106289525837337418782873807236125483335583475982503041479601844337974547040126749907061724674508668347550077214215937262018193368573341983794583007174759663326288930708661260236359935066984129964519407,45328873940582250718562206937500071532569567356652253825151061493604473087396034374808767740886271288460832085031516643757754703599219739373772763321958641253052787371860232911654586018727632483821320336750925693656905949387401833813686610178893638243925957222266542427467320584935532814442584838624847741038816504107148271282049860428681761179231683437177556917258382684229689198696543247686059484107632074742749930278810731575256193482620500511780592836919799631909080712184294013408781658679468421795286523584766700210973842125664194772177519039852807343016263115251592885075198590,-199.0,154.9464645400517,176.97323227002423,3.240074875066057e-12
581,338723,-3582542404591236574966180691796786759684483001674286635682260383820935037765593198210752864192397940373343533849832110006001332879260403329530945439047491569081271728126246494848096211581037361417760054025974996193341358798110775923812206397444503347402092921496053674327058462266700150558727377978020518056015526756271302202548349408070516100329335258190263412458271877018823668377627838338514038013099942751171138619876872382333010303923366408619909100846505690584321534941935356735848047943533832268758564414406920132277728994178154711155835601949263782509995747887956342458286869399,15052699178954775525067986099986498990270936981824733763370841948827458141872240328616608673077302270476233335503496260529417365038909257687104812769107107433114587092967422247260908452021165384108235521117542000812358650412230150940387421838002114905050810594521233925743943118767647691423224277218573605277376162841476059674572896672565193698862753185673375682597780995877410371334570749321487554676890515761223271512087699085432816403039354658066844961539939876404712331688804019898521209846780807851926741237003866102007264681420818114100149588022116733235276251630068665791121300,-238.0,189.43911072231776,213.71955536116218,6.59383658785373e-12
582,339888,-3241857814638897572902194302206836511258399778881690143918303707239112467108581965415102405431338374265199928165056351966237745115783266616189846024279521149895656674527483122632822055427746236685946661200235390365187973631420392082028614704259339667245244098735727858771866302205866141029192584981930099023643544071644490201713672925030814422197469676147724204363830331832827050994220452316486947243632579522241368850847131228218264460862856400555322259334406042046744091027450218126419214765976028780163828976284489143228089690443141818206454053564170660976230557170540083708645540087799,18010321192438319849456635012260202840324443216009389688435020595772847039492122030083902252396324301473332934250313066479098583976573703423276922357108450832753648191819350681293455863487479092699703673334641057584377631285668844900158970579218553706918022770754043659843701678921478561273292138788500550131353022620247167787298182916837857901097053756376245579799057399071261394412335846202705262464625441790229826949150729045657024782571424447529568107413366900259689394596945656257884526477644604334243494312691606351267164946906343434480300297578725894312391984280778242825808556050,-180.0,111.09262022708981,145.54631011354266,4.490630090003833e-12
583,341055,-2928208092787463895658944198376252510986340148049715674832512246562306339017884822175975465313647865209881841714234647201077267726155064817002708495311502746437381180818007958368772529876488522657788330048022277951697799401506959726424688768587489185279095170714542174394265112128289776984061849929288307432014338551115372657079316819351038657158350018012809216234317931215289916221020815274586929386098157191377998196815863889979212054352774829877582831141159512619024108370640134862627456747597564028531548976462307370696497056619757173200867536204359813595656419455382667577254198415,14939837208099305590096654073348227096869082388008753443023021666134216015397371541714160537314529924540213478133850240821822794521199310290830145384242360951211128473561265093718227193247390421723409847183787132406621425517892651665432085554017801965709669238339500889766658735348417229510519642496368915469460910975078431923874065404852238046726275602106169470583254751098417939903167424870341476459684475466214276514366652499893939052820279744273381791536528125607265859033878239095038044630599816472099739675828098830084168656223250883677895592879386804059471527833585038659460196,-196.0,139.4649686234684,167.73248431173903,9.663381206337363e-12
584,342224,-3426495999525405528193386423735403338937984898182505829573123162987143452945101921478912194709502130593253880908269993115393971606190586957039987134775057426418490837645055602638888059783643054722616285189457429984308391793881385635861179690413198940859331742248853845932134466899845327718505112304042424807364249519370045698813672282271778073341809975448703700415727143298125953778663463689428350114223164087357034342951734025988489355216556255503017471946377609189694144173498042300286016566196486054813447533087262805462303431805311166365694542226398606295620187225217126845528829241627,16714614631831246478992128896270260189941389747231735754015234941400699770463911812092254608339034783381726248333024356660458398078978472961170668950122231348382882134853929768970185657481185632793250171655889902362479959970153100662737461904454628979801618254872457785034802277560221110821976157580694755157874387899366076579578889181813551577277121831457091221540132406332321725749577871655748049337673971157839191916837726956041411488861250026843987668031110288730215337431697767318468373493641395389333890405303721002255138691733225201783875815738529786807903352318132326075750386550,-205.0,144.76505558175495,174.88252779087478,5.4001247917767614e-12
585,343395,-4908782311465188837738057628880026977218274400228036118774074228841719356179114367461021727745435097306177942510439173626826315595830457382258060868900512537739440482558024871842997908885295070865660773489176938094843601782413988557711020350483629191873226021641209807350631060673429449100271438935031934555800771519081520377227301670072299855012852374584024102949540013568407182513983720789648098920358528103934024834325451011890151554585159315575905055245157046230779343302761373019456650324276181698237811465286838432600755295375273542850046154952380122209820559900281036152338836598113,23829040346918392416204163246990422219506186408873961741621719557484074544558807609034086057016675229641640497623491134110807357261312899913874081887866565717181749915330217824480572373229587722648838706258140476188561173701038779406364176458658394135306922435151503919177820682880725481069278829781708420173790153005250098918579134320739319684528409585359340305580291328001976614145552042668194654953196738368611771040414810737330832789248346192116043957500762360343589045159035791356585681185806707272999084782945817633984249006676085159466243470642621952474857086894568136661839012620,-206.0,163.01267003895418,184.5063350194762,1.7621459846850485e-12
586,344568,-23233314338245432605799059165815661664018531748652112698081176568546972680944837418808233905591258348900599485182903855758037173329780077416027229840669901574252206167446962378868558063898848029582617738601686964283847144358512809921205072047191934281924249374272716321198375165808707344042546859037165709669445399180118846445614655962720836692415199345725356797940784044801927198791913241601489788579366819909396476764404440468897561969517137537313142858563243301334999319030059896572671039156161539591174107663372172193134642781509183030479587383876556403662985659722203933245293037297011,110634830182121107646662186503884103161993008326914822371815126516890346099737321041943970979005992137621902310394780265514462730141809892457272523050809055115486696035461725613659800304280228712298179707627080782304034020754822904386690819272342544199639282734631982481897024599089082590678794566843646236521168567524375459264831695060575412821024758789168365704479924022866319994247205912388046612282699142425697508401925906994750295092938750177681632659824968101595234852524094745584147805505531140910352893635105581872069727530996109668950416113697887636490407903439066348787109701450,-210.0,129.55544018711453,169.77772009355556,3.410605131648481e-12
587,345743,-3017189307592854069480070272045947199591907212229894304704995484222777902458049982646066491177878618571058457816114819744766684002625749253458414520363323539240830921961799031188487267296097307405419882243268935823478073182602633425831080614149145919106575352757667150763932374650891794464416800133424325562923482296848316997621893601060312069471397038369467296929718275259108795489791180298755772906893411472714951704049507176533117232265388625206560569888135665476983754486614284997702066767610529573499154023427160300394726710784403886598471025073211469119682788002427398501350956499,14717996622404166192585708644126571705326376645023874657097538947428184890039268208029592639892090822297846135688364974364715531720125606114431290343235724581662589863228287957017011059980962475148389669479360662553551576500500650857712588361703150824910123671988620247628938412931179485192277073821582075916699913643162521939618993175903961314494619699363255106974235489068823392633127708774418404423870299866902203434387839885527401133001895732714929609210417880375530509690801390232693008622490388163410507431352001465340130296509287251699858658893714483510647746353304382933419300,-205.0,160.7342661446778,182.86713307234206,6.30961949354969e-12
588,346920,-3460546046783377257072534925767614094927813116653664424088584474219499228566999041205934678733653299467033657422553763109531239802977751440678106751489852486051008650015767693150922845833019745010254527634193646736083767912278092171671177382143517618438021302236335038532498052403581642332696556365155800108548148699238251608548744868693942667430330427335153652254110280900788803000972908591594300927596686230942957187919750039862302139421278335577583208445154734523058373120700644129603562902492425348554444386730936689437833757099414430996991146830046584786181082201672585594931463159,14663330706709225665561588668506839385287343714634171288510951161947030629521182377991248638701920760453532446705736284362420507639736234918127570980889205449368680720405795309961537482343304004280739523873701892949507491153720729540979565178574227196771276704391250163273296832218566281070748120191338136053170121606941744104020105375821790963687840793793023950229280851274528826275308934710145342913545280639588801643727754406196195506022365828718572917140486163233298191189409509023743910603781463341332391469198884277278956597878874707614369266229010952483818144922341464385302810,-236.0,172.34542358670615,204.17271179335876,1.1368683772161603e-11
589,348099,-3535372557435898934258523979468222381113836735534623791023736817852961080010092561897948310054160902467040217949100813404289632718565329368582659499317516753263621347897572473699851951283225478219501738768385630386294174493433877555455971776828580022715617270827397419886884160434187033164688378865588348276635438600799676070185240776673264278860548020502178046336907865175208135409387902918901577227712710398104780646328862349661997866263702079756141322651566093472215044663437489960094439556065566013075234653195417139512862651264488078609396166805395464308965997725508208499011796199,14608977510065698075448446196149679260800978246010842111668333958070087107479721330156811198570912820111736437806201708282188564952749294911498592972386432864725708049163522618594429550757130075287197267637957150356587497906751560146512280069539586870725691201766105040854893224934657161837555284568546893705105118185122628389195209820963901978762595126042058042714495310641355931443751664954138748874845910735970167960036621279595032505221909420479922820874240055670310101915030950248324130396965148814360473773534781568234969633324330903344612259526427538466801643493835572309966100,-242.0,155.873008531677,198.93650426584483,1.2676082405960187e-11
590,349280,-19237184272067218197601620989295367857807344287883949314011214198756893379822325382773217673829561912889696373731444392567654779517057904100470546308074678503480826706646084849703166076908246168494407487562196806427025435528848606614757799655074921585433278481897809113952254637289609680867228799282773207606300790521138404856968935137132852781319785058260595428694969189095995720599704164046033544943715726884980282760926876708247181310760189880895282286890365453505379436156889594362171620421301754781492161145272158575915484223089603549237098353849788702232952126249984856727102634881741,92933257352981730423196236663262646656074126994608450792324706274187890723779349675232935622365033395602397940731615423032148693319120309664108919362679606297008824669787849515474232255595392118330470954406747857135388577434051239684820288188767737127696997497090865284793500663234829376170187436148662838677781596720475385782458623850883346769660797382901427191763136179207708795167652966405959154317467279637585907057617761875590247878068550149252571434252973205339997276120239586290684156624646158364696430653488688772538571126036732121918349535506225614651942638888815732981172149218,-207.0,139.3513626914587,173.17568134572758,3.524291969370097e-12
591,350463,-3654302280500353594455853741521969796701756685897103232136800201773123938918962172772264369905095357795826940587325132961352524664503705616362148667489812345614562766129976949611854354640445711555813333912315594835444214783337064597056906221202165469252487004969353663912262808002792627912057627321384351072892143189615270152758856486445310468327937656310548484757236351618020399956035824577103748191978003899203834901292887435540150743723847830531132561476462980989111501247109438750885896188814952253342118403017034695346565416758145461722641563594818394936272098223338664355927039599,14501199525795053946253387863182419828181574150385330286257143657829856900472072114175652261528156181729471986457639416513303669303586133398262494712261160101645090341785622815920056962858911553792910055207601566807318312632289938877209945322230815354176535734005371682191519079376161221873244552862636313781318028530219326003011335263671866937809276413930747955385858538166747618873158034036125984888801602774618392465447966014048217236999396152901319688398662622972664687488529518852721810273075207354532215884988232918041926256976767705248577633312771408477270231044994699825107300,-252.0,157.23710408467332,204.61855204233692,5.115907697472721e-13
592,351648,-3467464781933165323701891187555272900997113109139729149201526268089020790768402875780569580895286957655444581114177020802274077694126086587098069860368994507658482721854666698336818172699117292626549669026239123076521410273083642321691707112988740821509878085073255798548346199400586884173280877419124408659134063269610857070778076743871923092724690684584871264360693848449068477330285729022851674507675588293102472139903280110277045981682687541714179110656230927572710380990625136141286277134662095717205993345651873543366549302316539451967925285357395131416224563509087764975138411999,14447769924721522182091213281480303754154637954748871455006359450370919961535011982419039920397028990231019087975737586676141990392192027446241957751537477115243678007727777909736742386246322052610623620942663012818839209471181843007048779637453086756291158687805232493951442497502445350722003655913018369413058596956711904461575319766133012886352877852436963601502891035204451988876190537595215310448648284554593633916263667126154358257011198090475746294400962198219626587460938067255359488061092065488358305606882806430693955426318914383199688688989146380900935681287865687396410050,-240.0,145.74272404082376,192.87136202040887,6.0254023992456496e-12
593,352835,-3138032264517280902132367775064087757473421986156447742867487487457282287725391215935437797691420095760803387661202918514429518617054913571161497563709384020189886119795813446875572347348987079164827476039818316453511362878614514993771909175067202598137876652215084746531959409641299360915274060358483991702693017159750256981858394386625450286672457649273169735258803873401477752411912508585136397459953821496103487823695523936878095760198718101103926607807677724750874274901908618176820239175999885770589647292089734383360451124591627701333343690268173848607382707095268324497745624839,14394643415216884872166824656257283291162486175029576802144438015859093062960510164841457787575321540187171503033040910616649167968141805372300447539951302844907734494476208471906295171325628803508382917613845488318859462745938142173265638417739461459348058037683874984091556924960088811537954405314146750929784482384175490742469699021217661865469989216849402455315614098171916295467488571491451364495201016037171962494016164848064659450452835326164800953246228095187496673861966138425780913651375622800869941706833643960369041855924897712538273808569604810125608748143432681182319380,-218.0,132.08740175564208,175.04370087782175,1.4210854715202004e-12
594,354024,-15348068259810619115346045145902467402291030064261092630853625733161333468018104719091499973996649454728274811423857698652279102381491081444527079106866783464202972559101326662404077751302875364997002021258084115799632355970169068372190017291781338404422685950277127751579532685291812730306894591727582196084663930367472450076193924242039825451353071082933720551366942187172182210111021474754923557303945353758328581620121721279453540937438593888285651948990263756639484398631978961978309959200130956457199865062470101630616218564754551214074394089954816048480396587331637749840829945850791,70403982843167977593330482320653520193995550753491250600245989601657492972560113390327981532094722269395756015705769259872839919181151749745537060123242125982582442931657461754147145648178327362371568904853596861466203467753069120973348703173308891763406816285674897943025379290329416194068323815264138514149834542970057110441256533220366171795197573774925323630123588014551294541793676489701484207816263090634534778073952849905750187786415568294888311692615888791924240360697151201735366785321701635124770023222339915736771644792452069789332082981444110314130259574915769494682706173650,-218.0,116.97787335842122,167.4889366792119,2.5579538487363607e-12
595,355215,-3743794059763090759241264819375865034348358822299216462565781484975817975864537050434526367000267347763246807274579584057447753993820367042144707915958924435293188809982689326545543129444161436567274534504138865348873995923508375970205101020258798395906424549754417747530774355177441348241245615306817605937170960890072505047127659555165742093523860097224683476212300948529670757312595150022043036799233732685248013845825584453680927002176293515860844398692171991297119991134815992682343781083945645323669674928304509196058413769857407908720052828129008273911590167349181192558246398679,14289290304439277707027728318228492497512819932439757490709089637312282350628004009292085370230028044897888577383891542203999061045115904741010335557095131432416751183140035597502073013145654338043032574443278112018603037875986167825210309237629001511093223472345105906606008989226875374966586317964952694416683056832337805523388013569334893486732290447422456016077484536372789150048073091687187163355853941546748144449715971197255446573191959984201696178214396913347786225705404552222686187343303989784998759268337821359001579274264915682137606214232856007296145676905271727321551140,-262.0,144.3744227756274,203.18721138781552,3.637978807091713e-12
596,356408,-44679450650471985780382806088107041661574099516638678265540724170282639771047764266938911356906266055578075933044045876457763794864961687338513903539749810719715781091244158420901073199805476979966572574234013392853552200689447711386932830859984489003700479565909069848458413780401360277004897805840703287825856536884843935472335876851386224408490767972548763072963046240003706151522910080002864978037243884441147070700777770132495311479840649110217582420313929425644229459673192108793598152223387576136873283968023408063720466887517659673999206507454916160890357037927315256240948148649947,178717802601887943121531224352428166646296398066554713062162896681130559084191057067755645427625064222312303732176183505831055179459846749354055614158999242878863124364976633683604292799221907919866290296936053571414208802757790845547731323439937956014801918263636279393833655121605441108019591223362813151303426147539375741889343507405544897633963071890195052291852184960014824606091640320011459912148975537764588282803111080529981245919362596440870329681255717702576917838692768435174392608893550304547493135872093632254881867550070638695996826029819664643561428151709261024963792594650,-250.0,139.21274213128208,194.6063710656437,5.343281372915953e-12
597,357603,-6499253945600683108027449230698760256339824567596800153450159196953009351270843408660081118688273577339514104351818856381986869402056126231411538805102429982862708653377320194873034543365167945530300909883347725956527175023165674932206386167449769851414103746528576853250264425468056694934777814162030669110145510358882919136420308988264390917878238771222518110796506909264852837309110370853227208831352286876615485003375882693260233021538127363379101400957560871223123992512984075642551114221462182317008181751583849476249429483977732246434812679934095516841671805464773387862081973832059,30370345540190107981436678648125047926821610128957010062851211200714996968555343031121874386393801763268757496971116151317695651411477225380427751425712289639545367539146356050808572632547513764160284625623120214750126986089559228655170028819858737623430391338918583426403104791906806985676531841878647986496007057751789341758973406487216779990085227902908963134563116398433891763126683975949659854352113490077642453286803190155421649633355735342892997200736265753379084077163476988983883711315243842602841970801793689141352474224195010497358937756701380919820896287218567233000383055300,-214.0,113.60781497546168,163.80390748772598,9.72022462519817e-12
598,358800,-3604036351402247963304900135220971332131718584972040476935669328089228356383449549409069955242735577436902922238428374376189724852689673474518321993716473462563076054809730453880513615168176079048311903971426940348803736235922235319467891457270397689503716026668821767135435512535341042510478114824635615150840147696523591473450580813634950486094154474653992750843994240000298954096747195065474280553419435518384342595080531873083844816879198267490860740903140214642713645620138865240764738257639804480791676524111022240015411326632503983193293051609649227687478385028537885438178498349,14133475887851952797274118177337142478947916019498197948767330698389130809346860978074784138206806186027070283287954409318391077853684994017718909779280288088482651195332276289727504373208533643326713348907556628818838181317342099292030946891256461527465553045760085361315433382491533500041090646371120059415059402731465064601766983582882158768996684214329383336643114666667839035673518412021467766876154649091703304294433458325818999281879208892121022513345647900559661355373093589179469561794665899924673241271023616627511416967186290130169776672979016579166581902072697589953641170,-255.0,151.25875810244952,203.12937905122521,9.094947017729282e-13
599,359999,-836399316176835573808766129969363819904667142951476057130922356467691016514014147077096420601285300560421581466584538807289338239872082786976980274264116456673079422028090645639268090300358529064974238589660730714218497196906461157163382593698909634149272977473817787563141505969113464385531686925337965548100034370484278472042127614657950120926947176446112844725868225612869379156508876697653632388857205516738273163518559856880312230902616951343273142908276758848059975485082156276616157409621815425282267875881398198952847140134330589097265145819556030531867483749999341596830549342632031,4646662867649086521159811833163132332803706349730422539616235313709394536188967483761646781118251669780119897036580771151607434665956015483205445968133980314850441233489392475773711612779769605916523547720337392856769428871702561984241014409438386856384849874854543264239675033161741468808509371807433141933889079836023769289122931192544167338483039869145071359588156808960385439758382648320297957715873363981879295352880888093779512393903427507462628571712648660266999863806011979314534207831232307918234821532674434438626928556301836606095917476775311280732597131944440786649058607460900,-180.0,110.86566151498255,145.43283075748616,1.0231815394945443e-11
600,361200,-2020471217022883893610571319791922746395306683459192697722432240765023441770725964494601372349633844999055666797317483606097987715969641663138521663832150150492084239582306720148003962437077100135819642092365203887353316295332212838514074568829083876315543020137857384577447246958633848200094662983574515923785450060052005850873273822285714577834821213143975226562474199022542812830893804867961789748726528409549834015203212505674577361240733040657724172861736893675296616203356961745607772224831513543575246250279670740593283546539434342717674054581166242188283923664581554118623182879,14031050118214471483406745276332796849967407524022171511961335005312662790074485864545842863539123923604553241648038080597902692472011400438461955998834376045083918330432685556583360850257479862054303070085869471439953585384251478045236628950201971363302382084290676281787828103879401723611768492941489693915176736528138929519953290432539684568297369535722050184461626382100991755770095867138623539921712002844096069550022309067184565008616201671234195644873172872745115390301090012122276196005774399608161432293608824587453357962079405157761625379035876681863082803226260792490438770,-144.0,92.8033601105667,118.40168005528685,6.991740519879386e-12
601,362403,-12862501561173558341181508117886351819789969750703053696618854274181077629160765063746007756428783607652215946869375757825464058278226071844815075071211452755600496747774984969170708957115014416377623153834557130951347259630365062883913532640619302747384149653582866137243158425128878558585873768336517827672069771720007825133659128373564289299279139347923313473642578992919327811505088200422853767010605978558535440759423907621911403872979052955440029814450954987115898173723888232595304836170512620469316679894794448953300628322516678141511887508175137023477189162338959278985075275720283,67342940110856326393620461350190323663821831155513370139365729184194123712883586721183286682873212605508984015022909726834890357477623412800078927074405511809426684543324528634401617576518400085746718082903440476185064186546413941800594411730991113860649998186297728467241667147271615489978396692861349883099841736753967670856854075254263294760623766219493787820118214622614281735628734033627506633563382086693902831201172291214195831795701847934240993792936937105318838605884231584268611707699018955336736543951803397661259834149301979798491557634424801170037639593397692560131284166100,-191.0,139.22276093531627,165.11138046765754,1.1937117960769683e-12
602,363608,-47794246638676318503358064569677932565980979597227203264624134655296629515086522690119795462930588603452661798090545074702247899421261873541541729957949511809890252687319465465101033731449058803712813633694898897955342696966083494695050433925651979094244170141361016432179514626806483679173239252876455174177144821170530198402407292266168578338682695796920733984335327177878250237514792954151636136506126029527901323629631991821732127480149540076758465309044386219889141456290408930092351851978389452873272450050365611368734122293390319376986579761117487458963856214285676662676031391002573,331904490546363322939986559511652309485979024980744467115445379550671038299211963125831912937017976412865706931184340796543388190425429677371817569152427165346460088106385176840979400912840686136894539122881242346912102062264468713160072457817027632598917848203895947445691073797267247772036383700530938709563505702573126377794495085181726238463074276367505097113439772068598959982741617737164139836848097427277092525205777720984250885278816250533044897979474904304785704557572284236752443416516593422731058680905316745616209182592988329006851248341093662909471223710317199046361329104350,-144.0,99.72069936558864,121.86034968279822,7.787548383930698e-12
603,364815,-3520199142158398879666524116032676009699777537674562530012299480082874648628005669516399076604736113469787800785288462993641995959057587487276853006162106299129122146582873087707357282408916368118578445242679843073310173387653456048667435158665444588170340814283744897151268964516470809703416190763206925707491727148502855522062826661018308589759878688746266181506179400727564727089683824485074210390813154531726738903697642495287509389320778414744415584630794439596212018034857560086768339266085081756238501161116995786838582239622603489466604149072205515706512978745788474734135308680471,28161593137267191037332192928261408077598220301396500240098395840662997189024045356131192612837888907758302406282307703949135967672460699898214824049296850393032977172662984701658858259271330944948627561941438744586481387101227648389339481269323556705362726514269959177210151716131766477627329526105655405659933817188022844176502613288146468718079029509970129452049435205820517816717470595880593683126505236253813911229581139962300075114566227317955324677046355516769696144278860480694146714128680654049908009288935966294708657916980827915732833192577644125652103829966307797873082469460,-125.0,98.76688704179878,111.88344352090266,6.536993168992922e-12
604,366024,-3845514097364761258890878758479833654734101806673453136234125776862947202363283434837224922304760002576650949271653051987537187309756702468859679421903983708841744469094669635123071679541878294551605694665106807881464354928305568538682218821604182225973668861948587529025937958478682594876007755978565358841839238484985188377205184435208966073227343339982128021728129772932732777731075295161625896040722783985003554774797976353472699912195940006175968473141502339531310232115320258743062792687916392759918472992558152638863665012111864777458690325607154163364907971264364788950945054448469,26704959009477508742297769156109955935653484768565646779403651228214911127522801630814061960449722240115631592164257305469008245206643767144858884874333220200289892146490761355021331107929710378830595101841019499176835798113233114851959852927806821013706033763531857840457902489435295797750053860962259436401661378367952697063924891911173375508523217638764777928667567867588422067576911771955735389171685999895858019269430391343560416056916250042888669952371544024522987723023057352382380504777197171943878284670542726658775451472999060954574238372271903912256305356002533256603785100350,-144.0,80.61957866492821,112.30978933245828,1.1652900866465643e-11
605,367235,-10983021323534204504559555242021949150263305917544635093638374377858568903719377688891165119006776674025737938450100004540163027392259672960303781379225771653282861097338564033646954721115819068529964749157161110388727740969478782871842397695036187115091463340565284079111959169291388926274658515181205608207374188703328909228836019182377122800050821508888350486299279730270001948519813532393431536419337042138987425379536644585297029294680828654002576624048078651540181496268755587470717218510185455079464123622685026854936376587622522887135804945105281209004320493686860041170502163083269,84484779411801573111996578784784224232794660904189500720295187521988991567072136068393577838513666723274907218846923111847407903017382099694644472147890551179098931517988954104976574777813992834845882685824316233759444161303682945168018443807970670116088179542809877531630455148395299432881988578316966216979801451564068532529507839864439406154237088529910388356148305617461553450152411787641781049379515708761441733688743419886900225343698681953865974031139066550309088432836581442082440142386041962149724027866807898884125973750942483747198499577732932376956311489898923393619247408380,-130.0,109.59577558560932,119.79788779280528,1.2505552149377763e-12
606,368448,-35108119444459764826540800517232555403405781309074303632656000148026536495649976543976886790671234838338683666498610270923256173031667672539774480648123406823314444875253187594734709963224925911369289027220326968251146795919530468325376553315756700692685532387789882440921989139444268875442070809211717072389384158761068479073373257899222597668538523455762761383554962556589578878174446676197806791631043194529754675999544487819667426976159230056384304764051123210906221193200979399265369570280421882048885318246873504647403460203169432134946932046746796343312956108024663721348442811907999,258147937091615917842211768509062907377983686096134585534235295206077474232720415764535932284347314987784438724254487286200413036997556415733635887118554461936135624082744026431872867376653866995362419317796521825376079381761253443568945244968799269799158326380807959124426390731207859378250520655968507885216059990890209404951273955141342629915724437174726186643786489386688079986576813795572108761992964665659960852937827116321084021883523750414590476206258258903722214655889554406363011546179572662124156751815246357701496030905657589227550970931961737818477618441357821480503255970050,-136.0,126.90971120916538,131.45485560458337,1.3642420526593924e-12
607,369663,-13914007579944001295573541541389987375965731709450612051213254642636181535081043158307922894410325110240706690121992398445335880362854221310708731335271478272732327937681886471167008830699683744562820597620322903061052692649187521642399624460517203666732597606024946043911367590091337042567283011745500305761705117562887509067252066268052333498915745957903200138682505748006559999276498907178463291249799669553816158541366307724437154530330638586619949349538365493021993921352501620757939568193795235306477325521165198387917506077910473447514075704894670342708309508167628822941506284091,123132810441982312350208332224690153769608245216377097798347386218019305620186222639893122959383408055227492832937985826949875047458886914254059569338685648431259539271521119213867334784952953491706376970091353124434094625214048864092032074871833660767545111557742885344348385753020681792630823112792038104085885996131747867851788197062410030963856158919497346360022174761119999993597335461756312311945129819060319987091737236499443845401156093686902206633082880469221185144712403723521589099060134825721038278948364587503694744052305074756761731901722746395648756709448042680898285700,-113.0,104.43265966537228,108.71632983268924,6.195932655828074e-12
608,370880,-1008810480287611566864679699733231018417116825231190458945581379534971969130067753552477224006896357822293889924327349465216224630426126289444632541123410718201357345689350280789950592183373773911758082826184442046064068465618276622660510682993811434274545667417445215061569465905732341768606992852427908179867366606618039980622258789051689549795349714879669299133118978621295357318821522592642067979975440618040392712668874047057896192309971059270161403276326832506257855131714497489439728266132289235585673444089506083199039792185230772630476436207636892399038250737534452727095018195,13632574057940696849522698645043662411042119259880952147913261885607729312568483156114557081174275105706674188166585803584003035546299003911413953258424469164883207374180409199864197191667213160969703821975465433054919844129976711117033928148565019382088454965100611014345533323050437050927121525032809569998207656846189729467868362014212020943180401552427963501798905116503991315119209764765433351080749197541086388009038838473755353950134744044191370314544957196030511555833979695803239571163949854534941533028236568691878916110611226657168600489292390437824841226182898009825608354,-74.0,98.95551453635062,86.47775726817187,6.87805368215777e-12
609,372099,-54335971603963954888163637548718326803115235227166712442416416731237201104911201936002932520845229117869434494637991412862404189399869798002221142145403182572527077677186678427729044289658163772999290175027113159704848189946502746337622110269429698176506492840386509905775443353963574235706940667613062182587595834010375325318844223739001983090932412690364474531023352703231049171464033844871040143548504704979162629210842117745595331864663883689695687966026136952100305655362069983711288749711108670101468668984028771255237142872365944953748132415101178776592993015379245551617464399,13583992900990988722040909387179581700778808806791678110604104182809300276227800484000733130211307279467358623659497853215601047349967449500555285536350795643131769419296669606932261072414540943249822543756778289926212047486625686584405527567357424544126623210096627476443860838490893558926735166903265545646898958502593831329711055934750495772733103172591118632755838175807762292866008461217760035887126176244790657302710529436398832966165970922423921991506534238025076413840517495927822187427777167525367167246007192813809285718091486238437033103775294694148248253844811387904366100,-4.0,50.9919728358268,27.49598641791087,5.059064278611913e-12
610,373320,-2478220196079512811285232977687003910828643386522892021128658833978343752634115991339544949929734223882730611752843077947523965155176541591042904516338122834586901991194342653745979526815877123155479225450846609523610362064908033058261874351700472990071919933255756407594493351019595450031204998297297675698074175912546010287532229969356889247190954596877371391780350298112205567871137412437492244115132460790335624188203140316682406610081828003980068571580079285475733260696539722301084910843323897556391904817426365033934361896694312856584489320946832683057385137037035086212831257301037,154888762254969550705327061105437744426790211657680751320541177123646484539632249458721559370608388992670663234552692371720247822198533849440181532271132677161681374449646415859123720425992320197217451590677913095225647629056752066141367146981279561879494995828484775474655834438724715626950312393581104731129635994534125642970764373084805577949434662304835711986271893632012847991946088277343265257195778799395976511762696269792650413130114250248754285723754955342233328793533732643817806927707743597274494051089147814620897618543394553536530582559177042691086571064814692888301953582030,-16.0,56.691630040534164,36.345815020262364,9.43600753089413e-12
611,374543,5004098472852862407402874281867988666096299145863531965740561107071655654357349597897158071973501798224744504500933138163269545024875708981913557196451978800608167482219345743140920198378213421756256128314209499999597846477218143675336477056318262768414453711381815823027342343404952351024548554254158768236495932131102520772901618207355257133750966012925461464171861178880415088970565928960320877540171315057408471918487110254839474885742152700344369231075160095672153699483397516184882993049019408527329807804418621703136692291401977883487911128834950610019719988247859308698986192676701,357435605203775886243062448704856333292592796133109426124325793362261118168382114135511290855250128444624607464352367011662110358919693498708111228317998485757726248729953267367208585598443815839732580593872107142828417605515581691095462646879875912029603836527272558787667310243210882216039182446725626302606852295078751483778687014811089795267926143780390104583704369920029649212183280640022919824297951075529176565606222161059962491838725192881740659362511435405153835677385536870348785217787100609094986271744187264509763735100141277391993652059639329287122856303418522049927585189300,14.0,33.46088438981269,9.730442194903134,6.423306331271306e-12
612,375768,-267049590094775087422977691561099559356534847685656467794036512282149111275228016308140619604497222401156315921642573054690082452066437671448588848743332202002898921464907613550213311079297103788305951018410194991768357981132331148519598529278068210137060337635318578404579024894352957977500538609622594364016613783679526970639248919111733755085232176387647779286675678675884220675769117719557353891716859998958580192694303913435604160569162500428886699523715440245229877230230573523823805047771971719438782846705427266587754514729990609545742383722719039122563053560025332566037851001513,26704959009477508742297769156109955935653484768565646779403651228214911127522801630814061960449722240115631592164257305469008245206643767144858884874333220200289892146490761355021331107929710378830595101841019499176835798113233114851959852927806821013706033763531857840457902489435295797750053860962259436401661378367952697063924891911173375508523217638764777928667567867588422067576911771955735389171685999895858019269430391343560416056916250042888669952371544024522987723023057352382380504777197171943878284670542726658775451472999060954574238372271903912256305356002533256603785100350,-10.0,83.84747667959573,46.92373833979852,1.3073986337985843e-12
613,376995,-7744438112748477535266353055271887221339510582884037566027058856182324226981612472936077968530419449633533161727634618586012391109926692472009076613556633858084068722482320792956186021299616009860872579533895654761282381452837603307068357349063978093974749791424238773732791721936235781347515619679055236556481799726706282148538218654240278897471733115241785599313594681600642399597304413867163262859788939969798825588134813489632520656505712512437714286187747767111666439676686632190890346385387179863724702554457390731044880927169727676826529127958852134554328553240734644415097679078369,309777524509939101410654122210875488853580423315361502641082354247292969079264498917443118741216777985341326469105384743440495644397067698880363064542265354323362748899292831718247440851984640394434903181355826190451295258113504132282734293962559123758989991656969550949311668877449431253900624787162209462259271989068251285941528746169611155898869324609671423972543787264025695983892176554686530514391557598791953023525392539585300826260228500497508571447509910684466657587067465287635613855415487194548988102178295629241795237086789107073061165118354085382173142129629385776603907164060,-25.0,73.19012058339695,49.0950602916987,4.547473508864641e-13
614,378224,-173485520369214072543115486858247759371063782105652288709774031368208897828384685804182174748953950117295411929773488414420974085301378545528271014393532754995938287378191761446372570940731330456339874094224444152219746966725829008527238227317814290691404930507444305287040487288990158057033210892481291593595978212916675763392241409969942547546136689026479283602376946519713179195675325904995127573439960860222837956964943523493034518460239284987719982056739727231000529100094073220931275960545040991335441391651687414780697172357719765071330715630019605879262028395887724160777503049,13345040028401082503316575912172904567004906315819406823828771643708376756029591215706321134534919239791954763828729878032382621946259888117559308799502519615072175952168597034336351610825486958179990314940341857863057458978909923732864479024447253130108071577495715791310806714537704465925631607113945507199690631762821212568633954613072503657395129925113791046336688193824090707359640454230394428726150835401756765920380271037925732189249175768286152465903055940846194546161082555456251996965003153179649337819360570367745936335209212697794670433078431221481694491991363396982884850,-13.0,44.167133544119224,28.583566772061573,3.922195901395753e-12
615,379455,227170184640622007701146356287975358492625643764598435270127059781348177324793965872791620410225637189250306077343948811856363472557849645845599580664327926503799349192814743260048123291455402955918928999660939206330949855949903030340671815572543357423259327215111004029495223843462916252860458177252286938990132791983384276357121080524381514325837504713759044246532110660285510388187596140103455710553808905780765550585287862362553939257500900364839619061507267835275548897182807877599450160638023942669257941597416794777316507196978678520244854420126329280260304228394882902842865255197,20651834967329273427376941480725032590238694887690766842738823616486197938617633261162874582747785199022755097940358982896033042959804513258690870969484356954890849926619522114549829390132309359628993545423721746030086350540900275485515619597503941583932666110464636729954111258496628750260041652477480630817284799271216752396101916411307410393257954973978094931502919150935046398926145103645768700959437173252796868235026169305686721750681900033167238096500660712297777172471164352509040923694365812969932540145219708616119682472452607138204077674556939025478209475308625718440260477604,11.0,45.63324273367698,17.31662136684014,3.296918293926865e-12
616,380688,238522810309998794782599036659469859494056072569704970977682629932210591663105974219067131108169584198969246806456586989970095717158052229516218159649606299206942212077890892447703486103370956620118245866245952099829034899219884091383451281219567109305726085665753465645484063095413041877137178369048464757142296588266709578005386335021003405291465523799859933247171952618468530350514996577193057733990727579789502353723160417523716051224445742388102693481476754800420915959448281880526369684884364658807803579522326083806115115050656362922638338728777335903321037520889111783227688901,13251267239444377487922168703303881083003115142761387276537923885122810647950331901059285061564976899942735933692032610553894206508780679417567675536089238844830122893216160691539082561298386478895458103680330672212724161067771338410191737845531506072540338092541859202526892394189613437618732131613803597619016477125928309889188129723389078071748084655547774069287330701026029463917499809844058762999484865543861241873508912084650891734691430132672371860082041933356717553302682326695909426938020258822655754417907004655895284169480909051257685484932074216851168751160506210179316050,18.0,60.08218701814303,21.041093509074045,5.059064278611913e-12
617,381923,95153505822165594289962017061361071661509345045674181698625979120328898351992508199897203708906177538159451816448752992865681255958143661772125173408886968904787192494663327148949725858971391247437342274136601901503810830137253829028826233640376522656345048631833650462245905115940098337375618535305798128339025525652363876227773335000904450617400133839148218967675566053796288868772340921234770465171468204407084546475376547995484895438295443838825158465105433316047778781010484218045069102346054087062829109884118111371199902176829418554865204302566101311930316695108002456977309369001,15858917637027599048327002843560178610251557507612363616437663186721483058665418033316200618151029589693241969408125498810946875993023943628687528901481161484131198749110554524824954309828565207906223712356100316917301805022875638171471038940062753776057508105305608410374317519323349722895936422550966354723170920942060646037962222500150741769566688973191369827945927675632714811462056820205795077528578034067847424412562757999247482573049240639804193077517572219341296463501747369674178183724342347843804851647353018561866650362804903092477534050427683551988386115851333742829551561300,6.0,55.84025876720125,24.92012938360014,9.663381206337363e-13
618,383160,-92109534940513707835977353473627067452852899635015313842816093778398215255919271617623899039525845123497973208892094690514122398724809867137989187486018922787509100428810203977050891426552225076928227094957555999199688505938090600882641239390787268129850052739732684421254850146212981852744217717701786859052540307683194248644579951711293776709374108923103388319081068339486019534756827622241343709147094689981465940220786159931063876638416426110039928643809760206918129432905966231137936326051669797036909213968569764875225837210412188833209929310529207275304222024781484174506301509,13158504991501958262282479067661009636121842805002187691830870539771173607988467373946271291360835017642567601270299241502017485532115695305427026783716988969644157204115743425292984489507460725275461013565365142742812643705441514411805891341541038304264293248533240631607835735173283121820602531100255265578934329669027749806368564530184825244196301274729055474154438334212288504965261088891620529878156384283066562888683737133009125234059489444291418377687108600988304204700852318733990903721667113862415601995509966410746548172916026976172847044361315325043460289254497739215185930,-7.0,42.683843259328114,24.841921629665535,2.9558577807620168e-12
619,384399,-2282571233231130220920609321553819391552697856007926861565869978664263982689317360444317717040544679891988721351302834951666810011346814623328991001890376295014251833994789286344981143119886823958994023441569245613851649270310030448399094797618856701382031517472407217521243875939101072397162498431721543406120951498397641054306001287565555885570616076071263124008217379840189338828679195666111277474464108622677548594397629239049585035601683687876378947507967762938175371694181323172051891566219379328255701805524283583886912273271077631064661216661556418605486310428848105722344579097383,81520401186826079318593190055493549698310637714568816484495356380866570810332762873011347037162309996142454333975101248273814643262386236547463964353227724821937565499813903083749326539995957998535500837198901629066130331082501087442824814200673453620786839909728829197187281283539324014184374943990055121647176839228487180510928617413055567341807717002545111571722049280006762101024256988075402766945146736524198164085629615680342322700060131709870676696713134390649120417649332970430424698793549261723417921625867270853104009759681343966595043452198443521624511086744575204369449253700,-28.0,98.31548797880396,63.157743989401354,1.2505552149377763e-12
620,385640,-140480505301018894825761753095629582154530657084873239569793160647028206908038551834654437568691329551491996887152441918536968955017274886701559994385445916495478455896190935314088955735202336923057688652010200249158145524028216990221239970517904718913960577611881540546780873095587532777931678682550304291024553576437927908740925826751335291628557019299734715522432647712755838876416219600381101047224078445963792650203375686556124793304057110690730631237824261822025577277856176118811499306525627913807099255638994529539883886585869478788946342321114061975636657477390070294041306736363,10806192715462991909673981007356121704194665929605633813061012357463708223695273218050341351437794580883999760550187839887459150385944222053966153414265070499652188915091610408776073518092487455619822204000784634550626578771401306940095382347531132224150813662452426195906221007352887136763975283273100330078811813572148300672378909750102714740658232253825747347879434439442756836647401507721623157478775265074137896169490437427394214869542854668517740864448020140155813636758167393754730715886586762600546096587614963810760298968143806060688180178547235536587435190568466945695485133630,-13.0,90.21863756513949,51.609318782569346,7.958078640513122e-13
621,386883,1991426943278179937639919357069913856915874149884466802692672277304026229795271778754991477622107858477194241587106044779260329142552578064230905414914562992078760528638311061045876405477044116821367234737287454081472612373586812278960434746902165795593507089223375684674146442783603486632218302203185632257381034215438758266766970511090357430778445658205030582680638632411593759896449706422984839021088584563662555151234666325905505311672897503198269387876849425828714227345433705420514660499099560536386352085431900473697255095557929974041107490046561977456827342261903194278167974643093,221269660364242215293324373007768206323986016653829644743630253033780692199474642083887941958011984275243804620789560531028925460283619784914545046101618110230973392070923451227319600608560457424596359415254161564608068041509645808773381638544685088399278565469263964963794049198178165181357589133687292473042337135048750918529663390121150825642049517578336731408959848045732639988494411824776093224565398284851395016803851813989500590185877500355363265319649936203190469705048189491168295611011062281820705787270211163744139455061992219337900832227395775272980815806878132697574219402900,9.0,68.69049482378932,29.84524741189415,1.0231815394945443e-12
622,388128,2502049236426431203701437140933994333048149572931765982870280553535827827178674798948579035986750899112372252250466569081634772512437854490956778598225989400304083741109672871570460099189106710878128064157104749999798923238609071837668238528159131384207226855690907911513671171702476175512274277127079384118247966065551260386450809103677628566875483006462730732085930589440207544485282964480160438770085657528704235959243555127419737442871076350172184615537580047836076849741698758092441496524509704263664903902209310851568346145700988941743955564417475305009859994123929654349493096329691,59572600867295981040510408117476055548765466022184904354054298893710186361397019022585215142541688074104101244058727835277018393153282249784685204719666414292954374788325544561201430933073969306622096765645351190471402934252596948515910441146645985338267306087878759797944551707201813702673197074454271050434475382513125247296447835801848299211321023963398350763950728320004941535363880106670486637382991845921529427601037026843327081973120865480290109893751905900858972612897589478391464202964516768182497711957364544084960622516690212898665608676606554881187142717236420341654597531550,42.0,63.160919284011925,10.580459642004513,2.8990143619012088e-12
623,389375,4381139275211995862807822585553810485214923129745826965923879010068857705549597913260981250768637288649827331491633298514372724113615671741307991912812038582573273163004284334300928092049497057007007916422032398979239747221890987013712956443184764750305715596291426506283122174123927670590880264847008390966238275273965268186887335124398786347712580448051067281897404991305506271772189354130566645846394886040057621332716265916992111685680374507036192653329068736823171300159954151925132253098019033180049974587950181042133961210227445942890436478102436350405020152976187027411969544187687,132761796218545329175994623804660923794391609992297786846178151820268415319684785250332765174807190565146282772473736318617355276170171870948727027660970866138584035242554070736391760365136274454757815649152496938764840824905787485264028983126811053039567139281558378978276429518906899108814553480212375483825402281029250551117798034072690495385229710547002038845375908827439583993096647094865655934739238970910837010082311088393700354111526500213217959191789961721914281823028913694700977366606637369092423472362126698246483673037195331602740499336437465163788489484126879618544531641740,33.0,70.85403067286506,18.92701533642432,1.6427748050773516e-11
624,390624,386584041968176385726868320035535727117232096185495810214499019427061559775451129283486146285150474199247899052944372714321988274842843931114115540036771020720015410696466869313442121564399541249981160062591506751923445387752089218143481123599260125491676223801938739766025643784567253099761175045128300132605291255763304654746579077234576893000136430651514281401367477741758218918649449102339303292556728396635492716424640018451181583212984201689098701451991602211933631491872741585927736553955332694240737910171087242601950827493122731334624326259614243226392879411008568083417245501,12886134732272546190895610667851190903907736539516527007149967314235385325848370976116204876171682473308263301764812423810732942494761464370470518001225700690667180356548895643781404052146651374999372002086383558397448179591736307271449370786642004183055874126731291325534188126152241769992039168170943337753509708525443488491552635907819229766671214355050476046712249258058607297288314970077976776418557613221183090547488000615039386107099473389636623381733053407064454383062424719530924551798511089808024597005702908086731694249770757711154144208653808107546429313700285602780574850,30.0,76.17078700592583,23.085393502966667,7.503331289626658e-12
625,391875,436613847089413814532282060903277644613925896145682174265091408382372049442233261335367327330819983066020192345462134944947844460038150386018834481384447292915239956165317592273780748205757068913932210262657965032348548637228335633943247771617419483804073279291007119026513980095066146939958597303963649700154012669581749522116319585862735949117504333487908983752704421795666942894844505362489824544596980407035874592706684340500776358365367865394656196543354349097204591384168379545645685490367141923254387740913735911545870665379547719623764855698878203498482229921958260432140813481,12841583737923935721537707673625813076880173416049475713679159070069766160065684156922568450906470090177064480748886321910230719412886776059377484746601390968095292828391693890405316123698737320998006184195822500951427901094951048057154346224041749523649214096794327030191587649854886674704664626587166167651588607928874985944597634878315763209338362749644381875079541817519615967495426628308524251311675894324584546844314245308846363481334348982195770486569245561682487981887305280754284867363739468331011404144521644457231490158221991753640142814672888338190653821234066483298259220,34.0,56.01892156018721,11.009460780085277,1.6655121726216748e-11
626,393128,-46466628676490865211598118331631323328037063497304225396162353137093945361889674837616467811182516697801198970365807711516074346659560154832054459681339803148504412334893924757737116127797696059165235477203373928567694288717025619842410144094383868563848498748545432642396750331617414688085093718074331419338890798360237692891229311925441673384830398691450713595881568089603854397583826483202979577158733639818792953528808880937795123939034275074626285717126486602669998638060119793145342078312323079182348215326744344386269285563018366060959174767753112807325971319444407866490586074427451,2323331433824543260579905916581566166401853174865211269808117656854697268094483741880823390559125834890059948518290385575803717332978007741602722984066990157425220616744696237886855806389884802958261773860168696428384714435851280992120507204719193428192424937427271632119837516580870734404254685903716570966944539918011884644561465596272083669241519934572535679794078404480192719879191324160148978857936681990939647676440444046889756196951713753731314285856324330133499931903005989657267103915616153959117410766337217219313464278150918303047958738387655640366298565972220393324529303730450,-20.0,104.4738383624167,62.23691918121119,5.6843418860808015e-12
627,394383,-739684993189700697475440263490246204374919290590072010653793568860815975438544801492441432634995723507826075339359590086518379732362431208267575307879366598494662021562563677518437541453553661265746036859253440442901875034811703471869255463101515392134334814703223273380214110830378795264190341687405132473632896203652443149278666593022595410582639123076835208866437479366719515156966440793892959705342497827516170116527355365371526291388842126818860986898237759248547403481647453980735671324818167708946048609165060250472376668410872212259987467244589873783091215532128363498160847399,12753189537753460301300694198107693178877918803277103631961958083807171990319737956766231597155098681169415092057923967008937581592455710487371988066885631008528655544182132371007543818164718297685276497573335180050032328186408680549469921777612334347143703701779711610003691566041013711451557615300088490924705106959524881884114941259010265699700674535807503601145473782184819226844248979205051029402456859095106381319437161471922867092911071152049327360314444124974955232442197482426477091807209788085276700158018280180558218420877107107930818400768790927294676129864282129278635300,-58.0,148.6220046908279,103.3110023454133,1.3073986337985843e-12
628,395640,-1327617962185453291759946238046609237943916099922977868461781518202684153196847852503327651748071905651462827724737363186173552761701718709487270276609708661385840352425540707363917603651362744547578156491524969387648408249057874852640289831268110530395671392815583789782764295189068991088145534802123754838254022810292505511177980340726904953852297105470020388453759088274395839930966470948656559347392389709108370100823110883937003541115265002132179591917899617219142818230289136947009773666066373690924234723621266982464836730371953316027404993364374651637884894841268796185445316415659,22126966036424221529332437300776820632398601665382964474363025303378069219947464208388794195801198427524380462078956053102892546028361978491454504610161811023097339207092345122731960060856045742459635941525416156460806804150964580877338163854468508839927856546926396496379404919817816518135758913368729247304233713504875091852966339012115082564204951757833673140895984804573263998849441182477609322456539828485139501680385181398950059018587750035536326531964993620319046970504818949116829561101106228182070578727021116374413945506199221933790083222739577527298081580687813269757421940290,-60.0,136.40473385617634,98.20236692809377,1.1198153515579179e-11
629,396899,-69699943014736297817397177497446984992055595245956338094243529705640918042834512256424701716773775046701798455548711567274111519989340232248081689522009704722756618502340887136605674191696544088747853215805060892851541433075538429763615216141575802845772748122818148963595125497426122032127640577111497129008336197540356539336843967888162510077245598037176070393822352134405781596375739724804469365738100459728189430293213321406692685908551412611939428575689729904004997957090179689718013117468484618773522322990116516579403928344527549091438762151629669210988956979166611799735879111546631,4646662867649086521159811833163132332803706349730422539616235313709394536188967483761646781118251669780119897036580771151607434665956015483205445968133980314850441233489392475773711612779769605916523547720337392856769428871702561984241014409438386856384849874854543264239675033161741468808509371807433141933889079836023769289122931192544167338483039869145071359588156808960385439758382648320297957715873363981879295352880888093779512393903427507462628571712648660266999863806011979314534207831232307918234821532674434438626928556301836606095917476775311280732597131944440786649058607460900,-15.0,106.61515167600055,60.80757583799803,4.490630090003833e-12
630,398160,132761796218545329175994623804660923794391609992297786846178151820268415319684785250332765174807190565146282772473736318617355276170171870948727027660970866138584035242554070736391760365136274454757815649152496938764840824905787485264028983126811053039567139281558378978276429518906899108814553480212375483825402281029250551117798034072690495385229710547002038845375908827439583993096647094865655934739238970910837010082311088393700354111526500213217959191789961721914281823028913694700977366606637369092423472362126698246483673037195331602740499336437465163788489484126879618544531643493,22126966036424221529332437300776820632398601665382964474363025303378069219947464208388794195801198427524380462078956053102892546028361978491454504610161811023097339207092345122731960060856045742459635941525416156460806804150964580877338163854468508839927856546926396496379404919817816518135758913368729247304233713504875091852966339012115082564204951757833673140895984804573263998849441182477609322456539828485139501680385181398950059018587750035536326531964993620319046970504818949116829561101106228182070578727021116374413945506199221933790083222739577527298081580687813269757421940290,6.0,104.83929894118455,49.419649470592844,1.1368683772161603e-12
631,399423,364444146482281295777240143777500575121859321547484120754214534408579963622664116373462492636725621159225089963653393815812347816937726704565133017108547475674544410469756272609702871590570165169923415507477442577001523833074710743862040345838304851481164696067023001116837257502881683828118382102543775837952084693021472101107680877846601359881022734834907557614757396781206701157520207711395918252225361880931709439441638281865059795600268824114715966408835189040549008925961723867806604535782926111234103649621524269696229690690340125968307253080416571037850755446622806796004596670843,91111036620570323944310035944375143780464830386871030188553633602144990905666029093365623159181405289806272490913348453953086954234431676141283254277136868918636102617439068152425717897642541292480853876869360644250380958268677685965510086459576212870291174016755750279209314375720420957029595525635943959488021173255368025276920219461650339970255683708726889403689349195301675289380051927848979563056340470232927359860409570466264948900067206028678991602208797260137252231490430966951651133945731527808525912405381067424057422672585031492076813270104142759462688861655701699001149165900,4.0,118.00733215598893,57.003666077994836,7.389644451905042e-13
632,400688,-67482655754239845742984819153821423920385776863304891654177691277937265048387494577451301800472534623362737093892251863197618345771145453075597763022692660174176532436567940519535230890992504650239968535357596991695821581124311066161176557813420556005589106066352288069870799236788776517965903739941975090326189956124826524945768710265164255953073193120364106881985679798179871531760743855274036730313513584799076903465075138291403706965402474174768464734416059381470952378925485176767094304602958828688057574125977263631511410568698871872762287007110329803170497766827978229343174796381,9640379393462835106140688450545917702912253837614984522025384468276752149769642082493043114353219231908962441984607409028231192253020779010799680431813237167739504633795420074219318698713214950034281219336799570242260225874901580880168079687631508000798443723764612581410114176684110931137986248563139298618027136589260932135109815752166322279010456160052015268855097114025695933108677693610576675759073369257010986209296448327343386709343210596395494962059437054495850339846497882395299186371851261241151082017996751947358772938385553124680326715301475686167213966689711175620453542450,-7.0,117.42777232736944,62.213886163680996,7.44648787076585e-12
633,401955,37480644223828082445330202324364850436004890903250030567584071899248998073716212815177630821683820687881588199528782183114397537132131603010328259472748379228477041609109840498275552432182049654499080844689150174283278313141379810318540144460079748791166363176886818021695301739558309891579022962754048331791805443323442381844105111454278421766348375633354074285849218059773223954493911258885242651469032982309976167395691777324295320781636842165457782389293395122137526628804291020887551585652206557114215136379709090047404142418244296076595422276872847596149200499652678254882505407,37480644223828082445330202324364850436004890903250030567584071899248998073716212815177630821683820687881588199528782183114397537132131603010328259472748379228477041609109840498275552432182049654499080844689150174283278313141379810318540144460079748791166363176886818021695301739558309891579022962754048331791805443323442381844105111454278421766348375633354074285849218059773223954493911258885242651469032982309976167395691777324295320781636842165457782389293395122137526628804291020887551585652206557114215136379709090047404142418244296076595422276872847596149200499652678254882505404,1.0,95.46065655843404,47.23032827921804,2.0463630789890885e-12
634,403224,5937402553107166110370870675708446869693624780211095467287411789739781907352569562584326442539988244719042090657853207582609499850943797561873625403726752624531119353903112607933075949663038940893335644309320001983649825780508829202085740634282383205380641506758583059861806986817780765699761975087275681359969379790474816313879300968250880488061662055018702292807089255893825839691266717298158501525838187310179099617570023675384932503321046259535580952743939954785610937085459751346349265562130171228855605291750666227134408710830124552233672331435119969824985224151229894051574887331883,258147937091615917842211768509062907377983686096134585534235295206077474232720415764535932284347314987784438724254487286200413036997556415733635887118554461936135624082744026431872867376653866995362419317796521825376079381761253443568945244968799269799158326380807959124426390731207859378250520655968507885216059990890209404951273955141342629915724437174726186643786489386688079986576813795572108761992964665659960852937827116321084021883523750414590476206258258903722214655889554406363011546179572662124156751815246357701496030905657589227550970931961737818477618441357821480503255970050,23.0,102.84879802772275,39.92439901385893,4.888534022029489e-12
635,404495,163399133807440405139685690836505752362328135375135737656834648394176511162688966461948018676685773003256963412275367776759821878363288456552279418659656450632103427990835779367866781987860030098163465414341534693864419476807123058786497210002228988356390325269610312588647913254039260441617911975646000595477418192036000678298828349627926763551051951442464047809693426249156411068426642578296191919679063348813337858562844416484554281983417231031652872851433799042356039166804816855016587528131245992729136581368771320918749136045778869664911383798692264816970448595848467222824038944503,10212445862965025321230355677281609522645508460945983603552165524636031947668060403871751167292860812703560213267210486047488867397705528534517463666228528164506464249427236210491673874241251881135216588396345918366526217300445191174156075625139311772274395329350644536790494578377453777601119498477875037217338637002250042393676771851745422721940746965154002988105839140572275691776665161143511994979941459300833616160177776030284642623963576939478304553214612440147252447925301053438536720508202874545571036335548207557421821002861179354056961487418266551060653037240529201426502433980,16.0,80.45737212724589,32.228686063622916,5.684341886080802e-14
636,405768,2464139399510879215766566881222873206789844276372193771008609636058012254039603968661479353623315279428851460549701924095549397171340311241093797104313474409390385502608011161395150097686241457683004911669875890151317121371357419234067204611065811211719238569998621428005888275161529566792391333534244847995244209003951998865443978662712816012831915082122386327054325580509295308962778677139551947273569208172208717232588349746701256572524544890321090909241556107717348412624400292060737837486259557229366950812781897050787007567735822442626622904350543860994559085122051932313894716083443,70403982843167977593330482320653520193995550753491250600245989601657492972560113390327981532094722269395756015705769259872839919181151749745537060123242125982582442931657461754147145648178327362371568904853596861466203467753069120973348703173308891763406816285674897943025379290329416194068323815264138514149834542970057110441256533220366171795197573774925323630123588014551294541793676489701484207816263090634534778073952849905750187786415568294888311692615888791924240360697151201735366785321701635124770023222339915736771644792452069789332082981444110314130259574915769494682706173650,35.0,101.66305808810876,33.33152904405827,7.787548383930698e-12
637,407043,1327617962185453291759946238046609237943916099922977868461781518202684153196847852503327651748071905651462827724737363186173552761701718709487270276609708661385840352425540707363917603651362744547578156491524969387648408249057874852640289831268110530395671392815583789782764295189068991088145534802123754838254022810292505511177980340726904953852297105470020388453759088274395839930966470948656559347392389709108370100823110883937003541115265002132179591917899617219142818230289136947009773666066373690924234723621266982464836730371953316027404993364374651637884894841268796185445316418781,17020743104941708868717259462136015871075847434909972672586942541060053246113434006452918612154768021172600355445350810079148112329509214224195772777047546940844107082378727017486123123735419801892027647327243197277543695500741985290260126041898852953790658882251074227984157630629089629335199164129791728695564395003750070656127953086242371203234578275256671646843065234287126152961108601905853324966569098834722693600296293383807737706605961565797174255357687400245420746542168422397561200847004790909285060559247012595703035004768632256761602479030444251767755062067548669044170723300,78.0,60.10017644062509,-8.9499117796843,6.30961949354969e-12
638,408320,933533474163553294055210815301483140693863656399883985859615331734684989691404818435288152911753223461601184738640034385054230972567758007675629526496028189824297585834132089557752207489657379390562239622368135179662366423245115416221198274121222874210919110970274889852270222634202203678254017439966477535688413829437221353917213700159551449218089376021109263603848680855928767404999025277809735352259842085761787112582800219744753871201090408330010762775017309948166723014768855713618123120287756487842254451566938109216861588408204240300535906936275495877970292706065451863196103961,12283335186362543342831721253966883430182416531577420866573885943877434074886905505727475696207279256073699799192632031382292512796944184311521441138105634076635494550449106441549371151179702360402134731873264936574504821358488360739752608870016090450143672512766774866477239771502660574713868650525874704416952813545226596762068601317888834858132754947646174521103272116525378518486829279971180728319208448496865619902405266049273077252645926425394878457566017236160088460720642838337080567372207322208450716467986027752853441952739529477638630354424677577341714377711387524515738210,76.0,73.89563749510717,-1.0521812524415566,9.72022462519817e-12
639,409599,4377291107205661215585329987762371038148419025108369059058772396972618041337433136876913634386758819358083960976489132244267873236045521832005130259836358267612734495316094361236105142473696005573536675388723630952029172125516906217038636762514422400942249882109352350370708364572655006848595785035987742401489712889007898605695514891527114159440544804267096208307683950469928312815867712185787931181619835635103684028076198928922729066720620115725664596540900911845724509382475052977459761000436232096887875356867220847981889219704628686901951246237612076052446573570850016408533470802001,67342940110856326393620461350190323663821831155513370139365729184194123712883586721183286682873212605508984015022909726834890357477623412800078927074405511809426684543324528634401617576518400085746718082903440476185064186546413941800594411730991113860649998186297728467241667147271615489978396692861349883099841736753967670856854075254263294760623766219493787820118214622614281735628734033627506633563382086693902831201172291214195831795701847934240993792936937105318838605884231584268611707699018955336736543951803397661259834149301979798491557634424801170037639593397692560131284166100,65.0,68.02067045237209,1.5103352261848215,2.4442670110147446e-12
640,410880,3314619512256348385093999107656367730733310529474368078259581190446034769148130138416641370531019524443152193219427616754813303395048624378019884790602239291259981413222433299385247617116235652220453464040507340237828859261814494215425256945399382624221192910729574195157634856988708914416736685222635641246174210283030288759574357584014839368117901773323484236506218523725074947027646289135145876503989666307073897351721700173562718840984444955323341714488356044323793236181621878577701068252945712981674172693307763232887209036828643445681754466766388713589252620787034427809661806657981,30977752450993910141065412221087548885358042331536150264108235424729296907926449891744311874121677798534132646910538474344049564439706769888036306454226535432336274889929283171824744085198464039443490318135582619045129525811350413228273429396255912375898999165696955094931166887744943125390062478716220946225927198906825128594152874616961115589886932460967142397254378726402569598389217655468653051439155759879195302352539253958530082626022850049750857144750991068446665758706746528763561385541548719454898810217829562924179523708678910707306116511835408538217314212962938577660390716406,107.0,40.95554705709628,-33.022226471453905,4.092726157978177e-12
641,412163,15382056389459045035563515033919334618936407226693812544936503107451788809453133739348899689219040010306603797086612207950148749239026809875438717687615934835366977876378678540492286718167513178206422778660427231525857419713222274154728875286416728903894675447794350116103751833914730379504031023914261435367356953939940753508820737740835864292909373359928512086912519091730931110924301180646503584162891135940014219099191905413890799648783760024703873892566009358125240928461281034972251170751665571039673891970232610555454660048447459109834761302428616653459631885057459155803780217814777,160229754056865052453786614936659735613920908611393880676421907369289466765136809784884371762698333440693789552985543832814049471239862602869153309245999321201739352878944568130127986647578262272983570611046116995061014788679398689111759117566840926082236202581191147042747414936611774786500323165773556618409968270207716182383549351467040253051139305832588667572005407205530532405461470631734412335030115999375148115616582348061362496341497500257332019714229264147137926338138344114294283028663183031663269708023256359952652708837994365727445430233631423473537832136015199539622710602100,96.0,51.87570206822738,-22.062148965884404,3.808509063674137e-12
642,413448,1599714928693174083619170623125501327350539719482172916319377445528483479588709209939380454510766892558450115562724394243390193929096166700006569508457311345738223669260701914886963921586700645199184984270651184496016265827542624973057639187638209643373029392153732247520035846979927582645371988478843389552064218524834873548357737293021793678647745444207495264869246354586302359430455819962232681873295682637768876230589792937157086094015545516864275989823298914383894292971100942755735295248847640552105004048618023530190952353389362085255937663162243528099105470835136023446149466601,12119052490099803663781595629738646419322270602137673608480132163094571815065978863177124655384597670897349360323669653359016620674970959848534617488312964740441088403490166021870938799899247312115037759626145337091032316875322916462557872633622800328583556001164638238788150355908542292767969609688207496606547110036627829911801040098649952110967768516723448976282169352926533025988301666380550620252240019983097547201437825281493076469814738764123302953206809957453744643720461687543449206430663943576553060974378966137810245101434561251938921690623057031053829324508606238228405050,132.0,24.03188461192667,-53.98405769403149,1.0345502232667059e-11
643,414735,1606441718712594084595352214841753032227012761763289267799896795527350757887557155067646695230702673686996390236324567040105506324513978397125912878080137720786339361469409545698401748091938907960379074477339450357937469073540610971794114754046101433303921273068076199019708034495292796692353222470174829745408163705153718603744037245703524144521761616293769227915480317624494777785224762419515286716344101089380034784921324434235778449433087322734379849593278672789568583424181108248743971722628759577144126704476676363284546595412443998936216125111751602753890431755788525296850300341,12078509163252587102220693344674834828774532043333002013533058612987599683365091391486065377674456193135311204784395240903048919733187807497187314872782990381852175650145936433822569534525856450829917853213078574119830594537899330614993344015384221303037002053143430067817353642821750351070324980978758118386527546655291117321383738689500181537757606137547137051996092613718005848009208739996355539220632339017894998382867101009291567288970581373942705636039689269094500627249482016907849411448336538174015990259223130551011628536935669164933955827907906787623236328990891167645490980,133.0,3.653767738639999,-64.67311613067699,6.0254023992456496e-12
644,416024,1552924423505889110270148568314647561702197752077038781977166369084783429712318858337830211775971816664599622578897390836534658756116224597619399601779518491519834295662967894254337627135629774460824618144125358628691783614381649704314292084378389053906655631580377107123214555868393419266355717869083134218334200269556175065666456276103249238755815228007985112169806339880645092226385284831677271007703912376001774899406816075114009800187417805620499504528390796681925062127845368921731718136108249665674316123346482179989517411573591615896551123862068206279126178181093129628254740651,12038173825627047366435260219493391951179827535480920790520669527789018834979215956107210943999781524531780019991452642143679525241211043392398446525422623965270033299712929412824322690973874220626547427473839989369703748948694958948172806855646426774470198694421527962195461673398398598963997812938628947428947288911288178803615940124831389447719497891534768311393847595973992962995234766137033108586852033922494379065169116861348913179747424849771313988592176718464535365332134642804121846016343020664141985452298311472786956678865051286019776153969520978907954869620876973862439850,129.0,17.46011268218581,-55.769943658904225,5.7411853049416095e-12
645,417315,46466628676490865211598118331631323328037063497304225396162353137093945361889674837616467811182516697801198970365807711516074346659560154832054459681339803148504412334893924757737116127797696059165235477203373928567694288717025619842410144094383868563848498748545432642396750331617414688085093718074331419338890798360237692891229311925441673384830398691450713595881568089603854397583826483202979577158733639818792953528808880937795123939034275074626285717126486602669998638060119793145342078312323079182348215326744344386269285563018366060959174767753112807325971319444407866490586074634819,309777524509939101410654122210875488853580423315361502641082354247292969079264498917443118741216777985341326469105384743440495644397067698880363064542265354323362748899292831718247440851984640394434903181355826190451295258113504132282734293962559123758989991656969550949311668877449431253900624787162209462259271989068251285941528746169611155898869324609671423972543787264025695983892176554686530514391557598791953023525392539585300826260228500497508571447509910684466657587067465287635613855415487194548988102178295629241795237086789107073061165118354085382173142129629385776603907164060,150.0,19.501938951410466,-65.2490305242915,6.536993168992922e-12
646,418608,116166571691227163028995295829078308320092658743260563490405882842734863404724187094041169527956291744502997425914519278790185866648900387080136149203349507871261030837234811894342790319494240147913088693008434821419235721792564049606025360235959671409621246871363581605991875829043536720212734295185828548347226995900594232228073279813604183462075996728626783989703920224009635993959566208007448942896834099546982383822022202344487809847585687686565714292816216506674996595150299482863355195780807697955870538316860860965673213907545915152397936919382782018314928298611019666226465186587263,774443811274847753526635305527188722133951058288403756602705885618232422698161247293607796853041944963353316172763461858601239110992669247200907661355663385808406872248232079295618602129961600986087257953389565476128238145283760330706835734906397809397474979142423877373279172193623578134751561967905523655648179972670628214853821865424027889747173311524178559931359468160064239959730441386716326285978893996979882558813481348963252065650571251243771428618774776711166643967668663219089034638538717986372470255445739073104488092716972767682652912795885213455432855324073464441509767910150,150.0,1.889364946131991,-74.05531752693017,7.673861546209082e-12
647,419903,1370616148796261731213442225580535759779277431930394236215041977968672802840235822005087245920078953979151642096802775987141594792624628483040955096494006346189145547014746173020385703728325646249933203858278978484092215465666498137054160347306467717652306611661419168261363646145283897353698711523636700470146032634069898321374234910195318075182301890491732452241211966538960957984302592271930257128155673406253110540050996429054189249573307624170440850602515680569582875289366992895561975054932543188671707136061127496497825661111980592913668065829541407802665663366303105023024779501,11918401293880536793160367178961180519819803755916471619261234591031937416002050626131193442783295251992622974754806747714274737327170682461225696491252229097296917800128227591481614815028918663042897424854599812905149699701447809887427481280925806240454840101403644941403162140393773020466945317596840873653443762035390420185862912262567983262454799047754195236880104056860530069428718193668958757636136290489157482956965186339601645648463544558003833483500136352778981524255365155613582391782022114684101801183140239099981092705321570373162331007213403546110136203185244391504563300,115.0,45.193110486123715,-34.90344475694508,1.3869794202037156e-11
648,421200,1639285926158892399519528678008314190574204249463911625296010617613560462187993743791976009904437279008248448989053727072428422383878953234354248903552136624611705627275957158413917740531247809434466471317858118501506202378236964884385970264852870583585421383873832273602462240397577326215134834750685823521427238840839737612544327286272196468825982314446455115737826621766835878739823620083853869583021510416185655236080380798480386303547493407034902326089284748617854081870362382456235704887159185246098640927241536806325935375334645938188604984520778578983813697902019143997673870261,11878883522890524634199483173973291236044958329448634965913120417489568566579664810086782680466936804407597456442418312119046539013615603147494557272116932062403663965767805495753027105298897169814974429839551583344247843320557716553521523658354134663662473796187190388423639423170850189964745179352795822619037962614780707337277733958494177310333205177148225476361062476571274483621910290462709199876967466783954023449857831873046277561938358021992045841226701076940971607756249148233592064399704240913758267588706788451637212864743811146294239018266511441911693463058109739113578770,138.0,9.66790279882889,-64.16604860058231,6.480149750132114e-12
649,422499,3580545413166828574746521672307521884151773724034697887669653185455723928318771480993823060775103018272127020227321979502104430175498574701344456200553456692828478526238579483496626264393069220143468361446840068954566919217156086723787448332813995066824689513957180523959576432479610309298331896890576187291048728185334333045298189403778622451298619466267630744617713904740037265268364118619104053997512808609413482999189602080921009550280563187568605566081608058560718509772597975402541510796360826014916875466736144286041529363730419549286031648770586181690053201238573420015291913975899,20115423669476565026665852091615291483998728786711785885784568457616426563588603825807994723455634934113073147344505502820811405480329071355867731463783464566452126551902131929756327328050950674963305401386741960418915276500876891706671058049516826218116233224478542269435822654379833198305235375789753861185667012277159174411787580920104620512913592507121521037178168004157512726226764711343281202233218025895581365163986528544500053653261590941396660483604539654835497245913471771924390510091914752892791435206382833067649041369272019939809166566126888661180074164261648427052201763900,178.0,7.200112628267107,-85.39994368586801,3.126388037344441e-12
650,423800,1498657043937918044003596268917687498453591452918616610029362025652266820976709425394847604444264321969868773455686715433512314809600563695474748299649580973629291303687819906095592286926456408439948423090847065273661572660960015674120955964138139347235380892669647242193256797652287290902508292199873045243680100411852143890389344697293113370717286901951454053553332947502270236049761526618782133300952122370161948624364153663077426096517599851303435580687981257723820968340309117944347828413963743062233848019528285988535490074536742892993832743861809006915305472120638900638521073591,11800449164865496409477135975729822822469224038729264645900488390962730873832357680274390586175309621809990342170761538846553659918114674767517703146847094280545600816439526819650332967924853609763373410164150120265051753235905635229298865859355427930987251123383049151128006280726671581909514111810023978296693704030331841656609013364512703706435329936625622468923881476395828630313082886762064041739780491103637390743024831992735638555256691742546736855810876045069456443624481243656282113495777504427038173382112488098704646256194825929085297195762275645002405292288495280618276170,127.0,34.55928375473877,-46.220358122628284,4.661160346586257e-12
651,425103,7965707773112719750559677428279655427663496599537867210770689109216104919181087115019965910488431433908776966348424179117041316570210312256923621659658251968315042114553244244183505621908176467285468938949149816325890449494347249115841738987608663182374028356893502738696585771134413946528873208812742529029524136861755033067067882044361429723113782632820122330722554529646375039585798825691939356084354338254650220604938665303622021246691590012793077551507397703314856909381734821682058641996398242145545408341727601894789020382231719896164429960186247909827309369047612777112671898510671,73756553454747405097774791002589402107995338884609881581210084344593564066491547361295980652670661425081268206929853510342975153427873261638181682033872703410324464023641150409106533536186819141532119805084720521536022680503215269591127212848228362799759521823087988321264683066059388393785863044562430824347445711682916972843221130040383608547349839192778910469653282681910879996164803941592031074855132761617131672267950604663166863395292500118454421773216645401063489901682729830389431870337020760606901929090070387914713151687330739779300277409131925090993605268959377565858073134300,108.0,51.49473250189885,-28.25263374904665,7.844391802791506e-12
652,426408,1570856163220404749596129920540140301923155802955453179310091710531509992606354648401426589442011725551206338906048830495929128875058923741351764628031710544454937270200613030374232061599001779091710830052437851351001073391581125354808531076055542534539176955407486786370879449524628906801942226415684122275053450741532539860291118023202393733650019280750797375698986856991789778765782346333348284551430782671015610294431171771809875070723045391015627074685010067349292800685218668110105969174336439613307161561384270102720152043111489803210200722259791692823940823356884250414941932701,11722807188211975743254700899553285835247431365339202830672326197996343228405631704488258130164266608591092081388424108178575588619842714487699736030087392122798039329855321122195761653723893873818737537704760084708963234265530786229914411015339869660740126532891692435603577981527081394044344973251374046828757095086063730300679985247779057713806114035453711758947663111879028199744644375622002123518140169186683658913665460983655784109873473067280799064813507965293229855859840806791835590853257012039605683293912463453135463008294700023956721807908893230029409129528986943395089050,134.0,24.9008648776894,-54.54956756115757,4.547473508864641e-12
653,427715,96650587647100999640124086129793152522317092074392788824017694525155406352730523662242253047259634731426493858360880039953434641051885122050673276137186790548889177656579363496093201545819207803063689792583017771420804120531413289272213099716318446612804877396974499896185240689764222551216994933594609352224892860589294401213756968804918680640447229278217484279433661626376017146974359085062197520490165970823089343339922472350613857793191292155222674291623092133553597167165049169742311522889632004699284287879628236323440113971078201406795083516926474639238020344444368362300419035266257,929332573529817304231962366632626466560741269946084507923247062741878907237793496752329356223650333956023979407316154230321486933191203096641089193626796062970088246697878495154742322555953921183304709544067478571353885774340512396848202881887677371276969974970908652847935006632348293761701874361486628386777815967204753857824586238508833467696607973829014271917631361792077087951676529664059591543174672796375859070576177618755902478780685501492525714342529732053399972761202395862906841566246461583646964306534886887725385711260367321219183495355062256146519426388888157329811721492180,104.0,32.21295672479255,-35.893521637603214,1.0231815394945443e-12
654,429024,54985510600514190500391106692430399271510525138476666718792117878894502011569448557846153576565978092398085448266205791960687976880479516551264443956252100392396887929624477629988920751227273670012195314690659148805104908315146983480185337178354244467220723519112095293502821225747274047567360899721292179551020778059614603254621352445105980172049305118216677755126522239364561037140861338456859166304501473785571661675757175776390896661190558838307771431933009146492831721704475088555321459336248977032445388136647474190418654582905066505468356808507850155335732728009215975347193521687149,774443811274847753526635305527188722133951058288403756602705885618232422698161247293607796853041944963353316172763461858601239110992669247200907661355663385808406872248232079295618602129961600986087257953389565476128238145283760330706835734906397809397474979142423877373279172193623578134751561967905523655648179972670628214853821865424027889747173311524178559931359468160064239959730441386716326285978893996979882558813481348963252065650571251243771428618774776711166643967668663219089034638538717986372470255445739073104488092716972767682652912795885213455432855324073464441509767910150,71.0,49.22537853813765,-10.887310730929357,3.637978807091713e-12
655,430335,8983548210788233940908969544115389176753832276145483576591388273171496103298670468605850443495286561574898467604056157559774373687514963267530528871725695275377519718079492119829175784707554571438612192259318959523087562485291619836199294524914214589010709758052116977530038397446033506363118118827704074405518887682979287292304333638918723521067210413680471295203769830656745183532873120085909384917355170364966637682236383647973723961546626514427748571977787409849533070024956493341432801807049128641920654963170573248012061875516884105118773788432268476083021121759252187521513307784427,309777524509939101410654122210875488853580423315361502641082354247292969079264498917443118741216777985341326469105384743440495644397067698880363064542265354323362748899292831718247440851984640394434903181355826190451295258113504132282734293962559123758989991656969550949311668877449431253900624787162209462259271989068251285941528746169611155898869324609671423972543787264025695983892176554686530514391557598791953023525392539585300826260228500497508571447509910684466657587067465287635613855415487194548988102178295629241795237086789107073061165118354085382173142129629385776603907164060,29.0,88.34823990032555,29.674119950159536,6.480149750132114e-12
656,431648,9625230225844536365259610225837916975093391724441589546347916006969460110677146930649125475173521315973105501004345883099758257522337460643782709505420387795047342555085170128388402626472379897969941634563556028060450959805669592681642101276693801345368617597912982475925041140120750185389055127315397222577341665374620664956040357470270060915429154014657647816289753389989369839499506914377760055268594825391035683230967553908543275673085671265458302041404772224838785432169596242865820859078981209259200701746254185622870066295196661541198686201891716224374665487599198772344478544054837,331904490546363322939986559511652309485979024980744467115445379550671038299211963125831912937017976412865706931184340796543388190425429677371817569152427165346460088106385176840979400912840686136894539122881242346912102062264468713160072457817027632598917848203895947445691073797267247772036383700530938709563505702573126377794495085181726238463074276367505097113439772068598959982741617737164139836848097427277092525205777720984250885278816250533044897979474904304785704557572284236752443416516593422731058680905316745616209182592988329006851248341093662909471223710317199046361329104350,29.0,48.05167231362657,9.525836156818997,1.1425527191022411e-11
657,432963,163040802373652158637186380110987099396621275429137632968990712761733141620665525746022694074324619992284908667950202496547629286524772473094927928706455449643875130999627806167498653079991915997071001674397803258132260662165002174885649628401346907241573679819457658394374562567078648028368749887980110243294353678456974361021857234826111134683615434005090223143444098560013524202048513976150805533890293473048396328171259231360684645400120263419741353393426268781298240835298665940860849397587098523446835843251734541706208019519362687933190086904396887043249022173489150408738898514469,81520401186826079318593190055493549698310637714568816484495356380866570810332762873011347037162309996142454333975101248273814643262386236547463964353227724821937565499813903083749326539995957998535500837198901629066130331082501087442824814200673453620786839909728829197187281283539324014184374943990055121647176839228487180510928617413055567341807717002545111571722049280006762101024256988075402766945146736524198164085629615680342322700060131709870676696713134390649120417649332970430424698793549261723417921625867270853104009759681343966595043452198443521624511086744575204369449253700,2.0,77.3013674729541,37.65068373647523,3.637978807091713e-12
658,434280,-1666706532613772530780884887590981294388466099470405116250721386488218200983055745566948134229181180255083203637116170233724373596941551626629040606999201349791747628586176645608381407181364484496959590400615762434710122910072656741409887666959965600929630752885364930896111019934329036431005216851151034212526695302964617308405256704808668556784269093447211743080476777487336768744503361797014728185038065002776741685016026650830004445555960392287151868641518999972084057518544803959449499407615793811117004631386006168462349142025395937869902372621942203354920430753108012527182431861,57472639055647328647616720261757975668567796533462245387955909878904075895967439502308556352730385526037351849555730008059461158515225918159622089896524184475577504434006091227875220937288430499895158289676405601196900790002505404876203022998619503480332094927081549341245207583942380566586386787970725317673334320791883355462250231200298915751181692877490060106223337154735750646362184889552232006380622931130232471897104367270000153295033116975419029953155827585244277845467062205498258600262613579693689814875379523050425832483634342685169047331791110460514497612176138363006290754,-29.0,110.39279406890955,69.69639703445634,3.126388037344441e-12
659,435599,-14213321712808970535312365607322522429752513540351880709414366841934618581283900538565037212832299225209778508582482358816681564860571341478040187667233351551307232008320494631778411992032236441627013204791620260503059429489913719010619573487693889207765423146613897043556653042612385669296616901999207257680131303027837411943199554236017453035359886658561394746975538474467061345143288100744440811836789113356336668138223892992737332028410484140473922689944572372581411348112507230844457576895534118338130042335239446518152957936923264912763982870136246270476179462418289465044179269856543,273333109861710971832930107833125431341394491160613090565660900806434972716998087280096869477544215869418817472740045361859260862703295028423849762831410606755908307852317204457277153692927623877442561630608081932751142874806033057896530259378728638610873522050267250837627943127161262871088786576907831878464063519766104075830760658384951019910767051126180668211068047585905025868140155783546938689169021410698782079581228711398794846700201618086036974806626391780411756694471292900854953401837194583425577737216143202272172268017755094476230439810312428278388066584967105097003447497700,-52.0,140.41102781785185,96.20551390892754,3.240074875066057e-12
660,436920,-1850031665951859265226202455141260384659737100091740891685296077123846530665813198577961558507598541385581909901757440405417691306949972986014112528785924478374429157328225272371749812652861156967428088010751450374294397692781378361343469572437313944147916340353500967845922375512305826997415808284313128838973754413811719690427178975133709623815410697735263978601787714250982922266111207028652139767434650556819891978585622333289785956431357998989765854696475909860782958383282805301075331585095809390139942216061486836878670958049835410522594881264224796575685653063480074312830235217,34259845665775171578263008428541858975180316668365572068246223650441602419737281455147436268659232247881146479662174822322549839017592092333594676458998601451378317728300468006884255789867799203100520148347249081005451809125581080765619806896987295261998450747287054960109673620598256055507700153413206089610625081737254068341244055095068696737322420328430814418551624337981165227150207537567632217915456491792960962566400413579440480674654777759069738049934739071495980710801533431501395029353626099817406337334471978460716128852774729824492497801189348084734919501175556931719078430,-54.0,148.43679866809043,101.21839933404954,8.640199666842818e-12
661,438243,-1231167084590783608170548434427838481341152964458488023317122177136677184802205059800094446279194886864818092377213708595725046791834499828883494230873105895387723745625394587598162905950195365670189999823337257936408993974553670269328815783697350363657524325816161035824187401948837483188579406205388268375645824571937921777459921939904864850367301161910232582454981718613435458397520188871190057172581831482378274837088098554762093027444497886592662271137539388617752100666550182553423593527933346542438286047118867244422519532011597733239089245983202134211200949489552687060861682315211,39715067244863987360340272078317370365843644014789936236036199262473457574264679348390143428361125382736067496039151890184678928768854833189790136479777609528636249858883696374134287288715979537748064510430234126980935289501731299010606960764430656892178204058585839865296367804801209135115464716302847366956316921675416831530965223867898866140880682642265567175967152213336627690242586737780324424921994563947686285067358017895551387982080576986860073262501270600572648408598392985594309468643011178788331807971576362723307081677793475265777072451071036587458095144824280227769731687700,-31.0,123.28688230477337,77.14344115238703,6.821210263296962e-13
662,439568,-147499419539671836984791530532260059692746906383523612009169012590338696214897219034378758880829792857174569054582358718777980677391177866966364043350657922080626794181155600176438452515119488000905425431496921182254156086448957864215611707149761509635254966262249321027879648362551555886170811581578829913562497345468085991430827189425826603148619952968676722733045623401210658636949378148459662962426816880886342267597760269423432407055620131946276466243094493266732264721413289441001676771889348492538061620471769769110925167461685791988159651114375336719727504444710210594469284649,11346109195359372075753194656327696899442069721809508616089924045410668939607478387259904529294599450551889927275566055290613898260859835920489541796204455544663599552396584628956804039624576000069648110115147783250319698957612143401200900549981654587327305097096101617529203720196273529705447044736833070274038257343698922417755937648140507934509227151436670979465047953939281433611490626804589458648216683145103251353673866878725569773509240918944343557161114866671712670877945341615513597837642191733697047728597674546994243650898907076012280854951948978440577264977708507266868050,-13.0,106.94629036590459,59.97314518295548,6.366462912410498e-12
663,440895,-316664987998915513836600176039739830159550649951813445071384977508094013881180167561914764877298009696234425217587922047984150927060636543705967865619489245411053155020999572418346476720658973058456328322367315298186859451176595075167630251942304241000756444320950218195054095453564458220189751890786822859452360837279071081974473545790555743315992153958263658545917492730923277264392718174992619999378029745762282671633419411791771864308948122154366032657817440004565967377528714835303464201804740295986698801102270001780521581484067576869983301935450125614283815108233463610124106479,11309463857104125494164292001419279648555380355421908752549463482431929067185005984354098745617786060579800900628140073142291104537879876560927423772124615907537612679321413300655231311452106180659154582941689832078102123256306966970272508997939437178598444440033936364109074837627302079292491138956672244980441458474252538641945483778234133689856862641366559233782767597532974188014025649106879285692072490920081523986907836135420423725319575791227358309207765714448784549197454101260838007207312153428096385753652500063590056481573842031070832211980361629081564825294052271790146660,-28.0,122.7068695023595,75.35343475117696,5.5706550483591855e-12
664,442224,-29428864828444214634012141610033171441090140214959342750902823653492832062530127397157096280415593908607426014565011550626847086217721431393634491131515208660719461145432819013233506880938540837471315802228803488092873049520782892566859757926443116757104049207412107340184608543357695969120559354780409898914630838961483872164445230886113059810392585837918785277391659790082441118469756772695220398867197971885235537234912291260603578494721707547263314287513441515024332470771409202325383316264471283482153869706938084777970547523244965171940810686243638111306448502314791648777371180517001,774443811274847753526635305527188722133951058288403756602705885618232422698161247293607796853041944963353316172763461858601239110992669247200907661355663385808406872248232079295618602129961600986087257953389565476128238145283760330706835734906397809397474979142423877373279172193623578134751561967905523655648179972670628214853821865424027889747173311524178559931359468160064239959730441386716326285978893996979882558813481348963252065650571251243771428618774776711166643967668663219089034638538717986372470255445739073104488092716972767682652912795885213455432855324073464441509767910150,-38.0,128.40544762264517,83.20272381132088,3.410605131648481e-12
665,443555,-528125638787272997991684072688875448018316180248666608698296498988795219638187465659385523759283788113573871375900601521372467031739151750705896766827391511511929721235720806145612588841422335960526223911144084309940543273006518138587334930762600041714740207044709590518746693811986818291517902121877414112551325197492575192766526246416965999416487210809064394899083175191676720074104309222063971979072723794567019845439578599619459724353935294965826837241991383912820249317169610127037320036437744929948701074991109167802347239335436359316868681236780436961325349619463676857519508011,11236715718878148893440086652954796766347152771248225716985031893378621694429520545944372845942208257735614284593629819603669511313598973419274399294199819393870845132674910769055586996626007148096302636407320942764692410063968471033773083633246809398185961852015097670611631783233762091308891534508030087501092025478565429633330345668446085093967812995937540317001769684929291916470304451533275999554738804139723826498714438289775738816041176488634613558340242210911069134407864045256113192264632870849972363297683173783028664666711411900358908111420860360879262757860929294840840596,-47.0,140.07016392597097,93.53508196298316,4.661160346586257e-12
666,444888,-44917741053941169704544847720576945883769161380727417882956941365857480516493352343029252217476432807874492338020280787798871868437574816337652644358628476376887598590397460599145878923537772857193060961296594797615437812426458099180996472624571072945053548790260584887650191987230167531815590594138520372027594438414896436461521668194593617605336052068402356476018849153283725917664365600429546924586775851824833188411181918239868619807733132572138742859888937049247665350124782466707164009035245643209603274815852866240060309377584420525593868942161342380415105608796260937607566538719557,774443811274847753526635305527188722133951058288403756602705885618232422698161247293607796853041944963353316172763461858601239110992669247200907661355663385808406872248232079295618602129961600986087257953389565476128238145283760330706835734906397809397474979142423877373279172193623578134751561967905523655648179972670628214853821865424027889747173311524178559931359468160064239959730441386716326285978893996979882558813481348963252065650571251243771428618774776711166643967668663219089034638538717986372470255445739073104488092716972767682652912795885213455432855324073464441509767910150,-58.0,133.9613057753454,95.9806528876762,6.991740519879386e-12
667,446223,-51113291544139951732757930164794455660840769847034647935778588450803339898078642321378114592300768367581318867402388482667681781325516170315259905649473783463354853568383317233510827740577465665081759024923711321424463717588728181826651158503822255420233348623399975906636425364779156156893603089881764561272779878196261462180352243117985840723313438560595784955469724898564239837342209131523277534874607003800672248881689769031574636332937702582088914288839135262936998501866131772459876286143555387100583036859418778824896214119320202667055092244528424088058568451388848653139644681931169,1548887622549695507053270611054377444267902116576807513205411771236464845396322494587215593706083889926706632345526923717202478221985338494401815322711326771616813744496464158591237204259923201972174515906779130952256476290567520661413671469812795618794949958284847754746558344387247156269503123935811047311296359945341256429707643730848055779494346623048357119862718936320128479919460882773432652571957787993959765117626962697926504131301142502487542857237549553422333287935337326438178069277077435972744940510891478146208976185433945535365305825591770426910865710648146928883019535820300,-33.0,101.5129905293602,67.25649526468018,1.7053025658242404e-13
668,447560,86449541723703935277391848058848973633557327436845070504488098859709665789562185744402730811502356647071998084401502719099673203087553776431729227314120563997217511320732883270208588144739899644958577632006277076405012630171210455520763058780249057793206509299619409567249768058823097094111802266184802640630494508577186405379031278000821717925265858030605978783035475515542054693179212061772985259830202120593103169355923499419153718956342837348141926915584161121246509094065339150037845727092694100804368772700919710486082391745150448485505441428377884292699481524547735565563881070011,10806192715462991909673981007356121704194665929605633813061012357463708223695273218050341351437794580883999760550187839887459150385944222053966153414265070499652188915091610408776073518092487455619822204000784634550626578771401306940095382347531132224150813662452426195906221007352887136763975283273100330078811813572148300672378909750102714740658232253825747347879434439442756836647401507721623157478775265074137896169490437427394214869542854668517740864448020140155813636758167393754730715886586762600546096587614963810760298968143806060688180178547235536587435190568466945695485133630,8.0,70.97922886290189,31.4896144314514,9.094947017729282e-13
669,448899,2675351348040383148546558328184833767371830928632667522809347604862984732957284308832463298219599446237038728596819231875167916928883766490330408284683200787338132831402983546657591534630776439770119618384436680735715731774616626596987250720585737887009459018855646121834964413032517815374596304980037263537693712632862170196767748262373914528217507803447162297944696344552949192588159706608656399897017997444112321566810208296418507135883791595205755844319403774093121133706491745665943937842224662134741260882448916797997322502113178651994619153294876191936949863846799240797942834602931,46935988562111985062220321547102346795997033835660833733497326401104995315040075593551987688063148179597170677137179506581893279454101166497024706748828083988388295287771641169431430432118884908247712603235731240977468978502046080648899135448872594508937877523783265295350252860219610796045549210176092342766556361980038073627504355480244114530131715849950215753415725343034196361195784326467656138544175393756356518715968566603833458524277045529925541128410592527949493573798100801156911190214467756749846682148226610491181096528301379859554721987629406876086839716610512996455137449100,57.0,44.518134532880595,-6.240932733559276,8.526512829121202e-13
670,450240,176927264659064240114602197307560784666855385630248591499154625114467320099529948692763971580619277781304391500881207820912684026213788933464903585088750113128214606353561979991859750611542594642355909577414621940716096385015209042497456582544475832803021341704558892524772852932076493898137002805547060448209764825626187641003229097548146587220029599263037866194070843015078572704443307805917915621841397928916657684600781060661269837230086956805887668421509194365369690918579261961953659658979360145383872693469434213888367380359414068436102614474679280578095604843080965675221764641,11057954041191515007162637331722549041678461601890536968697164069654207506220621793297748223788704861331524468805075488807042751638361808341556474068046882070513412897097623749491234413221412165147244348588413871294756024063450565156091036409029739550188833856534930782798303308254780868633562675346691278013110301601636727562701818596759161701251849953939866637129427688442410794027706737869869726365087370557291105287548816291329364826880434800367979276344324647835605682411203872622103728686210009086492043341839638368022961272463379277256413404667455036130975302692560354701360290,16.0,68.63331196565514,26.316655982822994,9.15179043659009e-12
671,451583,466889570433640272461033724863281239181233652365257767138473404726781269186451278272701351212838684523361329367311943512840938411411848445680929977659395151252915147862570535843291597456340486718885141158502800239196928259836142591717996663149311598009960992210265112674799883714816128444874147406488497514888376442854062942926227536092954612957626015560031093547135373149129637487684380931704579483413113127365862212490424162532869666373071663429259330172084315146444962391991634285192432365817600317143211732948148914885959328623629515445044339771681994714758563496809839806843209364117,22232836687316203450525415469680059008630173922155131768498733558418155675545298965366731010135175453493396636538663976801949448162468973603853808459971197678710245136312882659204361783635261272327863864690609535199853726658863932938952222054729123714760047248107862508323803986419815640232102257451833214994684592516860140139344168385378791093220286455239575883196922530910935118461160996747837118257767291779326772023353531549184269827289126829964730008194491197449760113904363537390115826943695253197295796807054710232664729934458548354525920941508666414988503023657611419373486160100,21.0,62.183581245419646,20.591790622706952,5.7411853049416095e-12
672,452928,1216983132003332184113284051542725134781923091596063046089966391685793807097110531461383680769065913513840925414342582920659090031559908817029997753558899606270353656390078981750257803347082515835279976783897888605344374228303051948253599011995767986196032110080951807300867270589979908497466740235280108601732854242768130051913148645666329541031272346680852022749279164251529519936719265036268512735109690566682672592421184976942253246022326251954497959258074649117547583377765042201425625860560842550013881829986161400592767002840957206358454577250676764001394486937829729836658206726019,110634830182121107646662186503884103161993008326914822371815126516890346099737321041943970979005992137621902310394780265514462730141809892457272523050809055115486696035461725613659800304280228712298179707627080782304034020754822904386690819272342544199639282734631982481897024599089082590678794566843646236521168567524375459264831695060575412821024758789168365704479924022866319994247205912388046612282699142425697508401925906994750295092938750177681632659824968101595234852524094745584147805505531140910352893635105581872069727530996109668950416113697887636490407903439066348787109701450,11.0,72.20349049555762,30.601745247774318,8.981260180007666e-12
673,454275,5885772965688842926802428322006634288218028042991868550180564730698566412506025479431419256083118781721485202913002310125369417243544286278726898226303041732143892229086563802646701376187708167494263160445760697618574609904156578513371951585288623351420809841482421468036921708671539193824111870956081979782926167792296774432889046177222611962078517167583757055478331958016488223693951354539044079773439594377047107446982458252120715698944341509452662857502688303004866494154281840465076663252894256696430773941387616955594109504648993034388162137248727622261289700462958329755474236145423,309777524509939101410654122210875488853580423315361502641082354247292969079264498917443118741216777985341326469105384743440495644397067698880363064542265354323362748899292831718247440851984640394434903181355826190451295258113504132282734293962559123758989991656969550949311668877449431253900624787162209462259271989068251285941528746169611155898869324609671423972543787264025695983892176554686530514391557598791953023525392539585300826260228500497508571447509910684466657587067465287635613855415487194548988102178295629241795237086789107073061165118354085382173142129629385776603907164060,19.0,86.45680214643335,33.72840107321451,4.320099833421409e-12
674,455624,3216920446833982976187562038343706999633335165197984835118932140260350063515439027219601617697251156001621467179171303104958993230277241488373001054861986371819536238569579406304877270385994342557593225344848964285455758449640235219859163821918883208266434528745453029089005792188897939944352642020530636723461670655708763354008183133299808157411335294023510941253339329280266842909649525760206278418681559679762589090455999449539662426548526735935665934262602918646384521096469831833139066960083905481854876445697685380587873615901271496527942868536753963584105706730766698449348266720069,178717802601887943121531224352428166646296398066554713062162896681130559084191057067755645427625064222312303732176183505831055179459846749354055614158999242878863124364976633683604292799221907919866290296936053571414208802757790845547731323439937956014801918263636279393833655121605441108019591223362813151303426147539375741889343507405544897633963071890195052291852184960014824606091640320011459912148975537764588282803111080529981245919362596440870329681255717702576917838692768435174392608893550304547493135872093632254881867550070638695996826029819664643561428151709261024963792594650,18.0,66.62291712017986,24.311458560093513,7.16227077646181e-12
675,456975,16727986323536711476175322599387276398093342859029521142618447129353820330280282941541928412025706011208431629331690776145786764797441655739539605485282329133461588440561812912785361806007170581299484771793214614284369943938129223143267651873978192682985459549476355751262830119382269287710633738506759310962000687409685569440842552293159002418538943528922256894517364512257387583130177533953072647777144110334765463270371197137606244618052339026865462858165535176961199509701643125532323148192436308505645357517627963979056942802686611781945302916391120610637349674999986831936610986887703,309777524509939101410654122210875488853580423315361502641082354247292969079264498917443118741216777985341326469105384743440495644397067698880363064542265354323362748899292831718247440851984640394434903181355826190451295258113504132282734293962559123758989991656969550949311668877449431253900624787162209462259271989068251285941528746169611155898869324609671423972543787264025695983892176554686530514391557598791953023525392539585300826260228500497508571447509910684466657587067465287635613855415487194548988102178295629241795237086789107073061165118354085382173142129629385776603907164060,54.0,54.07182746852732,0.03591373426309019,1.1368683772161603e-12
676,458328,1215103131877098866606659207641106942535372827260008976079781729392741007553535991719093807314636507794510897711633130131310519037182227640845882886287131378767235471916310506438637819068345394708008529912999332240538541000963550944050622729634738728443988031659519413106863921181315449772245141565994965880287969921957754087998936006156803771930059130194976376900834378408405290832408408659095702674721378026445327971465333638035445853394561452156709580786780816043745207183487528971015113955932594798113229601024372416229391681272865387843844139825156464522484061979690234613971029601,10849135106045525594702314353938454844065828814821508714998051155292330424585142783206194708166397391022418729568152947600986777117698461078981097198992244453278888142109915236059266241681655309892933302794636895004808401794317419143309131514595881503964178854102851902739856439118887944395045906839240766788285445731765661499990500054971462249375527948169431936614592664360761525289360791599068773881440875236118999745226193196745052262451441537113478399881971571819153635566852937241206374606541024983153835723431896573476711439936298105748608391296039861807893410532948523339027050,112.0,18.568754558653836,-46.715622720673764,1.3642420526593924e-12
677,459683,88286594485332643902036424830099514323270420644878028252708470960478496187590382191471288841246781725822278043695034651880541258653164294180903473394545625982158383436298457039700520642815622512413947406686410464278619148562348677700579273779329350271312147622236322020553825630073087907361678064341229696743892516884451616493335692658339179431177757513756355832174979370247323355409270318085661196601593915655706611704736873781810735484165122641789942862540324545072997412314227606976149948793413850446461609120814254333911642569734895515822432058730914333919345506944374946332113541818479,663808981092726645879973119023304618971958049961488934230890759101342076598423926251663825874035952825731413862368681593086776380850859354743635138304854330692920176212770353681958801825681372273789078245762484693824204124528937426320144915634055265197835696407791894891382147594534495544072767401061877419127011405146252755588990170363452476926148552735010194226879544137197919965483235474328279673696194854554185050411555441968501770557632501066089795958949808609571409115144568473504886833033186845462117361810633491232418365185976658013702496682187325818942447420634398092722658208700,133.0,-15.820845070716587,-74.4104225353548,6.991740519879386e-12
678,461040,9293325735298173042319623666326264665607412699460845079232470627418789072377934967523293562236503339560239794073161542303214869331912030966410891936267960629700882466978784951547423225559539211833047095440674785713538857743405123968482028818876773712769699749709086528479350066323482937617018743614866283867778159672047538578245862385088334676966079738290142719176313617920770879516765296640595915431746727963758590705761776187559024787806855014925257143425297320533999727612023958629068415662464615836469643065348868877253857112603673212191834953550622561465194263888881573298117214926589,51629587418323183568442353701812581475596737219226917106847059041215494846544083152907186456869462997556887744850897457240082607399511283146727177423710892387227124816548805286374573475330773399072483863559304365075215876352250688713789048993759853959831665276161591824885278146241571875650104131193701577043211998178041880990254791028268525983144887434945237328757297877337615997315362759114421752398592933131992170587565423264216804376704750082918095241251651780744442931177910881272602309235914532424831350363049271540299206181131517845510194186392347563695523688271564296100651194010,180.0,-81.17224240874157,-130.58612120437155,1.5347723092418164e-12
679,462399,14972580351313723234848282573525648627923053793575805960985647121952493505497784114343084072492144269291497446006760262599623956145858272112550881452876158792295866196799153533048626307845924285731020320432198265871812604142152699726998824208190357648351182930086861629216730662410055843938530198046173457342531479471632145487173889398197872535112017356134118825339616384427908639221455200143182308195591950608277729470393972746622873269244377524046247619962979016415888450041594155569054669678415214403201091605284288746686769792528140175197956314053780793471701869598753645869188846269763,73756553454747405097774791002589402107995338884609881581210084344593564066491547361295980652670661425081268206929853510342975153427873261638181682033872703410324464023641150409106533536186819141532119805084720521536022680503215269591127212848228362799759521823087988321264683066059388393785863044562430824347445711682916972843221130040383608547349839192778910469653282681910879996164803941592031074855132761617131672267950604663166863395292500118454421773216645401063489901682729830389431870337020760606901929090070387914713151687330739779300277409131925090993605268959377565858073134300,203.0,-100.68311762484291,-151.84155881242114,6.252776074688882e-13
680,463760,8448477941180157311199657878478422423279466090418950072029518752198899156707213606839357783851366672327490721884692311184740790301738209969464447214789055117909893151798895410497657477781399283484588268582431623375944416130368294516801844380797067011608817954280987753163045514839529943288198857831696621697980145156406853252950783986443940615423708852991038835614830561746155345015241178764178104937951570876144173368874341988690022534369868195386597403113906655030908843283658144208244014238604196214972402786680789888412597375094248374719849957773293237695631148989892339361924740841943,42242389705900786555998289392392112116397330452094750360147593760994495783536068034196788919256833361637453609423461555923703951508691049847322236073945275589549465758994477052488287388906996417422941342912158116879722080651841472584009221903985335058044089771404938765815227574197649716440994289158483108489900725782034266264753919932219703077118544264955194178074152808730776725076205893820890524689757854380720866844371709943450112671849340976932987015569533275154544216418290721041220071193020981074862013933403949442062986875471241873599249788866466188478155744949461696809623704190,200.0,-81.7273173885792,-140.8636586942922,5.229594535194337e-12
681,465123,246273131985401585621470027157646013638596436535712394599660471626597910418015276639367279399267338498346354542938780871035194037295668820609888636311100956687073385374937801216006715477327789113575748029177881821408779730200235785164773763700234503388397043367290793004702776757572297846850996705793956522496121231309259772323515353204840868939601113064688782058172310874900428307194280360975791758941288291039602653702687068970314156876881657895519314300770378994150992781718634903670313015055312319666445541231745025247227213483997340123083626269091497878827647993055361692400106195572731,1548887622549695507053270611054377444267902116576807513205411771236464845396322494587215593706083889926706632345526923717202478221985338494401815322711326771616813744496464158591237204259923201972174515906779130952256476290567520661413671469812795618794949958284847754746558344387247156269503123935811047311296359945341256429707643730848055779494346623048357119862718936320128479919460882773432652571957787993959765117626962697926504131301142502487542857237549553422333287935337326438178069277077435972744940510891478146208976185433945535365305825591770426910865710648146928883019535820300,159.0,-51.01659215544487,-105.00829607772644,8.01492205937393e-12
682,466488,1554359820823003890613375233451597451734969062454214817425663765589292903976073877965807546300594201017961648010440391946383582065696076737161410975048140086716624326027822382595718019754126084213858923349255276239840572552842596652367898179843202509822681865674963722921776104096188532335396231215569971732326605666660870728024112180579685631649606195545001852411620119480491305474350032889220731036016091219210959866746879795287997492335804169220277257995148913295166957910446707311865046220621267008652113018367099304032762761182217176658473327580650250395133509441660720735471813301,10646300142623314319269693379805461998184719605850786420723724421844471945041601903875394152743795897383298958975619122920435493600658059843571308048274932100798796753615221798600808354480315645300403584583940248218086113375634223646355466985227414450840286751198381663847781534905400906406823501476506655700867162100416922794685699866984148161983604079075355153504247393701995242975000225268635144082301994652129862101006025995123270495450713487810118205446225433528540807605799365149760590552200458963370637112103419890635361377960391620948447449182535961610503489326443292708711050,146.0,-40.31538400546788,-93.15769200273223,3.410605131648481e-12
683,467855,1432763060886488163893278358880883606300463329443515200932317175471405841113482807760685925771630161412245043339093025993186783943137239970839342672753011688470986276528448545033862999429609768283516653782322955600214407349237357089870466385597401303287739926010080147712798788275761087852792246203399701161594303152773845381217599979428910159756090635150081958646493848477478523079727419684212240716365909067672483007226448678490799230690259152646502271869371482067138654973589030337377075446163105279419176399043107746735877017303141533313421708136052127902473848712383957511843572221,10613059710270282695505765621339878565188617255137149636535682781269672897136909687116192042752816010461074395104392785134716918097312888672884019798170456951636935381692211444695281477256368653951975213202392263705291906290647089554596047300721491135464740192667260353428139172413045095205868490395553341937735578909435891712722962810584519701896967667778384878862917396129470541331314219883053634936043770871648022275751471692524438745853771501085202013847196163460286333137696521017607966267874853921623528881800798123969459387430678024543864504711497243722028508980621907495137572,135.0,-54.64016873271021,-94.82008436635729,4.376943252282217e-12
684,469224,11506022338940595195252867396403946728847272865999141526668773157756595994372681388362172981816623182312677840281057147613504123934748228815556342397284141732010616387688019463820619231645143786079010689593216401359619538158501582056215845204323624596762485404401726178117290558305264589430594634951739208598201531022535047763542496286299842933386574914073510033265912098378097279401709414888356847677400710812272540873800294327454030689665630018478889796621796682565904424662505853540751371772575238654676700938050980514695251663223595405570843275824580314195002421957662900273859408961257,110634830182121107646662186503884103161993008326914822371815126516890346099737321041943970979005992137621902310394780265514462730141809892457272523050809055115486696035461725613659800304280228712298179707627080782304034020754822904386690819272342544199639282734631982481897024599089082590678794566843646236521168567524375459264831695060575412821024758789168365704479924022866319994247205912388046612282699142425697508401925906994750295092938750177681632659824968101595234852524094745584147805505531140910352893635105581872069727530996109668950416113697887636490407903439066348787109701450,104.0,-15.747685990454102,-59.87384299522631,1.4779288903810084e-12
685,470595,1319921626172783997314961042463730343810907890648062054731568292010204824772518299735192418984314967067976086694449030645963851006561418890881546970658348031464763017049160761234271704499760641680635674424907433333227258056309713259291650469927425831668739964451435477957936676086523663603576575180082457708756898040377766348794339874983560577308225817902078241274317006603239922018323187059099130017842288899200495491542976907798238303195756219511123478341563967264249236675330939051664789470900771524600036261455346594160692749326318804050434529634726102932737736030594774178573169656837,13468588022171265278724092270038064732764366231102674027873145836838824742576717344236657336574642521101796803004581945366978071495524682560015785414881102361885336908664905726880323515303680017149343616580688095237012837309282788360118882346198222772129999637259545693448333429454323097995679338572269976619968347350793534171370815050852658952124753243898757564023642924522856347125746806725501326712676417338780566240234458242839166359140369586848198758587387421063767721176846316853722341539803791067347308790360679532251966829860395959698311526884960234007527918679538512026256833220,98.0,-35.13406385172084,-66.56703192585888,3.069544618483633e-12
686,471968,26884263734255429158138911320443837068364301023440301836351075743604354102236169013192384947898456089442122261425931604520014443424459803867117223101346600393063267136617199324119331473940095577088457668953380630099880267043421965765965869083179238240512345704515571743100976977578647069534947079743006035474643961908423236601354101899719825315509016385767912866188621537556515758602071036710295326784695891609444494541667995399724321707584116293176636736337467248687642069163355023176947916737844067241215753153330656394912943790032054649554951115628586695667169120535693122755267657483917,331904490546363322939986559511652309485979024980744467115445379550671038299211963125831912937017976412865706931184340796543388190425429677371817569152427165346460088106385176840979400912840686136894539122881242346912102062264468713160072457817027632598917848203895947445691073797267247772036383700530938709563505702573126377794495085181726238463074276367505097113439772068598959982741617737164139836848097427277092525205777720984250885278816250533044897979474904304785704557572284236752443416516593422731058680905316745616209182592988329006851248341093662909471223710317199046361329104350,81.0,7.278267116064399,-36.86086644197147,7.332801033044234e-12
687,473343,7452471050698942996358388347237701327557358378072220813888027890107845958116174984614777507934747993435034043199745841626103646966127153971480809458200549056442431683733520222224723743013212312309019231173369349243453415369683545420042636342969173146038190310280953323891717474060084374522854424199346655557123602879710046771843830607040404810284023583703039921381009560222312559451696798775880355270398029814411440665846278892514393469321533448840726336668884506995817634867631937914371610505458154689496942588490576378007742167566946665074557538324493801447005977294817429914035162309,94335076591125860713397320851110143386802004785724314099848454305162607064761708666009841872591746752342203078477795463621565151469963974322541891875956317170157363085234433192718022063458383700114167483207206952448777409742829688861299194214799660076432788737733586378376170557722587019276638281004388045026881049110253756605618108949878541902329412451937214194696323547117880499388567073112409560384785187524195451466408593576131562902804220871401599198340310215136932086932049847017362158296938666955657501120133878202629647690720843861703259978791060777810202244238195315367533700,79.0,18.30097197873647,-30.34951401063364,3.751665644813329e-12
688,474720,58400680850234420757746268941394559374035653575846840661843394653178182695271176025419604352852343390679102531060851222124027867386332435034822544954689370077355272333473238766554845406521694500590186665337573790003113040464021270840187612796220162675875162361559833375689904788371614088850117787743695226491502096299752291611927550507385709718639298901823301240725468090758942685487869350473690178942670694854220651976098593528376385278567668126579484781087933981497812495922554931275566546512755782578907593033613110430830249614722536579347596702640524293360510401487507154605654629371,846386678988904648662989404947747237304864544577490444374541951495335981090886609064052236997860049140276848276244220610493157498352643986011920941372309711266018439615554185022533991398865137689712850222283678115987145513971322765799820475307538589505437135674780193850578330266255276650001707068749206181036262265213801327709094934889647966936801433359757988996021276677665836021563323919908553318009720215278560173566646283019947612732864755457673692479535275094171195593080506250370529659605156269259530333820479861316380429198877341729675314531022091208123339151992857313125429410,69.0,19.43258123372152,-24.783709383140888,3.296918293926865e-12
689,476099,5004098472852862407402874281867988666096299145863531965740561107071655654357349597897158071973501798224744504500933138163269545024875708981913557196451978800608167482219345743140920198378213421756256128314209499999597846477218143675336477056318262768414453711381815823027342343404952351024548554254158768236495932131102520772901618207355257133750966012925461464171861178880415088970565928960320877540171315057408471918487110254839474885742152700344369231075160095672153699483397516184882993049019408527329807804418621703136692291401977883487911128834950610019719988247859308698986192684513,357435605203775886243062448704856333292592796133109426124325793362261118168382114135511290855250128444624607464352367011662110358919693498708111228317998485757726248729953267367208585598443815839732580593872107142828417605515581691095462646879875912029603836527272558787667310243210882216039182446725626302606852295078751483778687014811089795267926143780390104583704369920029649212183280640022919824297951075529176565606222161059962491838725192881740659362511435405153835677385536870348785217787100609094986271744187264509763735100141277391993652059639329287122856303418522049927585189300,14.0,56.792450327041024,21.396225163521535,2.0463630789890885e-12
690,477480,467314401707920199915502363375440730754646967790521877936597584348916647957321570609619186837236171952408973889029242824499574388128328744539602343426146193246775853183646578187098050229276192348292679958465041185729409541237267380245492565481567568526803540883795836162220083790989755495324442354083118531735408632519990206750546214469745290494439142052806372067196460840803094846635868084508678281851159636125976736796602892435083378535376551203080312274151725806268843158499360976989695725568116786949529487027264609985946552762504519553729548452092988340522675019554889706576460691,10384764482398226664788941408343127350103265950900486176368835207753703287940479346880426374160803821164643864200649840544434986402851749878657829853914359849928352292969923959713290005095026496628726221299223137460653545360828164005455390344034834856151189797417685248049335195355327899896098718979624856260786858500444226816678804765994339788765314267840141601493254685351179885480797068544637295152247991913910594151035619831890741745230590026735118050536705017917085403522208021710882127234847039709989544156161435777465478950277878212305101076713177518678281667101219771257254682,45.0,42.07183391677836,-1.4640830416091433,3.353761712787673e-12
691,478863,-20705531311864709240006023769032724121460348725385265965810157959461066972299129002375702237216299468978973903597020589625127540381193073963837088485623741190377896605148874863362148562069944081279779105905035471352460397839296851988338711322199512319213827302602719783258695475429576117658502702820127494787099343568872027186605847576021225437893558936820917176714532171031922517989464448114545756287409187746352408815220307302624862226723202204216840436031435568538854602072539137338538867824925118777963391874815062344466331826322202717250814787572710922470482927701130650594134599,10352765655932354620003011884516362060730174362692632982905078979730533486149564501187851118608149734489486951798510294812563770190596536981918544242811870595188948302574437431681074281034972040639889552952517735676230198919648425994169355661099756159606913651301359891629347737714788058829251351410063747393549671784436013593302923788010612718946779468410458588357266085515961258994732224057272878143704593873176204407610153651312431113361601102108420218015717784269427301036269568669269433912462559388981695937407531172233165913161101358625407393786355461235241463850565325297067300,-2.0,62.41528233298368,32.20764116649289,2.1032064978498966e-12
692,480248,55759954411789038253917741997957587993644476196765070475394823764512734434267609805139761373419020037361438764438969253819289215991472185798465351617607763778205294801872709709284539353357235270998282572644048714281233146460430743810892172913260642276618198498254519170876100397940897625702112461689197703206668958032285231469475174310530008061796478429740856315057881707524625277100591779843575492590480367782551544234570657125354148726841130089551542860551783923203998365672143751774410493974787695018817858392093213263523142675622039273151009721303735368791165583333289439788703289755909,2323331433824543260579905916581566166401853174865211269808117656854697268094483741880823390559125834890059948518290385575803717332978007741602722984066990157425220616744696237886855806389884802958261773860168696428384714435851280992120507204719193428192424937427271632119837516580870734404254685903716570966944539918011884644561465596272083669241519934572535679794078404480192719879191324160148978857936681990939647676440444046889756196951713753731314285856324330133499931903005989657267103915616153959117410766337217219313464278150918303047958738387655640366298565972220393324529303730450,24.0,63.43971489275782,19.719857446376835,4.149569576838985e-12
693,481635,-92602973414470120327361978938382416038868828174120753438394432797211170880970554696814297959642309159599825230741969066694272454896655571459237638452200092633283447042004699420873118134249900805457671924542546109345390019697131470772398732708773113024576009729057227838834989201748592728770904543277639258655244557797663718519738224184624851466098379828180915260666758075405429430199939847616128296725811883918277384386638750332736819887137758809498692763396857746045767372491685906557296465896282749890088448520432479595315279960843058546436060918231200997759932213992243398194279219,10289219268274457814151330993153601782096536463791194826488270310801241208996728299646033106626923239955536136749107674077141383877406174606581959828022232514809271893556077713430346459361100089495296880504727345482821113299681274530266525856530345891619556636561914204314998800194288080974544949253071028739471617533073746502193136020513872385122042203131212806740750897267269936688882205290680921858423542657586376042959861148081868876348639867722076973710761971782863041387965100728588496210698083321120938724492497732812808884538117616270673435359022333084436912665804822021586580,-9.0,102.44865137057468,55.724325685293024,1.1368683772161603e-11
694,483024,-82707591495372090182456197677660931490033608166722731287667618852432588831842463303200832673625838782494043474761146412083627477873003511836990138591381526639732772764374299730600044887665802047057862499876555536285539996098265666386166923145343455372545871558899637389379329069221935528954050307252046215651747375722105925858175150676352493079795208026854020963543244172434045044243056847125044554813279941425036001426682474161124007011226055958072676842781772270124593045090828110776498844892484445146574493300030386448052126406666994606885262531599391728250110762765127270452499484817,7518871954124735471132381607060084680912146196974793753424328986584780802894769391200075697602348980226731224978286037462147952533909410166999103508307411512702979342215845430054549535242345640641623863625141412389594545099842333307833356649576677761140533778081785217216302642656539593541277300659276928695613397792918720532561377334213863007254109820623092814867567652039458640385732440647731323164843631038639636493334770378284000637384186905279334258434706570011326640462802555525136258626589495013324953936366398768004738764242454055171387502872671975295464614796829751859318135050,-11.0,65.79397829592972,38.396989147964035,1.6484591469634324e-12
695,484415,586946888545147771093870968399553557827836591544895478688366565942239309834395892685681698667568631972225671204620728987571465431489180903141740543343239618717950471598660102202995151087970897589455606027832091729276138383794007829588338662244848866069665247350047570219748425241483132902127499596728396875859673242445107699678686045374000084861015562418324803316398754816048687127374650314142899922005056502974226781416533232898464723440432948311068872216334567612673667007075197387099057831313554684408609035706244350142348870269705676559484312855828793355696479824560941471460034631423,48912240712095647591155914033296129818986382628741289890697213828519942486199657723806808222297385997685472600385060748964288785957431741928478378611936634893162539299888341850249595923997574799121300502319340977439678198649500652465694888520404072172472103945837297518312368770123594408510624966394033072988306103537092308306557170447833340405084630201527066943033229568004057260614554192845241660167088041914518898451377769408205393620036079025922406018027880634389472250589599782258254819276129557034050752975520362511862405855808806379957026071319066112974706652046745122621669552220,12.0,54.8443191027568,21.422159551378996,1.1937117960769683e-12
696,485808,16263320036771802824059341416070963164812972224056478888656823597982880876661386193165763733913880844230419639628032699030626021330846054191219060888468931101976544317212873665207990644729193620707832417021180874998693001050958966944843550433034353997346974561990901424838862616066095140829782801326015996768611779426083192511930259173904585684690639542007749758558548831361349039154339269121042852005556773936577533735083108328228293378661996276119200000994270310934499523321041927600869727409313077713821875364360520535194249947056428121335711168713589482564089961805542753271705126138471,258147937091615917842211768509062907377983686096134585534235295206077474232720415764535932284347314987784438724254487286200413036997556415733635887118554461936135624082744026431872867376653866995362419317796521825376079381761253443568945244968799269799158326380807959124426390731207859378250520655968507885216059990890209404951273955141342629915724437174726186643786489386688079986576813795572108761992964665659960852937827116321084021883523750414590476206258258903722214655889554406363011546179572662124156751815246357701496030905657589227550970931961737818477618441357821480503255970050,63.0,44.066123665961186,-9.466938167016423,5.9685589803848416e-12
697,487203,10163904840506955837636544225409489039824544209151508377826851790699351309436400408076694776634341200771086431255959497064803552847512900987603042979646611490290199188249070867644658833263927672711475847699530359091130554235929422744215022342610755351660858963356417076773289396271742794978070384312794373101405988183956115713576548030054634325480813322626382921975175281480720514462539669491194706852489897657734151738796665799991496422368397756347440841240949619218544979266080847544658603704138931910315835652312001011929682103496568270864459355157262744590334800927528061913233301,10163904840506955837636544225409489039824544209151508377826851790699351309436400408076694776634341200771086431255959497064803552847512900987603042979646611490290199188249070867644658833263927672711475847699530359091130554235929422744215022342610755351660858963356417076773289396271742794978070384312794373101405988183956115713576548030054634325480813322626382921975175281480720514462539669491194706852489897657734151738796665799991496422368397756347440841240949619218544979266080847544658603704138931910315835652312001011929682103496568270864459355157262744590334800927528061913233300,1.0,51.97423530749302,25.48711765375066,8.29913915367797e-12
698,488600,-199142694327817993763991935706991385691587414988446680269267227730402622979527177875499147762210785847719424158710604477926032914255257806423090541491456299207876052863831106104587640547704411682136723473728745408147261237358681227896043474690216579559350708922337568467414644278360348663221830220318563225738103421543875826676697051109035743077844565820503058268063863241159375989644970642298483902108858456366255515123466632590550531167289750319826938787684942582871422734543370542051466049909956053638635208543190047369725509555792997404110749004656197745682734226190319427816797456059,66380898109272664587997311902330461897195804996148893423089075910134207659842392625166382587403595282573141386236868159308677638085085935474363513830485433069292017621277035368195880182568137227378907824576248469382420412452893742632014491563405526519783569640779189489138214759453449554407276740106187741912701140514625275558899017036345247692614855273501019422687954413719791996548323547432827967369619485455418505041155544196850177055763250106608979595894980860957140911514456847350488683303318684546211736181063349123241836518597665801370249668218732581894244742063439809272265820870,-3.0,68.66265890163095,35.83132945081931,7.673861546209082e-12
699,489999,-20204243623588052765120309556353286124950622105969848140271345737253573767749424347126205379572326264509651289702483302794785886292145842364183003498644388273342078416108009347472162744792669096902284926681308491906060751362385560697529678780258612455990946671860683064465975025107089689994366454293368213657394649796067862352127779013560337059597667969559128374251990064375579396691440720223745329428171741929909604138021858402542399135174011759325643996498236447530159049005528543508515607926761620536317975918700757827709817645544967622148090313805109825803900401742033861625712199,10102121811794026382560154778176643062475311052984924070135672868626786883874712173563102689786163132254825644851241651397392943146072921182091501749322194136671039208054004673736081372396334548451142463340654245953030375681192780348764839390129306227995473335930341532232987512553544844997183227146684106828697324898033931176063889506780168529798833984779564187125995032187789698345720360111872664714085870964954802069010929201271199567587005879662821998249118223765079524502764271754257803963380810268158987959350378913854908822772483811074045156902554912901950200871016930812856100,-2.0,62.24680996594134,32.12340498297752,1.3699263945454732e-11
700,491400,-785572758689617332402335052098585347895808343149691046427089655741233226743696954143980859022527754823350785635939268157499143645977348348809035666632963704962035711494402785422436451864711683164247429876641993720502016715418860859550467355779947059405722717642357272060807275259804136738547653729067310555179895154019234030282828603980417132456980535781077152931218395428636591675128089318731691921533958407756432012321367386944972509535659764575254196401124033857480957532715465649118209269861759580428541256580631350570909307912398411850535499032174350081588695172348400109730956447,130928793114936222067055842016430891315968057191615174404514942623538871123949492357330143170421292470558464272656544692916523940996224724801505944438827284160339285249067130903739408644118613860707904979440332286750336119236476809925077892629991176567620452940392878676801212543300689456424608954844551759196649192336539005047138100663402855409496755963512858821869732571439431945854681553121948653588993067959405335386894564490828751589276627429209032733520672309580159588785910941519701544976959930071423542763438558428484884652066401975089249838695725013598115862058066684955159410,-6.0,94.52764557871751,50.26382278935378,9.947598300641403e-12
701,492803,-27879977205894519126958870998978793996822238098382535237697411882256367217133804902569880686709510018680719382219484626909644607995736092899232675808803881889102647400936354854642269676678617635499141286322024357140616573230215371905446086456630321138309099249127259585438050198970448812851056230844598851603334479016142615734737587155265004030898239214870428157528940853762312638550295889921787746295240183891275772117285328562677074363420565044775771430275891961601999182836071875887205246987393847509408929196046606631761571337811019636575504860651867684395582791666644719894351644302627,4646662867649086521159811833163132332803706349730422539616235313709394536188967483761646781118251669780119897036580771151607434665956015483205445968133980314850441233489392475773711612779769605916523547720337392856769428871702561984241014409438386856384849874854543264239675033161741468808509371807433141933889079836023769289122931192544167338483039869145071359588156808960385439758382648320297957715873363981879295352880888093779512393903427507462628571712648660266999863806011979314534207831232307918234821532674434438626928556301836606095917476775311280732597131944440786649058607460900,-6.0,66.80635665396994,36.4031783269873,4.661160346586257e-12
702,494208,-20021038772406647971940987436557235943124001351767737978173180606187258061299619903406222531521320139171265751658117235851795796724342883476620804812524420868074063111519255439825720360636521359980539998536498467642884535121020651492492166407879679159222754524576965148023710874542703311266408023678128398734490130234624515979313673601696622151342975622046160565938742503782537904676148582312379982316582707417754806789123517675458605939546585609238820330617343606405300827725622409138452093081672582148377654833595881056951982025437813106592373946095296548878219699961828378979868099,10010519386203323985970493718278617971562000675883868989086590303093629030649809951703111265760660069585632875829058617925897898362171441738310402406262210434037031555759627719912860180318260679990269999268249233821442267560510325746246083203939839579611377262288482574011855437271351655633204011839064199367245065117312257989656836800848311075671487811023080282969371251891268952338074291156189991158291353708877403394561758837729302969773292804619410165308671803202650413862811204569226046540836291074188827416797940528475991012718906553296186973047648274439109849980914189489934050,-2.0,66.80247284925326,34.40123642463419,1.5120349416974932e-11
703,495615,-25401757009815006315673638021291790085993594711859643216568753048278023464499688911230335736779775794797988770466641548962120642840559551308189771292465759054515745409742012200896290149862740512343662060871177747617006211165307338847184212104929848148237179315871503177843556847950853362819851232547301175905260303103596605447205357185908114783707284617993056765748590555650107070679158477484295502180107723100940147929082188245994667753338737040795702858695812676126265922139532153586120336144069949953017024378620241597827209441116706779991015539705035001338197654629609633681520387421881,309777524509939101410654122210875488853580423315361502641082354247292969079264498917443118741216777985341326469105384743440495644397067698880363064542265354323362748899292831718247440851984640394434903181355826190451295258113504132282734293962559123758989991656969550949311668877449431253900624787162209462259271989068251285941528746169611155898869324609671423972543787264025695983892176554686530514391557598791953023525392539585300826260228500497508571447509910684466657587067465287635613855415487194548988102178295629241795237086789107073061165118354085382173142129629385776603907164060,-82.0,94.36230267915062,88.18115133957625,1.8758328224066645e-12
704,497024,-2956967279413055058919880257467447848147813131646632525210331563269614704847524762393775224347978335314621752659642308914659276605608373489312556525176169291268462603129613393674180117223489749219605894003851068181580545645628903080880645533278973454063086283998345713607065930193835480150869600241093817594293050804742398638532774395255379215398298098546863592465190696611154370755334412567462336728283049806650460679106019696041507887029453868385309091089867329260818095149280350472885404983511468675240340975338276460944409081282986931151947485220652633193470902146462318776673659272073,211211948529503932779991446961960560581986652260473751800737968804972478917680340170983944596284166808187268047117307779618519757543455249236611180369726377947747328794972385262441436944534982087114706714560790584398610403259207362920046109519926675290220448857024693829076137870988248582204971445792415542449503628910171331323769599661098515385592721324775970890370764043653883625381029469104452623448789271903604334221858549717250563359246704884664935077847666375772721082091453605206100355965104905374310069667019747210314934377356209367996248944332330942390778724747308484048118520950,-14.0,66.92128865860968,40.460644329309304,8.924416761146858e-12
705,498435,-427788010037534949567093787815018532226372965530737313171018489198642671585650974695516687785489836265471355600193150359989255889881664917501453755796461679779881891337118672372817894509883551020886294869491379024908931546918648563628537834519724504238605226573910332263335161783144452683958005658462098781215185127760918442490682554234224929574629067318117680723989039555083103977755862861233780234159770017379363699154113507046367807692696500687035646284656543326168241429759833016258704847954720411520031188722408249905336279786518290719941608972965165527762910559964389881976824177453,14751310690949481019554958200517880421599067776921976316242016868918712813298309472259196130534132285016253641385970702068595030685574652327636336406774540682064892804728230081821306707237363828306423961016944104307204536100643053918225442569645672559951904364617597664252936613211877678757172608912486164869489142336583394568644226008076721709469967838555782093930656536382175999232960788318406214971026552323426334453590120932633372679058500023690884354643329080212697980336545966077886374067404152121380385818014077582942630337466147955860055481826385018198721053791875513171614626860,-29.0,76.9451257891028,52.97256289455069,1.4210854715202004e-12
706,499848,-276929705320303655016356826108339197984121037917772054517397351280417197751663600682234631008839692718974916067550118540041054558673291431000413962657351248389402608111445260338394708499532902029429820347814360028754845511256852090721829311487160628112962458858381780601660432185503239821884777532168047997626515449405228280090252126123811104464973918274868136317613183511254980254555411144248076523344048528350595911354322028159471001599121298479312414611517997368078694700007950782658301340677676508159702273890919812100758165026566510799257775031413687556697954728095437012148621399,9890346618582273393441315218154971356575751354206144804192762545729185633987985738651236821744274739963389859555361376430037662809760408250014784380619687442478664575408759297799811017840460786765350726707655715312673053973459003240065332553112879575462944959227920735773586863767972850781599197577430285629518408907329581431794718790136110873749068509816719154200470839687677866234121826580288447262287447441092711119797215291409678628540046374261157664697071334574239096428855385094939333595631303862846509781818564717884220179520232528544920536836203127024926954574837036148165050,-28.0,57.45513376497229,42.727566882487906,3.524291969370097e-12
707,501263,-759269917024019247653083530129598711520384584545739656497847390050406867274894789307299790435104032555167469323703389573043000955532853582424871219855817576959771439985491722002864388071383497453642493574231811545395263114257909086983632533219778300631817891284778085037454884427563632212207595030849605033835616663887780005352905466777371035269588653435074569667846000364893118396622188854903928086789866216085685302539992706837217372999267704245293517266137869887208640976041411376578325378326406914846967971292187626448643237708822214635616872569830569201244350798271641782255302099,9860648273039211008481604287397385863901098500594021512959057013641647626946685575419477797858493929287889211996147916533025986435491604966556769089036591908568460259551840545491745299628357109787564851613400149940198222263089728402384838093763354553659972614088027078408504992565761457301397338062981883556306709920620519550037733334771052406098553940715254151530467537206404135021067387726025040088180080728385523409610294893989836012977502652536279445014777531002709623065472875020497732186057232660350233393405034109722639450763924865397621721686111288327848711665865477691627300,-77.0,119.041529283822,98.02076464191222,2.4442670110147446e-12
708,502680,-422736704345521464952653990957399112050268429151397797955142533565014207248758281607427931001977830954289972649048922372832158448399679817577137790394078395300050720490942296537119643181064409297388157308736925616928140149123474379186213095537608451971963492264350704246918494501121089937090665371246429923108495573784030634575872297216543310176178386487333266608041347266045856150662126050508435801930719668297492225058453798862835148498566344696695289503107780369154753292411964689569387362198221179486083414587962934223966842105107318443085690259892912454250876279722741618342367757,9831086147570266626805906766451142140703916957009251115235872873604981563924611200172742581441344905913720294163928427275166475544178600408770646288234381286047691174207960384584177748396846727846236216482254084114607910444731962306656118500874615162138685866612807075509732430258629998536992217935963486583918501715907689176183076679454495585492520615984494572280031331768508282573537815128103158184435341123197493606010553461926398802292240574341750918676925124864064030056092202083009008423214446034560079409022393819162019583839705080071760238602160754750020378598203293449822506,-43.0,89.73919132213587,66.3695956610739,1.1937117960769683e-11
709,504099,-4483622065275434362522625453052145233407085074301284906647244600947661394568301958015624087043927049787834988368630568655059805379431243010110518039427524865206566102489764669606212959699777689919452546045939589598637168209537559809355364781037039949143276195035085605845300470594662820780140621919453031690594726157566794928101073957718056203799424435139981136444712710400371915556334134344147152181983070508830899024709628862418827748503307244042887218319222391485701622970713313373673358433645209394787985689422699896920720536782473918162727389870914393689348109770951636240319708945183,81520401186826079318593190055493549698310637714568816484495356380866570810332762873011347037162309996142454333975101248273814643262386236547463964353227724821937565499813903083749326539995957998535500837198901629066130331082501087442824814200673453620786839909728829197187281283539324014184374943990055121647176839228487180510928617413055567341807717002545111571722049280006762101024256988075402766945146736524198164085629615680342322700060131709870676696713134390649120417649332970430424698793549261723417921625867270853104009759681343966595043452198443521624511086744575204369449253700,-55.0,90.88997934055669,72.94498967028136,6.0254023992456496e-12
710,505520,-2760664409603280815512594089114566856548084360722192214713175098144993224441680681528978381723196580281130056474674458154778534713303279787080882604597247128234673909308403765018499252298569001162169872469141627520786543035540933884754955619725159249969822572707699233460042225584328754997996744426769101972487041549637651165890682649688005301098747216374424748931787280617640761268215573413824080760607116248057699003770409985127827951672036342668973445546926556982158742614160058298635029358555665292598335145883046342948939906979326454209927442084155525611719472508167761479734819723973,27333310986171097183293010783312543134139449116061309056566090080643497271699808728009686947754421586941881747274004536185926086270329502842384976283141060675590830785231720445727715369292762387744256163060808193275114287480603305789653025937872863861087352205026725083762794312716126287108878657690783187846406351976610407583076065838495101991076705112618066821106804758590502586814015578354693868916902141069878207958122871139879484670020161808603697480662639178041175669447129290085495340183719458342557773721614320227217226801775509447623043981031242827838806658496710509700344749770,-101.0,148.79811156532332,124.89905578265501,1.3301360013429075e-11
711,506943,-4898807364343222999052204723334775172568248554754553995254325602050214394741857192182821412651800210000746558116085154082314814841628047331131322881133498626508992308174863385311819994868594313214319399147022367662950715709701925812843239997547446608281702193645099875477486856666642168666335461750472149635728022152707229638145105753379897349098398621734338797705343612547383099280155350167135831390378120166942512930168998300418710740859427449728042525216435796870635515330369218502144591201919332378914230453052116927544668865558525414178641680941413443252970619724371682048619927241903,36020642384876639698913270024520405680648886432018779376870041191545694078984244060167804504792648602946665868500626132958197167953147406846553844714216901665507296383638701362586911726974958185399407346669282115168755262571337689800317941158437107413836045541508087319687403357842957122546584277577001100262706045240494335574596365833675715802194107512752491159598114798142522788824671692405410524929250883580459653898301458091314049565142848895059136214826733800519378789193891312515769052955289208668486988625383212702534329893812686868960600595157451788624783968561556485651617112100,-136.0,173.83399604214947,154.91699802107215,5.172751116333529e-12
712,508368,-1501472695328786460918986816838427114341333684436701160760348145586368982782149356997811034715081321867725817069643446460553422766210277111920127098546694319424462303338409133328240146986660246809761010317796096331269033138815453702390803975838934528423675979970005476540031048130494692302069354835735198924215859130687952661451287290107809173999621726424427820275084683167471485636212080239552061166693774075777323328311851594928754004832740180982822157526195995664506758712827000118642005931860779769497646413619290039692374873634947202650041361543042760780941250118101614733539345946623,15804975740303015378094598071983443308856144046702117481687875216698620871391045863134852997000856019660271758627825752216351818591687127493896074721544150730783813719351675087665685757754318387471168529661011540329147717250688986340955831324620363457091326104947426068842432085584154655811256366691949462360166938217767922752118813580082201831574965541309766529211417717552331427749600844626863801754671306060813929771703700999250042156134107168240233237117852585942176407503442106512021115072218734415764699090729368838867103932999444238421488016242555376641486843348438049826729957350,-95.0,140.0139840502593,117.50699202512976,2.2737367544323206e-13
713,509795,-784508441173441181023927878203315621100122381432918669992423499860266916993332915457970859213528259152271865725851286490844897414239132187924590421182980012095266932587080738565069650006068258583344777891983218495301499147724213981269000796566046575650939188692835042996912400208646022476606795236005303631246580027133962069802835610342725197580328347004785218026827095610957907768238605387938125071619944102909180377024901640586830018667842856616203587816377896431850987396510729887501736963575535817279335808461703520533555413713899023675693966043375848049233203104644364884003099859,9685289397202977543505282446954513840742251622628625555462018516793418728312752042690998261895410606818171181800633166553640708817767064048451733594851605087595888056630626402037896913655163686214133060394854549324709866021286592361345688846494402168530113440652284481443362965538839783661812286864263007793167654655974840367936242102996607377534917864256607629960828340876023552694303770221458334217530174109989881197838291859096666897133862427360538121189850573232728239463095430709897987204636244657769577882243253339920437206344432391057950198066368494434977816106720554123495060,-81.0,130.14594103981972,105.57297051991185,3.979039320256561e-12
