14.13472514173469379045725198
21.02203963877155499262847959
25.01085758014568876321379099
30.42487612585951321031189753
32.93506158773918969066236896
37.58617815882567125721776348
40.91871901214749518739812691
43.32707328091499951949612217
48.00515088116715972794247275
49.77383247767230218191678468
52.97032147771446064414729661
56.44624769706339480436775948
59.34704400260235307965364867
60.83177852460980984425990182
65.11254404808160666087505425
67.07981052949417371447882890
69.54640171117397925292685753
72.06715767448190758252210797
75.70469069908393316832691676
77.14484006887480537268266486
79.33737502024936792276359288
82.91038085408603018316483749
84.73549298051705010573531121
87.42527461312522940653166785
88.80911120763446542368234808
92.49189927055848429625972524
94.65134404051988696659792582
95.87063422824530975874102922
98.83119421819369223332442014
101.3178510057313912287854479
103.7255380404783394163984081
105.4466230523260944936708324
107.1686111842764075151233520
111.0295355431696745246564503
111.8746591769926370856120787
114.3202209154527127658909373
116.2266803208575543821608043
118.7907828659762173229791397
121.3701250024206459189455330
122.9468292935525882008174603
124.2568185543457671847320080
127.5166838795964951242793238
129.5787041999560509857680339
131.0876885309326567235663725
133.4977372029975864501304920
134.7565097533738713313260642
138.1160420545334432001915552
139.7362089521213889504500465
141.1237074040211237619403538
143.1118458076206327394051239
146.0009824867655185474025076
147.4227653425596020495211850
150.0535204207848803514324672
150.9252576122414667618525247
153.0246938111988961982565443
156.1129092942378675697501893
157.5975918175940598875305032
158.8499881714204987241749948
161.1889641375960275194373441
163.0307096871819872433110390
165.5370691879004188300389194
167.1844399781745134409577562
169.0945154155688214895058712
169.9119764794116989666998436
173.4115365195915529598461186
174.7541915233657258133787625
176.4414342977104188888926411
178.3774077760999772858309354
179.9164840202569961393400366
182.2070784843664619154070372
184.8744678483875088009606466
185.5987836777074714665277043
187.2289225835018519916415406
189.4161586560169370848522891
192.0266563607137865472836314
193.0797266038457040474022058
195.2653966795292353214631878
196.8764818409583169486222639
198.0153096762519124249199187
201.2647519437037887330161334
202.4935945141405342776866606
204.1896718031045543307164384
205.3946972021632860252123794
207.9062588878062098615019679
209.5765097168562598528356443
211.6908625953653075639074867
213.3479193597126661906391220
214.5470447834914232229442011
216.1695385082637002658695634
219.0675963490213789856772566
220.7149188393140033691155926
221.4307055546933387320974751
224.0070002546043352117288755
224.9833246695822875037825237
227.4214442796792913104614362
229.3374133055253481077600833
231.2501887004991647738061868
231.9872352531802486037716685
233.6934041789083006407044947
236.5242296658162058024755080
237.7698204809252040032366259
239.5554775733276287402689320
241.0491577962165864128379214
242.8232719342226000168264745
244.0708984970781582368165280
247.1369900748974994675509682
248.1019900601484592567621421
249.5736896447072091923297942
251.0149477950160011429541551
253.0699867479994771945990138
255.3062564549140227530864918
256.3807136944344777893583823
258.6104394915313682089830586
259.8744069896780003506728446
260.8050845045968701859312335
263.5738939048701322330815881
265.5578518388763202924773090
266.6149737815010724957201130
267.9219150828240594403789672
269.9704490239976025946935053
271.4940556416449990181794168
273.4596091884032870457142503
275.5874926493438412487407026
276.4520495031329386798873436
278.2507435298419544927482767
279.2292509277451892284098805
282.4651147650520962330272012
283.2111857332338674204938379
284.8359639809047241331576339
286.6674453630028842928476241
287.9119205014221871552541203
289.5798549292188341527380236
291.8462913290673958355130544
293.5584341393562853567766971
294.9653696192655421750664486
295.5732548789582923884608315
297.9792770619434152099296830
299.8403260537213129600270525
301.6493254621941836234701002
302.6967495896069170517514771
304.8643713408572977001487499
305.7289126020368092892228213
307.2194961281700547894100334
310.1094631467018988047862198
311.1651415303560032709426708
312.4278011806008919804859831
313.9852857311589229790489658
315.4756160894757338685960781
317.7348059423701803956454942
318.8531042563165979066891845
321.1601343091135782919214714
322.1445586724829322988374450
323.4669695575120505062120304
324.8628660517396132649800870
327.4439012619054573434692638
329.0330716804809340336147276
329.9532397282338663438921222
331.4744675826634243756617539
333.6453785248698505849616831
334.2113548332443832324034080
336.8418504283906847946547629
338.3399928508066118862573261
339.8582167253635401923265509
341.0422611110465604825977846
342.0548775103635854514038251
344.6617029402523370441811881
346.3478705660099473959364598
347.2726775844204844757970949
349.3162608706961441231555557
350.4084193491920991876719532
351.8786490253592804367133931
353.4889004887188067836037686
356.0175749772649473179603620
357.1513022520396248096029282
357.9526851016322737551289190
359.7437549531144487992919860
361.2893616958046503902913112
363.3313305789738347473344496
364.7360241140889937162621021
366.2127102883313168610771452
367.9935754817403033261832980
368.9684380957343898915769013
370.0509192121060003396511631
373.0619283721128384491193964
373.8648739109085697447563627
375.8259127667393341079077141
376.3240922306680521171908196
378.4366802499654797240909659
379.8729753465323466510240597
381.4844686171865249196625224
383.4435294495364877043457555
384.9561168148636871037515842
385.8613008459742291805619594
387.2228902223879809759485147
388.8461283542322546008094203
391.4560835636380457705782281
392.2450833395190967490151842
393.4277438444340259366989529
395.5828700109937209708777113
396.3818542225921869319994545
397.9187362096142433869811797
399.9851198761948995059172999
401.8392286005332165399113044
402.8619177638861141763154431
404.2364418002080047402277996
405.1343874599099272574862680
407.5814603868961820763090012
408.9472455023511125196340398
410.5138691933666386467691053
411.9722678042787506646402985
413.2627360701850468862570593
415.0188097551551156463192115
415.4552149962945988571287825
418.3877057895347792260457231
419.8613648181523236878523091
420.6438276250417862679746530
422.0767100588267596298406654
423.7165796274818186105628747
425.0698824944613476143746926
427.2088250840745805281429339
428.1279140766166821103050685
430.3287454309386366699269815
431.3013069307035920195051219
432.1386417345885683062532491
433.8892184809272253029466111
436.1610064326469840718015183
437.5816981676685811540131672
438.6217386562721962909150101
439.9184422143706564102217900
441.6831992011890238742044365
442.9045463026094494697231024
444.3193362775591559203057435
446.8606226964295225288608752
447.4417041944932900655269253
449.1485456850233047530235031
450.1269457803135240300457625
451.4033084453887954621132246
453.9867378066779160383668103
454.9746837686167888753094390
456.3284266892460512244998301
457.9038930641029715746993292
459.5134152811060117540099438
460.0879444221758412553302554
462.0653672748825309638309211
464.0572869105482845762460848
465.6715392113710945529666457
466.5702869308262551673921260
467.4390462102616388566450014
469.5360045591120321918190688
470.7736554781016476901188795
472.7991746619088166582979927
473.8352323451396870738054680
475.6003393693757856054288199
476.7690152374845208528486892
478.0752637666709691998727274
478.9421815346348265383171018
481.8303393762865613666813763
482.8347827909823973065569967
483.8514272124825375601882211
485.5391481293560069300254237
486.5287182616512443523675263
488.3805670900174485271114307
489.6617615779561315127809042
491.3988215936630065692133310
493.3144415817853009363606040
493.9579978053694649095830913
495.3588288221312774968341327
496.4296962157591034839189128
498.5807824296865420166750829
500.3090849416904955393093907
501.6044469651454776633325458
502.2762703271182331753995073
504.4997733134277371837912622
505.4152317422444420295521661
506.4641527095235312215260748
508.8007003364678208094696725
510.2642279436728344207795177
511.5622897003745954604549045
512.6231445314074186671012549
513.6689855554736834362441464
515.4350571672993772496768937
517.5896685724674253413579653
518.2342231475501435738582744
520.1063104117232559031961461
521.5251934494920409677323982
522.4566961777302104301444133
523.9605308920158404870075095
525.0773856872796221805912176
527.9036416012723452296172681
528.4062138522926589416088966
529.8062263187069007981639833
530.8669178839610896443874345
532.6881830282937305051264456
533.7796307537687325654825460
535.6643140758732246170461232
537.0697590831223275883897378
538.4285261762479628435009552
540.2131663762281333836456690
540.6313902472951173601280776
541.8474371212012815471191135
544.3238901010052629031213088
545.6368332489348182548554398
547.0109120581222924636558818
547.9316133644893383104511594
549.4975675626613784599847339
550.9700100394838890456572341
552.0495722005648927925767025
553.7649721191588146171497826
555.7920205616825084165732215
556.8994764068553512619642187
557.5646591720585284085239899
559.3162370286821637609351422
560.2408074972956682417932764
562.5592076160458511081379167
564.1608791107861178138795335
564.5060559381498351222459689
566.6987876828079562415122807
567.7317579011769374503347305
568.9239551796293684967534874
570.0511147824635920385270166
572.4199841324527640452769271
573.6146105267581299872460321
575.0938860144948856074571723
575.8072471409287807094293329
577.0390034720982112166370897
579.0988346720366074312843643
580.1369593623846286727162763
581.9465762659016255515061145
583.2360882191672782619605736
584.5617059034655283669458934
585.9845632049883005741872590
586.7427718912501556447718451
588.1396632662479564175542353
590.6603975167652756310320033
591.7258580650480566492224465
592.5713583002255698207727161
593.9747146822310292438051745
595.7281536973889491770209207
596.3627683283936840895790971
598.4930773461647544010635829
599.5456403643648539975153951
601.6021367359326360517381076
602.5791678863873542988227245
603.6256189035791606722439669
604.6162184937532329146396028
606.3834604221090410886743112
608.4132173111873251751267238
609.3895751547200805273238795
610.8391629377394069267025378
611.7742096208872046351683620
613.5997786756371194051864562
614.6462378722326215255530840
615.5385633694070278534742659
618.1128313664423733825402270
619.1844825979536342490281464
620.2728936722275219190855726
621.7092945279486229572986331
622.3750027397790092178815438
624.2699000181778808347729470
626.0192834276543821983362174
627.2683968507830207519976456
628.3258623594603619359438157
630.4738874382920458706065868
630.8057809271975326418717252
632.2251411671159519521547059
633.5468582522517774841971335
635.5238003106054538105255818
637.3971931598373071737480743
637.9255139808225810934288397
638.9279382668567701937726909
640.6947946688256676231875385
641.9454996657052945453785386
643.2788837813978893611433628
644.9905782297480025124437123
646.3481915955015920338809416
647.7617530042888837937668090
648.7864008887824407710801338
650.1975193452564590832538976
650.6686838913959825305606331
653.6495716053946919020868650
654.3019205863193422754706163
655.7094630223556363160267428
656.9640845994606174228698966
658.1756144186053997448798079
659.6638459729641078311651821
660.7167325952792700521588813
662.2965864311004106443782664
664.2446046522730134498902573
665.3427630955990405427881698
666.5151477041729605487750958
667.1484948945554299410692133
668.9758488202351314061922797
670.3235852058625840344295533
672.4581835841697341813650863
673.0435782861476457701310407
674.3558978101231678961563201
676.1396743636267482031781357
677.2301806687639732478547996
677.8004447462213349189387574
679.7421978825282177195259389
681.8949915331518891094524111
682.6027350197505454875408366
684.0135498138695052361941280
684.9726298620984525457366617
686.1632235877279496034730067
687.9615431847036484827963375
689.3689413622723684232551928
690.4747350323503976939430895
692.4516844155208488498466524
693.1769700606018248456230975
694.5339086998731400156307045
695.7263359209267301678014282
696.6260699003456149709028185
699.1320954760135067108161696
700.2967391321434945680121498
701.3017429546461556851739140
702.2273431457605001194353198
704.0338392955253093226530723
705.1258139546192276668674794
706.1846547995179190258109850
708.2690708851098999952690286
709.2295885702843007090346933
711.1302741796854315654748564
711.9002899143753120389150791
712.7493834701012902546105744
714.0827718206693930769245272
716.1123964540521101481820265
717.4825697031001907144418976
718.7427865454858939884491827
719.6971009883656651326909609
721.3511622185364171283861587
722.2775049756742373403761437
723.8458210451284155116719224
724.5626138903790795922462168
727.0564032300493816176484053
728.4054815889340600347443552
728.7587497956142685661306323
730.4164821227564347099440394
731.4173549185985250807493570
732.8180527144998492085675269
734.7896432523779942523125100
735.7654592085783210769321888
737.0529289122653080423105409
738.5804211713738225217054481
739.9095236740419440297009594
740.5738074472950105150359716
741.7573355729416732758611620
743.8950131424736593815501492
745.3449895506118743256405485
746.4993058994323295096050066
747.6745636242695283595693679
748.2427544650845478685032947
750.6559503621242998668074384
750.9663810666508372684584197
752.8876215672023747495077050
754.3223704717126726851030863
755.8393089760378298727924404
756.7682484399509307201332102
758.1017292464125834114897683
758.9002382248923747674353929
760.2823669835120645318696009
762.7000332496910547280689999
763.5930661728372229969732472
764.3075227241802217362512258
766.0875400998362053944224648
767.2184721555395140824994102
768.2814618065092308234566650
769.6934072526244243250066549
771.0708393136783163211872219
772.9616175657570243378291659
774.1177446279405074021419094
775.0478470965805080500169930
775.9997119631714424777315826
777.2997485295925648165109771
779.1570769491890040639245377
780.3489250041816705381277836
782.1376643908120947543176873
782.5979439460735398661665057
784.2888226124655014631460997
785.7390897007150518406461878
786.4611474505062774598967875
787.4684638159100383814734996
790.0590923641195642949460033
790.8316204679210350190829314
792.4277076086045268663910702
792.8886525626225880422427532
794.4837918698931644813183753
795.6065961561624126279125580
797.2634700380355849161917046
798.7075701662962113096919534
799.6543362108976327728268907
801.6042464629820559666766161
802.5419848784181496624171411
803.2430962042701941902262291
804.7622391126617639515957840
805.8616356670948028368031915
808.1518149359937473923558586
809.1977833633007103877196048
810.0818048864070998915247299
811.1843588465062603378843275
812.7711083891093427198012887
814.0459136075109935019676008
814.8705396258725677840196870
816.7277377143947163165025748
818.3806688663616765115867750
819.2046421708238626058240388
820.7218984438692874664310218
821.7134541333794018098760345
822.1977574934042771435818556
824.5262938716297481637664849
826.0392873765743835480141635
826.9058109540807719796644509
828.3401743004899003705042151
829.4370109683093336230475915
830.8958840533174007300786176
831.7997776590705830743246084
833.0036409091541995383112542
834.6519151478255758073453399
836.6935761875918671688703408
837.3473350595315147674864163
838.2490219927321458365470959
839.4653948102824755503103022
841.0363898290134237244114847
842.0413542065263713333676992
844.1661966073507688213461011
844.8059939757637268812847766
846.1947699276939977636625185
847.9717176395120066363275848
848.4892811809435238248867303
849.8622743486978262643447147
850.6454484660040923782420482
853.1631125833891553258394721
854.0955117198690586200182216
855.2867102444049363482284376
856.4841174907916628540349249
857.3107406026038260329642300
858.9040264664756944128295737
860.4106708960146707515941401
861.1710982127153376059751104
863.1897197719089342361101301
864.3408239300695408556874998
865.5946643265159653951068771
866.4237399040426414629795887
867.6931226117850062387685271
868.6704942291315966678382746
870.8469023257540162057952755
872.1887508216132077558732281
873.0989789712819814983254030
873.9083892353375304396299858
875.9852851087803223743924412
876.6008258330274423972431300
877.6546983410334751440220931
879.3809519697909824564618001
880.8346488479393902830322873
882.3866966271964612523846504
883.4303318387016456845683374
884.1987431145947269603842792
885.2723044796171270511980861
886.8528019629162983720333299
888.4755666738171947737263887
889.7352942940907370974121881
890.8131321125280636861959243
892.3864332601558693417409993
893.1191175672942583361755429
894.8862923208687161421929036
895.3979196747829650553968594
896.6322515562027200335265867
899.2215226683834193900956439
899.8588846079374834442658553
900.8497398605213961178246412
902.2432075867522884616404478
903.0996744426304549466650464
904.7029027222813207743240914
905.8299407582222094048394107
907.6567294689675253115567135
908.3335436450609252807081967
910.1863340571798425653525517
911.2349514859555040925975013
912.3310456000355872488071672
912.8239992467433953779922167
914.7300969583756133383752392
916.3550008086427658914208429
917.8253775704267830264839643
918.8365352435290295712489826
919.4483444396823047817651294
921.1563955071548533673994052
922.5006293066367702662453291
923.2857198024222426739431026
924.7734839334766644162464558
926.5515527846030289415923751
927.8508589857535941478709616
928.6636593289348922887562904
929.8740928506477547771060675
931.0092113366280729542761668
931.8527407455200799216863424
934.3853068372584647544145412
934.9954248638464596176097376
936.2286493792829272137186639
937.5329257119703812729162339
939.0243008992183821842184187
939.6609406145281659856007545
941.1569996420423726077709969
942.0523416433754978743899456
944.1880358095727445119785016
945.3335625030459461415422389
946.7658422047278511567321672
947.0791830962548779651194745
948.3466462550449671666050860
950.1516126846438408647468104
951.0332487338235099744994105
952.7279886198506260846675213
954.1297192695514153367580094
954.8293089382166371195137628
956.6754793432897960231420321
957.5100525964237224677287691
958.4145933901361809700039995
959.4591688070681125609996090
961.6695724741927533426686575
963.1820866713114469971321900
963.5670401916122706718620995
965.0555796237511162249266948
966.1107548184102040187246213
967.3711537662628543151647782
968.6363019060873264080899055
970.1256105569411754792151196
971.0714914863857279402510346
973.1853612943011942216490970
973.8730789926535971942325635
974.7746350658374298753031548
976.1785024205896093441877982
976.9172021170506220214172672
978.7666715351129744540230067
980.5780006397744180613389525
981.2886153017589694593644343
982.3964851687789784014102219
983.5750760064313287555331134
985.1869286557734357695285651
986.1305151101845266493739882
986.7560084076560356217778391
988.9926223706574066073661837
990.2239178040279723629781306
991.3742941477615054318634333
992.7286963367326594436273969
993.2145809574429537075230711
994.4045905710944919000278055
996.2053361642982864835279814
997.5119347519392292110298401
998.8275471369296331305196154
999.7915715574129404631631472
1001.349482637782737122103310
1002.404305488391711308159328
1003.267808179453248257528202
1004.675044121172894226133347
1005.543420304378364196611048
1008.006704307063646198139820
1008.795709900742282345772557
1009.806590746964629457281936
1010.569757011061075898566516
1012.410042515761596842853262
1013.058638098408985072652638
1014.689632622370404688146438
1016.060178942647378130289795
1017.266402364355406669714862
1018.605572518620154950983568
1019.912439743944038361671517
1020.917475017263678316147084
1021.544344499904651907124085
1022.885270911716347825999663
1025.265724197727696366628312
1025.707944371462889237727701
1027.467693515587770273397423
1028.128964255497517877669532
1029.227297443961366731128704
1030.897368790596523560726556
1031.833180297407762541224224
1032.812883035158851460651441
1034.612915529520810066174341
1036.195917358054740253982928
1037.024707646281749750577264
1038.087752240618836437346942
1039.077401436896688726679599
1040.264037937695760831152926
1041.621528014542274154711708
1043.623954349621493870450095
1044.514975829078768114603313
1045.107042352977911390650396
1047.089817484294784221114651
1047.987147489600471131321597
1048.953785194685961633057025
1049.996284256593219755630200
1051.576571843205195795578149
1053.245785158385757625610521
1054.781039478281349906798793
1055.002146475685736209353382
1056.688847363828229857524791
1057.100043659617783603061086
1059.133769106897146229421300
1060.139518561607819097238993
1061.501304465068420063120212
1062.915381507880563602453375
1064.071551071718540425286030
1065.121855106293055478579823
1066.463223469242981943778819
1067.418860120964558059345176
1067.990000079042625467735564
1070.535041996829262809353100
1071.618623215089537904728055
1072.543998011121555348782819
1073.570353165093725437727709
1074.747771044310998579294216
1076.266625594177409865003750
1076.924056065754446887585362
1078.647198480956364694290515
1079.809965429259069213571664
1081.171002343467803785066479
1082.952749723069668660791992
1083.295466514085606768340680
1084.183264310430216143163849
1085.647831208639340712020067
1086.911998989825093115565690
1088.755724674808801471697125
1089.795337924074774958423569
1090.863191026248860785008990
1091.728472966936828999399305
1093.440873272368634680795586
1094.284457523754159836338559
1095.433084758661478689667485
1096.401917794742528502149455
1098.841015466649861787294734
1099.360667178571795594616512
1100.574460622462563218624427
1101.839111168756013405011214
1102.551779899917722746785943
1103.732297174546935847596110
1105.617188830762071517320809
1106.774371675832775100917448
1107.774531955010136933151671
1109.158918856766451887805175
1110.444142993613205803273028
1111.443504764899896587418373
1112.432995408076444580687919
1113.397595114801993513614434
1115.065359461566605676530233
1116.787253881214524190633040
1117.965919669199670945477582
1118.684134861018390903878123
1119.473247426178982901861447
1121.155937675810569905373371
1122.458621356880512254132854
1123.101117387809200166664456
1125.314729397846470079798977
1125.763442429252559466443972
1127.658023527215719230775274
1128.430224613892711372106029
1129.728996777065562175089156
1130.391597896231670832010908
1131.495085561917043222286892
1133.708625669456235851410275
1134.885654591533196430624198
1135.562213975477545956522046
1136.929293480969529785469667
1138.151589779805540729233532
1138.992341820493635893859992
1140.721848171903359752655330
1141.261022964136758329982282
1142.858659607856481118498800
1144.782299518625341877065291
1145.485327517117106808017282
1146.576814924866953406051744
1147.501776523319316091299835
1148.615277208834019003767233
1149.982601028107097665448817
1151.562814723673218149388697
1152.943128530589795951638659
1153.890303716271268026582983
1154.697519535382382913171213
1156.621567833872543410579115
1157.432314575610906332865252
1158.001609027294966145086687
1159.480657019022297309404835
1161.396644634378091498488891
1162.487528602005427804017687
1163.701031682778615587642197
1164.737586351227609934620218
1165.271227706457693605533588
1166.943613409528712677105954
1168.086271610138794297937928
1169.698356884884906186468513
1170.463638578283666041216030
1172.120681865695599846400740
1173.305687764048358727042162
1174.232766856456302652064362
1175.215452395950775247030933
1176.632875809788458632993829
1177.106304421656146949000119
1179.701223501933898032583977
1180.653543787084385330873970
1181.267318151680018959132976
1182.582270346920390440041119
1183.712775295974315349890398
1185.155842847465792283020141
1185.875358695356620012619089
1187.345161493267309955546584
1188.856444298229306788806152
1189.963636497918443343748637
1191.482605926413470865133378
1192.218611478101545077892206
1193.324021427455080275389661
1193.857427135436991965941166
1196.034671748671062232111540
1197.071786658821966804479467
1198.686569104630566476487012
1199.356513707893968131881111
1200.532692031219914310338259
1201.810334856606049786460459
1203.137350861425479452833490
1203.855247594097002027002589
1204.985492171466410715586559
1206.870499793853068292137946
1208.471459949531031462999152
1208.989484167939025676652545
1209.898030087545955753378479
1211.416115892798123060478983
1212.113153066319792624394280
1213.598372680368218485135053
1215.389975065045634269813770
1216.183722033467416723772765
1217.174482497738919039771914
1219.050028177406163509276831
1219.614471310858484310221719
1220.816347690978131430685362
1221.692242483143733211792524
1222.952484095108358242564243
1225.018330024168539197351757
1225.855020760795715396661367
1227.231827641490931924146161
1227.917141614400044405946349
1228.793154362981171769179034
1230.584603154249275719501759
1231.562273877645398164718179
1232.529587040597895551034138
1234.277816653431788048844225
1235.502548526520997318717427
1236.399017465778995865444359
1237.977298513581145513426436
1238.457232795661807116333425
1239.490807146795754277704675
1240.813471785216266891520206
1243.078076398021118881519514
1243.538146526114259980473869
1244.851433966983858564581683
1245.655866188147822478803875
1247.372561969855643915704176
1248.063061053208198685149450
1249.159887953002983340583314
1250.672397275678117155089528
1251.659832004271221180037586
1253.673577852107102018380262
1254.431328421773449368516753
1255.408230645290734638381555
1256.181214198460866068255744
1257.541219412644114426823188
1258.779233488595053190671357
1260.344548316185519868179071
1261.611717161479839904325259
1262.556614000356224342557735
1263.676732843861793330399614
1264.957223006999789287695614
1266.179037760562062242830000
1267.200345611845489220289946
1267.570571779440223458643778
1270.118921886492603925191178
1271.134299631609991400291682
1272.083959599332897422895647
1273.261144633455752813727490
1274.196220889480358828122459
1275.092030315840457781671327
1276.842171555569794685535189
1277.763091986346820920609619
1279.332843316708251394285230
1280.155794409022930466591477
1281.828726959699933928864981
1283.000491386699676607703115
1283.335032138879280600482555
1284.854795154621657840431161
1285.695023331138592774774948
1287.410026617075316131672787
1289.165351532773061481413110
1290.104771519807337889521809
1290.417708073042503662543602
1291.945870968083198400458038
1293.493981557417445062020447
1294.118474377848352386109778
1295.365363505358250254932173
1296.801110992347291502194114
1298.256527067889529432349222
1299.405171250743978398316023
1300.490018982447638393470943
1301.495516680575058356356018
1302.346742379246917920513253
1303.273200228794143469156008
1305.401672188004384663012316
1306.508393312968836971733721
1307.267242107802427097784151
1308.988196517643387242108335
1309.421532493255966673810812
1311.056570511111896663932336
1311.966940608049354868810971
1313.031599369019664552442946
1314.052565651726166193373467
1316.212112602854049780290354
1317.072986034829955001008389
1318.171279132165052548580337
1318.947880596566338336391281
1319.931082877536473052035280
1321.628138551912418057465926
1322.258067123391157945193698
1324.224978718844330913229196
1325.237624358982335353497465
1325.981969630446281223042045
1327.635281108457449640351741
1329.043517996518601239811852
1329.205018785483634847618474
1330.429937120459263182660791
1331.827591385285217523542331
1333.673522610284933270975872
1334.747329051689776530339478
1335.694974526002066589015284
1336.690184653385871053535241
1337.688791809669949603148440
1338.923164598670349828981969
1340.426400457300175789734022
1341.166272252926387071935128
1342.608507883776861327500373
1344.156044003595790998204329
1345.477106261398714427407301
1345.731413255418407759006722
1347.519471750899911107226733
1348.017238018736410091624038
1349.085194014047657980739438
1351.296206374096718009837682
1352.210465159175538379448660
1353.483338358264576553756178
1353.886781971696227684236047
1355.680595320636491886857508
1356.605655709807953919674522
1357.771742828579464071801419
1358.460160399159026437355189
1360.393144762191152312089752
1361.393074713639681698890763
1363.022328603280756838542738
1363.879190797134472437964698
1364.576584896753972641279746
1365.493733551295247265435774
1367.104090970008230879955155
1368.330193307985894894877702
1369.686949077342916601033749
1370.973522767783644045921669
1371.686553552827391128829532
1373.202914562373382103296370
1374.154798658640645626519794
1375.302392344748902154820555
1376.161779993619352038764812
1377.177633642104626322481926
1379.683283028612926385771578
1380.148578441692403063928152
1381.073977149205634870656553
1382.345662978473679887742389
1383.297591007946474903316758
1384.444415847760082973395629
1385.663777011192686438873914
1387.326647663489530605697250
1387.921454127112797023168503
1389.565831798393937195009655
1390.705490286427665121514623
1391.853200443269755384526891
1392.644027788548648255831026
1393.433401740793665026417471
1394.884184675680354479029476
1396.544163123682501770247637
1397.834623321387224279315356
1398.837675201385865233910782
1399.839472941206481467053986
1400.426946297394298261051425
1402.564347250065993817191111
1402.973747640919208050497319
1404.006292170522757129440728
1405.666975059246875092257325
1407.085142776436486841203862
1408.136307496189550754764109
1409.320681079838957249711183
1410.024810725802225833083299
1411.257056815706623860024231
1411.965653461773004284494177
1413.843148788568852998797604
1415.585784795495351208993039
1415.781581303282910082772037
1417.102822933822614755624964
1418.696963852452165675233052
1419.422480945995686465989038
1420.416526323751136034375251
1421.850567187048653910706808
1422.461310987507366496379440
1424.463045669579022246795143
1425.873469244996591079289818
1426.645979682120039380197025
1427.365671109426682028960842
1428.592305875978768705860941
1429.650477276191545764897583
1431.218313672751658422362577
1432.049740893313600726955860
1433.821940737065160513137540
1434.584942168260123966068736
1435.692907383419277383952916
1437.226721623801248684463350
1438.006284841722401518352473
1438.949552746882798976178813
1439.622793078163983973974819
1441.960987504861836180539031
1442.911059580896858867879324
1444.041930706366562243066105
1445.072278459201045744066757
1445.830084779710020783356237
1447.226227099975794392215935
1448.323853515725453517684403
1449.488771280731257902871218
1450.773561858297330089906757
1451.835297999393383264246395
1453.737596757102226254608748
1454.226011260226279618029637
1455.312091239819668355061728
1456.167797608387255558047067
1457.539001668411230439852854
1458.393777368687248897353185
1460.688270535419103886417490
1461.245443345159955929938184
1462.266123265787259537550514
1463.286891190427541263050980
1464.696903297876409962361457
1465.889557614085268159057371
1466.505621107887723368923293
1467.703989586071013401826983
1469.347649878269645799291096
1470.966589127164967200423743
1471.388764527106594515568524
1473.020132324185711143723154
1473.745649185746533474087355
1474.203221565698878785627052
1476.092127038240920702570031
1477.435191147500117405004712
1478.441395973412948585008262
1479.759918706490077675395633
1480.766879017982257679543409
1481.964684209802309575730817
1483.032959958071480650361945
1484.143580881755407774916542
1484.817883231203726576634667
1486.171349027557139928372310
1488.116337976228270527027221
1489.252466946430123072027730
1489.970892204678885758734260
1490.670693814603265610717512
1492.180090544016411448622234
1493.330835421270217760647292
1494.155368613688803742654171
1495.768832978941731640262413
1497.065505571710063707657608
1497.747360933121155702567135
1499.640824746619819727062875
1500.351951516603164877266465
1501.119324922131586755267132
1502.346063292399062924653132
1503.090933126680493369498661
1505.261529654671910926654104
1506.152986138113179314532482
1507.407505163830322280237525
1508.253031029542275305300182
1509.280419363223243290159293
1510.391797446473538038311462
1511.923005459002111188460007
1512.589764705458127802798436
1513.589765539918677586756080
1515.708343586873929897339273
1516.435989718758455005481080
1517.719806254130186785136476
1518.414791487253691070493351
1519.741009493906820862830232
1520.273622220356154270041308
1521.901909065460911395427839
1523.486047149258880136594550
1524.724892160622186989841601
1525.227837233791800071450719
1526.552311910387456833343072
1528.040930429297572159720535
1529.034456728701310627987139
1529.369975365194524165597030
1531.020742970222322575866751
1532.222326939392069528772873
1533.886977913201592096682980
1535.042277471206664585291168
1535.769502395248204327718605
1536.620701824029871898280469
1537.651062167944922464754311
1539.302854855583229427846006
1540.030270139506368973723269
1541.742248762789003493586595
1542.496522922766279604768808
1544.118670054520289895367620
1544.834608227519480110202936
1546.091197786313297886144802
1547.297581121406901368000415
1547.806563801857567812332259
1548.871348178725372883927952
1551.273845326404526567957097
1552.006872837670069396825301
1552.736105329803855130255030
1554.156519109657777788806100
1554.921285164991869748802058
1556.162987497552752345744614
1557.394507017690490987832151
1558.339152852351962786385835
1559.781154390710235255259289
1560.876475777809452139941141
1562.410153180194439680536055
1563.385400958495537267918371
1564.177940460431674820589900
1564.915788262260135930225976
1566.266415601551516737195790
1567.623450717218105456669722
1569.022477804374074528560956
1570.509277866920837750153702
1571.045381485538185056935902
1571.845352088045338365385188
1573.806563330271403834712937
1574.230915429863777755373695
1575.638154952016551704401319
1576.161352363424377561327489
1578.118826945782786074640761
1579.514055067740677248002441
1580.372081625471549375070564
1581.363551773001820393000672
1582.329486944147176256569251
1583.394693435421748433184338
1584.234848066376210517871719
1586.293210750337776065599306
1587.004342107041149829094812
1588.163404028904790148031122
1589.357945949557727776030932
1590.835904321394104771306426
1591.293884373572356231406265
1592.637167039234918473436351
1593.584808188861926335470884
1594.442689655690523961912616
1596.484492409654675246698921
1597.715895944423128646336882
1598.420798549670449745762223
1599.619348950462806910981309
1600.048044903407311117640763
1601.911946228582195319048510
1602.815404793726602517535982
1603.655202996124079668404286
1605.521646646623348704333011
1606.293418126574223498511636
1607.556905211982879540600896
1608.836295305010015548216902
1610.003264190037944310470787
1610.253823162574488807567725
1611.437141269554780419201858
1613.078855451027423513522694
1614.710627852161491739637426
1615.574608718972008759901372
1616.398394841583644176829126
1617.734684840985208560999130
1618.537517831977547528321461
1619.952501261128849053360875
1620.774310821388562418884701
1622.098751698022960734551908
1622.977767699475580047234466
1625.021856657962789849854663
1625.987020163621172241549750
1626.399919311635551920494360
1627.755441276315744955155585
1628.715316856763230191984860
1629.658668954947761462749036
1631.194814551515752982858171
1632.798183570708816965553044
1633.512516889737263158084534
1634.516822662067080706424222
1635.718366326213799525578526
1637.089190173370945876388902
1637.994643586012752332015804
1638.599658304213882696396943
1639.821235729830195521375523
1641.899819008504577039430071
1642.489779822378073057345307
1644.152065959737679196727043
1644.713745774667882876164371
1645.573760362766078582486625
1646.624866593178890765820654
1648.270598222531697807582657
1649.118535409240123292286317
1650.416988983048381149984089
1651.732693341395981036998068
1652.671065899601207082318964
1654.205896759371166943082320
1654.726652393321786381752186
1655.822775676771767318206885
1657.114236399763082353706850
1657.567101179321441112896041
1660.019980337998945424468981
1660.860056833300810301495924
1661.836892884096688304723361
1662.377202549280083467248089
1664.057265418110030617261084
1664.968004486365083806974558
1665.877640414486212330961352
1667.241125051711277139386878
1668.368229327401862652189856
1669.669728452399209150017801
1671.047182433303181979263957
1671.984259333726273942436666
1672.963370830781056597758264
1673.687445333905250511074040
1674.648462097009754796137424
1676.362486323950475216755749
1677.691227141526503618623631
1678.630368091063650393493431
1680.077946716809494439834994
1680.504770112847052080567356
1681.812320174266013360627167
1683.273289260666770470468298
1684.171656837064291579028552
1684.558863252537241861381581
1686.421121947838197593276938
1688.080142693176588436740353
1688.933868509784624056562112
1689.703154256179788865819394
1691.051559916893075944593410
1691.515192892035152299187161
1693.053020930197146867152899
1694.017564652607856866831464
1695.832554474187265513088078
1696.654997439785656348972200
1697.342514286564009349294604
1699.229547187643018792872352
1699.966817266863858564388383
1700.820303245006238733439289
1701.825550997047417233553919
1702.923249764490519399324115
1704.291412426679760281343751
1706.256032431560377055487520
1706.615665035026012470105195
1707.912312493324514939294588
1708.512116178403088250826828
1709.780842298580484923407573
1711.137603258592841272860739
1712.155397654322368843190510
1713.055341727513109628706829
1714.717145255494530380907073
1715.825283039820567835619201
1716.769983717394902744361582
1717.974485066158528153116257
1718.954152498583751996121483
1719.724469321831035110476899
1720.498070947586531810458469
1722.844661739915648825986835
1723.532822631259873601000923
1724.733958737658224911768447
1725.638628019973830653353180
1726.605700739885404462597420
1728.166506760965425040578810
1728.644486480371988396949392
1730.023872544779144422567863
1731.014193761857181783075164
1732.430169859256836542028663
1733.840825021430013404403100
1735.175466021101098339878090
1735.624715342870632327563694
1736.305662733237988887384858
1737.893884786928548284183611
1738.783237588816054261497202
1740.169115680140548587293998
1741.779167808727257289365647
1742.467680720782010198985593
1743.426436858721626521507841
1744.721511937699789776716004
1746.097498595632694981088898
1746.595456627128205571697664
1747.781695527752417747951427
1748.563987381080216827565473
1750.822818489839100496969714
1751.617794946251114836818310
1752.511511140665935993365667
1753.661355243139538151920087
1754.763369874252878074452210
1755.169694068142685182723627
1757.046518460723108432760771
1757.984077032818179991452682
1759.240085646681894957162857
1760.215166242762324185107829
1761.854899938728070380092238
1762.497688870660621630554228
1763.719121496287047263666529
1764.591476849091958354745758
1765.400493991783835727808902
1766.676243599477873545201071
1768.295971136341381198622175
1769.940952051635838334389232
1770.243677312197348192617139
1771.212944983546526725935301
1772.328000363591359307656170
1773.894915510703461811879518
1774.660430990023590107676950
1775.341987573747291026905672
1777.255860224057987062985496
1778.041734762249298116557874
1779.552270809178961606809314
1780.665228492998657232798024
1781.355637722819562971966505
1782.439067320020181451752014
1783.084829519946484711479716
1784.607946396612664868850458
1786.342201179342528821325829
1787.049273086816266390256603
1788.215123479632823247643094
1789.242179963684720140863511
1790.449562369783540465519493
1791.254409818795450149147779
1792.616102735198182735946278
1793.525390652409514822063232
1794.178482007255591198750742
1796.465140537430813751114255
1797.376335671136769855691075
1798.147067458075746926822764
1799.231647209737400400064614
1800.024724019739154568118227
1801.309636945287992131076646
1802.301283491450569858835964
1803.796843813365957725242923
1804.904160974812015447910251
1806.289667019497781635010975
1806.578391750963925581048890
1808.714431865474890356507883
1809.119273788287333095646767
1810.108892987985804546815042
1810.873719158854715653482649
1812.420077002105519026846574
1814.024140347615513423617196
1814.973082363495849025905560
1816.338611219674637287877667
1816.758023365350853184434865
1817.710608563342472647763609
1819.260334099488250564022225
1820.187882186811219183600837
1821.305708365203909060315674
1822.427671440302586928807853
1823.766265895773287956296196
1825.213676893013383353733072
1825.915683614928409365476644
1826.795455271492655557558674
1828.211270499973141933934055
1828.621091758031140727573016
1829.832529709939702045809013
1831.936379901815210814257718
1832.984940243731554247653810
1833.273239032730321520861053
1834.721559748608499026127263
1835.883754437692548567061628
1836.827672515957489640815384
1838.086943305644553436012808
1838.640288707650741070799645
1840.195563473357363106727497
1841.478582570643394257082227
1842.875955278667221445726715
1843.771057743069120456561057
1844.759043650095888927068813
1845.417534146424529184835946
1846.353253420516416602189404
1848.330980622383731433415372
1848.722760910890866404390834
1850.601184047651463659879442
1851.400361994589779203914371
1852.342204733386277236302511
1853.519342920989503777937861
1854.855632115986727770019345
1855.592934937055467317870717
1856.389179153523854467583731
1857.498074814880186030131746
1859.495271568794459978385044
1860.541388109336813481346767
1861.379671547232853462528350
1862.121464928944214881546901
1863.425464845096486006563125
1864.353981335746251375531281
1865.367433794057890105678291
1866.836547018608191339929457
1868.085190998609224366009378
1868.706745684408117519670849
1870.421471768310790151708991
1871.416043098407145326019776
1872.441566428192717588508827
1872.865667637967680009891917
1874.508361412660135338418593
1874.913774010039541468588008
1877.095064167339774612439616
1878.022251482753471098901815
1879.153303090461328571736815
1880.082325418994379763301187
1880.611766479656867414168146
1882.321974797384684057811891
1883.408724269518366030718166
1884.005778349667142356788438
1885.198075130258122876007111
1887.053894806890124232468482
1887.808841416832129527162475
1888.938182636579454999549851
1890.348128614244545597396401
1890.612128587933260930813629
1891.678510539728787851251101
1892.867701335791115341100171
1894.558537572429687187310840
1895.697155653584563296589496
1896.585494347168901175289023
1897.513692859711974093951382
1898.829372818679482109816064
1900.006144829143996610551645
1900.571884272414833831619414
1901.891305750600065080568056
1902.805059206680062983353913
1904.089325323351742088979185
1906.102756198181956502046630
1906.597678003766215393603923
1907.332780123909926346037142
1908.433063045051752229753468
1909.465930025982380253955996
1910.733659615891596477795009
1911.704690943172158628321554
1913.182489775883076813639880
1914.352300051674052677269458
1915.054629333347218570915842
1916.606371839519353790415038
1917.344704041566345522915354
1918.786498909856788986721343
1919.207778397805238263969529
1919.937457371217203896593616
1922.101625621993703442189010
1923.280837936417442057529686
1924.055831101440849519510024
1925.231987975406529411983363
1926.211583079894078458363285
1926.820092794871576744616648
1928.417518549519447858834224
1929.487560180576489987259139
1930.258387180387325797026532
1931.760069436524614011377929
1932.875754549946917778836751
1934.416436369151903416412919
1934.907943434365697510017571
1935.924848803745694844526896
1936.873093814278902386711102
1937.968633498019957719647716
1939.050029150544125716814474
1940.977326705859935993002316
1941.822862215780232950892795
1942.633568692246150914572720
1943.367947449252749107006733
1945.153796306367959584251285
1945.922716949483327186312954
1946.609945361877410311279881
1947.917047737703604079913566
1949.030030073606550736929822
1950.743201552863158598429693
1951.536695873054910398384883
1952.850129211865753276119948
1953.448556325135770052820726
1954.418588175214116790112211
1955.315809283718388686037137
1956.848164578215508554636602
1958.314403555120358564964894
1958.851883463194813846470427
1960.418845269381796764848125
1961.359277880014379508300189
1962.233571848579798072580395
1963.621184573202069079435794
1964.357390938095597209784244
1965.377829505103857030394318
1966.117658574074526474160767
1968.471602019420441852810623
1969.047617546527828615054755
1970.305009517033761407286229
1970.855547579945944308915006
1971.970312804811386640254919
1973.182663405938679691731042
1974.347201910120085258704640
1975.080610302266993556027660
1977.173943698039879018376684
1977.271446199746510741696632
1978.801448167731529631538651
1980.371772287051336927130119
1980.910043091024233255044381
1981.748768897263483740319955
1982.663279195276514024133931
1983.923804622260659671098318
1985.416540174526740221855571
1986.757107716415197970684357
1987.873473360724317378890268
1988.251876807355766020764750
1989.702002708021618926462623
1990.478352526426991646736489
1992.001706393527902715477357
1992.784987875157572781736552
1993.577493138259984639429090
1995.168739611888537748106731
1996.796176966188206905323362
1997.390914059611449311914753
1998.279006925984822422162111
1999.545764176267588903843297
2000.434515302432246776894336
2000.929620689184555144098126
2002.896408374361740688187683
2004.139669233270134958655819
2005.077848124098759130623273
2005.900934885785710899243467
2007.125180170301125895340904
2008.418240330262271679373576
2009.176634122949589834428979
2010.153324767559326408443163
2011.020705073650057571084117
2012.538935477421745332358319
2013.872097713990826264798871
2015.186728608706282909592180
2016.029638032375393523384100
2016.800075655845732537992644
2017.386767251961558011384640
2019.264600216064099761394157
2019.884367139755293053501543
2021.196042768892788024379584
2022.545617684688266029969869
2023.572911777100747848271680
2024.488262157951250297378692
2025.878906202481560989771901
2026.738258912152097653909175
2027.573317055997542412336868
2028.582459354039951631889668
2029.385479550966647379168453
2031.750550690618736964454253
2032.420780856286430224698595
2033.017892745669815810169571
2034.554828788956165086574179
2035.077440096304077976093505
2036.527526483370326716540931
2037.217111094340891563124567
2038.841738250867750155856596
2039.443218740104451849519992
2040.839119673138223887824763
2042.344586250604208897862196
2043.217116563323964478921317
2044.121593291667495425138586
2045.037320859814820925431351
2045.802760431561935428444534
2047.098336345607132274609247
2048.454094066161112393306104
2049.847525605716069264195001
2050.906055384684548381376989
2051.718388196256319161919762
2052.407790192401017867405252
2054.059916898485734258428447
2055.180267326166661282723418
2055.572602899048872178760211
2056.620866689893779289874552
2058.450651118906136128173580
2059.448021743771458966604380
2060.868247208107968375762558
2061.367059202031889720619402
2062.572650919978394091831868
2063.283559498380763148583800
2064.304867699634148083154938
2065.832672281911464707683243
2066.985229377985287351231629
2068.345638527370094715794203
2068.669941082812694161775897
2070.504717593445975155110773
2071.377083169758596449908975
2071.990454814760787099573070
2073.397603715768406627215893
2074.171064902152487264222440
2075.028065544832156633203400
2077.117570136877207022002059
2078.155484639214284075548205
2078.939288114876902368812185
2079.567628461893227357227005
2080.910343457561287922134181
2081.799686563577146136113479
2083.300276858827975710837823
2083.779992550167397584364966
2085.389813692285986675591126
2086.580318534381421521997952
2087.473340987858016348050095
2088.712281198732581189418399
2090.036206757016941573504198
2090.447550027415866938227018
2091.221580661131263636869492
2092.473218110071891742317606
2094.335917468631955154829188
2095.138256660294823669283340
2096.346529979252588528502926
2097.371606357192894539270651
2097.951922199887039635414732
2099.311651265061347463510065
2100.593745236861240663834095
2101.135489459108414918273086
2102.535100215297700958108874
2103.390454808714039348514756
2105.372206591799897773388795
2105.994704339286241676884019
2107.172362432443341469705391
2107.617911407514327794275690
2108.938384889015335597987949
2109.963143181267582022437985
2110.822371848131822017465609
2112.907087523190777713859148
2113.483966448430801284967930
2114.396137325889992385977941
2115.506602794684114453519933
2116.900056068394727573853860
2117.722399441362978078897660
2118.618646217029262713151929
2119.456428468939276684167707
2120.691562591843950542791599
2122.465151174928362415617357
2123.344042303462499324835280
2124.370368737568878200365557
2125.512400029151939221741182
2125.958784840373305395253950
2126.975711192557988962679723
2128.752290554262836645244594
2129.406080228328442997538795
2130.555102283235916685014803
2132.080620992942643171180820
2132.798516467884154644985004
2134.154933985037924172455068
2134.950772504315672128920033
2136.086897524703213711696960
2136.967470548471870359072927
2137.509940525910913575812679
2139.380759985201107577489735
2140.949362639097040588205167
2141.710035960389950354974842
2142.355043196035385267586997
2143.374444180537885595292351
2144.895337431360428693314714
2145.505753734180824039627220
2146.625894475511517827017017
2147.785367345630833855220488
2149.151849382889221886289068
2149.910639858102119005478010
2151.776885116465025947985794
2152.390226596919655112432866
2153.011964165386528639099433
2154.263623952320336028675075
2154.935345848225473123273305
2156.394727255681689229442681
2157.856489565353127032111315
2158.878072291083204488174192
2159.902286017170492481155025
2160.853062328184191260621563
2161.692172189209531650796080
2163.107122285732380342668448
2164.049720356357350273506010
2165.011437174314295775248101
2165.503949023375744210702306
2167.693444254746848034185579
2168.890615851853982383041364
2169.263829283364955071557241
2170.787074973015736611502975
2171.396361926494691625652739
2172.250962827516326407028846
2173.528296969316612154216666
2174.745020803476645526704780
2176.204119466215638373482620
2176.939451698977405984224536
2178.004209154761124386594338
2179.232185029747187483630872
2180.495318259278780744339888
2181.252367010681768361235447
2181.725783029819561812588327
2183.330584017279937627069764
2184.103190760680534924828557
2185.965528320683109004492938
2187.085690959372521088575431
2187.798455877827899041430968
2188.558763203088543232259963
2189.497072902605391629206738
2191.093363045749275649660771
2191.778017400507988688862891
2192.826770539861208746918387
2194.231530050449700562117761
2195.231687681255784973870062
2196.715977666758543540944518
2197.258747040205904491145551
2198.687512684367522333656835
2199.302965320969583610066964
2200.351020913263048427462485
2200.915953025551824504694199
2203.277453730646011342180751
2203.906364583773548146897147
2204.997801754830107949104578
2205.855761245543920529449325
2207.172161914952220288887636
2207.802741336736954730745859
2209.153744400263258074146342
2210.208014989250364449370027
2210.850941099296166739204014
2212.343568400036404349869525
2213.700256248436090459334793
2214.949925632092495772632853
2215.820565690645555032710022
2216.296375887645193428666787
2217.469375116225193432525859
2218.521006913395296268516627
2219.799815698361061789549845
2220.852158848914182607607411
2222.636604588097467856896260
2223.055057918810407973036355
2223.777772507214529978820884
2225.564645117169426005229884
2226.332734405575587132704852
2227.246229376595376532187446
2227.970573882256309379833413
2229.127958910123303939273386
2230.898690856217248629392316
2231.977154074073314006073964
2232.924853868966181778426590
2233.720222250312906190766920
2234.814934531326900014300454
2235.546662135600063188542723
2236.773643845099835781106978
2238.154799519297615396552827
2239.167743960236659464470441
2240.021209470471096399310613
2241.536186523766402052072957
2242.621180159379481080589056
2243.373668418961998535763651
2244.370701700430338609059323
2245.565286531271342234985047
2246.016558178285626968099591
2247.364431251229392022478595
2249.550198573537092658359245
2249.770766552723961276492584
2251.046641941553166316283645
2251.845318338693399357920201
2252.678432673838856581410904
2254.562246994389553108462507
2254.759079001303995297452668
2255.824565571536941238408098
2257.346384683132800660565377
2258.501847291145838169489466
2259.517842057384273982980940
2260.890259416800265121190969
2261.660064449481099011223662
2262.674430648209799538701922
2262.878305381161112230151229
2264.676399705770246638193746
2265.768446115469447788882733
2267.384501067544035832233656
2267.879175337166069873946254
2269.226998261609550659237249
2269.919103216838346848388112
2271.326282468066381371305890
2272.049015701237658460441317
2273.347534053164474274792338
2273.956289145943056055512195
2275.068664775971333509602637
2277.079317756623523062807517
2278.012628393305380980863648
2278.525942155784191746960418
2279.507305841119493754732196
2280.870719852586209260019213
2281.356483614546293589524872
2282.690375137647892348961529
2284.056011459351377862035859
2285.222242364866503875296739
2286.149814140564054168645911
2287.046158671010604166010393
2288.578849445764626369873851
2289.336284710134150106620469
2290.241458210855731249567255
2291.097663612112011932513508
2291.928901252490557180191685
2293.896145106086756681450865
2294.687918411714311439957198
2296.115091188330346115294906
2296.998522472515126633932470
2297.372647579809593948834466
2298.612363365660205666884879
2299.961577620089686754623140
2301.234125798830902957743067
2301.454840351728464478866041
2303.295481982573223044669907
2304.305138670374533597112821
2305.508356788681968574967461
2306.517733070003535106322043
2307.355553370478083133853316
2308.210284634764679012544884
2309.370358239529117023469288
2309.931122384183622924544565
2312.047996449610743573025858
2313.190914170747899328309423
2313.689359967223960407923442
2314.621182113594161877086396
2316.049454719988829155005359
2316.962494504840772512444383
2317.851531864277040303424186
2318.826035336430148359696322
2320.088523204027257645796801
2320.949531628659605165120470
2322.812632606693334256532358
2323.534274240766059714837527
2324.512455232258388954562435
2325.557096491765453917641883
2325.903015927513107748495674
2327.376855819699561060512077
2328.634875101168609268480065
2329.705723406449555690779525
2331.013110289572893027477318
2331.942707806402767833812387
2332.987765432775017684268115
2333.720863373782282747764250
2335.531712574450956361888591
2335.867153805649781363537750
2336.621036786238721339516371
2337.761730158820696863195874
2339.615683895982620196781503
2340.826726706644481424806939
2341.324596186215486662044818
2342.654041658469263808783809
2343.259158955008860152899380
2344.311216236151757824705720
2345.570483634473816645833842
2346.464119529787811114178932
2347.934254641723674406079212
2348.843423633455680124828225
2349.730054257837876706143858
2351.455046927851231854949326
2352.195701502536464589525318
2352.750870075454590985102914
2353.912135852353059297970338
2354.951081235008184082217990
2355.810813978290615356116881
2357.608315920247485789279316
2358.904705198415579000437001
2359.434859076439866835132866
2360.314285089526338651523924
2361.342541641932631563334535
2362.718317922921381033338024
2363.495617654118633867559643
2364.751176089117010111223345
2365.191515064131916564579356
2367.249219842959468477894333
2367.957701823155859105365685
2369.220577767399032026332223
2370.093390284232169389271268
2371.100747929721673489808689
2371.938137794610108150871236
2372.440347260055843739759904
2374.444230717816650288500340
2375.543967037372248899773566
2376.355463515560189748490909
2377.755407914012799016083159
2378.212961679662157315899100
2379.726502949965822242387966
2380.545657218736259306994979
2381.500123710437529731055363
2382.530830566366402181744109
2383.356013915980869470067027
2384.965071641182469726209682
2386.430937109503890289813461
2387.299084122336514757560436
2387.813568556078037286797577
2388.748207635493176415535108
2389.955988113666157004735880
2391.260549872403399478922441
2391.754982336622772778133194
2393.630593291699855331901786
2394.485367856046494015649716
2395.270169994647092172437338
2396.603878762616071581763596
2397.791643761773763503076253
2398.558311382532671158356593
2399.433832905785270121664452
2400.152356522131457194886699
2401.482998375771780651165480
2403.418798445345203891615758
2403.975315148967507493640532
2404.921593489769997569213901
2406.253988718289485260863640
2406.732851182109508443645523
2407.715910422269907279289371
2409.441502352419540345144621
2409.881602682879588253859688
2411.126193380777421369069483
2412.222935837284041670789283
2413.976123194983408606474707
2414.379879801270495871054210
2415.576893465994105812422140
2416.534054627703939300373304
2417.278087421772193108971998
2418.229443267357387460367438
2419.507917163071245463496523
2421.142943993328178887132765
2422.152084925109508781274269
2422.996230123486907861288705
2423.504146888716139414249091
2425.124760212556724475463716
2426.193437541668300473567778
2426.907064293753645127817595
2427.640896948592982256414256
2429.185595990256922491338258
2430.265812635944403068752454
2431.611135096253930383581890
2432.727569299254756631147946
2433.705896804703808934289892
2433.916873237684183015598017
2435.348894364694559702091425
2436.191600375091036395379191
2437.794076107826049841896504
2438.671790794044180200536039
2439.927127218672276058925718
2440.826160290635254748389461
2441.929836549998409528467016
2443.033560058185132331836651
2443.775436396199729327473712
2445.154381015220419422028583
2445.744952101154900370733060
2446.398523306110247605530759
2448.988312286035105355080385
2449.231032009292533392598776
2450.503650580108119102528433
2451.181708310084449221349097
2452.283365741213890626028446
2453.257485812084044867871632
2454.300561841789923492673307
2455.482288383525923952835401
2456.514551841288553330611920
2457.907999090218544684005627
2458.546799837128013408413617
2460.013579465506191498250412
2461.202295374506200046268028
2461.731628648041392697211795
2462.464294913853763629114857
2463.569667295016347843545187
2464.927816361223408559910718
2466.183097013192723406217924
2467.640860783779024698190378
2468.186816301115243238463251
2469.336263892497489229522958
2469.781485031524024309086191
2471.539297741996716948630205
2472.336417589482271067369683
2473.107124734645042194833721
2474.237849734393679511180741
2475.539353861002766769857250
2477.021755096104594156577887
2478.014854024809405242094629
2478.397597583125020440487724
2479.977351980870754122426865
2480.433606985092072927766435
2481.356767280358944597213493
2482.683411518715999232259873
2484.503238274744643366363546
2485.087590537419866510797040
2485.785620712392752240642556
2487.333836442726022066813905
2488.113831754193054379838396
2489.261157451637116742966223
2490.051090515746789809355768
2491.105516421820704818302824
2491.907473934292842644923527
2493.489295449123217227500753
2494.866177828255220973087472
2495.846840419501642755474726
2496.485336702823268245615331
2497.648465246601934549861232
2497.969973966752262396795503
2499.862042821255065686392105
2500.564386412317449341172838
2501.577744672433539464469539
2503.185227212086801642532869
2504.008933658583641175764435
2504.772152511212027926352429
2506.305351937307695661711259
2507.151885647675589172308726
2507.871039579743361974712016
2508.766046103826622408967667
2509.652997441379421693729430
2511.660189787186683655476055
2512.538220985202544808611004
2513.579517021464854594573076
2514.259859059773677906645132
2515.286482924712880038189887
2516.571049142887485994370370
2517.146931880415356863337120
2518.552852040690821002384122
2519.634252640271893334171944
2520.402323518036163973880941
2521.885175646151005363239720
2523.263480155872146142966306
2523.967055819190529479675031
2524.642045795694521479348733
2525.687993324800683257012661
2526.868810058592998243917676
2527.418791160628952562371616
2529.378043463275119619441981
2530.273672274268411277603479
2531.543961220064837410730383
2531.969384081561968547216535
2533.067317099047443932874917
2534.408614098394202583134036
2535.505886073966032071814650
2536.091884920838980799482575
2536.867485222561254438073523
2538.559826936261153398773495
2539.998407118591166468833180
2540.531661936742228602220448
2541.998729153671039536671775
2542.687650514868867082421857
2543.343955088606650134459436
2544.290953656615606110892296
2545.878017730333159662435030
2546.761141283358773561276064
2548.181615394108557459031262
2548.895987575046567007906085
2549.996484491522520390157240
2551.411141992885037896769523
2551.880445959599060879985813
2553.275677995524692638673213
2553.723069201209180248795970
2555.050875291359249168982298
2555.832350747303403083752192
2558.009105942871789164341812
2558.752211368471367338313445
2559.234296597333972469714392
2560.263289514388720620742897
2561.405635747573315478714129
2562.426113338143232051032071
2563.501718903992988724494011
2564.332107854333490397749767
2565.975270478283844204012047
2566.557557897085022489549598
2567.958599725328829408293102
2569.043090173352779935800063
2569.948111596904579860469834
2570.958525661919221860623991
2571.540774147768717504371579
2572.368208186207413775216424
2574.207163950022860407175895
2575.404511996903622548127444
2576.141011184026154510829204
2577.519835532602344693370271
2578.070129925005555047025700
2578.971298335895942474807895
2580.346111565200706589691434
2581.398140581892706632454374
2582.138733931301889982643763
2583.003294535099838204013344
2584.758402441678541603673230
2585.772739404011499256663402
2586.925178957182227989285677
2587.591000924191165002041195
2588.368210423880449432982029
2589.579264554434006855279424
2590.371692925951522366762326
2591.549378447984791502891696
2593.275876806604425384421510
2594.023618334686682569051701
2594.905011552479901446776282
2595.687530138859603929944252
2597.546141488459564930271360
2597.979353418423115901003263
2598.598768319633465984132305
2600.121355061881931092926536
2600.641952319219978877612932
2602.412300558055130095144296
2603.628781118453252976396145
2604.573564823718664179965492
2605.368075915559231350757049
2606.243664547518941377394668
2607.003639114239009673556797
2608.364899649035512772407177
2609.552086740677385063283351
2610.444520938915516022592411
2611.543670381422939579439908
2612.956807036694044383490527
2613.731929438305032823638874
2614.737136165400840807883703
2615.847707268249514183878387
2616.902118243953797343550920
2617.335046934901114269678711
2618.292915478022285942070112
2620.279393694424618791568295
2621.429055213229240863029567
2622.048696798421354766341472
2622.994507976302031269866131
2624.050603854559431085873969
2624.909501777169639509346149
2626.460502229944339881830090
2626.710471395806398951926212
2628.098026523871191256657172
2629.604139510848587789108286
2629.994800764219984818911620
2632.043116637112728952043856
2632.443658949145354916574745
2633.676399939781127792146817
2633.966543434121262890081107
2635.217331617179852718082084
2636.432585995081861696980780
2637.510683358462605418061023
2639.062573045389558915226925
2640.054245884027257587858984
2640.462942828951323465832473
2641.801744784108548796939736
2642.755759063043897443806485
2643.970900958345226199899471
2644.887867143491581855777414
2645.395567278572929225169863
2646.689940172724319473542026
2648.577429283763884870849305
2649.325653551798772117114558
2650.058544458382326108512775
2651.227331332121326203932342
2652.160775241539956053619064
2652.770642826959688585187297
2653.897069745640438271880058
2655.615772325961841384159587
2656.238998498017256462088270
2657.537760758300554229157417
2658.341557629756967527547121
2659.658316020859616586760129
2660.610245802953114571520013
2661.582573758213880690855888
2662.183573435627615494807680
2663.393945622339627644089626
2664.235489083244059390379640
2666.030101479453968648604598
2666.982849070546235931856713
2668.291859037208910133532112
2668.663651401292818537904848
2669.253744888180014510349689
2670.998998582165212287822460
2671.918382668910966565954932
2672.603779588146692066806294
2673.874618711104655775556637
2675.271759129636525748639660
2676.066490230100449604583399
2677.246193893199507580693738
2678.538156521631728664964504
2679.025281596284473371539893
2680.039021548238460989996314
2680.843117132923615719622903
2681.841051456082719193231330
2683.882275551469900195459135
2684.529156904497649412205056
2685.377113426632244066084472
2686.496160151160446748579365
2687.489939808026632666462548
2688.385081595554101258962525
2689.423275981138127722035064
2690.633186856025274612833641
2691.318382839997113768708775
2692.368718958509914194850014
2694.102820613441968378721723
2695.208957968971278538637148
2695.750049240104830877552250
2696.695372581611462225268189
2697.857558216759304730224788
2698.290961321395782495101270
2699.942027500086358854665996
2700.731207011070332510604336
2702.433544847737332716736448
2703.143657511188948436549406
2703.981714244772448908336837
2704.955737551334258641147768
2706.528247326756669128259912
2707.090764646388879970760131
2708.117069229272968488341155
2708.476524960683297979038080
2710.368359823606167293568408
2711.458227864114997837425152
2712.786687334756395277866003
2713.525289303347907309145840
2714.367906688518618850328430
2715.339871631409058099313648
2716.025049049534497997415140
2717.665774871052640547113327
2718.308652474352483038013509
2719.770998978129882008570511
2720.493474900152773743595132
2721.798775616647991581767486
2723.086082744475843491746490
2723.768928849822694372151023
2724.523924437069703432716827
2725.882989203482000823934991
2726.479701033963230793427379
2727.274459431901557803273114
2729.395041668594912117859196
2730.492891807172182728787856
2730.797702080186746567869249
2732.004049913595246798742606
2732.830123557482104623656748
2734.200782967822427626622302
2734.938856084208801315630545
2736.000479107039897569415978
2736.922048440000585821576898
2738.266444163765032289614531
2739.513547296201548952011376
2740.311109421231381416013120
2741.878852420557722856737971
2742.254107878248024691441322
2742.993068159927390245626593
2743.953469810087824498557452
2745.321831898192903945407433
2746.714798952398406870846787
2747.514097998184117739117452
2748.916191066436435814842654
2749.643649788653236287581908
2750.314083410359824535791077
2751.823671458527382104495411
2752.715502493883261035837533
2753.487796417396150788929418
2754.458663082718398076078877
2755.416876191485966855559903
2757.301868214300791891695757
2758.278103328339002246450200
2758.858670968685004357921110
2759.898613919658389157764705
2760.657151540111706148679761
2762.082880142575299998582603
2762.444580467694463148621356
2764.041846252089083051879558
2765.407691146482925770700612
2766.157035589919061983823601
2766.887269747368007123942890
2768.664523888139108086682274
2769.144698796099990228122623
2770.279093643343192131830792
2771.017392142684773197473549
2771.896293661727721094240743
2773.029713424294844601319769
2774.670010731832631333589187
2775.725707342410327913288153
2776.619160307926356189470070
2777.512125202576134575007987
2778.289695299772775651020749
2779.127539134050768659383365
2780.771118379071538600706903
2781.656070227571440777525086
2781.989239654647903962405152
2783.943665286859110918462311
2784.705283876121840163656322
2786.043335738622757719652613
2786.702566351368773988135524
2787.932021258523774839055778
2788.796278014511074338947503
2789.197561121050912556081183
2790.493080791035226040002138
2792.113378557022842225899140
2793.301469240871724336626565
2794.238093335275467696773253
2794.653824665328198420089974
2796.034761603657805198702576
2797.174539351897759421513225
2797.972901229628421460709287
2798.798140177045477205474381
2800.067444818401492782558645
2800.937603116234931012959632
2802.224801536331663011348017
2803.864955138344506909038740
2804.418935676251152208984809
2805.205300363064447173335133
2806.002732416640888837713961
2807.132318371189380278606202
2808.153501197997633610066814
2809.291652245192837469788281
2810.724634082518464086601938
2811.460992226052809724534011
2812.861997588022148609888951
2813.201488028300935978791160
2814.656757980595164772593797
2815.838653992747667445262832
2816.337954815325156730237421
2817.458907317419326169611247
2817.949462160966947215219578
2820.488842021916584974106465
2820.660841053781159955141119
2821.891930074870971273233639
2822.923026217023214857503663
2823.866992056607983967687211
2824.281884122039627947518727
2825.872656689750757996877839
2826.712170374922746029583215
2828.029973946250995071113300
2828.851526590522587986637703
2830.087545290016122224191827
2831.128425437187258500388544
2832.416550857943840752292760
2833.138035851670906206915963
2833.658717233308178244516645
2834.980248462514047130411199
2835.775847744530604761626939
2837.014472081293122752570970
2838.812881529271651030310825
2839.485753395012631467187839
2840.285754910691532813351347
2840.920672973103976131407250
2842.332641081100701383168666
2843.469837884564750983043642
2844.198986963261227135203582
2845.025433610480155636918263
2846.390776212726890003351986
2847.535935529730751967492375
2848.770308555407354207727106
2849.797086647209651712201458
2850.471888197435347028499782
2851.678938036254349093725103
2852.303726568369768934781104
2852.926214764694869254345550
2854.832394231931316229139233
2855.853721192900111358019370
2856.816133543913321204867376
2857.736139807822056766829847
2858.857860356251478371003499
2859.838748954184361582006295
2860.577436497612265941270804
2862.120208234396405383049958
2862.506966277762679317956425
2863.363589552191153972211329
2864.911426758851445613132214
2866.493209755929753472365540
2867.149356094087868215507218
2868.224163663090438520984345
2868.657629194218364434257373
2869.843456574863653169161413
2870.909506375380920701688767
2872.023511113548192303789750
2872.858555183438196862383882
2874.569154072845864690231941
2875.282119166366557731876056
2875.889914340386435726439322
2877.546649153796206289066508
2878.527002624179926693939675
2879.119907546978922105531039
2879.868973936907339028876554
2880.978994738386006888854005
2882.153646390636910794871327
2884.013657552839766672379837
2884.346757790142943404964470
2885.773055402722130329296199
2886.308874639772579859463240
2887.224885507060785203531237
2888.394382456172131481712548
2889.404168047578017266335373
2890.642626361553295547118026
2891.280078215455106494290194
2892.462624016639248094347604
2894.174448736821223258610864
2894.746550356225012201364072
2895.641103861971377405932484
2896.825405168247547358461495
2897.428300566969727455812779
2898.541353179907942086946270
2899.177779836548361095888228
2901.263850361997178504857401
2902.065102481250127796320686
2902.855785528508264195501319
2903.957879043037018591999548
2904.598196021987724123757306
2906.176417596628539289812213
2906.923339342985194483579478
2907.605736911210832134910515
2908.658045519742780668548111
2910.028233435046379665789236
2911.142903664580015670649566
2912.345904726055916472618263
2913.522785866686084032476955
2914.044611072102739647946606
2914.802702223863609720006888
2915.685975327455177689079409
2917.274173441487555351694154
2917.982416701912520163858910
2919.321772326527278134587017
2920.615555992141325266987457
2921.083198937259828575728265
2922.396084557395077441944009
2923.390932357376606244934293
2924.333434993952654048656152
2925.261509119313312551942278
2926.295436226225759123123716
2926.624014686465896988321407
2928.761073846998261471974271
2930.004366371979197589348027
2930.711168697389571506234083
2931.069101109814732085461395
2932.806414415832769005010628
2933.174857162008290084311832
2934.290717835787845931993598
2935.552463705747991325899043
2936.550374848601820241496431
2937.708958981568237873729792
2938.581220350578455150905812
2939.847529162593991235523936
2941.261601534687117368538178
2941.425217756342247031114524
2942.724885865147488694871323
2943.353684960178375485354473
2944.321648794483433337463452
2945.944499285887025994072338
2946.922394896188350750900454
2948.374261864690537504868753
2948.867577209394886742292340
2949.790143025785909072104502
2950.521108352418385063420401
2952.283829638947545679278493
2952.827176583511901030870073
2953.589030993758808120106834
2954.711275290933562727810347
2956.258730424157120002825442
2957.236259246842562201736663
2958.290776254197002720781227
2959.221014234687151865427539
2960.033617812008374302362862
2960.814839266220228730630081
2961.825970575348591466113066
2962.819636335281423816159243
2964.633921494808562758066099
2965.398341584290916853250442
2966.065269745648101403237048
2967.270190426496198410396951
2968.405348995407544712877765
2969.401136655698809674131991
2970.049930110913633646237640
2971.122238124934487754082424
2972.308884109068754752861373
2972.811686391357692492660890
2975.018020412780896122993419
2975.619957166153440291090807
2976.526232137094252540534351
2977.553574913470252556040398
2977.981978512600202759177960
2979.319042212011449010751717
2980.487381006559362305434671
2981.343947481810291631947551
2982.523719895924638061633544
2983.825333266519404156229745
2984.639177804446568973251184
2985.547666235421072150717565
2986.805393383297834851760620
2987.856151502432137454886351
2988.634699666938808340887883
2988.855046367445202540788329
2990.423270573698602405376800
2992.163668675063220175136701
2992.868866378301013829202966
2993.974353092848010375763382
2994.865507046753948241651784
2995.540266915501954267219294
2996.736506016221763597077327
2997.647203114442794777892965
2998.959301098028931730727858
2999.494492994594582969443041
3001.023331162879569093123000
3001.707332456021018183755291
3003.477042852710594846712824
3004.290975917310578015247479
3004.662308408249143093190473
3005.772929284508010637543546
3006.990738364633401842891120
3007.468699216470850556117086
3008.882120872393042159338082
3010.514962129244277443409422
3011.344380180512230899849302
3012.074694785866823960860735
3012.788450548678345343833986
3014.459082206681916191510405
3014.911666502729305189434368
3016.348394169977961869568702
3016.700060812629197002045965
3017.783440191593068822171550
3019.461775780365950075222221
3020.487633896939095244552027
3021.420400692511292958161794
3022.447483793125912477866189
3023.338509067940910824846009
3023.930996073902266231671727
3024.793963871217760710637385
3026.510826907845434071326667
3027.299522807341472230390560
3028.401522528630682094523176
3029.499388369681240645992554
3030.594529650982070439919148
3031.289217468061284917539627
3032.756029360224502941994160
3033.218123972953621517453203
3034.360907192326893515848515
3035.074103947537975814394552
3036.133113238208023315675600
3037.980383590468515741819422
3039.033651044210199536902974
3039.521601571572104094387660
3040.500427564659896173198685
3041.256803549500078238283940
3042.653049854131717950739605
3043.670541621770201213687874
3044.055127981914396199233886
3046.050030224876108193261542
3046.454504219288440377528205
3047.708817640889868782236639
3048.922632490404911869106796
3050.019676757212170145260462
3050.801233315720913693504150
3051.342383341480500386288619
3052.476848524261227364355198
3053.348265936952123184665025
3054.986520866536587891162532
3056.242923309730601159816771
3056.765138112965000587545165
3058.013703009701794146336423
3058.901494693164311768416317
3059.437861758112786044890922
3061.062700117590756048600292
3061.837584445267609550764243
3062.726873164640149674663146
3063.435086485018649025414063
3065.286555585297205549057739
3066.320250404096287593960168
3067.071320241176116647277378
3068.013501341795335307244926
3068.984266185526200890241552
3069.782904779767485328251180
3070.542621549808185443788847
3072.000993377915675916943876
3073.185237779942948672921753
3074.523494285210268113199473
3075.033872877410706842824797
3075.833479242464054914139159
3077.427473306812314210882749
3078.286226917969259012236021
3078.897379147135008228639567
3079.871394642813721631306095
3080.856382341972547498089885
3082.163163759071705938955403
3083.361357990431673945306395
3084.838451504293315594438521
3085.377268993634213100164192
3085.965522259310621677289519
3087.018815358645356167381690
3088.083437042039377790693380
3089.222308944517806296120562
3090.282194902934828373464593
3091.154469698493384814021636
3092.687667040026927096668758
3093.185445717523947539847300
3094.833068430116325158114456
3095.132031239453814405049002
3096.515485512936433287197313
3097.342606530991476389750635
3098.038354972964634165924043
3098.758089848813226278056306
3101.079373086579266201902611
3101.657370790144796557169452
3102.436089122718192537554427
3103.589916059588484008099120
3104.362546341633841029486230
3105.391402369857702780306707
3106.396352646055475600068281
3107.484255857023251197456872
3108.303596266206330599603789
3109.533099790356772031649804
3110.557200380325680212217504
3111.920727714090283124906779
3112.840737859373152902210157
3113.755213669486739332791025
3114.473416203571962329657518
3115.002672413544942605385755
3116.720450815901517869103127
3117.269723386899507206458704
3118.955013666124334567056514
3119.957556604338744135653528
3120.986214975677487578649189
3121.337219762925804002362934
3122.610128875347619264061650
3124.150225164329871717379999
3124.525922645768604264817728
3125.374441472110214656008278
3126.450116434820057246934096
3127.693012373442887604237051
3129.468612609748064153090894
3129.796205505420792431829155
3130.877663729773828277276497
3131.861090216301755055874246
3132.698331366237529557117519
3133.398883822980549090102615
3134.635445901257679548082923
3136.015560752041682107910237
3137.175172666931396203768153
3137.613495212022960485008391
3139.049508498465517194745452
3140.138494141052536644578252
3141.001174828240382251754882
3141.748032542883879408380000
3142.979456728038722337400525
3143.567499183578249704916547
3144.490488145513050688510842
3146.283528375944452145762857
3147.344606625530372574765396
3148.379041870468193505513271
3148.861228783806526541778929
3149.771738698990674432252232
3150.824652722363499829892393
3152.151059465736636027461491
3152.994559995643581199062160
3153.596976529534068961118144
3155.312108217669944971217283
3156.300357949570972091547132
3156.905761454446546379406792
3158.578287707936079910986186
3159.265204659911244661193187
3159.804097579086976713423217
3161.061912577755098001947773
3161.402435207892094347917114
3163.311959557827161057799457
3164.350531320929594838280283
3165.540597893829483147519754
3166.139586713599158182864305
3167.121094757281260107132063
3168.197515713895221076808833
3169.179764607856546469708658
3170.014131565626253552258732
3171.343958069062042805581808
3171.837774346067805220137528
3173.011633917278397092886967
3174.815385976386209966237562
3175.528722743695324337451327
3176.480343516462564475872024
3176.915636009212935539447713
3178.371705005000814341866287
3178.902595536046510146304018
3180.011213372893851882619250
3181.328501713206250828388471
3182.839446920271252891961624
3183.205673345926898205754946
3184.451499960332323149553078
3185.214344580111471047418559
3186.545869429537191384763831
3187.646162708372385641980495
3188.055482329445955800902755
3188.877460714955629600238216
3190.168661962152913633517009
3191.706256362774499918137325
3192.681791617886826657247534
3193.557208472454684074536026
3194.786707378558122382917053
3195.326699929210305035032399
3195.793895633893094622503579
3197.547165656594029249623396
3198.430125767817789743552075
3199.248977114246401054547614
3200.663270230745592276349752
3201.424866361197312549626580
3202.778286500735847541118468
3203.630891152625213608279176
3204.557410187842267700673804
3205.497580563342251883903633
3206.228893303829962014360164
3207.270062357430561030770972
3208.086133891918222198743205
3210.352420539766727082765079
3210.670388299201819085963304
3211.618832522934956564643256
3212.319227342931599790942569
3213.606498798172233731539201
3214.667562488094309240021991
3215.325298903735371241087854
3216.491524692370902474142517
3217.430804778290282172144025
3218.659983744025900190398530
3219.639171305585305037366807
3221.198341682969595145049861
3221.609476301097409403825596
3222.813840822902448192448451
3223.372566375255521104614216
3224.213706519638820464635965
3225.366715964933818897246071
3227.044102374515354443509116
3227.525149515495061180532626
3229.016311629953509730306818
3229.981066960499388877112660
3230.336636732169461220852320
3231.741347918256233972564829
3232.738713124808378130141899
3233.913360603034175725564035
3234.306591244919924810460961
3235.154617182366475812645155
3237.087579531708591928814549
3237.998236326712589204577901
3239.090434562689812449768481
3239.767314075239598015810188
3240.605747277956862198710950
3241.595312938038556595314309
3242.568307582365359198249201
3243.501652711279887198694888
3244.884157091134580115654105
3246.040157816239797720051977
3246.841676161959525694159088
3247.570503533836460579107805
3249.308085747434814590988299
3249.906446318444415967391988
3250.613324267405035189926803
3251.510637744017582969145394
3252.723990907270687158272289
3253.369017244108257992216620
3255.142076592548407877776732
3256.346612817957653999222301
3256.941943204737039133354481
3257.831340012825337977777863
3258.706714275455053401279951
3259.539730686039659248328210
3261.192124420504220716953000
3261.535312602183417692444670
3262.718968694528270682218043
3263.784940489126472481759918
3265.198771600650621898284563
3266.153786419935795400039980
3266.803954479647297578388011
3268.188517855567123844392235
3268.909408588716795153046961
3269.516785360248099212780398
3270.310803457827130573293112
3272.019397610781094887447527
3273.363032965270158222177593
3274.059953011724818136297924
3274.863567637972572131821070
3276.124154984922090626336235
3276.694554681215401362613921
3278.059478289038270402536624
3278.986193732023865913671342
3279.489509639634966605547305
3280.976418713721355348798866
3281.706690820621758867750268
3283.239124300114450886535772
3284.499863132438584931466407
3285.202828751691161488176274
3285.682259710460894108015066
3286.718540342294644164494062
3287.773091992666597975722312
3288.936972845327159588979189
3289.724306536176169076498245
3291.385725928433722910610563
3292.222642049285009899049141
3292.856716097554634971768718
3293.975869245585136093181933
3295.266663232727327626467400
3296.021754764672060302691570
3296.873142162695473488951754
3297.836842310599282397956467
3298.357878621563441293689584
3300.450576192250525004254949
3301.413776304367833885924348
3302.017097665604490509950420
3303.317261841697262716518570
3303.813719205759852144815832
3305.076177240834331712072101
3305.472088698530180208821058
3307.221711602476425917366495
3308.045402223318982748746662
3308.832877512969198407602280
3310.235706773842968521380813
3311.155306118272885010959881
3312.349459450510319123683342
3313.199876672725445138307778
3313.842662273157149996819199
3315.015013827979910053970289
3315.619742540924528601965502
3316.752453417716025589656362
3318.387470170170478675354648
3319.412648993159293997498035
3320.476699682049447244704235
3320.887941461201672133704429
3321.663572698610211015801843
3323.490923179791719478370063
3323.875124914086264401144576
3324.925684145982695330114588
3325.691627038381709125748719
3327.338441751472176750510695
3327.988269208170175297229644
3329.465583948409625625823226
3330.290400360130219844493980
3331.299404161488370421858172
3331.892288243776279000783701
3332.700898576001118556409291
3333.781382961371509303427968
3335.045996424475843016145379
3336.575968429255216961522314
3337.044211896701205873614072
3338.150407356324767411543486
3339.256673694617330510205353
3340.117152697458989076575153
3340.972263637847411333427989
3342.211554859256917301118108
3343.051722278339127690411673
3343.604908509592827998399941
3344.852255868193444556363502
3346.848430816562101350415986
3347.397830990955097521355194
3347.936001610755013303902580
3349.301027926845964516228645
3349.856252114765060397869441
3350.803704024568128833595445
3352.153804096605706354557509
3352.845364542639274646330562
3354.278231280389732734155310
3355.483680305992166158155269
3355.880578183322015092158978
3357.198154118336337409112453
3358.402699623420513391358867
3359.359283067236631377565871
3359.852404381293300519676326
3360.584153298317460106201416
3361.887588621121048412545131
3363.233878348850935833164602
3364.355763553862370287170509
3365.600957468561539405846786
3366.120883810753051484352148
3367.055542539618594379441417
3367.769443868219103986576989
3369.183728554805127239678049
3370.061651746535245904353948
3370.997536142718299903782356
3371.922445600540289315794689
3373.160140925225769804216204
3374.427471990046501169189712
3375.379955756309035727629058
3376.298386044195575790358696
3376.820970848442594658219395
3378.258956962645052040873692
3378.780608494869047029916298
3379.460192668086182018732609
3381.634647447098373954794179
3382.296714921602043372691489
3383.348489575834645347049473
3383.871212415101493175622888
3385.177310827910807710719202
3386.166295750419583665820829
3387.149564459346429834359527
3387.808777785404583277855332
3389.091880156599137301502735
3389.648879040879658962025683
3391.481233731884245223055704
3392.147572630774221932890595
3393.651785893134350471732735
3394.137666351393647832379690
3394.991106310709165727656202
3395.614850938400898704642834
3396.890066311007586694208387
3398.271677189199063867005593
3398.841197219905910066649942
3400.322476548554032914662739
3401.387450697162306480685974
3402.000441414939204718611939
3403.008864820184442926540294
3404.362761572869179338124160
3405.132918695120903243309020
3405.809942804822240945243581
3406.679482811959380378836886
3407.728314289522088749113611
3409.578736852470681075997343
3410.424565211906291602865437
3411.223633497277598977329990
3411.855830275976530825614843
3413.219036005346837023749775
3413.710819476650165120963778
3415.006415297804673981426583
3415.806623572889535666054546
3417.201725527572038894263057
3418.194842708853560074495293
3418.744246675150327036972126
3420.540582987327352575289286
3421.307537318235312433500225
3421.882420407670481968623402
3423.128594192328293958970008
3423.611394671273642937987604
3424.728989863384135984386740
3425.830917735939438315602159
3427.431811005699783990330473
3428.345014648755457328077623
3429.077161459129134002265611
3430.158809529325825517425170
3430.611618680173590072459812
3432.026366531868686503828267
3433.306331160306165797597926
3433.769710163679019756695021
3434.432930181269055513408571
3436.183607569709236904282146
3437.219161606905502377886250
3438.212616154324993944634009
3439.112430154170636995581823
3440.229299588557141384727019
3440.844025770543903456732343
3441.467977670071328835465703
3442.683392445439200520796795
3444.036570701737662629919473
3445.277432468729252246660643
3446.015386158297972475766175
3447.158925420623274971456807
3447.700517605005566453896286
3449.497002715466151504691988
3449.685001064480410114190336
3450.723487592525115796663566
3451.940669427532542598583453
3452.569816771665424608259996
3453.677893918423440325632811
3455.488799434788307255800700
3456.258614559289426050508484
3457.184172894584782544098551
3457.573598857840152203967998
3458.665410624784369257892670
3460.046064018949500232569165
3460.484230469053456704774148
3461.915971198493839079240313
3462.896732401836350478465776
3464.083832160314466916279764
3464.977695252427010404308319
3465.827155727127310976650979
3467.204403986263500585424102
3467.909471078216765539771904
3468.775551366812870431422387
3469.551913132633304155837367
3470.214108961448584664789958
3472.249018221316013765705142
3473.168763395135590199514820
3473.814882020019058071445463
3475.219106732750567370384911
3475.717792819430855617280411
3476.519931770807459761251088
3477.700190284672462246425937
3479.049830179214139446320609
3479.465965312698372925499288
3480.682915950611512287431592
3481.776396694321817094611682
3483.057856801383324829601339
3484.159388046233923287040050
3484.884585352891875690135755
3485.691497728213846605443418
3486.534339669457376093997386
3487.539477842766211765716687
3488.455776622254130102385032
3489.665123316273469850096960
3491.550561368235949774884842
3491.811099965335454304974369
3492.414435580418254574608679
3493.720613082722983625876508
3494.816408481537232133219272
3495.988931967582387074883335
3496.350361363768646776684399
3497.372960542280375834218698
3498.576136539013893061389942
3499.686553821129431656350682
3501.145919590462206622771038
3501.897095232891164486616914
3502.775867948572880732749526
3503.636215791510932614580164
3504.588927774941226318413420
3504.992627195049954816113281
3506.860778987002883813091832
3507.545273797332293111854548
3508.772500866958054949560565
3509.636408038272356329351445
3510.845083644571125639211414
3511.731091112826518679587478
3512.473586842893230449015491
3513.877573873796726162339391
3514.366752243940512150630257
3515.416808849641115846399138
3515.901814498895018015694707
3518.026445239400234023475369
3518.868409208556027115794914
3519.870186740230064824072604
3520.491665965545825865934749
3521.365040902682598883687514
3522.382212893841589858856471
3523.635835723508375724120647
3524.215220737581104589162181
3525.386566637036723925035002
3526.670256711327234795149786
3527.615207050999354375842701
3528.351824582806778596446422
3529.955744345950771179874076
3530.835046797711815440115399
3531.201023963526098797839083
3532.038508847499198516957702
3533.328243395819939702366614
3534.062588280169972606389696
3535.772576943416588436441558
3536.633250705505307203466609
3537.708013056178211576797868
3538.500568907352958726009385
3539.089936526597997395583233
3540.456758807154447477661873
3541.357522375370674696041328
3542.340883917586681125541748
3543.322306535336406728242890
3543.816796286908503061974622
3545.699212171315652050241112
3546.864134595260489504879031
3547.314781396485836779579662
3548.351252963577545927832623
3549.458356776357443813342336
3550.065059225519704829118087
3550.853298372029498401217279
3552.080209750381069015603897
3553.840680597020970979859716
3554.165034789487061627343230
3555.534145071897488093946124
3556.065234535611866863887723
3557.427102352920707684813105
3558.349345038406358629043864
3559.265664699892158720735492
3560.019248823558045713606537
3560.776183334352187103418121
3562.162435082827542793857932
3563.215121485676151024066461
3564.760770714007353843945387
3565.396422886999811355661922
3566.284910776263374697552452
3566.916683895457835276768180
3567.733251749069523470616259
3569.343132086432282350637549
3570.008671364950081203457421
3570.822916554615170910433019
3572.513965627941474489582471
3573.079804301269415462486504
3574.100016308942958429883584
3575.493155747453303677675067
3575.955379643794348696924583
3577.205283985632085688070186
3577.981184110552278139248298
3578.410382618929418994226238
3579.750102614597741638890363
3581.585338241799590748924439
3582.394916619829274666787204
3582.923042185507714931219966
3583.945574774916280124236000
3585.206278712881179287056849
3585.684448661568814930473040
3586.840745006095897797447497
3587.968813667965440760056683
3588.859444520462213313781480
3589.745006545045819187021181
3590.983471293056933506470524
3592.405889080009609201423016
3593.028558839785969099466389
3594.227274785490695903371431
3594.469272698104701522323873
3595.779063753882610927310454
3596.421772540065402957321220
3597.802641294575121803140211
3598.948560206193670061421447
3600.166323796782349381540976
3601.104013685447015925493655
3601.791282751961631642038542
3602.418894262688351563839502
3604.248053633486021662463169
3604.754984017813335219090655
3605.494474971794832198848151
3606.359317624099887487464498
3607.574809645374461166551176
3609.283333034273279729622603
3609.700266168917677083747831
3611.101631551564917511765583
3611.910994676756871638939729
3612.324192687339622630823504
3613.549021241040446879334755
3614.327814642186299074564912
3615.606268124633568375792489
3616.840689133504104243758946
3617.802842397040907467177558
3618.452558515970061806495026
3619.885723507011064803929633
3620.705570449877443237983209
3621.886132366144136256101882
3622.179274502217610453353807
3623.558468473039696030237244
3624.437503556840806249903922
3624.881726597741555589642574
3627.060315519066668849685902
3627.949114790735445303615615
3628.610375056135944810535835
3629.407217611507167841407423
3630.363425045440317375139843
3631.308684288781778734339935
3632.478178336013750108352150
3633.440157775448833615540502
3634.056193093004974106547409
3635.673633427948447650607354
3636.439638357045251172990863
3637.540657717949292915549881
3638.553707679430567169114211
3639.679806517767157831345676
3640.362976494269673796600416
3641.010538146349407549986539
3641.707123241174429619248347
3643.479573648180924715069322
3644.403358341780687500524855
3645.632116643506368662373091
3646.450894369831694777219568
3647.284261680403813188369580
3648.158454685518849929620151
3649.166164131527840828171361
3650.302043571159495448604039
3651.253106163416819112181326
3651.783523374765972068805444
3653.088326196389338259499845
3654.211437502704305114433344
3655.905726441463279154077762
3656.334529766239875427285649
3656.892829633305812628481946
3658.129372193821133813404557
3658.921689551014202970974336
3659.907500747567182275982502
3660.735665814957187837186605
3662.368949297409952120118815
3663.448288854976732378082827
3664.002007104591231739889716
3664.878137729471867913496833
3666.237025972965733036638584
3667.307339233034196928439426
3667.735638945522655375564229
3669.030191157441767073147004
3669.423746308953714569587457
3670.731997269177523789229982
3672.349351294876327432124340
3673.159176144118690156885410
3674.087608956143790266150228
3675.262610129655987978375616
3675.662484245629679923732986
3676.368938137253659678922345
3677.893295662794792812477874
3678.847783056964556828698550
3679.818311649508081213857471
3680.583983908414981853056797
3682.418731435667305881967910
3682.571730549068099259861543
3683.971024203510371870598026
3684.859893088268220097352722
3685.974442142427155922399983
3686.271337180935382280408038
3687.538413759765544286980573
3688.177027971996118448671414
3690.184258111030655673127249
3691.039162252974917217844235
3691.756939721431318257151358
3692.647653927345996832360242
3693.370984735038681316839002
3694.791126717894572904107483
3695.672790133180585511248935
3696.121982633589127833367661
3697.585963644991890736851089
3698.547362766514283974447915
3699.430292630649955282930830
3700.838316759630356721498056
3702.050756987914500006264141
3702.460155933212898287441196
3703.347476075603680339225990
3704.209894382999447377713147
3705.129228187902331167876792
3706.294721355962656966035621
3707.579055361439022674417485
3708.658452868782083203092501
3709.582271723353314798110331
3710.371491776773358952412232
3711.404818176416529613018033
3712.170139466612637643669627
3713.583581050868824719828835
3714.424676839815995053201657
3714.739333589796615304511476
3715.846459034948509976498272
3717.751095917050867352058342
3718.498355474486977017850219
3719.483495399308027780934840
3720.182048932696292736717555
3721.296040000338288020235130
3722.058836768195941442756955
3722.627320552538586028315682
3724.388127501142136826468458
3724.882319990301377041560392
3726.517718264919253019633451
3727.105295973327673110174446
3727.938465955540360751555387
3729.472791701951074776018533
3730.187320676354296573146500
3731.075159248372698021595821
3731.652937302642750380325278
3732.847475613411832532745716
3733.671696807125663323310403
3735.007644637012569080075274
3736.462855616984139736730642
3737.426702784950265240633758
3737.847779331928765593776246
3738.588055467694012039051304
3739.831690660130602365701622
3740.875153687163953311191436
3741.925079348680116885999662
3742.485013546845301411154478
3743.859616211629529455199844
3744.846671965053909675214623
3746.135972512802586811324475
3746.840953103113868383243175
3747.997127044578351478381046
3748.752860722956767740345836
3749.672707911018502176602890
3750.303158431205408860629197
3751.164644510357872194105789
3753.186449129888108423386964
3753.946989066386061833093611
3754.507321882974734646271848
3755.922818842412856307956492
3756.524972712017124694798471
3757.481439849810206029108468
3758.696426296329949512239261
3759.359216675578110694650275
3760.582729132616577522182981
3761.085334951762833969329370
3762.475079096339359998986039
3763.999842697677547614192197
3764.644280169985283474179505
3765.746026064096287925552206
3766.455967531820667663959749
3766.872421484277807982003589
3768.338640155954434175085347
3769.293394313006448933759303
3770.105497899101135000531313
3771.728992761721378791088542
3772.512331217439890354918134
3773.467327740988558121926041
3773.941580304984973160346248
3775.752711840115427011112303
3776.258807342244331680618788
3777.143244333655944718416554
3777.833370602115823136255628
3778.839373785258593011574919
3780.226486450645759017994914
3781.668646123160835271265218
3782.390575661851609147434702
3783.126649463720346253486773
3784.265550345229671223880666
3784.865105099824619410066132
3785.791018600925516608883961
3786.935697906059179416737849
3788.263664870251948365251531
3788.800050331939493490616625
3790.041776672573517356079921
3791.020914404688758905329118
3792.560247671588549843729283
3792.872479501939546382561781
3793.790990276485509246233837
3795.021653416458419218211933
3795.808588147873639874756257
3796.139177933295054438860675
3797.854055842943754012006925
3799.298497077311899317849476
3800.132426403406501340251080
3800.877635578880027708030601
3801.590617175651922173092589
3802.640239732521012673481247
3803.829200465714550227491215
3804.790840393653911424341545
3805.434646754817842957088122
3806.297896755331746484909561
3808.093049896331448327699323
3808.459507836561145046833854
3809.874248312906201412991327
3811.184712334396695954800629
3811.428221764781090041118228
3812.544754398986000934844567
3812.978308901785566377617614
3814.327017461777310197761457
3815.531819858070988219513860
3816.602598127822443356568140
3817.768707914308305283390409
3818.505533965585731785907881
3819.414498547847187907506039
3820.438313369253760871110362
3821.438059666772819288133459
3822.371913385551814133467424
3823.148110407561065568762492
3824.418553124508024529807517
3824.541037159350616548714281
3826.947627237762543773336281
3827.576335685668821836103135
3828.339520519640936296905755
3829.144810486888796983926164
3830.161823923041355831512289
3831.034679119847849960473729
3831.932487129554814399597311
3832.941548849468677729271682
3834.353094561193438030767108
3835.220398724040018392703945
3836.022881981186403109275564
3837.238847224151315504300506
3838.084058667460074643025478
3839.426268466037812101604403
3839.974002766309188837546436
3840.504678748195229727496091
3841.682344812185417988820779
3842.678532636432437496321921
3844.403553213034847711514874
3844.897010964168201914892378
3846.487475476057548300694571
3846.747301182658958025836265
3847.681749670896746927453066
3848.415301005862612205502313
3850.170201814830045633845607
3850.603920438379459569435874
3851.410102460568819907334119
3852.703102475248649119429212
3853.860293845638106751829396
3854.902586332991800713887254
3855.955254473828766428056154
3856.703867395885459855359795
3857.610583014921081546047728
3858.448586235992104362786683
3859.285738177006220721895578
3860.093008505172690318749858
3861.852719325409005757584587
3862.983783666956998704307443
3863.658286019181994770722302
3864.150190996822989940639088
3865.565077205411726895090855
3866.822404113286564802609693
3866.972328124997318237581065
3868.412859073881031955220584
3869.144666921011526224389368
3870.114034539457829775286383
3871.291750189439619128089082
3872.666546572794402382461543
3873.810208380673396369433324
3874.229614843760682187707423
3875.105197584665997060836708
3876.173740689806736789159707
3876.657964937792977933507301
3878.256174941054693397915262
3879.110338709994588311542067
3880.082213597441739481840107
3881.540350511397796503672533
3882.116845259779487145414097
3882.899992550470255746599163
3884.209799207988744030341959
3885.109963086112355294529622
3886.225209766245638375857307
3886.451289790500395195686973
3887.352013760036825957001049
3889.155346344496094431650586
3890.309181969027112201885762
3891.086883002408645857236748
3891.929936985990490856284635
3893.001131076967069568567113
3893.407062083334096652157743
3894.783730288917097304988047
3895.567931273915074233570246
3896.642632275134284818649732
3897.870750291093003286008266
3898.651961794555336175669574
3899.623743455614739939906346
3901.007764610422026171522358
3902.077427042258698973027289
3902.411160510889354972783055
3903.351543073145757339837932
3904.379191304120937170268439
3905.344851666203596742621450
3906.119319111883894096797969
3908.188165438193626058368161
3908.606362666069931891750920
3909.465847404125029024338148
3910.632716856539704751019922
3910.911438236158379120820010
3912.642948598512348959960737
3913.259137861760987569144765
3914.219923269218954272574559
3914.949001244906410445094173
3916.176538559951340385457116
3917.658165953608366624568663
3918.443052987650145674962768
3919.222740960692518655605366
3920.540431095450587398866853
3921.152570240051835609908261
3921.652560348288666438551012
3922.665203224202656174951734
3924.193310525357618908076646
3925.247119257293025393085494
3926.176083583575326687153826
3927.080517370093174300389480
3928.142218295294467209547638
3928.886559206820356147826164
3930.099281280357436125851731
3930.891086382284810202274489
3931.745217360564949425983811
3932.624568087019042320621723
3933.516881842037852281820325
3934.938347808599447019201801
3936.443286119626161131967982
3936.974234313655024427792446
3937.905380853557401362537896
3938.214616536864632490950010
3939.775186811875467466086981
3940.434637596688948586773393
3941.630029648000720129956843
3942.352722187778191036608018
3944.030362806929116484779954
3944.650915652395713949201484
3945.333063668887094366057893
3946.878983570570298787005686
3947.703864074578611833286753
3948.434192200487546591539063
3949.313705822149646069943387
3950.132375511085209322725161
3950.859466439663037494352417
3952.942870156917175169827329
3953.356526591264831061220718
3954.778621164596996670020562
3955.176546372732661583086332
3956.420217191614135622825682
3957.019901776542639870500693
3957.954717947092253546074524
3959.470755505529516744653637
3960.071028756977266031136309
3960.770534614479359708466167
3962.168461926687971607771352
3963.470348861256275151683596
3964.312649523208256814247540
3965.132707098912333386169589
3966.138714993044403933861310
3966.753894106404171408074862
3967.818761421170713090338438
3968.484653607896033251140291
3969.914600219660540069449368
3971.318070212216399377304990
3972.115760264560262036846603
3973.010681503585877369283825
3973.457014783824321923666826
3974.893413368283160052263648
3976.066183195673826166205459
3976.731418901192373990986075
3977.113908694971600065014537
3978.686119979256594878194263
3979.497341176278255104250530
3980.844099782236250536173642
3982.048502086845775326891954
3982.764068116537151659485029
3983.749795369122902311835129
3984.227435181156851577243762
3985.098725242399498989392310
3986.516179038180407271527150
3987.230709154775459031745141
3988.719449264675649709890575
3989.352175808955517196715641
3990.481409607346073668663428
3991.570890985175510498293509
3992.331105099822461805720043
3993.293163731767162155100589
3994.395873998452264711069715
3995.168459723067387720868442
3995.797813413111165863463792
3996.689040233028031629827929
3998.809292299706732014203328
3999.519248285303142180907128
4000.017285178770817525017463
4001.144258634627438509414861
4002.112349427714343895921973
4002.695719414773562292036045
4004.022451394682446505103771
4004.806731028674475863640479
4005.876737437339064100625650
4006.931920817723560603115291
4008.142030891384439156351580
4008.689596252476207075286964
4010.361019023809560450906485
4010.983311280304647997889338
4011.663881541786930039465653
4012.568916000892392478724483
4013.233688805466681017984934
4014.657294818277420413328690
4015.657651051640921343150594
4016.968938010016809797995717
4018.029268458575597729828901
4018.776951600020067438074790
4019.106065040812167909245312
4020.570773103663639360280396
4021.628014217374502305405481
4022.380106437604588096576682
4023.428504974205280282144727
4023.905151400087167641984887
4025.583199026725424130325842
4026.602759101599393676235762
4027.866297571924415222028131
4028.247172919727479772780676
4029.195557080540315202186399
4030.383280199061820269064068
4030.916107786028135695007379
4031.654311715944818680877188
4033.374476877376963248456746
4034.520820162190739997837154
4035.105599029920828107328873
4036.079389601862977614691273
4037.126014571026009983060518
4038.290698859279128482785280
4038.948310434303325260566485
4039.857819222256095011719720
4040.940563221796225392227035
4041.464677644774374591637933
4042.702480396315250223668988
4044.322287003434570728900756
4045.055147387290924543977434
4046.214784829124031157551817
4046.738210817314325220196115
4047.468044325976916231361580
4048.380709827563177421200103
4049.973704686576342633409888
4050.431390624204357755129892
4051.384379551233799656679865
4052.997625981506260337193152
4053.566272077934283238615310
4054.690712870254344051870358
4055.477852503357040339605040
4056.996361903224402555211161
4057.428904233524567290512351
4057.993493539175552801319113
4059.085428288183095249538648
4060.048996006782810556855263
4061.743933049635338111238019
4062.850288692900517428533005
4063.157725455432651574807445
4064.358380196390134897714273
4065.178475192899321860067523
4066.109592650519313339877228
4067.074106868812564029709723
4068.083223826024383359971258
4068.969297626075607360698151
4070.281912569777939834099224
4070.603677649607697782275438
4072.705128706193108975218509
4073.126450172392009410889757
4074.087681133033709606808536
4074.817064510665765360645838
4075.741346670090514960899577
4076.719781863792053895873628
4077.413345484527613144467430
4078.922771360211755044523344
4080.108304481201567095930002
4081.066083420945756238523283
4081.698568431797951076366414
4082.588348141119579174655471
4083.630042860071034148530908
4084.942883202912307965410698
4085.515370585825626100418997
4086.379221074612250775796809
4086.967478975275949354806461
4088.781881483158054732788264
4089.730285637656534801652578
4090.591265910278965240062673
4091.910846159219193728448945
4092.297206464624930645753037
4093.248362229124430532950626
4093.905911945289125719314433
4095.137930751253504173634702
4096.510847296560407744543656
4097.063684460353298960775300
4098.475186448155724798995868
4099.244845293626992475847797
4100.107534130519644581670284
4101.578447921560121188951505
4102.037362535125580759717590
4102.825941825781477258173861
4104.141331202192166833069612
4104.613098579828915562507245
4105.512852569224958931842627
4107.327219355882225463534488
4108.624233430278305581599304
4108.852443160772494844637676
4109.710931285796126200827796
4110.634319886721141688497206
4111.859845445077717527540177
4112.667206018722375299999397
4113.485989227036601044632302
4114.687567837158964554346941
4115.615773798477103160710921
4116.813980891257400122514970
4117.600710739797161461921802
4118.974352669458241314398871
4119.596332883649645452586408
4120.634210584368994290792824
4121.348656802788074646362997
4121.794658785041657550210234
4123.240086669544312935073562
4124.648829380197273769667311
4125.592128452605104292504036
4126.378063880529021693134648
4127.593370808397083110956632
4128.298166699678466670728482
4128.777675202575931135012182
4130.466763780259752689341679
4131.136979899321969923270852
4131.928002432784459591087407
4132.724451307376544964536661
4134.050648828269375848315415
4135.441760021328964841198074
4136.396688873409519754222625
4136.974853483482130959066505
4137.962941379643079206236557
4138.838339555502391832491001
4139.464099155238308142690160
4140.892830115632741338379778
4141.373775320128172181064365
4143.347062500451133645171654
4143.897624856071481705997501
4144.603298798390414941052414
4145.564792568009009431860525
4147.071922279525151614189983
4147.595069547505049210598060
4148.652520778808441897267592
4149.069451050763133346981034
4150.445097952485151815959179
4151.146851509498205315480301
4152.768725265643344251898550
4153.839146745052127530374477
4154.630899005978987952582716
4155.334787261632335144408388
4156.296304962837572624787594
4156.913907991741328997442026
4158.129334413811242054685131
4159.480461698979829257665435
4159.921665840759389187154629
4161.096281182124803241372762
4162.377914593377240624758438
4163.278853050829165149388477
4164.135351440631472027915453
4165.139162955595756411904461
4166.078428062398829525613060
4166.984173408356866620241691
4167.509875345772868354442795
4168.303453625533487017353315
4170.482806110564012300462579
4170.875114381647877879610456
4172.130758051546532436257239
4172.876966851703883987534225
4173.416864022804521257206590
4174.873181874607245529232322
4175.512052252207840572434958
4176.643071920197626255343458
4177.322188624039802964908230
4178.530304183175522793937732
4179.574699430186857067777579
4180.503181765203083578957305
4181.922493184464297243542983
4182.850792879099913259103368
4183.377504371781905551951056
4183.846344459319153619835582
4185.312727675292838292472049
4185.957936687376979078367573
4187.200718846234245244589006
4188.419977240156833977672593
4189.615279793395058432436597
4190.233269290908713869093557
4190.985912225671671007785563
4192.109712345712517225070852
4193.175851165785098973545139
4194.092245882131889272252972
4194.899013888260941430150477
4195.541351655143766551062661
4196.604548355804795180036755
4198.425989112479249027807170
4199.335192631164304861929621
4199.633002829636421887510216
4200.997463466575706570066958
4201.827002236684127009664848
4202.416698746014430959619058
4203.280813660139269368756442
4204.736011073341322481788587
4205.627365267385813391126003
4206.870191888257310638901882
4207.354542104387760672383098
4208.734782098327231020671458
4209.642902759412553684940911
4210.549793194042952990353391
4211.527980700039128152744508
4212.170228129721352672328258
4212.967293233469157664977745
4214.117686583577980810540125
4215.179293281830773860738783
4216.832135763850230669006981
4217.495524251771119977699143
4218.230788626875563450352652
4219.086410356289667962014353
4219.672061531219570365813961
4221.306739710483433395472096
4222.126671441045028900880291
4222.507243705137996463231070
4223.901179992220450204450573
4225.282365846362951643512616
4225.722307332870217758054503
4227.210630501786314844796832
4227.984705072136280418117918
4228.980834106910106534887956
4229.533411497629163706475336
4230.657847975155365009748548
4231.008079754503101277579400
4232.660327378782449513240500
4234.137260750954802005680810
4234.672186485428209507773832
4235.502814784649530559823514
4236.708778081333553093361393
4237.343105088598700865966334
4238.581562429219524081949260
4239.083355091352149427037183
4240.609223276219873907117412
4241.104024290079786471209165
4241.783753083254786295422572
4243.573652494019625857323108
4244.575822632996718442186496
4245.621059995546743796042573
4246.010961501898300903152368
4247.050666369494432725971081
4247.882863620120972745711456
4248.798229920726097730432440
4249.842360550784185109188029
4251.024571916935894702452891
4252.063770376692823471219121
4253.452157043094974709762649
4253.641943495415197993416143
4254.606741244740830906057924
4256.253977915078116943640379
4256.903916379891303848817047
4257.398426070860373553048900
4258.412309498923805528628192
4259.219971503959149237881915
4260.828780400028577525828615
4261.801316153905304146512537
4262.834917758818131271379628
4263.851070090161653157230824
4264.326484097472780808814987
4265.197753530233854891574467
4266.175526297828778597720122
4267.375018115874995308067365
4268.223032063958135627933987
4269.311963383198256316509743
4270.228945852237268113278931
4271.219357724018474298506667
4272.626546682788551863950123
4273.266070375791575275658359
4274.006198485267499036547563
4275.106732633899628078353568
4275.863648070410039299644447
4276.733176340385498092673426
4277.420042959429433607477198
4279.548867188124268064958486
4280.161625524678237395263217
4280.973787692787184731095603
4281.587159761130006834057075
4282.943479138628317707634094
4283.493728632652311983602358
4284.844965401470749190126836
4285.629053648214923857741257
4286.158107286907703681664692
4287.680518179438382678241002
4288.504766274432492112422470
4289.812145760645530074643500
4290.683826357642490280545983
4291.674919393785886227070992
4292.726444975231376542163868
4292.817263390514137590152921
4293.813814959747385625627927
4295.348211448381976546637377
4296.247687553782203307884772
4297.269668492699212990582729
4298.663179089635915853875583
4299.054947282909573301277047
4300.089148378121238996799049
4301.012050609301536271816268
4302.145194882383666534142022
4303.183384178737349694454043
4303.534636903585180282736266
4304.617528001025212884030725
4305.613823712048145777577891
4307.449077599055896908370773
4307.998991754306450218424912
4309.172964976841508301834692
4309.358615069695703461873777
4310.632176097218701787277127
4311.662007243922197148770428
4312.226430123790737032690007
4313.401370258528985403014677
4314.799283160255336209698848
4315.573741805210985077861335
4316.464656306923669271655142
4317.356190740262700661577173
4318.867542854213184133238401
4319.406828392035801867569118
4320.162243602362299355046964
4321.074891627432100607292752
4322.076165190021617270542733
4322.664566486274587618775643
4324.546748008150745772116190
4325.293085728018140886250675
4326.350118583584828390075873
4327.394690703758969781657779
4327.700362559461280728398883
4328.615769054413532147354230
4330.027835915254370617359968
4330.890065791732079745339037
4331.851915622106296327658606
4332.303902286719461748326159
4334.020581083662575845288954
4335.063147370884527300446729
4335.606667165305049524087710
4337.133662605669106826779634
4337.451842980883658531344260
4338.719122162573600501807403
4339.027061506978881932940617
4340.087832540901234235183068
4341.413050962383796875536400
4342.901618174997644426798353
4343.563201207074485598529112
4344.334641491140474885633264
4345.249657154565037228925132
4346.242896210363647367793990
4347.628030072289640801638493
4347.788735321778720109308849
4348.975430851982282591189984
4350.013922105545571685436668
4350.871384355095550698161224
4351.952516632844799693284206
4353.700189732446531948029849
4354.220757625007382864286039
4354.724596590270922342909293
4355.893110782247816934124193
4356.482766408338403412124855
4357.587591693042281689688386
4358.755643132420286909673105
4359.500185597816646770188444
4361.191076817522249291911110
4361.486734502675719096007960
4362.761583185764398272974804
4363.525581318882122838953127
4364.546908846036685299827776
4365.671997008556408897273288
4366.527307542686969731940690
4367.000511849069285656954890
4367.711048429534312843731489
4369.537964927337176457343944
4370.734627509905661621589390
4371.362633022014821645632965
4372.227906507432438537759621
4373.433178290921766909451156
4373.863804411418442674221325
4374.695096160702237207782405
4376.083223911225390966263106
4376.982953296759940307459145
4377.768463362284683833960828
4379.103315875457539430988842
4379.759864529332484282787637
4381.091028309864572282570161
4382.125949498676589289295265
4382.875748523263969008889180
4383.466427318297307401010030
4384.419601139081317074497003
4385.579886328903910493120365
4386.083678707494445686013573
4387.756260025841354659621967
4389.029478391509339602711266
4389.719630868887908314811662
4390.351108275227104076492170
4391.021213066960059009493797
4392.574337674838886637326375
4393.358662552606143626062402
4394.028511126825552842022808
4395.060893844163135236423557
4395.951097930616234479962464
4397.223222687317357301356607
4398.451719633069752663285352
4399.177467304123480436704719
4400.270180039160398612286366
4401.175471547632582621853190
4401.533574080142021232284446
4402.808234516906255163677420
4403.239569924188559173442951
4405.218604639987692369683120
4405.832303993915803938759050
4406.706876416488763458973192
4407.973180939619009282754073
4408.623707863404237262145266
4409.666097134110426045845045
4410.491141982205285855204044
4411.715201530781930130455739
4412.237247490713238199235886
4413.216561165380747114458875
4413.934044512484839559241930
4415.850961826549950549668881
4416.593999029481331215580109
4417.580116975685104299894262
4418.241556472837749396493650
4418.971524790858100014502613
4419.922457573363702114283326
4421.141217996643738328363224
4421.904701207757415642195938
4422.790749620976987837022566
4424.339666554156858748550995
4425.244909574641610322781152
4425.495648732297991529238484
4427.164720656212138236375657
4428.073175842685664942563654
4428.881802431637943049584542
4429.488009566998485873495062
4430.247448795439337919052180
4431.424340483088057362396683
4432.575627454585165453853147
4434.029253195875076186016425
4434.779104836070688680722994
4435.529083292576743800182342
4436.423737983623331374406565
4437.394173677606044650916769
4437.976869628506697839687856
4439.557560714414832325526660
4440.107585509010946069662514
4441.064996264988783477651430
4441.984948578357786283869597
4443.365941871083814756235578
4444.564424110313409079006521
4445.238338540593880076851106
4445.772758248951021434026725
4447.263096016793147242370457
4447.732962461683127222024027
4448.301901068324509768316295
4449.635268124367618071225594
4451.098120800309180893733678
4452.188083705132971605440103
4452.680702066041694395023339
4453.734551271115639049576518
4454.462905440249533815013896
4455.762657972554838530365012
4456.703250193513507286086204
4457.245826339942973539428863
4458.188749330669113489267729
4459.171279016140607208855440
4460.548529287535826298852741
4461.404140478537193489077335
4462.734622194915687919673473
4463.647648067206901185865652
4464.038523256990129282451797
4464.812716127626601098113188
4465.805997569222651444357320
4467.228532883001554745029311
4467.739817015275730229264564
4469.170662737410317484138305
4469.978032831733946790410977
4471.361757252287805366445767
4471.550195590352033532132191
4472.959272015182274969512620
4474.186277577406440361308573
4474.317091778977771744419006
4475.801110931759640257969655
4476.246519157506198531336997
4477.015857063332257867041389
4479.269423276334162344969077
4479.730664772092819520358117
4480.533629739235561810049394
4481.410040221138047775769977
4482.366885688958295640715308
4483.238277466884327438975421
4484.123623369348991498487786
4485.052226103624408763139544
4486.327219162941344178959812
4487.084191427811448102812743
4488.070667249015175844497896
4489.240895547541078523970693
4490.295506994854455665864978
4491.218481252422990785755463
4492.008277878969253039673785
4492.638034669212676935225442
4493.533634735208371961568349
4494.493755901568357037464863
4495.810018029897351327214256
4496.893451767265072729332021
4498.107112046466237971667121
4498.778394072472857396015814
4499.585223107458145042812929
4500.164602396069653262385635
4501.627186643984574882362002
4502.673855553594221841988261
4503.329854345718332643123599
4503.715555681810678935498531
4505.458867093072674442995568
4506.311496728824972432999878
4507.745182883217585712853950
4508.211436902683191483435369
4509.371444648123771834790943
4509.943668937142796631322938
4511.040014028519826947398916
4511.462718596944825304866609
4512.809991107199333291529834
4514.077139589541616475393988
4515.191306764589303377060489
4516.089845213538949617175403
4516.365671040829024137864805
4518.275389222432388863170823
4518.584679215418522579924518
4519.574800020459117835839890
4520.538555008726931684184089
4521.475485153272691698190833
4522.144077728261478388296467
4523.237464378725200620258401
4524.973397160755773243618601
4525.790882296900267871033145
4526.348586358787751873392686
4527.353633124018429918452023
4527.943893544785588109725840
4529.069234592007498259576946
4530.025233174411323526469541
4531.318968337886596724273819
4531.643575987181310538825048
4533.297976471441726615658025
4534.135598244321343192504626
4534.935556004702284227945061
4535.907562516729376514379598
4537.252568547485587415565651
4537.806098343882329936862838
4538.508935088108176774141129
4539.188862923705849811772038
4540.347726623454188128500244
4542.129666250978635069532727
4542.620486098007612372083963
4543.746922273790999177631009
4544.720271320875110382421492
4545.263343636485154453098092
4546.141207421271979845560540
4547.593415368720114184838546
4547.938636006363253018544781
4549.281071828127811086350795
4550.068688879314210336149118
4550.979693585295962613643764
4552.321926160970289519545136
4553.536850280879258971758921
4554.197951050969598706635230
4554.959391486876160667914538
4555.595473599203158946601292
4556.891310536484503768652987
4557.533974070577998530495888
4558.396623828290441557161985
4560.215941097671281958776778
4560.999833506231566524694955
4561.629346601569669732050277
4562.596817089267709950989165
4563.416046267604426459660500
4564.815955844672177597415918
4565.416958272248864141663338
4566.253326081946528362715522
4567.121450990624194848385159
4567.941686478497419875684945
4569.615770295187562955575272
4570.433329174898880336580872
4571.457898785560828460419248
4572.249860418587060394057443
4573.246173187393333751288041
4573.924130511974939764591965
4574.297621384388679280112898
4576.189954391835435575374432
4576.793917799958071535659317
4577.859111429864775476559527
4578.927025832071771057651461
4579.956917853998653677792734
4580.717084505585650949385831
4581.894187213451395060445443
4582.568249086154888198907570
4583.673687920993870673011736
4584.380768499226686844002353
4584.977258165432077354529992
4586.207762605340608766408165
4587.674877076508276421401387
4588.977914220216893288138294
4589.643449489509525831930699
4589.748811533984073109027527
4591.204146513097044716158607
4592.049309087907912230367896
4593.159791572761266279214325
4593.836891986130646383859656
4594.787190560325223363170185
4596.263664401222352072995222
4596.829908459071355620542553
4597.820812342329887692851078
4599.373672439866231106167347
4599.907579437689900470336303
4600.630054113463249328712431
4601.602961817195210773847467
4602.256123513840425025990085
4603.209690545088494409880604
4604.641681401318434572541563
4605.883451695221001197263476
4606.462472402408225286829278
4607.753032587037468252488586
4608.216380944203910570338794
4609.224160777059836468832941
4610.084231645927489915195071
4611.484674457680128683710965
4612.028597458638017180778529
4612.788854013540499857262887
4613.684307641332135748302973
4615.536616091181920312009298
4616.222300661647902674011444
4616.958582780833962031386831
4618.107678910147295189398932
4618.767170618818314446483874
4619.465593896856682251638704
4620.544365612922411190542257
4621.348279218696864140987417
4622.819323121313133157468324
4623.805611944196388813967703
4624.726278755093853198316695
4625.409262501686005167224327
4626.342985703833363788291210
4627.790229823108015390214433
4628.463443401889382424944899
4628.974234757263189026276302
4629.888782939314473980450671
4631.226406988970946891586467
4631.762401043949186965877825
4633.564438992180702633255012
4634.307105418771996910660431
4635.357160887010119287898240
4636.028343960683841351497510
4636.392280747452989367267108
4637.792071980071969804127350
4638.748153747896912504339341
4639.715380822985125026757286
4640.561739730958772813063827
4641.758272380068695377117573
4642.685758176652565692986123
4643.751735863572586534190339
4644.753105527211353893252945
4645.362987352404960483362293
4646.739486074074278105450449
4647.117263732463690315344152
4648.112608174797495897067887
4648.564886816581811127258371
4650.614330328304693315362321
4651.664121145863517166712042
4652.088399128892722097291774
4653.119156055231474657853136
4654.068949599622892966669472
4654.947323957917146301856144
4655.721560896440402116738850
4656.922418573236229933754472
4657.820890194845071378742460
4658.394949957775201671082953
4659.918687610412533546232875
4660.563963934253226678014802
4662.080004603230196498508093
4662.945890919434681990323483
4663.505025593543350008970562
4664.322897246287663093204773
4665.141375953133640150360134
4666.090798752812430792977796
4667.424428268022505182111446
4668.055177752045005692736858
4669.829513522149519349128337
4670.350631746016705786863628
4671.032106498723756281764208
4671.877847964575568367392905
4673.282690521288863774213629
4674.126716048520155790806188
4674.741639863472338033388121
4675.727566686424795434076936
4676.334095816126001878315374
4677.930219147139760025767159
4679.087491041081722265193841
4680.088468859476682777000063
4680.606397111239046429495981
4681.604890746662137231701621
4682.648662425130068993294550
4683.021291066600425704542688
4684.186914789593926043381547
4685.407789642226698401413025
4686.708155145731282196585418
4687.072177975256371598018096
4688.252603006428156323793717
4689.505062437305947085001965
4690.178840007101156267685449
4691.296768788712998698198350
4691.862100090804364183891460
4692.866432862005417494041304
4693.939417293336188869628023
4694.173942793324879121992727
4696.095849872810785399511598
4697.354147471542437570499781
4697.774403761154303022258941
4698.924504209172432605616668
4699.497252230962505996396056
4700.158603280910107107737668
4701.842587035350229945044028
4702.437645696001115081075855
4703.015173840539884166212344
4704.338118407428742202135951
4705.482138782043212792744317
4706.468570903250873605011264
4707.187171952140145536904157
4708.595427452169518532707325
4709.332678157477530917877338
4709.944940346285218461244278
4710.552242005027289891058371
4711.691980184833244494989944
4712.777797477036918820697426
4714.247723107137320849008070
4714.997962824891633344727573
4715.952621727107204636448513
4716.660239219091658148253512
4717.733401081525539588073410
4718.529894766793406868459056
4719.595704166862952002484914
4720.386694373550362816859305
4721.537540939960935212968461
4721.954561819576412351490779
4723.234934939146447074774595
4724.996421877651095846819912
4725.487196574650090782726812
4726.271143852757387688053690
4726.949295824610082952916174
4728.211604352939923336085392
4728.750507230119510960458334
4729.661501548357264038112273
4730.962714323503681029058330
4732.021907044924884252694169
4733.193764940088243857277460
4733.844098699536374975903874
4734.527817832890851481249829
4736.044923936178173026095223
4736.596840064478015168580541
4737.784035547895767769998641
4738.432582516829772804612886
4738.793733317309791083734614
4740.332565971351204974505443
4741.721885804414925812942099
4742.414037310372691953468443
4743.717920629169778018591538
4744.421811483696119835873720
4744.996853269858667603641977
4745.842419030443606409872842
4746.839593742937682383371889
4748.335806689634292785923839
4748.700881129172875367838216
4749.728100218336966139125821
4751.215949059367057359545648
4751.682732579110661369393204
4753.084026101484586173342228
4753.918835840181715726413755
4754.589564975895352337695410
4755.588948859221431649418006
4756.356140489576219140275311
4757.222671632898185402104569
4757.970669573234211562327755
4760.158590209302521649447736
4760.441048058613566808245719
4761.516430763499396543037106
4761.983993808134506527862400
4763.158188506213454892115991
4764.275424407306483903777817
4764.998476803593949182182894
4765.803255384904621513468866
4766.884818058115801703852201
4767.868858831061510284738041
4768.726470928571001757842639
4770.256497157692319214927393
4770.891284039308624229261232
4772.057494829203420450517817
4772.644938936118023454389992
4773.439797772911971770462008
4774.056619725543373055945639
4775.395711249463670441965741
4776.429201254369041933814517
4777.635676983270711038052715
4778.374124696471104169488397
4779.596151378346832676449347
4780.479123089006794458873497
4780.708587502443035162939326
4782.356874431613484150626707
4783.343224125135875255251167
4783.714516795385516702160152
4784.640967678605631037359416
4785.525415338092576368319579
4787.252675346162013261863238
4788.152570124255076385049058
4788.999015740484347407785034
4789.698347933761889233325735
4790.733815868860531442153877
4791.291170821013052871459686
4792.408824018617677789229470
4793.347319652198516780896718
4794.286764715211680011302935
4795.780117831537509010588916
4796.352903431830801701958912
4797.097933597945818840404619
4798.420841862598135580285357
4799.673211404293510211164067
4800.097767615228696690197363
4800.671002186036599460695949
4802.188369508504326580809456
4802.377850869757571068285162
4803.704592676757202938736079
4805.072216480051437183549150
4806.371973581088139663509705
4806.921270594435886644884353
4807.541012033673238740761224
4808.604499169223328929314881
4809.346880319834907563187377
4810.531881343335159221516784
4811.632288844522749137389219
4812.160772203606658080658805
4813.045552124358051616453516
4814.681559817523627224341540
4815.324276549574915830465250
4816.451758256975597922535298
4817.232875407548554445944084
4818.240133484467474530366027
4819.028426196165153417288869
4819.754628168566338263730065
4820.210030017203117857200320
4822.221164872703591670091428
4822.905726969312732121208637
4824.137537479789858745506720
4824.678397755425805238371647
4825.736295502362444363782318
4826.494341214861117587586527
4827.767321263362221931769082
4828.337946620890113125041928
4829.386309918933856651596819
4830.136823559166987016242571
4831.185693208819182863432093
4832.224866730873780217304384
4833.663263959365356095659479
4834.665341189936119173765115
4835.144026609661878036648575
4835.951966776301744556275576
4836.608965378976492897012132
4838.026709907399510521102628
4838.660483732967704551705647
4839.647158112444012563325895
4841.064723645309148014024949
4842.043504687772379354121083
4842.585412400115900515054863
4843.621336000792441629591456
4844.699612969358783736527163
4845.696734419167149591621769
4846.657760143518313429933754
4846.916049334814343838388669
4848.107405391168071671787084
4848.885041904170968097289936
4850.871518792202411429685030
4851.468722998431765339791837
4852.001065083394633811213350
4853.425815431974229557236364
4854.027006706021599251850972
4854.574296102760764608793755
4855.718462363850047365043665
4856.921830081505002677005222
4857.815380260170590841969943
4858.604172218367619708396165
4859.680531624429214001495262
4860.809330725515107732067634
4862.076654387724518460715904
4862.359349645750220956623790
4863.760153919760932580099607
4864.191948667561191156468807
4865.055351272651282792549617
4866.071578271192035601271512
4866.954021268905626335711283
4868.588327038712939403402393
4869.466636285996003582395338
4870.517253831919863044501351
4870.696564723359276882393067
4871.705539530006271272227094
4873.193181375946684880413619
4873.818446227467478700957855
4874.789996783109194462416953
4875.237660837145282363841910
4876.743142327452012738804245
4877.725299567701846365741079
4878.629005583154521603337748
4880.058127358884297524322347
4880.609661001629555419400813
4881.311012339880100852682325
4882.304462235103172031360806
4882.890785935961674704651451
4883.927414234290994553647021
4885.362074723990061207893317
4886.270478879995812961620243
4887.198480646699728129695322
4888.175610835218177967055151
4888.908079346009931336947461
4890.214451316183896227397747
4890.627756888265251446725445
4891.783056074756029841112712
4892.934979042486623693239844
4893.388337635763625767179062
4893.963169529566907276760053
4895.963739545985896382775136
4896.957746690963674625451246
4897.650781297577310623342360
4898.457291766483546550554530
4899.161200688896832048036119
4900.429563379257629682571759
4900.742881746494619588806804
4902.307209902897363830741808
4902.821632068548983028577410
4904.228632937447432405917541
4905.142489080673256296046783
4906.098238142345993544037536
4906.699541973659493237823865
4908.330089351212601066640952
4908.913521444295983650698665
4909.624111714983894970841862
4910.245081667458748148724754
4911.291910102137935316907354
4912.451308936105390130493217
4913.660637618066299383679594
4914.792645831573870071280487
4915.700240689561518998173390
4916.332164477558814301761867
4917.230780504244470900920074
4917.807535042850110860791484
4919.487036337098303362461746
4919.889325052079112123278910
4920.840430543640467432903763
4921.970590627642932376411973
4922.718991373756672788759465
4924.317098249989049526912988
4925.077606689328753595155826
4925.795026681425305622372503
4926.727642209650995251540245
4927.597951290635375503298486
4928.526064803158376111679191
4928.957136245708192328274184
4930.240318442930018207393625
4932.036812774137725341644982
4932.600670527040718592685809
4933.068125843811334931031600
4934.352289122012126565361001
4935.200994249787987339726765
4936.133949523505740770364023
4937.207162985993665628324101
4937.770365700218142783288880
4938.753815526292919965106745
4939.641724784706801753506043
4940.852294862652441600910477
4942.135528578192400255083080
4942.976896462189562261277609
4943.977866731886657614485772
4944.641603020049773269807170
4945.186898517928171801013008
4946.119253478643517898788685
4947.500490321847553505484546
4948.389808797441805194839953
4949.085915385102584865754542
4950.615812591258803037071956
4951.502384929286173794437000
4951.878797918170585580617676
4953.200555668674743231227955
4954.255067679664776881071358
4954.976576379403295752937377
4955.822259816116805721229930
4956.466055278855659403708347
4957.331889630291060201566290
4959.028989320631797117684505
4960.163928407693280929543604
4960.758090264619476083664210
4961.688462943186695758512555
4962.261952448162617438945639
4963.526118617487075963247960
4964.307031405169229067656788
4964.925235089607736324714787
4966.633216269864611710005630
4966.868645587163261187416998
4968.394640927225772984155541
4968.836094655103315129854160
4970.479982679447772778006349
4971.339245556210117404293564
4971.824996149396399211104160
4972.713491617352756412880888
4973.711578032458529370783034
4974.430478147270949109690994
4975.310997142413226588641762
4976.964034077549152808543204
4977.755154086707724181143640
4978.847855753176376949618049
4979.580892326637990083368180
4980.118762529119041125208777
4981.192703747710832641895779
4982.512361526238627250862482
4983.225027314619665334358654
4983.979975829911587946726153
4984.568543574519193796861351
4986.252566835805268933185854
4987.187900982755099012237709
4988.191597307574352242039737
4988.905166592147155553944033
4990.345480286356102947602909
4990.449701819016886674013806
4991.214774408587082742056554
4992.379462341421509393227021
4993.495748983814606326373460
4994.632742172267628213003154
4995.879247704658085703275330
4996.220820876864221072863077
4997.396150707099834388128965
4998.370030195671724560514313
4999.329681372973090286407058
5000.234316931327815845952528
5000.834381432412614331076355
5001.889773627192102742172877
5002.854002891858256483592735
5003.484944378312056018387637
5005.495907487708251259021110
5006.208381106211305894085161
5006.788558806100997050523406
5007.485982919851298144740866
5008.626199656301915374882151
5009.229044117222127631859126
5010.811172544728761737385688
5010.933198106039916088104664
5012.396833739677234080991290
5013.533605873148409157785926
5014.238442056197719765854145
5015.357927937939055490421244
5016.192546914328135856650894
5017.347756568168352434418090
5018.084913547670188091081068
5018.939831850465569235098385
5019.395831473357619649812206
5020.352759395483800806467690
5022.203022983779874048568650
5022.834526019187622026889849
5023.904889141232344920038734
5024.725752594867625769187342
5025.730993593627878738208731
5026.185476882352389189474038
5027.221563711044324028307422
5028.537886820898086272946774
5029.216956939054499844591136
5030.026936938536285427317366
5030.967858186768958408658328
5032.399063540915597539448119
5033.166566080199752306450052
5034.550361163014876641350443
5035.013416408851633113891819
5035.523058437430792138457713
5036.841667107008453926243140
5037.500692756887328126977016
5038.324319636722802211464842
5039.621887452849045080754987
5041.041398993811192503494463
5041.798034522457411666272328
5042.492149716432382488506472
5043.015445393966784867452436
5044.656791091315078687113810
5045.467130480166402850172144
5045.941675502013132495971409
5046.997617430009722499703128
5047.863086184184779148110732
5048.790228819727894169930026
5050.308459699165668823025399
5051.106699533685813490308535
5052.279310472945103306488254
5052.772155289672452262971029
5053.712365319994519914144829
5054.434547343369218920680535
5055.192672473443236218709958
5056.605813079880107721528918
5057.589996235894704492089144
5058.345409417078256418311085
5059.439905818898518353158469
5060.559080915019847258848120
5061.326249329028331170355813
5062.168472726690551121505291
5063.182715937442192536333003
5064.333813619172168378194530
5064.628972968499205193105883
5065.480124960543736393594286
5066.576539184778861798790131
5068.384815238836570255838664
5069.095935944007521767069847
5069.675544138524998279366542
5070.868551265875387989959610
5071.249797277137878964434534
5072.410372660585291979816517
5073.482256176993653119258886
5074.356062041533516112903318
5074.911470242946296834329062
5076.598637947780646833055580
5077.152989530737561257073841
5078.001109183258438527888789
5079.612726167140650950622600
5080.123622144013806408359004
5081.130097770619830517150660
5081.694344429823108318471665
5082.317781511685491549822378
5083.769848918959806580223694
5084.387439340744401276635345
5085.944230786496559105841574
5086.999761578075610576650919
5087.532668937759240097620202
5088.598901322011953683640454
5089.178093913298069969005821
5090.345876811558120477420201
5091.262957883617969247909293
5092.401941911388292989279402
5092.837760452182251827646236
5093.668880110625700741350900
5095.086913061577273615362876
5096.637933186210115848004940
5096.959423856328942127213407
5097.814429758905662099625224
5098.956789006186162756040764
5099.610743037994417965475696
5100.491462416199868888954597
5101.034063048501080097854106
5102.645948615172030075383942
5103.728341253025249208579292
5104.418093046759452291533824
5105.638635526429025863648271
5106.052225949797688689157238
5107.385740123910646358993645
5108.447770149330523551055716
5108.959096698433068087660884
5109.838982090977290990274180
5110.806041672267145060608856
5111.503124654462063026615871
5113.010157221725199232249630
5113.946042880454384678774875
5115.372842952989609526448072
5115.726762097795616183894316
5116.560557463714867068722553
5117.025993413477693458933963
5118.533838768627424994377000
5119.365669161571294682256572
5120.240023466489858091601023
5121.083490155638517328988172
5122.454781409748932337491148
5123.302893477929983004886754
5124.061784988072757051829149
5125.253686756768291331899049
5126.279118015171371214086730
5126.729993291783764629500208
5127.741716959095506530271284
5128.681624974387486933323857
5128.964483858673426250983749
5131.043898973589796381438461
5132.007167837768660047417213
5132.683137054001938141456197
5133.306575989659824481932502
5134.663043878822156243088132
5135.171964073656003916244768
5136.129936082095095041325228
5137.206291398494659305962641
5138.042957957294814228472105
5139.121530962120127924369770
5139.679125649692981793228672
5141.096623935637952248122392
5142.447907864871204579547363
5142.902032222719679590237121
5143.933700533922096768827257
5144.587752601527890411694644
5145.480449174140746483557476
5146.149645919570475006987660
5147.562791840009665020003236
5148.253527357285335924559226
5149.768260280787071307714166
5150.709614962306254269503972
5151.141849586537944718562775
5152.186214623064310686373655
5152.953127294702747568210270
5154.656845439167194142251600
5154.899143797593817567906046
5155.493362582533331295993036
5156.509447328251626335595512
5157.819065555745591696220685
5158.954824000827013148292297
5160.057736251625052802005998
5160.852779927914940710522463
5161.605392922148715681082290
5162.587186685206547310625810
5163.060164468373098306138124
5164.102312022032839919195998
5165.306771505407776619082602
5166.191972908493194078952074
5167.483594402169787732354873
5167.990828057263121705348649
5169.070194564031900180281913
5170.291516087272926588442688
5171.235927501473585934943126
5171.585481171242232963364229
5172.801688876791558194468012
5173.675024556315321053306422
5174.359901137178414315557981
5175.093122777010638591376240
5177.237132249381154398130451
5177.609630022530782334816530
5178.752194620450083267493219
5179.202606391488615074237382
5180.106626202653647771617463
5181.189792408520290618047413
5182.130914016585829116262502
5182.998826329179209128522233
5183.950307013238235338009945
5184.685795032389032660978750
5186.355746810168784938796056
5186.709472600945588774216722
5187.887847767473078600915875
5189.076719613567148930015687
5189.859588661657877412449128
5190.355291128359821379846591
5191.126801598029861976590879
5192.046486955980150351052337
5193.404415343728237540988916
5194.707488901574489027613674
5195.159163853735983902007264
5196.707324197993591792984236
5197.117498331677797398348449
5197.718324176152350107921507
5199.223858199089145806742044
5199.776329229934362690368029
5200.961311213041449357707909
5201.555843874248731917879395
5202.457989722174338484813911
5203.521216949646943921183929
5205.099606994962291136136379
5205.900595704827940998233558
5206.633161678679178450654036
5207.215066682223930204957424
5208.288522939907664344392077
5209.138239301665598283170472
5210.010911048566907380841223
5210.808218699839701125771815
5212.419404469541874645345336
5213.316674242103039183577208
5213.896943192008384233390518
5214.775252559325230552122166
5216.054491352254741806104066
5216.932009341216547414415434
5217.650795320354484685444033
5218.691413008385234350575152
5219.057877220099204326041978
5220.220855174182011999664769
5221.422951323059394562764495
5222.858787673092249084269151
5223.434428937764416511249541
5224.457463495684488782811417
5225.256065096585147125982498
5226.148424105465283508371224
5226.351540382446588332961652
5228.183098672056617813015703
5229.198557199220350758551869
5229.241811258999048090136244
5230.897209709423758636957597
5231.815083588342978895644575
5232.884620192417921202451041
5233.658115095419190148737758
5234.640289888718683602616735
5235.574735166033452514409727
5236.300461229102020424053088
5236.957439364859299854673637
5237.801695401995093000054401
5239.192789208160858222261523
5240.607636041085598135216552
5241.502825459770520995767272
5241.822720416351958467031043
5242.792985388688308660445182
5243.882548868623914348203620
5244.845451001427876341324118
5245.755732517577688582731982
5246.279250856914455853220542
5247.610320391933150497428117
5248.441539016075355343749527
5249.366336131659808682484477
5250.675238104248727528673493
5251.798558626512278738006120
5252.522037866706190527711839
5252.890575148449676202777953
5253.944070491726712801253736
5254.912630870913019883398800
5255.613164303761636458112154
5257.081180064535814839094245
5257.924941007523623475133934
5259.108320960425698728941363
5259.771904521843154423046743
5260.959190246010196544703389
5261.180476047183218312517185
5262.848835686331714595107888
5263.396965101677813754440032
5264.411378017649577121512351
5265.088374535057779128516991
5265.605936327469949975304157
5267.885364151472454248547333
5268.198270777970710374255439
5269.201393021088832644674027
5270.259454504893143448341980
5270.886227525980259449626743
5271.696969115179243939555318
5272.517960360033306465430390
5273.578737968436974991708160
5274.691509015373242710003841
5275.643878877955565252091748
5276.683503025369402139913616
5277.475759502642438202314428
5278.379390382477423818758814
5279.775667717842231453478415
5280.315445981201706762884764
5281.239950686326654408520568
5281.633380065803255970205734
5283.163868559922222479763779
5283.478719186035010837354330
5284.926926629153060666566175
5286.437161557581821254060627
5287.137482205340801281763379
5287.711380226104619519507789
5288.515549597786830232248792
5289.353245221510542055884630
5290.674974347994516346316356
5291.399590509319293167125328
5292.275016391077825548794492
5293.024355514839242709732197
5294.464760714006737214288316
5295.126355475198738560167592
5296.581056719181438210923013
5297.125394919595072527415246
5297.981183439350916043514013
5299.274679237929758347215679
5299.627300319932980495217535
5300.144736871138323253495855
5301.458131809212704797544959
5302.981454220329492734764912
5303.885255545878519478468203
5304.508457854940300320774464
5305.526333012086415830559393
5306.498769767441890959534806
5307.300388636241972362185481
5308.072790499981746545377485
5309.361753481891643254813735
5310.032764726998362019279816
5310.606801112027837806153267
5311.859049891718092976299520
5312.980209158523011855579212
5314.439426791834597276317768
5314.954794049511502950115376
5315.726296859325166773650582
5316.639253906217356670235861
5317.139734905883567713066909
5318.445240959230631292979629
5319.364734297887860430015580
5320.109753010283949562749995
5321.536694997694722439123361
5322.633280584938644929665377
5323.137231112140493956401469
5323.796327875688757786688620
5325.466411142999958056246903
5326.038512792133092053912018
5326.867763789801584594913808
5327.480222283036371053168260
5328.463844665270486815936217
5329.377158593330007126805653
5331.015051848383100098796516
5331.855033782666971768769070
5332.582449338871892253253492
5333.746349452669544201374650
5334.061217957371564856829027
5335.195388351516317344862715
5335.947926227236176699915862
5337.059672760578857575872518
5338.214274771734007030337359
5338.933125464858255529763126
5339.674564986855845227650586
5341.264957858608639366354054
5341.907714556882095232136437
5342.986689833522694072158570
5343.623359433019280535647514
5344.507532612439043407188530
5345.528297341695390408927889
5346.069965615356604020419473
5346.890937421842787745259384
5348.769669281725552938556884
5349.489057840143921701432867
5350.395904772442639034693693
5351.225419925846713171100746
5351.771637383498354802498013
5352.900178207069687185059324
5354.185202829311065197945553
5354.773479714049486155848053
5355.347063675623206182711792
5356.538865828704991157855074
5357.711619892324723795539420
5358.669106441790825322224180
5359.633917927375471732196437
5360.877126531294127320275313
5361.630997292119675022633476
5361.916637016828460063173055
5362.990405326631597644878047
5363.717280477004778220011066
5365.296267419233728875117027
5365.742257680618417976666515
5367.380123852191657579968383
5367.905543114681266121855290
5368.813641601140092121945566
5369.807596452585695210089615
5370.713539813717386183078915
5371.538329750509979083698138
5372.680867258249723821870475
5373.219972947191730787293029
5374.114835212555717758036697
5374.869738245036449768459950
5376.722663658617110389128596
5377.719730868922778861452626
5378.207038130046270035069858
5378.768713720048698165175167
5380.103731882796235512445432
5380.877056510779138825141255
5381.348150697046463256593125
5382.809993370514477278060105
5383.528600988369024420740989
5384.819764523645932911282384
5385.689781133582734908808008
5386.311049248220996439320670
5387.705534128895381818200357
5388.449137494742566372565671
5389.608146493819127374343929
5389.909513561418771360618324
5390.992260083001205962798556
5391.505965627098090247525046
5392.981959683038198565225652
5394.083717252515683245784607
5395.116663427587022498649349
5396.115859471749497639700581
5397.003429726802106528526384
5397.261960157860156401040368
5398.277621995208377808306816
5399.712504640470590968508876
5400.418887868290302097895012
5401.194496185364366292665268
5401.947143074564835031479162
5403.389590115237651557390321
5404.287687736618271033576371
5405.354453322769112692248209
5406.184132744065129585855063
5407.075537996711088736111870
5407.735014383861153000148867
5408.588715767542952961094927
5409.577739475961611771894639
5410.101872017244926204184213
5412.119660738806724868659271
5412.756931861645764869174154
5413.448942338434564108734320
5414.391884655145721988909940
5415.225062963723573461308872
5416.511814309129688515555599
5417.190777293038612768895892
5417.730775966484541861669887
5419.145769365587780365705938
5419.647914017258612098616875
5420.595118618174322385529100
5422.107201544394651467860419
5423.364285030068457508797379
5423.582839997252837863373839
5424.990137501592726797030265
5425.205579331656943187065861
5426.077473621457306594562729
5427.327787267212627938844872
5428.200793507517209823302613
5429.307069477648462636769166
5430.093232394629979912851767
5431.518550461935834887462350
5432.081300563690918500731642
5432.867061873673654868702432
5433.939314658022811572276436
5435.224510669428081366188763
5435.614214161095066505331182
5436.658400672125095266533229
5436.820644930087936748916878
5438.486077902408754917697096
5439.874947381833328753332255
5440.645160132014937884514393
5441.565050360556652074378540
5442.197196540771423174145297
5443.283539712419868619387145
5443.795137320656387965598799
5444.966959569919281410006724
5445.925027099689905584586355
5446.765247872766322860978654
5447.861998301299856412158673
